id_pedido,previsao_min,tempo_real_min,tempo_corrigido_min,delivery_distance,tempo_coleta,Agent_Rating,Vehicle,Weather,Traffic,Area,weekend,is_grocery,jam_or_high_traffic,is_sunny_weather,tempo_criacao_sim,tempo_conclusao_sim,decisao,is_otd_corrigido
pedido_11.556445877148729_3,43.377993972740924,48.94428086581284,48.94428086581284,8.437338232431129,5,4.604020150788383,Scooter,Foggy,High,Urban,False,1,1,0,11.556445877148729,65.50072674296158,Nenhuma,1
pedido_11.603973505391535_4,98.71049318311525,95.16369793450782,80.16369793450782,3.0572570692413046,15,4.648869383736052,Moto,Sunny,Jam,Urban,False,0,1,1,11.603973505391535,106.76767143989936,Aumento_Velocidade,1
pedido_13.319041638737847_5,92.9853420944069,92.92235189252976,92.92235189252976,2.6866452399577394,10,4.764517156399814,Scooter,Sunny,Low,Other,False,0,0,1,13.319041638737847,116.2413935312676,Nenhuma,1
pedido_4.498654428570948_1,135.14258489985193,118.26597501942769,103.26597501942769,8.979404969196521,10,5.0,Moto,Windy,High,Urban,True,0,1,0,4.498654428570948,117.76462944799863,Aumento_Velocidade,1
pedido_19.38782965678296_6,100.34458430708159,108.69881836847925,93.69881836847925,5.173244630504376,5,4.5740155214116704,Scooter,Sunny,Jam,Metropolitian,True,0,1,1,19.38782965678296,118.0866480252622,Aumento_Velocidade,1
pedido_53.412655998767725_22,95.83027996309183,75.02566111746842,60.02566111746842,5.099869407711918,5,4.6957201753549125,Moto,Sunny,Medium,Urban,False,0,0,1,53.412655998767725,118.43831711623614,Rota_Reduzida,1
pedido_37.20624242722108_16,97.86460107041489,92.46501658333402,77.46501658333402,6.389037412691819,5,4.800338893955433,Moto,Sunny,High,Metropolitian,True,0,1,1,37.20624242722108,119.6712590105551,Aumento_Velocidade,1
pedido_26.64565339531232_10,108.88533714734125,100.62968366590424,85.62968366590424,13.64887849300595,10,4.904802993511018,Moto,Sunny,Jam,Urban,False,0,1,1,26.64565339531232,122.27533706121656,Aumento_Velocidade,1
pedido_36.544969515750104_14,102.80279240044632,98.86405842950089,83.86405842950089,10.815766752302874,5,4.932130856581081,Scooter,Sunny,High,Urban,False,0,1,1,36.544969515750104,125.40902794525098,Aumento_Velocidade,1
pedido_36.60408709295352_15,132.76211608902713,95.19942837189981,80.19942837189981,3.2946794897606915,15,4.895981554288086,Scooter,Stormy,Medium,Metropolitian,False,0,0,0,36.60408709295352,131.80351546485332,Rota_Reduzida,1
pedido_3.705492595417699_0,136.20554377668626,138.91843735556918,123.91843735556918,15.843832286899984,5,4.646326603838844,Scooter,Sandstorms,Medium,Metropolitian,False,0,0,0,3.705492595417699,132.62392995098688,Rota_Reduzida,0
pedido_51.078131718726816_19,98.51662097520992,90.43385356114152,75.43385356114152,10.906108696517514,10,4.827120063318276,Moto,Sunny,Medium,Metropolitian,False,0,0,1,51.078131718726816,136.51198527986833,Rota_Reduzida,1
pedido_35.95484210751482_12,134.26524228980983,112.40134428010174,97.40134428010174,3.972223395333891,10,4.81735581199794,Scooter,Windy,Medium,Urban,False,0,0,0,35.95484210751482,143.35618638761656,Rota_Reduzida,1
pedido_23.24242466658261_9,141.2654461639401,135.68156250814314,115.68156250814314,12.499293371334687,5,5.0,Scooter,Foggy,Jam,Other,False,0,1,0,23.24242466658261,143.92398717472577,Rota_Reduzida,1
pedido_26.89356530886611_11,135.37384674032077,129.69573758356427,114.69573758356427,12.366311345656605,5,5.0,Moto,Stormy,Medium,Metropolitian,False,0,0,0,26.89356530886611,146.58930289243037,Rota_Reduzida,1
pedido_96.70879996421424_42,50.74180426987916,49.849595947259395,49.849595947259395,4.223563575041766,5,4.418008957096647,Van,Sandstorms,Low,Metropolitian,True,1,0,0,96.70879996421424,151.55839591147364,Nenhuma,1
pedido_20.64059861590609_7,134.21504553323146,127.82288077564016,127.82288077564016,15.704097150474594,5,4.861269442802349,Van,Sandstorms,High,Metropolitian,False,0,1,0,20.64059861590609,153.46347939154626,Nenhuma,0
pedido_60.785118957693385_28,112.06153658031144,92.7564091184474,77.7564091184474,13.127556909554084,15,4.634886571619234,Moto,Sunny,Jam,Urban,True,0,1,1,60.785118957693385,153.54152807614076,Aumento_Velocidade,1
pedido_54.43007869968564_24,134.3559956446086,104.51472151566064,89.51472151566064,13.080368209537523,10,4.862306169661966,Moto,Stormy,Medium,Urban,False,0,0,0,54.43007869968564,153.94480021534628,Rota_Reduzida,1
pedido_53.38253827087862_21,125.18077994935193,107.08701317861768,92.08701317861768,9.16651652266157,10,4.465439460245053,Moto,Foggy,Medium,Metropolitian,False,0,0,0,53.38253827087862,155.4695514494963,Rota_Reduzida,1
pedido_124.83223992009897_63,44.341163740615585,27.305063272254465,27.305063272254465,4.965662699103784,5,5.0,Scooter,Foggy,High,Urban,False,1,1,0,124.83223992009897,157.13730319235344,Nenhuma,1
pedido_119.53695590618017_60,44.62368308426121,31.390341740868173,31.390341740868173,14.763706805660977,10,4.7310942711398996,Moto,Stormy,Medium,Metropolitian,False,1,0,0,119.53695590618017,160.92729764704833,Nenhuma,1
pedido_72.21123468856356_30,128.09910493591923,93.97816200307989,78.97816200307989,4.689256688090408,10,4.781249463930921,Scooter,Foggy,Medium,Metropolitian,True,0,0,0,72.21123468856356,161.18939669164345,Rota_Reduzida,1
pedido_43.258727007890435_17,132.3315057005934,119.40666814269713,104.40666814269713,0.0,15,5.0,Moto,Sandstorms,Medium,Metropolitian,True,0,0,0,43.258727007890435,162.66539515058756,Rota_Reduzida,1
pedido_121.0367551547711_61,45.28525117207217,36.41537977552611,36.41537977552611,18.32206166830886,10,4.6170425862772255,Moto,Windy,Jam,Metropolitian,False,1,1,0,121.0367551547711,167.4521349302972,Nenhuma,1
pedido_93.65089665851494_38,97.17220013369784,76.74708497219655,61.74708497219655,2.8934565014910123,15,4.730827848525869,Moto,Sunny,Medium,Metropolitian,True,0,0,1,93.65089665851494,170.39798163071148,Rota_Reduzida,1
pedido_53.134415708865525_20,131.03894122895736,123.59258678619449,108.59258678619449,10.607852250293044,10,4.489670128718306,Scooter,Stormy,High,Urban,False,0,1,0,53.134415708865525,171.72700249506002,Aumento_Velocidade,1
pedido_54.05034343864865_23,137.9244991884706,129.36305422175406,114.36305422175406,10.022803459858252,5,4.49637261121453,Scooter,Windy,Jam,Urban,False,0,1,0,54.05034343864865,173.41339766040272,Aumento_Velocidade,1
pedido_60.53490013605955_27,133.38726552624152,114.15055017455978,99.15055017455978,4.45251617693803,15,4.554375472651711,Moto,Stormy,Medium,Urban,False,0,0,0,60.53490013605955,174.68545031061933,Rota_Reduzida,1
pedido_57.4960699155348_26,133.29135056704897,129.3681854173056,114.3681854173056,10.832405387411937,5,4.905288271305115,Scooter,Sandstorms,High,Urban,False,0,1,0,57.4960699155348,176.8642553328404,Aumento_Velocidade,1
pedido_72.64735529243104_31,135.50455766345638,105.34548485195945,90.34548485195945,15.3874870147095,15,4.486549385115188,Moto,Sandstorms,High,Metropolitian,False,0,1,0,72.64735529243104,177.9928401443905,Aumento_Velocidade,1
pedido_94.30515313413275_39,98.66723304363478,86.76918330473988,71.76918330473988,13.385741458983038,15,4.6234630979719045,Moto,Sunny,Medium,Metropolitian,False,0,0,1,94.30515313413275,181.07433643887265,Rota_Reduzida,1
pedido_83.518324346577_33,109.17331527799841,105.55762023725428,90.55762023725428,19.20787706924935,10,4.696795674924799,Moto,Sunny,Jam,Metropolitian,False,0,1,1,83.518324346577,184.0759445838313,Aumento_Velocidade,1
pedido_151.17667193555567_77,38.24576569182849,19.037858345075804,19.037858345075804,6.83961634707397,15,4.711803019782092,Scooter,Sunny,High,Metropolitian,False,1,1,1,151.17667193555567,185.2145302806315,Nenhuma,1
pedido_46.20865295246851_18,136.99193436176435,138.78223686222077,138.78223686222077,7.381793812941831,5,5.0,Van,Sandstorms,High,Metropolitian,False,0,1,0,46.20865295246851,189.9908898146893,Nenhuma,0
pedido_145.7238247061399_72,43.78593311490984,41.243229383426204,41.243229383426204,6.149159175927903,5,4.472491012058542,Scooter,Sunny,High,Urban,True,1,1,1,145.7238247061399,191.96705408956612,Nenhuma,1
pedido_141.69094212706963_71,46.12439397968759,36.0131320508164,36.0131320508164,12.909558783378312,15,4.929172954911771,Moto,Windy,High,Metropolitian,False,1,1,0,141.69094212706963,192.70407417788604,Nenhuma,1
pedido_85.44715361965748_35,134.01888976649988,114.14461700319386,99.14461700319386,13.757247035467692,10,4.527058382920321,Moto,Windy,High,Metropolitian,True,0,1,0,85.44715361965748,194.59177062285136,Aumento_Velocidade,1
pedido_57.15557253536264_25,134.26598687798406,142.63652356496888,127.63652356496888,13.961153846221308,10,4.721981753877615,Moto,Sandstorms,High,Metropolitian,False,0,1,0,57.15557253536264,194.79209610033152,Aumento_Velocidade,0
pedido_71.04683002198729_29,134.12425690067138,134.3203743442023,119.32037434420229,12.914188884702245,5,4.478663980428765,Scooter,Windy,High,Urban,False,0,1,0,71.04683002198729,195.36720436618958,Aumento_Velocidade,1
pedido_99.75628819457694_43,100.47657578823478,85.69117476161446,85.69117476161446,9.150875382234048,10,4.772875590094895,Moto,Stormy,Low,Metropolitian,False,0,0,0,99.75628819457694,195.4474629561914,Nenhuma,1
pedido_5.257634074745666_2,185.76928794087937,190.9632315627756,175.9632315627756,13.713054361961468,15,4.432363805561547,Moto,Stormy,Medium,Metropolitian,False,0,0,0,5.257634074745666,196.22086563752129,Rota_Reduzida,0
pedido_88.77105634146113_37,134.46615317956642,119.30696271044972,104.30696271044972,17.172092580394548,5,4.82200952427965,Moto,Windy,High,Metropolitian,False,0,1,0,88.77105634146113,198.07801905191087,Aumento_Velocidade,1
pedido_23.15137865117254_8,195.32196546877873,181.2523090458757,166.2523090458757,17.69621414641057,10,4.42715259154601,Scooter,Sandstorms,Jam,Metropolitian,False,0,1,0,23.15137865117254,199.40368769704824,Aumento_Velocidade,0
pedido_86.0093598030755_36,130.92250040002733,125.88888629585574,110.88888629585574,9.07566164057964,5,4.537983734190325,Scooter,Sandstorms,High,Metropolitian,False,0,1,0,86.0093598030755,201.89824609893122,Aumento_Velocidade,1
pedido_138.03077185030432_69,94.55255668310538,76.04024062188364,61.04024062188364,7.655640242086071,5,4.706426845179369,Scooter,Sunny,High,Urban,False,0,1,1,138.03077185030432,204.07101247218796,Aumento_Velocidade,1
pedido_36.08948792413061_13,177.39088005550346,178.73411997106092,163.73411997106092,8.086014853467912,5,4.421706656034584,Moto,Foggy,High,Metropolitian,True,0,1,0,36.08948792413061,204.82360789519151,Aumento_Velocidade,0
pedido_78.05602727213963_32,126.77917466406375,137.01888133061078,122.01888133061078,4.31383026691934,5,4.6907512820594,Moto,Foggy,Jam,Metropolitian,False,0,1,0,78.05602727213963,205.0749086027504,Aumento_Velocidade,0
pedido_100.82885578282006_45,133.74570483063474,115.48321421719541,100.48321421719541,6.144220629058681,5,4.586182273193664,Scooter,Stormy,Medium,Metropolitian,False,0,0,0,100.82885578282006,206.31207000001547,Rota_Reduzida,1
pedido_83.82652884584748_34,132.54464392905672,135.09217848508865,120.09217848508865,6.941333468091397,5,4.702016877252598,Moto,Windy,High,Metropolitian,False,0,1,0,83.82652884584748,208.91870733093612,Aumento_Velocidade,0
pedido_102.0108737138729_47,131.51674031147215,115.70137466702222,100.70137466702222,1.1208514657840603,10,4.580719766753337,Moto,Windy,High,Metropolitian,False,0,1,0,102.0108737138729,212.71224838089512,Aumento_Velocidade,1
pedido_113.87237764686816_55,125.19509468439556,102.28540995010941,87.28540995010941,3.541199638572201,15,4.627478315660703,Scooter,Foggy,Medium,Metropolitian,False,0,0,0,113.87237764686816,216.15778759697758,Rota_Reduzida,1
pedido_95.3102682661283_40,152.82727573214902,128.9773204132226,113.9773204132226,12.85549612694276,10,4.567767574526255,Scooter,Foggy,Jam,Metropolitian,False,0,1,0,95.3102682661283,219.2875886793509,Aumento_Velocidade,1
pedido_103.22978549764841_49,144.21975274826923,126.47715745659852,111.47715745659852,14.592526561031942,5,5.0,Scooter,Foggy,High,Metropolitian,True,0,1,0,103.22978549764841,219.70694295424693,Aumento_Velocidade,1
pedido_112.35829047053876_53,132.10100172571788,113.8944493022365,98.8944493022365,5.065411178113939,10,5.0,Moto,Windy,High,Urban,True,0,1,0,112.35829047053876,221.25273977277527,Aumento_Velocidade,1
pedido_138.79909752592295_70,95.10100449740374,83.80853046379876,68.80853046379876,3.0297263241275982,15,4.7814256308742475,Scooter,Sunny,High,Metropolitian,False,0,1,1,138.79909752592295,222.60762798972172,Aumento_Velocidade,1
pedido_103.3882161030197_50,135.35883185176436,126.44314440370894,111.44314440370894,9.756538331278922,10,4.992067943228205,Moto,Windy,High,Metropolitian,False,0,1,0,103.3882161030197,224.83136050672863,Aumento_Velocidade,1
pedido_99.78902887092221_44,135.08706144070405,126.29254423229469,111.29254423229469,17.04938036213951,15,4.748052319819234,Scooter,Windy,Medium,Metropolitian,False,0,0,0,99.78902887092221,226.0815731032169,Rota_Reduzida,1
pedido_137.51082040370986_68,110.77046046684883,97.70145414709042,82.70145414709042,17.379131623593995,10,4.513345850915371,Scooter,Sunny,Jam,Metropolitian,False,0,1,1,137.51082040370986,230.21227455080026,Aumento_Velocidade,1
pedido_112.68144228437932_54,134.52457831880213,130.0225637946873,115.0225637946873,16.518611137401745,5,4.785742870872394,Moto,Sandstorms,High,Metropolitian,False,0,1,0,112.68144228437932,232.70400607906663,Aumento_Velocidade,1
pedido_117.98970011559246_58,112.78135473496633,120.16218914901935,105.16218914901935,12.927424059976733,10,4.486570871393464,Moto,Sunny,Jam,Metropolitian,True,0,1,1,117.98970011559246,233.1518892646118,Aumento_Velocidade,1
pedido_102.38688450148472_48,132.71950295366054,118.49761091636597,118.49761091636597,4.198867955944323,15,4.778383942344948,Van,Foggy,High,Urban,True,0,1,0,102.38688450148472,235.8844954178507,Nenhuma,1
pedido_108.50923603190378_52,132.5995064518903,128.50161518372596,113.50161518372596,13.987566307927645,15,5.0,Scooter,Stormy,High,Metropolitian,False,0,1,0,108.50923603190378,237.01085121562974,Aumento_Velocidade,1
pedido_115.10324247057866_57,135.67864389097448,119.0326715142251,119.0326715142251,16.72657284107227,5,4.703638040737874,Van,Windy,High,Metropolitian,True,0,1,0,115.10324247057866,239.13591398480378,Nenhuma,1
pedido_114.97219951164799_56,125.24440535307305,111.60609829465324,111.60609829465324,2.258074931488801,15,4.704265644669666,Van,Foggy,Medium,Metropolitian,False,0,0,0,114.97219951164799,241.57829780630124,Nenhuma,1
pedido_118.07473712448484_59,140.94982110347863,126.22910315513235,111.22910315513235,12.889440508015037,15,4.872893884462778,Moto,Sandstorms,Jam,Urban,False,0,1,0,118.07473712448484,244.3038402796172,Aumento_Velocidade,1
pedido_131.8978538142595_66,105.1317974815211,100.02299385408902,100.02299385408902,17.651260482708423,15,4.852426935744827,Scooter,Windy,Low,Metropolitian,True,0,0,0,131.8978538142595,246.92084766834853,Nenhuma,1
pedido_150.28902691246984_76,125.57057811265726,102.55627054440235,87.55627054440235,8.570027061516903,10,4.670347779275159,Moto,Foggy,Medium,Urban,False,0,0,0,150.28902691246984,247.84529745687217,Rota_Reduzida,1
pedido_193.91319665043758_104,99.72803538259335,56.79346548345947,41.79346548345947,12.872048356787591,15,4.530168762608864,Moto,Sunny,Medium,Metropolitian,False,0,0,1,193.91319665043758,250.70666213389705,Rota_Reduzida,1
pedido_152.66088657798434_79,127.31479556131167,106.05399638611809,91.05399638611809,8.281958717588601,10,4.463952708590763,Scooter,Stormy,High,Metropolitian,False,0,1,0,152.66088657798434,253.71488296410243,Aumento_Velocidade,1
pedido_145.76550055746648_73,102.33405398204229,94.27473534215511,94.27473534215511,6.970106711111933,15,4.665412039195488,Moto,Sandstorms,Low,Urban,True,0,0,0,145.76550055746648,255.0402358996216,Nenhuma,1
pedido_122.9165058042908_62,132.141537028009,124.74732311240692,124.74732311240692,7.285546880795604,10,4.8843830407566164,Van,Foggy,High,Metropolitian,False,0,1,0,122.9165058042908,257.66382891669775,Nenhuma,0
pedido_162.91933318488861_82,123.95709700399927,94.91757411406999,79.91757411406999,3.659384546823947,15,5.0,Moto,Stormy,Jam,Metropolitian,False,0,1,0,162.91933318488861,257.83690729895864,Aumento_Velocidade,1
pedido_136.07891331468227_67,130.17357870895515,122.78639740449549,107.78639740449549,10.777140859523247,15,4.850816706946995,Moto,Stormy,High,Metropolitian,False,0,1,0,136.07891331468227,258.8653107191777,Aumento_Velocidade,1
pedido_170.97363310287759_88,99.93006716445991,98.4686467545219,83.4686467545219,6.8975618592359496,5,4.68831872842695,Scooter,Sunny,Jam,Metropolitian,True,0,1,1,170.97363310287759,259.4422798573995,Aumento_Velocidade,1
pedido_131.73166609893906_65,132.0813584930208,138.35173735531106,123.35173735531106,4.797765719595607,5,4.720629966939054,Scooter,Sandstorms,High,Urban,False,0,1,0,131.73166609893906,260.0834034542501,Aumento_Velocidade,0
pedido_157.14456354799646_80,101.55557633256099,93.26506644715803,93.26506644715803,3.8018699857293927,10,4.645112529815989,Moto,Sandstorms,Low,Metropolitian,False,0,0,0,157.14456354799646,260.4096299951545,Nenhuma,1
pedido_192.50593119640163_103,95.47205562484639,81.66333942580081,66.66333942580081,5.690082782571491,5,4.570169788983637,Scooter,Sunny,Medium,Metropolitian,False,0,0,1,192.50593119640163,264.1692706222025,Rota_Reduzida,1
pedido_126.1816917883279_64,134.11802551561527,140.5789819220938,125.57898192209379,13.262452846182674,15,4.918835764779979,Scooter,Sandstorms,High,Metropolitian,False,0,1,0,126.1816917883279,266.76067371042166,Aumento_Velocidade,0
pedido_168.17792725614055_86,110.31555770770453,93.8796023730606,93.8796023730606,12.3759164559068,5,4.6722665298277315,Scooter,Foggy,Low,Metropolitian,False,0,0,0,168.17792725614055,267.05752962920116,Nenhuma,1
pedido_145.87473065636803_74,135.50831766587652,122.6779115490381,107.6779115490381,17.74333786135504,15,4.655183080512746,Scooter,Windy,Jam,Metropolitian,False,0,1,0,145.87473065636803,268.55264220540613,Aumento_Velocidade,1
pedido_164.6271045496917_84,123.3960283444196,104.33731580896766,89.33731580896766,3.468292795230946,15,4.648820040604575,Scooter,Stormy,Jam,Metropolitian,False,0,1,0,164.6271045496917,268.96442035865937,Aumento_Velocidade,1
pedido_163.82404189290324_83,131.2927536781168,110.8733795304093,95.8733795304093,10.320964046240658,10,4.573708410721768,Scooter,Stormy,High,Metropolitian,False,0,1,0,163.82404189290324,269.69742142331256,Aumento_Velocidade,1
pedido_151.65637864093924_78,134.0123998618874,130.73699961438422,115.73699961438422,13.755305726825743,5,4.643221994398305,Moto,Windy,Medium,Urban,False,0,0,0,151.65637864093924,272.39337825532346,Rota_Reduzida,1
pedido_213.83287399476401_119,45.81915720739557,44.85889738164492,44.85889738164492,14.503038992965376,15,4.8166657979859355,Moto,Windy,High,Urban,False,1,1,0,213.83287399476401,273.69177137640895,Nenhuma,1
pedido_101.56684787759788_46,196.36439810144338,184.30560640181017,169.30560640181017,16.666566889154936,5,4.354212624825176,Scooter,Windy,Jam,Metropolitian,False,0,1,0,101.56684787759788,275.87245427940803,Aumento_Velocidade,0
pedido_172.01573601643796_89,137.30053333689682,114.45567041016596,99.45567041016596,18.939032490527104,5,4.905532458925313,Moto,Windy,High,Metropolitian,True,0,1,0,172.01573601643796,276.47140642660395,Aumento_Velocidade,1
pedido_167.67143115530624_85,132.6161307299686,122.93785900063706,107.93785900063706,11.801622987568535,5,4.593425863826596,Moto,Windy,High,Metropolitian,False,0,1,0,167.67143115530624,280.6092901559433,Aumento_Velocidade,1
pedido_95.48029184917371_41,198.75842450415215,197.8807429442681,182.8807429442681,16.071133596443996,5,4.328872226182323,Moto,Windy,Jam,Metropolitian,True,0,1,0,95.48029184917371,283.36103479344183,Aumento_Velocidade,0
pedido_162.87464687990177_81,130.04916054423072,129.50094945037236,114.50094945037236,0.0,15,4.918323892557083,Moto,Windy,Jam,Metropolitian,True,0,1,0,162.87464687990177,292.3755963302741,Aumento_Velocidade,1
pedido_197.18846461417937_105,104.65940505887633,86.0023689387753,86.0023689387753,13.84691552316565,10,4.987495389857314,Scooter,Stormy,Low,Metropolitian,True,0,0,0,197.18846461417937,293.1908335529547,Nenhuma,1
pedido_183.37349817568642_93,95.05896335640593,96.40906660048593,96.40906660048593,1.988722184162759,15,4.76565661118005,Van,Sunny,High,Metropolitian,False,0,1,1,183.37349817568642,294.78256477617236,Nenhuma,1
pedido_207.26946386653518_112,109.04725505516431,102.04380060840688,87.04380060840688,14.339201428704618,5,4.851251534224035,Moto,Sunny,Jam,Metropolitian,False,0,1,1,207.26946386653518,299.31326447494206,Aumento_Velocidade,1
pedido_172.23338895571953_90,151.58747396505365,132.13051498817413,117.13051498817413,15.674511740188883,10,5.0,Moto,Foggy,Jam,Metropolitian,False,0,1,0,172.23338895571953,299.36390394389366,Aumento_Velocidade,1
pedido_261.52978100122226_144,38.37752463130171,28.0299343286298,28.0299343286298,6.30110710499096,10,4.7564248903781285,Moto,Sunny,High,Metropolitian,False,1,1,1,261.52978100122226,299.55971532985205,Nenhuma,1
pedido_184.39485514380794_94,134.8892163978526,121.01047311755673,106.01047311755673,15.36040219269724,10,4.6786120732224745,Moto,Windy,Jam,Urban,False,0,1,0,184.39485514380794,300.4053282613647,Aumento_Velocidade,1
pedido_187.26408235940724_99,132.5890508583103,114.12523798210128,99.12523798210128,16.25869636896241,15,4.63200483287422,Moto,Windy,High,Urban,False,0,1,0,187.26408235940724,301.38932034150855,Aumento_Velocidade,1
pedido_107.94118361917879_51,177.42120854371532,198.7186531871969,183.7186531871969,9.031290413822983,10,4.418306034452183,Scooter,Sandstorms,High,Metropolitian,False,0,1,0,107.94118361917879,301.65983680637567,Aumento_Velocidade,0
pedido_211.18878926968213_115,95.83018223132427,105.64182203301527,85.64182203301527,2.3580661736244153,5,4.6360723971124544,Moto,Sunny,High,Semi-Urban,False,0,1,1,211.18878926968213,301.83061130269743,Rota_Reduzida,1
pedido_186.81622048888428_97,140.9383507766569,115.1659933279401,100.1659933279401,11.422348837375885,15,4.711017573696632,Moto,Foggy,High,Urban,False,0,1,0,186.81622048888428,301.98221381682436,Aumento_Velocidade,1
pedido_205.22334717523347_111,103.18600348947389,81.80234553732926,81.80234553732926,13.42239657457789,15,4.69363498480969,Moto,Stormy,Low,Urban,False,0,0,0,205.22334717523347,302.0256927125627,Nenhuma,1
pedido_213.14480543656867_117,99.78375638801197,89.11460797026947,74.11460797026947,0.0,15,4.601919927189517,Moto,Sunny,High,Urban,True,0,1,1,213.14480543656867,302.2594134068381,Aumento_Velocidade,1
pedido_169.65007357832536_87,125.19509468439556,133.3158851538537,118.31588515385371,3.62521893099921,15,4.568992201979222,Moto,Foggy,Medium,Metropolitian,False,0,0,0,169.65007357832536,302.96595873217905,Rota_Reduzida,1
pedido_198.0946520580047_106,125.86359506060624,105.34761157058448,90.34761157058448,9.268563317179249,15,4.736620416439747,Scooter,Stormy,Jam,Metropolitian,False,0,1,0,198.0946520580047,303.44226362858916,Aumento_Velocidade,1
pedido_146.44805619123497_75,181.3324011034843,171.65950346486764,156.65950346486764,9.52217457568544,5,4.4022814808298625,Moto,Sandstorms,Jam,Metropolitian,False,0,1,0,146.44805619123497,308.1075596561026,Aumento_Velocidade,0
pedido_210.8246083893749_114,132.52701057569521,108.47260735820942,93.47260735820942,9.195485600027636,5,4.52223676459064,Scooter,Foggy,High,Metropolitian,False,0,1,0,210.8246083893749,309.29721574758435,Aumento_Velocidade,1
pedido_173.5131528681886_91,133.36317686585346,142.70445486579715,127.70445486579715,12.03650260956542,10,4.812333579391144,Moto,Windy,High,Metropolitian,False,0,1,0,173.5131528681886,311.21760773398574,Aumento_Velocidade,0
pedido_198.3566197610852_107,127.54699421235553,120.03041975696294,105.03041975696294,3.8101777953914384,10,4.884945130370774,Scooter,Sandstorms,Jam,Urban,True,0,1,0,198.3566197610852,313.38703951804814,Aumento_Velocidade,1
pedido_220.2321107199629_125,125.19509468439556,103.58898457753901,88.58898457753901,3.893589268566708,5,4.5528694902296705,Scooter,Foggy,Medium,Urban,False,0,0,0,220.2321107199629,313.82109529750187,Rota_Reduzida,1
pedido_219.60413238945142_124,99.2314168338644,92.10272873845182,92.10272873845182,5.364840431556645,5,4.602305176385315,Scooter,Foggy,Low,Urban,False,0,0,0,219.60413238945142,316.70686112790327,Nenhuma,1
pedido_186.39073175425972_96,132.97931325961284,121.5492367343054,121.5492367343054,3.938029456324105,10,4.707397969200952,Van,Foggy,High,Metropolitian,True,0,1,0,186.39073175425972,317.9399684885651,Nenhuma,0
pedido_200.87392901135377_108,126.45566465863135,119.35753300427714,104.35753300427714,8.012855490867718,15,4.516223764641725,Moto,Sandstorms,Jam,Urban,False,0,1,0,200.87392901135377,320.2314620156309,Aumento_Velocidade,1
pedido_213.77830112541824_118,131.1093180972341,117.01735047701673,102.01735047701673,10.938983867174574,5,4.662206141999295,Scooter,Stormy,High,Metropolitian,False,0,1,0,213.77830112541824,320.795651602435,Aumento_Velocidade,1
pedido_214.12005932955884_120,131.14089862785616,114.6970478432229,99.6970478432229,1.6787424033486644,10,4.913271219111156,Moto,Stormy,Medium,Urban,True,0,0,0,214.12005932955884,323.81710717278173,Rota_Reduzida,1
pedido_225.94684199127545_128,133.33321208282584,113.49022495931929,98.49022495931929,12.23362927260734,5,4.6725356744784285,Moto,Windy,High,Metropolitian,False,0,1,0,225.94684199127545,329.4370669505947,Aumento_Velocidade,1
pedido_245.12839776345484_140,95.5788166304276,91.52247438357576,76.52247438357576,7.4325436276930485,10,4.600184188058673,Moto,Sunny,High,Metropolitian,False,0,1,1,245.12839776345484,331.6508721470306,Aumento_Velocidade,1
pedido_228.187745925819_130,134.87247049513095,106.82553999923789,91.82553999923789,16.7230825862899,15,4.562972041915285,Moto,Sandstorms,High,Metropolitian,False,0,1,0,228.187745925819,335.0132859250569,Aumento_Velocidade,1
pedido_223.93569651664214_127,134.01173920623864,124.76341160745056,109.76341160745056,3.4156076348138877,5,4.88442960541992,Moto,Foggy,High,Metropolitian,False,0,1,0,223.93569651664214,338.69910812409273,Aumento_Velocidade,1
pedido_187.1902385443554_98,140.8931117467025,143.43057526496798,143.43057526496798,12.7508752662773,10,4.886615175529381,Van,Foggy,High,Metropolitian,False,0,1,0,187.1902385443554,340.6208138093234,Nenhuma,0
pedido_209.6345720731837_113,129.14592996038715,136.62096755537948,121.62096755537948,4.357760199701742,10,4.8408815213407115,Scooter,Windy,High,Metropolitian,True,0,1,0,209.6345720731837,341.25553962856316,Aumento_Velocidade,0
pedido_212.247419646319_116,133.48985486131363,125.88700983724164,125.88700983724164,9.61950412337574,5,4.669542731417589,Van,Foggy,High,Metropolitian,False,0,1,0,212.247419646319,343.13442948356067,Nenhuma,0
pedido_188.1412416147155_100,184.0555549291193,157.44049433792486,142.44049433792486,17.538328060576813,15,4.254202799237446,Moto,Stormy,Medium,Metropolitian,False,0,0,0,188.1412416147155,345.5817359526404,Rota_Reduzida,0
pedido_201.05107118026427_109,139.24541797531938,150.56556417493502,135.56556417493502,10.704697923183447,10,4.861872438862265,Moto,Foggy,High,Metropolitian,False,0,1,0,201.05107118026427,346.61663535519926,Aumento_Velocidade,0
pedido_189.08173641214353_101,189.17333303350722,170.21460677476813,155.21460677476813,15.631353237198322,5,4.442828505667004,Scooter,Foggy,High,Urban,True,0,1,0,189.08173641214353,349.29634318691166,Aumento_Velocidade,0
pedido_217.34182814581746_122,135.45109116444604,137.7116568589968,122.7116568589968,19.542666411238237,10,4.657326438816763,Moto,Sandstorms,High,Metropolitian,True,0,1,0,217.34182814581746,350.05348500481426,Aumento_Velocidade,0
pedido_234.09532138126522_136,129.392961359268,121.86640625378246,106.86640625378246,16.49156549924855,10,4.8887626633362675,Moto,Stormy,High,Urban,False,0,1,0,234.09532138126522,350.9617276350477,Aumento_Velocidade,1
pedido_228.86445923731787_131,130.21793642812074,127.46500019884226,112.46500019884226,6.1115938690699165,10,4.567606276960395,Scooter,Foggy,Jam,Metropolitian,False,0,1,0,228.86445923731787,351.32945943616016,Aumento_Velocidade,1
pedido_259.0294233827995_143,101.19752026668668,86.8576642471157,86.8576642471157,4.71957642629495,10,4.836375369228953,Scooter,Sandstorms,Low,Urban,False,0,0,0,259.0294233827995,355.8870876299152,Nenhuma,1
pedido_328.1537480180085_177,40.989936760138114,17.349330874312955,17.349330874312955,6.025137429423227,15,4.714267266954913,Scooter,Sunny,High,Urban,True,1,1,1,328.1537480180085,360.50307889232147,Nenhuma,1
pedido_235.95069479778843_137,136.21639224262353,135.83262051855323,120.83262051855323,17.092245915633082,5,4.790323661794468,Moto,Windy,High,Metropolitian,True,0,1,0,235.95069479778843,361.78331531634166,Aumento_Velocidade,0
pedido_232.24293432249613_135,134.94826940247617,139.74535259520212,124.74535259520212,16.07367976452017,5,4.763912129483273,Moto,Sandstorms,High,Metropolitian,True,0,1,0,232.24293432249613,361.98828691769825,Aumento_Velocidade,0
pedido_238.82020312752164_138,137.1732497899251,133.18125688925275,118.18125688925275,15.965361807051972,5,4.984038524796391,Moto,Windy,High,Metropolitian,False,0,1,0,238.82020312752164,362.0014600167744,Aumento_Velocidade,1
pedido_204.8697225279183_110,179.7628651725771,157.18952762486296,142.18952762486296,17.758689778093263,15,4.348125532033086,Scooter,Sunny,High,Metropolitian,False,0,1,1,204.8697225279183,362.05925015278126,Aumento_Velocidade,0
pedido_229.17269002319995_132,140.11079745283524,139.83660243037409,124.83660243037409,12.443575992005899,10,4.7571329227494985,Moto,Sandstorms,Jam,Metropolitian,False,0,1,0,229.17269002319995,364.00929245357406,Aumento_Velocidade,0
pedido_191.42226680060728_102,162.43295880519182,158.72450451007097,158.72450451007097,15.02867553770093,15,4.349922638720358,Moto,Sandstorms,Low,Urban,False,0,0,0,191.42226680060728,365.1467713106782,Nenhuma,0
pedido_185.34498222705332_95,187.0173931228607,180.72550200258428,165.72550200258428,18.393104505984912,15,4.395288036533067,Moto,Foggy,Medium,Urban,True,0,0,0,185.34498222705332,366.0704842296376,Rota_Reduzida,0
pedido_177.38992259559976_92,189.57142984561247,194.1906844700822,179.1906844700822,15.988425849924559,10,4.432239618012836,Moto,Foggy,High,Metropolitian,False,0,1,0,177.38992259559976,366.580607065682,Aumento_Velocidade,0
pedido_227.21986250631446_129,141.69596539379722,137.86386892297628,137.86386892297628,11.649153059199598,5,4.872166094679318,Van,Foggy,Medium,Metropolitian,False,0,0,0,227.21986250631446,370.08373142929076,Nenhuma,0
pedido_222.64398513222588_126,142.399854513784,132.58935741481898,132.58935741481898,14.160909085834737,15,4.619870952167014,Van,Foggy,Medium,Metropolitian,False,0,0,0,222.64398513222588,370.23334254704486,Nenhuma,0
pedido_276.1123336856987_150,130.51003215022882,101.53451567817247,86.53451567817247,2.470958419867786,15,4.811121466716905,Moto,Windy,High,Metropolitian,False,0,1,0,276.1123336856987,377.6468493638711,Aumento_Velocidade,1
pedido_215.38249025006402_121,177.84665458065308,173.25954076404298,158.25954076404298,8.34734689015689,10,4.213789072710747,Scooter,Foggy,High,Metropolitian,False,0,1,0,215.38249025006402,383.64203101410703,Aumento_Velocidade,0
pedido_230.21332260565515_133,176.9007015317478,169.54107373301375,154.54107373301375,6.3288568806792,5,4.378273441300826,Scooter,Sandstorms,High,Metropolitian,False,0,1,0,230.21332260565515,389.7543963386689,Aumento_Velocidade,0
pedido_282.7984329756743_155,124.73756481759862,107.76765427612796,92.76765427612796,2.8690666129502294,15,4.560608658060775,Scooter,Sandstorms,Jam,Urban,False,0,1,0,282.7984329756743,390.5660872518023,Aumento_Velocidade,1
pedido_289.25181179487356_157,130.47859419947972,106.88326485327622,91.88326485327622,16.863066585180242,10,4.464553357898202,Scooter,Stormy,High,Urban,False,0,1,0,289.25181179487356,391.1350766481498,Aumento_Velocidade,1
pedido_298.36481602602333_164,127.09381212290116,97.99979604483323,82.99979604483323,1.0644554353267326,10,4.838497554714898,Scooter,Stormy,High,Urban,False,0,1,0,298.36481602602333,391.36461207085654,Aumento_Velocidade,1
pedido_219.33517124452928_123,168.6042717728637,183.33257181331584,168.33257181331584,14.128895760369993,5,4.421461946888344,Scooter,Sunny,Medium,Metropolitian,True,0,0,1,219.33517124452928,392.6677430578451,Rota_Reduzida,0
pedido_270.12011302378323_149,132.5890508583103,129.58755874349978,114.58755874349978,15.058513425981456,10,4.631675301968284,Moto,Windy,High,Metropolitian,False,0,1,0,270.12011302378323,394.70767176728305,Aumento_Velocidade,1
pedido_278.1196724287072_151,125.36718646247849,122.54102501957212,102.54102501957212,14.462053883604419,15,4.598644271387562,Moto,Stormy,High,Other,False,0,1,0,278.1196724287072,395.6606974482793,Rota_Reduzida,1
pedido_314.3783221348314_170,105.19975107848433,94.54191690080692,79.54191690080692,14.82139296633028,5,4.6328774596516205,Scooter,Sunny,High,Metropolitian,True,0,1,1,314.3783221348314,398.92023903563836,Aumento_Velocidade,1
pedido_266.74970968154616_147,134.82258544930943,137.55999630752942,122.55999630752942,18.288001878653823,10,4.86454140808852,Scooter,Sandstorms,High,Metropolitian,False,0,1,0,266.74970968154616,399.3097059890756,Aumento_Velocidade,0
pedido_290.254211471463_159,130.51003215022882,114.10031493726207,99.10031493726207,2.5710356989960235,10,4.810132375937475,Moto,Windy,High,Urban,False,0,1,0,290.254211471463,399.35452640872506,Aumento_Velocidade,1
pedido_345.61544949602245_187,44.9235949793586,50.05866164311588,50.05866164311588,17.784319427042703,5,4.810034923341453,Scooter,Foggy,High,Metropolitian,False,1,1,0,345.61544949602245,400.67411113913835,Nenhuma,1
pedido_230.63040642593307_134,189.6845966713503,175.2007252393667,160.2007252393667,17.407112503167095,10,4.42927096148582,Moto,Foggy,Medium,Urban,False,0,0,0,230.63040642593307,400.8311316652998,Rota_Reduzida,0
pedido_288.2578199770527_156,129.70890435008266,118.06258627922867,103.06258627922867,2.1510490543588414,10,4.716497738330603,Moto,Stormy,High,Metropolitian,True,0,1,0,288.2578199770527,401.32040625628133,Aumento_Velocidade,1
pedido_298.16535020454154_163,103.14242781770888,88.61840311209984,88.61840311209984,11.72623706810516,15,4.815526397823203,Moto,Stormy,Low,Urban,False,0,0,0,298.16535020454154,401.78375331664137,Nenhuma,1
pedido_291.2001833806444_160,131.68252913169783,118.3118332163121,103.3118332163121,3.5795870421942992,10,4.596827273612563,Moto,Windy,High,Metropolitian,False,0,1,0,291.2001833806444,404.51201659695647,Aumento_Velocidade,1
pedido_266.71963749685733_146,133.2366472173958,143.4001806543885,128.4001806543885,0.7703621542022274,10,4.502052350551649,Moto,Foggy,High,Metropolitian,False,0,1,0,266.71963749685733,405.1198181512458,Aumento_Velocidade,0
pedido_279.07733208533176_152,127.5877953145291,136.9484162035065,121.9484162035065,4.928002986429801,5,4.8216124990954885,Scooter,Sandstorms,Jam,Metropolitian,False,0,1,0,279.07733208533176,406.02574828883826,Aumento_Velocidade,0
pedido_250.26558314614198_142,171.71564594073385,167.08400875041173,152.08400875041173,0.8784505472413375,5,4.406377566758651,Scooter,Foggy,High,Metropolitian,False,0,1,0,250.26558314614198,407.3495918965537,Aumento_Velocidade,0
pedido_268.52817861808757_148,138.27014917591902,144.28813317917596,129.28813317917596,12.674134725352566,10,4.852870152814876,Scooter,Sandstorms,Medium,Metropolitian,True,0,0,0,268.52817861808757,407.81631179726355,Rota_Reduzida,0
pedido_241.25205470872837_139,175.33814324983612,167.8547701868146,152.8547701868146,4.409410222212046,15,4.239226248446789,Scooter,Stormy,High,Metropolitian,False,0,1,0,241.25205470872837,409.1068248955429,Aumento_Velocidade,0
pedido_306.504218764426_168,102.61664882828104,88.07440356806043,88.07440356806043,19.54842107944935,15,4.981969766052106,Moto,Stormy,Low,Semi-Urban,False,0,0,0,306.504218764426,409.5786223324865,Nenhuma,1
pedido_289.977153089344_158,125.88048571787549,117.10072592893744,117.10072592893744,6.497933109031087,5,4.95647175414922,Van,Sandstorms,High,Other,False,0,1,0,289.977153089344,412.0778790182814,Nenhuma,1
pedido_261.8980961244137_145,174.2211704902618,158.1794079780457,143.1794079780457,0.34108734243773675,10,4.286912177494763,Scooter,Sandstorms,Jam,Metropolitian,False,0,1,0,261.8980961244137,415.07750410245944,Aumento_Velocidade,0
pedido_315.1175105763776_171,103.07053956045996,88.18503563221496,88.18503563221496,16.666461875607933,15,4.593845524145076,Scooter,Windy,Low,Metropolitian,False,0,0,0,315.1175105763776,418.30254620859256,Nenhuma,1
pedido_247.2495020778093_141,179.38230857484996,181.65412647908747,166.65412647908747,5.071380687833795,5,4.445795906412458,Scooter,Foggy,Jam,Metropolitian,False,0,1,0,247.2495020778093,418.90362855689676,Aumento_Velocidade,0
pedido_323.48393965188524_175,135.35273384526806,96.16070702728123,81.16070702728123,14.904858837746751,15,4.758945452839969,Moto,Windy,Medium,Metropolitian,False,0,0,0,323.48393965188524,419.6446466791665,Rota_Reduzida,1
pedido_317.58818675359004_172,133.9008044917858,113.35668722167858,98.35668722167858,13.652734712305454,5,4.633356243812198,Scooter,Stormy,Jam,Urban,False,0,1,0,317.58818675359004,420.9448739752686,Aumento_Velocidade,1
pedido_300.2217735702212_166,132.37916115113907,127.68682434268646,112.68682434268646,2.3896558853112193,10,4.812872321301327,Moto,Stormy,Medium,Metropolitian,False,0,0,0,300.2217735702212,422.9085979129077,Rota_Reduzida,1
pedido_298.9101610595363_165,136.96324113301074,129.09223712126928,114.09223712126928,12.817167664694027,10,4.658871600315568,Moto,Sandstorms,Medium,Metropolitian,False,0,0,0,298.9101610595363,423.0023981808056,Rota_Reduzida,1
pedido_296.1047830209176_162,134.21504553323146,139.34202268328855,124.34202268328855,15.7229625346208,5,4.892268559333998,Moto,Sandstorms,High,Metropolitian,False,0,1,0,296.1047830209176,425.4468057042061,Aumento_Velocidade,0
pedido_308.79276698161055_169,129.40781186349528,113.67955906966894,113.67955906966894,8.290344498305519,5,4.444630985226834,Scooter,Sandstorms,Low,Metropolitian,True,0,0,0,308.79276698161055,427.4723260512795,Nenhuma,1
pedido_335.9909807188722_178,107.11153802133835,102.69413730640419,87.69413730640419,9.819783691616525,5,4.518352844322476,Moto,Sunny,Jam,Metropolitian,True,0,1,1,335.9909807188722,428.6851180252764,Aumento_Velocidade,1
pedido_304.6780714738035_167,130.40343468734383,118.59752462348948,118.59752462348948,1.9758219719853498,10,5.0,Van,Windy,Jam,Metropolitian,False,0,1,0,304.6780714738035,433.27559609729303,Nenhuma,1
pedido_340.7300935333782_182,94.74006854850781,105.95789239313615,90.95789239313615,6.500192341052304,5,4.877951367020487,Moto,Sunny,High,Metropolitian,False,0,1,1,340.7300935333782,436.68798592651433,Aumento_Velocidade,1
pedido_292.6591757175427_161,175.6877875788841,149.57669553378742,134.57669553378742,7.3500805528375945,10,4.406234547240277,Moto,Sandstorms,High,Metropolitian,True,0,1,0,292.6591757175427,437.23587125133014,Aumento_Velocidade,0
pedido_394.87973859300314_206,42.372134000128305,34.93487303028123,34.93487303028123,7.833881770378584,10,4.835529915292893,Moto,Foggy,Medium,Metropolitian,False,1,0,0,394.87973859300314,439.81461162328435,Nenhuma,1
pedido_281.0701498533334_153,164.6090007347943,162.54079606596235,147.54079606596235,17.874371702060703,15,4.366231542745453,Scooter,Sunny,Jam,Metropolitian,True,0,1,1,281.0701498533334,443.6109459192958,Aumento_Velocidade,0
pedido_339.8805794023604_181,103.33266471083887,107.10586913204205,92.10586913204205,12.961529361056296,15,4.818609416076959,Moto,Sunny,Medium,Metropolitian,True,0,0,1,339.8805794023604,446.9864485344025,Rota_Reduzida,1
pedido_341.67044500676144_183,102.17306359389829,95.45862667535334,95.45862667535334,14.659396494848151,10,4.4936976282613905,Moto,Sandstorms,Low,Urban,False,0,0,0,341.67044500676144,447.1290716821148,Nenhuma,1
pedido_337.8274358186784_180,128.2349062173273,109.85775778191673,94.85775778191673,4.414517837542473,15,4.726087242064291,Moto,Foggy,Jam,Urban,False,0,1,0,337.8274358186784,447.68519360059514,Aumento_Velocidade,1
pedido_281.3198308150782_154,175.92703311888044,169.14142366736635,154.14142366736635,3.7234339044969373,15,4.431683478865481,Moto,Sandstorms,High,Metropolitian,True,0,1,0,281.3198308150782,450.4612544824446,Aumento_Velocidade,0
pedido_326.79194414532014_176,136.11804812989126,129.88495918285943,114.88495918285943,6.37324481042106,10,5.0,Scooter,Foggy,High,Urban,False,0,1,0,326.79194414532014,451.6769033281796,Aumento_Velocidade,1
pedido_344.7342600284127_185,134.20702046845372,117.00432512435357,102.00432512435357,14.267325182564289,5,4.667423058239269,Scooter,Sandstorms,High,Urban,False,0,1,0,344.7342600284127,451.73858515276623,Aumento_Velocidade,1
pedido_319.09936047177575_174,142.65375505359953,144.91284427130222,129.91284427130222,11.15783270321182,5,4.535777505921071,Moto,Foggy,Medium,Metropolitian,True,0,0,0,319.09936047177575,454.012204743078,Rota_Reduzida,0
pedido_369.4331978765244_199,99.74687679549143,80.43315168043438,80.43315168043438,5.193338507558832,5,4.869563401727755,Moto,Stormy,Low,Metropolitian,False,0,0,0,369.4331978765244,454.86634955695877,Nenhuma,1
pedido_376.9177582209342_201,100.71402578877519,80.08830847974416,65.08830847974416,10.35123681266219,15,4.888254924556411,Moto,Sunny,Medium,Metropolitian,False,0,0,1,376.9177582209342,457.0060667006784,Rota_Reduzida,1
pedido_347.4995351863462_188,133.28348391376278,111.43287808411553,96.43287808411553,6.300719995814617,15,4.63487728086335,Moto,Foggy,High,Urban,False,0,1,0,347.4995351863462,458.9324132704617,Aumento_Velocidade,1
pedido_318.8618468125835_173,134.78535177384168,130.99543570801904,130.99543570801904,13.549443988595264,10,4.594303758072573,Van,Sandstorms,High,Metropolitian,True,0,1,0,318.8618468125835,459.85728252060255,Nenhuma,0
pedido_341.75685227014714_184,132.37640653175018,129.5972453106826,114.59724531068261,4.8712860878025825,5,4.78968121777268,Scooter,Sandstorms,High,Metropolitian,False,0,1,0,341.75685227014714,461.3540975808297,Aumento_Velocidade,1
pedido_353.9072153383889_193,125.09460064402484,120.30026325332716,105.30026325332716,3.280475983718176,5,4.615557492364473,Scooter,Sandstorms,Jam,Metropolitian,True,0,1,0,353.9072153383889,464.20747859171604,Aumento_Velocidade,1
pedido_348.6986171420477_189,133.17641874363258,122.25498608963088,107.25498608963088,15.175184022251841,10,4.6869378390897065,Moto,Stormy,Jam,Metropolitian,False,0,1,0,348.6986171420477,465.9536032316786,Aumento_Velocidade,1
pedido_352.1022168419171_192,130.6821872045494,124.77675947639227,109.77675947639227,7.218339555784472,5,4.751746192511704,Scooter,Foggy,Jam,Metropolitian,True,0,1,0,352.1022168419171,466.87897631830936,Aumento_Velocidade,1
pedido_350.2170499802976_190,133.11060440478673,116.75137520570505,101.75137520570505,7.551859152217682,15,4.637317611812623,Scooter,Stormy,Medium,Metropolitian,False,0,0,0,350.2170499802976,466.9684251860026,Rota_Reduzida,1
pedido_359.8328739596308_196,141.67887272572975,107.68574355564328,92.68574355564328,15.531092395256437,15,4.974886240471544,Moto,Foggy,High,Urban,False,0,1,0,359.8328739596308,467.51861751527406,Aumento_Velocidade,1
pedido_360.7858607018022_197,129.42420006834567,117.06304931504226,102.06304931504226,4.518663944683655,5,4.6549220093687325,Scooter,Sandstorms,Jam,Metropolitian,True,0,1,0,360.7858607018022,467.84891001684446,Aumento_Velocidade,1
pedido_344.7807930142003_186,134.21504553323146,137.0425611699256,122.04256116992559,14.937913256005956,5,4.91903322522374,Moto,Sandstorms,High,Metropolitian,False,0,1,0,344.7807930142003,471.8233541841259,Aumento_Velocidade,0
pedido_336.53445806264165_179,142.78917243311918,135.8705561906842,120.8705561906842,12.904237624999526,15,4.794669523773461,Moto,Foggy,Medium,Metropolitian,False,0,0,0,336.53445806264165,472.4050142533258,Rota_Reduzida,0
pedido_355.95514338258243_194,143.47532688709646,121.7348578008446,106.7348578008446,17.000894473446706,15,4.566932634617258,Scooter,Foggy,Medium,Metropolitian,False,0,0,0,355.95514338258243,477.69000118342706,Rota_Reduzida,1
pedido_351.367128094218_191,129.34163027927568,136.98332643246113,121.98332643246113,4.907130960298293,5,4.8782013820643835,Scooter,Foggy,Jam,Metropolitian,False,0,1,0,351.367128094218,478.35045452667913,Aumento_Velocidade,0
pedido_388.60560661052915_203,109.54164704749574,94.5000620186953,79.5000620186953,18.27788530660377,15,4.930612844634682,Scooter,Sunny,Jam,Urban,False,0,1,1,388.60560661052915,483.10566862922445,Aumento_Velocidade,1
pedido_392.73845906099103_205,98.97229356687076,89.50892725674021,89.50892725674021,0.0,5,4.784231454334767,Van,Sunny,High,Metropolitian,True,0,1,1,392.73845906099103,487.24738631773124,Nenhuma,1
pedido_358.8283494356376_195,136.08082418054443,129.10491068251892,114.10491068251892,13.791534868761936,15,4.647591274094287,Scooter,Sandstorms,Medium,Metropolitian,False,0,0,0,358.8283494356376,487.93326011815657,Rota_Reduzida,1
pedido_429.74486308049137_235,48.09674102885317,49.61559893871183,49.61559893871183,20.54580718077947,10,4.776873316037637,Moto,Foggy,Jam,Urban,True,1,1,0,429.74486308049137,489.36046201920317,Nenhuma,1
pedido_367.2430102477209_198,134.46615317956642,122.29435409986985,107.29435409986985,17.48406238338219,15,4.831380557997968,Moto,Windy,High,Metropolitian,False,0,1,0,367.2430102477209,489.53736434759077,Aumento_Velocidade,1
pedido_403.72733456276876_211,102.44005276311485,71.4321097447267,71.4321097447267,7.681188315839082,15,4.670269168245123,Moto,Windy,Low,Urban,True,0,0,0,403.72733456276876,490.15944430749545,Nenhuma,1
pedido_407.9997260848476_214,95.18733229388945,88.35596795490419,73.35596795490419,2.524879112023049,10,4.675601577418137,Scooter,Sunny,High,Metropolitian,False,0,1,1,407.9997260848476,491.3556940397518,Aumento_Velocidade,1
pedido_399.11442843739434_207,97.49009431361574,78.6299076582738,78.6299076582738,4.177393722594823,15,4.665076351881155,Van,Sunny,High,Metropolitian,False,0,1,1,399.11442843739434,492.74433609566813,Nenhuma,1
pedido_370.6221364780148_200,126.60830206115946,129.5621403695013,114.5621403695013,8.042630943865579,10,4.781933485714277,Scooter,Sandstorms,Jam,Urban,False,0,1,0,370.6221364780148,495.1842768475161,Aumento_Velocidade,1
pedido_417.2480898368463_225,109.71111398812529,91.47255400906461,76.47255400906461,16.68850739198845,5,4.819494796477456,Moto,Sunny,Jam,Urban,True,0,1,1,417.2480898368463,498.7206438459109,Aumento_Velocidade,1
pedido_412.8310248917754_219,98.66226455212755,102.2494436703126,87.2494436703126,0.0,5,4.807423636779978,Moto,Sunny,Jam,Metropolitian,False,0,1,1,412.8310248917754,505.080468562088,Aumento_Velocidade,1
pedido_381.72879788979054_202,132.65986019653798,123.69052345787259,108.69052345787259,4.37732037267717,15,4.805789320718984,Scooter,Sandstorms,High,Metropolitian,False,0,1,0,381.72879788979054,505.41932134766313,Aumento_Velocidade,1
pedido_390.10063045165543_204,142.04179431772943,126.84499161865858,111.84499161865858,12.902352346115391,10,4.781045468469434,Scooter,Sandstorms,Jam,Metropolitian,True,0,1,0,390.10063045165543,511.945622070314,Aumento_Velocidade,1
pedido_416.10929718392623_222,103.29033886886191,86.25417546330112,86.25417546330112,12.354465700431719,10,4.512035550552833,Scooter,Stormy,Low,Metropolitian,False,0,0,0,416.10929718392623,512.3634726472274,Nenhuma,1
pedido_455.22398914264005_248,43.7671123424685,54.17719717339813,54.17719717339813,7.005037452760949,5,4.731888094623553,Scooter,Foggy,High,Metropolitian,False,1,1,0,455.22398914264005,514.4011863160382,Nenhuma,1
pedido_406.91920206997366_213,133.87154537935587,121.47768400499768,106.47768400499768,10.817126064136211,5,4.494885709049557,Scooter,Sandstorms,High,Urban,False,0,1,0,406.91920206997366,518.3968860749713,Aumento_Velocidade,1
pedido_452.4710618221402_246,102.08981388395627,66.11059451890462,51.11059451890462,11.116813771328932,15,4.7636127443713585,Moto,Sunny,High,Urban,False,0,1,1,452.4710618221402,518.5816563410448,Aumento_Velocidade,1
pedido_420.04795799073185_229,101.84655145412432,103.38662019387397,88.38662019387397,16.7681949828791,15,4.890160441529734,Moto,Sunny,High,Metropolitian,False,0,1,1,420.04795799073185,523.4345781846058,Aumento_Velocidade,1
pedido_411.81090846523466_216,134.05618403169638,117.22395598230794,102.22395598230794,5.012522713728096,10,4.785668505790406,Moto,Foggy,High,Metropolitian,False,0,1,0,411.81090846523466,524.0348644475426,Aumento_Velocidade,1
pedido_412.2262782411232_217,99.41764527809912,97.74665388386221,97.74665388386221,4.097247012208606,15,4.891743722706751,Moto,Stormy,Low,Urban,False,0,0,0,412.2262782411232,524.9729321249854,Nenhuma,1
pedido_413.0380014516543_220,111.7112635960068,102.97670340198697,102.97670340198697,14.444358680701228,10,4.747351962709609,Moto,Foggy,Low,Urban,True,0,0,0,413.0380014516543,526.0147048536412,Nenhuma,1
pedido_402.46697886719113_209,131.68252913169783,128.8282113240984,113.82821132409839,4.411277140085263,10,4.634583471080144,Moto,Windy,High,Metropolitian,False,0,1,0,402.46697886719113,526.2951901912895,Aumento_Velocidade,1
pedido_401.99772656349484_208,137.8741703477411,136.94193876063923,121.94193876063923,4.741871762335659,5,4.704946574564719,Moto,Windy,Medium,Metropolitian,True,0,0,0,401.99772656349484,528.939665324134,Rota_Reduzida,0
pedido_412.4043941026966_218,141.3178313642075,122.35454486189539,107.35454486189539,14.442308287626716,10,4.647602891388497,Moto,Foggy,High,Metropolitian,False,0,1,0,412.4043941026966,529.758938964592,Aumento_Velocidade,1
pedido_416.8647762995503_224,102.18006446448985,104.26136668537268,104.26136668537268,15.69897127290479,10,4.620605277131105,Moto,Sandstorms,Low,Metropolitian,False,0,0,0,416.8647762995503,531.1261429849229,Nenhuma,1
pedido_416.4058373578038_223,130.53914308432832,116.48050092276355,101.48050092276355,5.638668570531526,15,4.620645347452614,Moto,Windy,High,Metropolitian,False,0,1,0,416.4058373578038,532.8863382805673,Aumento_Velocidade,1
pedido_411.2622550433223_215,127.2412030103888,121.65492298273071,106.65492298273071,5.343119551236924,15,4.562921240294252,Moto,Stormy,High,Metropolitian,False,0,1,0,411.2622550433223,532.917178026053,Aumento_Velocidade,1
pedido_455.05571920548294_247,95.80700955949685,83.47769909654549,68.47769909654549,6.866324706226455,10,4.826196763619545,Scooter,Sunny,Medium,Metropolitian,False,0,0,1,455.05571920548294,533.5334183020284,Rota_Reduzida,1
pedido_418.3810549628882_228,126.87643170650931,120.8144939747439,105.8144939747439,1.9398429072673617,10,4.85135568657964,Moto,Foggy,Jam,Metropolitian,False,0,1,0,418.3810549628882,534.1955489376321,Aumento_Velocidade,1
pedido_426.36134067511153_232,134.56029554320827,117.88792203828788,102.88792203828788,4.519828199050655,5,4.818461410532745,Scooter,Foggy,High,Metropolitian,False,0,1,0,426.36134067511153,534.2492627133994,Aumento_Velocidade,1
pedido_403.11983395648747_210,141.32008033116873,136.52595808704984,121.52595808704984,14.686427633908087,10,4.723855438434223,Moto,Foggy,High,Metropolitian,False,0,1,0,403.11983395648747,534.6457920435373,Aumento_Velocidade,0
pedido_405.9702895553438_212,136.6065068787768,139.12642242345356,124.12642242345356,5.855339771989636,5,4.924844362047746,Moto,Windy,Medium,Metropolitian,False,0,0,0,405.9702895553438,535.0967119787974,Rota_Reduzida,0
pedido_417.78470377046335_226,137.5796349767595,130.31107530120542,115.31107530120542,22.42198635748934,5,4.785139632621908,Moto,Sandstorms,High,Metropolitian,False,0,1,0,417.78470377046335,538.0957790716687,Aumento_Velocidade,1
pedido_445.3771894523544_245,135.55962703029758,99.98447462328986,84.98447462328986,4.718633180628251,10,4.623215613119204,Moto,Sandstorms,Medium,Urban,False,0,0,0,445.3771894523544,540.3616640756443,Rota_Reduzida,1
pedido_427.95289290514825_234,135.085245596936,115.5633283671277,100.5633283671277,18.218757407656696,15,4.811124274062196,Moto,Sandstorms,High,Metropolitian,False,0,1,0,427.95289290514825,543.516221272276,Aumento_Velocidade,1
pedido_426.8534612140655_233,132.27652465985173,122.31211720508844,107.31211720508844,7.886288544417469,10,4.744032446129243,Moto,Stormy,Medium,Metropolitian,False,0,0,0,426.8534612140655,544.1655784191539,Rota_Reduzida,1
pedido_431.19316402942917_236,132.1214206828547,124.29603106434809,109.29603106434809,5.801888007596355,5,4.592649212016492,Scooter,Sandstorms,High,Urban,False,0,1,0,431.19316402942917,545.4891950937772,Aumento_Velocidade,1
pedido_471.6672453166451_258,99.54106588729469,84.45714623576849,69.45714623576849,7.368761476374518,5,4.531924902338141,Moto,Sunny,Medium,Metropolitian,True,0,0,1,471.6672453166451,546.1243915524136,Rota_Reduzida,1
pedido_435.44938192763533_242,131.68252913169783,115.99189507501814,100.99189507501814,4.049698288941067,10,4.57958131584413,Moto,Windy,High,Metropolitian,False,0,1,0,435.44938192763533,546.4412770026535,Aumento_Velocidade,1
pedido_422.0978814825062_230,130.40077226269716,137.11096725330663,122.11096725330663,7.716863723219399,5,4.537752948804516,Moto,Windy,High,Urban,False,0,1,0,422.0978814825062,549.2088487358128,Aumento_Velocidade,0
pedido_415.64196449822555_221,135.3659655411429,139.35519955831452,124.35519955831452,18.21372221335723,10,4.473273083450551,Moto,Windy,Medium,Metropolitian,False,0,0,0,415.64196449822555,549.9971640565401,Rota_Reduzida,0
pedido_458.24466956444553_251,95.86193917624409,78.66476429988674,78.66476429988674,0.0,15,4.572212286964765,Van,Sunny,High,Metropolitian,False,0,1,1,458.24466956444553,551.9094338643323,Nenhuma,1
pedido_434.53214545288955_241,132.8273482288992,127.54653123888446,112.54653123888446,5.996908098059289,5,4.79239755978175,Moto,Sandstorms,High,Metropolitian,False,0,1,0,434.53214545288955,552.078676691774,Aumento_Velocidade,1
pedido_425.09888570866383_231,133.32736708556072,127.93143812904185,112.93143812904185,2.287409188639847,15,4.87199732133514,Moto,Foggy,High,Metropolitian,False,0,1,0,425.09888570866383,553.0303238377057,Aumento_Velocidade,1
pedido_432.4428866499188_238,133.92299353077976,123.53540335510843,108.53540335510843,18.148753840713255,15,4.70703160232182,Scooter,Windy,High,Metropolitian,False,0,1,0,432.4428866499188,555.9782900050272,Aumento_Velocidade,1
pedido_506.17913840937933_274,47.248385093347196,46.968266987766576,46.968266987766576,10.541840178556384,5,4.780991200900823,Scooter,Windy,Medium,Metropolitian,False,1,0,0,506.17913840937933,558.1474053971459,Nenhuma,1
pedido_531.1070823735336_290,43.32670059011022,17.668053724033342,17.668053724033342,9.286049092038372,10,4.507856654973445,Scooter,Foggy,High,Urban,False,1,1,0,531.1070823735336,558.7751360975669,Nenhuma,1
pedido_431.7638630797212_237,139.81822587391676,132.38977666349598,117.38977666349598,16.049126934559016,10,4.60551476332602,Moto,Windy,Jam,Metropolitian,True,0,1,0,431.7638630797212,559.1536397432171,Aumento_Velocidade,1
pedido_502.6592651731628_271,47.42521148636826,52.53053866812979,52.53053866812979,1.0309784264633972,5,4.617027747550309,Moto,Stormy,High,Other,False,1,1,0,502.6592651731628,560.1898038412926,Nenhuma,1
pedido_461.3317459196472_253,102.07631041109435,89.40157053294189,89.40157053294189,12.148165348054944,10,4.869535619307317,Moto,Stormy,Low,Metropolitian,False,0,0,0,461.3317459196472,560.7333164525891,Nenhuma,1
pedido_443.6741449164477_244,128.79591118080657,117.0989130643492,102.0989130643492,16.16905745501921,15,4.786589946600738,Moto,Stormy,High,Urban,False,0,1,0,443.6741449164477,560.7730579807969,Aumento_Velocidade,1
pedido_499.575256473817_267,43.57942843652635,59.764364302203646,59.764364302203646,15.838706162530372,5,4.916761707069711,Scooter,Sunny,Low,Metropolitian,False,1,0,1,499.575256473817,564.3396207760206,Nenhuma,1
pedido_436.404260008748_243,140.8882185691732,134.01780316435824,119.01780316435824,11.801796123305538,10,4.497538063693621,Moto,Foggy,High,Metropolitian,False,0,1,0,436.404260008748,565.4220631731063,Aumento_Velocidade,1
pedido_500.30788442358937_268,92.09101548459626,77.92721145238372,57.927211452383716,1.9219926169752424,10,4.572515841858629,Moto,Sunny,High,Other,False,0,1,1,500.30788442358937,568.2350958759731,Rota_Reduzida,1
pedido_433.3445593107881_240,134.1554627650212,147.90665022724423,132.90665022724423,4.831982272872626,5,4.517339332672177,Moto,Sandstorms,Medium,Urban,False,0,0,0,433.3445593107881,571.2512095380323,Rota_Reduzida,0
pedido_457.3965962300214_250,134.7974215953007,123.917247360463,108.917247360463,3.4883094506104313,5,4.702594885953069,Moto,Foggy,High,Urban,False,0,1,0,457.3965962300214,571.3138435904843,Aumento_Velocidade,1
pedido_457.1257317274174_249,139.1137758490634,116.25120671758779,101.25120671758779,20.70703869641942,15,5.0,Moto,Stormy,Medium,Metropolitian,False,0,0,0,457.1257317274174,573.3769384450052,Rota_Reduzida,1
pedido_477.5852306281912_260,137.03037762845887,96.08716860951091,81.08716860951091,6.15258305693536,15,5.0,Moto,Windy,Medium,Urban,False,0,0,0,477.5852306281912,573.6723992377022,Rota_Reduzida,1
pedido_497.0615348415654_266,106.4484995729929,89.20353857710779,74.20353857710779,16.981594506736755,5,4.488275550647489,Scooter,Sunny,High,Metropolitian,False,0,1,1,497.0615348415654,576.2650734186732,Aumento_Velocidade,1
pedido_505.49104013733466_272,97.21798027955808,75.88805951568506,60.88805951568506,4.122641197304174,10,4.824234944365602,Moto,Sunny,High,Metropolitian,False,0,1,1,505.49104013733466,576.3790996530198,Aumento_Velocidade,1
pedido_531.7785933642942_291,49.879668198813874,29.79646729960531,29.79646729960531,10.24347554394506,15,4.838041587812648,Scooter,Sandstorms,Medium,Metropolitian,False,1,0,0,531.7785933642942,576.5750606638995,Nenhuma,1
pedido_478.7681749956831_262,100.46697671710936,82.85506899237079,82.85506899237079,7.6092551555599295,15,4.956921665356215,Scooter,Windy,Low,Metropolitian,False,0,0,0,478.7681749956831,576.6232439880539,Nenhuma,1
pedido_463.97382681477495_256,129.46627675463478,113.38966357192862,98.38966357192862,12.021975323227874,15,4.8297868552845085,Moto,Stormy,High,Metropolitian,False,0,1,0,463.97382681477495,577.3634903867036,Aumento_Velocidade,1
pedido_486.42373908089945_264,102.51550485293873,83.37473198836297,83.37473198836297,15.665404367554478,10,4.850826515237102,Moto,Sandstorms,Low,Metropolitian,False,0,0,0,486.42373908089945,579.7984710692624,Nenhuma,1
pedido_461.2624718256867_252,134.36367231121437,129.1564290624246,114.15642906242459,18.198823434039316,5,4.741542574138705,Moto,Stormy,Medium,Urban,False,0,0,0,461.2624718256867,580.4189008881112,Rota_Reduzida,1
pedido_461.5297332538538_254,134.78569724349387,126.56056223569075,111.56056223569075,9.918653684288454,10,4.6262374480232875,Moto,Windy,High,Metropolitian,True,0,1,0,461.5297332538538,583.0902954895446,Aumento_Velocidade,1
pedido_432.5053268319033_239,176.7488281613606,162.97205672877374,147.97205672877374,3.850879750485233,5,4.441987971751571,Scooter,Sandstorms,High,Metropolitian,False,0,1,0,432.5053268319033,585.477383560677,Aumento_Velocidade,0
pedido_418.2084766978771_227,200.8131445122568,181.3635475183585,166.3635475183585,14.835551749814416,10,4.374537745786935,Moto,Stormy,Jam,Metropolitian,False,0,1,0,418.2084766978771,594.5720242162356,Aumento_Velocidade,0
pedido_567.7621376710654_308,45.67352155000953,13.14104360647811,13.14104360647811,10.577565673593197,15,4.662810544009362,Moto,Sandstorms,High,Metropolitian,False,1,1,0,567.7621376710654,595.9031812775435,Nenhuma,1
pedido_507.13767786026074_276,103.44473528202492,88.86946838756492,73.86946838756492,17.30814988450972,15,4.451923677537973,Scooter,Sunny,Medium,Metropolitian,False,0,0,1,507.13767786026074,596.0071462478256,Rota_Reduzida,1
pedido_477.8474426870825_261,133.65875631530523,129.35979336830638,114.35979336830638,16.45926435368183,5,4.872873739825069,Moto,Stormy,Medium,Urban,False,0,0,0,477.8474426870825,597.2072360553889,Rota_Reduzida,1
pedido_510.03415144323014_280,97.49009431361574,87.58804897740883,72.58804897740883,3.562662056068265,15,4.719728454517779,Moto,Sunny,High,Metropolitian,False,0,1,1,510.03415144323014,597.6222004206389,Aumento_Velocidade,1
pedido_472.3223165491643_259,132.19334455705842,131.74413373866963,116.74413373866963,9.977441174867245,10,4.475073408864232,Moto,Sandstorms,High,Urban,False,0,1,0,472.3223165491643,599.066450287834,Aumento_Velocidade,1
pedido_478.8278316799029_263,132.28070567337676,131.57846291862947,116.57846291862947,15.494053571387866,5,4.809598871176017,Scooter,Stormy,Medium,Metropolitian,True,0,0,0,478.8278316799029,600.4062945985323,Rota_Reduzida,1
pedido_553.8783899733277_302,47.765375874020776,45.98794075344001,45.98794075344001,1.7971838268979945,5,4.849968532220709,Moto,Windy,High,Metropolitian,True,1,1,0,553.8783899733277,604.8663307267677,Nenhuma,1
pedido_517.5731350712463_283,130.2215059362507,89.51636396276983,74.51636396276983,8.923228124879273,15,4.858539378407041,Moto,Sandstorms,High,Metropolitian,True,0,1,0,517.5731350712463,607.0894990340161,Aumento_Velocidade,1
pedido_495.43515740136036_265,103.44570847989878,98.1595104647674,98.1595104647674,13.848048340871449,15,5.0,Moto,Sandstorms,Low,Metropolitian,True,0,0,0,495.43515740136036,608.5946678661278,Nenhuma,1
pedido_509.83213431654394_278,129.88631104630758,112.34549450334643,97.34549450334643,13.313512375661261,5,4.728298391738481,Moto,Stormy,High,Urban,False,0,1,0,509.83213431654394,612.1776288198904,Aumento_Velocidade,1
pedido_508.6298933862955_277,127.2412030103888,104.60413887504635,89.60413887504635,5.461757813732757,15,4.61486509614052,Moto,Stormy,High,Metropolitian,False,0,1,0,508.6298933862955,613.2340322613419,Aumento_Velocidade,1
pedido_533.6227633666425_294,94.34577866027905,80.39656746222687,65.39656746222687,8.515005356435768,15,4.841487968247959,Moto,Sunny,High,Metropolitian,False,0,1,1,533.6227633666425,614.0193308288694,Aumento_Velocidade,1
pedido_524.072566367314_286,102.2646526770648,101.48816437760847,86.48816437760847,13.906999547159277,5,4.637620363435755,Scooter,Sunny,High,Metropolitian,False,0,1,1,524.072566367314,615.5607307449225,Aumento_Velocidade,1
pedido_500.90485940329586_269,130.96773939969435,115.3209554014378,100.3209554014378,13.219693597491965,15,4.693191785035684,Moto,Stormy,High,Metropolitian,True,0,1,0,500.90485940329586,616.2258148047337,Aumento_Velocidade,1
pedido_501.0621593170801_270,102.48765194097236,111.90356768671171,111.90356768671171,14.656593538516105,5,5.0,Moto,Stormy,Low,Urban,False,0,0,0,501.0621593170801,617.9657270037918,Nenhuma,1
pedido_506.09306868665874_273,133.17641874363258,122.32909678471928,107.32909678471928,14.476176983823544,5,4.6904967591079725,Scooter,Stormy,Jam,Metropolitian,False,0,1,0,506.09306868665874,618.422165471378,Aumento_Velocidade,1
pedido_506.60301155784185_275,130.83341167961183,117.10052629147836,102.10052629147836,6.261712169574095,10,4.601900957189133,Scooter,Sandstorms,High,Metropolitian,True,0,1,0,506.60301155784185,618.7035378493202,Aumento_Velocidade,1
pedido_575.604943293247_315,45.957589269648594,33.720697709157925,33.720697709157925,6.159475736106219,10,4.862373253832645,Scooter,Sandstorms,Jam,Metropolitian,True,1,1,0,575.604943293247,619.3256410024048,Nenhuma,1
pedido_463.7248777097498_255,172.84118440442353,164.60246428145697,149.60246428145697,5.665813818972779,10,4.4103057000046,Scooter,Stormy,Medium,Metropolitian,False,0,0,0,463.7248777097498,623.3273419912068,Rota_Reduzida,0
pedido_519.3224372821486_284,102.7820947040448,89.78371167771095,89.78371167771095,4.1107858385171525,15,5.0,Moto,Sandstorms,Low,Metropolitian,False,0,0,0,519.3224372821486,624.1061489598595,Nenhuma,1
pedido_541.8019724661295_297,103.73845598663176,93.47813299936492,78.47813299936492,13.72370548104927,5,4.9260760132834,Scooter,Sunny,High,Metropolitian,True,0,1,1,541.8019724661295,625.2801054654944,Aumento_Velocidade,1
pedido_465.7857464905359_257,169.51482054219574,173.63601733885199,158.63601733885199,15.684733832355883,5,4.208205366074574,Moto,Sunny,Medium,Metropolitian,False,0,0,1,465.7857464905359,629.4217638293879,Rota_Reduzida,0
pedido_584.0019190814035_320,45.74414898265548,37.259473621005995,37.259473621005995,2.975722442491381,10,4.973050942676395,Scooter,Foggy,High,Metropolitian,False,1,1,0,584.0019190814035,631.2613927024095,Nenhuma,1
pedido_555.0985723098629_303,102.38665475488781,77.71941477339168,62.71941477339168,14.442160683823914,15,4.572088667237274,Scooter,Sunny,High,Urban,False,0,1,1,555.0985723098629,632.8179870832546,Aumento_Velocidade,1
pedido_509.9421854293936_279,142.6028216612111,128.40937807553817,113.40937807553817,18.191888650570412,10,5.0,Moto,Sandstorms,Jam,Metropolitian,False,0,1,0,509.9421854293936,633.3515635049317,Aumento_Velocidade,1
pedido_532.8175873238641_292,103.97336047372409,85.56828426841344,85.56828426841344,15.36079687625365,15,4.711294598124067,Scooter,Stormy,Low,Urban,False,0,0,0,532.8175873238641,633.3858715922776,Nenhuma,1
pedido_510.29603345845953_281,144.31151242650117,124.80128412300755,109.80128412300755,23.64763906963087,15,4.914486313673396,Scooter,Sandstorms,Jam,Metropolitian,False,0,1,0,510.29603345845953,635.0973175814671,Aumento_Velocidade,1
pedido_521.625269436648_285,137.10448633692113,121.06351528368941,106.06351528368941,4.162448237457623,10,5.0,Moto,Foggy,High,Urban,False,0,1,0,521.625269436648,637.6887847203374,Aumento_Velocidade,1
pedido_547.0170240251165_299,130.3228223294581,106.08879294062356,91.08879294062356,10.158836318743905,5,4.730855674295717,Moto,Stormy,High,Metropolitian,False,0,1,0,547.0170240251165,643.10581696574,Aumento_Velocidade,1
pedido_516.2975584560119_282,140.15727878894708,135.5115777570949,120.5115777570949,15.833956542415763,10,4.703014845855682,Moto,Sandstorms,Jam,Metropolitian,False,0,1,0,516.2975584560119,646.8091362131067,Aumento_Velocidade,0
pedido_533.1469146310585_293,133.28348391376278,127.26189923279327,112.26189923279327,6.8140104658500515,5,4.633306562042162,Moto,Foggy,High,Urban,False,0,1,0,533.1469146310585,650.4088138638517,Aumento_Velocidade,1
pedido_536.2323697790464_295,132.6161307299686,114.30724971139034,99.30724971139034,11.649920185765463,15,4.552281562246438,Moto,Windy,High,Urban,False,0,1,0,536.2323697790464,650.5396194904367,Aumento_Velocidade,1
pedido_564.550526479429_307,102.10455393891517,87.62469403044706,87.62469403044706,3.5260805049326676,5,5.0,Moto,Windy,Low,Urban,False,0,0,0,564.550526479429,657.175220509876,Nenhuma,1
pedido_530.9044734164255_289,131.891055982983,126.86678328833787,111.86678328833787,4.336622362440373,15,4.981851048337166,Scooter,Sandstorms,Medium,Urban,False,0,0,0,530.9044734164255,657.7712567047633,Rota_Reduzida,1
pedido_559.2390833339538_305,102.12092864141734,96.39371595777888,96.39371595777888,12.935340344052804,5,4.864168692451499,Moto,Windy,Low,Urban,False,0,0,0,559.2390833339538,660.6327992917327,Nenhuma,1
pedido_577.0192399412612_316,99.09272445697489,88.89942566409643,73.89942566409643,0.0,10,4.741256668873541,Moto,Sunny,Jam,Metropolitian,False,0,1,1,577.0192399412612,660.9186656053575,Aumento_Velocidade,1
pedido_538.7389052158795_296,133.80902063442517,114.53004496367147,114.53004496367147,0.0,10,4.684979561616742,Van,Windy,Medium,Metropolitian,False,0,0,0,538.7389052158795,663.268950179551,Nenhuma,1
pedido_585.2278059809557_321,104.80978324531836,88.91340622835204,73.91340622835204,17.66154132929245,5,4.949116391024669,Scooter,Sunny,High,Metropolitian,True,0,1,1,585.2278059809557,664.1412122093078,Aumento_Velocidade,1
pedido_526.4216272193172_287,133.3441612071466,127.96557620013405,127.96557620013405,9.21056499836265,10,4.81146080377442,Van,Windy,High,Metropolitian,False,0,1,0,526.4216272193172,664.3872034194512,Nenhuma,0
pedido_543.3377552610092_298,145.10180668824276,121.37745829688265,106.37745829688265,16.0749521317717,15,4.973978675138061,Moto,Foggy,Medium,Metropolitian,False,0,0,0,543.3377552610092,664.7152135578918,Rota_Reduzida,1
pedido_618.4746331752949_331,44.78898205642479,44.15251217302671,44.15251217302671,13.918413009420782,5,4.676617446209073,Moto,Windy,Jam,Metropolitian,False,1,1,0,618.4746331752949,667.6271453483216,Nenhuma,1
pedido_556.1236353750852_304,128.89838338866633,124.324785253768,109.324785253768,8.105005030892585,5,4.852774189681661,Scooter,Windy,Jam,Metropolitian,False,0,1,0,556.1236353750852,670.4484206288532,Aumento_Velocidade,1
pedido_548.1032038108873_301,140.20326941467613,136.60893967492325,121.60893967492325,14.430082669912808,5,4.831939194094817,Scooter,Windy,Jam,Metropolitian,True,0,1,0,548.1032038108873,674.7121434858105,Aumento_Velocidade,0
pedido_571.6668666076632_312,128.48875841771687,113.62911931234919,98.62911931234919,2.066751491536026,5,4.846668785927537,Scooter,Stormy,High,Metropolitian,False,0,1,0,571.6668666076632,675.2959859200124,Aumento_Velocidade,1
pedido_589.8900425707172_322,98.30735841297896,70.64884789907038,70.64884789907038,8.10926086380507,15,4.682205696209878,Van,Sunny,High,Urban,True,0,1,1,589.8900425707172,675.5388904697876,Nenhuma,1
pedido_571.441859034944_311,131.5838888211861,109.94419961243352,94.94419961243352,8.154861731267847,10,4.750357959253094,Moto,Sandstorms,High,Urban,False,0,1,0,571.441859034944,676.3860586473775,Aumento_Velocidade,1
pedido_547.9179707981972_300,140.48689541144188,136.46896544176693,121.46896544176693,16.94646358331913,10,4.468872090563365,Moto,Stormy,Jam,Urban,True,0,1,0,547.9179707981972,679.3869362399641,Aumento_Velocidade,0
pedido_573.1945395660111_314,126.150149921282,108.4302835921678,93.4302835921678,7.713703253502036,15,4.864264637016728,Moto,Sandstorms,Jam,Urban,False,0,1,0,573.1945395660111,681.624823158179,Aumento_Velocidade,1
pedido_568.570167498323_310,125.57057811265726,117.19486612487074,102.19486612487074,8.526036008699922,15,4.6889471991877185,Moto,Foggy,Medium,Metropolitian,False,0,0,0,568.570167498323,685.7650336231937,Rota_Reduzida,1
pedido_564.1341496822337_306,132.4946085953814,122.77556132766495,107.77556132766495,7.106020178645981,15,4.809240205388622,Moto,Foggy,High,Metropolitian,True,0,1,0,564.1341496822337,686.9097110098986,Aumento_Velocidade,1
pedido_607.5855780152826_327,103.73672904294055,85.39944420796179,70.39944420796179,13.491174482700083,10,4.916820840054231,Moto,Sunny,High,Urban,True,0,1,1,607.5855780152826,687.9850222232444,Aumento_Velocidade,1
pedido_592.8451654392615_323,97.39833776986896,92.60887080148188,92.60887080148188,8.1679550980686,5,4.84407010181687,Moto,Sunny,Low,Metropolitian,False,0,0,1,592.8451654392615,690.4540362407433,Nenhuma,1
pedido_580.160489161786_318,136.58186936093026,121.38188342086407,106.38188342086407,9.970123597473826,5,4.61096493574647,Moto,Sandstorms,Medium,Metropolitian,True,0,0,0,580.160489161786,691.54237258265,Rota_Reduzida,1
pedido_567.8830916489521_309,127.77468333692268,134.64638901140685,119.64638901140685,8.80142376734132,5,4.572818932047895,Moto,Stormy,High,Metropolitian,True,0,1,0,567.8830916489521,692.529480660359,Aumento_Velocidade,1
pedido_645.591894818457_347,60.925240912380545,57.62120048000368,42.62120048000368,14.395431496439636,5,4.2354984108225695,Scooter,Stormy,High,Metropolitian,False,1,1,0,645.591894818457,693.2130952984608,Aumento_Velocidade,1
pedido_579.3927531056607_317,134.50358565486462,122.74078507940433,107.74078507940433,15.871103558164803,10,4.860768738901562,Moto,Sandstorms,High,Metropolitian,True,0,1,0,579.3927531056607,697.133538185065,Aumento_Velocidade,1
pedido_653.0069910020527_352,43.57224738873618,40.19863975805491,40.19863975805491,6.4800704559341415,5,4.799324419205425,Van,Stormy,High,Metropolitian,False,1,1,0,653.0069910020527,698.2056307601076,Nenhuma,1
pedido_581.5238979225135_319,131.62434569717465,117.5114641159299,102.5114641159299,5.541836508611648,15,4.894486722220759,Moto,Foggy,High,Metropolitian,True,0,1,0,581.5238979225135,699.0353620384434,Aumento_Velocidade,1
pedido_572.1566797908096_313,146.7289253954149,128.21972370543764,113.21972370543764,18.521305007910176,15,5.0,Moto,Foggy,Medium,Metropolitian,False,0,0,0,572.1566797908096,700.3764034962472,Rota_Reduzida,1
pedido_616.725268843499_330,100.67511551062469,79.09945642406622,79.09945642406622,6.830634413963737,10,4.880613458958388,Scooter,Sandstorms,Low,Metropolitian,False,0,0,0,616.725268843499,705.8247252675652,Nenhuma,1
pedido_594.9207004233253_325,132.8295864841734,123.44965647973848,108.44965647973848,11.739476863828699,10,4.896841980934812,Scooter,Windy,High,Metropolitian,False,0,1,0,594.9207004233253,713.3703569030638,Aumento_Velocidade,1
pedido_609.9012338985481_328,132.65520812979105,103.70968827751314,88.70968827751314,7.062308840208154,15,4.5888007622003055,Moto,Windy,High,Metropolitian,False,0,1,0,609.9012338985481,713.6109221760612,Aumento_Velocidade,1
pedido_594.157128114384_324,130.5991228364651,132.20583206733517,117.20583206733517,13.700294024558923,5,4.523900687457773,Moto,Stormy,High,Metropolitian,False,0,1,0,594.157128114384,716.3629601817192,Aumento_Velocidade,1
pedido_527.1428939953239_288,187.1122840829287,189.50963619672606,174.50963619672606,12.02885178279028,15,4.413881390062174,Scooter,Stormy,High,Metropolitian,False,0,1,0,527.1428939953239,716.65253019205,Aumento_Velocidade,0
pedido_627.5455011756667_339,100.23144761705234,103.94106519957894,88.94106519957894,13.173997667268036,5,4.525280980589104,Moto,Sunny,Medium,Metropolitian,False,0,0,1,627.5455011756667,721.4865663752456,Rota_Reduzida,1
pedido_619.0621399189206_333,130.37647174679995,104.37008870905561,89.37008870905561,10.705744748773686,15,4.7999760202121795,Scooter,Stormy,High,Metropolitian,False,0,1,0,619.0621399189206,723.4322286279762,Aumento_Velocidade,1
pedido_609.9089454748106_329,99.3974574175129,101.07553143947479,101.07553143947479,6.267638981413207,15,4.657182832379811,Van,Sunny,Jam,Metropolitian,False,0,1,1,609.9089454748106,725.9844769142853,Nenhuma,1
pedido_623.0451376275442_337,102.94204248973674,115.24686776238383,100.24686776238383,9.574948741127756,5,5.0,Moto,Sunny,Jam,Metropolitian,False,0,1,1,623.0451376275442,728.2920053899281,Aumento_Velocidade,1
pedido_622.7277744988934_336,133.8603358861522,106.64488713148263,91.64488713148263,5.394800648013444,15,4.70693130440776,Moto,Foggy,High,Metropolitian,False,0,1,0,622.7277744988934,729.372661630376,Aumento_Velocidade,1
pedido_618.4783419087779_332,126.45168003734996,125.0886541206107,110.0886541206107,8.720424492467526,5,4.794474383032683,Scooter,Sandstorms,Jam,Metropolitian,False,0,1,0,618.4783419087779,733.5669960293886,Aumento_Velocidade,1
pedido_684.4335703461433_368,46.3065640967517,41.148496753967734,41.148496753967734,4.7042297915862115,10,4.797103554549064,Moto,Windy,High,Metropolitian,False,1,1,0,684.4335703461433,735.582067100111,Nenhuma,1
pedido_627.7599556801267_340,128.66882757731335,121.24397097158854,101.24397097158854,10.68859550518786,10,4.885871527556221,Moto,Windy,Jam,Other,False,0,1,0,627.7599556801267,739.0039266517152,Rota_Reduzida,1
pedido_635.4960859382078_343,102.33308935414034,94.36074006392508,94.36074006392508,13.475319816601115,10,4.787413746167828,Scooter,Stormy,Low,Metropolitian,False,0,0,0,635.4960859382078,739.8568260021328,Nenhuma,1
pedido_621.24583531748_335,137.1732497899251,132.8324876986999,117.83248769869991,16.250119930906862,5,5.0,Scooter,Windy,High,Urban,False,0,1,0,621.24583531748,744.0783230161799,Aumento_Velocidade,1
pedido_631.6930822858269_342,127.83034834829658,112.39758971342572,97.39758971342572,6.536477663027843,15,4.863667035716799,Moto,Stormy,High,Metropolitian,True,0,1,0,631.6930822858269,744.0906719992527,Aumento_Velocidade,1
pedido_630.9413547110933_341,129.99146977646632,126.71201274545942,111.71201274545942,12.532312707596484,5,4.666798839597703,Moto,Stormy,High,Metropolitian,False,0,1,0,630.9413547110933,747.6533674565527,Aumento_Velocidade,1
pedido_637.2927437316475_344,133.94646556290485,126.77080215972396,111.77080215972396,15.992988739236829,5,4.544386724895413,Moto,Stormy,Medium,Metropolitian,True,0,0,0,637.2927437316475,754.0635458913715,Rota_Reduzida,1
pedido_660.1415016481423_354,100.39675232132366,107.84026656425735,92.84026656425735,4.904425815623946,5,4.705423946953154,Scooter,Sunny,Jam,Metropolitian,True,0,1,1,660.1415016481423,757.9817682123996,Aumento_Velocidade,1
pedido_626.3301746222908_338,135.35098541391193,122.92249274832201,122.92249274832201,5.440303258680194,10,4.6466476788194955,Van,Stormy,Medium,Metropolitian,False,0,0,0,626.3301746222908,759.2526673706128,Nenhuma,0
pedido_645.4130795486193_346,103.05050336060211,102.20775270459092,102.20775270459092,11.880069700194136,15,4.599755992583697,Scooter,Stormy,Low,Urban,False,0,0,0,645.4130795486193,762.6208322532102,Nenhuma,1
pedido_650.9162254929547_351,101.39410679495919,96.87127124393021,96.87127124393021,7.417432829220742,15,4.687004496318699,Moto,Sandstorms,Low,Metropolitian,False,0,0,0,650.9162254929547,762.7874967368849,Nenhuma,1
pedido_600.9060808469771_326,186.21612935683493,174.30313296842516,159.30313296842516,18.567424992607037,5,4.177697457361574,Scooter,Stormy,High,Urban,False,0,1,0,600.9060808469771,765.2092138154023,Aumento_Velocidade,0
pedido_661.2443131951366_355,105.08344851291844,100.89207735256805,100.89207735256805,16.214516621379687,5,4.686866247046582,Scooter,Windy,Low,Metropolitian,True,0,0,0,661.2443131951366,767.1363905477047,Nenhuma,1
pedido_649.7938635131121_349,128.79591118080657,128.50692514696834,113.50692514696834,15.560438084101296,5,4.804278967051284,Moto,Stormy,High,Metropolitian,False,0,1,0,649.7938635131121,768.3007886600805,Aumento_Velocidade,1
pedido_678.3791885727865_364,102.50123768847499,98.7783974095975,83.7783974095975,18.49493885444352,10,4.692300810561517,Scooter,Sunny,High,Metropolitian,False,0,1,1,678.3791885727865,772.1575859823839,Aumento_Velocidade,1
pedido_662.395111668479_356,132.71043665667918,115.61161173406609,100.61161173406609,14.16833881704055,15,4.804365887358265,Moto,Stormy,Medium,Metropolitian,True,0,0,0,662.395111668479,778.006723402545,Rota_Reduzida,1
pedido_684.5643548455706_369,109.60142318830263,104.69978028653526,89.69978028653526,13.335493376357608,5,4.758128871752394,Moto,Sunny,Jam,Metropolitian,False,0,1,1,684.5643548455706,779.2641351321058,Aumento_Velocidade,1
pedido_649.648870755504_348,131.59140551472498,135.424296695345,120.42429669534499,6.577869118306789,10,4.895514364462328,Scooter,Sandstorms,High,Urban,False,0,1,0,649.648870755504,780.073167450849,Aumento_Velocidade,0
pedido_650.5239332587552_350,145.17322761122423,141.59269716194356,126.59269716194356,17.609909841840775,5,4.626673869646363,Scooter,Foggy,High,Metropolitian,True,0,1,0,650.5239332587552,782.1166304206987,Aumento_Velocidade,0
pedido_737.2349969185179_405,44.58051476675806,35.84997634980456,35.84997634980456,6.7089718885541005,10,4.6200787752001276,Scooter,Sandstorms,Jam,Other,True,1,1,0,737.2349969185179,783.0849732683225,Nenhuma,1
pedido_678.3595891825157_363,133.0414176924107,105.92515432091298,90.92515432091298,15.817389608694777,15,4.682060314024068,Scooter,Stormy,Medium,Metropolitian,False,0,0,0,678.3595891825157,784.2847435034287,Rota_Reduzida,1
pedido_621.168889467627_334,189.90642348160566,173.85762956605544,158.85762956605544,1.240467366524359,5,4.394806466843713,Scooter,Sunny,High,Metropolitian,False,0,1,1,621.168889467627,785.0265190336825,Aumento_Velocidade,0
pedido_655.2384642492799_353,131.92462082394565,136.64452597984655,121.64452597984655,6.925292744608119,15,4.810635043743336,Moto,Stormy,Medium,Metropolitian,False,0,0,0,655.2384642492799,791.8829902291264,Rota_Reduzida,0
pedido_667.0591085705902_358,129.36101408685738,130.56071212738064,115.56071212738064,15.791039067445718,10,4.749912168235322,Scooter,Stormy,High,Metropolitian,False,0,1,0,667.0591085705902,792.6198206979708,Aumento_Velocidade,1
pedido_664.46084508158_357,169.51572918034572,137.27059212746525,122.27059212746525,13.710394105925134,10,4.377007966389402,Moto,Sunny,Jam,Urban,False,0,1,1,664.46084508158,796.7314372090452,Aumento_Velocidade,0
pedido_677.4142471147926_362,130.66494266242537,119.3640442573764,104.3640442573764,19.067192225297973,15,4.616659691835584,Moto,Stormy,High,Metropolitian,False,0,1,0,677.4142471147926,796.778291372169,Aumento_Velocidade,1
pedido_709.8541097424588_386,106.65221548234197,87.23764310237898,72.23764310237898,15.335056057173139,15,4.543534806187808,Moto,Sunny,High,Metropolitian,False,0,1,1,709.8541097424588,797.0917528448379,Aumento_Velocidade,1
pedido_691.7606344233084_375,132.0845784625362,114.17634037168467,99.17634037168467,1.2459593327647038,10,4.937335365723032,Scooter,Windy,High,Metropolitian,False,0,1,0,691.7606344233084,800.936974794993,Aumento_Velocidade,1
pedido_689.9416814890591_374,135.27831051114404,116.44860308907154,101.44860308907154,18.142534758293184,10,4.571160831273221,Moto,Sandstorms,High,Metropolitian,False,0,1,0,689.9416814890591,801.3902845781306,Aumento_Velocidade,1
pedido_728.8922018474635_398,98.83127080450863,79.0567376772859,64.0567376772859,2.0503741594632388,10,4.612554189977716,Moto,Sunny,Jam,Urban,False,0,1,1,728.8922018474635,802.9489395247494,Aumento_Velocidade,1
pedido_676.607556772409_361,132.31286608333016,116.6984224472524,116.6984224472524,2.468081836511982,10,4.651938785394759,Van,Foggy,High,Metropolitian,True,0,1,0,676.607556772409,803.3059792196614,Nenhuma,1
pedido_667.4707274437558_359,134.3568322388655,126.5894943212875,126.5894943212875,20.05033769202515,10,4.940848490660341,Van,Windy,High,Metropolitian,False,0,1,0,667.4707274437558,804.0602217650433,Nenhuma,0
pedido_693.3377491714465_376,135.3091974680962,117.49926722724841,102.49926722724841,15.137161923071618,10,4.542542715589073,Moto,Sandstorms,High,Metropolitian,False,0,1,0,693.3377491714465,805.8370163986949,Aumento_Velocidade,1
pedido_695.1346318657294_377,133.26001537785646,121.27670700634665,106.27670700634665,5.113571613238271,5,4.868839239107524,Scooter,Foggy,High,Metropolitian,False,0,1,0,695.1346318657294,806.411338872076,Aumento_Velocidade,1
pedido_683.7949254695008_366,136.31837882984166,133.07205021773404,118.07205021773404,21.309037409111294,5,4.972591307567996,Moto,Stormy,High,Metropolitian,True,0,1,0,683.7949254695008,806.8669756872348,Aumento_Velocidade,1
pedido_641.7671586322193_345,177.36352387539392,170.4045864701917,155.4045864701917,2.3553540734490968,10,4.431693798361921,Moto,Foggy,High,Metropolitian,False,0,1,0,641.7671586322193,807.171745102411,Aumento_Velocidade,0
pedido_728.6035700533187_397,102.39379340670354,89.7796827786513,74.7796827786513,12.782331773119122,5,5.0,Scooter,Sunny,High,Urban,False,0,1,1,728.6035700533187,808.3832528319699,Aumento_Velocidade,1
pedido_695.270496949648_378,131.4328202333928,116.72492562236471,101.72492562236471,8.720723031713955,15,4.995971856930789,Moto,Stormy,High,Metropolitian,False,0,1,0,695.270496949648,811.9954225720127,Aumento_Velocidade,1
pedido_675.1020695278489_360,130.98047855429354,142.02350003553462,127.02350003553462,6.86729039733748,10,4.9469091249052175,Moto,Windy,Medium,Other,True,0,0,0,675.1020695278489,812.1255695633836,Rota_Reduzida,0
pedido_688.6448767388895_373,129.56817753469937,131.98153089639644,116.98153089639644,4.885317341644081,10,4.521307904220769,Scooter,Sandstorms,High,Metropolitian,True,0,1,0,688.6448767388895,815.6264076352859,Aumento_Velocidade,1
pedido_697.1071303303444_379,141.06674717882376,118.95717544355739,103.95717544355739,11.778219673087868,15,4.957387847310516,Moto,Foggy,High,Metropolitian,False,0,1,0,697.1071303303444,816.0643057739018,Aumento_Velocidade,1
pedido_706.1667726051929_383,134.09910172919822,110.34864704426502,95.34864704426502,10.848373329127789,15,4.708787884384657,Moto,Windy,High,Urban,False,0,1,0,706.1667726051929,816.515419649458,Aumento_Velocidade,1
pedido_733.7234811384802_401,97.50888907032733,69.87705542201158,69.87705542201158,5.77524516050765,15,4.831684898086534,Scooter,Sunny,Low,Metropolitian,False,0,0,1,733.7234811384802,818.6005365604918,Nenhuma,1
pedido_699.805837126136_380,145.15706766833534,130.70564208927652,115.70564208927652,18.917212504556897,5,4.8209684758498,Moto,Foggy,Medium,Metropolitian,True,0,0,0,699.805837126136,820.5114792154125,Rota_Reduzida,1
pedido_710.4998730504777_387,126.61843726572242,120.0498511893201,105.0498511893201,2.700095160604464,5,4.454860410025825,Moto,Stormy,High,Metropolitian,True,0,1,0,710.4998730504777,820.5497242397978,Aumento_Velocidade,1
pedido_755.9949695285012_412,95.62662330744624,65.92683447674247,50.92683447674247,7.549507338753289,15,4.636060808651985,Moto,Sunny,High,Metropolitian,False,0,1,1,755.9949695285012,821.9218040052436,Aumento_Velocidade,1
pedido_718.7978978371779_391,129.99146977646632,109.1578456755091,94.1578456755091,13.20593627372343,10,4.681173460833688,Moto,Stormy,High,Metropolitian,False,0,1,0,718.7978978371779,822.9557435126869,Aumento_Velocidade,1
pedido_726.6588641603634_396,108.94243112820517,96.79782046783882,81.79782046783882,17.164316460387376,15,4.626682170742858,Moto,Sunny,Medium,Metropolitian,True,0,0,1,726.6588641603634,823.4566846282022,Rota_Reduzida,1
pedido_708.1703595627209_385,119.522506268335,125.30306219780417,105.30306219780417,1.1029725467207463,10,4.706067197530952,Moto,Sandstorms,Jam,Other,False,0,1,0,708.1703595627209,823.4734217605251,Rota_Reduzida,1
pedido_722.724906134865_392,102.52498893972042,101.12955118022553,86.12955118022553,16.964397727814415,15,4.8362098855103035,Moto,Sunny,High,Urban,False,0,1,1,722.724906134865,823.8544573150906,Aumento_Velocidade,1
pedido_684.3217446474463_367,131.09709452684876,125.1685316269963,125.1685316269963,5.995393806022954,15,4.778468664117539,Van,Foggy,Jam,Urban,True,0,1,0,684.3217446474463,824.4902762744425,Nenhuma,0
pedido_687.0616592776107_372,134.7366504334015,135.2068523005314,135.2068523005314,7.426509643008326,5,4.877311479895493,Van,Sandstorms,Medium,Metropolitian,False,0,0,0,687.0616592776107,827.2685115781421,Nenhuma,0
pedido_686.688856816501_371,141.67887272572975,146.18665093247128,131.18665093247128,15.897119988394309,10,5.0,Moto,Foggy,High,Metropolitian,False,0,1,0,686.688856816501,827.8755077489723,Aumento_Velocidade,0
pedido_736.3684111122546_403,130.89360658764892,98.98796764534495,83.98796764534495,8.049312717064318,10,4.4546647732496005,Scooter,Foggy,Jam,Metropolitian,False,0,1,0,736.3684111122546,830.3563787575996,Aumento_Velocidade,1
pedido_749.5615679635399_410,95.89393014248647,91.62130697726926,76.62130697726926,9.686144605488415,5,4.696932872380534,Moto,Sunny,High,Metropolitian,False,0,1,1,749.5615679635399,831.1828749408091,Aumento_Velocidade,1
pedido_723.69010441317_393,134.76625585778115,94.40031851632182,94.40031851632182,0.4391903479261874,15,4.406347500560424,Scooter,Foggy,Low,Metropolitian,False,0,0,0,723.69010441317,833.0904229294919,Nenhuma,1
pedido_723.8954406255395_394,134.32112067416054,115.75687333504628,100.75687333504628,13.149526437956672,10,4.872841814504037,Scooter,Windy,High,Urban,False,0,1,0,723.8954406255395,834.6523139605858,Aumento_Velocidade,1
pedido_685.7184105470624_370,176.9155946961217,155.1663692325813,140.1663692325813,7.358435131634105,10,4.31041344107965,Moto,Stormy,Jam,Urban,True,0,1,0,685.7184105470624,835.8847797796436,Aumento_Velocidade,0
pedido_706.77663443474_384,143.97708789656033,139.10818750416774,124.10818750416774,22.587092616013624,5,4.502484614048403,Moto,Foggy,Medium,Metropolitian,False,0,0,0,706.77663443474,835.8848219389077,Rota_Reduzida,0
pedido_705.2002499632139_382,133.48985486131363,115.97531882437423,115.97531882437423,9.598209861172682,15,4.698481962026028,Van,Foggy,High,Urban,False,0,1,0,705.2002499632139,836.1755687875881,Nenhuma,1
pedido_735.6390139217517_402,124.93750180519955,102.22046494405176,87.22046494405176,2.4880056497882395,15,4.507143132261026,Moto,Foggy,Medium,Metropolitian,False,0,0,0,735.6390139217517,837.8594788658035,Rota_Reduzida,1
pedido_783.4420101902388_431,45.404916573528794,52.69489167813967,52.69489167813967,18.931218692272175,5,4.620938108831698,Scooter,Windy,High,Metropolitian,False,1,1,0,783.4420101902388,841.1369018683785,Nenhuma,1
pedido_725.5461602129842_395,142.86652464580828,121.23008702316457,106.23008702316457,13.455464371193793,15,5.0,Scooter,Sandstorms,Jam,Metropolitian,True,0,1,0,725.5461602129842,846.7762472361487,Aumento_Velocidade,1
pedido_765.0631203212405_422,128.04003209954664,93.36158698724049,78.36158698724049,5.491687522094445,5,4.684972452794155,Moto,Sandstorms,Jam,Metropolitian,False,0,1,0,765.0631203212405,848.424707308481,Aumento_Velocidade,1
pedido_732.9634929418477_400,127.330902920737,127.2145094861892,112.2145094861892,2.0398556691814322,5,4.63032158411385,Moto,Windy,Jam,Metropolitian,False,0,1,0,732.9634929418477,850.1780024280368,Aumento_Velocidade,1
pedido_715.1430272971594_389,144.28280062955204,137.11498592488198,122.11498592488198,12.20421031602352,15,5.0,Scooter,Windy,Jam,Metropolitian,True,0,1,0,715.1430272971594,852.2580132220414,Aumento_Velocidade,0
pedido_704.8538239896097_381,173.89529062710702,157.51676072015832,137.51676072015832,9.605409190468063,10,4.355816833457503,Scooter,Windy,High,Other,True,0,1,0,704.8538239896097,852.3705847097681,Rota_Reduzida,0
pedido_736.824696915739_404,128.06318059579183,122.3844937161467,107.3844937161467,4.716487594104673,10,4.7818036528521475,Moto,Stormy,High,Urban,True,0,1,0,736.824696915739,854.2091906318857,Aumento_Velocidade,1
pedido_804.4291496715836_442,44.882217901082065,37.171853785318945,37.171853785318945,5.784828761678495,15,4.892510699745851,Scooter,Windy,Jam,Metropolitian,False,1,1,0,804.4291496715836,856.6010034569025,Nenhuma,1
pedido_757.3618583363957_414,131.21559757745345,113.22889985666423,98.22889985666423,4.4531536384022825,5,5.0,Moto,Stormy,High,Metropolitian,False,0,1,0,757.3618583363957,860.59075819306,Aumento_Velocidade,1
pedido_741.3969444819548_406,119.77708475480942,107.70394013832343,107.70394013832343,17.009644576831747,15,4.461375993916226,Scooter,Sunny,Low,Urban,False,0,0,1,741.3969444819548,864.1008846202783,Nenhuma,1
pedido_786.5441391872964_435,102.2316537385146,89.86758324516401,74.86758324516401,4.6199409274278604,5,4.532672680169405,Moto,Sunny,Jam,Metropolitian,False,0,1,1,786.5441391872964,866.4117224324605,Aumento_Velocidade,1
pedido_714.8423463485303_388,143.13772521093324,157.63075332241422,142.63075332241422,15.430068378981826,10,4.898034188617534,Moto,Foggy,Medium,Urban,False,0,0,0,714.8423463485303,867.4730996709445,Rota_Reduzida,0
pedido_679.0905536786864_365,194.87529888503522,193.35724298894428,178.35724298894428,2.5006629071083957,15,4.164280903459798,Scooter,Sunny,High,Metropolitian,False,0,1,1,679.0905536786864,872.4477966676307,Aumento_Velocidade,0
pedido_762.5581314426786_420,111.7112635960068,95.0803054528813,95.0803054528813,14.661734846633031,15,4.663502201619987,Moto,Foggy,Low,Metropolitian,True,0,0,0,762.5581314426786,872.6384368955598,Nenhuma,1
pedido_751.1339269732217_411,137.04491468285198,107.87544287612968,107.87544287612968,20.035039967189242,15,4.468178289438968,Van,Sandstorms,High,Metropolitian,False,0,1,0,751.1339269732217,874.0093698493514,Nenhuma,1
pedido_778.1602674070316_428,102.33057679177449,87.30633831011349,87.30633831011349,7.780253990904609,10,4.847477894098882,Scooter,Sandstorms,Low,Metropolitian,False,0,0,0,778.1602674070316,875.4666057171451,Nenhuma,1
pedido_743.5206678677804_407,137.68236432619864,139.0845741023478,124.0845741023478,9.951185819985458,10,4.622601644063414,Moto,Foggy,High,Metropolitian,False,0,1,0,743.5206678677804,877.6052419701282,Aumento_Velocidade,0
pedido_761.0887068260862_417,132.75290817707386,124.75835884921855,109.75835884921855,7.270201652519159,10,4.827894961542956,Moto,Windy,High,Metropolitian,False,0,1,0,761.0887068260862,880.8470656753047,Aumento_Velocidade,1
pedido_842.0827558805255_461,42.82001270499086,26.600219840350647,26.600219840350647,9.064515345622766,15,4.802790087993818,Van,Foggy,Medium,Metropolitian,False,1,0,0,842.0827558805255,883.6829757208761,Nenhuma,1
pedido_769.2321237421205_423,102.35711855271762,104.59614307856387,104.59614307856387,16.917830355948286,10,4.467651266746924,Moto,Sandstorms,Low,Metropolitian,False,0,0,0,769.2321237421205,883.8282668206843,Nenhuma,1
pedido_840.1262679475731_456,62.53147634317871,43.941628732454106,28.941628732454106,3.387017803992521,15,4.348078196075161,Moto,Foggy,High,Metropolitian,False,1,1,0,840.1262679475731,884.0678966800272,Aumento_Velocidade,1
pedido_759.9651784344653_415,128.2225744463269,135.01714430641962,120.01714430641962,4.363650826910195,5,4.825126619814856,Scooter,Stormy,High,Urban,False,0,1,0,759.9651784344653,884.9823227408849,Aumento_Velocidade,0
pedido_763.6373040235541_421,135.10470924232902,132.26489784495823,117.26489784495823,7.423477578502178,5,5.0,Scooter,Sandstorms,High,Urban,True,0,1,0,763.6373040235541,885.9022018685123,Aumento_Velocidade,1
pedido_772.0833715484721_425,130.56087931010725,113.90114745600951,98.90114745600951,5.6161541230795,15,4.788867508355318,Moto,Windy,High,Metropolitian,False,0,1,0,772.0833715484721,885.9845190044816,Aumento_Velocidade,1
pedido_845.0013162695305_463,46.31317738669543,26.440331046077965,26.440331046077965,15.108414892427517,15,4.753678839991591,Moto,Stormy,Jam,Metropolitian,True,1,1,0,845.0013162695305,886.4416473156085,Nenhuma,1
pedido_762.3056853404664_419,136.21592364482322,135.21119088355442,120.21119088355442,6.106025422251336,10,4.484480649538531,Moto,Windy,Medium,Metropolitian,False,0,0,0,762.3056853404664,892.5168762240208,Rota_Reduzida,0
pedido_761.0536007350559_416,137.19879946731947,141.8325245092592,126.8325245092592,15.795566169437182,5,4.878494074183617,Moto,Stormy,Jam,Metropolitian,True,0,1,0,761.0536007350559,892.886125244315,Aumento_Velocidade,0
pedido_757.3200956862463_413,132.96829130093437,135.5664902833526,120.5664902833526,4.190112875696973,15,4.50085570940131,Moto,Windy,Medium,Metropolitian,False,0,0,0,757.3200956862463,892.8865859695989,Rota_Reduzida,0
pedido_777.6874872523691_427,132.36481215780856,125.47595794922,110.47595794922,3.4676659765166833,5,4.659442174421085,Scooter,Sandstorms,High,Metropolitian,False,0,1,0,777.6874872523691,893.1634452015892,Aumento_Velocidade,1
pedido_775.9885952899316_426,126.73970209046402,125.37790597672438,110.37790597672438,7.043738163412987,10,4.958575098603152,Moto,Foggy,Medium,Metropolitian,False,0,0,0,775.9885952899316,896.366501266656,Rota_Reduzida,1
pedido_716.5629042765827_390,183.99788343303987,185.5285560350328,170.5285560350328,17.15989816297062,10,4.356491651816465,Scooter,Sandstorms,High,Metropolitian,True,0,1,0,716.5629042765827,897.0914603116155,Aumento_Velocidade,0
pedido_729.0034035370692_399,186.5482289557541,168.89268684519598,153.89268684519598,15.356528019811957,15,4.394541639276388,Scooter,Stormy,High,Urban,True,0,1,0,729.0034035370692,897.8960903822651,Aumento_Velocidade,0
pedido_823.3214802687061_449,99.84096604735662,81.05665204390068,66.05665204390068,12.49673755280308,10,4.74840565467622,Moto,Sunny,Medium,Metropolitian,False,0,0,1,823.3214802687061,899.3781323126068,Rota_Reduzida,1
pedido_770.0622809530531_424,132.29790205228943,134.98550407814702,119.98550407814702,3.4484060743662677,10,4.495401453804764,Scooter,Stormy,Medium,Urban,False,0,0,0,770.0622809530531,900.0477850312002,Rota_Reduzida,1
pedido_785.5943917756744_434,135.17265311746516,121.79325277516168,106.79325277516168,13.264003922507293,10,4.927880144814928,Moto,Windy,Medium,Metropolitian,False,0,0,0,785.5943917756744,902.3876445508361,Rota_Reduzida,1
pedido_806.1257638750621_443,133.92299353077976,98.26697375282185,83.26697375282185,17.407131590777034,15,4.739879304569763,Scooter,Windy,High,Metropolitian,False,0,1,0,806.1257638750621,904.392737627884,Aumento_Velocidade,1
pedido_781.2708911050014_430,135.47349869920905,133.21527150946113,118.21527150946113,13.36686580553987,5,4.721122979757964,Moto,Sandstorms,High,Metropolitian,True,0,1,0,781.2708911050014,904.4861626144625,Aumento_Velocidade,1
pedido_746.4919013437647_409,177.2350088260251,157.99438068934526,142.99438068934526,16.972585817743244,15,4.444821289808657,Moto,Sunny,High,Metropolitian,False,0,1,1,746.4919013437647,904.4862820331099,Aumento_Velocidade,0
pedido_745.0262175147133_408,187.82182826267774,171.1336823339761,156.1336823339761,17.549697515059968,5,4.310049545656471,Scooter,Windy,Medium,Metropolitian,False,0,0,0,745.0262175147133,906.1598998486894,Rota_Reduzida,0
pedido_793.7936489972672_437,135.31850075111322,122.9010208016646,107.9010208016646,14.573388319816315,5,4.997301523885379,Moto,Sandstorms,High,Urban,False,0,1,0,793.7936489972672,906.6946697989317,Aumento_Velocidade,1
pedido_790.1068384952943_436,126.73970209046402,122.68868465611132,107.68868465611132,7.358993157901018,15,4.954961667392677,Moto,Foggy,Medium,Urban,False,0,0,0,790.1068384952943,912.7955231514056,Rota_Reduzida,1
pedido_779.6841568044205_429,152.70525532524016,144.02969788877206,129.02969788877206,12.674699927968755,5,4.621136557341599,Scooter,Foggy,Jam,Metropolitian,False,0,1,0,779.6841568044205,913.7138546931925,Aumento_Velocidade,0
pedido_800.4208961504993_440,131.42999544618885,120.62717329428443,105.62717329428443,6.285723878379785,10,4.541828601853714,Moto,Foggy,High,Metropolitian,True,0,1,0,800.4208961504993,916.0480694447838,Aumento_Velocidade,1
pedido_797.6396213029767_439,131.64846086956666,118.99439211031086,103.99439211031086,2.092996756785377,15,4.469463836693386,Scooter,Foggy,High,Metropolitian,True,0,1,0,797.6396213029767,916.6340134132876,Aumento_Velocidade,1
pedido_795.4121464037138_438,141.8555544194247,133.482804261688,118.48280426168799,17.715228418389277,5,4.924021844518585,Scooter,Sandstorms,Jam,Urban,False,0,1,0,795.4121464037138,918.8949506654018,Aumento_Velocidade,1
pedido_857.0706697132457_470,98.07159877505292,73.18029082583534,58.18029082583534,5.988080853998866,5,4.786724912258658,Moto,Sunny,High,Metropolitian,False,0,1,1,857.0706697132457,920.250960539081,Aumento_Velocidade,1
pedido_785.1711441232478_433,128.0005474843919,135.35120625471058,120.35120625471058,3.4823745949316836,15,4.890090240563825,Moto,Stormy,High,Metropolitian,False,0,1,0,785.1711441232478,920.5223503779584,Aumento_Velocidade,0
pedido_806.5061078726857_444,137.6612334750554,121.01581486788214,106.01581486788214,10.257495328597258,15,4.784400707847737,Moto,Windy,High,Metropolitian,False,0,1,0,806.5061078726857,927.5219227405678,Aumento_Velocidade,1
pedido_842.0406177681283_459,109.35919605522444,86.62918917096707,71.62918917096707,16.922850794807335,15,4.722993476227275,Moto,Sunny,Jam,Metropolitian,False,0,1,1,842.0406177681283,928.6698069390953,Aumento_Velocidade,1
pedido_761.170097285325_418,187.34968763630775,172.7450797032334,157.7450797032334,14.757873603617885,10,4.272494204960589,Scooter,Stormy,High,Metropolitian,False,0,1,0,761.170097285325,928.9151769885584,Aumento_Velocidade,0
pedido_862.2489523879298_476,94.87554004418845,77.3384514184684,62.338451418468395,2.8765719131844607,10,4.910807712126948,Moto,Sunny,High,Metropolitian,False,0,1,1,862.2489523879298,934.5874038063981,Aumento_Velocidade,1
pedido_808.2750355842596_446,137.79103557331246,117.61882086412143,117.61882086412143,10.390445260309534,15,4.651401705131443,Van,Windy,High,Metropolitian,True,0,1,0,808.2750355842596,940.893856448381,Nenhuma,1
pedido_813.280362926714_447,145.0915427585685,128.10894443534045,113.10894443534045,13.651511071918712,15,4.531324564989424,Scooter,Foggy,High,Urban,True,0,1,0,813.280362926714,941.3893073620545,Aumento_Velocidade,1
pedido_838.8214610223702_455,102.69687893698452,92.6736345080055,92.6736345080055,3.945174635270962,15,4.5263921980516235,Van,Sandstorms,Low,Metropolitian,False,0,0,0,838.8214610223702,946.4950955303757,Nenhuma,1
pedido_830.3569690528548_451,136.97768638887428,122.62182330080196,107.62182330080196,7.49399677930569,10,4.957329731063191,Scooter,Windy,Medium,Metropolitian,False,0,0,0,830.3569690528548,947.9787923536567,Rota_Reduzida,1
pedido_807.0034075344582_445,136.44479353980435,151.18112062815936,136.18112062815936,10.399893104358458,5,4.863577001035879,Scooter,Windy,Medium,Metropolitian,False,0,0,0,807.0034075344582,948.1845281626177,Rota_Reduzida,0
pedido_834.0263939122849_452,129.37474440370173,120.24072921932941,105.24072921932941,16.89792649054503,10,4.858092820218763,Scooter,Stormy,High,Urban,False,0,1,0,834.0263939122849,949.2671231316143,Aumento_Velocidade,1
pedido_821.8360098773458_448,132.75485327369265,127.56632737474882,112.56632737474882,3.3051035129772153,15,4.849513312565632,Scooter,Sandstorms,Medium,Urban,True,0,0,0,821.8360098773458,949.4023372520946,Rota_Reduzida,1
pedido_854.5772560548695_468,101.45281504216737,81.49748579375293,81.49748579375293,4.5281625670157215,15,4.629722283072824,Moto,Windy,Low,Urban,False,0,0,0,854.5772560548695,951.0747418486225,Nenhuma,1
pedido_861.4324843071859_474,100.27505291215155,91.63118361923325,76.63118361923325,14.163495216301966,15,4.756845471578847,Scooter,Sunny,Medium,Metropolitian,False,0,0,1,861.4324843071859,953.0636679264192,Rota_Reduzida,1
pedido_802.8514261278167_441,177.9293326190835,160.86504896296185,145.86504896296185,8.320181385114353,5,4.32871595403096,Moto,Sandstorms,Jam,Metropolitian,True,0,1,0,802.8514261278167,953.7164750907785,Aumento_Velocidade,0
pedido_855.2608661426_469,109.75999909833658,101.71254765839346,86.71254765839346,12.962816757706545,15,4.668140040862173,Scooter,Sunny,Jam,Metropolitian,False,0,1,1,855.2608661426,956.9734138009934,Aumento_Velocidade,1
pedido_880.7000435804753_483,94.59897983503738,86.50045416399715,71.50045416399715,7.999513019962167,5,4.723262295958784,Moto,Sunny,High,Metropolitian,False,0,1,1,880.7000435804753,957.2004977444724,Aumento_Velocidade,1
pedido_840.6792203025194_458,134.20702046845372,127.62000769165593,112.62000769165593,16.260027417284235,5,4.730805852895401,Moto,Sandstorms,High,Metropolitian,False,0,1,0,840.6792203025194,958.2992279941753,Aumento_Velocidade,1
pedido_917.0544763617515_507,33.669262174762814,37.495652628364155,37.495652628364155,5.6065577164884886,5,4.734340211761551,Moto,Foggy,Low,Metropolitian,False,1,0,0,917.0544763617515,959.5501289901157,Nenhuma,1
pedido_844.2084095614088_462,131.9012147297906,126.86362992800585,111.86362992800585,3.586561083984729,10,4.6885907799057644,Scooter,Windy,High,Metropolitian,False,0,1,0,844.2084095614088,966.0720394894146,Aumento_Velocidade,1
pedido_845.0966895916603_464,130.64658772735189,127.9891893152936,112.9891893152936,16.18985176009881,10,4.696540306014958,Moto,Stormy,High,Metropolitian,True,0,1,0,845.0966895916603,968.0858789069539,Aumento_Velocidade,1
pedido_894.1777146792375_497,95.54621114191794,83.0742098643551,68.0742098643551,7.853362396232132,10,4.572910783487222,Moto,Sunny,High,Metropolitian,False,0,1,1,894.1777146792375,972.2519245435926,Aumento_Velocidade,1
pedido_835.6554653503902_454,134.23795526087363,123.79905940052251,123.79905940052251,1.6289682534377836,15,4.9631922303161895,Van,Windy,High,Metropolitian,False,0,1,0,835.6554653503902,974.4545247509127,Nenhuma,0
pedido_875.0515908816394_479,132.141537028009,104.46140685417132,89.46140685417132,6.683652229457759,10,4.906386747847138,Moto,Foggy,High,Metropolitian,False,0,1,0,875.0515908816394,974.5129977358107,Aumento_Velocidade,1
pedido_834.7853160707141_453,152.93253973487086,150.21967566805728,135.21967566805728,22.22281786491156,5,4.826469789595679,Scooter,Foggy,Jam,Metropolitian,False,0,1,0,834.7853160707141,975.0049917387714,Aumento_Velocidade,0
pedido_857.1430271502263_471,130.9581117154449,125.89163067852758,110.89163067852758,4.563878471720706,10,5.0,Scooter,Stormy,High,Metropolitian,False,0,1,0,857.1430271502263,978.0346578287539,Aumento_Velocidade,1
pedido_784.9301236952894_432,187.09978251065107,198.6127517024679,183.6127517024679,12.542447679175023,10,4.444103253580528,Scooter,Stormy,High,Urban,False,0,1,0,784.9301236952894,978.5428753977573,Aumento_Velocidade,0
pedido_857.6188598509357_472,137.4514297444275,132.25980693334805,117.25980693334805,21.4649829609439,5,4.6405503234671635,Moto,Sandstorms,Medium,Metropolitian,True,0,0,0,857.6188598509357,979.8786667842837,Rota_Reduzida,1
pedido_853.8315023700854_467,127.87984620643726,127.99327709441368,112.99327709441368,0.0,15,4.789010615222988,Scooter,Foggy,Jam,Metropolitian,False,0,1,0,853.8315023700854,981.8247794644991,Aumento_Velocidade,1
pedido_847.4729281624761_466,130.33723504139607,125.32042139342931,125.32042139342931,4.506594746694439,10,4.525583520679569,Van,Windy,Jam,Metropolitian,True,0,1,0,847.4729281624761,982.7933495559055,Nenhuma,0
pedido_891.1782379810872_495,100.31900595522914,77.22237273190309,77.22237273190309,7.611714928980755,15,4.573822363193399,Moto,Foggy,Low,Metropolitian,True,0,0,0,891.1782379810872,983.4006107129903,Nenhuma,1
pedido_872.768206562034_477,129.74008673834228,112.07738349262668,97.07738349262668,6.289058974926751,15,4.655058373890375,Moto,Stormy,High,Urban,False,0,1,0,872.768206562034,984.8455900546608,Aumento_Velocidade,1
pedido_824.2461492751622_450,175.45705702667823,168.42614808461246,153.42614808461246,5.910296217765156,10,4.363567867366385,Moto,Windy,Medium,Metropolitian,False,0,0,0,824.2461492751622,987.6722973597747,Rota_Reduzida,0
pedido_885.8499485950716_489,103.30808840767452,114.68932889301853,99.68932889301853,16.398081419528967,5,4.8640393608921215,Scooter,Sunny,Medium,Metropolitian,False,0,0,1,885.8499485950716,990.5392774880902,Rota_Reduzida,1
pedido_882.0605050062362_485,141.3178313642075,118.72839749177534,103.72839749177534,14.595848087216892,5,4.579156479746903,Moto,Foggy,High,Metropolitian,False,0,1,0,882.0605050062362,990.7889024980116,Aumento_Velocidade,1
pedido_886.3190017048491_490,134.89431514508453,110.40805687598727,95.40805687598727,15.972435913125036,10,4.513467043744184,Scooter,Windy,Medium,Urban,False,0,0,0,886.3190017048491,991.7270585808365,Rota_Reduzida,1
pedido_908.7921612910558_501,101.79178730809853,85.71684517502285,70.71684517502285,10.722872615362238,15,4.874458005496622,Scooter,Sunny,Medium,Urban,False,0,0,1,908.7921612910558,994.5090064660786,Rota_Reduzida,1
pedido_875.4698950684757_480,131.63377386629992,129.23970367858982,114.23970367858982,7.003633173426978,5,4.67616469531033,Moto,Sandstorms,High,Metropolitian,False,0,1,0,875.4698950684757,994.7095987470655,Aumento_Velocidade,1
pedido_845.375534854385_465,140.4871397671035,136.48301513788056,136.48301513788056,15.088364684937723,15,4.8307283626819855,Van,Foggy,High,Metropolitian,False,0,1,0,845.375534854385,996.8585499922656,Nenhuma,0
pedido_879.404902955993_481,134.2016008242373,117.94931842000412,102.94931842000412,7.264057555809113,15,5.0,Moto,Windy,High,Metropolitian,True,0,1,0,879.404902955993,997.3542213759971,Aumento_Velocidade,1
pedido_887.9281710129729_494,132.07070184250608,115.32337656410206,100.32337656410206,9.64908101512042,10,4.576205695611628,Scooter,Windy,High,Metropolitian,True,0,1,0,887.9281710129729,998.251547577075,Aumento_Velocidade,1
pedido_885.373902389823_487,144.3680341510567,118.10357537240694,103.10357537240694,13.592140187789921,10,4.799951233497651,Moto,Foggy,High,Metropolitian,True,0,1,0,885.373902389823,998.4774777622299,Aumento_Velocidade,1
pedido_903.4136665086004_499,95.7464107889051,95.16342790911052,80.16342790911052,3.0193434652125477,15,4.4570347884221375,Scooter,Sunny,Medium,Metropolitian,False,0,0,1,903.4136665086004,998.5770944177109,Rota_Reduzida,1
pedido_880.4539735858433_482,135.31850075111322,129.16744120600697,114.16744120600697,14.805739860915285,5,4.981849214782307,Moto,Sandstorms,High,Metropolitian,False,0,1,0,880.4539735858433,999.6214147918503,Aumento_Velocidade,1
pedido_842.0615793528958_460,174.6734277880249,153.00931065893445,153.00931065893445,3.308022759183984,5,4.424797020256329,Van,Stormy,Jam,Metropolitian,False,0,1,0,842.0615793528958,1000.0708900118302,Nenhuma,0
pedido_886.7765936352228_491,134.62863498350308,123.77364216252815,108.77364216252815,12.164299345096957,5,4.862950805414059,Moto,Stormy,Jam,Metropolitian,False,0,1,0,886.7765936352228,1000.5502357977509,Aumento_Velocidade,1
pedido_891.375232032439_496,130.81297581314038,114.9614986266815,99.9614986266815,6.66074360388377,10,4.931923234500091,Moto,Windy,High,Metropolitian,True,0,1,0,891.375232032439,1001.3367306591206,Aumento_Velocidade,1
pedido_920.2864033353335_510,104.98698124031203,81.34592717048895,66.34592717048895,13.91686703788008,15,4.75466774521103,Moto,Sunny,Medium,Metropolitian,True,0,0,1,920.2864033353335,1001.6323305058224,Rota_Reduzida,1
pedido_925.279032895049_516,97.52774111935356,61.6534806595721,61.6534806595721,8.646224880730298,15,4.868717126589529,Moto,Sunny,Low,Metropolitian,False,0,0,1,925.279032895049,1001.9325135546211,Nenhuma,1
pedido_881.9110088584117_484,128.48238401496502,107.31035638126065,107.31035638126065,2.920981592020203,15,4.788344973785704,Van,Stormy,High,Metropolitian,False,0,1,0,881.9110088584117,1004.2213652396724,Nenhuma,1
pedido_887.4743263248004_493,132.52653517314405,122.97191793169063,107.97191793169063,15.239750387627641,10,4.496362648912026,Scooter,Windy,High,Metropolitian,False,0,1,0,887.4743263248004,1005.446244256491,Aumento_Velocidade,1
pedido_887.2306084488013_492,133.2366472173958,119.2783196039901,104.2783196039901,0.0,15,4.463412338061355,Moto,Foggy,High,Urban,False,0,1,0,887.2306084488013,1006.5089280527914,Aumento_Velocidade,1
pedido_925.3990333943945_517,98.97657424368806,71.56887864659504,71.56887864659504,12.125109427775204,10,4.8347760744573085,Van,Sunny,Medium,Urban,False,0,0,1,925.3990333943945,1006.9679120409895,Nenhuma,1
pedido_882.3740539912703_486,131.51674031147215,124.88566523320947,109.88566523320947,0.0,15,4.578804916383061,Moto,Windy,High,Urban,False,0,1,0,882.3740539912703,1007.2597192244798,Aumento_Velocidade,1
pedido_960.742489201536_537,41.16787920216338,42.921256293143244,42.921256293143244,8.527305324205651,5,4.7467955369846,Moto,Sunny,High,Urban,True,1,1,1,960.742489201536,1008.6637454946792,Nenhuma,1
pedido_840.6435765698789_457,175.0992318066918,173.37227625272675,158.37227625272675,2.7672771385605532,10,4.277437220657544,Moto,Stormy,High,Metropolitian,False,0,1,0,840.6435765698789,1009.0158528226057,Aumento_Velocidade,0
pedido_916.8295372122391_506,98.85747052239749,83.03763838878359,83.03763838878359,6.724450150085964,10,4.911210173821807,Moto,Foggy,Low,Metropolitian,False,0,0,0,916.8295372122391,1009.8671756010226,Nenhuma,1
pedido_927.5675670413984_518,101.89620667992715,83.57749065454936,68.57749065454936,10.535435923292443,15,4.81484170836089,Scooter,Sunny,High,Metropolitian,False,0,1,1,927.5675670413984,1011.1450576959478,Aumento_Velocidade,1
pedido_924.04147038582_513,102.97077709614244,97.74641599769177,82.74641599769177,17.506807366052563,5,4.8117754857080435,Scooter,Sunny,High,Metropolitian,False,0,1,1,924.04147038582,1011.7878863835118,Aumento_Velocidade,1
pedido_909.7365052570389_502,129.95641295316855,111.95484750240206,96.95484750240206,12.694010526912834,10,4.897176568966144,Moto,Stormy,High,Metropolitian,False,0,1,0,909.7365052570389,1016.6913527594409,Aumento_Velocidade,1
pedido_919.6560770559342_509,126.56038034477199,107.56510002083476,92.56510002083476,0.0,10,5.0,Moto,Sandstorms,Medium,Other,False,0,0,0,919.6560770559342,1022.221177076769,Rota_Reduzida,1
pedido_911.7631529223128_503,103.9952972494826,109.76703139406564,109.76703139406564,17.01733433521828,5,4.575657627466469,Van,Sandstorms,Low,Urban,True,0,0,0,911.7631529223128,1026.5301843163784,Nenhuma,1
pedido_931.8518636491852_520,110.54411547980678,100.69537802536955,85.69537802536955,11.022700586954215,10,4.8445977069035955,Moto,Sunny,Jam,Urban,False,0,1,1,931.8518636491852,1027.5472416745547,Aumento_Velocidade,1
pedido_861.3968299345038_473,186.5482289557541,172.64851914202066,157.64851914202066,14.413842682920183,15,4.357496313813099,Moto,Stormy,High,Metropolitian,True,0,1,0,861.3968299345038,1034.0453490765244,Aumento_Velocidade,0
pedido_914.5404617179923_504,142.92398770794824,125.37093907009856,110.37093907009856,16.556569130769695,10,4.751765284109354,Scooter,Foggy,Medium,Metropolitian,False,0,0,0,914.5404617179923,1034.911400788091,Rota_Reduzida,1
pedido_945.0470993461882_526,101.35372819088701,95.8476645125789,80.8476645125789,9.942833383370967,10,4.805846993911698,Scooter,Sunny,High,Urban,False,0,1,1,945.0470993461882,1035.8947638587672,Aumento_Velocidade,1
pedido_928.8307196491083_519,102.31388210209956,93.40668426057469,93.40668426057469,12.647649874423848,15,4.553985398821585,Moto,Windy,Low,Metropolitian,False,0,0,0,928.8307196491083,1037.237403909683,Nenhuma,1
pedido_925.2296175376385_515,127.09381212290116,122.03617292713164,107.03617292713164,0.7597527321255173,5,4.811473661827237,Moto,Stormy,High,Metropolitian,False,0,1,0,925.2296175376385,1037.2657904647701,Aumento_Velocidade,1
pedido_998.5553062333032_557,38.69297235521382,34.07066338749481,34.07066338749481,12.048755877073217,5,4.562398862017662,Moto,Sunny,Medium,Metropolitian,True,1,0,1,998.5553062333032,1037.625969620798,Nenhuma,1
pedido_916.6379511797437_505,134.15092659931406,131.80728666942312,116.80728666942312,8.481481275320695,5,4.783917835893477,Moto,Sandstorms,Medium,Metropolitian,False,0,0,0,916.6379511797437,1038.445237849167,Rota_Reduzida,1
pedido_921.2993173011645_511,135.17790609396323,122.94242522261519,107.94242522261519,18.212494105794452,15,4.581534979473579,Scooter,Sandstorms,High,Urban,True,0,1,0,921.2993173011645,1044.2417425237797,Aumento_Velocidade,1
pedido_921.9345285726624_512,140.8609300287284,123.01977477157897,108.01977477157897,10.23502249868753,15,4.700539260514106,Scooter,Foggy,Jam,Metropolitian,False,0,1,0,921.9345285726624,1044.9543033442415,Aumento_Velocidade,1
pedido_917.5925603994039_508,134.84355452194856,127.95557986504144,112.95557986504144,8.25579940008801,15,5.0,Moto,Sandstorms,Medium,Metropolitian,False,0,0,0,917.5925603994039,1045.5481402644452,Rota_Reduzida,1
pedido_1000.0045081545076_559,68.1905988318864,56.80041909686204,41.80041909686204,3.865327812381187,5,4.180345953794874,Scooter,Sandstorms,Medium,Metropolitian,False,1,0,0,1000.0045081545076,1046.8049272513697,Rota_Reduzida,1
pedido_996.104485951471_556,44.24834550506506,47.47630547047218,47.47630547047218,0.857893284926436,5,4.730230158606722,Moto,Sunny,High,Metropolitian,True,1,1,1,996.104485951471,1048.580791421943,Nenhuma,1
pedido_949.4085059479173_530,131.33445229746053,105.77924775163531,90.77924775163531,8.098884249193055,10,4.846911937445576,Scooter,Windy,High,Metropolitian,True,0,1,0,949.4085059479173,1050.1877536995526,Aumento_Velocidade,1
pedido_940.1727234683235_524,136.69736639898753,117.16119170358333,102.16119170358333,14.62454458219,10,4.744558823085571,Moto,Stormy,Jam,Metropolitian,True,0,1,0,940.1727234683235,1052.333915171907,Aumento_Velocidade,1
pedido_953.4746560763593_532,131.86635978324088,98.89777794273411,83.89777794273411,8.228713960142176,15,4.950314327860518,Scooter,Sandstorms,Jam,Metropolitian,False,0,1,0,953.4746560763593,1052.3724340190934,Aumento_Velocidade,1
pedido_947.2199930543477_528,134.88987722351345,116.69932210431561,101.69932210431561,16.845587589414595,5,4.733890935190317,Moto,Windy,Jam,Metropolitian,False,0,1,0,947.2199930543477,1053.9193151586633,Aumento_Velocidade,1
pedido_953.5514260207846_533,127.09381212290116,100.4566020465895,85.4566020465895,1.2819259485472099,15,4.8033946087161095,Moto,Stormy,High,Metropolitian,False,0,1,0,953.5514260207846,1054.008028067374,Aumento_Velocidade,1
pedido_896.5613027060346_498,178.20030225393276,171.8414556691852,156.8414556691852,7.646762456463767,5,4.448746585860807,Moto,Foggy,High,Metropolitian,False,0,1,0,896.5613027060346,1058.4027583752197,Aumento_Velocidade,0
pedido_936.286859573705_522,132.28070567337676,133.33890448297365,118.33890448297365,15.376362039346098,5,4.799832682967369,Moto,Stormy,Medium,Metropolitian,True,0,0,0,936.286859573705,1059.6257640566787,Rota_Reduzida,1
pedido_861.5624914042729_475,199.53207884944746,203.20799001961737,188.20799001961737,15.933206635175527,10,4.447055651205129,Scooter,Stormy,Jam,Metropolitian,True,0,1,0,861.5624914042729,1059.7704814238903,Aumento_Velocidade,0
pedido_987.8687918155726_548,106.65221548234197,72.93845178556302,57.93845178556302,15.678582394673516,15,4.4856602164512065,Scooter,Sunny,High,Metropolitian,False,0,1,1,987.8687918155726,1060.8072436011357,Aumento_Velocidade,1
pedido_947.6488371119672_529,131.12923098957708,124.11524282268363,109.11524282268363,3.831340565641932,5,4.466324157617703,Moto,Sandstorms,High,Metropolitian,False,0,1,0,947.6488371119672,1061.764079934651,Aumento_Velocidade,1
pedido_932.8773153326147_521,137.6863796107108,140.17304663061202,125.17304663061202,5.901764235279611,5,4.975889828483952,Scooter,Sandstorms,High,Metropolitian,False,0,1,0,932.8773153326147,1063.0503619632268,Aumento_Velocidade,0
pedido_952.9164726006172_531,133.60311290532897,111.5617966171332,96.5617966171332,4.603939624304107,15,4.940673150590566,Scooter,Foggy,High,Metropolitian,False,0,1,0,952.9164726006172,1064.4782692177505,Aumento_Velocidade,1
pedido_958.9757632151528_536,125.79028943853449,110.84345604784478,95.84345604784478,6.466921688961262,10,4.616711953742655,Moto,Foggy,Medium,Metropolitian,False,0,0,0,958.9757632151528,1064.8192192629976,Rota_Reduzida,1
pedido_936.6548077289913_523,134.43664770387127,139.57186660362967,124.57186660362967,6.221892870585497,5,4.562167565928161,Scooter,Sandstorms,Medium,Metropolitian,False,0,0,0,936.6548077289913,1066.2266743326209,Rota_Reduzida,0
pedido_885.4626971941624_488,186.71222826858912,193.10559768035566,178.10559768035566,11.689563268698452,5,4.387047707874198,Moto,Stormy,Medium,Urban,False,0,0,0,885.4626971941624,1068.568294874518,Rota_Reduzida,0
pedido_905.0773235845495_500,160.97898056191312,155.853341160879,155.853341160879,17.082842499576703,10,4.151652735474022,Moto,Sandstorms,Low,Metropolitian,True,0,0,0,905.0773235845495,1070.9306647454284,Nenhuma,0
pedido_874.7369810508269_478,186.08615434524913,187.50051734669134,187.50051734669134,15.44907865190739,10,4.413441959651127,Van,Windy,High,Metropolitian,False,0,1,0,874.7369810508269,1072.2374983975183,Nenhuma,0
pedido_961.7098533309014_538,123.3960283444196,122.460727244217,107.460727244217,4.071484196600843,5,4.559121664088055,Moto,Stormy,Jam,Metropolitian,False,0,1,0,961.7098533309014,1074.1705805751185,Aumento_Velocidade,1
pedido_1040.9797537226184_577,47.38392760910896,21.18252443382959,21.18252443382959,12.624388738365969,15,5.0,Scooter,Windy,Jam,Metropolitian,True,1,1,0,1040.9797537226184,1077.1622781564479,Nenhuma,1
pedido_955.6767190303434_535,134.0293638312794,134.10896769017407,119.10896769017407,8.581908017028109,5,4.620666756253347,Scooter,Foggy,High,Metropolitian,False,0,1,0,955.6767190303434,1079.7856867205176,Aumento_Velocidade,1
pedido_1051.6396678761178_585,39.439834176168134,18.718823909294066,18.718823909294066,7.915743075725392,10,4.458509542191634,Scooter,Sunny,High,Metropolitian,False,1,1,1,1051.6396678761178,1080.3584917854118,Nenhuma,1
pedido_944.382260487854_525,143.94633553853276,142.20440936302523,127.20440936302523,19.169807156756413,10,4.64741252617066,Moto,Foggy,Medium,Urban,False,0,0,0,944.382260487854,1081.5866698508792,Rota_Reduzida,0
pedido_1024.9867712729251_569,96.32118997249381,58.6922792643835,43.6922792643835,8.071075924862594,15,5.0,Scooter,Sunny,Medium,Metropolitian,False,0,0,1,1024.9867712729251,1083.6790505373087,Rota_Reduzida,1
pedido_992.8528849816815_552,97.01961496543177,88.50381577178162,88.50381577178162,0.0,5,4.96313357159662,Van,Sunny,High,Metropolitian,False,0,1,1,992.8528849816815,1086.3567007534632,Nenhuma,1
pedido_946.4268097496047_527,140.9742370610932,151.81830258649364,136.81830258649364,11.645679469924211,5,4.584056529512514,Moto,Foggy,High,Urban,False,0,1,0,946.4268097496047,1088.2451123360984,Aumento_Velocidade,0
pedido_991.1697407721191_550,101.4471000441293,100.30163268524089,85.30163268524089,1.357756461971003,15,5.0,Scooter,Sunny,High,Metropolitian,True,0,1,1,991.1697407721191,1091.47137345736,Aumento_Velocidade,1
pedido_954.7426640208074_534,125.32601114698565,139.0209400723344,124.02094007233441,9.414955963104923,15,4.608695384686717,Scooter,Stormy,Jam,Metropolitian,False,0,1,0,954.7426640208074,1093.7636040931418,Aumento_Velocidade,0
pedido_924.9586877847215_514,196.7096132179201,178.9539332673015,163.9539332673015,16.477077637782617,5,4.266777294611834,Scooter,Sandstorms,Jam,Urban,False,0,1,0,924.9586877847215,1093.912621052023,Aumento_Velocidade,0
pedido_969.6337534649813_541,134.7974215953007,129.51471997221384,114.51471997221384,4.0135964122212915,10,4.726053757127043,Moto,Foggy,High,Metropolitian,False,0,1,0,969.6337534649813,1094.1484734371952,Aumento_Velocidade,1
pedido_972.2753753110568_542,132.0827558429857,127.31273741949192,112.31273741949192,8.462094103224207,10,4.625077041659452,Scooter,Sandstorms,High,Metropolitian,False,0,1,0,972.2753753110568,1094.5881127305488,Aumento_Velocidade,1
pedido_967.1974598789426_540,140.8609300287284,127.94625979725652,112.94625979725652,10.147862228666108,15,4.7364303843394815,Moto,Foggy,Jam,Urban,False,0,1,0,967.1974598789426,1095.143719676199,Aumento_Velocidade,1
pedido_1012.8183995868418_564,99.52735105208863,95.55612187743121,80.55612187743121,5.038649829669008,5,4.974172582674169,Moto,Sunny,High,Metropolitian,False,0,1,1,1012.8183995868418,1098.374521464273,Aumento_Velocidade,1
pedido_973.4563816838559_543,135.17265311746516,125.78496240634223,110.78496240634223,13.401040433911941,15,4.889728458695904,Moto,Windy,Medium,Metropolitian,False,0,0,0,973.4563816838559,1099.241344090198,Rota_Reduzida,1
pedido_977.8949969713508_545,127.0109653739065,122.65299239002778,107.65299239002778,6.755119456128476,15,4.525257250659013,Moto,Stormy,High,Urban,False,0,1,0,977.8949969713508,1100.5479893613785,Aumento_Velocidade,1
pedido_989.4231699007491_549,130.40343468734383,117.4426550277407,102.4426550277407,2.2899994168051956,10,5.0,Scooter,Windy,Jam,Metropolitian,False,0,1,0,989.4231699007491,1101.86582492849,Aumento_Velocidade,1
pedido_983.3579059787032_546,129.59265301339997,126.5601252261842,111.5601252261842,6.044101606580272,10,4.736619569209527,Moto,Foggy,Jam,Metropolitian,False,0,1,0,983.3579059787032,1104.9180312048875,Aumento_Velocidade,1
pedido_991.8067566974208_551,131.63179115712546,118.55145953082263,103.55145953082263,12.644939299795505,10,4.518191318758328,Moto,Stormy,High,Metropolitian,False,0,1,0,991.8067566974208,1105.3582162282435,Aumento_Velocidade,1
pedido_993.4792462723102_553,94.8433070415094,99.47640401042028,99.47640401042028,2.8403551494265353,15,4.723337281172201,Moto,Sunny,Low,Metropolitian,False,0,0,1,993.4792462723102,1107.9556502827304,Nenhuma,1
pedido_1000.0332552923084_560,123.39882070508894,108.10769739160332,93.10769739160332,4.156826273987603,15,4.655534639487867,Moto,Stormy,Jam,Metropolitian,False,0,1,0,1000.0332552923084,1108.1409526839116,Aumento_Velocidade,1
pedido_1004.0559161492929_562,102.95583605120125,97.0348018212974,97.0348018212974,6.261212608615792,10,4.698946981783918,Moto,Stormy,Low,Urban,False,0,0,0,1004.0559161492929,1111.0907179705903,Nenhuma,1
pedido_1002.9948971521419_561,136.6065068787768,127.19875399637232,112.19875399637232,5.39711402144352,5,4.87770577021394,Moto,Windy,Medium,Metropolitian,False,0,0,0,1002.9948971521419,1120.1936511485142,Rota_Reduzida,1
pedido_994.7430258765615_555,127.18407034260261,138.24299117410908,123.24299117410908,6.893609061860266,5,4.828795273701573,Moto,Sandstorms,Jam,Urban,False,0,1,0,994.7430258765615,1122.9860170506706,Aumento_Velocidade,0
pedido_1006.2614464270159_563,135.89637094743486,122.63385287633389,107.63385287633389,5.434891716446293,10,4.653515020986847,Moto,Sandstorms,Medium,Metropolitian,False,0,0,0,1006.2614464270159,1123.89529930335,Rota_Reduzida,1
pedido_999.134457711891_558,133.16107505005107,136.79116143923054,121.79116143923054,3.377257857515767,5,4.629589336820506,Scooter,Stormy,Medium,Metropolitian,False,0,0,0,999.134457711891,1125.9256191511215,Rota_Reduzida,0
pedido_966.0984907182258_539,142.399854513784,157.51767041148884,157.51767041148884,16.118181767503742,5,4.552349129626302,Van,Foggy,Medium,Metropolitian,False,0,0,0,966.0984907182258,1128.6161611297146,Nenhuma,0
pedido_1022.0211088110104_567,130.09616285871374,118.2549416998063,103.2549416998063,3.3250428468130977,5,5.0,Moto,Stormy,Medium,Metropolitian,True,0,0,0,1022.0211088110104,1130.2760505108167,Rota_Reduzida,1
pedido_1026.1440773866254_571,126.0502506422619,117.36176137471011,102.36176137471011,4.411952834737563,10,4.826103120137521,Moto,Sandstorms,Jam,Metropolitian,False,0,1,0,1026.1440773866254,1138.5058387613356,Aumento_Velocidade,1
pedido_974.7318272394422_544,177.13291660696615,164.76902592163142,149.76902592163142,7.68301156091723,15,4.437319642068456,Scooter,Foggy,High,Urban,True,0,1,0,974.7318272394422,1139.5008531610736,Aumento_Velocidade,0
pedido_1045.672211491573_579,108.9677970800532,104.00072155866427,89.00072155866427,21.189460647135768,5,4.95238852612002,Moto,Sunny,Medium,Metropolitian,False,0,0,1,1045.672211491573,1139.6729330502374,Rota_Reduzida,1
pedido_1102.5355543735443_616,47.00486399511734,33.31731574626811,33.31731574626811,11.88779636766241,5,4.703547651397787,Moto,Foggy,Medium,Metropolitian,True,1,0,0,1102.5355543735443,1140.8528701198125,Nenhuma,1
pedido_1019.4653478035966_566,144.13579058019133,127.43746645137978,112.43746645137978,13.66160078625423,10,4.59715327885366,Scooter,Foggy,High,Metropolitian,True,0,1,0,1019.4653478035966,1141.9028142549764,Aumento_Velocidade,1
pedido_1015.0944957188316_565,137.06068461447066,128.76506977587673,113.76506977587673,21.68008148970272,15,5.0,Moto,Sandstorms,Medium,Metropolitian,False,0,0,0,1015.0944957188316,1143.8595654947085,Rota_Reduzida,1
pedido_994.3182877441589_554,150.78056749274756,151.01226132976387,136.01226132976387,13.745855192293579,15,4.9189310867876355,Moto,Foggy,Jam,Urban,True,0,1,0,994.3182877441589,1145.3305490739226,Aumento_Velocidade,0
pedido_1026.9636899121435_572,132.37640653175018,128.512597063679,113.51259706367901,4.71685738027008,5,4.756134653798328,Scooter,Sandstorms,High,Metropolitian,False,0,1,0,1026.9636899121435,1145.4762869758226,Aumento_Velocidade,1
pedido_1083.1827903405504_603,48.34182577270749,57.976433326030204,57.976433326030204,17.670234858116917,5,4.5527399333746486,Moto,Foggy,Medium,Metropolitian,False,1,0,0,1083.1827903405504,1146.1592236665806,Nenhuma,1
pedido_1049.5367366256633_583,102.38665475488781,98.37680107860317,83.37680107860317,14.569336225290932,15,4.632541609851822,Scooter,Sunny,High,Metropolitian,False,0,1,1,1049.5367366256633,1147.9135377042664,Aumento_Velocidade,1
pedido_1040.1978735009443_575,127.2412030103888,118.49141480448107,103.49141480448107,5.544550748654293,5,4.594706936133687,Scooter,Stormy,High,Urban,False,0,1,0,1040.1978735009443,1148.6892883054254,Aumento_Velocidade,1
pedido_984.6651972743747_547,175.57744083983374,172.5521879600251,157.5521879600251,7.825746627400489,10,4.359664886398091,Scooter,Windy,High,Metropolitian,False,0,1,0,984.6651972743747,1152.2173852344,Aumento_Velocidade,0
pedido_1088.4827694297471_611,98.09455266861596,76.45382123450715,61.453821234507146,5.7123024945603555,5,4.667867604581274,Moto,Sunny,High,Metropolitian,False,0,1,1,1088.4827694297471,1154.9365906642543,Aumento_Velocidade,1
pedido_1022.2974104054516_568,133.77483873398543,143.09414258909692,128.09414258909692,14.654530483156615,5,4.637213899332233,Moto,Stormy,Medium,Urban,False,0,0,0,1022.2974104054516,1155.3915529945484,Rota_Reduzida,0
pedido_1034.3033430149046_574,144.1801885397399,138.724905403024,123.724905403024,14.627576837586624,5,4.469460237778779,Moto,Foggy,High,Metropolitian,True,0,1,0,1034.3033430149046,1163.0282484179286,Aumento_Velocidade,0
pedido_1063.2084881788037_590,131.63498073960474,105.78025051364415,90.78025051364415,11.31678864876936,10,4.6152078906792555,Scooter,Stormy,High,Metropolitian,False,0,1,0,1063.2084881788037,1163.988738692448,Aumento_Velocidade,1
pedido_1121.8858218529128_623,45.514426001599844,27.208786310814787,27.208786310814787,20.345695878364,15,4.668255366741389,Moto,Foggy,High,Urban,False,1,1,0,1121.8858218529128,1164.0946081637276,Nenhuma,1
pedido_1065.3204618850204_593,133.89064334837138,106.47014650881883,91.47014650881883,3.0415374298922377,10,4.684474530892513,Moto,Foggy,High,Metropolitian,False,0,1,0,1065.3204618850204,1166.7906083938392,Aumento_Velocidade,1
pedido_1047.9813560076227_582,120.35610629725981,104.55876800719717,104.55876800719717,15.269189500786531,15,4.6270286243031045,Van,Sunny,Low,Urban,False,0,0,1,1047.9813560076227,1167.5401240148199,Nenhuma,1
pedido_1075.5886324032253_600,131.6116975705698,106.76062864267656,91.76062864267656,7.776409724230922,5,4.7533426300113755,Scooter,Windy,High,Metropolitian,True,0,1,0,1075.5886324032253,1172.3492610459018,Aumento_Velocidade,1
pedido_1049.6964383990648_584,134.8819635623919,127.82613277795707,112.82613277795707,15.610184000811724,10,4.692960285795784,Scooter,Windy,Medium,Metropolitian,False,0,0,0,1049.6964383990648,1172.522571177022,Rota_Reduzida,1
pedido_1054.2354437520694_587,135.9931238659827,131.08573753951967,116.08573753951967,4.720034365773909,5,4.477918646564465,Moto,Sandstorms,Medium,Metropolitian,True,0,0,0,1054.2354437520694,1175.321181291589,Rota_Reduzida,1
pedido_1053.3127705403053_586,131.74686327910285,124.18276086651039,109.18276086651039,17.108726018345493,15,4.525194116080981,Scooter,Stormy,High,Urban,True,0,1,0,1053.3127705403053,1177.4955314068156,Aumento_Velocidade,1
pedido_1065.787450636665_594,130.01339839417997,118.58337703242816,103.58337703242816,4.339006800240011,15,4.8713144107797595,Moto,Windy,Jam,Urban,True,0,1,0,1065.787450636665,1184.3708276690932,Aumento_Velocidade,1
pedido_1046.1712929177984_581,135.83417374986172,135.39828981785294,135.39828981785294,12.306696580346532,5,4.651971546111393,Van,Sandstorms,High,Metropolitian,True,0,1,0,1046.1712929177984,1186.5695827356512,Nenhuma,0
pedido_1068.9982569474162_596,139.66215885312468,123.21228964114067,108.21228964114067,14.889420803402741,10,5.0,Moto,Windy,High,Metropolitian,True,0,1,0,1068.9982569474162,1187.2105465885568,Aumento_Velocidade,1
pedido_1094.6701733364087_613,127.09381212290116,104.69094488701887,89.69094488701887,1.4449921310340819,5,4.816304860419284,Moto,Stormy,High,Metropolitian,False,0,1,0,1094.6701733364087,1189.3611182234276,Aumento_Velocidade,1
pedido_1148.8555008839933_638,44.87594789488295,31.9818055801288,31.9818055801288,6.578056143685549,15,4.739621768979543,Moto,Windy,High,Urban,False,1,1,0,1148.8555008839933,1195.837306464122,Nenhuma,1
pedido_1102.3090590049737_615,132.08039412490245,96.50046258224359,81.50046258224359,2.280036871120637,15,4.786022995857204,Moto,Sandstorms,High,Metropolitian,False,0,1,0,1102.3090590049737,1198.8095215872172,Aumento_Velocidade,1
pedido_1031.2757038916395_573,178.27176568042717,168.90031911722411,153.90031911722411,7.2577252890884045,15,4.387725850840367,Scooter,Foggy,High,Metropolitian,False,0,1,0,1031.2757038916395,1200.1760230088637,Aumento_Velocidade,0
pedido_1071.8985192995613_598,134.87988846989217,123.37469058710909,123.37469058710909,1.393311412598147,5,4.7928091594168745,Van,Foggy,High,Metropolitian,False,0,1,0,1071.8985192995613,1200.2732098866704,Nenhuma,0
pedido_1040.351100610392_576,175.39440262084142,166.0922446859928,151.0922446859928,8.995427808282994,10,4.4127813365617,Moto,Stormy,High,Urban,False,0,1,0,1040.351100610392,1201.443345296385,Aumento_Velocidade,0
pedido_1069.6042523332524_597,150.1587248623217,139.62277701565657,124.62277701565657,17.280763912553837,10,4.890329224570941,Moto,Foggy,Jam,Metropolitian,False,0,1,0,1069.6042523332524,1204.227029348909,Aumento_Velocidade,0
pedido_1058.9143251901262_589,134.57536956458327,155.33145975569752,140.33145975569752,16.857951207057123,5,4.8230042763584136,Moto,Sandstorms,High,Urban,False,0,1,0,1058.9143251901262,1204.2457849458237,Aumento_Velocidade,0
pedido_1131.6400768802357_630,99.11269436582832,73.2675149610229,58.2675149610229,8.769821044308154,15,4.764194989337813,Moto,Sunny,Medium,Metropolitian,True,0,0,1,1131.6400768802357,1204.9075918412586,Rota_Reduzida,1
pedido_1085.3822800809128_607,123.95709700399927,124.72721417369695,109.72721417369695,3.6240339934408414,10,4.9751916126473015,Moto,Stormy,Jam,Metropolitian,False,0,1,0,1085.3822800809128,1205.1094942546097,Aumento_Velocidade,1
pedido_1072.1376545542187_599,133.6188055908637,133.43226629256333,118.43226629256333,6.025442514723083,15,4.824380956721485,Scooter,Foggy,High,Urban,False,0,1,0,1072.1376545542187,1205.569920846782,Aumento_Velocidade,1
pedido_1103.3117480847711_617,135.37274343618463,109.36447196510039,94.36447196510039,18.858890120374266,10,4.687866884041076,Moto,Windy,Jam,Metropolitian,False,0,1,0,1103.3117480847711,1207.6762200498715,Aumento_Velocidade,1
pedido_1087.7947772806976_610,142.399854513784,125.02724583667725,110.02724583667725,15.236819673696745,10,4.632411886980811,Moto,Foggy,Medium,Metropolitian,False,0,0,0,1087.7947772806976,1207.822023117375,Rota_Reduzida,1
pedido_1079.5701493721315_602,127.70402208782725,135.19776407375124,120.19776407375124,5.262237227220815,10,4.779328366904356,Moto,Stormy,High,Metropolitian,False,0,1,0,1079.5701493721315,1209.7679134458826,Aumento_Velocidade,0
pedido_1044.0156904286764_578,176.41363503441153,151.28460756736945,151.28460756736945,1.64098986399266,15,4.370237273054791,Van,Sandstorms,High,Metropolitian,True,0,1,0,1044.0156904286764,1210.3002979960459,Nenhuma,0
pedido_1087.2257774388372_609,129.59003105955182,108.86612559320714,108.86612559320714,8.176469531504614,15,4.50519844562193,Van,Windy,Jam,Metropolitian,False,0,1,0,1087.2257774388372,1211.0919030320445,Nenhuma,1
pedido_1084.9788658531672_606,127.75939974483867,126.63260362534041,111.63260362534041,6.651070959738246,15,4.47259789114725,Moto,Windy,Jam,Metropolitian,False,0,1,0,1084.9788658531672,1211.6114694785076,Aumento_Velocidade,1
pedido_1086.1058090986076_608,126.35659703130803,131.12215964179794,116.12215964179794,7.051237514875868,10,4.6644208703606465,Scooter,Foggy,Medium,Urban,True,0,0,0,1086.1058090986076,1212.2279687404055,Rota_Reduzida,1
pedido_1123.467962599431_625,101.76341635504228,99.86289635791184,84.86289635791184,3.137088172829679,5,4.547245649057233,Moto,Sunny,Jam,Urban,False,0,1,1,1123.467962599431,1213.330858957343,Aumento_Velocidade,1
pedido_1064.262304077029_591,183.76047336577227,151.10104483626662,136.10104483626662,16.41936708367471,15,4.237093103371586,Moto,Stormy,Medium,Urban,False,0,0,0,1064.262304077029,1215.3633489132958,Rota_Reduzida,0
pedido_1084.3494026057585_605,133.68532923575702,136.34162945883207,121.34162945883207,11.983176507872672,10,4.785454216226743,Moto,Sandstorms,High,Metropolitian,False,0,1,0,1084.3494026057585,1215.6910320645907,Aumento_Velocidade,0
pedido_1077.7207897158285_601,139.74503677141473,146.10171253794323,131.10171253794323,13.996433688442975,10,4.659867926276922,Moto,Windy,Jam,Metropolitian,True,0,1,0,1077.7207897158285,1218.8225022537717,Aumento_Velocidade,0
pedido_1118.7146763350877_621,122.33279266024232,111.10151788594595,91.10151788594595,4.962061292505933,10,4.582371527253741,Moto,Windy,High,Other,False,0,1,0,1118.7146763350877,1219.8161942210336,Rota_Reduzida,1
pedido_1117.417501174743_620,106.58412499837675,103.435110253415,88.435110253415,17.957713549205565,15,4.5398416854109325,Moto,Sunny,High,Metropolitian,False,0,1,1,1117.417501174743,1220.8526114281578,Aumento_Velocidade,1
pedido_1137.1491058109245_631,111.13387584483073,85.04284429523732,70.04284429523732,12.148961894197631,15,4.816323932708691,Moto,Sunny,Jam,Metropolitian,True,0,1,1,1137.1491058109245,1222.1919501061618,Aumento_Velocidade,1
pedido_1106.978921647898_619,133.51436495609533,115.55484546900234,100.55484546900234,14.359441717792892,15,4.945982484794286,Scooter,Stormy,Jam,Metropolitian,False,0,1,0,1106.978921647898,1222.5337671169004,Aumento_Velocidade,1
pedido_1168.903573411092_649,43.9149972688683,50.26135367813082,50.26135367813082,12.138202690184436,5,5.0,Scooter,Sunny,High,Metropolitian,True,1,1,1,1168.903573411092,1224.1649270892228,Nenhuma,1
pedido_1180.4892033454473_658,49.33594724246878,34.9404451005498,34.9404451005498,17.126734612144656,10,4.525464387646182,Moto,Stormy,Medium,Metropolitian,True,1,0,0,1180.4892033454473,1225.4296484459971,Nenhuma,1
pedido_1067.2504020060137_595,174.58626827397765,169.02445431022534,154.02445431022534,4.149358570404552,5,4.288726190173837,Scooter,Foggy,Medium,Metropolitian,False,0,0,0,1067.2504020060137,1226.274856316239,Rota_Reduzida,0
pedido_1056.9556039895842_588,197.0738843340623,175.74896504307935,160.74896504307935,13.717002525644862,10,4.438069383816597,Moto,Windy,Jam,Urban,False,0,1,0,1056.9556039895842,1227.7045690326636,Aumento_Velocidade,0
pedido_1025.7196251744615_570,203.71666751890126,204.20822565610783,189.20822565610783,22.11034145243744,15,4.341222906799158,Moto,Foggy,Jam,Urban,False,0,1,0,1025.7196251744615,1229.9278508305692,Aumento_Velocidade,0
pedido_1064.3933431076068_592,185.83590190739548,166.95106416390044,151.95106416390044,15.216182378712894,15,4.399275193809933,Scooter,Sandstorms,High,Metropolitian,False,0,1,0,1064.3933431076068,1231.3444072715072,Aumento_Velocidade,0
pedido_1046.0464627742012_580,185.48152588452112,183.28574115806475,183.28574115806475,15.752104003080374,10,4.202547143106278,Van,Sandstorms,High,Metropolitian,True,0,1,0,1046.0464627742012,1239.332203932266,Nenhuma,0
pedido_1143.8076567075689_635,101.15974114210717,80.96109884635342,80.96109884635342,9.368324368952669,15,4.596104302191527,Moto,Foggy,Low,Metropolitian,False,0,0,0,1143.8076567075689,1239.7687555539223,Nenhuma,1
pedido_1138.0427840553914_632,134.53797187709787,107.38168165485523,92.38168165485523,17.907826194540394,10,4.868963453899838,Moto,Sandstorms,High,Metropolitian,True,0,1,0,1138.0427840553914,1240.4244657102465,Aumento_Velocidade,1
pedido_1122.4961777166775_624,140.51168658078788,129.91765858297043,114.91765858297043,19.273973284859967,5,4.5645743787292865,Scooter,Windy,Jam,Metropolitian,True,0,1,0,1122.4961777166775,1242.413836299648,Aumento_Velocidade,1
pedido_1125.324555098494_626,132.42513741150682,122.20846396418446,107.20846396418446,6.554940542439656,10,4.5709045506889945,Moto,Sandstorms,High,Metropolitian,False,0,1,0,1125.324555098494,1242.5330190626785,Aumento_Velocidade,1
pedido_1131.3535293321768_629,130.51003215022882,121.72985501648245,106.72985501648245,2.727235351479024,10,4.828109850335848,Scooter,Windy,High,Metropolitian,False,0,1,0,1131.3535293321768,1248.0833843486591,Aumento_Velocidade,1
pedido_1128.811046532006_628,130.94526367133798,132.68790553552898,117.68790553552898,12.663918938832444,5,4.622260686438482,Moto,Stormy,High,Metropolitian,False,0,1,0,1128.811046532006,1251.498952067535,Aumento_Velocidade,1
pedido_1165.216087792992_648,102.35835505279411,87.54269144668775,72.54269144668775,16.34891099040743,15,4.912334453039062,Moto,Sunny,Medium,Metropolitian,False,0,0,1,1165.216087792992,1252.7587792396798,Rota_Reduzida,1
pedido_1156.9931039265375_641,122.51847692005379,107.39738725582502,87.39738725582502,7.456197114182879,10,4.52594032096984,Scooter,Stormy,High,Other,False,0,1,0,1156.9931039265375,1254.3904911823624,Rota_Reduzida,1
pedido_1084.0660987816887_604,171.56319308353963,176.51425352202804,161.51425352202804,12.510984757171697,10,3.9735093812512594,Moto,Sunny,Jam,Urban,False,0,1,1,1084.0660987816887,1255.5803523037166,Aumento_Velocidade,0
pedido_1162.6182903994234_646,119.07812961897582,99.42532611987637,84.42532611987637,9.013492601679147,10,4.834699984937035,Moto,Foggy,Medium,Other,False,0,0,0,1162.6182903994234,1257.0436165192998,Rota_Reduzida,1
pedido_1148.2254203031607_637,128.1243542344259,108.99048853205038,93.99048853205038,10.11215852782123,15,4.503200699322348,Moto,Stormy,High,Urban,False,0,1,0,1148.2254203031607,1257.2159088352112,Aumento_Velocidade,1
pedido_1161.3311631021945_645,131.66571596707422,96.06912119429666,81.06912119429666,11.534376160646303,15,4.693249489492886,Moto,Stormy,High,Urban,True,0,1,0,1161.3311631021945,1257.4002842964912,Aumento_Velocidade,1
pedido_1128.7639804295998_627,125.0091724931337,134.4736800030879,119.4736800030879,4.140003570555569,10,4.461110092871995,Scooter,Foggy,Medium,Urban,False,0,0,0,1128.7639804295998,1258.2376604326878,Rota_Reduzida,1
pedido_1121.4633395559383_622,99.10286635211625,132.01095025141512,132.01095025141512,4.218607182581713,5,4.49670843262707,Moto,Sunny,Low,Metropolitian,True,0,0,1,1121.4633395559383,1258.4742898073534,Nenhuma,0
pedido_1177.8659099423328_655,99.27905819169862,87.33293968696178,72.33293968696178,7.069998391231322,10,4.781752891564729,Scooter,Sunny,Jam,Metropolitian,False,0,1,1,1177.8659099423328,1260.1988496292945,Aumento_Velocidade,1
pedido_1147.2400242082144_636,134.82452618555226,119.5192018548164,104.5192018548164,16.870812970601527,10,4.589046644559877,Scooter,Stormy,Medium,Metropolitian,True,0,0,0,1147.2400242082144,1261.7592260630308,Rota_Reduzida,1
pedido_1173.7750274529628_653,94.59897983503738,88.43834105841249,73.43834105841249,9.157759185247425,15,4.707745230170348,Moto,Sunny,High,Metropolitian,False,0,1,1,1173.7750274529628,1262.2133685113754,Aumento_Velocidade,1
pedido_1140.0872034533922_633,140.4871397671035,127.79246159500664,112.79246159500664,16.28267318212332,10,4.820974479937828,Moto,Foggy,High,Metropolitian,False,0,1,0,1140.0872034533922,1262.879665048399,Aumento_Velocidade,1
pedido_1187.2062988695784_661,100.00171326255364,88.05611653104688,73.05611653104688,4.78606458506088,5,4.744748573150582,Moto,Sunny,High,Metropolitian,True,0,1,1,1187.2062988695784,1265.2624154006253,Aumento_Velocidade,1
pedido_1154.3945396704532_640,103.79713811209523,108.51180293849268,108.51180293849268,11.881574892959737,5,4.706467567187857,Scooter,Windy,Low,Urban,False,0,0,0,1154.3945396704532,1267.906342608946,Nenhuma,1
pedido_1164.5793307018646_647,133.27005168612786,104.68662995166113,89.68662995166113,16.574814360711436,15,4.9677725707127,Moto,Stormy,High,Metropolitian,True,0,1,0,1164.5793307018646,1269.2659606535258,Aumento_Velocidade,1
pedido_1158.7822037221395_642,133.6914941813261,122.96728787722901,107.96728787722901,9.540318796908954,5,4.561815502041498,Scooter,Windy,High,Metropolitian,False,0,1,0,1158.7822037221395,1271.7494915993684,Aumento_Velocidade,1
pedido_1193.2060817221516_668,95.31184662123282,84.17808558725969,69.17808558725969,2.1956880721169285,10,4.675880146273999,Scooter,Sunny,High,Metropolitian,False,0,1,1,1193.2060817221516,1272.3841673094112,Aumento_Velocidade,1
pedido_1159.2300008469306_643,132.72189536850425,127.39877901441105,112.39877901441105,15.874472479848816,5,4.481410977676498,Scooter,Windy,High,Metropolitian,False,0,1,0,1159.2300008469306,1276.6287798613416,Aumento_Velocidade,1
pedido_1191.7376695194973_663,109.59442517378581,85.11167299356903,70.11167299356903,13.545031013047998,15,4.755113000548842,Scooter,Sunny,Jam,Urban,False,0,1,1,1191.7376695194973,1276.8493425130664,Aumento_Velocidade,1
pedido_1094.2583023703637_612,197.0204440413701,178.34243541151952,178.34243541151952,15.825154110699271,5,4.260626525807108,Van,Sandstorms,Jam,Metropolitian,False,0,1,0,1094.2583023703637,1277.6007377818833,Nenhuma,0
pedido_1105.2928691823242_618,186.79431132306865,182.91067961481758,167.91067961481758,10.703099303767083,5,4.4470094419703585,Scooter,Foggy,High,Metropolitian,False,0,1,0,1105.2928691823242,1278.2035487971418,Aumento_Velocidade,0
pedido_1100.0104012693291_614,201.30391068950772,182.33049923574998,167.33049923574998,18.570583024193688,15,4.430218983442686,Scooter,Foggy,Jam,Urban,False,0,1,0,1100.0104012693291,1282.3409005050792,Aumento_Velocidade,0
pedido_1160.2913968696025_644,134.82985775917936,139.11378975782984,124.11378975782984,4.366443982321209,5,4.5561058108938575,Scooter,Foggy,High,Metropolitian,False,0,1,0,1160.2913968696025,1289.4051866274324,Aumento_Velocidade,0
pedido_1171.2200008449129_651,135.16710823385,123.00113380151612,108.00113380151612,10.666932650128935,15,4.8784852747979315,Scooter,Stormy,Jam,Metropolitian,False,0,1,0,1171.2200008449129,1294.221134646429,Aumento_Velocidade,1
pedido_1192.2461218230799_666,100.49268970389923,88.6355339299203,88.6355339299203,2.7300597115710503,15,5.0,Moto,Windy,Low,Metropolitian,False,0,0,0,1192.2461218230799,1295.8816557530001,Nenhuma,1
pedido_1180.4352036795751_657,134.20702046845372,117.009036727173,102.009036727173,16.03596089170095,15,4.736976325239022,Moto,Sandstorms,High,Metropolitian,False,0,1,0,1180.4352036795751,1297.4442404067481,Aumento_Velocidade,1
pedido_1153.74702775774_639,128.5701615747001,136.35364169138757,136.35364169138757,6.26108153612064,10,4.767585271019788,Van,Stormy,High,Metropolitian,False,0,1,0,1153.74702775774,1300.1006694491275,Nenhuma,0
pedido_1202.3181319742246_672,103.04938568949098,83.63601850683094,83.63601850683094,3.3020041838211522,15,4.728559756321466,Scooter,Sandstorms,Low,Urban,False,0,0,0,1202.3181319742246,1300.9541504810554,Nenhuma,1
pedido_1192.088139312334_664,132.4886587340063,119.99840075470046,104.99840075470046,3.1871580896837233,5,4.62928410651319,Moto,Sandstorms,High,Metropolitian,False,0,1,0,1192.088139312334,1302.0865400670345,Aumento_Velocidade,1
pedido_1172.4700260401407_652,130.64658772735189,131.1250049674,116.1250049674,14.845831428927085,15,4.6833019467762185,Scooter,Stormy,High,Metropolitian,True,0,1,0,1172.4700260401407,1303.5950310075407,Aumento_Velocidade,1
pedido_1197.8848307337337_669,133.783626981442,112.51186198694357,97.51186198694357,13.168301018346838,10,4.633267909931037,Scooter,Windy,High,Metropolitian,False,0,1,0,1197.8848307337337,1305.3966927206773,Aumento_Velocidade,1
pedido_1170.3570958122775_650,143.49942842020658,145.7842902697851,130.7842902697851,10.383279918258754,5,4.603312311146632,Scooter,Windy,Jam,Metropolitian,False,0,1,0,1170.3570958122775,1306.1413860820626,Aumento_Velocidade,0
pedido_1192.1961306896214_665,134.01173920623864,124.96113217092147,109.96113217092147,3.8351745002299675,5,4.947924748070203,Moto,Foggy,High,Metropolitian,False,0,1,0,1192.1961306896214,1307.157262860543,Aumento_Velocidade,1
pedido_1176.284255689207_654,130.82602286753024,140.9540764696178,125.9540764696178,4.88178891775957,5,4.790085528354601,Scooter,Windy,High,Metropolitian,False,0,1,0,1176.284255689207,1307.2383321588247,Aumento_Velocidade,0
pedido_1178.141169242711_656,129.40212335353058,134.73584632138162,119.73584632138162,13.901368489953846,10,4.7406853344666136,Moto,Stormy,High,Metropolitian,False,0,1,0,1178.141169242711,1307.8770155640925,Aumento_Velocidade,1
pedido_1142.3854199060047_634,162.0414039713252,155.91735144259445,155.91735144259445,14.412165537779346,10,4.3075820349324925,Moto,Stormy,Low,Metropolitian,True,0,0,0,1142.3854199060047,1308.3027713485992,Nenhuma,0
pedido_1271.2619546112046_706,44.52366440408197,22.860590994392695,22.860590994392695,15.986649176196563,15,4.623494087707431,Scooter,Foggy,High,Urban,False,1,1,0,1271.2619546112046,1309.1225456055972,Nenhuma,1
pedido_1185.9735397893755_660,140.178848199621,124.32507139333606,109.32507139333606,10.430212151090963,15,4.913556032952173,Moto,Windy,Jam,Metropolitian,False,0,1,0,1185.9735397893755,1310.2986111827115,Aumento_Velocidade,1
pedido_1208.1899520341071_677,139.92856809439172,111.46349126293039,96.46349126293039,16.594653807548088,10,4.696084127278184,Moto,Windy,Jam,Urban,True,0,1,0,1208.1899520341071,1314.6534432970375,Aumento_Velocidade,1
pedido_1202.1321668208418_671,134.87988846989217,113.41078976820191,98.41078976820191,0.3406489203199561,15,4.7993397830048306,Moto,Foggy,High,Urban,False,0,1,0,1202.1321668208418,1315.5429565890438,Aumento_Velocidade,1
pedido_1232.1796123278918_688,100.67102038097885,98.24667971112187,83.24667971112187,8.831615542115465,5,4.954966144762022,Moto,Sunny,Jam,Metropolitian,False,0,1,1,1232.1796123278918,1320.4262920390138,Aumento_Velocidade,1
pedido_1216.688892894714_680,133.87595194938137,111.2994146273265,96.2994146273265,5.59988223782611,10,4.5697881548382835,Scooter,Foggy,High,Metropolitian,False,0,1,0,1216.688892894714,1322.9883075220405,Aumento_Velocidade,1
pedido_1228.8037720880193_685,110.54026691812493,99.78542974452425,84.78542974452425,23.2149778997835,10,4.634758691560506,Scooter,Sunny,Jam,Metropolitian,False,0,1,1,1228.8037720880193,1323.5892018325435,Aumento_Velocidade,1
pedido_1202.796783471601_673,138.48977505468906,122.35117811272164,107.35117811272164,17.71245205999881,15,4.53512458326973,Scooter,Sandstorms,Medium,Metropolitian,False,0,0,0,1202.796783471601,1325.1479615843227,Rota_Reduzida,1
pedido_1207.2528007734327_675,132.6844152232531,129.0460496249808,114.04604962498081,12.185548322331925,5,4.626126006801376,Moto,Windy,High,Metropolitian,False,0,1,0,1207.2528007734327,1326.2988503984134,Aumento_Velocidade,1
pedido_1215.145544435401_679,131.80741139350275,121.36337054204955,106.36337054204955,17.213694880361974,5,4.812087910181873,Scooter,Stormy,High,Metropolitian,True,0,1,0,1215.145544435401,1326.5089149774506,Aumento_Velocidade,1
pedido_1242.8465540304903_691,103.40803849403761,69.54082248566664,69.54082248566664,6.158122631335439,15,4.491313437510396,Scooter,Sandstorms,Low,Metropolitian,True,0,0,0,1242.8465540304903,1327.387376516157,Nenhuma,1
pedido_1212.620746831604_678,130.94526367133798,126.25511838353515,111.25511838353515,12.823570134515505,5,4.571243535945541,Moto,Stormy,High,Metropolitian,False,0,1,0,1212.620746831604,1328.8758652151391,Aumento_Velocidade,1
pedido_1205.115461812958_674,134.40539903365476,140.25299782951143,125.25299782951143,14.584172522466659,5,4.501132764351399,Moto,Stormy,Medium,Urban,False,0,0,0,1205.115461812958,1335.3684596424696,Rota_Reduzida,0
pedido_1190.5029794700354_662,178.32235462636493,144.86740629121903,129.86740629121903,6.349125313526961,15,4.386811549079447,Moto,Foggy,High,Metropolitian,False,0,1,0,1190.5029794700354,1335.3703857612545,Aumento_Velocidade,0
pedido_1239.5770565571095_690,111.04340742701856,101.80937691912551,86.80937691912551,11.768473262460171,10,4.7288511960219015,Scooter,Sunny,Jam,Metropolitian,False,0,1,1,1239.5770565571095,1336.386433476235,Aumento_Velocidade,1
pedido_1207.5284493963945_676,130.66464931595345,134.7816295281745,119.7816295281745,7.664532140310448,10,4.8173251855681265,Moto,Windy,High,Metropolitian,True,0,1,0,1207.5284493963945,1337.310078924569,Aumento_Velocidade,1
pedido_1223.8856169702417_682,133.02011079179732,123.45317469707953,108.45317469707953,16.94831379956599,5,4.529673592348573,Moto,Windy,High,Metropolitian,False,0,1,0,1223.8856169702417,1337.3387916673212,Aumento_Velocidade,1
pedido_1230.5765254763198_687,130.1081869375424,113.9614563268583,98.9614563268583,6.9323285603617375,15,4.6189031139343015,Scooter,Windy,High,Metropolitian,True,0,1,0,1230.5765254763198,1344.5379818031781,Aumento_Velocidade,1
pedido_1185.3763891095798_659,168.05046883668413,160.76879003810348,145.76879003810348,15.503287611383172,15,4.440404744623428,Scooter,Sunny,Jam,Metropolitian,False,0,1,1,1185.3763891095798,1346.1451791476834,Aumento_Velocidade,0
pedido_1244.425996327457_693,102.36359673079266,90.43566676920602,90.43566676920602,14.226875477056602,15,4.860763821782201,Van,Stormy,Low,Metropolitian,False,0,0,0,1244.425996327457,1349.861663096663,Nenhuma,1
pedido_1239.574101998355_689,132.06234873211497,116.4175753542133,101.4175753542133,7.098482386189487,10,4.811775627859503,Moto,Sandstorms,High,Metropolitian,False,0,1,0,1239.574101998355,1350.9916773525683,Aumento_Velocidade,1
pedido_1255.1342506932588_696,102.26223545671338,87.94791051117433,87.94791051117433,2.565994846965989,10,4.871066497821017,Moto,Sandstorms,Low,Metropolitian,True,0,0,0,1255.1342506932588,1353.082161204433,Nenhuma,1
pedido_1259.9221752582753_699,104.46665927579282,93.97688197942111,93.97688197942111,17.57393570200281,5,4.775624912263246,Moto,Windy,Low,Metropolitian,False,0,0,0,1259.9221752582753,1358.8990572376963,Nenhuma,1
pedido_1269.0681599598843_705,104.17125901605172,90.49483666047962,75.49483666047962,20.451429489068786,15,4.672730856218841,Scooter,Sunny,High,Metropolitian,False,0,1,1,1269.0681599598843,1359.562996620364,Aumento_Velocidade,1
pedido_1228.4740448170812_683,130.83341167961183,133.26425567860895,133.26425567860895,7.277725037108514,5,4.5546015844577346,Van,Sandstorms,High,Metropolitian,True,0,1,0,1228.4740448170812,1366.73830049569,Nenhuma,0
pedido_1192.7455312834602_667,200.78037868020564,184.04165133378598,169.04165133378598,13.318153995855262,5,4.39553520837403,Scooter,Foggy,Jam,Metropolitian,True,0,1,0,1192.7455312834602,1366.7871826172461,Aumento_Velocidade,0
pedido_1253.7338185124115_695,140.6809815212361,123.60268449898885,108.60268449898885,13.966845652350607,10,5.0,Scooter,Windy,Jam,Metropolitian,False,0,1,0,1253.7338185124115,1372.3365030114003,Aumento_Velocidade,1
pedido_1255.407973404895_697,132.52653517314405,129.82412265461946,114.82412265461946,14.916041935281777,5,4.543604654596583,Moto,Windy,High,Metropolitian,False,0,1,0,1255.407973404895,1375.2320960595146,Aumento_Velocidade,1
pedido_1228.5978052077426_684,174.17173182809626,157.70709703998017,142.70709703998017,3.444577000681617,5,4.438606926938333,Scooter,Windy,High,Metropolitian,False,0,1,0,1228.5978052077426,1376.3049022477228,Aumento_Velocidade,0
pedido_1260.1291338703443_700,143.18182763652143,121.76066580452365,106.76066580452365,14.50082182384063,10,4.566426166378737,Moto,Foggy,Medium,Urban,True,0,0,0,1260.1291338703443,1376.8897996748678,Rota_Reduzida,1
pedido_1328.276630154326_733,63.59207301809266,38.675156330452054,38.675156330452054,7.02951580755255,10,4.432764819924274,Van,Stormy,High,Urban,True,1,1,0,1328.276630154326,1376.951786484778,Nenhuma,1
pedido_1259.007738930139_698,132.58553439865142,128.71598161460594,113.71598161460594,7.663979672207629,5,4.719615376409351,Moto,Stormy,Medium,Metropolitian,False,0,0,0,1259.007738930139,1377.723720544745,Rota_Reduzida,1
pedido_1250.598976909203_694,139.3747848050346,134.6088471753501,119.60884717535009,10.715519678209215,10,4.6485765227841584,Moto,Windy,Medium,Metropolitian,True,0,0,0,1250.598976909203,1380.207824084553,Rota_Reduzida,1
pedido_1200.2460961748377_670,185.67473937622736,190.72909324455455,175.72909324455455,12.620555382868213,5,4.441097702280741,Moto,Windy,High,Metropolitian,False,0,1,0,1200.2460961748377,1380.9751894193923,Aumento_Velocidade,0
pedido_1288.4047317412005_717,128.09910493591923,104.81150365032492,89.81150365032492,4.783354024577003,5,4.8423999233627395,Moto,Foggy,Medium,Metropolitian,True,0,0,0,1288.4047317412005,1383.2162353915255,Rota_Reduzida,1
pedido_1317.4672798299694_729,97.73645979857947,78.25380364839636,63.25380364839636,5.57459966911024,10,4.8034938736267225,Moto,Sunny,High,Urban,False,0,1,1,1317.4672798299694,1390.7210834783657,Aumento_Velocidade,1
pedido_1264.9807234050281_701,134.40539903365476,136.5980334947426,121.5980334947426,14.69361476431022,5,4.517315433910285,Moto,Stormy,Medium,Metropolitian,False,0,0,0,1264.9807234050281,1391.5787568997707,Rota_Reduzida,0
pedido_1267.2034331654884_703,133.87638909820663,129.47680643663364,114.47680643663364,15.854977974041052,10,4.539863238238858,Scooter,Windy,High,Urban,True,0,1,0,1267.2034331654884,1391.6802396021221,Aumento_Velocidade,1
pedido_1281.42313048363_713,125.28956694435125,111.72452692925583,96.72452692925583,3.1181211784144884,15,4.494090530220959,Scooter,Stormy,High,Metropolitian,False,0,1,0,1281.42313048363,1393.147657412886,Aumento_Velocidade,1
pedido_1266.9391752749198_702,132.51708626687187,138.64958350505975,123.64958350505975,2.4787335930614462,5,5.0,Moto,Windy,High,Metropolitian,True,0,1,0,1266.9391752749198,1395.5887587799796,Aumento_Velocidade,0
pedido_1288.921781328875_718,136.4385848531475,113.00854182385515,98.00854182385515,16.731743279799513,10,4.811557354149982,Scooter,Sandstorms,Medium,Metropolitian,False,0,0,0,1288.921781328875,1396.9303231527304,Rota_Reduzida,1
pedido_1286.5380989588364_715,130.95588512278783,116.52184875564276,101.52184875564276,7.558366450425345,10,4.459519729941867,Moto,Sandstorms,High,Metropolitian,False,0,1,0,1286.5380989588364,1398.0599477144792,Aumento_Velocidade,1
pedido_1222.3306858645083_681,188.52323282330082,187.42148641885453,172.42148641885453,14.92502009526485,5,4.195147787534916,Moto,Foggy,High,Metropolitian,False,0,1,0,1222.3306858645083,1399.7521722833628,Aumento_Velocidade,0
pedido_1272.2396623858053_710,131.2320773752179,128.53182929016447,113.53182929016447,1.6913520231505652,15,4.674698764276661,Moto,Windy,High,Metropolitian,False,0,1,0,1272.2396623858053,1400.7714916759699,Aumento_Velocidade,1
pedido_1272.0160420885022_708,135.50831766587652,135.31236526465034,120.31236526465034,18.152814677927807,10,4.73404806837,Moto,Windy,Jam,Metropolitian,False,0,1,0,1272.0160420885022,1402.3284073531527,Aumento_Velocidade,0
pedido_1294.7702443111348_722,129.59430586216735,113.01812334180185,98.01812334180185,9.600379451229077,10,4.603126564734851,Moto,Stormy,High,Metropolitian,False,0,1,0,1294.7702443111348,1402.7883676529366,Aumento_Velocidade,1
pedido_1288.0582884882274_716,132.58302145556152,126.76423454194804,111.76423454194804,9.967011534043031,5,4.925564030577246,Scooter,Sandstorms,High,Metropolitian,False,0,1,0,1288.0582884882274,1404.8225230301755,Aumento_Velocidade,1
pedido_1294.3829160524251_720,130.5840820227643,111.16361151791651,96.16361151791651,3.5482380861057337,15,4.917108513242823,Scooter,Windy,High,Metropolitian,False,0,1,0,1294.3829160524251,1405.5465275703416,Aumento_Velocidade,1
pedido_1304.4811863449406_724,118.39112075412987,91.2751915740053,91.2751915740053,13.528177616692165,10,4.580720976779181,Scooter,Sunny,Low,Urban,True,0,0,1,1304.4811863449406,1405.7563779189459,Nenhuma,1
pedido_1229.7743605404717_686,177.71748966059167,171.3079031300131,171.3079031300131,4.896655454330751,5,4.408641122082856,Van,Foggy,High,Metropolitian,True,0,1,0,1229.7743605404717,1406.0822636704847,Nenhuma,0
pedido_1326.7534564968541_732,110.63161933035974,92.55001662641696,77.55001662641696,11.038994349437989,10,4.818008375716606,Moto,Sunny,Jam,Metropolitian,True,0,1,1,1326.7534564968541,1414.303473123271,Aumento_Velocidade,1
pedido_1297.3725573532988_723,135.42097870994112,123.06778060067052,108.06778060067052,4.250594735114866,10,5.0,Scooter,Foggy,High,Metropolitian,True,0,1,0,1297.3725573532988,1415.4403379539694,Aumento_Velocidade,1
pedido_1306.7019396601981_725,135.42097870994112,109.02457200135235,94.02457200135235,4.232131150144204,15,4.955166125428619,Scooter,Foggy,High,Metropolitian,True,0,1,0,1306.7019396601981,1415.7265116615506,Aumento_Velocidade,1
pedido_1366.145214028924_753,43.62700120357798,35.974490330840645,35.974490330840645,3.964365088420112,15,4.52749706469673,Moto,Sandstorms,High,Urban,False,1,1,0,1366.145214028924,1417.1197043597647,Nenhuma,1
pedido_1272.1042579533262_709,178.6543026057822,146.08245174925767,131.08245174925767,6.601966826925435,15,4.362484180360494,Moto,Sandstorms,Jam,Metropolitian,False,0,1,0,1272.1042579533262,1418.1867097025838,Aumento_Velocidade,0
pedido_1347.5296480852514_742,102.96140195964212,76.23090762732906,61.23090762732906,5.550283885388574,10,4.497071555864482,Scooter,Sunny,Jam,Metropolitian,False,0,1,1,1347.5296480852514,1418.7605557125805,Aumento_Velocidade,1
pedido_1310.0588039257093_726,134.51104555526933,109.36779428597464,94.36779428597464,14.334988354846303,15,4.7783947145374945,Moto,Sandstorms,High,Metropolitian,False,0,1,0,1310.0588039257093,1419.426598211684,Aumento_Velocidade,1
pedido_1279.8045861725025_712,159.44253176454637,129.81163862213813,129.81163862213813,17.32724805885965,10,4.418567464051776,Moto,Sandstorms,Low,Metropolitian,False,0,0,0,1279.8045861725025,1419.6162247946406,Nenhuma,0
pedido_1317.738202325482_730,128.79363038399805,108.77673756596153,93.77673756596153,8.638165568317113,10,4.567280455438611,Moto,Sandstorms,Jam,Metropolitian,True,0,1,0,1317.738202325482,1421.5149398914436,Aumento_Velocidade,1
pedido_1244.2218461472937_692,189.32635257621973,163.10421022876338,163.10421022876338,12.085474102781845,15,4.405587835629938,Van,Foggy,High,Metropolitian,False,0,1,0,1244.2218461472937,1422.326056376057,Nenhuma,0
pedido_1294.4462869832512_721,136.5398492498131,139.84705871159437,124.84705871159437,5.051267928166348,5,4.672983414998958,Moto,Windy,Medium,Metropolitian,False,0,0,0,1294.4462869832512,1424.2933456948456,Rota_Reduzida,0
pedido_1332.859802924387_734,130.6580430495067,98.07445092428695,83.07445092428695,7.091734680899167,15,4.676743540811645,Moto,Sandstorms,High,Urban,True,0,1,0,1332.859802924387,1430.934253848674,Aumento_Velocidade,1
pedido_1274.806023372696_711,159.1078741238828,142.46861215854062,142.46861215854062,12.520261957066268,15,4.390868404324433,Moto,Stormy,Low,Metropolitian,False,0,0,0,1274.806023372696,1432.2746355312365,Nenhuma,0
pedido_1310.2952898361484_727,141.13050966014185,133.41010461358397,118.41010461358397,18.483335102931534,10,4.879029210759465,Moto,Foggy,High,Metropolitian,False,0,1,0,1310.2952898361484,1438.7053944497325,Aumento_Velocidade,1
pedido_1268.257921045432_704,186.57569774057623,182.30179458996113,167.30179458996113,17.65454704663268,5,4.304183605764808,Scooter,Stormy,High,Metropolitian,False,0,1,0,1268.257921045432,1440.5597156353933,Aumento_Velocidade,0
pedido_1334.4528182537224_735,133.85941473803115,106.69990764289287,91.69990764289287,11.853854253586679,15,4.534569896797872,Moto,Windy,High,Metropolitian,True,0,1,0,1334.4528182537224,1441.1527258966153,Aumento_Velocidade,1
pedido_1337.6178325382389_738,137.30053333689682,118.36729168721084,103.36729168721084,18.613264554140976,5,4.857727582578341,Scooter,Windy,High,Urban,True,0,1,0,1337.6178325382389,1445.9851242254497,Aumento_Velocidade,1
pedido_1345.6395994332245_741,99.36335199542346,96.54744509690657,96.54744509690657,7.248436207060615,5,4.849001575386347,Van,Sunny,Jam,Metropolitian,True,0,1,1,1345.6395994332245,1447.187044530131,Nenhuma,1
pedido_1358.7318516039736_747,98.40654167894269,96.38570512234627,81.38570512234627,6.514468220949811,10,4.672979313927062,Scooter,Sunny,High,Metropolitian,True,0,1,1,1358.7318516039736,1450.11755672632,Aumento_Velocidade,1
pedido_1336.920923977405_737,106.364720236472,121.76147123011049,106.76147123011049,18.395094428696314,10,4.535094823089164,Moto,Sunny,High,Metropolitian,False,0,1,1,1336.920923977405,1453.6823952075156,Aumento_Velocidade,1
pedido_1281.5579126094137_714,178.0170335350151,178.3371405814106,163.3371405814106,6.443744752732841,10,4.129955840262217,Scooter,Foggy,High,Metropolitian,False,0,1,0,1281.5579126094137,1454.8950531908245,Aumento_Velocidade,0
pedido_1316.1082799185258_728,143.05945443782988,125.68835770410996,125.68835770410996,15.294467330797568,15,4.842714141088536,Van,Foggy,Medium,Metropolitian,False,0,0,0,1316.1082799185258,1456.7966376226357,Nenhuma,0
pedido_1292.6206774064246_719,173.86983253225884,164.65109321631996,149.65109321631996,4.59218851851487,15,4.274487483592871,Moto,Windy,High,Metropolitian,False,0,1,0,1292.6206774064246,1457.2717706227445,Aumento_Velocidade,0
pedido_1336.0944731330499_736,129.36101408685738,117.50862676266249,117.50862676266249,14.787671018620044,10,4.650047791354017,Van,Stormy,High,Urban,False,0,1,0,1336.0944731330499,1463.6030998957124,Nenhuma,1
pedido_1352.1651399404188_744,127.24367888595586,114.91836706327126,99.91836706327126,5.766265079873142,15,4.844927073777942,Moto,Stormy,Jam,Urban,False,0,1,0,1352.1651399404188,1467.08350700369,Aumento_Velocidade,1
pedido_1318.5512389010346_731,146.55324656664231,149.25401684972243,134.25401684972243,20.768161782338307,15,4.792164747504749,Moto,Foggy,High,Metropolitian,True,0,1,0,1318.5512389010346,1467.805255750757,Aumento_Velocidade,0
pedido_1383.6862213327365_764,104.98198577939601,89.67492426229077,74.67492426229077,11.43529576039086,10,5.0,Moto,Sunny,High,Urban,True,0,1,1,1383.6862213327365,1468.3611455950272,Aumento_Velocidade,1
pedido_1456.5671013734866_9,40.139797980365266,0.0,0.0,10.702076679157038,15,4.671109730505551,Moto,Sandstorms,Low,Metropolitian,False,1,0,0,1456.5671013734866,1471.5671013734866,Nenhuma,1
pedido_1363.8373487940266_751,127.88288454076117,107.83133009520974,92.83133009520974,2.3837144357250146,15,4.609473984309652,Scooter,Stormy,High,Urban,True,0,1,0,1363.8373487940266,1471.6686788892364,Aumento_Velocidade,1
pedido_1350.5779200447112_743,133.5578348387472,121.44023284138584,106.44023284138584,12.564741974767223,15,4.718186889390923,Moto,Windy,High,Urban,False,0,1,0,1350.5779200447112,1472.018152886097,Aumento_Velocidade,1
pedido_1395.1677168390004_769,102.7421073688098,81.85215462821924,66.85215462821924,17.102270388787325,10,4.759169277271329,Moto,Sunny,High,Metropolitian,False,0,1,1,1395.1677168390004,1472.0198714672197,Aumento_Velocidade,1
pedido_1359.7095920567506_748,134.85080657916734,123.61693694631501,108.61693694631501,16.536628017942306,5,4.6270164205265045,Moto,Sandstorms,High,Metropolitian,True,0,1,0,1359.7095920567506,1473.3265290030656,Aumento_Velocidade,1
pedido_1360.7828172856052_749,133.0414176924107,114.63292085654211,99.63292085654211,15.33354884305888,15,4.675839136029016,Moto,Stormy,Medium,Metropolitian,False,0,0,0,1360.7828172856052,1475.4157381421473,Rota_Reduzida,1
pedido_1390.1805750007502_767,106.25230129391011,95.2666063751161,80.2666063751161,16.802272284715283,5,4.538228086242276,Moto,Sunny,High,Metropolitian,False,0,1,1,1390.1805750007502,1475.4471813758662,Aumento_Velocidade,1
pedido_1367.4239428133712_754,96.80323264589987,99.99330097135135,99.99330097135135,5.462476131385219,10,4.669720869038399,Moto,Sunny,Low,Urban,False,0,0,1,1367.4239428133712,1477.4172437847226,Nenhuma,1
pedido_1271.559410931563_707,200.14082161098472,204.85982182943533,204.85982182943533,16.094967711581596,5,4.326623311460995,Van,Stormy,Jam,Metropolitian,False,0,1,0,1271.559410931563,1481.4192327609983,Nenhuma,0
pedido_1372.6177050364802_758,132.56295120106788,119.6412023403663,104.6412023403663,11.51828470368512,5,4.625921620901124,Moto,Windy,Medium,Metropolitian,False,0,0,0,1372.6177050364802,1482.2589073768465,Rota_Reduzida,1
pedido_1400.6308747229712_775,99.1183128480006,82.10854800449859,67.10854800449859,8.875724051201317,15,4.791055568268876,Scooter,Sunny,Jam,Metropolitian,True,0,1,1,1400.6308747229712,1482.7394227274697,Aumento_Velocidade,1
pedido_1443.750956503977_2,46.377104089532146,29.44456933182557,29.44456933182557,4.443639546989536,10,4.60543458953764,Scooter,Windy,Jam,Urban,False,1,1,0,1443.750956503977,1483.1955258358025,Nenhuma,1
pedido_1371.4406155932234_757,128.391554293676,123.07653985862487,108.07653985862487,4.758066818465807,5,4.677380603043173,Moto,Stormy,High,Metropolitian,False,0,1,0,1371.4406155932234,1484.5171554518483,Aumento_Velocidade,1
pedido_1445.8431570615235_3,44.21981731259577,33.72161577582592,33.72161577582592,14.727629352927272,5,4.8684006232611665,Moto,Stormy,High,Urban,False,1,1,0,1445.8431570615235,1484.5647728373494,Nenhuma,1
pedido_1376.348263345779_761,103.42141966773595,95.23031212155563,95.23031212155563,14.376439864051397,15,4.633024536454758,Moto,Stormy,Low,Metropolitian,False,0,0,0,1376.348263345779,1486.5785754673348,Nenhuma,1
pedido_1400.4535411438371_774,101.85067578837038,97.11844830161547,82.11844830161547,15.593915504841645,5,5.0,Scooter,Sunny,High,Metropolitian,False,0,1,1,1400.4535411438371,1487.5719894454526,Aumento_Velocidade,1
pedido_1368.024531518686_755,133.08394307396352,130.40234108241023,115.40234108241023,9.398459553471879,5,4.841787719294591,Moto,Windy,High,Metropolitian,False,0,1,0,1368.024531518686,1488.4268726010962,Aumento_Velocidade,1
pedido_1407.9433439099591_781,97.73645979857947,91.54158352105101,76.54158352105101,5.1267527790353435,5,4.820767263144663,Moto,Sunny,High,Urban,False,0,1,1,1407.9433439099591,1489.4849274310102,Aumento_Velocidade,1
pedido_1371.0700121371985_756,141.67887272572975,130.9953739237341,115.99537392373409,14.479861774163487,5,5.0,Moto,Foggy,High,Urban,False,0,1,0,1371.0700121371985,1492.0653860609327,Aumento_Velocidade,1
pedido_1364.8296276871365_752,134.4778977292811,130.55468033186506,115.55468033186506,13.814077016698617,15,4.7056742034757075,Scooter,Sandstorms,High,Metropolitian,False,0,1,0,1364.8296276871365,1495.3843080190015,Aumento_Velocidade,1
pedido_1361.3307841466342_750,130.17847072221292,140.1878654274233,125.1878654274233,2.8316810867682705,10,4.751507825373121,Moto,Sandstorms,High,Urban,True,0,1,0,1361.3307841466342,1496.5186495740575,Aumento_Velocidade,0
pedido_1395.2809564045049_770,102.77100945330601,97.3692449256354,97.3692449256354,7.204615922540423,5,4.848813920347482,Moto,Windy,Low,Metropolitian,False,0,0,0,1395.2809564045049,1497.6502013301404,Nenhuma,1
pedido_1373.2774505505272_759,144.4683733137041,131.76032815199704,116.76032815199704,12.828946286565094,10,4.461084022491165,Scooter,Sandstorms,Jam,Urban,False,0,1,0,1373.2774505505272,1500.0377787025243,Aumento_Velocidade,1
pedido_1376.9923715861644_763,130.6259691696806,133.55425843676974,118.55425843676974,3.7599419841699815,5,4.753547320414777,Scooter,Sandstorms,Medium,Metropolitian,False,0,0,0,1376.9923715861644,1500.546630022934,Rota_Reduzida,1
pedido_1354.0237652175604_745,179.4956819648028,147.80763411174485,132.80763411174485,5.733765995351759,15,4.3550088180929825,Scooter,Foggy,High,Metropolitian,False,0,1,0,1354.0237652175604,1501.8313993293052,Aumento_Velocidade,0
pedido_1404.5438323693581_779,130.12720727181323,98.54420843517471,83.54420843517471,5.588689104005706,15,5.0,Moto,Stormy,High,Metropolitian,False,0,1,0,1404.5438323693581,1503.0880408045327,Aumento_Velocidade,1
pedido_1399.0176647769588_772,136.14090781752412,110.37718149981586,95.37718149981586,18.77422026113224,10,4.654791563087761,Moto,Windy,High,Urban,True,0,1,0,1399.0176647769588,1504.3948462767746,Aumento_Velocidade,1
pedido_1376.8055325812386_762,141.56598072257148,144.14939759288004,129.14939759288004,16.078997495763183,5,4.5648750511567755,Moto,Sandstorms,Jam,Urban,True,0,1,0,1376.8055325812386,1510.9549301741185,Aumento_Velocidade,0
pedido_1400.99581509074_776,134.25044635215582,121.29932381499151,106.29932381499151,13.594551153955308,5,4.667260977698204,Scooter,Sandstorms,High,Urban,False,0,1,0,1400.99581509074,1512.2951389057316,Aumento_Velocidade,1
pedido_1358.2160279143145_746,159.8668344911525,149.40754844804366,149.40754844804366,13.835286109006795,5,4.399195352204266,Scooter,Stormy,Low,Metropolitian,False,0,0,0,1358.2160279143145,1512.623576362358,Nenhuma,0
pedido_1409.16743947533_783,126.80353270585144,110.62767484216452,95.62767484216452,2.736179478672994,10,4.714125615044004,Scooter,Foggy,Jam,Urban,False,0,1,0,1409.16743947533,1514.7951143174944,Aumento_Velocidade,1
pedido_1342.1725971889082_739,189.57142984561247,174.63215743969735,159.63215743969735,15.224089883550853,15,4.447489751274889,Moto,Foggy,High,Metropolitian,False,0,1,0,1342.1725971889082,1516.8047546286055,Aumento_Velocidade,0
pedido_1397.515049415168_771,128.6474268747867,124.70187246899056,109.70187246899056,7.711995686619619,10,4.840892924119005,Moto,Stormy,High,Metropolitian,False,0,1,0,1397.515049415168,1517.2169218841586,Aumento_Velocidade,1
pedido_1401.0817588127038_777,131.1093180972341,128.67255956926147,113.67255956926147,10.925722265901147,5,4.6963375045507085,Scooter,Stormy,High,Metropolitian,False,0,1,0,1401.0817588127038,1519.7543183819653,Aumento_Velocidade,1
pedido_1399.473632722859_773,136.6359263951407,130.86248212623298,115.86248212623298,10.495868618740527,5,4.4981349796262435,Scooter,Sandstorms,Medium,Urban,True,0,0,0,1399.473632722859,1520.3361148490922,Rota_Reduzida,1
pedido_1344.6930515128704_740,185.08030482035917,187.07666049801955,172.07666049801955,5.337575841053289,10,4.440048272295011,Scooter,Sunny,Jam,Urban,True,0,1,1,1344.6930515128704,1526.7697120108899,Aumento_Velocidade,0
pedido_1475.407652420008_17,62.87142825590663,62.72057522928593,47.72057522928593,14.62826938384311,5,4.398221515299176,Moto,Sunny,Medium,Metropolitian,False,1,0,1,1475.407652420008,1528.1282276492939,Rota_Reduzida,1
pedido_1447.833750073352_4,104.07082915916385,88.45201089850566,73.45201089850566,17.714250809341998,15,4.9283690381641705,Moto,Sunny,Medium,Metropolitian,False,0,0,1,1447.833750073352,1536.2857609718576,Rota_Reduzida,1
pedido_1406.083343849823_780,130.46075994969547,123.6139090927903,123.6139090927903,1.6724113181013074,10,4.495293446833641,Van,Sandstorms,High,Metropolitian,False,0,1,0,1406.083343849823,1539.6972529426132,Nenhuma,0
pedido_1459.2333919119683_12,95.45659567340593,71.89163883041951,71.89163883041951,4.535181459411009,10,4.762605841198443,Moto,Sunny,Low,Urban,False,0,0,1,1459.2333919119683,1541.1250307423877,Nenhuma,1
pedido_1440.143069971593_0,101.17663549600017,92.35513778021975,92.35513778021975,6.426509214212613,10,4.756911656259539,Moto,Sandstorms,Low,Metropolitian,False,0,0,0,1440.143069971593,1542.4982077518127,Nenhuma,1
pedido_1453.9676093974988_8,124.50543709643456,98.35499043995691,78.35499043995691,2.6275818200043157,15,4.759569403460678,Moto,Foggy,High,Other,False,0,1,0,1453.9676093974988,1547.3225998374558,Rota_Reduzida,1
pedido_1497.401197204439_29,46.8468397433986,40.981712011769616,40.981712011769616,1.4760615410280873,10,4.6477621576781685,Moto,Sandstorms,High,Metropolitian,False,1,1,0,1497.401197204439,1548.3829092162086,Nenhuma,1
pedido_1460.4899045988461_13,100.34458430708159,88.4810657202112,73.4810657202112,5.362322286488819,15,4.559957153924724,Moto,Sunny,Jam,Metropolitian,True,0,1,1,1460.4899045988461,1548.9709703190574,Aumento_Velocidade,1
pedido_1415.4970051184112_786,132.31169203335554,134.0681696641478,119.0681696641478,7.343863879992136,15,4.634449004307261,Scooter,Sandstorms,High,Metropolitian,False,0,1,0,1415.4970051184112,1549.5651747825589,Aumento_Velocidade,1
pedido_1408.7735622438452_782,134.55897388233578,141.13560839441692,126.13560839441692,13.210468767101247,15,4.917071030846028,Moto,Stormy,Jam,Metropolitian,False,0,1,0,1408.7735622438452,1549.9091706382621,Aumento_Velocidade,0
pedido_1503.196537707982_33,50.05175292469479,36.80392768872336,36.80392768872336,12.542226554824206,10,4.544769145293126,Moto,Foggy,Medium,Metropolitian,False,1,0,0,1503.196537707982,1550.0004653967055,Nenhuma,1
pedido_1523.417039362491_39,39.35860429628972,24.938994495728473,24.938994495728473,15.82104992265431,5,4.701924990905735,Scooter,Sunny,High,Metropolitian,False,1,1,1,1523.417039362491,1553.3560338582195,Nenhuma,1
pedido_1443.4035114205672_1,130.4816563736236,121.38297595725162,106.38297595725162,0.5381293756223879,5,5.0,Moto,Stormy,High,Metropolitian,False,0,1,0,1443.4035114205672,1554.7864873778187,Aumento_Velocidade,1
pedido_1375.9467899382803_760,185.48152588452112,189.5593077859039,174.5593077859039,14.261639279320107,5,4.187569193140379,Scooter,Sandstorms,High,Metropolitian,True,0,1,0,1375.9467899382803,1555.5060977241842,Aumento_Velocidade,0
pedido_1403.4502260086083_778,159.1078741238828,137.54516611655058,137.54516611655058,12.632288362733021,15,4.447673725382131,Scooter,Stormy,Low,Metropolitian,False,0,0,0,1403.4502260086083,1555.9953921251588,Nenhuma,0
pedido_1462.2213274674825_15,127.4117464960537,100.9935940445832,85.9935940445832,7.537732155792573,10,4.826555447748921,Scooter,Stormy,Jam,Metropolitian,False,0,1,0,1462.2213274674825,1558.2149215120658,Aumento_Velocidade,1
pedido_1384.9026152370113_765,188.68625031019604,175.65221244664593,160.65221244664593,16.646602935903136,15,4.444328292036746,Scooter,Foggy,High,Metropolitian,True,0,1,0,1384.9026152370113,1560.5548276836573,Aumento_Velocidade,0
pedido_1484.2818738350459_22,94.59897983503738,86.5961143648775,71.5961143648775,8.818647067988248,10,4.663006983948314,Moto,Sunny,High,Metropolitian,False,0,1,1,1484.2818738350459,1565.8779881999233,Aumento_Velocidade,1
pedido_1391.4694720987452_768,185.6788233534692,166.41693136891607,166.41693136891607,15.036237266738915,10,4.40314182129439,Van,Windy,High,Urban,True,0,1,0,1391.4694720987452,1567.8864034676612,Nenhuma,0
pedido_1387.2535487373905_766,190.28436753711458,190.68764195899203,175.68764195899203,7.792932207970388,5,4.277881529703705,Moto,Sunny,Jam,Metropolitian,False,0,1,1,1387.2535487373905,1567.9411906963826,Aumento_Velocidade,0
pedido_1453.800648851468_7,127.7145235840221,117.27550159297124,102.27550159297124,6.078629869175397,15,4.697392243584512,Moto,Stormy,Jam,Metropolitian,False,0,1,0,1453.800648851468,1571.0761504444392,Aumento_Velocidade,1
pedido_1452.9203609298952_6,133.83332144049882,123.39907011183288,108.39907011183288,1.688789856662881,10,4.714757193917893,Moto,Foggy,High,Metropolitian,False,0,1,0,1452.9203609298952,1571.319431041728,Aumento_Velocidade,1
pedido_1458.5974910207933_11,132.4741772184434,118.45670872332894,103.45670872332894,5.775796368449859,10,4.712658841783871,Moto,Foggy,High,Metropolitian,True,0,1,0,1458.5974910207933,1572.0541997441223,Aumento_Velocidade,1
pedido_1485.3670684923268_23,103.67709191331319,88.00515712957242,73.00515712957242,20.947533041735745,15,4.693149071982822,Scooter,Sunny,High,Metropolitian,False,0,1,1,1485.3670684923268,1573.3722256218991,Aumento_Velocidade,1
pedido_1449.5248093882492_5,132.77901003241487,134.7325243976357,119.7325243976357,17.87304402076058,5,4.93352513363899,Scooter,Stormy,High,Metropolitian,True,0,1,0,1449.5248093882492,1574.2573337858848,Aumento_Velocidade,1
pedido_1493.0897245785677_27,98.37441375212673,93.31659334248896,78.31659334248896,4.716796211514124,5,4.626865074282572,Moto,Sunny,Medium,Urban,True,0,0,1,1493.0897245785677,1576.4063179210566,Rota_Reduzida,1
pedido_1411.3222250003516_784,175.43030116636646,165.63895652602497,150.63895652602497,3.7178218822065956,15,4.434731884301529,Moto,Stormy,High,Metropolitian,False,0,1,0,1411.3222250003516,1576.9611815263765,Aumento_Velocidade,0
pedido_1461.450805348433_14,128.9649817732296,125.03648089362093,110.03648089362093,5.979343555812474,10,4.526748024481539,Scooter,Foggy,Jam,Metropolitian,False,0,1,0,1461.450805348433,1581.4872862420539,Aumento_Velocidade,1
pedido_1462.8732787044557_16,151.5499954088284,136.6559951160336,121.65599511603361,11.889550320987286,5,4.915916276022151,Moto,Foggy,Jam,Metropolitian,True,0,1,0,1462.8732787044557,1589.5292738204894,Aumento_Velocidade,0
pedido_1457.6284259474746_10,133.49810283236778,135.32282777504122,120.32282777504122,2.6052127052106973,15,4.823586004198884,Moto,Foggy,High,Urban,False,0,1,0,1457.6284259474746,1592.951253722516,Aumento_Velocidade,0
pedido_1503.132782821552_32,109.75999909833658,92.12772408900913,77.12772408900913,13.120715703725283,15,4.747088376787754,Moto,Sunny,Jam,Metropolitian,False,0,1,1,1503.132782821552,1595.2605069105612,Aumento_Velocidade,1
pedido_1482.4232051663237_20,138.46641522191248,118.44067738172646,103.44067738172646,15.310670020624771,10,4.519405478608303,Moto,Stormy,Jam,Metropolitian,False,0,1,0,1482.4232051663237,1595.8638825480502,Aumento_Velocidade,1
pedido_1412.7817352470593_785,174.5358201170556,193.1839574005332,178.1839574005332,2.944915971081126,5,4.397364173369142,Moto,Windy,Jam,Metropolitian,True,0,1,0,1412.7817352470593,1595.9656926475925,Aumento_Velocidade,0
pedido_1479.0905392264274_19,133.04012929077166,122.41012169894071,107.41012169894071,0.0,10,4.574814733541643,Moto,Foggy,High,Metropolitian,True,0,1,0,1479.0905392264274,1596.500660925368,Aumento_Velocidade,1
pedido_1499.1481120354279_30,110.94551157570987,83.92996003039168,83.92996003039168,10.794041095265136,15,4.734124515757375,Moto,Foggy,Low,Metropolitian,False,0,0,0,1499.1481120354279,1598.0780720658195,Nenhuma,1
pedido_1561.2610146133563_59,61.188507793318216,43.132331749741454,28.132331749741454,15.977366746376306,10,4.366536700442522,Moto,Sandstorms,Jam,Metropolitian,False,1,1,0,1561.2610146133563,1599.3933463630979,Aumento_Velocidade,1
pedido_1504.8784127788485_35,96.01070566104919,89.71789026991775,89.71789026991775,2.9566916153493743,5,4.66277240388128,Scooter,Sunny,Low,Urban,True,0,0,1,1504.8784127788485,1599.5963030487662,Nenhuma,1
pedido_1478.7233060274493_18,135.3091974680962,130.94498860708921,115.94498860708921,14.003514091297237,5,4.459542477874212,Scooter,Sandstorms,High,Metropolitian,False,0,1,0,1478.7233060274493,1599.6682946345386,Aumento_Velocidade,1
pedido_1561.8861765598795_60,40.78013687455201,32.15916293723347,32.15916293723347,6.5043240326640355,15,4.807962656644041,Moto,Foggy,Medium,Metropolitian,True,1,0,0,1561.8861765598795,1609.045339497113,Nenhuma,1
pedido_1501.0103849656527_31,132.52653517314405,119.4984434430225,104.4984434430225,14.979444589391676,10,4.472161935390849,Moto,Windy,High,Metropolitian,False,0,1,0,1501.0103849656527,1615.5088284086753,Aumento_Velocidade,1
pedido_1482.4625785033354_21,106.97153573682164,118.46402443529593,118.46402443529593,16.09788841141782,15,4.592250226411002,Van,Sunny,Medium,Metropolitian,True,0,0,1,1482.4625785033354,1615.9266029386313,Nenhuma,1
pedido_1491.6157919618634_26,138.26501507256714,135.08511500757984,120.08511500757984,17.455777053934174,5,4.706363753003894,Scooter,Windy,Medium,Metropolitian,True,0,0,0,1491.6157919618634,1616.7009069694432,Rota_Reduzida,0
pedido_1515.785321737248_37,128.23453465443276,102.92170105143579,87.92170105143579,5.129525113198521,15,4.888015383513637,Moto,Foggy,Medium,Metropolitian,False,0,0,0,1515.785321737248,1618.7070227886838,Rota_Reduzida,1
pedido_1488.7848952480479_24,146.43981626852917,126.37375670042866,126.37375670042866,5.896856322316245,5,4.26892198136957,Moto,Sunny,Low,Metropolitian,False,0,0,1,1488.7848952480479,1620.1586519484765,Nenhuma,0
pedido_1495.0832539985595_28,134.96856129652303,130.19654495497846,115.19654495497846,10.123137762066342,10,4.8371294084234,Scooter,Windy,High,Metropolitian,True,0,1,0,1495.0832539985595,1620.279798953538,Aumento_Velocidade,1
pedido_1527.5470307649312_41,99.62808302081272,96.55446591317171,81.55446591317171,6.5863935263276465,15,4.939986625806872,Scooter,Sunny,Jam,Urban,False,0,1,1,1527.5470307649312,1624.1014966781029,Aumento_Velocidade,1
pedido_1489.8631572342601_25,132.89516333112337,141.2344219250757,126.23442192507571,12.171162685180107,10,4.828804014749375,Scooter,Stormy,Medium,Metropolitian,True,0,0,0,1489.8631572342601,1626.097579159336,Rota_Reduzida,0
pedido_1529.9977291436023_42,112.40113977100157,102.73553278792059,87.73553278792059,15.703190899825593,10,4.6372959369700775,Scooter,Sunny,Jam,Metropolitian,True,0,1,1,1529.9977291436023,1627.733261931523,Aumento_Velocidade,1
pedido_1531.3749617294502_43,132.97970332396278,102.3166627186208,87.3166627186208,16.544191882212736,10,4.693156820851842,Moto,Windy,High,Metropolitian,False,0,1,0,1531.3749617294502,1628.691624448071,Aumento_Velocidade,1
pedido_1521.7416296291065_38,134.0733300599773,111.44068683875273,96.44068683875273,20.93670964773292,15,4.515786477357473,Scooter,Stormy,High,Metropolitian,False,0,1,0,1521.7416296291065,1633.1823164678592,Aumento_Velocidade,1
pedido_1503.616997895959_34,140.94959928408446,141.70243311309153,126.70243311309153,18.25073171594839,5,4.773980834860749,Scooter,Sandstorms,Jam,Metropolitian,False,0,1,0,1503.616997895959,1635.3194310090505,Aumento_Velocidade,0
pedido_1526.1723390582736_40,126.97868088179361,112.41794862644902,97.41794862644902,6.058518383840134,15,4.8460979647798474,Scooter,Stormy,High,Metropolitian,False,0,1,0,1526.1723390582736,1638.5902876847226,Aumento_Velocidade,1
pedido_1545.263697928005_47,99.38889635606131,86.12601639928776,86.12601639928776,9.629803806670644,10,4.544633241582617,Moto,Windy,Low,Metropolitian,False,0,0,0,1545.263697928005,1641.3897143272927,Nenhuma,1
pedido_1560.8007551393052_58,103.76862093550601,86.30788979249904,71.30788979249904,18.618680012434005,15,4.6166223952566625,Scooter,Sunny,Medium,Urban,False,0,0,1,1560.8007551393052,1647.1086449318043,Rota_Reduzida,1
pedido_1515.5209642693583_36,124.51251736221558,132.44580565843984,117.44580565843984,3.0875525283883927,15,4.64310449759863,Moto,Sandstorms,Jam,Metropolitian,False,0,1,0,1515.5209642693583,1647.9667699277982,Aumento_Velocidade,1
pedido_1543.2363406353738_46,136.80488558270272,114.73203675591398,99.73203675591398,11.21655303925956,10,4.703694712017797,Scooter,Sandstorms,Medium,Urban,False,0,0,0,1543.2363406353738,1652.9683773912877,Rota_Reduzida,1
pedido_1557.8822420593854_56,131.19275837410942,108.2926960555977,93.2926960555977,14.186250402865511,10,4.880136992569236,Moto,Stormy,High,Metropolitian,True,0,1,0,1557.8822420593854,1661.174938114983,Aumento_Velocidade,1
pedido_1572.1629635491513_62,99.3166152557978,85.89583731890306,85.89583731890306,8.283975668287855,5,4.877844642519931,Scooter,Windy,Low,Urban,False,0,0,0,1572.1629635491513,1663.0588008680543,Nenhuma,1
pedido_1556.890213504238_54,111.656403005909,112.6609722669258,97.6609722669258,14.631996439763341,10,4.601976706256752,Scooter,Sunny,Jam,Metropolitian,False,0,1,1,1556.890213504238,1664.551185771164,Aumento_Velocidade,1
pedido_1541.8809846087513_45,130.64658772735189,130.59218750439956,115.59218750439956,14.537929328462118,10,4.710139653863154,Moto,Stormy,High,Urban,True,0,1,0,1541.8809846087513,1667.473172113151,Aumento_Velocidade,1
pedido_1624.7288635531572_91,48.42814039173043,32.75131350084551,32.75131350084551,1.4791736655169312,10,4.595694568600164,Moto,Stormy,High,Urban,False,1,1,0,1624.7288635531572,1667.4801770540028,Nenhuma,1
pedido_1626.7904771810902_93,41.30251277205088,31.40864951093804,31.40864951093804,9.838508579450513,10,4.835165911651919,Van,Sunny,Low,Metropolitian,False,1,0,1,1626.7904771810902,1668.1991266920281,Nenhuma,1
pedido_1541.7704962034113_44,130.88133057579216,135.45479363423445,120.45479363423445,7.704989899718492,10,4.882208519693254,Moto,Sandstorms,High,Metropolitian,False,0,1,0,1541.7704962034113,1672.2252898376457,Aumento_Velocidade,0
pedido_1580.3296111922928_69,100.7432551865699,99.83146955292881,84.83146955292881,10.878969372276199,10,4.469921508846651,Moto,Sunny,Medium,Metropolitian,False,0,0,1,1580.3296111922928,1675.1610807452216,Rota_Reduzida,1
pedido_1552.2884339734944_50,131.64209897786156,128.82825154596105,113.82825154596105,0.977108235806071,10,4.6580791110034685,Moto,Windy,High,Urban,False,0,1,0,1552.2884339734944,1676.1166855194556,Aumento_Velocidade,1
pedido_1576.8751226967586_65,128.48238401496502,105.87497483294923,90.87497483294923,2.8315434722349737,10,4.813371880424228,Moto,Stormy,High,Metropolitian,False,0,1,0,1576.8751226967586,1677.7500975297078,Aumento_Velocidade,1
pedido_1549.3432394199804_48,132.94751036836544,144.07725749990558,129.07725749990558,15.531603279575423,5,4.731270679800746,Scooter,Stormy,Medium,Urban,True,0,0,0,1549.3432394199804,1683.4204969198859,Rota_Reduzida,0
pedido_1604.2972736512218_77,101.61481017132195,81.21018780958407,66.21018780958407,14.625869420739258,15,4.670240037813524,Moto,Sunny,High,Metropolitian,False,0,1,1,1604.2972736512218,1685.5074614608059,Aumento_Velocidade,1
pedido_1554.9345712640509_51,125.39852160240652,122.305426209471,122.305426209471,9.333220169344255,10,4.508423496378048,Van,Stormy,High,Urban,True,0,1,0,1554.9345712640509,1687.239997473522,Nenhuma,0
pedido_1566.7190826831652_61,133.57252064713242,122.76110586611725,107.76110586611725,8.181750977532726,15,4.555371176355352,Scooter,Windy,High,Metropolitian,False,0,1,0,1566.7190826831652,1689.4801885492825,Aumento_Velocidade,1
pedido_1589.0814056490003_70,102.89290287235266,95.61821549660571,95.61821549660571,11.289296945593524,5,4.604994598175206,Moto,Sandstorms,Low,Metropolitian,False,0,0,0,1589.0814056490003,1689.699621145606,Nenhuma,1
pedido_1604.4674847154427_78,96.62078763977861,80.58172827911058,80.58172827911058,3.8470669108957094,5,4.906101113049632,Van,Sunny,Medium,Metropolitian,False,0,0,1,1604.4674847154427,1690.0492129945533,Nenhuma,1
pedido_1589.9305604878782_71,128.68577041953824,103.43060187516991,88.43060187516991,3.626316225170436,15,4.970890907371143,Moto,Sandstorms,Jam,Metropolitian,False,0,1,0,1589.9305604878782,1693.3611623630482,Aumento_Velocidade,1
pedido_1644.6362551307534_102,40.88025428263036,45.614310462340924,45.614310462340924,7.715512545776334,5,4.706510432747837,Moto,Sunny,High,Metropolitian,True,1,1,1,1644.6362551307534,1695.2505655930943,Nenhuma,1
pedido_1573.2816381053026_64,129.14296106423552,127.84687357771597,112.84687357771597,5.426978933630575,10,4.736392679430176,Scooter,Windy,High,Urban,True,0,1,0,1573.2816381053026,1696.1285116830186,Aumento_Velocidade,1
pedido_1552.0174908572976_49,137.6169283005679,147.0344752916614,132.0344752916614,18.618494822534455,15,5.0,Moto,Windy,High,Metropolitian,False,0,1,0,1552.0174908572976,1699.051966148959,Aumento_Velocidade,0
pedido_1555.0482657134958_52,140.4871397671035,135.88064309690827,135.88064309690827,16.157092590918126,10,4.793693896695928,Van,Foggy,High,Metropolitian,False,0,1,0,1555.0482657134958,1700.928908810404,Nenhuma,0
pedido_1591.325260211058_72,130.96773939969435,110.38271307489197,95.38271307489197,13.288640168944077,15,4.742833800908587,Moto,Stormy,High,Metropolitian,True,0,1,0,1591.325260211058,1701.7079732859502,Aumento_Velocidade,1
pedido_1578.6012377745_66,132.08738865094864,130.15891082759825,115.15891082759825,7.0228590521247,10,5.0,Scooter,Stormy,High,Metropolitian,False,0,1,0,1578.6012377745,1703.7601486020983,Aumento_Velocidade,1
pedido_1579.7128335637353_67,133.9987282108665,129.79533917918462,114.79533917918462,8.51508080714236,10,4.484934078571708,Moto,Sandstorms,Medium,Metropolitian,True,0,0,0,1579.7128335637353,1704.50817274292,Rota_Reduzida,1
pedido_1560.199678271509_57,176.54560711398383,154.32753392180885,139.32753392180885,5.9390619673645135,5,4.442115181968673,Moto,Windy,Jam,Metropolitian,False,0,1,0,1560.199678271509,1704.5272121933178,Aumento_Velocidade,0
pedido_1601.751738019342_75,135.80520572860271,112.97714481559733,97.97714481559733,10.5023440950766,5,4.875143487636377,Scooter,Sandstorms,Medium,Metropolitian,False,0,0,0,1601.751738019342,1704.7288828349392,Rota_Reduzida,1
pedido_1572.4809680496112_63,145.37940846162644,139.50116989389545,124.50116989389545,12.193988828649506,10,4.533201091735611,Scooter,Sandstorms,Jam,Metropolitian,False,0,1,0,1572.4809680496112,1706.9821379435066,Aumento_Velocidade,0
pedido_1651.5777384013745_108,43.74444604273345,44.02960144176056,44.02960144176056,15.740278782468204,15,4.637330700881276,Moto,Sunny,Low,Metropolitian,False,1,0,1,1651.5777384013745,1710.6073398431352,Nenhuma,1
pedido_1555.0528054275078_53,162.43295880519182,151.1612461104259,151.1612461104259,15.802622883932216,5,4.336333296039964,Moto,Sandstorms,Low,Metropolitian,False,0,0,0,1555.0528054275078,1711.2140515379338,Nenhuma,0
pedido_1591.4266992445903_73,134.35836150150567,121.27134562711487,106.27134562711487,16.414224754178818,15,4.591336771304019,Scooter,Windy,Medium,Urban,False,0,0,0,1591.4266992445903,1712.6980448717052,Rota_Reduzida,1
pedido_1579.7959146668734_68,150.01712195914584,143.1035928089327,128.1035928089327,16.334781805631383,5,4.698652077926177,Moto,Foggy,Jam,Metropolitian,True,0,1,0,1579.7959146668734,1712.899507475806,Aumento_Velocidade,0
pedido_1593.310289456866_74,137.9321477338242,133.37999192292136,118.37999192292136,10.283823840261645,5,4.83888086797527,Scooter,Windy,High,Urban,False,0,1,0,1593.310289456866,1716.6902813797874,Aumento_Velocidade,1
pedido_1602.442997804506_76,133.08537194633473,121.08856181089499,106.08856181089499,5.684117053702428,10,5.0,Moto,Windy,Jam,Urban,False,0,1,0,1602.442997804506,1718.531559615401,Aumento_Velocidade,1
pedido_1672.1613863632024_119,40.700008037962945,37.83582969122435,37.83582969122435,12.642364912624188,10,4.998525431722244,Moto,Sunny,High,Urban,False,1,1,1,1672.1613863632024,1719.9972160544266,Nenhuma,1
pedido_1607.3629794930982_79,136.01689908309075,132.9153369966783,117.91533699667829,10.437723820232296,5,4.676191482654869,Scooter,Windy,High,Urban,False,0,1,0,1607.3629794930982,1730.2783164897764,Aumento_Velocidade,1
pedido_1649.8166995173049_106,101.31695297103249,80.54370270296036,65.54370270296036,12.076847573203379,15,4.723022978731898,Moto,Sunny,High,Metropolitian,False,0,1,1,1649.8166995173049,1730.3604022202653,Aumento_Velocidade,1
pedido_1658.805965948717_117,99.27905819169862,81.94857923131005,66.94857923131005,7.341005329011157,5,4.793865116284608,Moto,Sunny,Jam,Metropolitian,False,0,1,1,1658.805965948717,1730.754545180027,Aumento_Velocidade,1
pedido_1638.260402009869_99,97.80310407384444,97.75014453229623,82.75014453229623,4.635229917020379,10,4.795717417066332,Scooter,Sunny,High,Metropolitian,False,0,1,1,1638.260402009869,1731.0105465421652,Aumento_Velocidade,1
pedido_1621.7410139193144_87,129.55081471202553,114.48655652897571,99.48655652897571,6.292303283493526,10,4.689860647683801,Moto,Stormy,Jam,Metropolitian,True,0,1,0,1621.7410139193144,1731.22757044829,Aumento_Velocidade,1
pedido_1621.9874103954837_88,121.1681226101446,98.20493688028328,98.20493688028328,12.605485926704223,15,4.564250161269866,Moto,Sunny,Low,Metropolitian,False,0,0,1,1621.9874103954837,1735.192347275767,Nenhuma,1
pedido_1630.5239034490805_95,102.77100945330601,100.01728987376647,100.01728987376647,6.436548601443201,5,4.77233253504288,Moto,Windy,Low,Metropolitian,False,0,0,0,1630.5239034490805,1735.541193322847,Nenhuma,1
pedido_1619.281751794036_85,134.4269563845285,126.93545263143898,111.93545263143898,13.781114696351292,5,4.8750114849076995,Scooter,Sandstorms,High,Urban,False,0,1,0,1619.281751794036,1736.2172044254748,Aumento_Velocidade,1
pedido_1620.102641936144_86,134.11802551561527,123.45414409846177,108.45414409846177,12.954023326607992,10,4.864736058475925,Moto,Sandstorms,High,Metropolitian,False,0,1,0,1620.102641936144,1738.5567860346057,Aumento_Velocidade,1
pedido_1619.0312963214542_84,135.8251700970151,121.1489506189246,106.1489506189246,15.487236794745249,15,4.598918776443813,Moto,Windy,Jam,Metropolitian,False,0,1,0,1619.0312963214542,1740.1802469403788,Aumento_Velocidade,1
pedido_1557.0902376155384_55,184.3403737592519,189.06784650925937,174.06784650925937,20.520375128435514,10,4.424962080397605,Moto,Sandstorms,High,Metropolitian,False,0,1,0,1557.0902376155384,1741.1580841247978,Aumento_Velocidade,0
pedido_1616.3478428585402_83,132.02274868357563,130.6104609107101,115.61046091071009,2.60617441987082,10,4.677463094377812,Scooter,Sandstorms,High,Metropolitian,False,0,1,0,1616.3478428585402,1741.9583037692503,Aumento_Velocidade,1
pedido_1625.6316820912166_92,134.53560678451126,130.39311820203278,115.39311820203278,19.80360720419489,5,4.925132113565284,Scooter,Windy,High,Metropolitian,False,0,1,0,1625.6316820912166,1746.0248002932494,Aumento_Velocidade,1
pedido_1615.8679165953338_81,134.3950241314574,140.5550898588736,125.5550898588736,16.73911490196449,5,4.702589500699965,Moto,Sandstorms,High,Urban,False,0,1,0,1615.8679165953338,1746.4230064542073,Aumento_Velocidade,0
pedido_1656.699338321935_115,133.0196758514353,95.24780841218482,80.24780841218482,15.676734511958026,10,4.738441377165324,Scooter,Windy,High,Metropolitian,False,0,1,0,1656.699338321935,1746.94714673412,Aumento_Velocidade,1
pedido_1645.1955242604074_103,128.68226324164496,108.07844443321788,93.07844443321788,5.9374756202667465,10,4.708266479753748,Moto,Stormy,High,Metropolitian,False,0,1,0,1645.1955242604074,1748.2739686936252,Aumento_Velocidade,1
pedido_1629.9127986984279_94,130.63771954942922,123.43380578066393,108.43380578066393,0.0,10,4.680354621821197,Moto,Stormy,Medium,Metropolitian,True,0,0,0,1629.9127986984279,1748.3466044790919,Rota_Reduzida,1
pedido_1631.0315496699943_96,134.7974215953007,117.61200602880606,102.61200602880606,4.372296690097055,15,4.690288568346375,Moto,Foggy,High,Metropolitian,False,0,1,0,1631.0315496699943,1748.6435556988004,Aumento_Velocidade,1
pedido_1656.4466524415077_114,101.29554141607021,89.94956143227145,89.94956143227145,15.716241937820511,5,4.919551967265713,Van,Sunny,High,Metropolitian,False,0,1,1,1656.4466524415077,1751.396213873779,Nenhuma,1
pedido_1616.0988479452499_82,134.41578154217095,135.90295044476036,120.90295044476036,1.0304063100467822,15,4.607140837628036,Moto,Foggy,High,Metropolitian,False,0,1,0,1616.0988479452499,1752.0017983900102,Aumento_Velocidade,0
pedido_1653.9800008062932_110,101.17663549600017,90.50703274946616,90.50703274946616,6.617956022586075,10,4.792819303567277,Scooter,Sandstorms,Low,Metropolitian,False,0,0,0,1653.9800008062932,1754.4870335557594,Nenhuma,1
pedido_1654.908026345132_112,132.47637608918876,105.32420778553757,90.32420778553757,4.50310797221615,10,4.696326373653953,Moto,Sandstorms,High,Metropolitian,False,0,1,0,1654.908026345132,1755.2322341306694,Aumento_Velocidade,1
pedido_1684.6399392422493_122,99.26107910328872,75.02118882510489,60.021188825104886,11.465165011915225,15,4.754896006103481,Scooter,Sunny,Medium,Metropolitian,False,0,0,1,1684.6399392422493,1759.6611280673542,Rota_Reduzida,1
pedido_1658.135132732249_116,135.22660422579312,113.42454600599541,98.42454600599541,5.946193230790088,5,4.602965560353638,Moto,Stormy,Medium,Urban,False,0,0,0,1658.135132732249,1761.5596787382444,Rota_Reduzida,1
pedido_1615.7023329072663_80,145.6461741801026,156.80437502322107,141.80437502322107,13.0833731674593,5,4.545132580578863,Moto,Foggy,High,Metropolitian,True,0,1,0,1615.7023329072663,1762.5067079304874,Aumento_Velocidade,0
pedido_1623.2865808018714_90,167.83543470770724,151.06341765356788,136.06341765356788,0.5184576719370337,5,4.429698835364183,Moto,Stormy,High,Urban,True,0,1,0,1623.2865808018714,1764.3499984554394,Aumento_Velocidade,0
pedido_1622.954697346505_89,151.85145672642955,146.6857606427191,131.6857606427191,13.129889075206297,10,4.961130732354664,Scooter,Foggy,Jam,Metropolitian,False,0,1,0,1622.954697346505,1764.6404579892242,Aumento_Velocidade,0
pedido_1712.602106986609_141,59.6038313279739,43.427822370702415,43.427822370702415,14.465389998660346,15,4.39726062037211,Scooter,Stormy,Medium,Urban,True,1,0,0,1712.602106986609,1771.0299293573114,Nenhuma,1
pedido_1691.5698456345353_125,94.58990353618861,85.72475084911537,65.72475084911537,8.195963975327485,15,4.935490296985441,Moto,Sunny,High,Semi-Urban,False,0,1,1,1691.5698456345353,1772.2945964836508,Rota_Reduzida,1
pedido_1742.0256151421822_157,47.59961504048123,21.0916590793244,21.0916590793244,3.7540357163549967,10,4.517977243578546,Scooter,Windy,Jam,Metropolitian,True,1,1,0,1742.0256151421822,1773.1172742215067,Nenhuma,1
pedido_1688.1547706839915_124,95.86618252432808,70.76252921255616,70.76252921255616,0.6630073456530114,15,4.521938633419133,Van,Sunny,Medium,Urban,False,0,0,1,1688.1547706839915,1773.9172998965478,Nenhuma,1
pedido_1731.7938276862888_150,51.212337266920564,40.80771410204416,40.80771410204416,14.510435853427744,5,4.9373148718986535,Moto,Sandstorms,Medium,Metropolitian,False,1,0,0,1731.7938276862888,1777.601541788333,Nenhuma,1
pedido_1653.7796661142884_109,121.2203984222763,113.48330981653697,113.48330981653697,11.258279555756408,15,4.892675665316069,Moto,Sunny,Low,Metropolitian,False,0,0,1,1653.7796661142884,1782.2629759308254,Nenhuma,1
pedido_1654.7517885446332_111,142.43452326684994,128.31613607627315,113.31613607627315,17.78739452879298,15,5.0,Scooter,Foggy,High,Metropolitian,False,0,1,0,1654.7517885446332,1783.0679246209063,Aumento_Velocidade,1
pedido_1640.1382530792303_100,154.72643233678005,153.5675461085527,138.5675461085527,12.791032697878313,5,4.477537285039059,Moto,Foggy,Jam,Urban,False,0,1,0,1640.1382530792303,1783.705799187783,Aumento_Velocidade,0
pedido_1646.5728768202841_104,133.84484690050294,142.1630394027742,127.16303940277419,12.169094426714443,10,4.924141186433766,Scooter,Sandstorms,High,Metropolitian,False,0,1,0,1646.5728768202841,1783.7359162230582,Aumento_Velocidade,0
pedido_1666.913354492111_118,124.27353408817174,109.48102808908328,109.48102808908328,12.0815116512711,10,4.672543327099871,Van,Windy,High,Other,False,0,1,0,1666.913354492111,1786.3943825811943,Nenhuma,1
pedido_1650.4564946616347_107,139.28425167254022,140.44608546699362,125.44608546699362,18.207399159275337,15,4.967722056341986,Moto,Windy,Medium,Urban,False,0,0,0,1650.4564946616347,1790.9025801286284,Rota_Reduzida,0
pedido_1755.3042102106158_161,48.792600825851466,31.289638546862953,31.289638546862953,10.576476785554632,5,4.5440758827377765,Moto,Windy,Medium,Metropolitian,True,1,0,0,1755.3042102106158,1791.5938487574788,Nenhuma,1
pedido_1648.9091858798042_105,135.2559672216462,148.47217966968628,133.47217966968628,11.58669767277609,10,4.477856904935703,Moto,Stormy,Medium,Metropolitian,False,0,0,0,1648.9091858798042,1792.3813655494905,Rota_Reduzida,0
pedido_1632.0833222015808_97,175.40735700092253,178.49295707036725,158.49295707036725,4.911764618065944,5,4.442132711610599,Moto,Foggy,High,Other,False,0,1,0,1632.0833222015808,1795.5762792719481,Rota_Reduzida,0
pedido_1684.980824074278_123,126.33968285742012,118.72442083086841,103.72442083086841,9.644043020293932,10,4.532700568122967,Scooter,Stormy,High,Metropolitian,True,0,1,0,1684.980824074278,1798.7052449051464,Aumento_Velocidade,1
pedido_1684.1128014202702_121,131.58444361001617,115.64049680529118,100.64049680529118,7.980866491114518,15,5.0,Moto,Stormy,High,Urban,False,0,1,0,1684.1128014202702,1799.7532982255614,Aumento_Velocidade,1
pedido_1712.0153854875548_140,98.66723304363478,98.34619235414112,83.34619235414112,13.300353539866027,5,4.620854617848555,Scooter,Sunny,Medium,Metropolitian,False,0,0,1,1712.0153854875548,1800.3615778416959,Rota_Reduzida,1
pedido_1723.4433318092763_144,95.5788166304276,87.80010711719142,72.80010711719142,6.725884244370823,5,4.576870117866337,Moto,Sunny,High,Urban,False,0,1,1,1723.4433318092763,1801.2434389264677,Aumento_Velocidade,1
pedido_1698.200475441718_129,100.23551538837471,89.36587560167017,89.36587560167017,1.0610641855339162,15,4.963658164197372,Van,Windy,Low,Metropolitian,False,0,0,0,1698.200475441718,1802.5663510433883,Nenhuma,1
pedido_1693.0428830000162_126,136.41529997107637,119.7628951335077,104.7628951335077,5.171868396671238,5,5.0,Moto,Foggy,High,Metropolitian,False,0,1,0,1693.0428830000162,1802.805778133524,Aumento_Velocidade,1
pedido_1693.7748864260536_127,131.94725771595057,114.2660161812391,99.2660161812391,4.50620584533775,10,4.740098577818889,Scooter,Windy,High,Metropolitian,False,0,1,0,1693.7748864260536,1803.0409026072928,Aumento_Velocidade,1
pedido_1633.1857231759122_98,197.81702259203166,177.03904768670608,162.03904768670608,14.522206937815733,10,4.406199249019955,Scooter,Windy,Jam,Metropolitian,True,0,1,0,1633.1857231759122,1805.2247708626182,Aumento_Velocidade,0
pedido_1734.4337116713532_153,99.62808302081272,73.17687670204485,58.17687670204485,6.297287421096229,15,4.881107858937863,Moto,Sunny,Jam,Urban,False,0,1,1,1734.4337116713532,1807.610588373398,Aumento_Velocidade,1
pedido_1698.2645860041246_130,131.03979234049356,120.002851782011,105.002851782011,5.257375578690427,5,4.689473276166845,Scooter,Windy,High,Metropolitian,False,0,1,0,1698.2645860041246,1808.2674377861356,Aumento_Velocidade,1
pedido_1726.6230668331832_148,95.15163261078052,72.00568071239408,72.00568071239408,4.478880227933068,10,5.0,Moto,Sunny,Low,Metropolitian,False,0,0,1,1726.6230668331832,1808.6287475455772,Nenhuma,1
pedido_1695.6744417932941_128,137.7000708523941,116.94515582362274,101.94515582362274,5.135994825601966,15,4.613906267468673,Moto,Sandstorms,Medium,Metropolitian,True,0,0,0,1695.6744417932941,1812.619597616917,Rota_Reduzida,1
pedido_1642.888363972758_101,190.54013611406015,180.19086148718344,165.19086148718344,7.000229478057646,5,4.2971297865782185,Scooter,Sunny,Jam,Metropolitian,False,0,1,1,1642.888363972758,1813.0792254599414,Aumento_Velocidade,0
pedido_1706.2219039422062_134,136.340453812225,118.84832684496581,103.84832684496581,12.829794356825547,5,4.5159792449101595,Moto,Sandstorms,High,Urban,False,0,1,0,1706.2219039422062,1815.070230787172,Aumento_Velocidade,1
pedido_1711.6330975673886_139,130.40343468734383,112.99884897470773,97.99884897470773,2.708355073577464,10,5.0,Moto,Windy,Jam,Urban,False,0,1,0,1711.6330975673886,1819.6319465420963,Aumento_Velocidade,1
pedido_1724.1980789539482_145,101.19833912681312,107.18944180533256,87.18944180533256,10.271899086493132,10,4.616133310220591,Moto,Sunny,High,Other,True,0,1,1,1724.1980789539482,1821.3875207592807,Rota_Reduzida,1
pedido_1707.8922384588761_136,136.94163603331137,115.83972098976207,100.83972098976207,16.47905474509411,15,4.962886242021952,Moto,Windy,High,Metropolitian,False,0,1,0,1707.8922384588761,1823.7319594486382,Aumento_Velocidade,1
pedido_1740.5821048911334_155,100.62915694350157,88.2232530013298,73.2232530013298,3.05393175753651,10,4.60490386217825,Moto,Sunny,Jam,Metropolitian,True,0,1,1,1740.5821048911334,1823.8053578924632,Aumento_Velocidade,1
pedido_1700.4530457576438_131,135.43715909684298,129.51777102273905,114.51777102273905,7.464270513512494,10,4.856055174876177,Moto,Windy,Medium,Metropolitian,False,0,0,0,1700.4530457576438,1824.9708167803828,Rota_Reduzida,1
pedido_1711.0712891790515_138,136.495532914919,120.3756042448268,105.3756042448268,16.044780336667586,10,4.718060994625191,Moto,Sandstorms,Medium,Urban,False,0,0,0,1711.0712891790515,1826.4468934238782,Rota_Reduzida,1
pedido_1717.353975582115_142,130.6580430495067,110.98999214038366,95.98999214038366,6.244402652763672,15,4.703193314491458,Scooter,Sandstorms,High,Metropolitian,True,0,1,0,1717.353975582115,1828.3439677224987,Aumento_Velocidade,1
pedido_1707.4243300272092_135,133.33356138466675,124.51989289572737,109.51989289572737,15.7130915831577,15,4.886277874956746,Moto,Stormy,Jam,Metropolitian,False,0,1,0,1707.4243300272092,1831.9442229229367,Aumento_Velocidade,1
pedido_1705.5183845424876_133,133.23382719633193,141.71380964482225,126.71380964482225,15.689626600059755,5,5.0,Scooter,Stormy,High,Urban,True,0,1,0,1705.5183845424876,1837.23219418731,Aumento_Velocidade,0
pedido_1704.1255469794955_132,144.30808196249143,124.37769943086505,124.37769943086505,11.64782921803367,10,5.0,Van,Sandstorms,Jam,Metropolitian,True,0,1,0,1704.1255469794955,1838.5032464103606,Nenhuma,0
pedido_1655.3252490023742_113,187.13481435528243,191.0588575758329,176.0588575758329,11.370404734532697,10,4.261712091904785,Moto,Stormy,High,Urban,False,0,1,0,1655.3252490023742,1841.3841065782071,Aumento_Velocidade,0
pedido_1767.9494319975456_168,104.86206168454494,78.44836484599128,63.44836484599128,13.836763203859661,10,4.637069693987932,Moto,Sunny,High,Metropolitian,True,0,1,1,1767.9494319975456,1841.397796843537,Aumento_Velocidade,1
pedido_1724.32617324238_146,128.86708058067612,124.30617616523969,109.30617616523969,0.7798682689278245,10,4.691274434071343,Moto,Stormy,High,Metropolitian,True,0,1,0,1724.32617324238,1843.6323494076198,Aumento_Velocidade,1
pedido_1726.0250138538634_147,137.37193346031697,126.6683381948728,111.6683381948728,5.552324206380251,10,4.564240246828839,Scooter,Windy,Medium,Metropolitian,False,0,0,0,1726.0250138538634,1847.6933520487362,Rota_Reduzida,1
pedido_1815.1529783489514_195,50.88829968320039,17.78425555856748,17.78425555856748,17.58174026765326,15,4.578080946691878,Scooter,Sandstorms,Medium,Urban,True,1,0,0,1815.1529783489514,1847.937233907519,Nenhuma,1
pedido_1708.0928998383072_137,136.6532227808734,150.47652601824916,135.47652601824916,16.594404683611867,5,4.839415438328381,Scooter,Sandstorms,Medium,Urban,False,0,0,0,1708.0928998383072,1848.5694258565563,Rota_Reduzida,0
pedido_1740.9487319034315_156,123.3980388630499,117.94454655041619,102.94454655041619,0.0,5,4.581030897694797,Scooter,Stormy,Jam,Metropolitian,False,0,1,0,1740.9487319034315,1848.8932784538476,Aumento_Velocidade,1
pedido_1679.9758285447049_120,184.97322489398175,176.27809446681607,161.27809446681607,19.181142639042918,15,4.244276715185879,Scooter,Windy,High,Metropolitian,False,0,1,0,1679.9758285447049,1856.253923011521,Aumento_Velocidade,0
pedido_1732.4580556594526_151,144.19710716336832,130.1357998710243,115.13579987102429,12.05599922030222,10,4.55849139077855,Moto,Foggy,High,Urban,True,0,1,0,1732.4580556594526,1857.593855530477,Aumento_Velocidade,1
pedido_1743.8521137332248_158,133.81320105254937,123.74562105350765,108.74562105350765,2.624978872734639,5,4.7463794525581005,Moto,Foggy,High,Metropolitian,False,0,1,0,1743.8521137332248,1857.5977347867324,Aumento_Velocidade,1
pedido_1721.6207309648375_143,135.4269565080043,135.9967444858274,120.9967444858274,17.52219881593578,15,4.598586987393394,Scooter,Sandstorms,High,Urban,False,0,1,0,1721.6207309648375,1857.6174754506649,Aumento_Velocidade,0
pedido_1731.4671584355087_149,133.50960814682583,141.65226489856937,121.65226489856937,12.27487593627936,5,4.88400444762021,Scooter,Windy,High,Semi-Urban,False,0,1,0,1731.4671584355087,1858.1194233340782,Rota_Reduzida,0
pedido_1758.2347773326437_163,101.41405234383306,91.21745193766377,91.21745193766377,4.64409260075433,15,5.0,Moto,Stormy,Low,Metropolitian,True,0,0,0,1758.2347773326437,1864.4522292703075,Nenhuma,1
pedido_1745.617855249709_159,131.26714374550582,124.34134319697412,109.34134319697412,7.960339477191004,10,4.668026321983803,Scooter,Sandstorms,High,Metropolitian,True,0,1,0,1745.617855249709,1864.959198446683,Aumento_Velocidade,1
pedido_1738.6610428879783_154,144.450060822494,142.72197576860378,127.72197576860378,17.063880706045673,5,4.582433191613157,Moto,Foggy,High,Metropolitian,True,0,1,0,1738.6610428879783,1871.383018656582,Aumento_Velocidade,0
pedido_1755.5863796918713_162,136.28143219805156,122.5606922197012,107.5606922197012,7.367558783554989,10,4.605295030529461,Moto,Windy,Medium,Metropolitian,False,0,0,0,1755.5863796918713,1873.1470719115725,Rota_Reduzida,1
pedido_1752.9433730970934_160,138.1394442468459,107.01664507934113,107.01664507934113,13.979706489884496,15,4.6832871550862185,Van,Windy,Medium,Metropolitian,True,0,0,0,1752.9433730970934,1874.9600181764345,Nenhuma,1
pedido_1789.2917337381923_178,99.12969740049589,72.70126340699184,72.70126340699184,1.89807444830732,15,4.622460763339238,Scooter,Windy,Low,Urban,False,0,0,0,1789.2917337381923,1876.992997145184,Nenhuma,1
pedido_1759.3189853941824_164,129.36101408685738,128.6999227469952,113.69992274699521,15.193686761409042,5,4.715135120484668,Moto,Stormy,High,Metropolitian,False,0,1,0,1759.3189853941824,1878.0189081411777,Aumento_Velocidade,1
pedido_1824.4283928521374_206,44.52366440408197,51.48153301842229,51.48153301842229,14.5476474497106,5,4.643607873574595,Scooter,Foggy,High,Metropolitian,False,1,1,0,1824.4283928521374,1880.9099258705598,Nenhuma,1
pedido_1785.3486457151082_177,123.62640924806604,106.64484887717524,91.64484887717524,1.7873337934157822,5,4.627468531219384,Moto,Foggy,Medium,Metropolitian,True,0,0,0,1785.3486457151082,1881.9934945922835,Rota_Reduzida,1
pedido_1767.4688352341477_167,133.34216283475934,126.0367352489657,111.0367352489657,10.88162024849683,5,4.693021508449384,Moto,Windy,High,Metropolitian,False,0,1,0,1767.4688352341477,1883.5055704831134,Aumento_Velocidade,1
pedido_1774.2641095810743_169,134.87988846989217,111.66734656715047,96.66734656715047,1.3623866855295295,15,4.768768897949135,Scooter,Foggy,High,Metropolitian,False,0,1,0,1774.2641095810743,1885.9314561482247,Aumento_Velocidade,1
pedido_1791.3582384034871_179,97.75913992308796,91.89675419590714,91.89675419590714,0.0,5,4.755437518564828,Moto,Sunny,Low,Metropolitian,False,0,0,1,1791.3582384034871,1888.2549925993942,Nenhuma,1
pedido_1765.749060993486_166,136.495532914919,132.98548685457166,117.98548685457166,15.814346069333794,5,4.704101154483445,Scooter,Sandstorms,Medium,Metropolitian,False,0,0,0,1765.749060993486,1888.7345478480577,Rota_Reduzida,1
pedido_1782.1636171008179_176,127.5877953145291,107.0405983240813,92.0405983240813,5.71724150628806,15,4.806455774427086,Scooter,Sandstorms,Jam,Metropolitian,False,0,1,0,1782.1636171008179,1889.204215424899,Aumento_Velocidade,1
pedido_1778.862387138789_174,97.21798027955808,96.59013165532126,96.59013165532126,3.9399212392714555,15,4.78496041799251,Van,Sunny,High,Metropolitian,False,0,1,1,1778.862387138789,1890.4525187941103,Nenhuma,1
pedido_1820.2245264259218_199,94.2708500214489,74.04073726308448,59.04073726308448,1.7384147547067856,15,4.740003342609075,Moto,Sunny,Medium,Metropolitian,False,0,0,1,1820.2245264259218,1894.2652636890064,Rota_Reduzida,1
pedido_1776.0456519588029_171,136.68010058789994,128.2432104262169,113.2432104262169,11.226073759880563,5,4.947150453758898,Moto,Windy,Jam,Metropolitian,False,0,1,0,1776.0456519588029,1894.2888623850197,Aumento_Velocidade,1
pedido_1813.8110678999387_193,102.75137233423769,81.11356281738603,66.11356281738603,18.392087860349204,15,4.836983743131555,Scooter,Sunny,High,Metropolitian,False,0,1,1,1813.8110678999387,1894.9246307173248,Aumento_Velocidade,1
pedido_1810.9188423943774_191,95.63430438732016,87.24481271238876,72.24481271238876,6.683176375331847,15,5.0,Moto,Sunny,High,Metropolitian,False,0,1,1,1810.9188423943774,1898.163655106766,Aumento_Velocidade,1
pedido_1802.032713212889_186,95.25023207545257,106.89545040599353,91.89545040599353,0.0,5,4.690761192925348,Moto,Sunny,High,Urban,False,0,1,1,1802.032713212889,1898.9281636188825,Aumento_Velocidade,1
pedido_1774.847802694063_170,130.15619401501854,129.4410413463992,114.4410413463992,13.080284509961599,10,4.872945851636896,Moto,Stormy,High,Metropolitian,False,0,1,0,1774.847802694063,1899.2888440404622,Aumento_Velocidade,1
pedido_1793.5554211550918_181,109.75999909833658,105.80929265411062,90.80929265411062,13.146277500111717,15,4.691544633196436,Moto,Sunny,Jam,Metropolitian,False,0,1,1,1793.5554211550918,1899.3647138092024,Aumento_Velocidade,1
pedido_1779.1190334493128_175,126.45168003734996,122.99093027042701,107.99093027042701,8.625522032114395,15,4.800330123851392,Scooter,Sandstorms,Jam,Metropolitian,False,0,1,0,1779.1190334493128,1902.1099637197399,Aumento_Velocidade,1
pedido_1797.0919673603028_183,135.45155639526504,106.59137598865259,91.59137598865259,6.4574650755300995,15,4.964168926597633,Moto,Windy,High,Metropolitian,False,0,1,0,1797.0919673603028,1903.6833433489553,Aumento_Velocidade,1
pedido_1795.63124203989_182,134.12551315519283,109.78064253408685,94.78064253408685,13.477134038051654,15,4.666825696652981,Scooter,Sandstorms,High,Metropolitian,False,0,1,0,1795.63124203989,1905.4118845739767,Aumento_Velocidade,1
pedido_1797.444700804524_185,135.06828144650794,108.13182865796053,93.13182865796053,16.148808330475223,15,4.851327863370865,Scooter,Windy,Jam,Urban,False,0,1,0,1797.444700804524,1905.5765294624846,Aumento_Velocidade,1
pedido_1765.6743164588815_165,131.57275796923062,129.93478737992234,129.93478737992234,15.333152637889315,10,5.0,Van,Stormy,Medium,Other,False,0,0,0,1765.6743164588815,1905.609103838804,Nenhuma,0
pedido_1778.536552811843_173,151.62716910296447,140.58591040449176,125.58591040449176,12.420121876397632,5,4.857767935987528,Moto,Foggy,Jam,Metropolitian,True,0,1,0,1778.536552811843,1909.1224632163348,Aumento_Velocidade,0
pedido_1808.115156753851_190,96.87169897527087,96.43660945890817,96.43660945890817,9.25475056581537,5,4.916803360117588,Scooter,Sunny,Low,Metropolitian,False,0,0,1,1808.115156753851,1909.551766212759,Nenhuma,1
pedido_1808.0924066011776_189,103.13519592209052,97.9124895304591,97.9124895304591,17.794509194140883,5,4.635034566447291,Moto,Sandstorms,Low,Metropolitian,False,0,0,0,1808.0924066011776,1911.0048961316368,Nenhuma,1
pedido_1876.1736410058586_236,62.03238104579024,46.19625380860447,31.196253808604467,12.719036015390182,5,4.292952564136982,Moto,Foggy,High,Metropolitian,False,1,1,0,1876.1736410058586,1912.3698948144631,Aumento_Velocidade,1
pedido_1867.6127705994356_230,45.26148271349147,41.61462408760199,41.61462408760199,15.12809188326718,5,4.908649899719857,Moto,Sandstorms,High,Metropolitian,True,1,1,0,1867.6127705994356,1914.2273946870375,Nenhuma,1
pedido_1777.452434022469_172,147.9202543120047,137.49303195275766,122.49303195275766,20.710527582711354,15,5.0,Moto,Foggy,Medium,Urban,False,0,0,0,1777.452434022469,1914.9454659752269,Rota_Reduzida,0
pedido_1849.1311080311348_220,99.40036610675655,78.42970829100923,63.429708291009234,5.992824111601695,5,4.757987948506605,Moto,Sunny,Jam,Urban,False,0,1,1,1849.1311080311348,1917.560816322144,Aumento_Velocidade,1
pedido_1791.6080889182717_180,131.57345377933837,135.96222066661184,120.96222066661184,1.9026692079197223,5,4.984629424557075,Moto,Stormy,High,Metropolitian,False,0,1,0,1791.6080889182717,1917.5703095848835,Aumento_Velocidade,0
pedido_1797.098238505455_184,150.72369751433095,126.64557534686759,111.64557534686759,16.277767623360816,10,4.755455314177049,Moto,Foggy,Jam,Urban,True,0,1,0,1797.098238505455,1918.7438138523225,Aumento_Velocidade,1
pedido_1824.702637476562_207,101.86332648589489,81.47460577640557,81.47460577640557,13.590960136090525,15,4.614377286263119,Van,Sunny,High,Metropolitian,False,0,1,1,1824.702637476562,1921.1772432529674,Nenhuma,1
pedido_1813.322257167947_192,132.49178708564946,109.15910677153879,94.15910677153879,6.028602353640963,15,5.0,Scooter,Windy,High,Metropolitian,False,0,1,0,1813.322257167947,1922.4813639394858,Aumento_Velocidade,1
pedido_1826.75321861126_208,95.7534846130962,82.84535365186325,82.84535365186325,8.722646878247755,15,5.0,Van,Sunny,High,Metropolitian,False,0,1,1,1826.75321861126,1924.5985722631233,Nenhuma,1
pedido_1874.1082923063911_233,61.99630505375261,57.42716277463694,42.42716277463694,12.068460292625517,10,4.343916389862915,Moto,Stormy,High,Urban,False,1,1,0,1874.1082923063911,1926.535455081028,Aumento_Velocidade,1
pedido_1820.2894898717475_201,135.26607185187368,107.7038294139029,92.7038294139029,16.406818136652053,15,4.692954412709811,Moto,Sandstorms,High,Metropolitian,True,0,1,0,1820.2894898717475,1927.9933192856504,Aumento_Velocidade,1
pedido_1818.4116425064044_196,129.59265301339997,114.61322077582469,99.61322077582469,6.064326208184726,10,4.73349026413188,Moto,Foggy,Jam,Metropolitian,False,0,1,0,1818.4116425064044,1928.024863282229,Aumento_Velocidade,1
pedido_1828.8501694728357_209,106.65221548234197,100.53882449723855,85.53882449723855,15.858732955715102,15,4.49062075391669,Scooter,Sunny,High,Urban,False,0,1,1,1828.8501694728357,1929.3889939700741,Aumento_Velocidade,1
pedido_1836.3660016469748_214,127.13564918431457,98.10039727180381,78.10039727180381,17.660973257418785,15,4.7541039763246875,Scooter,Sandstorms,High,Other,False,0,1,0,1836.3660016469748,1929.4663989187786,Rota_Reduzida,1
pedido_1820.5189330123126_203,132.65986019653798,114.68162091046376,99.68162091046376,3.5229367097505637,10,4.82762926882903,Moto,Sandstorms,High,Urban,False,0,1,0,1820.5189330123126,1930.2005539227764,Aumento_Velocidade,1
pedido_1834.273964461681_212,98.88220686180085,87.47322469979039,87.47322469979039,7.404729300616674,10,4.464708913015978,Scooter,Sunny,Low,Urban,False,0,0,1,1834.273964461681,1931.7471891614714,Nenhuma,1
pedido_1883.6335066984868_240,45.59222214596548,43.476929633879294,43.476929633879294,4.3934786405581825,10,4.526815228956435,Moto,Sandstorms,High,Metropolitian,True,1,1,0,1883.6335066984868,1937.1104363323661,Nenhuma,1
pedido_1819.2765425505588_197,129.01666075656678,109.67133080208251,109.67133080208251,4.420013566156414,10,4.54444502025665,Van,Windy,High,Urban,False,0,1,0,1819.2765425505588,1938.9478733526414,Nenhuma,1
pedido_1803.112165015654_188,131.9012147297906,136.10102610445722,121.10102610445722,4.027757850866425,15,4.746179256161319,Moto,Windy,High,Metropolitian,False,0,1,0,1803.112165015654,1939.2131911201113,Aumento_Velocidade,0
pedido_1820.1559011479326_198,141.5653798675711,125.98867422042693,110.98867422042693,17.168650838278566,10,4.759484136574437,Scooter,Foggy,High,Metropolitian,False,0,1,0,1820.1559011479326,1941.1445753683595,Aumento_Velocidade,1
pedido_1733.855238294843_152,184.55158189368044,197.71883137154484,197.71883137154484,17.244216269869508,10,4.4388668012537,Van,Windy,High,Metropolitian,False,0,1,0,1733.855238294843,1941.574069666388,Nenhuma,0
pedido_1849.4114571931977_221,98.00070297843827,77.24922684747862,77.24922684747862,4.791993243130093,15,4.610082075686787,Moto,Sunny,Low,Metropolitian,False,0,0,1,1849.4114571931977,1941.6606840406764,Nenhuma,1
pedido_1815.1107332346985_194,132.295553357147,131.0689057560768,116.06890575607679,5.904254541698268,15,4.754842036195718,Scooter,Sandstorms,High,Metropolitian,False,0,1,0,1815.1107332346985,1946.1796389907754,Aumento_Velocidade,1
pedido_1830.728101254689_210,118.02393098839629,109.20752181750889,109.20752181750889,11.626466594677032,10,4.9675835050160115,Moto,Sunny,Low,Metropolitian,False,0,0,1,1830.728101254689,1949.9356230721978,Nenhuma,1
pedido_1834.2632977476967_211,135.76807368764494,111.84426548866945,111.84426548866945,17.61780719105011,5,4.96112913600156,Van,Sandstorms,High,Metropolitian,False,0,1,0,1834.2632977476967,1951.107563236366,Nenhuma,1
pedido_1823.4680956895224_205,134.41578154217095,127.81459572281287,112.81459572281287,0.0913450648064682,15,4.5645543448498405,Scooter,Foggy,High,Urban,False,0,1,0,1823.4680956895224,1951.2826914123352,Aumento_Velocidade,1
pedido_1915.5362443086503_256,37.22806375160722,27.055496688249555,27.055496688249555,0.40374641743192097,10,4.794336002765421,Moto,Sunny,Medium,Metropolitian,False,1,0,1,1915.5362443086503,1952.5917409969,Nenhuma,1
pedido_1848.457829528669_219,131.21254693176903,109.20973960577093,94.20973960577093,7.5236308615796,10,5.0,Moto,Stormy,High,Metropolitian,True,0,1,0,1848.457829528669,1952.6675691344399,Aumento_Velocidade,1
pedido_1855.8675200962357_224,130.5840820227643,105.14652018695237,90.14652018695237,4.4601455965843195,10,4.912521113104376,Moto,Windy,High,Metropolitian,False,0,1,0,1855.8675200962357,1956.014040283188,Aumento_Velocidade,1
pedido_1890.2583180285344_244,110.05350976389829,67.36900055873954,52.36900055873954,15.418521721513732,15,4.718478720730093,Moto,Sunny,Jam,Metropolitian,False,0,1,1,1890.2583180285344,1957.627318587274,Aumento_Velocidade,1
pedido_1836.786312555689_215,120.03980767230308,110.93342056743093,110.93342056743093,15.144862292468387,10,4.694968682850118,Moto,Sunny,Low,Urban,False,0,0,1,1836.786312555689,1957.7197331231198,Nenhuma,1
pedido_1863.1926196400836_226,105.8662279948134,101.33238970175739,86.33238970175739,4.682958605488853,10,4.462022091164748,Moto,Sunny,High,Metropolitian,False,0,1,1,1863.1926196400836,1959.525009341841,Aumento_Velocidade,1
pedido_1854.6471335363249_222,133.86123315228076,110.53979590161293,95.53979590161293,9.974668120827516,10,4.993051845108047,Moto,Sandstorms,Jam,Urban,False,0,1,0,1854.6471335363249,1960.1869294379378,Aumento_Velocidade,1
pedido_1837.969074345568_216,132.94419594532,128.61593413246112,113.61593413246112,11.391347005812104,10,4.540942907382799,Moto,Windy,High,Metropolitian,False,0,1,0,1837.969074345568,1961.585008478029,Aumento_Velocidade,1
pedido_1879.206820003894_237,102.96140195964212,92.61351277907858,77.61351277907858,5.727831789707739,5,4.534904447148461,Scooter,Sunny,Jam,Urban,False,0,1,1,1879.206820003894,1961.8203327829726,Aumento_Velocidade,1
pedido_1820.2715261281132_200,172.84118440442353,147.9043964355267,132.9043964355267,4.793055464539169,10,4.41318053111826,Moto,Stormy,Medium,Metropolitian,False,0,0,0,1820.2715261281132,1963.17592256364,Rota_Reduzida,0
pedido_1835.2018256156225_213,142.399854513784,128.11758466520533,113.11758466520533,15.086637831437987,15,4.563343160065515,Moto,Foggy,Medium,Urban,False,0,0,0,1835.2018256156225,1963.319410280828,Rota_Reduzida,1
pedido_1870.2656942727058_232,112.75320776516062,100.84329985834974,85.84329985834974,13.661446766283964,10,4.517538946062568,Scooter,Sunny,Jam,Urban,False,0,1,1,1870.2656942727058,1966.1089941310556,Aumento_Velocidade,1
pedido_1843.8677098489425_217,134.0293638312794,129.55319150932763,114.55319150932763,8.02607778212592,10,4.586826616363408,Scooter,Foggy,High,Metropolitian,False,0,1,0,1843.8677098489425,1968.4209013582702,Aumento_Velocidade,1
pedido_1803.0121312794925_187,185.7110862111349,165.98294229879554,150.98294229879554,20.218906563740646,15,4.401132844602286,Scooter,Windy,High,Metropolitian,True,0,1,0,1803.0121312794925,1968.995073578288,Aumento_Velocidade,0
pedido_1874.6495522504506_234,106.65221548234197,108.87538630341304,93.87538630341304,14.880622877278677,5,4.543172196226417,Scooter,Sunny,High,Urban,False,0,1,1,1874.6495522504506,1973.5249385538636,Aumento_Velocidade,1
pedido_1847.9667408648215_218,139.66215885312468,127.0358598224754,112.0358598224754,14.413721601794492,15,5.0,Scooter,Windy,High,Metropolitian,True,0,1,0,1847.9667408648215,1975.002600687297,Aumento_Velocidade,1
pedido_1870.1213830514196_231,135.06828144650794,108.25457735755892,93.25457735755892,14.793544066911014,15,4.922890510045607,Moto,Windy,Jam,Urban,False,0,1,0,1870.1213830514196,1978.3759604089785,Aumento_Velocidade,1
pedido_1822.650938068736_204,171.88875570334778,161.92348920601137,146.92348920601137,10.759034118564134,10,4.266880404814208,Moto,Sunny,Jam,Urban,False,0,1,1,1822.650938068736,1979.5744272747474,Aumento_Velocidade,0
pedido_1881.5190862381003_238,103.16886343697497,85.71242844496425,85.71242844496425,17.548306198600066,15,4.684468114331893,Moto,Stormy,Low,Urban,False,0,0,0,1881.5190862381003,1982.2315146830645,Nenhuma,1
pedido_1859.014009428462_225,135.35273384526806,134.47438106782,119.47438106781999,14.530929149851119,5,4.82973813997223,Moto,Windy,Medium,Metropolitian,False,0,0,0,1859.014009428462,1983.4883904962821,Rota_Reduzida,1
pedido_1865.944824260542_228,128.8208085269841,118.2665415417209,103.2665415417209,5.003383414424157,15,4.858062410784827,Scooter,Stormy,Jam,Metropolitian,True,0,1,0,1865.944824260542,1984.211365802263,Aumento_Velocidade,1
pedido_1945.132299769179_270,40.36551970505162,29.154282457645834,29.154282457645834,14.54337778866863,10,4.7854843116575125,Scooter,Foggy,Low,Urban,False,1,0,0,1945.132299769179,1984.286582226825,Nenhuma,1
pedido_1820.3853394066418_202,178.50374399759048,174.25170118685247,159.25170118685247,9.543555735973996,5,4.428897710376252,Scooter,Windy,Medium,Urban,False,0,0,0,1820.3853394066418,1984.6370405934942,Rota_Reduzida,0
pedido_1863.7016346210753_227,135.1294827604359,132.6248415498386,117.6248415498386,3.186360886041085,5,5.0,Moto,Windy,Medium,Metropolitian,True,0,0,0,1863.7016346210753,1986.3264761709138,Rota_Reduzida,1
pedido_1894.057818770444_246,104.04954525730992,78.61309228914641,78.61309228914641,9.802108928516436,15,5.0,Moto,Sandstorms,Low,Metropolitian,True,0,0,0,1894.057818770444,1987.6709110595905,Nenhuma,1
pedido_1866.4944429537193_229,150.4110111218997,131.5086154994226,116.5086154994226,12.640801303221629,5,4.8529218192441,Moto,Foggy,Jam,Urban,False,0,1,0,1866.4944429537193,1988.0030584531419,Aumento_Velocidade,1
pedido_1893.7086558639326_245,106.49470650644149,105.28595226625075,90.28595226625075,10.792571635875145,5,4.547902797220672,Moto,Sunny,High,Metropolitian,False,0,1,1,1893.7086558639326,1988.9946081301832,Aumento_Velocidade,1
pedido_1855.0683843249178_223,133.3390160658014,144.1926347924189,129.1926347924189,10.704291446075754,5,4.943296655436002,Moto,Sandstorms,High,Metropolitian,False,0,1,0,1855.0683843249178,1989.2610191173367,Aumento_Velocidade,0
pedido_1881.7721782425958_239,129.6757071529337,124.52111393669597,109.52111393669597,2.4968385846821666,5,4.7440229672108885,Moto,Windy,Jam,Metropolitian,True,0,1,0,1881.7721782425958,1996.2932921792917,Aumento_Velocidade,1
pedido_1897.82818831477_247,105.45253611543735,90.76306006119638,90.76306006119638,17.606515867515593,10,4.993156209876098,Moto,Sandstorms,Low,Metropolitian,True,0,0,0,1897.82818831477,1998.5912483759664,Nenhuma,1
pedido_1876.1663421784035_235,108.33497441285537,117.75139323106563,117.75139323106563,19.74505834292724,5,4.718239222553833,Van,Sunny,Jam,Metropolitian,False,0,1,1,1876.1663421784035,1998.917735409469,Nenhuma,1
pedido_1933.8151061229223_264,95.30782448653895,61.150187071460536,61.150187071460536,3.0190125457031556,5,4.779481262655783,Moto,Sunny,Low,Metropolitian,True,0,0,1,1933.8151061229223,1999.9652931943829,Nenhuma,1
pedido_1899.7393794730242_248,127.57638294732693,114.05616823995538,99.05616823995538,8.213171781788095,5,4.577771462962711,Moto,Stormy,Jam,Metropolitian,False,0,1,0,1899.7393794730242,2003.7955477129797,Aumento_Velocidade,1
pedido_1883.8605576917168_241,139.58994228304255,124.40571676015202,109.40571676015202,13.559636911748347,15,4.466404051939771,Scooter,Stormy,Jam,Metropolitian,False,0,1,0,1883.8605576917168,2008.2662744518689,Aumento_Velocidade,1
pedido_1930.5001026298298_262,105.19975107848433,97.8376900634891,82.8376900634891,15.467105374911045,5,4.638920510932355,Moto,Sunny,High,Metropolitian,True,0,1,1,1930.5001026298298,2018.337792693319,Aumento_Velocidade,1
pedido_1886.502350073654_242,124.7026343947409,127.10221243825814,127.10221243825814,3.0120001838389294,5,4.732650647360339,Van,Stormy,Jam,Metropolitian,True,0,1,0,1886.502350073654,2018.6045625119123,Nenhuma,0
pedido_1912.8345369012293_255,133.8603358861522,113.01664781247617,98.01664781247617,5.6979552862748815,10,4.721213149522761,Moto,Foggy,High,Metropolitian,False,0,1,0,1912.8345369012293,2020.8511847137054,Aumento_Velocidade,1
pedido_1903.7458069965896_251,131.44428158613405,122.20513345082304,107.20513345082304,8.50563160871849,10,4.680182520537136,Moto,Foggy,Jam,Metropolitian,True,0,1,0,1903.7458069965896,2020.9509404474127,Aumento_Velocidade,1
pedido_1910.0444564740687_254,135.86157969792814,112.84817114198752,97.84817114198752,16.36867806401437,15,4.814480193539524,Moto,Windy,High,Metropolitian,True,0,1,0,1910.0444564740687,2022.8926276160562,Aumento_Velocidade,1
pedido_1922.0134351955185_260,126.40381272079905,103.53052536826394,88.53052536826394,3.9863344381669417,15,4.717159210369329,Moto,Windy,Jam,Urban,False,0,1,0,1922.0134351955185,2025.5439605637823,Aumento_Velocidade,1
pedido_1941.9722889258771_267,97.81500651352282,90.0975307396636,75.0975307396636,1.420367493360692,10,5.0,Moto,Sunny,Medium,Urban,True,0,0,1,1941.9722889258771,2027.0698196655408,Rota_Reduzida,1
pedido_1889.0515659517744_243,135.41940274021803,143.06941961221648,128.06941961221648,6.644565928197691,10,4.718640834330397,Moto,Windy,Medium,Metropolitian,False,0,0,0,1889.0515659517744,2027.1209855639909,Rota_Reduzida,0
pedido_1902.4593805731647_250,131.03979234049356,131.0735072778038,116.0735072778038,5.271076819113771,10,4.689317815452522,Moto,Windy,High,Urban,False,0,1,0,1902.4593805731647,2028.5328878509686,Aumento_Velocidade,1
pedido_1925.1171345634273_261,101.62886116662526,103.46051846060459,88.46051846060459,13.14805354754416,15,4.673693155175475,Moto,Sunny,High,Metropolitian,False,0,1,1,1925.1171345634273,2028.5776530240319,Aumento_Velocidade,1
pedido_1955.4674092862826_274,98.48852848443111,68.10490494408637,68.10490494408637,9.804574641690031,10,4.6077404240270665,Moto,Windy,Low,Metropolitian,False,0,0,0,1955.4674092862826,2033.572314230369,Nenhuma,1
pedido_1916.2553946353994_257,129.36116942487362,125.62455365686725,110.62455365686725,1.528825334892832,10,4.87425495859751,Scooter,Stormy,High,Metropolitian,True,0,1,0,1916.2553946353994,2036.8799482922666,Aumento_Velocidade,1
pedido_1907.1675157443747_252,166.95505890698283,129.7624204222037,114.76242042220369,9.58265414477706,15,4.289842069781795,Moto,Sunny,Medium,Metropolitian,False,0,0,1,1907.1675157443747,2036.9299361665783,Rota_Reduzida,1
pedido_1907.7370442751949_253,126.68671763289663,130.05504800405768,115.05504800405768,7.772807156431224,15,4.828272529277453,Scooter,Sandstorms,Jam,Metropolitian,False,0,1,0,1907.7370442751949,2037.7920922792525,Aumento_Velocidade,1
pedido_1953.8835821535226_273,99.003947290643,85.65712734592283,70.65712734592283,3.9643060881662686,15,5.0,Moto,Sunny,High,Metropolitian,False,0,1,1,1953.8835821535226,2039.5407094994455,Aumento_Velocidade,1
pedido_1917.6515788207837_258,141.67887272572975,129.6744943877035,114.6744943877035,15.243123624382871,10,5.0,Moto,Foggy,High,Metropolitian,False,0,1,0,1917.6515788207837,2042.3260732084873,Aumento_Velocidade,1
pedido_1970.3804840639057_276,102.10569728643034,79.42838927562451,64.42838927562451,16.567908845370763,10,4.570871563629282,Moto,Sunny,High,Urban,False,0,1,1,1970.3804840639057,2044.8088733395302,Aumento_Velocidade,1
pedido_1959.7592175636612_275,104.56763904245726,97.3074505743368,82.3074505743368,11.739335944677585,5,4.681599119264897,Moto,Sunny,High,Metropolitian,True,0,1,1,1959.7592175636612,2047.066668137998,Aumento_Velocidade,1
pedido_2007.4334850729842_295,63.29167094840697,52.815022018732094,32.815022018732094,4.560240706493487,10,4.359798823219788,Moto,Foggy,High,Other,False,1,1,0,2007.4334850729842,2050.2485070917164,Rota_Reduzida,1
pedido_1973.632913890652_278,100.27817295883251,76.9681018251811,61.968101825181094,10.19163872834775,15,4.904652469149881,Moto,Sunny,Medium,Urban,False,0,0,1,1973.632913890652,2050.601015715833,Rota_Reduzida,1
pedido_1942.4106168570524_268,129.58043363698226,108.92905209041245,93.92905209041245,12.87234146296151,15,4.811656580645513,Moto,Stormy,High,Urban,False,0,1,0,1942.4106168570524,2051.339668947465,Aumento_Velocidade,1
pedido_1930.593007850788_263,132.01840360733766,131.3588833426981,116.3588833426981,4.635946828084433,5,4.5520326824209025,Moto,Sandstorms,High,Urban,False,0,1,0,1930.593007850788,2051.951891193486,Aumento_Velocidade,1
pedido_1948.3583787541083_272,132.74383921144636,107.79519195636016,92.79519195636016,9.932386917017865,15,4.7851760150145575,Scooter,Stormy,Medium,Metropolitian,True,0,0,0,1948.3583787541083,2056.1535707104686,Rota_Reduzida,1
pedido_1970.8403589236102_277,104.40369949052752,95.37909736982854,80.37909736982854,12.165962470479272,5,5.0,Scooter,Sunny,High,Metropolitian,True,0,1,1,1970.8403589236102,2056.2194562934387,Aumento_Velocidade,1
pedido_1988.5189435112716_286,95.91245594072267,68.9649869167059,53.9649869167059,3.3651506122422203,15,4.78890803411375,Scooter,Sunny,Medium,Metropolitian,True,0,0,1,1988.5189435112716,2057.4839304279776,Rota_Reduzida,1
pedido_1979.6019040639765_280,97.07196058382635,73.41181246385979,73.41181246385979,8.692852602854947,5,4.676622779386429,Scooter,Sunny,Low,Metropolitian,False,0,0,1,1979.6019040639765,2058.013716527836,Nenhuma,1
pedido_2003.7170745522576_293,45.07301198494581,45.052454189643136,45.052454189643136,10.082638836005646,10,4.873057722613288,Van,Windy,High,Metropolitian,False,1,1,0,2003.7170745522576,2058.7695287419006,Nenhuma,1
pedido_1935.311281200509_265,149.19810081934767,142.0333645637067,127.0333645637067,16.068627603644355,5,4.940394012870564,Moto,Foggy,Jam,Metropolitian,False,0,1,0,1935.311281200509,2067.344645764216,Aumento_Velocidade,0
pedido_1945.5325909606117_271,128.25958115038492,126.90307778152703,111.90307778152703,4.797603435529438,10,4.8931363223480675,Moto,Stormy,High,Urban,True,0,1,0,1945.5325909606117,2067.4356687421387,Aumento_Velocidade,1
pedido_1921.2464664283477_259,136.37695337191965,138.17591867768297,138.17591867768297,14.329558057825057,10,4.496857740424876,Van,Sandstorms,Medium,Metropolitian,False,0,0,0,1921.2464664283477,2069.4223851060306,Nenhuma,0
pedido_1900.5262883447435_249,167.1263832595173,164.00588034801288,164.00588034801288,13.426133013147805,5,4.4263802978466416,Moto,Sunny,Low,Metropolitian,False,0,0,1,1900.5262883447435,2069.5321686927564,Nenhuma,0
pedido_1938.3627176643456_266,144.7457576503352,141.2993082919321,126.2993082919321,21.539279788837923,5,4.675720141438429,Moto,Foggy,Medium,Urban,False,0,0,0,1938.3627176643456,2069.662025956278,Rota_Reduzida,0
pedido_1943.2413325067735_269,142.0479982145232,136.66269120263163,121.66269120263163,10.944515222392196,5,4.7873105637832944,Moto,Foggy,Medium,Metropolitian,False,0,0,0,1943.2413325067735,2069.904023709405,Rota_Reduzida,0
pedido_2008.4164929306721_296,99.16415110617865,79.43961840151769,64.43961840151769,4.113129029171868,5,4.741104129170703,Moto,Sunny,Jam,Metropolitian,False,0,1,1,2008.4164929306721,2077.85611133219,Aumento_Velocidade,1
pedido_2020.462766366969_303,100.41766519890545,71.94124939801746,56.94124939801746,4.231060111107179,5,4.792725942270026,Moto,Sunny,Jam,Metropolitian,True,0,1,1,2020.462766366969,2082.4040157649865,Aumento_Velocidade,1
pedido_2000.5119056042897_291,105.1775353935065,95.22912810867832,80.22912810867832,17.0177732333317,5,5.0,Moto,Sunny,High,Metropolitian,True,0,1,1,2000.5119056042897,2085.741033712968,Aumento_Velocidade,1
pedido_2038.0802276027_307,49.233137323114114,44.604751479841326,44.604751479841326,0.7406062527737731,5,4.513776235612889,Scooter,Stormy,High,Metropolitian,False,1,1,0,2038.0802276027,2087.6849790825413,Nenhuma,1
pedido_1987.230096339742_285,129.37228708943454,107.0157336677601,92.0157336677601,3.212103530741921,15,4.841144080043224,Scooter,Foggy,Jam,Metropolitian,True,0,1,0,1987.230096339742,2094.2458300075023,Aumento_Velocidade,1
pedido_1981.7217691851508_282,131.51633653533585,122.95022089410654,107.95022089410654,9.190196457279797,10,4.764263744737311,Scooter,Stormy,Medium,Urban,True,0,0,0,1981.7217691851508,2099.6719900792573,Rota_Reduzida,1
pedido_1998.1273264739407_290,130.77464878307057,104.21583063977876,89.21583063977876,5.630539437645161,15,4.689547894611813,Moto,Windy,High,Metropolitian,False,0,1,0,1998.1273264739407,2102.3431571137194,Aumento_Velocidade,1
pedido_1977.7501581085971_279,123.86584828965445,122.09961487565174,122.09961487565174,0.1845720509622195,5,4.953377729393495,Van,Foggy,Medium,Metropolitian,True,0,0,0,1977.7501581085971,2104.849772984249,Nenhuma,0
pedido_1995.934719740563_288,100.79626113247066,96.43419148156293,96.43419148156293,2.0629295717203924,15,5.0,Scooter,Windy,Low,Urban,False,0,0,0,1995.934719740563,2107.368911222126,Nenhuma,1
pedido_1981.7467681546548_283,145.31608964993288,131.86934082942727,116.86934082942727,19.36931537781559,15,5.0,Moto,Foggy,High,Urban,True,0,1,0,1981.7467681546548,2113.616108984082,Aumento_Velocidade,1
pedido_2007.375165215585_294,125.9069267250954,107.8733389476824,92.8733389476824,7.375648650933345,15,4.686047672141635,Moto,Foggy,Medium,Metropolitian,False,0,0,0,2007.375165215585,2115.248504163267,Rota_Reduzida,1
pedido_2040.699177431127_310,106.12477895599727,76.05815531511466,61.05815531511466,6.148781448238848,15,4.499148727700278,Moto,Sunny,High,Metropolitian,False,0,1,1,2040.699177431127,2116.757332746242,Aumento_Velocidade,1
pedido_2002.824955633634_292,142.64515989566567,127.64062915444896,112.64062915444896,12.912043994247327,5,4.723271427970477,Scooter,Foggy,Medium,Metropolitian,False,0,0,0,2002.824955633634,2120.465584788083,Rota_Reduzida,1
pedido_2096.4506080558203_342,35.62141526050733,14.118824918055708,14.118824918055708,6.961663281022933,10,4.508072266308365,Moto,Foggy,Low,Metropolitian,False,1,0,0,2096.4506080558203,2120.5694329738762,Nenhuma,1
pedido_2086.033595589515_335,61.02754056266054,35.19068491505937,20.19068491505937,6.000900858822307,15,4.372132943840095,Moto,Sandstorms,High,Metropolitian,False,1,1,0,2086.033595589515,2121.2242805045744,Aumento_Velocidade,1
pedido_2019.4901070580438_302,98.44117423526482,113.33709824575557,98.33709824575557,2.077049130633738,5,4.890330191317407,Moto,Sunny,High,Metropolitian,True,0,1,1,2019.4901070580438,2122.8272053037995,Aumento_Velocidade,1
pedido_1986.5461232343869_284,133.51436495609533,149.99447180600563,134.99447180600563,14.223321821366858,5,4.875653530829865,Scooter,Stormy,Jam,Metropolitian,False,0,1,0,1986.5461232343869,2126.5405950403924,Aumento_Velocidade,0
pedido_2027.3206586254983_306,95.74685009053184,99.39970294284124,84.39970294284124,6.617304183877087,15,4.973092975234927,Scooter,Sunny,Medium,Metropolitian,False,0,0,1,2027.3206586254983,2126.7203615683393,Rota_Reduzida,1
pedido_2012.0038151412525_298,133.19690654712466,132.79675097218205,117.79675097218205,16.69281643509934,10,4.645412842498427,Moto,Stormy,Medium,Urban,False,0,0,0,2012.0038151412525,2139.800566113435,Rota_Reduzida,1
pedido_2059.0911837185195_317,98.40225390322632,87.07316864044898,72.07316864044898,7.657573104407486,10,4.744807408332071,Moto,Sunny,High,Metropolitian,True,0,1,1,2059.0911837185195,2141.1643523589682,Aumento_Velocidade,1
pedido_2026.0141937244528_305,128.49351084057358,127.86241937022993,112.86241937022993,0.0,5,5.0,Moto,Sandstorms,Jam,Metropolitian,False,0,1,0,2026.0141937244528,2143.876613094683,Aumento_Velocidade,1
pedido_1996.4731921437756_289,151.58747396505365,152.668812711688,137.668812711688,15.434588120258573,10,4.9746905272661355,Moto,Foggy,Jam,Metropolitian,False,0,1,0,1996.4731921437756,2144.1420048554637,Aumento_Velocidade,0
pedido_2040.9237791929743_311,125.40422554411462,114.73154166394022,99.73154166394022,8.616116751942782,5,4.889538761553512,Moto,Foggy,Medium,Metropolitian,False,0,0,0,2040.9237791929743,2145.6553208569144,Rota_Reduzida,1
pedido_2011.472531938216_297,131.7515131589048,135.33585491568792,120.33585491568792,0.0,15,4.7140110030130495,Moto,Sandstorms,High,Metropolitian,False,0,1,0,2011.472531938216,2146.808386853904,Aumento_Velocidade,0
pedido_2019.1551907213818_301,134.5142525570483,138.13714081236924,123.13714081236924,3.1227438988752807,5,4.794368321122886,Scooter,Foggy,High,Metropolitian,False,0,1,0,2019.1551907213818,2147.292331533751,Aumento_Velocidade,0
pedido_2053.093513921529_315,131.96847542436004,108.14505943189113,93.14505943189113,2.5702586945285777,5,4.966217437191246,Moto,Stormy,High,Urban,False,0,1,0,2053.093513921529,2151.23857335342,Aumento_Velocidade,1
pedido_2043.6441158490115_313,102.19847333539951,98.5282363507059,98.5282363507059,17.247463214827356,10,4.9649615242680465,Moto,Windy,Low,Metropolitian,False,0,0,0,2043.6441158490115,2152.1723521997174,Nenhuma,1
pedido_2043.2001470129314_312,134.12547944357516,114.8628673882568,99.8628673882568,5.053809655638951,10,4.73653467513942,Moto,Foggy,High,Urban,False,0,1,0,2043.2001470129314,2153.0630144011884,Aumento_Velocidade,1
pedido_2017.623090713439_300,119.53807109651217,121.51589850156745,121.51589850156745,10.580931953675151,15,4.716541545218389,Moto,Sunny,Low,Metropolitian,False,0,0,1,2017.623090713439,2154.1389892150064,Nenhuma,0
pedido_1994.368241698981_287,174.2748637615803,170.70072588434013,155.70072588434013,2.9396059683664926,5,4.441451736557339,Moto,Windy,High,Metropolitian,False,0,1,0,1994.368241698981,2155.068967583321,Aumento_Velocidade,0
pedido_1981.5984006727103_281,195.28465158174967,184.26776148131324,169.26776148131324,5.326926666590599,5,4.220949024221733,Scooter,Sunny,High,Metropolitian,False,0,1,1,1981.5984006727103,2155.8661621540236,Aumento_Velocidade,0
pedido_2051.297646109068_314,136.2777062869119,121.4850423935171,106.4850423935171,17.978199397556367,5,4.717584269066598,Moto,Windy,High,Urban,True,0,1,0,2051.297646109068,2162.782688502585,Aumento_Velocidade,1
pedido_2056.6219476663623_316,129.36101408685738,111.22465266936385,96.22465266936385,14.51036380875824,10,4.669998388636296,Scooter,Stormy,High,Metropolitian,False,0,1,0,2056.6219476663623,2162.846600335726,Aumento_Velocidade,1
pedido_2015.7283984016256_299,140.77869942436217,158.42038836084782,143.42038836084782,16.27870294798667,5,4.50588431029929,Moto,Foggy,High,Metropolitian,False,0,1,0,2015.7283984016256,2164.1487867624733,Aumento_Velocidade,0
pedido_2084.692997541694_332,95.5788166304276,90.36493789878158,75.36493789878158,6.559491654065496,5,4.572001818298509,Moto,Sunny,High,Urban,False,0,1,1,2084.692997541694,2165.0579354404754,Aumento_Velocidade,1
pedido_2063.1216947063062_321,112.20020040113182,109.24658080486657,94.24658080486657,13.435168058502788,15,4.621565905793362,Scooter,Sunny,Jam,Metropolitian,True,0,1,1,2063.1216947063062,2172.3682755111727,Aumento_Velocidade,1
pedido_2039.4664627301922_308,145.38265211959447,140.4595278298812,125.45952782988121,17.58674388281574,10,4.664183583423533,Scooter,Foggy,High,Urban,True,0,1,0,2039.4664627301922,2174.9259905600734,Aumento_Velocidade,0
pedido_2085.683639170532_334,110.50897060591545,81.28286390011007,81.28286390011007,14.04774653115679,10,4.861816013264532,Scooter,Foggy,Low,Metropolitian,False,0,0,0,2085.683639170532,2176.966503070642,Nenhuma,1
pedido_2070.6316437666715_326,127.330902920737,117.81646343470797,102.81646343470797,2.5444067363977516,5,4.565637092324914,Moto,Windy,Jam,Metropolitian,False,0,1,0,2070.6316437666715,2178.4481072013796,Aumento_Velocidade,1
pedido_2120.485474620208_355,48.34673449832463,43.13950039771766,43.13950039771766,10.730082888348214,15,5.0,Scooter,Foggy,Medium,Metropolitian,True,1,0,0,2120.485474620208,2178.624975017926,Nenhuma,1
pedido_2129.3105147039573_358,37.07882790362441,48.37410826335831,48.37410826335831,15.759739857835243,5,4.705145522291391,Moto,Sunny,Jam,Urban,False,1,1,1,2129.3105147039573,2182.6846229673156,Nenhuma,1
pedido_2068.331335181343_324,123.19148431143725,128.00346247063726,108.00346247063726,16.458927821660414,10,4.676116481860041,Scooter,Stormy,Jam,Other,False,0,1,0,2068.331335181343,2186.3347976519804,Rota_Reduzida,1
pedido_2088.2119146224586_336,99.3974574175129,89.22275062135166,89.22275062135166,6.318871677681726,10,4.714508378449763,Van,Sunny,Jam,Urban,False,0,1,1,2088.2119146224586,2187.4346652438103,Nenhuma,1
pedido_2066.133227524402_323,127.66722869532683,133.1650278607657,118.16502786076569,4.684166474914471,5,4.672311525229837,Moto,Stormy,Jam,Metropolitian,False,0,1,0,2066.133227524402,2189.298255385168,Aumento_Velocidade,1
pedido_2021.6680996759244_304,184.74161327466106,178.7546001293693,163.7546001293693,9.821408775999338,5,4.435337041445561,Moto,Sandstorms,Medium,Urban,False,0,0,0,2021.6680996759244,2190.4226998052936,Rota_Reduzida,0
pedido_2060.940958075346_318,128.10338629484463,114.48500216162918,114.48500216162918,3.7753008297588493,15,4.6316305829051965,Van,Stormy,High,Metropolitian,False,0,1,0,2060.940958075346,2190.4259602369752,Nenhuma,1
pedido_2170.2784558605317_371,44.407513999194826,16.066693672061444,16.066693672061444,4.835630781993943,5,4.864376374108327,Moto,Stormy,Medium,Metropolitian,False,1,0,0,2170.2784558605317,2191.345149532593,Nenhuma,1
pedido_2111.3410055597124_350,102.71467576916594,81.99676384979979,66.99676384979979,6.129515932717474,15,4.4663383383484465,Moto,Sunny,Jam,Urban,False,0,1,1,2111.3410055597124,2193.337769409512,Aumento_Velocidade,1
pedido_2074.195780207_327,135.80431340116436,129.99826587531325,114.99826587531325,9.188489273072035,5,5.0,Scooter,Windy,High,Urban,False,0,1,0,2074.195780207,2194.1940460823134,Aumento_Velocidade,1
pedido_2078.238617915139_329,130.27349484661167,127.3879152920889,112.3879152920889,16.81839568464668,5,4.753013613015298,Scooter,Stormy,High,Metropolitian,True,0,1,0,2078.238617915139,2195.626533207228,Aumento_Velocidade,1
pedido_2065.5790330567343_322,142.6086957348422,137.59657869645324,122.59657869645324,12.726957142709281,10,4.863915204497123,Moto,Foggy,Medium,Metropolitian,False,0,0,0,2065.5790330567343,2198.1756117531877,Rota_Reduzida,0
pedido_2090.2963015327778_337,129.62145696584216,118.06672981213539,103.06672981213539,6.073341195181878,5,4.70645701568486,Scooter,Windy,High,Urban,True,0,1,0,2090.2963015327778,2198.363031344913,Aumento_Velocidade,1
pedido_2074.5199197760035_328,137.57269138662178,134.96804702495353,119.96804702495353,5.969055266302331,5,4.602518491260633,Moto,Sandstorms,Medium,Metropolitian,True,0,0,0,2074.5199197760035,2199.487966800957,Rota_Reduzida,1
pedido_2080.9478542176175_330,130.27171443465627,120.25465767557662,105.25465767557662,8.569601413590629,15,4.474319173629606,Moto,Windy,Jam,Metropolitian,False,0,1,0,2080.9478542176175,2201.2025118931942,Aumento_Velocidade,1
pedido_2061.5770128035792_320,149.6575320335434,139.86959592279933,124.86959592279933,17.451628789590703,15,4.681171795305455,Moto,Foggy,Jam,Metropolitian,False,0,1,0,2061.5770128035792,2201.4466087263786,Aumento_Velocidade,0
pedido_2092.485925642776_340,110.0365466482249,95.79454674505492,95.79454674505492,19.38783833985875,15,4.992122061974419,Van,Sunny,Jam,Metropolitian,True,0,1,1,2092.485925642776,2203.2804723878307,Nenhuma,1
pedido_2083.8551175009197_331,142.2548310866153,120.58774588748605,105.58774588748605,17.557676462546002,15,4.579341494568696,Scooter,Foggy,High,Metropolitian,False,0,1,0,2083.8551175009197,2204.442863388406,Aumento_Velocidade,1
pedido_2110.079853691593_349,102.38665475488781,97.38054160888107,82.38054160888107,15.77951149454856,15,4.6280291412904635,Scooter,Sunny,High,Metropolitian,False,0,1,1,2110.079853691593,2207.4603953004744,Aumento_Velocidade,1
pedido_2040.2717128161019_309,177.5035482703956,170.20702398383892,155.20702398383892,4.302665182694303,15,4.390957917543182,Moto,Sandstorms,High,Metropolitian,True,0,1,0,2040.2717128161019,2210.478736799941,Aumento_Velocidade,0
pedido_2107.563752194491_344,131.40379734675707,108.13828111741111,93.13828111741111,6.806892871707391,10,4.940556648281426,Moto,Windy,High,Metropolitian,False,0,1,0,2107.563752194491,2210.702033311902,Aumento_Velocidade,1
pedido_2091.182667597363_339,135.56342651820458,130.08186757812655,115.08186757812655,14.206690517350095,5,4.816842610178509,Moto,Windy,Jam,Metropolitian,False,0,1,0,2091.182667597363,2211.2645351754895,Aumento_Velocidade,1
pedido_2108.5245796099794_346,102.92644623082816,94.08363222886514,94.08363222886514,6.727275774564831,10,4.757372279436966,Scooter,Windy,Low,Urban,True,0,0,0,2108.5245796099794,2212.6082118388445,Nenhuma,1
pedido_2114.9772004073343_352,109.17619708570122,103.24360622919116,88.24360622919116,19.531015192902576,10,4.493435943648511,Scooter,Sunny,High,Metropolitian,True,0,1,1,2114.9772004073343,2213.2208066365256,Aumento_Velocidade,1
pedido_2090.3672749826424_338,135.0034140008112,129.07144718876367,114.07144718876367,5.728259733505652,10,4.954648462090208,Scooter,Sandstorms,High,Metropolitian,True,0,1,0,2090.3672749826424,2214.438722171406,Aumento_Velocidade,1
pedido_2095.4592998929_341,136.17035315058905,121.03621295579879,106.03621295579879,10.607481292869743,15,4.862458456511655,Scooter,Sandstorms,Medium,Metropolitian,False,0,0,0,2095.4592998929,2216.495512848699,Rota_Reduzida,1
pedido_2096.6296868237146_343,141.07346883511872,126.36669477014198,111.36669477014198,16.82115769370804,10,4.858401465341495,Moto,Sandstorms,Jam,Metropolitian,False,0,1,0,2096.6296868237146,2217.9963815938563,Aumento_Velocidade,1
pedido_2107.9573942412862_345,130.49531546006025,117.2892846603103,102.2892846603103,7.856762945197243,10,4.904097814073103,Moto,Sandstorms,High,Metropolitian,True,0,1,0,2107.9573942412862,2220.2466789015966,Aumento_Velocidade,1
pedido_2085.6446902801663_333,138.0804778373156,144.4374621424382,129.4374621424382,14.615810368490578,10,4.67663614149283,Moto,Windy,Medium,Metropolitian,True,0,0,0,2085.6446902801663,2225.0821524226044,Rota_Reduzida,0
pedido_2124.1305380691747_356,132.5096053689441,108.68076491659437,93.68076491659437,6.463449965355196,10,4.587957623915052,Scooter,Foggy,High,Metropolitian,True,0,1,0,2124.1305380691747,2227.811302985769,Aumento_Velocidade,1
pedido_2108.572786063013_347,130.6259691696806,125.52723551508046,110.52723551508046,3.9522620756995845,10,4.813002545303254,Scooter,Sandstorms,Medium,Metropolitian,False,0,0,0,2108.572786063013,2229.1000215780937,Rota_Reduzida,1
pedido_2070.1243019533026_325,179.13963794690423,169.7885355529055,154.7885355529055,16.896664904469738,5,4.3247889067582115,Moto,Sunny,High,Metropolitian,False,0,1,1,2070.1243019533026,2229.9128375062082,Aumento_Velocidade,0
pedido_2061.437417979425_319,175.6526224766438,170.74150412251853,155.74150412251853,5.755529126784346,15,4.437326052835772,Moto,Stormy,High,Metropolitian,False,0,1,0,2061.437417979425,2232.1789221019435,Aumento_Velocidade,0
pedido_2109.6222340970357_348,140.20326941467613,132.31945357638344,117.31945357638344,14.058432387634605,10,4.785476259107181,Moto,Windy,Jam,Urban,True,0,1,0,2109.6222340970357,2236.941687673419,Aumento_Velocidade,1
pedido_2176.0865798340965_376,37.04358601527808,58.057119874170894,58.057119874170894,5.006704939066473,5,4.65037446585904,Moto,Foggy,Low,Other,False,1,0,0,2176.0865798340965,2239.1436997082674,Nenhuma,1
pedido_2120.178346349936_354,131.3940854110255,104.02232160240723,104.02232160240723,10.77447992485951,15,4.827875830060484,Van,Stormy,High,Urban,True,0,1,0,2120.178346349936,2239.2006679523433,Nenhuma,1
pedido_2128.582928263278_357,132.188384968569,125.7749937963784,110.7749937963784,4.7138610010173405,5,4.624639459685143,Moto,Sandstorms,High,Metropolitian,False,0,1,0,2128.582928263278,2244.3579220596566,Aumento_Velocidade,1
pedido_2133.3405704084585_360,124.94507870309998,122.05645659544925,102.05645659544925,8.471666220681342,10,5.0,Moto,Sandstorms,High,Other,False,0,1,0,2133.3405704084585,2245.3970270039076,Rota_Reduzida,1
pedido_2198.3292766562104_393,96.32118997249381,58.448983733544864,43.448983733544864,8.049894731217806,10,4.961837253174201,Scooter,Sunny,Medium,Metropolitian,False,0,0,1,2198.3292766562104,2251.7782603897554,Rota_Reduzida,1
pedido_2139.586728481184_364,131.5982592454037,118.01093523534749,103.01093523534749,7.927224163172786,10,4.710513074055425,Scooter,Windy,High,Metropolitian,True,0,1,0,2139.586728481184,2252.5976637165313,Aumento_Velocidade,1
pedido_2190.304189510201_386,96.45849554590755,80.79637746323475,65.79637746323475,3.0978404747401824,5,4.90567275082529,Moto,Sunny,Medium,Metropolitian,False,0,0,1,2190.304189510201,2261.100566973436,Rota_Reduzida,1
pedido_2221.572678157939_408,44.89810362122526,35.25166141458446,35.25166141458446,14.678176948306705,5,5.0,Scooter,Stormy,High,Metropolitian,True,1,1,0,2221.572678157939,2261.8243395725235,Nenhuma,1
pedido_2207.3747282334493_397,47.24708487601306,44.861957174841535,44.861957174841535,2.2668647992291917,10,4.825051964625913,Scooter,Windy,High,Metropolitian,False,1,1,0,2207.3747282334493,2262.2366854082907,Nenhuma,1
pedido_2154.0798565467303_368,129.87852048954355,111.68676286043414,96.68676286043414,0.0,15,4.778414192879601,Scooter,Sandstorms,Medium,Metropolitian,False,0,0,0,2154.0798565467303,2265.7666194071644,Rota_Reduzida,1
pedido_2194.029251314591_389,102.39379340670354,82.88229062694212,67.88229062694212,12.589965495645316,15,4.957779178333319,Scooter,Sunny,High,Metropolitian,False,0,1,1,2194.029251314591,2276.911541941533,Aumento_Velocidade,1
pedido_2146.3558461842194_365,132.36481215780856,132.5136650092731,132.5136650092731,3.604068370788671,5,4.686592247653448,Van,Sandstorms,High,Metropolitian,False,0,1,0,2146.3558461842194,2283.8695111934926,Nenhuma,0
pedido_2156.0890551162433_369,143.6605429822904,118.61648876861386,118.61648876861386,15.561945558888473,10,4.911777138007628,Van,Foggy,High,Metropolitian,True,0,1,0,2156.0890551162433,2284.7055438848574,Nenhuma,1
pedido_2175.779612170551_375,131.47450039063378,114.2683500323557,99.2683500323557,8.927062798642753,10,4.516985676753853,Moto,Stormy,Medium,Metropolitian,False,0,0,0,2175.779612170551,2285.0479622029065,Rota_Reduzida,1
pedido_2203.6809335018074_395,102.25593494078878,71.99869041337708,71.99869041337708,5.925742017832646,10,4.541364871984199,Moto,Sandstorms,Low,Urban,False,0,0,0,2203.6809335018074,2285.6796239151845,Nenhuma,1
pedido_2193.763704900457_388,102.82954796357798,82.2063830658688,82.2063830658688,12.966241624983898,10,4.795224284238753,Van,Windy,Low,Metropolitian,False,0,0,0,2193.763704900457,2285.970087966326,Nenhuma,1
pedido_2114.525865087251_351,183.69325845256415,177.35047094636448,162.35047094636448,10.330568921989734,10,4.4180635476483365,Moto,Windy,High,Urban,False,0,1,0,2114.525865087251,2286.8763360336156,Aumento_Velocidade,0
pedido_2138.451371646188_363,168.7965584415359,152.4130401054698,137.4130401054698,8.927988141772364,15,4.428400045327726,Moto,Stormy,Medium,Metropolitian,True,0,0,0,2138.451371646188,2290.864411751658,Rota_Reduzida,0
pedido_2172.9177902306624_373,131.78534608617304,130.1555302816577,115.15553028165769,1.7867825678911742,5,4.745119956766789,Moto,Sandstorms,High,Metropolitian,False,0,1,0,2172.9177902306624,2293.07332051232,Aumento_Velocidade,1
pedido_2147.448115938554_366,177.36744167395776,156.73898411465805,141.73898411465805,11.539380006034758,5,4.4497331121249015,Moto,Sunny,High,Urban,True,0,1,1,2147.448115938554,2294.1871000532124,Aumento_Velocidade,0
pedido_2238.867767668645_417,43.8636716227104,40.93593885659356,40.93593885659356,4.068946501685142,15,4.7800774191588795,Moto,Foggy,Medium,Urban,False,1,0,0,2238.867767668645,2294.8037065252383,Nenhuma,1
pedido_2183.6566875508775_379,132.5995064518903,117.50249982938281,102.50249982938281,14.217548760035864,10,4.974404699338508,Scooter,Stormy,High,Urban,False,0,1,0,2183.6566875508775,2296.1591873802604,Aumento_Velocidade,1
pedido_2171.0877611853025_372,141.41503421338032,125.44674601229733,110.44674601229733,13.8592379057253,15,4.718476470691496,Moto,Foggy,High,Metropolitian,False,0,1,0,2171.0877611853025,2296.5345071976,Aumento_Velocidade,1
pedido_2129.944047492662_359,163.74106044179155,153.46075328018722,153.46075328018722,19.482874779278337,15,4.448886856154594,Moto,Windy,Low,Urban,False,0,0,0,2129.944047492662,2298.4048007728493,Nenhuma,0
pedido_2175.2658977327833_374,135.8129616672736,128.3523885657383,113.3523885657383,5.390567960242469,10,4.9341778432129555,Moto,Sandstorms,Medium,Metropolitian,False,0,0,0,2175.2658977327833,2298.6182862985215,Rota_Reduzida,1
pedido_2219.0709169379456_406,110.77046046684883,85.9421032279354,70.9421032279354,17.789257676093126,10,4.478583650340557,Moto,Sunny,Jam,Metropolitian,False,0,1,1,2219.0709169379456,2300.0130201658812,Aumento_Velocidade,1
pedido_2134.0372929799814_361,175.14331602715734,171.38343411601534,156.38343411601534,2.8395974933026333,10,4.349149423934017,Moto,Windy,Jam,Metropolitian,False,0,1,0,2134.0372929799814,2300.420727095997,Aumento_Velocidade,0
pedido_2193.5965088083058_387,100.51145701618718,97.21206826797962,97.21206826797962,2.678891072398568,10,5.0,Van,Sunny,High,Metropolitian,True,0,1,1,2193.5965088083058,2300.8085770762855,Nenhuma,1
pedido_2202.704176100535_394,105.23781221484657,94.7086739136929,94.7086739136929,18.322584310102318,5,4.7767311293082155,Scooter,Sandstorms,Low,Metropolitian,True,0,0,0,2202.704176100535,2302.412850014228,Nenhuma,1
pedido_2186.8544075934224_381,137.37960303874803,121.91780763292931,106.91780763292931,15.360174328621527,10,4.866193875365613,Moto,Stormy,Jam,Metropolitian,True,0,1,0,2186.8544075934224,2303.772215226352,Aumento_Velocidade,1
pedido_2116.9158753621796_353,197.74437900265715,197.84039726453824,182.84039726453824,12.808441913359516,5,4.372774617742953,Scooter,Windy,Jam,Metropolitian,False,0,1,0,2116.9158753621796,2304.756272626718,Aumento_Velocidade,0
pedido_2137.6157220159616_362,184.79278157028995,173.28651961528814,158.28651961528814,11.627077352630264,10,4.217342606909074,Scooter,Sandstorms,High,Metropolitian,True,0,1,0,2137.6157220159616,2305.9022416312496,Aumento_Velocidade,0
pedido_2170.202346308045_370,135.35293714978215,141.97199799115995,126.97199799115995,16.703094575491303,10,4.58209218553944,Scooter,Windy,Jam,Metropolitian,False,0,1,0,2170.202346308045,2307.174344299205,Aumento_Velocidade,0
pedido_2232.154682386842_415,100.8849898708039,83.48931462276069,68.48931462276069,5.30650954863897,10,4.64931378128526,Scooter,Sunny,High,Metropolitian,True,0,1,1,2232.154682386842,2310.6439970096026,Aumento_Velocidade,1
pedido_2203.868216927965_396,129.74868843934777,117.4203948812555,102.4203948812555,0.21717090563733965,5,4.72693810374193,Moto,Windy,Jam,Metropolitian,True,0,1,0,2203.868216927965,2311.2886118092206,Aumento_Velocidade,1
pedido_2215.3667055354426_403,101.92106332080041,101.18589772536822,86.18589772536822,14.074810251272226,10,4.794130718173782,Moto,Sunny,High,Metropolitian,False,0,1,1,2215.3667055354426,2311.552603260811,Aumento_Velocidade,1
pedido_2152.959257151522_367,174.9857735112842,159.56244198339147,144.56244198339147,7.022153488390021,15,4.412786207824919,Moto,Stormy,High,Urban,False,0,1,0,2152.959257151522,2312.5216991349134,Aumento_Velocidade,0
pedido_2195.8464192647116_391,129.7674206134111,116.8547443787366,101.8547443787366,6.0098684196491305,15,4.7549652666910855,Moto,Foggy,Jam,Metropolitian,False,0,1,0,2195.8464192647116,2312.701163643448,Aumento_Velocidade,1
pedido_2227.6002299678066_413,99.26946616191229,75.20386196566282,75.20386196566282,7.680887409640944,10,4.757506706381217,Scooter,Foggy,Low,Metropolitian,False,0,0,0,2227.6002299678066,2312.8040919334694,Nenhuma,1
pedido_2188.7422016971195_384,132.04349019675965,121.75617145584127,121.75617145584127,2.4147822000929264,5,4.79259472273327,Van,Foggy,High,Metropolitian,True,0,1,0,2188.7422016971195,2315.498373152961,Nenhuma,0
pedido_2209.652179463749_399,144.22864250386715,107.70828153316268,92.70828153316268,10.762331593145472,15,4.605733994898712,Moto,Foggy,High,Metropolitian,True,0,1,0,2209.652179463749,2317.3604609969116,Aumento_Velocidade,1
pedido_2285.563327786978_438,38.797513804565305,22.53127088292564,22.53127088292564,5.5816154246774135,10,4.801622510199633,Scooter,Sunny,Jam,Metropolitian,True,1,1,1,2285.563327786978,2318.0945986699035,Nenhuma,1
pedido_2176.7698867959743_377,170.42730993832143,141.69277231211566,126.69277231211566,0.6300137158069585,15,4.423759273222537,Moto,Stormy,Medium,Urban,False,0,0,0,2176.7698867959743,2318.46265910809,Rota_Reduzida,0
pedido_2184.559830573718_380,149.2246576811014,139.19826030905514,124.19826030905514,16.19646436528344,10,4.8492831165823596,Scooter,Foggy,Jam,Metropolitian,False,0,1,0,2184.559830573718,2318.758090882773,Aumento_Velocidade,0
pedido_2188.3768854539676_383,134.89737278925892,132.8681406643543,117.86814066435431,12.34482840219628,15,4.644537658290568,Moto,Windy,High,Metropolitian,True,0,1,0,2188.3768854539676,2321.245026118322,Aumento_Velocidade,1
pedido_2212.51534797329_400,129.35413274741754,119.13751991420062,104.13751991420062,3.255289268079696,5,5.0,Scooter,Foggy,Jam,Metropolitian,False,0,1,0,2212.51534797329,2321.6528678874906,Aumento_Velocidade,1
pedido_2195.380582097106_390,137.01445503961804,136.32254602628646,121.32254602628646,2.3545024219948276,5,5.0,Moto,Foggy,High,Metropolitian,False,0,1,0,2195.380582097106,2321.7031281233926,Aumento_Velocidade,0
pedido_2197.626576904878_392,143.41084983842373,129.3877818036801,114.3877818036801,20.125684215137248,10,4.993801453858191,Moto,Foggy,High,Urban,False,0,1,0,2197.626576904878,2322.014358708558,Aumento_Velocidade,1
pedido_2222.827630601409_409,128.79591118080657,108.02171252949314,93.02171252949314,16.316154258142596,10,4.762879010178631,Scooter,Stormy,High,Metropolitian,False,0,1,0,2222.827630601409,2325.849343130902,Aumento_Velocidade,1
pedido_2213.062706759889_401,117.49145071699911,98.81043447649975,98.81043447649975,16.32370980266375,15,5.0,Moto,Sunny,Low,Metropolitian,False,0,0,1,2213.062706759889,2326.8731412363886,Nenhuma,1
pedido_2181.7323605488436_378,143.79348833965872,132.69435641017142,132.69435641017142,25.421605888493843,15,4.868960807881632,Van,Foggy,High,Metropolitian,False,0,1,0,2181.7323605488436,2329.4267169590153,Nenhuma,0
pedido_2249.204414113166_425,98.82193025794518,91.67094455600022,76.67094455600022,3.4748260455533737,5,4.618050923699255,Scooter,Sunny,Jam,Metropolitian,False,0,1,1,2249.204414113166,2330.8753586691664,Aumento_Velocidade,1
pedido_2208.370879520964_398,134.87988846989217,132.6406154680884,117.64061546808841,0.0,5,4.763500279570879,Scooter,Foggy,High,Metropolitian,False,0,1,0,2208.370879520964,2331.0114949890526,Aumento_Velocidade,1
pedido_2225.6910483899596_411,125.68291725508249,105.46846653147439,90.46846653147439,7.622835904219459,15,4.94179598035399,Moto,Foggy,Medium,Urban,False,0,0,0,2225.6910483899596,2331.159514921434,Rota_Reduzida,1
pedido_2218.6441934798545_405,128.5701615747001,112.52990779626325,97.52990779626325,6.7640094224674625,15,4.848855726095152,Scooter,Stormy,High,Metropolitian,False,0,1,0,2218.6441934798545,2331.1741012761177,Aumento_Velocidade,1
pedido_2216.2046071993395_404,129.59003105955182,127.91807342408765,112.91807342408765,7.8615541093553425,5,4.538819244927321,Moto,Windy,Jam,Metropolitian,False,0,1,0,2216.2046071993395,2334.122680623427,Aumento_Velocidade,1
pedido_2187.7413700762527_382,168.75278164648276,158.66958867631197,143.66958867631197,0.4962741616838766,5,4.375781992403269,Moto,Stormy,High,Urban,True,0,1,0,2187.7413700762527,2336.4109587525645,Aumento_Velocidade,0
pedido_2229.6842171994467_414,127.42475957070357,123.798775936764,108.798775936764,8.562466636776737,5,4.568990578020125,Moto,Stormy,Jam,Urban,False,0,1,0,2229.6842171994467,2343.4829931362106,Aumento_Velocidade,1
pedido_2225.943616075798_412,133.65496545831928,122.66919481748334,107.66919481748334,11.391434337489606,15,4.5054557524117875,Moto,Windy,High,Metropolitian,True,0,1,0,2225.943616075798,2348.6128108932817,Aumento_Velocidade,1
pedido_2238.435707119358_416,120.75170494487965,96.09446402307366,96.09446402307366,11.816227022893893,15,4.662947901274066,Moto,Sunny,Low,Metropolitian,False,0,0,1,2238.435707119358,2349.5301711424318,Nenhuma,1
pedido_2242.016842981745_422,131.12923098957708,115.07157575779,100.07157575779,3.1209177487845374,10,4.478221606231087,Scooter,Sandstorms,High,Metropolitian,False,0,1,0,2242.016842981745,2352.088418739535,Aumento_Velocidade,1
pedido_2190.274392648415_385,186.9427032202733,162.9395557737407,147.9395557737407,17.030846603726545,15,4.293766478598121,Moto,Foggy,High,Urban,False,0,1,0,2190.274392648415,2353.2139484221557,Aumento_Velocidade,0
pedido_2241.902312700404_421,129.80597120101774,116.3808917854614,101.3808917854614,13.88177535818886,10,4.555701093558154,Moto,Stormy,High,Urban,False,0,1,0,2241.902312700404,2353.283204485865,Aumento_Velocidade,1
pedido_2223.702332776853_410,133.58657172708638,118.59395231789827,118.59395231789827,10.851837410207864,15,4.744146722424624,Van,Sandstorms,High,Metropolitian,False,0,1,0,2223.702332776853,2357.296285094751,Nenhuma,1
pedido_2240.331341428144_418,140.47620067715448,124.59202588558091,109.59202588558091,13.164015519891402,10,4.886983763073822,Moto,Foggy,High,Urban,False,0,1,0,2240.331341428144,2359.9233673137246,Aumento_Velocidade,1
pedido_2253.341884773939_427,127.19531608484625,109.018677843918,94.018677843918,5.99783762551043,15,4.510225901838692,Moto,Stormy,Jam,Metropolitian,True,0,1,0,2253.341884773939,2362.360562617857,Aumento_Velocidade,1
pedido_2279.3382202056505_436,94.27841153683677,90.41516801708721,75.41516801708721,7.1090163480821715,10,4.648938498917272,Moto,Sunny,Medium,Metropolitian,False,0,0,1,2279.3382202056505,2364.7533882227376,Rota_Reduzida,1
pedido_2283.8470587683737_437,101.13372221980404,84.97974494761354,69.97974494761354,6.315265506651248,15,5.0,Moto,Sunny,Jam,Metropolitian,False,0,1,1,2283.8470587683737,2368.8268037159874,Aumento_Velocidade,1
pedido_2220.3977231107974_407,173.90746271059282,162.5994445748393,147.5994445748393,4.83551376107695,5,4.32902790016715,Moto,Windy,High,Metropolitian,False,0,1,0,2220.3977231107974,2372.9971676856367,Aumento_Velocidade,0
pedido_2244.449840819144_424,134.68446683212727,123.90287253298959,123.90287253298959,16.108963486890463,5,4.617055005133019,Van,Sandstorms,High,Urban,False,0,1,0,2244.449840819144,2373.3527133521334,Nenhuma,0
pedido_2291.18423387624_441,102.60326701801092,82.12521299947157,82.12521299947157,10.895899566761761,5,4.5605058262002185,Scooter,Sandstorms,Low,Metropolitian,False,0,0,0,2291.18423387624,2378.3094468757113,Nenhuma,1
pedido_2260.723234423197_429,137.37193346031697,119.29817703162433,104.29817703162433,5.046427507528058,15,4.576523550114561,Scooter,Windy,Medium,Metropolitian,False,0,0,0,2260.723234423197,2380.021411454821,Rota_Reduzida,1
pedido_2259.6775926525474_428,141.6543286448652,130.96842204549046,115.96842204549046,13.48906581714152,5,4.611729844558777,Moto,Foggy,High,Metropolitian,False,0,1,0,2259.6775926525474,2380.646014698038,Aumento_Velocidade,1
pedido_2305.8009553016796_450,96.75969646458327,85.08715420990666,70.08715420990666,7.982016753973357,5,4.516375873962845,Moto,Sunny,Medium,Metropolitian,False,0,0,1,2305.8009553016796,2380.888109511586,Rota_Reduzida,1
pedido_2240.520326509158_419,152.73728675095995,140.5919994698044,125.59199946980439,14.036615799917303,15,4.51315809135198,Moto,Foggy,Jam,Urban,False,0,1,0,2240.520326509158,2381.1123259789624,Aumento_Velocidade,0
pedido_2243.9807922077885_423,177.24154729455327,151.61188979952874,136.61188979952874,5.578034948533609,5,4.428135933661207,Moto,Stormy,Jam,Metropolitian,False,0,1,0,2243.9807922077885,2385.5926820073173,Aumento_Velocidade,0
pedido_2214.561543852322_402,168.68287515884194,181.55529397094375,166.55529397094375,0.18395746074268082,5,4.34819318999741,Moto,Stormy,High,Metropolitian,False,0,1,0,2214.561543852322,2386.1168378232655,Aumento_Velocidade,0
pedido_2270.4504659166128_432,135.6818522440013,127.27402048188083,112.27402048188083,12.628250143718018,5,4.680866404922398,Moto,Windy,High,Metropolitian,True,0,1,0,2270.4504659166128,2387.7244863984934,Aumento_Velocidade,1
pedido_2273.221928269665_433,132.5890508583103,128.76115954702902,113.76115954702902,15.519875358364862,5,4.589204925898362,Scooter,Windy,High,Metropolitian,False,0,1,0,2273.221928269665,2391.983087816694,Aumento_Velocidade,1
pedido_2296.033138955897_445,97.70385677473216,91.86264304450889,91.86264304450889,7.2700532991384055,5,4.903513570541182,Moto,Sunny,Low,Urban,False,0,0,1,2296.033138955897,2392.8957820004057,Nenhuma,1
pedido_2286.0554208721755_439,130.41464231538032,118.72601436876491,103.72601436876491,9.452007113951275,5,4.591053094568293,Scooter,Windy,Jam,Urban,False,0,1,0,2286.0554208721755,2394.7814352409405,Aumento_Velocidade,1
pedido_2289.908110130135_440,94.27841153683677,107.93739794918365,92.93739794918365,7.338425545841336,15,4.623501787941541,Moto,Sunny,Medium,Metropolitian,False,0,0,1,2289.908110130135,2397.8455080793187,Rota_Reduzida,1
pedido_2292.979811952328_443,136.07931892092773,117.36388779296587,102.36388779296587,5.931548688702384,5,4.512030485337156,Scooter,Sandstorms,Medium,Metropolitian,True,0,0,0,2292.979811952328,2400.3436997452936,Rota_Reduzida,1
pedido_2300.5179046015246_448,103.02066999461137,94.83474191834068,94.83474191834068,4.006108110323572,5,4.794467779884781,Moto,Windy,Low,Metropolitian,False,0,0,0,2300.5179046015246,2400.352646519865,Nenhuma,1
pedido_2292.7268486388134_442,124.23964613969471,118.3365501636608,103.3365501636608,0.0,5,4.668619447111896,Moto,Sandstorms,Jam,Urban,False,0,1,0,2292.7268486388134,2401.0633988024742,Aumento_Velocidade,1
pedido_2241.794330628897_420,185.83590190739548,166.104393947297,151.104393947297,14.748842305785402,10,4.430617676041653,Moto,Sandstorms,High,Urban,False,0,1,0,2241.794330628897,2402.898724576194,Aumento_Velocidade,0
pedido_2278.9119675665306_435,132.97970332396278,132.54610636667945,117.54610636667945,16.40057650788149,15,4.731904099599558,Moto,Windy,High,Metropolitian,False,0,1,0,2278.9119675665306,2411.45807393321,Aumento_Velocidade,1
pedido_2268.430273684085_431,144.17254608373548,154.12319526170543,139.12319526170543,16.70562713392148,5,4.473904607165396,Scooter,Sandstorms,Jam,Metropolitian,False,0,1,0,2268.430273684085,2412.5534689457904,Aumento_Velocidade,0
pedido_2298.147936385511_446,127.23676774088358,126.1272060867374,111.1272060867374,3.5455630360029917,5,4.7774999134587,Scooter,Windy,Jam,Metropolitian,False,0,1,0,2298.147936385511,2414.2751424722483,Aumento_Velocidade,1
pedido_2273.7888721428353_434,174.08303928454626,151.43618028578047,136.43618028578047,7.522359266474956,5,4.158907179734195,Scooter,Windy,High,Metropolitian,False,0,1,0,2273.7888721428353,2415.225052428616,Aumento_Velocidade,0
pedido_2253.0590591674295_426,173.18871227579095,163.22751945267242,148.22751945267242,4.6283382789424055,15,4.3277164705157745,Moto,Stormy,Medium,Metropolitian,False,0,0,0,2253.0590591674295,2416.286578620102,Rota_Reduzida,0
pedido_2262.34547028156_430,187.3226113434092,164.4406389558833,149.4406389558833,16.342180076605,5,4.41824074639323,Scooter,Stormy,High,Metropolitian,False,0,1,0,2262.34547028156,2416.7861092374433,Aumento_Velocidade,0
pedido_2294.8211072368276_444,139.97116923270366,117.15867909230491,117.15867909230491,11.165078099305248,5,4.802544996069042,Van,Sandstorms,Jam,Metropolitian,False,0,1,0,2294.8211072368276,2416.9797863291324,Nenhuma,1
pedido_2327.730758442633_455,110.748104631779,89.29585338663377,74.29585338663377,16.305346787251267,15,4.974374384862017,Moto,Sunny,Jam,Urban,False,0,1,1,2327.730758442633,2417.0266118292666,Aumento_Velocidade,1
pedido_2337.5026574961503_459,103.79713811209523,68.22364650500066,68.22364650500066,11.735898659983958,15,4.708178610705386,Scooter,Windy,Low,Urban,False,0,0,0,2337.5026574961503,2420.7263040011508,Nenhuma,1
pedido_2304.6077539941666_449,127.7207353084923,102.05688306437881,102.05688306437881,5.406512592002215,15,4.881924928168709,Van,Foggy,Medium,Metropolitian,True,0,0,0,2304.6077539941666,2421.6646370585454,Nenhuma,1
pedido_2310.573055686219_452,130.12096100425848,123.42696566386252,108.42696566386252,1.3460759923858125,5,4.655275485236002,Moto,Windy,High,Metropolitian,True,0,1,0,2310.573055686219,2424.0000213500816,Aumento_Velocidade,1
pedido_2298.267771767628_447,132.75290817707386,140.96284805558489,125.96284805558489,7.112345273796787,10,4.824907679820299,Moto,Windy,High,Urban,False,0,1,0,2298.267771767628,2434.2306198232127,Aumento_Velocidade,0
pedido_2325.920066233292_454,133.783626981442,122.21316512748153,107.21316512748153,13.108082627057627,5,4.565815416753235,Moto,Windy,High,Urban,False,0,1,0,2325.920066233292,2438.1332313607736,Aumento_Velocidade,1
pedido_2347.3002900318247_465,127.04696473051354,101.60458689469525,86.60458689469525,7.373061206419335,5,4.619075312515095,Moto,Stormy,High,Metropolitian,True,0,1,0,2347.3002900318247,2438.90487692652,Aumento_Velocidade,1
pedido_2355.3064281754714_470,95.95469655866764,93.94184627613616,78.94184627613616,1.7817878102567395,5,4.571494058308895,Moto,Sunny,High,Metropolitian,False,0,1,1,2355.3064281754714,2439.2482744516074,Aumento_Velocidade,1
pedido_2320.60534394018_453,135.1090046509184,130.5103969559345,115.51039695593451,17.35543675124029,5,4.912974459813711,Moto,Stormy,Medium,Metropolitian,False,0,0,0,2320.60534394018,2441.1157408961144,Rota_Reduzida,1
pedido_2307.1473882583314_451,137.70119051100735,144.98817775082003,129.98817775082003,19.704477083295586,5,4.576710502764992,Scooter,Stormy,Jam,Metropolitian,True,0,1,0,2307.1473882583314,2442.1355660091513,Aumento_Velocidade,0
pedido_2365.896846428348_475,97.64785828064164,87.51769990108983,72.51769990108983,8.328833755115443,5,4.771170010419302,Scooter,Sunny,High,Metropolitian,True,0,1,1,2365.896846428348,2443.414546329438,Aumento_Velocidade,1
pedido_2371.263414230112_480,48.191883114286696,62.52403557590239,62.52403557590239,17.185666676978432,10,4.507981969124003,Scooter,Stormy,Jam,Urban,False,1,1,0,2371.263414230112,2443.7874498060146,Nenhuma,1
pedido_2370.2494118877808_479,95.7534846130962,74.04522724478181,59.04522724478181,8.772140543272481,15,5.0,Scooter,Sunny,High,Urban,False,0,1,1,2370.2494118877808,2444.2946391325627,Aumento_Velocidade,1
pedido_2330.975917327375_456,130.45757925805412,123.71290465376475,108.71290465376475,4.79660017113711,5,4.86547455558919,Scooter,Sandstorms,Jam,Metropolitian,True,0,1,0,2330.975917327375,2444.68882198114,Aumento_Velocidade,1
pedido_2373.9253615874195_484,98.30735841297896,81.77850369384939,66.77850369384939,8.308186582695068,5,4.655837969017723,Moto,Sunny,High,Urban,True,0,1,1,2373.9253615874195,2445.703865281269,Aumento_Velocidade,1
pedido_2338.2978381107287_460,100.8849898708039,106.13297899759019,106.13297899759019,4.680659014652847,5,4.638611293357002,Van,Sunny,High,Metropolitian,True,0,1,1,2338.2978381107287,2449.430817108319,Nenhuma,1
pedido_2346.7611651991797_464,131.31007929737657,121.44010039121764,106.44010039121764,8.423947957382076,5,4.800981279549229,Moto,Sandstorms,High,Metropolitian,False,0,1,0,2346.7611651991797,2458.2012655903973,Aumento_Velocidade,1
pedido_2430.4034848011975_510,34.82824398612419,25.283182632971712,25.283182632971712,7.5884385683061275,5,4.588603467797268,Moto,Sunny,Low,Metropolitian,False,1,0,1,2430.4034848011975,2460.686667434169,Nenhuma,1
pedido_2352.7821825268193_469,126.68290129181477,109.95401728012745,94.95401728012745,8.99457874151922,15,4.72664356227892,Moto,Sandstorms,Jam,Urban,False,0,1,0,2352.7821825268193,2462.736199806947,Aumento_Velocidade,1
pedido_2365.0395623219424_474,101.31441252584392,89.31123577049952,89.31123577049952,10.313450402088417,10,4.588197259344579,Moto,Stormy,Low,Metropolitian,False,0,0,0,2365.0395623219424,2464.350798092442,Nenhuma,1
pedido_2341.7191852577826_461,132.99487182043347,130.9982384967392,115.99823849673919,5.814048429625868,10,4.946731557960654,Scooter,Foggy,High,Metropolitian,False,0,1,0,2341.7191852577826,2467.717423754522,Aumento_Velocidade,1
pedido_2365.9788248633786_476,136.19618260342702,113.16735614347547,98.16735614347547,12.436306445575765,5,4.902363538613761,Scooter,Windy,High,Urban,True,0,1,0,2365.9788248633786,2469.146181006854,Aumento_Velocidade,1
pedido_2360.530767141327_471,100.8377806675757,103.82436636731848,103.82436636731848,1.1698393275230048,5,4.829825377871536,Moto,Stormy,Low,Metropolitian,False,0,0,0,2360.530767141327,2469.3551335086454,Nenhuma,1
pedido_2349.263609556957_466,139.30555996837478,126.28630785930198,111.28630785930198,13.23778582421365,10,4.698709696145756,Moto,Sandstorms,Jam,Urban,False,0,1,0,2349.263609556957,2470.5499174162587,Aumento_Velocidade,1
pedido_2373.486129354145_483,98.17984851134004,83.42546318332718,83.42546318332718,9.264265961751045,15,4.624569035669623,Moto,Foggy,Low,Urban,False,0,0,0,2373.486129354145,2471.911592537472,Nenhuma,1
pedido_2393.4300325131667_492,98.71650902594666,84.84742998966702,69.84742998966702,4.9182659308990315,10,4.609653515798126,Scooter,Sunny,High,Metropolitian,False,0,1,1,2393.4300325131667,2473.2774625028337,Aumento_Velocidade,1
pedido_2363.7453116385886_472,130.6640269115096,110.57488774992242,95.57488774992242,18.753478930270248,15,4.64637805573662,Moto,Stormy,High,Urban,False,0,1,0,2363.7453116385886,2474.320199388511,Aumento_Velocidade,1
pedido_2364.050426680886_473,129.88870397355717,121.20481252638275,106.20481252638275,8.47091274564289,5,4.8024487105266385,Moto,Windy,Jam,Metropolitian,False,0,1,0,2364.050426680886,2475.255239207269,Aumento_Velocidade,1
pedido_2351.9835622494243_468,141.3178313642075,129.09909747931405,114.09909747931405,14.149593417684443,10,4.649713062597119,Moto,Foggy,High,Metropolitian,False,0,1,0,2351.9835622494243,2476.0826597287382,Aumento_Velocidade,1
pedido_2386.060427677297_489,123.29324824960905,100.6855480039713,80.6855480039713,7.424952403547859,10,4.798749301418198,Moto,Windy,Jam,Other,True,0,1,0,2386.060427677297,2476.745975681268,Rota_Reduzida,1
pedido_2335.007523936324_458,137.61740068824457,154.22809543301884,139.22809543301884,4.260917897481336,5,4.998326742282819,Moto,Sandstorms,High,Urban,False,0,1,0,2335.007523936324,2479.235619369343,Aumento_Velocidade,0
pedido_2350.893840568892_467,135.02967914844734,129.71719683428387,114.71719683428387,4.559078122449682,15,4.9526067497665425,Moto,Sandstorms,High,Metropolitian,True,0,1,0,2350.893840568892,2480.611037403176,Aumento_Velocidade,1
pedido_2368.6640293727546_478,132.5995064518903,124.60083216853425,109.60083216853425,15.896252297427818,5,5.0,Scooter,Stormy,High,Metropolitian,False,0,1,0,2368.6640293727546,2483.264861541289,Aumento_Velocidade,1
pedido_2416.937273586552_502,94.58990353618861,76.60875766279933,61.608757662799334,8.947673550810105,5,4.8652412943055,Scooter,Sunny,High,Urban,False,0,1,1,2416.937273586552,2483.546031249351,Aumento_Velocidade,1
pedido_2372.915386597427_482,131.54815814435725,121.49528726998565,106.49528726998565,9.11615058493167,5,4.653837638017855,Moto,Windy,High,Metropolitian,True,0,1,0,2372.915386597427,2484.4106738674127,Aumento_Velocidade,1
pedido_2367.4790336490214_477,135.3060443793462,121.27357442910949,106.27357442910949,14.411313520019272,15,4.742852978819929,Scooter,Sandstorms,High,Metropolitian,True,0,1,0,2367.4790336490214,2488.752608078131,Aumento_Velocidade,1
pedido_2382.541857993062_487,136.42878729320964,112.40424170356438,97.40424170356438,18.176044998974554,10,4.8721198893121285,Scooter,Windy,Medium,Metropolitian,False,0,0,0,2382.541857993062,2489.9460996966263,Rota_Reduzida,1
pedido_2372.284439782561_481,134.20702046845372,123.83623508280624,108.83623508280624,15.961317526027248,10,4.727785685900682,Scooter,Sandstorms,High,Metropolitian,False,0,1,0,2372.284439782561,2491.120674865367,Aumento_Velocidade,1
pedido_2332.171597649928_457,186.02277930603088,163.72455709331527,148.72455709331527,12.924959446595869,15,4.196943679362246,Scooter,Sandstorms,High,Metropolitian,False,0,1,0,2332.171597649928,2495.896154743243,Aumento_Velocidade,0
pedido_2385.701133622203_488,103.01473607984167,100.41594059338398,100.41594059338398,3.746919346165983,10,4.477019225047687,Scooter,Sandstorms,Low,Metropolitian,False,0,0,0,2385.701133622203,2496.117074215587,Nenhuma,1
pedido_2409.6864504075834_497,103.2964299702264,78.23466736269589,78.23466736269589,5.345936827818575,15,4.715239033968649,Moto,Stormy,Low,Metropolitian,False,0,0,0,2409.6864504075834,2502.921117770279,Nenhuma,1
pedido_2407.4857784393494_496,97.07196058382635,91.13765888381505,91.13765888381505,8.63773046591669,5,4.717565672640143,Scooter,Sunny,Low,Urban,False,0,0,1,2407.4857784393494,2503.6234373231646,Nenhuma,1
pedido_2392.6865270946455_491,122.82140450808562,96.38445192632702,96.38445192632702,2.3087111797392783,15,4.934090114670868,Van,Foggy,Jam,Other,False,0,1,0,2392.6865270946455,2504.0709790209726,Nenhuma,1
pedido_2400.1287107179724_494,111.04340742701856,111.14726275830515,96.14726275830515,11.75150112842395,10,4.684428808081173,Scooter,Sunny,Jam,Metropolitian,False,0,1,1,2400.1287107179724,2506.2759734762776,Aumento_Velocidade,1
pedido_2421.5857463036978_504,104.97681966311636,93.07649374944518,78.07649374944518,11.877125813992965,10,4.753075750236345,Moto,Sunny,Medium,Metropolitian,True,0,0,1,2421.5857463036978,2509.662240053143,Rota_Reduzida,1
pedido_2399.2511855775865_493,136.31627502066308,110.82806763521448,95.82806763521448,20.480298464902212,15,4.758821970657011,Moto,Stormy,Medium,Metropolitian,False,0,0,0,2399.2511855775865,2510.079253212801,Rota_Reduzida,1
pedido_2409.938486764843_498,126.87643170650931,105.43340855386955,90.43340855386955,2.847630914112966,10,4.856184916015569,Moto,Foggy,Jam,Metropolitian,False,0,1,0,2409.938486764843,2510.3718953187126,Aumento_Velocidade,1
pedido_2380.695606599371_485,143.18182763652143,130.17396912353715,115.17396912353715,14.57339624507767,15,4.623921745994131,Scooter,Foggy,Medium,Metropolitian,True,0,0,0,2380.695606599371,2510.869575722908,Rota_Reduzida,1
pedido_2411.28046178882_499,127.1078617314641,111.74794106048897,96.74794106048897,0.0,5,4.898196023332144,Moto,Windy,Jam,Metropolitian,False,0,1,0,2411.28046178882,2513.028402849309,Aumento_Velocidade,1
pedido_2392.4040479878468_490,134.51104555526933,128.3753137292066,113.3753137292066,14.191530438008153,10,4.815510461202618,Moto,Sandstorms,High,Metropolitian,False,0,1,0,2392.4040479878468,2515.7793617170532,Aumento_Velocidade,1
pedido_2424.775787489282_507,98.14802361612992,91.75672071649797,76.75672071649797,4.074737884709878,15,4.632682321145098,Moto,Sunny,High,Metropolitian,False,0,1,1,2424.775787489282,2516.53250820578,Aumento_Velocidade,1
pedido_2413.8973900506485_500,124.36443532049907,108.9350456091916,93.9350456091916,3.4700216621596534,10,4.706094996725558,Moto,Sandstorms,Jam,Metropolitian,False,0,1,0,2413.8973900506485,2517.83243565984,Aumento_Velocidade,1
pedido_2435.196497469151_513,103.80292540613698,88.36482761424682,73.36482761424682,18.833796617979335,10,5.0,Moto,Sunny,Medium,Metropolitian,False,0,0,1,2435.196497469151,2518.5613250833976,Rota_Reduzida,1
pedido_2342.8727759007797_462,186.5482289557541,185.72477778753432,170.72477778753432,15.202744459050704,5,4.354028678689633,Scooter,Stormy,High,Urban,True,0,1,0,2342.8727759007797,2518.5975536883143,Aumento_Velocidade,0
pedido_2463.8924051736726_525,44.64666303284814,39.87735017707814,39.87735017707814,15.01343875420522,15,4.664821094178416,Moto,Sandstorms,Jam,Metropolitian,False,1,1,0,2463.8924051736726,2518.7697553507505,Nenhuma,1
pedido_2405.785289102364_495,132.35656536679525,117.9858611735554,102.9858611735554,8.292978612955519,15,4.626990663002901,Moto,Sandstorms,High,Metropolitian,False,0,1,0,2405.785289102364,2523.7711502759194,Aumento_Velocidade,1
pedido_2425.03642051734_508,131.5838888211861,110.20916263584155,95.20916263584155,8.271916415491829,10,4.756309941638515,Scooter,Sandstorms,High,Metropolitian,False,0,1,0,2425.03642051734,2530.2455831531815,Aumento_Velocidade,1
pedido_2381.2925279674323_486,171.006937332339,154.1826004914454,139.1826004914454,3.1680288160518586,10,4.396054036494271,Moto,Stormy,Medium,Metropolitian,False,0,0,0,2381.2925279674323,2530.475128458878,Rota_Reduzida,0
pedido_2443.687079529068_517,102.00599211693107,99.99722246687293,84.99722246687293,11.498607560093706,5,4.558326069757765,Moto,Sunny,High,Metropolitian,False,0,1,1,2443.687079529068,2533.6843019959406,Aumento_Velocidade,1
pedido_2430.8124632626696_511,134.5611617538637,114.42231285670594,99.42231285670594,3.7927471609488723,5,5.0,Moto,Sandstorms,High,Metropolitian,True,0,1,0,2430.8124632626696,2535.2347761193755,Aumento_Velocidade,1
pedido_2427.755177483112_509,132.68192284103174,107.92115646433354,92.92115646433354,16.58173980711806,15,4.492538336091089,Moto,Windy,High,Metropolitian,False,0,1,0,2427.755177483112,2535.6763339474455,Aumento_Velocidade,1
pedido_2434.475530706735_512,132.4271324920622,102.40105532091336,87.40105532091336,0.0,15,4.489208983454212,Scooter,Stormy,Medium,Metropolitian,False,0,0,0,2434.475530706735,2536.876586027648,Rota_Reduzida,1
pedido_2417.987207552393_503,142.57660926987654,119.23204535383354,104.23204535383354,17.541613422751258,15,4.829102288502551,Scooter,Sandstorms,Jam,Metropolitian,True,0,1,0,2417.987207552393,2537.2192529062268,Aumento_Velocidade,1
pedido_2453.1851847495914_520,99.51879187655749,87.54113383524697,72.54113383524697,2.249886727031391,15,4.579389767121474,Moto,Sunny,High,Urban,True,0,1,1,2453.1851847495914,2540.7263185848383,Aumento_Velocidade,1
pedido_2345.485949059594_463,201.2797775043354,203.30882145433162,188.30882145433162,19.021950159413116,10,4.33280150436603,Moto,Foggy,Jam,Metropolitian,False,0,1,0,2345.485949059594,2543.794770513926,Aumento_Velocidade,0
pedido_2421.618939931769_505,135.31850075111322,129.52562478541128,114.52562478541128,15.656649876114358,15,4.997112293675515,Moto,Sandstorms,High,Metropolitian,False,0,1,0,2421.618939931769,2551.1445647171804,Aumento_Velocidade,1
pedido_2435.631524120412_514,135.08231148926365,118.02516254541865,103.02516254541865,9.649787606992398,15,4.607469853139698,Moto,Windy,Medium,Metropolitian,False,0,0,0,2435.631524120412,2553.6566866658304,Rota_Reduzida,1
pedido_2480.794613279979_540,97.49009431361574,83.98393198503656,68.98393198503656,4.377780736281985,5,4.699231176854698,Moto,Sunny,High,Metropolitian,False,0,1,1,2480.794613279979,2554.7785452650155,Aumento_Velocidade,1
pedido_2469.085261711457_530,96.50378212545165,86.07379076971802,71.07379076971802,2.3719461901293473,15,4.8575630245156285,Moto,Sunny,Medium,Urban,False,0,0,1,2469.085261711457,2555.159052481175,Rota_Reduzida,1
pedido_2456.027960589841_522,128.35974406958636,109.42957929594034,94.42957929594034,5.370364896200202,15,4.70242948249053,Scooter,Stormy,High,Urban,False,0,1,0,2456.027960589841,2565.457539885781,Aumento_Velocidade,1
pedido_2422.0198153541196_506,126.55100793384632,133.87502675560324,133.87502675560324,4.703054440183529,10,4.585533544622394,Van,Stormy,High,Metropolitian,True,0,1,0,2422.0198153541196,2565.894842109723,Nenhuma,0
pedido_2467.978892796322_528,136.80719144610694,113.61066667653166,98.61066667653166,5.811802104606845,5,4.469395126945844,Moto,Windy,Medium,Metropolitian,True,0,0,0,2467.978892796322,2571.5895594728536,Rota_Reduzida,1
pedido_2456.0026625180963_521,102.9376896208834,100.976618972105,100.976618972105,12.88038719348392,15,4.461068453184487,Moto,Stormy,Low,Metropolitian,False,0,0,0,2456.0026625180963,2571.979281490201,Nenhuma,1
pedido_2474.4079617609455_535,130.35356069033986,100.19017523474056,85.19017523474056,10.58340693827615,15,4.777987523387789,Moto,Stormy,High,Metropolitian,True,0,1,0,2474.4079617609455,2574.598136995686,Aumento_Velocidade,1
pedido_2460.6209540972063_523,136.07765899363275,119.74319344883082,104.74319344883082,5.464786024236889,10,5.0,Moto,Foggy,High,Metropolitian,False,0,1,0,2460.6209540972063,2575.364147546037,Aumento_Velocidade,1
pedido_2445.364720922404_518,138.5919332238489,141.73159799565036,126.73159799565036,21.80106052027449,5,4.54989674802783,Moto,Windy,Medium,Urban,True,0,0,0,2445.364720922404,2577.0963189180543,Rota_Reduzida,0
pedido_2438.671405454648_515,144.22549106230286,129.452409047283,129.452409047283,19.486007460456054,10,5.0,Van,Sandstorms,Jam,Urban,False,0,1,0,2438.671405454648,2578.1238145019306,Nenhuma,0
pedido_2474.2459157664257_534,98.85015545851832,89.60197894109743,89.60197894109743,1.4138206335179349,15,4.9027548864406025,Moto,Foggy,Low,Metropolitian,False,0,0,0,2474.2459157664257,2578.847894707523,Nenhuma,1
pedido_2468.0322745118983_529,132.4946085953814,116.69042692584476,101.69042692584476,6.486371613650379,10,4.7802878799304995,Moto,Foggy,High,Metropolitian,True,0,1,0,2468.0322745118983,2579.722701437743,Aumento_Velocidade,1
pedido_2450.8791186843323_519,140.86091603675254,149.15551957602443,134.15551957602443,15.365629502359614,5,4.477533681719946,Moto,Stormy,Jam,Metropolitian,True,0,1,0,2450.8791186843323,2590.0346382603566,Aumento_Velocidade,0
pedido_2470.6828006419933_532,134.37619654620727,125.01786052108554,110.01786052108554,15.092791686254579,10,4.533318294628041,Scooter,Stormy,Medium,Metropolitian,True,0,0,0,2470.6828006419933,2590.7006611630786,Rota_Reduzida,1
pedido_2535.067485292541_569,48.1101388293739,41.300759525870966,41.300759525870966,9.556517403420813,15,4.808150348611927,Moto,Stormy,Jam,Metropolitian,False,1,1,0,2535.067485292541,2591.3682448184118,Nenhuma,1
pedido_2488.368231993564_543,137.00434819405214,104.72825982477906,89.72825982477906,10.030330249053996,15,4.797943631083966,Moto,Sandstorms,Medium,Metropolitian,True,0,0,0,2488.368231993564,2593.096491818343,Rota_Reduzida,1
pedido_2495.193801773435_549,131.03979234049356,104.27921441490764,89.27921441490764,4.941763375567941,10,4.669793453960942,Moto,Windy,High,Urban,False,0,1,0,2495.193801773435,2594.4730161883426,Aumento_Velocidade,1
pedido_2475.9587774904803_536,132.36481215780856,128.6307921272541,113.6307921272541,3.16251131208595,5,4.659451752206181,Moto,Sandstorms,High,Metropolitian,False,0,1,0,2475.9587774904803,2594.5895696177345,Aumento_Velocidade,1
pedido_2416.124524166581_501,177.86948640883256,188.73555703599897,173.73555703599897,4.446482656570042,5,4.31006697633258,Moto,Foggy,High,Metropolitian,False,0,1,0,2416.124524166581,2594.86008120258,Aumento_Velocidade,0
pedido_2477.4915096981763_538,128.21842588319305,122.38429842054734,102.38429842054734,16.14232519682475,15,5.0,Moto,Stormy,High,Other,False,0,1,0,2477.4915096981763,2594.8758081187234,Rota_Reduzida,1
pedido_2494.4828252849175_548,97.39833776986896,95.79035997755804,95.79035997755804,8.023409829460311,5,4.777864605741813,Moto,Sunny,Low,Urban,False,0,0,1,2494.4828252849175,2595.2731852624756,Nenhuma,1
pedido_2488.5065876853273_544,132.22962665275085,120.85859915709996,105.85859915709996,5.530467370924969,5,4.808034502908086,Scooter,Foggy,High,Metropolitian,True,0,1,0,2488.5065876853273,2599.365186842427,Aumento_Velocidade,1
pedido_2471.5199648776716_533,134.9979799031137,119.67903731419952,119.67903731419952,17.143327434912443,10,4.546359407035592,Van,Stormy,Medium,Metropolitian,False,0,0,0,2471.5199648776716,2601.199002191871,Nenhuma,1
pedido_2480.1645590723315_539,140.87825873637593,133.1523328030382,118.1523328030382,13.05860017254527,5,4.794916176565027,Scooter,Windy,Jam,Metropolitian,True,0,1,0,2480.1645590723315,2603.3168918753695,Aumento_Velocidade,1
pedido_2494.2641313698273_547,105.56841073131153,104.55299480278792,104.55299480278792,13.71079664155939,5,4.616723240600339,Moto,Stormy,Low,Urban,True,0,0,0,2494.2641313698273,2603.817126172615,Nenhuma,1
pedido_2442.571073674132_516,178.71053524317645,169.28133842312513,154.28133842312513,5.899952945798484,10,4.125606788292188,Scooter,Foggy,High,Metropolitian,False,0,1,0,2442.571073674132,2606.852412097257,Aumento_Velocidade,0
pedido_2532.51696135662_565,101.61481017132195,79.85113778400901,64.85113778400901,15.067774055371853,10,4.666479601947691,Moto,Sunny,High,Metropolitian,False,0,1,1,2532.51696135662,2607.368099140629,Aumento_Velocidade,1
pedido_2530.008015378189_563,99.84096604735662,87.37433098256724,72.37433098256724,12.596446916365206,5,4.658253616113285,Moto,Sunny,Medium,Metropolitian,False,0,0,1,2530.008015378189,2607.3823463607564,Rota_Reduzida,1
pedido_2466.4184257186535_526,177.37056104180246,152.76916209624721,137.76916209624721,12.678494384834615,5,4.4373477830310675,Scooter,Sunny,High,Metropolitian,False,0,1,1,2466.4184257186535,2609.187587814901,Aumento_Velocidade,0
pedido_2485.5121133577645_542,101.91172893558411,113.85327665423107,113.85327665423107,3.107390777391891,10,4.5688252862467476,Scooter,Sandstorms,Low,Metropolitian,False,0,0,0,2485.5121133577645,2609.3653900119957,Nenhuma,1
pedido_2483.7906581211423_541,141.19819794269358,136.71548862665236,121.71548862665236,11.324487376409987,5,4.4898704158014375,Moto,Windy,Jam,Metropolitian,True,0,1,0,2483.7906581211423,2610.5061467477944,Aumento_Velocidade,0
pedido_2516.8251726593344_555,133.23382719633193,111.69854149237314,96.69854149237314,14.809490091485523,5,5.0,Moto,Stormy,High,Metropolitian,True,0,1,0,2516.8251726593344,2618.5237141517077,Aumento_Velocidade,1
pedido_2498.0468490315707_551,133.6879825033904,126.43226615863881,111.43226615863881,17.02190352156735,10,4.904030600673267,Scooter,Windy,High,Metropolitian,False,0,1,0,2498.0468490315707,2619.4791151902095,Aumento_Velocidade,1
pedido_2506.0064057339387_553,105.43391422437541,99.40314977213947,99.40314977213947,16.034492695358672,15,4.633445784877776,Moto,Stormy,Low,Metropolitian,True,0,0,0,2506.0064057339387,2620.409555506078,Nenhuma,1
pedido_2489.7082822515904_545,140.5760645902447,130.74416631772823,115.74416631772823,17.233511644714554,15,5.0,Moto,Windy,High,Metropolitian,True,0,1,0,2489.7082822515904,2620.4524485693187,Aumento_Velocidade,1
pedido_2518.229187490435_556,132.06234873211497,107.7743688959477,92.7743688959477,6.755709660469734,10,4.840609294257885,Moto,Sandstorms,High,Metropolitian,False,0,1,0,2518.229187490435,2621.0035563863826,Aumento_Velocidade,1
pedido_2512.155010303825_554,137.19002538807868,109.6427970731118,94.6427970731118,9.844549833512868,15,4.8785927308065755,Moto,Windy,Jam,Metropolitian,False,0,1,0,2512.155010303825,2621.797807376937,Aumento_Velocidade,1
pedido_2497.1080507881043_550,132.82313502095025,116.19976345435407,116.19976345435407,11.561923100104988,10,4.533587405023168,Van,Windy,High,Metropolitian,False,0,1,0,2497.1080507881043,2623.3078142424583,Nenhuma,1
pedido_2470.6383030760667_531,141.90398567706964,152.90417340915192,137.90417340915192,11.175553219945481,15,4.669719878819198,Moto,Foggy,Medium,Metropolitian,False,0,0,0,2470.6383030760667,2623.5424764852187,Rota_Reduzida,0
pedido_2531.521516458443_564,97.20213281443738,89.26478758725379,89.26478758725379,4.947751844649863,5,4.490248878824023,Van,Sunny,Medium,Metropolitian,False,0,0,1,2531.521516458443,2625.786304045697,Nenhuma,1
pedido_2466.8169486221122_527,177.37056104180246,170.7191719773522,155.7191719773522,12.780924207670491,5,4.4193177096581975,Moto,Sunny,High,Urban,False,0,1,1,2466.8169486221122,2627.5361205994645,Aumento_Velocidade,0
pedido_2502.598751423421_552,135.8251700970151,135.94171792313696,120.94171792313696,16.158334849007158,5,4.558507089384828,Scooter,Windy,Jam,Metropolitian,False,0,1,0,2502.598751423421,2628.540469346558,Aumento_Velocidade,0
pedido_2490.1600536664014_546,133.99254711695315,143.53616889744913,128.53616889744913,12.261752001081748,10,4.8531875949127015,Moto,Sandstorms,High,Metropolitian,False,0,1,0,2490.1600536664014,2628.6962225638504,Aumento_Velocidade,0
pedido_2536.2978804681193_571,104.59633746742365,88.4855057666092,88.4855057666092,16.512618955737892,10,4.832558625613663,Scooter,Windy,Low,Metropolitian,False,0,0,0,2536.2978804681193,2634.7833862347284,Nenhuma,1
pedido_2525.5499097091556_560,137.6421823913141,115.01055418318556,100.01055418318556,15.598559993673472,10,4.834437903651258,Scooter,Windy,Medium,Metropolitian,True,0,0,0,2525.5499097091556,2635.560463892341,Rota_Reduzida,1
pedido_2525.793463873473_561,104.39808968721051,115.08918806968784,100.08918806968784,11.36145504708704,10,4.799174748485415,Moto,Sunny,High,Urban,True,0,1,1,2525.793463873473,2635.8826519431605,Aumento_Velocidade,1
pedido_2519.3735675371468_557,130.48637243082808,125.76372455343457,110.76372455343457,7.29038928626182,10,4.81494263012141,Scooter,Windy,Jam,Metropolitian,True,0,1,0,2519.3735675371468,2640.1372920905815,Aumento_Velocidade,1
pedido_2476.48646727326_537,175.29157599558596,167.34088715433717,152.34088715433717,6.825563260969623,15,4.423698607502515,Scooter,Windy,High,Metropolitian,False,0,1,0,2476.48646727326,2643.827354427597,Aumento_Velocidade,0
pedido_2533.0849800918595_568,132.0813584930208,117.55732547732931,102.55732547732931,4.707411597200149,10,4.723826228251394,Scooter,Sandstorms,High,Metropolitian,False,0,1,0,2533.0849800918595,2645.642305569189,Aumento_Velocidade,1
pedido_2523.2641671790184_558,127.63823923012603,122.44577615876793,107.44577615876793,2.3165498691664443,15,4.766899562171137,Scooter,Foggy,Jam,Metropolitian,False,0,1,0,2523.2641671790184,2645.709943337786,Aumento_Velocidade,1
pedido_2554.2888827189768_581,100.27304757462142,76.66613932869689,76.66613932869689,3.0471084571490414,15,5.0,Scooter,Sandstorms,Low,Other,False,0,0,0,2554.2888827189768,2645.9550220476735,Nenhuma,1
pedido_2463.337285002803_524,195.47920804535414,184.6231750543495,169.6231750543495,3.4288730831929053,15,4.2817621051450585,Moto,Sunny,High,Metropolitian,False,0,1,1,2463.337285002803,2647.9604600571524,Aumento_Velocidade,0
pedido_2539.9356107724348_574,111.60941219292928,120.31248618264223,105.31248618264223,12.932370182691411,5,4.618895114441778,Moto,Sunny,Jam,Metropolitian,False,0,1,1,2539.9356107724348,2650.248096955077,Aumento_Velocidade,1
pedido_2535.739990900384_570,137.10401114141493,124.54648128816598,109.54648128816598,13.83241982255348,5,5.0,Scooter,Sandstorms,Medium,Metropolitian,False,0,0,0,2535.739990900384,2650.28647218855,Rota_Reduzida,1
pedido_2532.7912937103038_567,134.7971466556775,128.00926960061523,113.00926960061523,5.641434579279398,5,5.0,Moto,Foggy,High,Metropolitian,True,0,1,0,2532.7912937103038,2650.800563310919,Aumento_Velocidade,1
pedido_2532.685771367033_566,136.4402219755419,123.72946122644913,108.72946122644913,16.58867767357285,10,4.888746724912336,Moto,Windy,High,Metropolitian,True,0,1,0,2532.685771367033,2651.415232593482,Aumento_Velocidade,1
pedido_2551.9542338937317_578,98.30494629602148,88.26723216478187,88.26723216478187,2.1446086734616947,15,4.766189780500375,Scooter,Foggy,Low,Metropolitian,False,0,0,0,2551.9542338937317,2655.2214660585137,Nenhuma,1
pedido_2559.3696702513453_584,126.35659703130803,104.38152427298294,89.38152427298294,6.728219875072328,10,4.731729075378125,Scooter,Foggy,Medium,Semi-Urban,True,0,0,0,2559.3696702513453,2658.751194524328,Rota_Reduzida,1
pedido_2562.046152192224_587,122.59299021760583,109.7267401905191,94.7267401905191,0.7933916242481152,5,4.524259809235135,Moto,Sandstorms,Jam,Metropolitian,True,0,1,0,2562.046152192224,2661.772892382743,Aumento_Velocidade,1
pedido_2540.981403139445_575,130.6580430495067,126.27499732098846,111.27499732098846,6.79889728253348,10,4.734629529647707,Scooter,Sandstorms,High,Metropolitian,True,0,1,0,2540.981403139445,2662.2564004604333,Aumento_Velocidade,1
pedido_2554.002072980498_580,125.28681826594158,120.87606817370097,105.87606817370097,1.219611889985873,5,4.598725390547961,Scooter,Sandstorms,Jam,Metropolitian,True,0,1,0,2554.002072980498,2664.8781411541986,Aumento_Velocidade,1
pedido_2567.9058452915824_589,105.95567356939611,97.5474415734445,82.5474415734445,12.743835286536298,15,4.492952060724179,Moto,Sunny,High,Urban,False,0,1,1,2567.9058452915824,2665.4532868650267,Aumento_Velocidade,1
pedido_2526.9051121287685_562,151.6789809196422,139.52643835848843,124.52643835848843,16.88551074032228,15,4.970503823038975,Moto,Foggy,Jam,Metropolitian,False,0,1,0,2526.9051121287685,2666.431550487257,Aumento_Velocidade,0
pedido_2613.204354892342_613,102.10569728643034,58.97221512624637,43.97221512624637,16.612103798013635,10,4.55131182396092,Moto,Sunny,High,Metropolitian,False,0,1,1,2613.204354892342,2667.1765700185883,Aumento_Velocidade,1
pedido_2552.2041296539915_579,135.06828144650794,116.31629646973676,101.31629646973676,15.604703936266167,15,4.893611378256775,Moto,Windy,Jam,Metropolitian,False,0,1,0,2552.2041296539915,2668.520426123728,Aumento_Velocidade,1
pedido_2647.5680794673717_635,46.06394524305151,16.662680394131954,16.662680394131954,5.639137656048903,5,4.705338445059457,Moto,Sandstorms,High,Metropolitian,True,1,1,0,2647.5680794673717,2669.230759861504,Nenhuma,1
pedido_2536.782525688943_572,125.90512026214668,128.24415951696358,128.24415951696358,6.217976451345451,5,4.560860665013146,Van,Stormy,High,Metropolitian,True,0,1,0,2536.782525688943,2670.0266852059067,Nenhuma,0
pedido_2547.8167799855187_577,133.89064334837138,134.48497021722605,119.48497021722605,3.044479749777611,5,4.732583841380336,Moto,Foggy,High,Metropolitian,False,0,1,0,2547.8167799855187,2672.3017502027446,Aumento_Velocidade,1
pedido_2537.553224957536_573,149.93469309973682,135.0710074979864,120.07100749798639,18.381991448891608,15,4.750843414197458,Moto,Foggy,Jam,Urban,False,0,1,0,2537.553224957536,2672.6242324555224,Aumento_Velocidade,0
pedido_2559.171917965428_583,111.656403005909,116.7374894142533,101.7374894142533,15.790172925210504,15,4.59237146900914,Moto,Sunny,Jam,Metropolitian,False,0,1,1,2559.171917965428,2675.909407379681,Aumento_Velocidade,1
pedido_2577.0537936377755_594,127.59980392749029,115.19933973726643,100.19933973726643,5.435292184093971,5,4.71105202310794,Moto,Windy,Jam,Urban,False,0,1,0,2577.0537936377755,2682.253133375042,Aumento_Velocidade,1
pedido_2555.257432344976_582,140.62032007762318,139.30237023364447,124.30237023364447,10.706334274902721,5,4.710504455450588,Scooter,Foggy,High,Urban,False,0,1,0,2555.257432344976,2684.5598025786207,Aumento_Velocidade,0
pedido_2577.18122703183_595,131.01551250861604,119.39118146467565,104.39118146467565,8.068895970282863,5,5.0,Scooter,Stormy,Jam,Metropolitian,True,0,1,0,2577.18122703183,2686.572408496506,Aumento_Velocidade,1
pedido_2600.6549452034233_604,102.00599211693107,90.95371432924017,75.95371432924017,11.268919865435608,10,4.569096102956048,Moto,Sunny,High,Metropolitian,False,0,1,1,2600.6549452034233,2686.6086595326633,Aumento_Velocidade,1
pedido_2560.2480088287743_586,130.2276702050786,128.3367354005958,113.33673540059581,1.4132022391964627,15,4.598501100957077,Moto,Windy,Jam,Metropolitian,True,0,1,0,2560.2480088287743,2688.5847442293702,Aumento_Velocidade,1
pedido_2588.7943698642894_600,100.53309902992069,97.92633457631402,97.92633457631402,6.5708888422758704,5,4.959003212042834,Moto,Sandstorms,Low,Metropolitian,False,0,0,0,2588.7943698642894,2691.720704440603,Nenhuma,1
pedido_2595.3973913285763_603,130.8525413370175,103.83472113505842,88.83472113505842,11.614951853695345,10,4.495471306070144,Moto,Stormy,High,Urban,False,0,1,0,2595.3973913285763,2694.2321124636346,Aumento_Velocidade,1
pedido_2569.0374847484386_591,127.54068791102743,116.05254491795093,116.05254491795093,3.6105989842360513,10,4.8214022246382315,Van,Foggy,Jam,Metropolitian,False,0,1,0,2569.0374847484386,2695.0900296663895,Nenhuma,1
pedido_2615.544446321623_614,99.3974574175129,89.8135652082813,74.8135652082813,6.859351358743598,5,4.693949170692175,Moto,Sunny,Jam,Metropolitian,False,0,1,1,2615.544446321623,2695.3580115299046,Aumento_Velocidade,1
pedido_2524.4686516160696_559,177.4064450143803,172.66836153639,157.66836153639,7.359977885120224,15,4.3134141415533405,Moto,Windy,Jam,Metropolitian,True,0,1,0,2524.4686516160696,2697.1370131524595,Aumento_Velocidade,0
pedido_2617.5672066320976_617,109.31045382827257,80.12181650840517,65.12181650840517,18.029440280996056,15,4.888448973425796,Scooter,Sunny,Jam,Metropolitian,False,0,1,1,2617.5672066320976,2697.6890231405027,Aumento_Velocidade,1
pedido_2544.739862620025_576,136.5440156334271,156.5793741374852,141.5793741374852,12.962773481464964,15,4.8266635852025725,Moto,Windy,Jam,Metropolitian,False,0,1,0,2544.739862620025,2701.31923675751,Aumento_Velocidade,0
pedido_2591.9267373861135_602,136.65469387965746,115.46852604068143,100.46852604068143,19.574246809373797,10,4.97293021490503,Moto,Stormy,Medium,Metropolitian,True,0,0,0,2591.9267373861135,2702.395263426795,Rota_Reduzida,1
pedido_2576.400367416387_593,133.57252064713242,126.30283052944841,111.30283052944841,8.007762461589847,15,4.560712886767165,Scooter,Windy,High,Metropolitian,False,0,1,0,2576.400367416387,2702.703197945835,Aumento_Velocidade,1
pedido_2569.1244425377995_592,136.51656282755894,147.0420166995802,132.0420166995802,16.152529058519537,5,4.737754241957525,Scooter,Stormy,Jam,Metropolitian,True,0,1,0,2569.1244425377995,2706.1664592373795,Aumento_Velocidade,0
pedido_2624.262807401916_620,104.71981626073583,93.3951630663773,78.3951630663773,15.262647648271244,5,4.878567299157785,Moto,Sunny,Medium,Urban,True,0,0,1,2624.262807401916,2707.657970468293,Rota_Reduzida,1
pedido_2602.373554600775_605,132.85906973388387,116.58749122857088,101.58749122857088,15.94461266491701,5,4.593384537040415,Scooter,Stormy,Jam,Metropolitian,False,0,1,0,2602.373554600775,2708.961045829346,Aumento_Velocidade,1
pedido_2587.4450030148228_599,127.50871515206823,131.84362512268012,116.84362512268012,0.7538308484674996,5,4.56670381073788,Moto,Windy,Jam,Urban,False,0,1,0,2587.4450030148228,2709.288628137503,Aumento_Velocidade,1
pedido_2584.4958989193146_596,144.90221453113728,136.25856065549274,121.25856065549274,18.282768874267155,10,4.867707983723701,Moto,Foggy,High,Metropolitian,True,0,1,0,2584.4958989193146,2715.7544595748072,Aumento_Velocidade,0
pedido_2607.1079788959823_610,104.11794990317726,98.89153358383646,98.89153358383646,2.7389232953260945,10,4.700222958732372,Scooter,Stormy,Low,Semi-Urban,True,0,0,0,2607.1079788959823,2715.999512479819,Nenhuma,1
pedido_2606.2489065907816_609,128.83702044747974,110.83099952553518,95.83099952553518,13.901381681298801,15,4.76974533917277,Moto,Stormy,High,Urban,False,0,1,0,2606.2489065907816,2717.079906116317,Aumento_Velocidade,1
pedido_2586.946144853917_598,141.234304302999,135.77732508363957,120.77732508363957,17.6524053066714,10,4.869758350674412,Scooter,Foggy,High,Metropolitian,False,0,1,0,2586.946144853917,2717.7234699375563,Aumento_Velocidade,0
pedido_2589.161350042806_601,144.01842001388692,139.86020609309767,124.86020609309767,10.861619935571298,5,4.716136416495916,Moto,Foggy,Medium,Metropolitian,True,0,0,0,2589.161350042806,2719.0215561359037,Rota_Reduzida,0
pedido_2620.457153734421_618,127.15064502066777,111.59686470640042,91.59686470640042,15.305220368673151,10,4.568684901464401,Scooter,Sandstorms,High,Other,False,0,1,0,2620.457153734421,2722.0540184408214,Rota_Reduzida,1
pedido_2559.8621248361283_585,186.08792677745822,162.68986922034406,147.68986922034406,12.211605140377518,15,4.411917478187497,Moto,Stormy,High,Metropolitian,True,0,1,0,2559.8621248361283,2722.5519940564723,Aumento_Velocidade,0
pedido_2630.573269948969_626,93.88825425472693,92.05984757248348,77.05984757248348,3.5260486938226796,15,4.567871092474772,Moto,Sunny,Medium,Urban,False,0,0,1,2630.573269948969,2722.6331175214527,Rota_Reduzida,1
pedido_2568.6830259638596_590,167.924115617288,154.61019457169567,139.61019457169567,19.234750443964003,15,4.3903647505822505,Scooter,Sunny,Jam,Metropolitian,False,0,1,1,2568.6830259638596,2723.293220535555,Aumento_Velocidade,0
pedido_2630.054433365873_625,132.632919510437,94.97325883714585,79.97325883714585,9.660719673134018,15,4.800578506783463,Moto,Sandstorms,High,Urban,False,0,1,0,2630.054433365873,2725.027692203019,Aumento_Velocidade,1
pedido_2609.404177355713_611,140.66555584139238,115.69677326043507,100.69677326043507,14.327463840498035,15,4.497894545844304,Moto,Stormy,Jam,Metropolitian,True,0,1,0,2609.404177355713,2725.100950616148,Aumento_Velocidade,1
pedido_2604.9532253423145_608,103.48239808328758,117.39986564890846,117.39986564890846,15.359292181596581,5,4.5223397929879905,Scooter,Windy,Low,Metropolitian,False,0,0,0,2604.9532253423145,2727.353090991223,Nenhuma,1
pedido_2652.7792423347937_639,98.37441375212673,81.46767913065345,66.46767913065345,4.816788972208599,10,4.557845804906765,Moto,Sunny,Medium,Metropolitian,True,0,0,1,2652.7792423347937,2729.246921465447,Rota_Reduzida,1
pedido_2616.3720470902977_615,127.31479556131167,114.50057653458467,99.50057653458467,8.333900532674054,15,4.455813594416111,Moto,Stormy,High,Metropolitian,False,0,1,0,2616.3720470902977,2730.872623624882,Aumento_Velocidade,1
pedido_2631.01568449487_627,133.99354993689516,104.99753806355807,89.99753806355807,9.46224899542674,15,4.831062550921144,Scooter,Sandstorms,Medium,Metropolitian,False,0,0,0,2631.01568449487,2736.0132225584284,Rota_Reduzida,1
pedido_2651.869780470867_638,94.74006854850781,89.53609872505137,74.53609872505137,6.333113068730813,10,4.9035910942387915,Moto,Sunny,High,Metropolitian,False,0,1,1,2651.869780470867,2736.4058791959187,Aumento_Velocidade,1
pedido_2638.1592420141787_631,108.94417311420986,94.37284656446023,94.37284656446023,22.238815067318342,5,4.7594451413657515,Moto,Foggy,Low,Urban,False,0,0,0,2638.1592420141787,2737.532088578639,Nenhuma,1
pedido_2603.740604874261_607,140.23111029455288,139.55055296270103,124.55055296270103,12.50529594401537,10,5.0,Moto,Stormy,Jam,Metropolitian,True,0,1,0,2603.740604874261,2738.291157836962,Aumento_Velocidade,0
pedido_2610.3673087393445_612,132.96881234173745,118.75631286884828,118.75631286884828,6.857052506870508,10,4.652644856402206,Van,Stormy,Medium,Metropolitian,False,0,0,0,2610.3673087393445,2739.123621608193,Nenhuma,1
pedido_2631.166510187599_628,134.81107241013814,114.15867450842295,99.15867450842295,18.390501094349403,10,4.483285223647786,Moto,Windy,High,Metropolitian,True,0,1,0,2631.166510187599,2740.325184696022,Aumento_Velocidade,1
pedido_2566.5649815951488_588,182.75298575741633,174.80778179526942,159.80778179526942,20.658030371482983,15,4.447713943200517,Scooter,Stormy,Medium,Other,True,0,0,0,2566.5649815951488,2741.372763390418,Rota_Reduzida,0
pedido_2585.8023789749354_597,152.34789674236828,158.06734376399643,143.06734376399643,13.52158088657799,15,4.635365066989841,Moto,Foggy,Jam,Metropolitian,True,0,1,0,2585.8023789749354,2743.869722738932,Aumento_Velocidade,0
pedido_2616.46344541106_616,137.8196834017824,133.11306072161113,118.11306072161113,8.709201619382728,10,5.0,Moto,Sandstorms,Medium,Metropolitian,True,0,0,0,2616.46344541106,2744.576506132671,Rota_Reduzida,1
pedido_2626.8377517177732_622,134.35847542699773,128.4391286600919,113.43912866009191,13.500006624172945,5,4.570586333484487,Moto,Stormy,Jam,Metropolitian,False,0,1,0,2626.8377517177732,2745.2768803778654,Aumento_Velocidade,1
pedido_2666.7486370189254_644,98.30917939517887,90.20406324874514,75.20406324874514,1.7842087644195739,5,4.549767953423174,Moto,Sunny,Medium,Metropolitian,True,0,0,1,2666.7486370189254,2746.9527002676705,Rota_Reduzida,1
pedido_2625.510904514313_621,144.52251491230726,131.90331363246764,116.90331363246764,13.032621497712846,10,4.954617476385002,Scooter,Windy,Jam,Metropolitian,True,0,1,0,2625.510904514313,2752.4142181467805,Aumento_Velocidade,1
pedido_2622.164418353969_619,141.34775591846764,130.32106575688806,115.32106575688806,10.538734277460133,15,4.990373416798088,Moto,Foggy,High,Metropolitian,False,0,1,0,2622.164418353969,2752.4854841108568,Aumento_Velocidade,1
pedido_2634.731916311948_629,144.59678110484512,139.8548374905662,124.85483749056621,11.837271006157902,5,4.655369712803934,Scooter,Foggy,High,Metropolitian,True,0,1,0,2634.731916311948,2764.5867538025145,Aumento_Velocidade,0
pedido_2645.1554067804077_633,135.7801695071841,124.70695322311872,109.70695322311872,20.188381805455933,10,4.9272698136965944,Scooter,Sandstorms,High,Metropolitian,False,0,1,0,2645.1554067804077,2764.862360003526,Aumento_Velocidade,1
pedido_2637.7189164365536_630,130.63261946572356,137.42918691455733,122.42918691455733,3.1687729619567655,5,4.656410866639228,Scooter,Sandstorms,High,Urban,True,0,1,0,2637.7189164365536,2765.148103351111,Aumento_Velocidade,0
pedido_2646.812138111461_634,130.63353659701423,128.4151579163519,113.41515791635189,0.0,5,5.0,Moto,Stormy,High,Metropolitian,True,0,1,0,2646.812138111461,2765.227296027813,Aumento_Velocidade,1
pedido_2641.645140144147_632,127.43887853040428,133.7940771959411,118.7940771959411,5.540127993550161,5,4.758218064085775,Scooter,Stormy,High,Metropolitian,False,0,1,0,2641.645140144147,2765.439217340088,Aumento_Velocidade,1
pedido_2689.987583106178_654,98.90884907823967,85.46471874146,70.46471874146,7.323409470965212,5,4.567331576596169,Scooter,Sunny,Jam,Metropolitian,False,0,1,1,2689.987583106178,2765.452301847638,Aumento_Velocidade,1
pedido_2669.7553728075277_645,108.9807715079129,101.04795719351719,86.04795719351719,10.411513949569304,10,4.756169108496092,Moto,Sunny,Jam,Metropolitian,True,0,1,1,2669.7553728075277,2765.8033300010447,Aumento_Velocidade,1
pedido_2650.80005566166_637,142.69880885257305,117.3954089141011,102.3954089141011,14.585484742156606,15,4.733417683468521,Moto,Foggy,Medium,Metropolitian,False,0,0,0,2650.80005566166,2768.195464575761,Rota_Reduzida,1
pedido_2695.959462850294_655,98.71650902594666,74.41246497213619,59.41246497213619,5.159278092510816,15,4.6458210219298435,Moto,Sunny,High,Urban,False,0,1,1,2695.959462850294,2770.3719278224303,Aumento_Velocidade,1
pedido_2662.5972284451427_641,133.97870323834556,118.5809514211657,103.5809514211657,11.453845445549309,5,5.0,Moto,Sandstorms,High,Metropolitian,False,0,1,0,2662.5972284451427,2771.1781798663083,Aumento_Velocidade,1
pedido_2656.511883649508_640,134.46615317956642,119.7425496332591,104.7425496332591,17.326099540975036,10,4.8095011357156885,Scooter,Windy,High,Metropolitian,False,0,1,0,2656.511883649508,2771.254433282767,Aumento_Velocidade,1
pedido_2688.0917698800276_653,105.19975107848433,94.1943020691874,79.1943020691874,15.336490300442836,5,4.595747048747014,Moto,Sunny,High,Urban,True,0,1,1,2688.0917698800276,2772.286071949215,Aumento_Velocidade,1
pedido_2603.4129819881346_606,175.63823645573297,181.00853056336123,166.00853056336123,8.010947643540705,5,4.280848825992933,Moto,Windy,High,Metropolitian,True,0,1,0,2603.4129819881346,2774.4215125514957,Aumento_Velocidade,0
pedido_2672.7036339974015_646,126.77888038741068,110.09461913814226,95.09461913814226,3.9338274769086814,10,4.8602671500768775,Scooter,Foggy,Jam,Metropolitian,False,0,1,0,2672.7036339974015,2777.7982531355437,Aumento_Velocidade,1
pedido_2647.673820620263_636,136.9024974005576,136.09053540776208,121.09053540776208,15.260770895714973,10,5.0,Moto,Stormy,Jam,Metropolitian,False,0,1,0,2647.673820620263,2778.7643560280253,Aumento_Velocidade,0
pedido_2678.5103318585216_647,136.20554377668626,110.3060572627416,95.3060572627416,15.383566636021401,5,4.631370022448844,Scooter,Sandstorms,Medium,Metropolitian,False,0,0,0,2678.5103318585216,2778.816389121263,Rota_Reduzida,1
pedido_2686.2498416785916_651,104.15417962002822,103.83817254775074,88.83817254775074,13.389577293646246,5,4.968464398115277,Moto,Sunny,High,Metropolitian,True,0,1,1,2686.2498416785916,2780.0880142263422,Aumento_Velocidade,1
pedido_2666.3466239383033_643,127.99498187247765,132.21673073085734,112.21673073085734,12.20286900344358,5,4.531111836212993,Scooter,Sandstorms,High,Other,True,0,1,0,2666.3466239383033,2783.5633546691606,Rota_Reduzida,1
pedido_2740.467572701099_679,47.06245651158629,38.174376980104896,38.174376980104896,5.261315938589644,5,4.799570745230941,Moto,Windy,Jam,Metropolitian,True,1,1,0,2740.467572701099,2783.641949681204,Nenhuma,1
pedido_2628.307135308306_624,141.41503421338032,158.90067789569048,143.90067789569048,13.891062093167553,15,4.652119263523222,Moto,Foggy,High,Metropolitian,False,0,1,0,2628.307135308306,2787.2078132039965,Aumento_Velocidade,0
pedido_2628.2455243324425_623,174.58031953373182,171.9093914670097,156.9093914670097,4.591365285844447,5,4.358071775597947,Scooter,Windy,High,Metropolitian,False,0,1,0,2628.2455243324425,2790.1549157994523,Aumento_Velocidade,0
pedido_2753.624982048612_684,38.32020944416124,23.994499537297507,23.994499537297507,5.811824450461945,15,4.581207159595299,Moto,Sunny,High,Metropolitian,False,1,1,1,2753.624982048612,2792.6194815859094,Nenhuma,1
pedido_2682.2198444311016_648,128.27666756351218,110.64421167833812,95.64421167833812,7.814303586626801,15,4.939224852777085,Scooter,Stormy,High,Metropolitian,False,0,1,0,2682.2198444311016,2792.86405610944,Aumento_Velocidade,1
pedido_2696.258834728581_656,97.86460107041489,84.72702306707241,84.72702306707241,7.273758102910676,15,4.782464036891054,Van,Sunny,High,Metropolitian,True,0,1,1,2696.258834728581,2795.9858577956534,Nenhuma,1
pedido_2699.517626598292_659,99.52735105208863,99.62848904693638,84.62848904693638,5.771035001011307,15,5.0,Moto,Sunny,High,Urban,False,0,1,1,2699.517626598292,2799.1461156452283,Aumento_Velocidade,1
pedido_2686.3561823514224_652,132.97412603154743,122.79670396901676,107.79670396901676,0.8760201326164196,10,4.520742075511354,Scooter,Foggy,High,Metropolitian,True,0,1,0,2686.3561823514224,2804.152886320439,Aumento_Velocidade,1
pedido_2685.3027059357173_650,131.9515597341283,130.016299111121,115.01629911112099,1.1091985038170256,5,4.5683932222998855,Moto,Sandstorms,High,Metropolitian,False,0,1,0,2685.3027059357173,2805.3190050468384,Aumento_Velocidade,1
pedido_2683.669498959185_649,132.99487182043347,127.95205684478623,112.95205684478623,5.757299622979689,10,4.886356314910959,Moto,Foggy,High,Metropolitian,False,0,1,0,2683.669498959185,2806.621555803971,Aumento_Velocidade,1
pedido_2714.3585467507987_669,122.80384975888457,107.85859926639368,87.85859926639368,9.444234834302488,10,4.719129073509178,Moto,Windy,High,Other,True,0,1,0,2714.3585467507987,2812.2171460171926,Rota_Reduzida,1
pedido_2708.755088683157_665,133.26001537785646,110.12983430827367,95.12983430827367,4.839972319655795,15,4.89358863981508,Scooter,Foggy,High,Metropolitian,False,0,1,0,2708.755088683157,2818.8849229914304,Aumento_Velocidade,1
pedido_2702.596448315513_661,129.75235611527398,129.83556466705596,114.83556466705596,4.8616832455341985,5,4.478159154561314,Moto,Windy,Jam,Metropolitian,True,0,1,0,2702.596448315513,2822.432012982569,Aumento_Velocidade,1
pedido_2722.1545698255313_671,104.68946350435597,86.61364954102162,86.61364954102162,14.949871779715794,15,5.0,Scooter,Stormy,Low,Metropolitian,True,0,0,0,2722.1545698255313,2823.768219366553,Nenhuma,1
pedido_2701.9772666691038_660,132.65488063328652,128.7419120752421,113.74191207524211,3.9631700790435,10,4.858764963580681,Moto,Sandstorms,High,Metropolitian,False,0,1,0,2701.9772666691038,2825.7191787443458,Aumento_Velocidade,1
pedido_2699.4850303466105_658,141.90398567706964,129.14235953000033,114.14235953000033,11.56976289739673,15,4.67413579801979,Scooter,Foggy,Medium,Urban,False,0,0,0,2699.4850303466105,2828.627389876611,Rota_Reduzida,1
pedido_2705.2938697500267_664,135.93395939352422,123.88061217785832,108.88061217785832,6.210528321656722,15,4.706044404515379,Scooter,Windy,Medium,Metropolitian,False,0,0,0,2705.2938697500267,2829.174481927885,Rota_Reduzida,1
pedido_2703.9092576624616_662,141.83276993998214,132.5614401349967,117.5614401349967,12.337164829026097,10,4.800896379507847,Scooter,Foggy,High,Metropolitian,False,0,1,0,2703.9092576624616,2831.4706977974583,Aumento_Velocidade,1
pedido_2709.320506437842_666,133.55517697233114,123.06255144496674,108.06255144496674,12.415088298039953,15,4.796879056580352,Moto,Stormy,Medium,Metropolitian,False,0,0,0,2709.320506437842,2832.3830578828088,Rota_Reduzida,1
pedido_2698.4628964360927_657,134.94826940247617,131.6364326344671,131.6364326344671,15.300912606672057,5,4.806154068017455,Van,Sandstorms,High,Urban,True,0,1,0,2698.4628964360927,2835.0993290705596,Nenhuma,0
pedido_2768.9139083168766_696,93.88825425472693,67.30317216304654,52.30317216304654,3.6169341949057827,15,4.6338305862210785,Moto,Sunny,Medium,Metropolitian,False,0,0,1,2768.9139083168766,2836.217080479923,Rota_Reduzida,1
pedido_2712.8311748953092_668,132.00750265937117,128.07875673183622,113.07875673183622,2.1409500873396197,15,4.492077257044011,Moto,Foggy,High,Urban,False,0,1,0,2712.8311748953092,2840.9099316271454,Aumento_Velocidade,1
pedido_2720.3085326693904_670,110.26757345505357,105.99720095089475,105.99720095089475,11.743238655465834,15,4.861095863449326,Moto,Foggy,Low,Metropolitian,False,0,0,0,2720.3085326693904,2841.305733620285,Nenhuma,1
pedido_2739.2296332297974_678,128.12096350786683,113.7926800299869,98.7926800299869,5.88891142653779,5,4.473413040317318,Scooter,Foggy,Medium,Metropolitian,False,0,0,0,2739.2296332297974,2843.0223132597844,Rota_Reduzida,1
pedido_2725.7527145126446_672,132.23883538428598,130.24842258476082,115.24842258476082,15.469612995671838,5,4.836716380923091,Scooter,Stormy,Medium,Metropolitian,False,0,0,0,2725.7527145126446,2846.0011370974053,Rota_Reduzida,1
pedido_2710.8937943512847_667,119.63920420981316,121.01207862281058,121.01207862281058,17.514111691702638,15,4.585497186562639,Moto,Sunny,Low,Metropolitian,True,0,0,1,2710.8937943512847,2846.9058729740955,Nenhuma,0
pedido_2664.084367521402_642,188.55345101485022,179.64022745767522,179.64022745767522,16.324708876383703,5,4.282779129330018,Van,Foggy,High,Metropolitian,False,0,1,0,2664.084367521402,2848.724594979077,Nenhuma,0
pedido_2735.516966200538_676,141.86666900874638,123.34394041191842,108.34394041191842,12.879350799838328,5,4.983990589082435,Scooter,Sandstorms,Jam,Metropolitian,False,0,1,0,2735.516966200538,2848.8609066124563,Aumento_Velocidade,1
pedido_2766.0069737961185_693,106.65221548234197,93.10302094465594,78.10302094465594,14.807739953640937,5,4.526584819295435,Moto,Sunny,High,Metropolitian,False,0,1,1,2766.0069737961185,2849.1099947407743,Aumento_Velocidade,1
pedido_2750.129788220679_683,101.871266215278,100.66267434230498,85.66267434230498,16.39797062369341,15,4.655923838086518,Scooter,Sunny,High,Metropolitian,False,0,1,1,2750.129788220679,2850.792462562984,Aumento_Velocidade,1
pedido_2789.511981037931_711,93.88825425472693,67.07052902743337,52.070529027433366,3.5301266427803104,10,4.609015253539806,Moto,Sunny,Medium,Metropolitian,False,0,0,1,2789.511981037931,2851.582510065364,Rota_Reduzida,1
pedido_2737.2686533977926_677,133.29489237256897,120.79112936921649,105.79112936921649,11.576035600721175,10,4.791266394688892,Moto,Windy,High,Metropolitian,False,0,1,0,2737.2686533977926,2853.059782767009,Aumento_Velocidade,1
pedido_2726.8890497030798_673,144.10189677503547,133.35687453385606,118.35687453385606,19.526801333086233,10,4.742864846370292,Moto,Foggy,Medium,Urban,False,0,0,0,2726.8890497030798,2855.245924236936,Rota_Reduzida,1
pedido_2743.13864418435_680,99.02086244094572,109.20368253926247,109.20368253926247,9.347505444854534,5,4.707737590783367,Scooter,Sunny,Low,Metropolitian,True,0,0,1,2743.13864418435,2857.3423267236126,Nenhuma,1
pedido_2735.2317666858103_675,135.34087709919237,127.39012785903188,112.39012785903188,7.040419098425653,15,4.720891422389007,Moto,Windy,Medium,Metropolitian,False,0,0,0,2735.2317666858103,2862.6218945448422,Rota_Reduzida,1
pedido_2704.7882013215603_663,189.90642348160566,175.98064638629126,160.98064638629126,0.0,5,4.3566290958255305,Scooter,Sunny,High,Metropolitian,False,0,1,1,2704.7882013215603,2870.768847707852,Aumento_Velocidade,0
pedido_2749.7566414312364_682,133.49846318068467,131.436834438476,116.43683443847601,14.799590213124652,5,4.9420232532930966,Scooter,Windy,High,Metropolitian,False,0,1,0,2749.7566414312364,2871.1934758697125,Aumento_Velocidade,1
pedido_2766.8994824657_694,132.11331772948233,109.61424924845797,94.61424924845797,8.693787058256817,10,4.6665163665727984,Scooter,Stormy,Medium,Urban,False,0,0,0,2766.8994824657,2871.513731714158,Rota_Reduzida,1
pedido_2746.357572841047_681,129.2922408826794,110.50724255239828,110.50724255239828,4.286298268092417,15,4.701808948119014,Van,Stormy,High,Metropolitian,False,0,1,0,2746.357572841047,2871.864815393445,Nenhuma,1
pedido_2776.640567523971_702,136.5304568569866,108.45388338755693,93.45388338755693,17.715854961150406,10,4.531647928341333,Scooter,Sandstorms,High,Metropolitian,False,0,1,0,2776.640567523971,2880.094450911528,Aumento_Velocidade,1
pedido_2753.70030423192_686,137.1732497899251,126.52222092178232,111.52222092178232,15.105108365230732,15,5.0,Scooter,Windy,High,Metropolitian,False,0,1,0,2753.70030423192,2880.2225251537025,Aumento_Velocidade,1
pedido_2753.628183180936_685,134.51104555526933,127.47192399863872,112.47192399863872,15.418918814609265,15,4.813841761791009,Scooter,Sandstorms,High,Metropolitian,False,0,1,0,2753.628183180936,2881.100107179575,Aumento_Velocidade,1
pedido_2758.2392697425353_687,135.565608694292,136.56515087645406,121.56515087645406,21.43755596194697,5,4.622630395049577,Scooter,Windy,High,Metropolitian,True,0,1,0,2758.2392697425353,2884.8044206189893,Aumento_Velocidade,0
pedido_2760.019261147725_688,133.59823319933858,111.96347214772248,111.96347214772248,16.463855360955684,15,4.909565852891311,Van,Stormy,Jam,Metropolitian,False,0,1,0,2760.019261147725,2886.9827332954474,Nenhuma,1
pedido_2772.3248500418063_698,131.64209897786156,115.13415601884032,100.13415601884032,0.41706089144179526,15,4.669204312737322,Scooter,Windy,High,Metropolitian,False,0,1,0,2772.3248500418063,2887.4590060606465,Aumento_Velocidade,1
pedido_2764.2855581455897_692,141.8555544194247,124.15750883691572,109.15750883691572,17.97532339223399,15,4.907274515057745,Moto,Sandstorms,Jam,Metropolitian,False,0,1,0,2764.2855581455897,2888.4430669825056,Aumento_Velocidade,1
pedido_2786.707205576836_707,128.79146588073377,111.75738934354032,96.75738934354032,7.241316396796266,5,4.81791668971598,Moto,Sandstorms,Jam,Urban,True,0,1,0,2786.707205576836,2888.464594920376,Aumento_Velocidade,1
pedido_2773.0622504674934_699,130.36519326807837,124.17531216410234,109.17531216410234,0.0,10,4.517847773999888,Moto,Stormy,Medium,Metropolitian,True,0,0,0,2773.0622504674934,2892.2375626315957,Rota_Reduzida,1
pedido_2728.2989402226394_674,170.4597140413901,163.9684562818191,148.9684562818191,1.2612389708665281,15,4.374433265491759,Moto,Windy,High,Metropolitian,False,0,1,0,2728.2989402226394,2892.2673965044587,Aumento_Velocidade,0
pedido_2761.6180636866297_690,127.4117464960537,137.21218557311465,117.21218557311465,6.2357962228670285,15,4.835024543712843,Moto,Stormy,Jam,Semi-Urban,False,0,1,0,2761.6180636866297,2893.8302492597445,Rota_Reduzida,1
pedido_2787.441360173259_708,143.91163808820735,112.72026115767576,97.72026115767576,14.925153393913872,15,4.640137451470001,Moto,Foggy,High,Metropolitian,True,0,1,0,2787.441360173259,2900.161621330935,Aumento_Velocidade,1
pedido_2792.047358726668_712,125.28956694435125,108.88244943937207,93.88244943937207,3.3939971587839466,15,4.455583169143008,Moto,Stormy,High,Metropolitian,False,0,1,0,2792.047358726668,2900.92980816604,Aumento_Velocidade,1
pedido_2817.341471910749_724,127.97192875660949,98.05905409443756,83.05905409443756,7.622819404935777,5,4.809017118706903,Moto,Stormy,Jam,Metropolitian,False,0,1,0,2817.341471910749,2905.4005260051867,Aumento_Velocidade,1
pedido_2764.2734280319405_691,141.49238967247132,143.65667433165032,128.65667433165032,14.054281170321943,15,4.721663175018738,Moto,Sandstorms,Jam,Urban,True,0,1,0,2764.2734280319405,2907.930102363591,Aumento_Velocidade,0
pedido_2775.9427784514137_701,140.4871397671035,137.45660481605358,122.45660481605358,14.594965113175062,10,4.778697490110376,Moto,Foggy,High,Urban,False,0,1,0,2775.9427784514137,2908.3993832674673,Aumento_Velocidade,0
pedido_2775.666585283018_700,137.2476026463726,132.76409683481876,117.76409683481876,12.277741826206096,15,4.852887147145818,Moto,Stormy,Jam,Metropolitian,True,0,1,0,2775.666585283018,2908.4306821178366,Aumento_Velocidade,1
pedido_2788.1974849521266_709,132.92179795105696,130.7979585792885,115.79795857928849,7.051200996697888,5,4.658115432437217,Moto,Foggy,High,Urban,False,0,1,0,2788.1974849521266,2908.9954435314153,Aumento_Velocidade,1
pedido_2779.6300348258933_704,142.69880885257305,141.55273077102183,126.55273077102183,15.025851548036867,10,4.671876694406121,Scooter,Foggy,Medium,Metropolitian,False,0,0,0,2779.6300348258933,2916.182765596915,Rota_Reduzida,0
pedido_2800.0850309605275_714,135.67864389097448,126.6995784574334,111.6995784574334,16.822983038210122,5,4.722194976074203,Scooter,Windy,High,Metropolitian,True,0,1,0,2800.0850309605275,2916.784609417961,Aumento_Velocidade,1
pedido_2782.7518151794743_706,132.83225952499396,134.2260551702535,119.22605517025349,7.322642661858242,15,4.809160835518153,Scooter,Foggy,High,Metropolitian,False,0,1,0,2782.7518151794743,2916.9778703497277,Aumento_Velocidade,1
pedido_2780.9910568067608_705,144.48168443886865,143.29068841183178,128.29068841183178,11.915177219458968,10,4.724852251300562,Moto,Foggy,Medium,Metropolitian,True,0,0,0,2780.9910568067608,2919.2817452185927,Rota_Reduzida,0
pedido_2768.60663625584_695,179.38230857484996,159.36277577366033,144.36277577366033,4.892275641294164,10,4.40459020347349,Moto,Foggy,Jam,Metropolitian,False,0,1,0,2768.60663625584,2922.9694120295003,Aumento_Velocidade,0
pedido_2798.7568637129216_713,128.28269989541243,129.99471523965605,114.99471523965605,4.50453354811773,10,5.0,Moto,Foggy,Medium,Metropolitian,False,0,0,0,2798.7568637129216,2923.751578952578,Rota_Reduzida,1
pedido_2815.194417404571_722,109.64137751947503,98.65257103444696,98.65257103444696,10.452608439658832,10,4.932686318397248,Moto,Foggy,Low,Urban,True,0,0,0,2815.194417404571,2923.846988439018,Nenhuma,1
pedido_2815.187469546736_721,99.5690519280835,94.84499661310097,94.84499661310097,7.89025397399781,15,4.881696160728854,Van,Stormy,Low,Metropolitian,False,0,0,0,2815.187469546736,2925.032466159837,Nenhuma,1
pedido_2800.975992888732_716,143.6605429822904,124.31353062429412,109.31353062429412,14.625155853631085,15,4.909937805265846,Moto,Foggy,High,Urban,True,0,1,0,2800.975992888732,2925.2895235130263,Aumento_Velocidade,1
pedido_2788.269709082721_710,136.54065265011644,144.83212008636764,129.83212008636764,17.66428029446643,10,4.849261148849165,Moto,Windy,Jam,Metropolitian,False,0,1,0,2788.269709082721,2928.1018291690884,Aumento_Velocidade,0
pedido_2883.7396080086287_0,46.17787482076327,30.573405445618526,30.573405445618526,11.943102347402334,15,4.993677405206908,Moto,Windy,Jam,Metropolitian,False,1,1,0,2883.7396080086287,2929.313013454247,Nenhuma,1
pedido_2803.9970169360868_717,136.79375555044086,137.61994539959835,122.61994539959835,13.164453001272914,5,4.802191921940931,Moto,Sandstorms,Medium,Metropolitian,False,0,0,0,2803.9970169360868,2931.616962335685,Rota_Reduzida,0
pedido_2811.5335424265613_719,133.35248395463287,125.44637088938933,110.44637088938933,16.945621805197487,10,4.862061782400201,Scooter,Stormy,Jam,Metropolitian,False,0,1,0,2811.5335424265613,2931.979913315951,Aumento_Velocidade,1
pedido_2888.935975058759_9,47.62035263543977,39.05866683563915,39.05866683563915,14.526661542935939,5,4.724809285752624,Moto,Stormy,Medium,Urban,True,1,0,0,2888.935975058759,2932.9946418943982,Nenhuma,1
pedido_2806.5298325076756_718,137.1053797399156,136.27370828470458,121.27370828470458,6.730023664391171,10,4.9597245605054745,Scooter,Sandstorms,High,Metropolitian,False,0,1,0,2806.5298325076756,2937.8035407923803,Aumento_Velocidade,0
pedido_2817.259151500975_723,133.31368724607952,130.55247966467363,115.55247966467363,11.148866419693896,5,4.733490145338377,Scooter,Sandstorms,High,Urban,False,0,1,0,2817.259151500975,2937.8116311656486,Aumento_Velocidade,1
pedido_2777.7708086523703_703,173.28830141866956,165.329775812973,150.329775812973,0.0,10,4.26448226214753,Moto,Foggy,Medium,Metropolitian,False,0,0,0,2777.7708086523703,2938.100584465343,Rota_Reduzida,0
pedido_2821.2971303514123_725,134.5142525570483,127.2613814745331,112.2613814745331,3.460659971759025,5,4.843776852690436,Moto,Foggy,High,Metropolitian,False,0,1,0,2821.2971303514123,2938.5585118259455,Aumento_Velocidade,1
pedido_2771.114956051748_697,176.55385482189644,167.97988258685788,152.97988258685788,13.395874487802441,15,4.428235678527365,Moto,Sunny,High,Metropolitian,True,0,1,1,2771.114956051748,2939.094838638606,Aumento_Velocidade,0
pedido_2814.577624403171_720,131.3338440532356,128.07990721045954,113.07990721045954,4.407433540252978,15,4.652001073899867,Moto,Stormy,Medium,Urban,True,0,0,0,2814.577624403171,2942.6575316136305,Rota_Reduzida,1
pedido_2900.683466069947_13,43.27671552237331,34.900717550772846,34.900717550772846,9.439432384650328,15,4.502733659894189,Scooter,Sunny,Jam,Metropolitian,False,1,1,1,2900.683466069947,2950.5841836207196,Nenhuma,1
pedido_2761.3424229753523_689,174.66712890288858,180.0151598522625,180.0151598522625,6.922606776863752,10,4.232850943493601,Van,Stormy,High,Urban,False,0,1,0,2761.3424229753523,2951.357582827615,Nenhuma,0
pedido_2927.601804678074_32,46.053891286787234,23.72266026038784,23.72266026038784,3.060041742150057,10,4.6917697843048805,Moto,Windy,High,Metropolitian,False,1,1,0,2927.601804678074,2961.324464938462,Nenhuma,1
pedido_2887.852780359497_5,98.3942738599613,75.45837606143179,60.45837606143179,12.4461189592573,15,4.628130284256277,Scooter,Sunny,Medium,Metropolitian,False,0,0,1,2887.852780359497,2963.311156420929,Rota_Reduzida,1
pedido_2926.7086848170593_30,46.8940681242417,43.63857203305287,43.63857203305287,11.413245486563635,5,4.54720453970762,Moto,Windy,High,Metropolitian,False,1,1,0,2926.7086848170593,2975.347256850112,Nenhuma,1
pedido_2884.807228518598_1,133.0196758514353,96.0574585664913,81.0574585664913,15.879990379766298,10,4.704708583579832,Moto,Windy,High,Urban,False,0,1,0,2884.807228518598,2975.8646870850894,Aumento_Velocidade,1
pedido_2886.553871296548_3,102.85208854440562,74.44550858311331,74.44550858311331,4.465518707902707,15,4.6975857113218,Moto,Sandstorms,Low,Metropolitian,True,0,0,0,2886.553871296548,2975.9993798796613,Nenhuma,1
pedido_2929.837912982837_36,35.88212409147161,32.01873990143791,32.01873990143791,7.652954539710123,15,4.884596370528825,Moto,Sunny,Medium,Metropolitian,False,1,0,1,2929.837912982837,2976.8566528842753,Nenhuma,1
pedido_2904.733284258574_16,102.31866862853138,84.53150495912959,69.53150495912959,12.351675748275609,15,5.0,Moto,Sunny,High,Metropolitian,False,0,1,1,2904.733284258574,2989.2647892177033,Aumento_Velocidade,1
pedido_2907.5338839363853_19,101.09283305925594,77.67007014151353,77.67007014151353,4.078131405103638,5,4.797906023355736,Scooter,Stormy,Low,Metropolitian,False,0,0,0,2907.5338839363853,2990.2039540778987,Nenhuma,1
pedido_2952.754359543876_53,45.78543819027716,28.668606116772168,28.668606116772168,2.902667390482773,10,4.961854313385507,Van,Foggy,Jam,Urban,True,1,1,0,2952.754359543876,2991.422965660648,Nenhuma,1
pedido_2914.4103937499613_22,94.74006854850781,87.76042845802355,72.76042845802355,7.2161036390691145,5,4.889392956816425,Scooter,Sunny,High,Urban,False,0,1,1,2914.4103937499613,2992.1708222079847,Aumento_Velocidade,1
pedido_2800.6536967339134_715,197.00083310834543,194.11364887663458,179.11364887663458,14.009990778514803,15,4.403709657369505,Scooter,Sandstorms,Jam,Metropolitian,False,0,1,0,2800.6536967339134,2994.767345610548,Aumento_Velocidade,0
pedido_2887.922857459752_6,101.16819211463194,100.08924268137314,100.08924268137314,4.925075756414107,10,4.537748446071616,Scooter,Windy,Low,Urban,False,0,0,0,2887.922857459752,2998.012100141125,Nenhuma,1
pedido_2827.1339788171986_726,192.63562263350377,177.11341986107516,162.11341986107516,7.331393952557551,10,4.340677537694995,Moto,Sunny,High,Metropolitian,False,0,1,1,2827.1339788171986,2999.247398678274,Aumento_Velocidade,0
pedido_2902.5909142717173_14,127.08321730319318,104.01037403617448,89.01037403617448,2.646928907975987,10,4.905833489168161,Moto,Sandstorms,Jam,Metropolitian,True,0,1,0,2902.5909142717173,3001.601288307892,Aumento_Velocidade,1
pedido_2888.159444817143_8,130.11654310700618,98.55027728649736,98.55027728649736,3.391261736421015,15,4.768189899593417,Van,Sandstorms,High,Metropolitian,True,0,1,0,2888.159444817143,3001.7097221036406,Nenhuma,1
pedido_2898.8521846535837_12,141.9552792539263,111.11587107067928,96.11587107067928,19.43413081830743,15,4.5079841113034025,Moto,Foggy,High,Metropolitian,False,0,1,0,2898.8521846535837,3009.9680557242627,Aumento_Velocidade,1
pedido_2886.7890905491035_4,142.6028216612111,131.5298216624172,116.52982166241719,17.261500996835306,10,5.0,Moto,Sandstorms,Jam,Metropolitian,False,0,1,0,2886.7890905491035,3013.318912211521,Aumento_Velocidade,1
pedido_2915.8416310564426_23,103.95994351791434,88.80288161127643,88.80288161127643,9.78503305255871,10,4.622899116865253,Scooter,Sunny,Low,Metropolitian,False,0,0,1,2915.8416310564426,3014.644512667719,Nenhuma,1
pedido_2906.415251541707_17,132.92179795105696,113.247996000608,98.247996000608,6.632094112801353,15,4.695789629778568,Moto,Foggy,High,Metropolitian,False,0,1,0,2906.415251541707,3019.6632475423153,Aumento_Velocidade,1
pedido_2888.085978641664_7,123.88002187360291,137.79544028368423,122.79544028368423,3.036600608670639,10,4.668474086912489,Scooter,Sandstorms,Jam,Urban,False,0,1,0,2888.085978641664,3020.881418925348,Aumento_Velocidade,0
pedido_2886.417953269595_2,135.68232385306356,135.84418253515642,120.84418253515642,5.076401603597505,15,4.697453418325044,Scooter,Stormy,Medium,Metropolitian,False,0,0,0,2886.417953269595,3022.2621358047513,Rota_Reduzida,0
pedido_2973.5511647780836_70,46.64802602868363,44.22536552993378,44.22536552993378,0.0,5,4.799296519194263,Moto,Stormy,Jam,Metropolitian,True,1,1,0,2973.5511647780836,3022.7765303080173,Nenhuma,1
pedido_2926.4262833191506_29,101.7402397208597,81.98814922557192,81.98814922557192,12.686174295489671,15,5.0,Scooter,Stormy,Low,Urban,False,0,0,0,2926.4262833191506,3023.4144325447223,Nenhuma,1
pedido_2897.761727380961_11,127.77893736758784,131.82686844696306,116.82686844696306,6.735884253145944,10,4.620352483506171,Moto,Sandstorms,Jam,Metropolitian,False,0,1,0,2897.761727380961,3024.588595827924,Aumento_Velocidade,1
pedido_2890.120761756322_10,134.12547944357516,135.10715461258732,120.10715461258732,5.1042728179543975,15,4.65403485676495,Scooter,Foggy,High,Metropolitian,False,0,1,0,2890.120761756322,3025.227916368909,Aumento_Velocidade,0
pedido_2904.586365628909_15,134.12616390771282,121.94285837757997,106.94285837757997,14.57230301899705,15,4.917661239504045,Scooter,Stormy,Medium,Metropolitian,False,0,0,0,2904.586365628909,3026.5292240064887,Rota_Reduzida,1
pedido_2920.050447752286_25,122.2983036462532,119.45236479939408,104.45236479939408,4.2252288359159955,5,4.859753921491032,Moto,Stormy,Jam,Metropolitian,False,0,1,0,2920.050447752286,3029.50281255168,Aumento_Velocidade,1
pedido_2906.639223054668_18,127.4342260613139,122.9100480604647,107.9100480604647,7.961655077570118,15,4.6871345008367635,Moto,Sandstorms,Jam,Metropolitian,False,0,1,0,2906.639223054668,3029.549271115133,Aumento_Velocidade,1
pedido_2911.559119399843_20,128.14531783803307,131.25711967653146,116.25711967653146,2.823024584608527,5,4.451997469711822,Moto,Windy,High,Metropolitian,False,0,1,0,2911.559119399843,3032.8162390763746,Aumento_Velocidade,1
pedido_2925.5236447778348_28,126.55100793384632,121.24840541913322,106.24840541913322,5.074751586154427,5,4.645887925413943,Scooter,Stormy,High,Urban,True,0,1,0,2925.5236447778348,3036.772050196968,Aumento_Velocidade,1
pedido_2979.9535160596124_74,47.33974285798752,42.5596525157234,42.5596525157234,13.075670687095169,15,4.505577232314729,Moto,Stormy,High,Metropolitian,True,1,1,0,2979.9535160596124,3037.513168575336,Nenhuma,1
pedido_2955.972246736668_56,101.08042258277592,77.22858385355468,77.22858385355468,3.285406187343991,5,4.540842319343998,Moto,Windy,Low,Metropolitian,False,0,0,0,2955.972246736668,3038.2008305902223,Nenhuma,1
pedido_2913.8050083480175_21,103.91120611706167,114.41543666895069,114.41543666895069,16.443712243124075,10,4.472746191109367,Moto,Stormy,Low,Metropolitian,False,0,0,0,2913.8050083480175,3038.2204450169684,Nenhuma,1
pedido_2929.585833305118_35,132.52982290415653,122.59757193396075,107.59757193396075,0.0,5,4.914845559422276,Scooter,Sandstorms,Medium,Metropolitian,True,0,0,0,2929.585833305118,3042.1834052390786,Rota_Reduzida,1
pedido_2929.162121252543_34,129.88631104630758,118.79109365511403,103.79109365511403,13.418613738194512,10,4.656293063296708,Moto,Stormy,High,Metropolitian,False,0,1,0,2929.162121252543,3042.9532149076567,Aumento_Velocidade,1
pedido_2968.749753286721_66,103.94892981581488,80.94891996024282,65.94891996024282,18.341973246597714,10,4.63861008380503,Scooter,Sunny,Medium,Metropolitian,False,0,0,1,2968.749753286721,3044.6986732469636,Rota_Reduzida,1
pedido_2936.461156825087_39,135.28442854694396,120.7084208047344,105.7084208047344,10.564156642982413,5,4.857735188749772,Scooter,Stormy,Jam,Urban,False,0,1,0,2936.461156825087,3047.1695776298216,Aumento_Velocidade,1
pedido_2961.361351772224_60,93.82106347204243,91.07717111581138,76.07717111581138,0.0,10,4.642646341229938,Moto,Sunny,Medium,Metropolitian,False,0,0,1,2961.361351772224,3047.4385228880355,Rota_Reduzida,1
pedido_2981.8054294115686_77,104.58431356389387,67.9186019490523,52.9186019490523,10.349838455128644,15,4.991559372182006,Moto,Sunny,High,Urban,True,0,1,1,2981.8054294115686,3049.7240313606208,Aumento_Velocidade,1
pedido_2942.068727114377_45,129.62161909746024,108.36916915084542,93.36916915084542,19.233176149128223,15,4.829361075276486,Scooter,Windy,Medium,Other,False,0,0,0,2942.068727114377,3050.437896265222,Rota_Reduzida,1
pedido_2938.376118899281_40,130.5357302082129,119.29825046079372,104.29825046079372,18.164618632826606,10,4.618945035988863,Moto,Stormy,High,Metropolitian,False,0,1,0,2938.376118899281,3052.6743693600747,Aumento_Velocidade,1
pedido_2921.4519382182084_26,138.1098053206383,141.57304376379716,126.57304376379716,20.387485708754078,5,4.781657536952323,Scooter,Windy,High,Metropolitian,True,0,1,0,2921.4519382182084,3053.0249819820056,Aumento_Velocidade,0
pedido_2951.457949176391_52,110.05350976389829,112.47816817248156,97.47816817248156,16.10304054615733,5,4.677289048686749,Moto,Sunny,Jam,Urban,False,0,1,1,2951.457949176391,3053.936117348873,Aumento_Velocidade,1
pedido_2960.658250760775_58,102.7988075405045,78.49472967508802,78.49472967508802,4.581654167475001,15,4.835844161580431,Moto,Windy,Low,Urban,False,0,0,0,2960.658250760775,3054.152980435863,Nenhuma,1
pedido_2972.078919149317_69,102.38665475488781,94.84853489445334,79.84853489445334,15.922331991989193,5,4.596118873534056,Moto,Sunny,High,Metropolitian,False,0,1,1,2972.078919149317,3056.92745404377,Aumento_Velocidade,1
pedido_2944.481917355954_46,101.12444768513004,99.00952174122364,99.00952174122364,4.94474138416221,15,4.508811443991987,Moto,Foggy,Low,Metropolitian,True,0,0,0,2944.481917355954,3058.4914390971776,Nenhuma,1
pedido_2941.269124678822_42,125.54358082714695,128.49650867055692,113.49650867055692,8.867806634663186,5,4.463286885157057,Moto,Foggy,Medium,Metropolitian,False,0,0,0,2941.269124678822,3059.765633349379,Rota_Reduzida,1
pedido_2947.6796406633152_49,131.85230941732516,114.33594780657984,99.33594780657984,6.184031847369732,15,4.640999856933624,Scooter,Sandstorms,High,Urban,False,0,1,0,2947.6796406633152,3062.015588469895,Aumento_Velocidade,1
pedido_2916.631969327867_24,136.3509364806874,148.01524245779115,133.01524245779115,19.080760114380332,15,4.642905800236397,Moto,Windy,Jam,Metropolitian,False,0,1,0,2916.631969327867,3064.6472117856583,Aumento_Velocidade,0
pedido_2940.505229583084_41,141.76645603922825,129.2176966809717,114.2176966809717,13.278953760918352,10,5.0,Moto,Foggy,High,Metropolitian,False,0,1,0,2940.505229583084,3064.722926264056,Aumento_Velocidade,1
pedido_2933.3890033937982_38,134.88987722351345,139.3469855580203,124.3469855580203,16.760016880946377,10,4.68575959483342,Moto,Windy,Jam,Metropolitian,False,0,1,0,2933.3890033937982,3067.7359889518184,Aumento_Velocidade,0
pedido_2957.5297268808254_57,134.82258544930943,115.6586727122121,100.6586727122121,17.13359174169492,10,4.87905672513012,Moto,Sandstorms,High,Metropolitian,False,0,1,0,2957.5297268808254,3068.1883995930375,Aumento_Velocidade,1
pedido_2961.2587012304857_59,141.5061297431461,112.18735952124324,97.18735952124324,12.997461670072154,10,4.740282020023157,Moto,Foggy,High,Metropolitian,False,0,1,0,2961.2587012304857,3068.446060751729,Aumento_Velocidade,1
pedido_2942.0062544141033_43,133.65496545831928,134.19112382829454,119.19112382829454,10.9396521599901,10,4.527183895269989,Moto,Windy,High,Metropolitian,True,0,1,0,2942.0062544141033,3071.197378242398,Aumento_Velocidade,1
pedido_2984.1881973769273_79,105.8662279948134,97.07170465921364,82.07170465921364,5.3862349921153365,5,4.466831343893054,Moto,Sunny,High,Metropolitian,False,0,1,1,2984.1881973769273,3071.259902036141,Aumento_Velocidade,1
pedido_2955.659639906792_55,129.7058500119542,115.95694029030483,100.95694029030483,6.893505879918886,15,4.889304609144225,Moto,Sandstorms,Jam,Urban,True,0,1,0,2955.659639906792,3071.616580197097,Aumento_Velocidade,1
pedido_2950.5551404001035_51,135.8251700970151,122.1168788588146,107.1168788588146,14.641975687012257,15,4.611698558100945,Scooter,Windy,Jam,Metropolitian,False,0,1,0,2950.5551404001035,3072.672019258918,Aumento_Velocidade,1
pedido_2928.579116011401_33,140.96691438413583,154.41993697406326,139.41993697406326,13.707742525837999,5,4.808691421000226,Scooter,Foggy,High,Urban,False,0,1,0,2928.579116011401,3072.999052985464,Aumento_Velocidade,0
pedido_2963.8597414108494_64,124.91753633274192,115.9428369897128,100.9428369897128,0.0,10,4.551448820842167,Scooter,Sandstorms,Jam,Metropolitian,False,0,1,0,2963.8597414108494,3074.802578400562,Aumento_Velocidade,1
pedido_2970.282166164116_67,131.0018788877529,115.89397168741367,100.89397168741367,11.701461211453555,5,4.57698530045107,Moto,Stormy,High,Metropolitian,False,0,1,0,2970.282166164116,3076.17613785153,Aumento_Velocidade,1
pedido_2942.0652292313725_44,116.74128667513625,119.29074456980925,119.29074456980925,10.339140224755159,15,4.71853248270348,Van,Sunny,Low,Metropolitian,False,0,0,1,2942.0652292313725,3076.355973801182,Nenhuma,1
pedido_2963.67958116838_63,129.4306379683732,113.20805463340577,98.20805463340577,15.454748529207732,15,4.854260043577082,Moto,Stormy,High,Metropolitian,False,0,1,0,2963.67958116838,3076.887635801786,Aumento_Velocidade,1
pedido_2976.338986665807_71,132.63720583415972,105.8950233481524,90.8950233481524,7.126437169043355,15,4.496190058595919,Scooter,Stormy,Medium,Metropolitian,False,0,0,0,2976.338986665807,3082.2340100139595,Rota_Reduzida,1
pedido_2955.3621272172804_54,132.7275327771187,132.9891857535774,117.9891857535774,13.935653840063218,10,4.793473818616587,Moto,Stormy,Medium,Metropolitian,False,0,0,0,2955.3621272172804,3083.3513129708576,Rota_Reduzida,1
pedido_3042.2659250122824_113,45.07910023698427,31.251527009565336,31.251527009565336,14.393478121233352,10,4.828528006143642,Van,Stormy,Medium,Metropolitian,False,1,0,0,3042.2659250122824,3083.517452021848,Nenhuma,1
pedido_2962.660948203566_62,102.35970845081678,105.93323363606522,105.93323363606522,19.029444937605206,15,4.6031612836530265,Van,Sunny,High,Metropolitian,False,0,1,1,2962.660948203566,3083.5941818396313,Nenhuma,1
pedido_2948.1456673172925_50,136.82059433233445,131.6044361397043,131.6044361397043,12.330086312752632,5,4.774224908476524,Van,Windy,Medium,Metropolitian,True,0,0,0,2948.1456673172925,3084.750103456997,Nenhuma,0
pedido_2962.598864944175_61,151.57962106620593,136.20818619597773,121.20818619597773,12.653997743663368,5,4.940796415754071,Moto,Foggy,Jam,Metropolitian,True,0,1,0,2962.598864944175,3088.807051140153,Aumento_Velocidade,0
pedido_2964.0892985781243_65,132.09485236494498,136.18222279303228,121.18222279303228,9.022499678290616,5,4.875812219085809,Moto,Windy,High,Metropolitian,False,0,1,0,2964.0892985781243,3090.2715213711567,Aumento_Velocidade,0
pedido_3044.1406656089657_116,43.617987583656884,37.81542654726179,37.81542654726179,6.082038554260065,10,4.713933385620863,Van,Foggy,High,Metropolitian,False,1,1,0,3044.1406656089657,3091.9560921562274,Nenhuma,1
pedido_2978.3257857596136_73,137.37960303874803,115.07643835527625,100.07643835527625,15.28905735503905,15,4.926426066498288,Moto,Stormy,Jam,Metropolitian,True,0,1,0,2978.3257857596136,3093.40222411489,Aumento_Velocidade,1
pedido_3011.0802119654545_93,102.97077709614244,95.67091142539891,80.67091142539891,17.707921529978748,5,4.762530255880649,Moto,Sunny,High,Urban,False,0,1,1,3011.0802119654545,3096.7511233908535,Aumento_Velocidade,1
pedido_2983.527791654453_78,127.1078617314641,113.87557156806062,98.87557156806062,1.1856915793306149,15,4.892382618050521,Scooter,Windy,Jam,Metropolitian,False,0,1,0,2983.527791654453,3097.4033632225132,Aumento_Velocidade,1
pedido_2981.542206696647_76,126.28014212355522,127.28120891628257,107.28120891628257,12.003278795046596,10,4.5585811101299125,Moto,Sandstorms,High,Other,False,0,1,0,2981.542206696647,3098.8234156129297,Rota_Reduzida,1
pedido_2945.11195245611_47,172.84118440442353,161.8908112953873,146.8908112953873,4.892184066552012,10,4.4402247430806945,Moto,Stormy,Medium,Metropolitian,False,0,0,0,2945.11195245611,3102.0027637514972,Rota_Reduzida,0
pedido_2976.9981932567994_72,133.56244620912418,125.59026473717816,110.59026473717816,11.927407635850278,15,4.676200733938782,Moto,Sandstorms,High,Urban,False,0,1,0,2976.9981932567994,3102.5884579939775,Aumento_Velocidade,1
pedido_2989.4385100311765_80,133.25281920050452,123.18532613136014,108.18532613136014,11.681970404992917,5,4.81097702382877,Scooter,Stormy,Medium,Metropolitian,False,0,0,0,2989.4385100311765,3102.6238361625365,Rota_Reduzida,1
pedido_2945.428239072452_48,142.83289334660017,167.77631102587029,152.77631102587029,20.204020801638592,5,4.79414455115845,Moto,Foggy,High,Metropolitian,False,0,1,0,2945.428239072452,3103.204550098322,Aumento_Velocidade,0
pedido_3018.1785801515866_99,100.12355600542897,75.05622491763631,75.05622491763631,4.669611150025453,10,4.705932139451091,Moto,Foggy,Low,Metropolitian,False,0,0,0,3018.1785801515866,3103.234805069223,Nenhuma,1
pedido_2923.33379786857_27,185.83590190739548,190.43915188466022,175.43915188466022,15.255918400901928,5,4.430764351270128,Moto,Sandstorms,High,Metropolitian,False,0,1,0,2923.33379786857,3103.77294975323,Aumento_Velocidade,0
pedido_2992.8294276714323_81,127.89176257409241,112.3602018446699,97.3602018446699,6.561322429166112,15,4.82275454877283,Scooter,Stormy,High,Urban,True,0,1,0,2992.8294276714323,3105.1896295161023,Aumento_Velocidade,1
pedido_2971.5862890638364_68,133.08394307396352,139.77221107085387,124.77221107085387,9.54314781428046,10,4.757228837370032,Scooter,Windy,High,Metropolitian,False,0,1,0,2971.5862890638364,3106.35850013469,Aumento_Velocidade,0
pedido_2930.6845203486305_37,166.27682407624596,171.61787974880028,171.61787974880028,15.269455175134443,5,4.174027392310162,Moto,Windy,Low,Urban,False,0,0,0,2930.6845203486305,3107.3024000974306,Nenhuma,0
pedido_3068.2218512833574_135,44.08632082862744,30.756574049466607,30.756574049466607,11.861874556017797,10,5.0,Moto,Stormy,Jam,Metropolitian,False,1,1,0,3068.2218512833574,3108.978425332824,Nenhuma,1
pedido_2981.5376439945817_75,133.34913206797495,138.4826280561349,123.4826280561349,15.35092587136475,5,4.8072051933647835,Moto,Windy,High,Metropolitian,False,0,1,0,2981.5376439945817,3110.020272050717,Aumento_Velocidade,0
pedido_3032.2212876427066_107,98.99669493924114,78.03517661993183,63.03517661993183,8.647735102756293,15,4.887962619170146,Scooter,Sunny,Jam,Metropolitian,False,0,1,1,3032.2212876427066,3110.2564642626385,Aumento_Velocidade,1
pedido_2996.665918939284_82,131.4826588935049,127.33780897778018,112.33780897778018,1.7190547343786045,5,4.4918959878417,Scooter,Sandstorms,Medium,Metropolitian,True,0,0,0,2996.665918939284,3114.003727917064,Rota_Reduzida,1
pedido_3048.222694728882_118,101.06225407124155,78.2777137089291,63.2777137089291,0.12152364836474838,5,4.587462582188792,Moto,Sunny,Jam,Metropolitian,True,0,1,1,3048.222694728882,3116.500408437811,Aumento_Velocidade,1
pedido_2926.929938292073_31,186.44538117317242,180.187524202898,180.187524202898,15.142706956928555,10,4.382192824914208,Van,Windy,Medium,Metropolitian,True,0,0,0,2926.929938292073,3117.1174624949713,Nenhuma,0
pedido_3006.3062090873004_90,132.64151684470485,116.66102266316614,101.66102266316614,16.652468764151813,10,4.594825320725703,Scooter,Windy,High,Metropolitian,False,0,1,0,3006.3062090873004,3117.9672317504665,Aumento_Velocidade,1
pedido_3007.9878667370936_92,134.95534409295462,115.7427745599075,100.7427745599075,13.829454758156,10,4.648707844839543,Moto,Sandstorms,High,Metropolitian,False,0,1,0,3007.9878667370936,3118.730641297001,Aumento_Velocidade,1
pedido_3035.946916508173_109,96.65259164926118,88.29203805769137,73.29203805769137,1.5557511796816108,10,4.87949391355929,Moto,Sunny,Medium,Metropolitian,False,0,0,1,3035.946916508173,3119.238954565865,Rota_Reduzida,1
pedido_3042.991239166558_115,99.62808302081272,87.72876846950642,72.72876846950642,6.733556226791845,5,4.918583107949917,Moto,Sunny,Jam,Metropolitian,False,0,1,1,3042.991239166558,3120.7200076360646,Aumento_Velocidade,1
pedido_3003.1680170131826_87,130.1565637841622,124.69740975001227,109.69740975001227,4.446428897257951,10,4.561779924549134,Moto,Sandstorms,High,Metropolitian,True,0,1,0,3003.1680170131826,3122.865426763195,Aumento_Velocidade,1
pedido_3027.4021310568023_103,129.36101408685738,106.10320661568078,91.10320661568078,16.213858752584212,5,4.6978571761599035,Scooter,Stormy,High,Urban,False,0,1,0,3027.4021310568023,3123.505337672483,Aumento_Velocidade,1
pedido_3017.967410152555_98,133.57019960096127,117.81136486901377,102.81136486901377,3.030894359587027,5,4.725853294629032,Moto,Windy,Medium,Metropolitian,False,0,0,0,3017.967410152555,3125.778775021569,Rota_Reduzida,1
pedido_3002.3677123151283_84,141.80420422700615,129.61884645453918,114.61884645453918,19.003198188020207,10,4.742238429447188,Scooter,Sandstorms,Jam,Metropolitian,True,0,1,0,3002.3677123151283,3126.9865587696677,Aumento_Velocidade,1
pedido_3000.6562632366818_83,128.0674366789225,138.35542845821954,123.35542845821954,9.23074772171598,5,4.691933534767648,Moto,Stormy,High,Metropolitian,True,0,1,0,3000.6562632366818,3129.0116916949014,Aumento_Velocidade,0
pedido_3097.8447152749873_161,43.929849911585514,21.630159818085193,21.630159818085193,4.674059212550827,10,4.479240638223989,Scooter,Foggy,Medium,Metropolitian,False,1,0,0,3097.8447152749873,3129.4748750930726,Nenhuma,1
pedido_3004.083810240397_88,131.38439433021134,126.23470991105663,111.23470991105663,9.159541903385408,15,4.724926607687669,Moto,Stormy,Medium,Urban,False,0,0,0,3004.083810240397,3130.3185201514534,Rota_Reduzida,1
pedido_3002.3940708298283_85,142.15103644375816,127.94498192104078,112.94498192104078,19.03539670027215,15,4.606289390148955,Scooter,Foggy,High,Metropolitian,False,0,1,0,3002.3940708298283,3130.339052750869,Aumento_Velocidade,1
pedido_3012.9502258790285_96,137.83244339440026,117.87037971954402,102.87037971954402,19.402322399746716,15,4.781904755541191,Scooter,Windy,Medium,Metropolitian,True,0,0,0,3012.9502258790285,3130.8206055985725,Rota_Reduzida,1
pedido_3026.001778575471_102,136.1220671958234,115.08089542335506,100.08089542335506,13.360194324239647,5,4.908736802997605,Moto,Sandstorms,Medium,Metropolitian,False,0,0,0,3026.001778575471,3131.082673998826,Rota_Reduzida,1
pedido_3105.664890770519_167,45.38095470434204,15.495138851536243,15.495138851536243,7.180904987340165,10,5.0,Moto,Sandstorms,High,Metropolitian,False,1,1,0,3105.664890770519,3131.1600296220554,Nenhuma,1
pedido_3012.1664193566553_94,131.7285614227887,119.88523977778934,104.88523977778934,9.712308227736056,15,4.577359314120598,Scooter,Stormy,Medium,Metropolitian,False,0,0,0,3012.1664193566553,3132.0516591344444,Rota_Reduzida,1
pedido_3029.0339967864365_105,133.87638909820663,112.42932998935702,97.42932998935702,15.450273119552408,10,4.482680702730659,Scooter,Windy,High,Metropolitian,True,0,1,0,3029.0339967864365,3136.4633267757936,Aumento_Velocidade,1
pedido_3024.30781830603_101,128.8818462204144,107.20827530805252,107.20827530805252,6.477899702189899,5,4.522687581939434,Van,Foggy,Jam,Metropolitian,False,0,1,0,3024.30781830603,3136.516093614083,Nenhuma,1
pedido_3019.992130760296_100,126.3897141108616,117.0710695644336,102.0710695644336,4.426808011188547,15,4.935410755393828,Moto,Sandstorms,Jam,Urban,False,0,1,0,3019.992130760296,3137.063200324729,Aumento_Velocidade,1
pedido_3002.4235075358883_86,136.79525788356898,145.3172528321947,130.3172528321947,16.25618517852813,5,4.81398764707145,Moto,Stormy,Jam,Metropolitian,True,0,1,0,3002.4235075358883,3137.740760368083,Aumento_Velocidade,0
pedido_3012.3998099481496_95,141.0376539201745,132.7674901870392,117.76749018703919,17.333398414176536,10,4.487772462219286,Moto,Stormy,Jam,Urban,True,0,1,0,3012.3998099481496,3140.1673001351887,Aumento_Velocidade,1
pedido_3038.6344634849834_112,135.67864389097448,108.29297472534107,93.29297472534107,16.926460075442098,10,4.743887310314068,Moto,Windy,High,Metropolitian,True,0,1,0,3038.6344634849834,3141.9274382103245,Aumento_Velocidade,1
pedido_3027.7859658318916_104,127.42475957070357,124.40222372818016,109.40222372818016,8.519898363376209,5,4.55181134056003,Moto,Stormy,Jam,Metropolitian,False,0,1,0,3027.7859658318916,3142.188189560072,Aumento_Velocidade,1
pedido_3006.335122768888_91,143.55628474053216,147.05504594379155,132.05504594379155,16.580048103078827,5,4.871461906099237,Moto,Foggy,High,Urban,True,0,1,0,3006.335122768888,3143.3901687126795,Aumento_Velocidade,0
pedido_3049.8404279174542_120,101.97284760785502,98.585442167334,83.585442167334,11.904239799302289,10,4.699111581310525,Scooter,Sunny,Medium,Urban,False,0,0,1,3049.8404279174542,3143.425870084788,Rota_Reduzida,1
pedido_3065.191900502337_131,99.27905819169862,78.88767166976639,63.88767166976639,6.839491150163694,15,4.801603637234581,Moto,Sunny,Jam,Metropolitian,False,0,1,1,3065.191900502337,3144.0795721721033,Aumento_Velocidade,1
pedido_3092.894010982311_154,45.42725329276554,48.447659091976405,48.447659091976405,15.410935020613104,5,4.658369148089919,Moto,Sandstorms,High,Metropolitian,True,1,1,0,3092.894010982311,3146.3416700742873,Nenhuma,1
pedido_3032.9851067935597_108,99.2807416737673,109.6160353276741,109.6160353276741,3.9140090082632217,5,4.631436127466195,Moto,Foggy,Low,Urban,False,0,0,0,3032.9851067935597,3147.601142121234,Nenhuma,1
pedido_3014.2256738319934_97,132.8917403824662,148.74698583552876,133.74698583552876,10.247140393484347,5,4.961866048792984,Scooter,Stormy,High,Metropolitian,True,0,1,0,3014.2256738319934,3152.9726596675223,Aumento_Velocidade,0
pedido_3036.8618659643366_110,136.37617664587154,128.9596120656487,113.95961206564871,15.224183699671139,5,4.86100226907521,Moto,Windy,High,Metropolitian,True,0,1,0,3036.8618659643366,3155.8214780299854,Aumento_Velocidade,1
pedido_3068.2959632315296_136,101.80302335877538,89.6277566276283,74.6277566276283,10.771583580252068,15,4.508358167815945,Scooter,Sunny,Medium,Metropolitian,False,0,0,1,3068.2959632315296,3157.923719859158,Rota_Reduzida,1
pedido_3066.5915561249294_133,97.27606971477054,81.66835927843529,81.66835927843529,7.4227013148127465,10,4.79287016972413,Scooter,Sunny,Low,Metropolitian,False,0,0,1,3066.5915561249294,3158.2599154033646,Nenhuma,1
pedido_3068.7317731237486_137,99.00138346632308,98.20161795529526,83.20161795529526,4.620464507235038,10,4.825410650398112,Scooter,Sunny,High,Metropolitian,True,0,1,1,3068.7317731237486,3161.9333910790438,Aumento_Velocidade,1
pedido_3054.0361486936167_122,131.89740985108187,120.51289251352712,105.51289251352712,6.931873554092984,5,4.8605409050705655,Scooter,Foggy,High,Metropolitian,True,0,1,0,3054.0361486936167,3164.549041207144,Aumento_Velocidade,1
pedido_3071.175876381315_139,106.17043407199148,99.6387405215303,84.6387405215303,15.693677137046453,10,4.953117069766714,Scooter,Sunny,Medium,Metropolitian,True,0,0,1,3071.175876381315,3165.8146169028455,Rota_Reduzida,1
pedido_3085.556230034655_149,106.65221548234197,84.79004778427696,69.79004778427696,16.329599718152295,15,4.475728088230951,Moto,Sunny,High,Metropolitian,False,0,1,1,3085.556230034655,3170.346277818932,Aumento_Velocidade,1
pedido_3065.105106498436_130,127.8892156391771,107.62646604929176,92.62646604929176,4.536729692702101,15,5.0,Moto,Foggy,Medium,Metropolitian,True,0,0,0,3065.105106498436,3172.7315725477274,Rota_Reduzida,1
pedido_3038.625952900032_111,137.82397385917596,135.01450753010243,120.01450753010243,18.00336261380113,15,4.9817594653470305,Moto,Windy,High,Metropolitian,False,0,1,0,3038.625952900032,3173.6404604301347,Aumento_Velocidade,0
pedido_3051.230184529708_121,135.1209340785815,133.09129610291922,118.09129610291922,12.388905616706882,5,4.818399232557942,Scooter,Sandstorms,High,Urban,False,0,1,0,3051.230184529708,3174.3214806326273,Aumento_Velocidade,1
pedido_3031.737620753933_106,165.8457687317285,142.9642546752161,127.9642546752161,4.229094642374155,15,4.313333066066695,Moto,Sunny,Medium,Urban,True,0,0,1,3031.737620753933,3174.701875429149,Rota_Reduzida,0
pedido_3059.4454332330024_126,141.41503421338032,127.3223700052913,112.3223700052913,13.975247385413244,5,4.662092667270533,Moto,Foggy,High,Metropolitian,False,0,1,0,3059.4454332330024,3176.7678032382937,Aumento_Velocidade,1
pedido_3049.4347325576355_119,125.70712936722668,123.13468428461823,123.13468428461823,0.0,5,4.778753622062426,Van,Foggy,Medium,Metropolitian,False,0,0,0,3049.4347325576355,3177.5694168422538,Nenhuma,0
pedido_3084.12596198662_147,102.40279751354248,93.61846894286593,78.61846894286593,9.32262400762178,15,4.963961025844596,Scooter,Sunny,Jam,Urban,True,0,1,1,3084.12596198662,3177.744430929486,Aumento_Velocidade,1
pedido_3070.769968150434_138,126.12933340011176,107.57975262321133,92.57975262321133,5.878647553205647,15,4.457090728052256,Moto,Sandstorms,Jam,Metropolitian,False,0,1,0,3070.769968150434,3178.3497207736455,Aumento_Velocidade,1
pedido_3108.4229104686196_169,102.39379340670354,80.96823592766124,65.96823592766124,13.3876873202112,5,5.0,Moto,Sunny,High,Urban,False,0,1,1,3108.4229104686196,3179.391146396281,Aumento_Velocidade,1
pedido_3104.0674289957624_166,101.82443410516946,86.89121302363057,71.89121302363057,13.185716589559194,5,4.586160222141042,Moto,Sunny,High,Urban,False,0,1,1,3104.0674289957624,3180.9586420193928,Aumento_Velocidade,1
pedido_3046.1090889546576_117,135.3091974680962,136.7948709197405,121.7948709197405,14.633962452475599,15,4.5235603393938595,Moto,Sandstorms,High,Metropolitian,False,0,1,0,3046.1090889546576,3182.903959874398,Aumento_Velocidade,0
pedido_3064.67691975719_128,130.34432640523391,128.69169340088845,113.69169340088845,16.999079839717623,5,4.800288236741047,Scooter,Stormy,High,Metropolitian,True,0,1,0,3064.67691975719,3183.3686131580785,Aumento_Velocidade,1
pedido_3059.141311400412_124,137.75369299312413,124.49675750773932,109.49675750773932,17.303513759194438,15,5.0,Moto,Stormy,Jam,Metropolitian,False,0,1,0,3059.141311400412,3183.6380689081516,Aumento_Velocidade,1
pedido_3147.5014683225663_195,46.5208212536906,35.54426957532286,35.54426957532286,10.792499222448853,5,4.830981537247156,Scooter,Windy,Jam,Metropolitian,True,1,1,0,3147.5014683225663,3188.045737897889,Nenhuma,1
pedido_3059.2719306507965_125,141.4835569545201,135.1068581192008,115.10685811920081,17.546290601698214,15,4.5393675516820275,Moto,Foggy,Jam,Other,False,0,1,0,3059.2719306507965,3189.3787887699973,Rota_Reduzida,1
pedido_3097.396623727884_159,101.66244587401901,87.09910915632231,87.09910915632231,8.692991537652878,5,4.957089061701517,Moto,Sandstorms,Low,Metropolitian,False,0,0,0,3097.396623727884,3189.4957328842065,Nenhuma,1
pedido_3147.585605414355_196,45.576713216862565,33.74251593854966,33.74251593854966,6.868548648796095,10,4.8180890786466515,Moto,Windy,High,Semi-Urban,False,1,1,0,3147.585605414355,3191.328121352905,Nenhuma,1
pedido_3095.9872986228424_156,122.73866626818854,100.44568258357361,80.44568258357361,7.767678052157574,15,4.89264114696007,Moto,Stormy,High,Other,True,0,1,0,3095.9872986228424,3191.432981206416,Rota_Reduzida,1
pedido_3057.159061796252_123,142.69880885257305,120.46339474709202,120.46339474709202,14.542798040566998,15,4.74637487337813,Van,Foggy,Medium,Semi-Urban,False,0,0,0,3057.159061796252,3192.622456543344,Nenhuma,0
pedido_3071.2414892084385_140,131.70878086914576,121.55410467282664,106.55410467282664,11.080747455209302,15,4.93604906501313,Moto,Stormy,High,Metropolitian,True,0,1,0,3071.2414892084385,3192.795593881265,Aumento_Velocidade,1
pedido_3104.04391710927_165,102.64210980232362,91.80288114845362,76.80288114845362,11.85846920609639,15,4.7502504659175,Scooter,Sunny,High,Metropolitian,False,0,1,1,3104.04391710927,3195.8467982577235,Aumento_Velocidade,1
pedido_3082.3842606593453_145,133.99359719787185,118.81775274927395,103.81775274927395,13.424352558836743,10,4.592763131956775,Moto,Stormy,Medium,Urban,False,0,0,0,3082.3842606593453,3196.202013408619,Rota_Reduzida,1
pedido_3073.2417050250333_143,134.51104555526933,135.50723630891392,120.50723630891392,14.326572618041855,5,4.80321256996534,Moto,Sandstorms,High,Metropolitian,False,0,1,0,3073.2417050250333,3198.748941333947,Aumento_Velocidade,0
pedido_3072.769924548795_141,133.32614467793002,136.25272760192826,121.25272760192826,10.76067034744131,5,4.898764962900122,Scooter,Sandstorms,High,Urban,False,0,1,0,3072.769924548795,3199.0226521507234,Aumento_Velocidade,0
pedido_3061.7494279501575_127,134.1670479409812,134.25695847174188,134.25695847174188,16.371518023623008,5,4.711245681244598,Van,Sandstorms,High,Metropolitian,False,0,1,0,3061.7494279501575,3201.006386421899,Nenhuma,0
pedido_3005.8264537907844_89,176.7488281613606,180.5947210136494,180.5947210136494,4.370142032021487,15,4.383322870429842,Van,Sandstorms,High,Metropolitian,False,0,1,0,3005.8264537907844,3201.4211748044336,Nenhuma,0
pedido_3124.1628515430934_178,95.39972886521163,89.16240791111295,74.16240791111295,0.9504145408177269,5,4.849250011327098,Scooter,Sunny,High,Metropolitian,False,0,1,1,3124.1628515430934,3203.3252594542064,Aumento_Velocidade,1
pedido_3090.764030506462_150,132.0005053184176,118.45850890010078,103.45850890010078,5.884019854135849,10,4.72604105005057,Moto,Sandstorms,High,Metropolitian,False,0,1,0,3090.764030506462,3204.2225394065626,Aumento_Velocidade,1
pedido_3067.6089000382913_134,134.85640868071445,138.24745668478667,123.24745668478667,12.721166888820788,15,4.710784534989879,Moto,Sandstorms,High,Urban,False,0,1,0,3067.6089000382913,3205.856356723078,Aumento_Velocidade,0
pedido_3082.4722825150056_146,133.0196758514353,124.54921094961134,109.54921094961134,14.939988650859636,15,4.706310302853571,Scooter,Windy,High,Metropolitian,False,0,1,0,3082.4722825150056,3207.021493464617,Aumento_Velocidade,1
pedido_3084.7124210651705_148,131.78534608617304,127.52488734085867,112.52488734085867,2.249685228859848,10,4.738539754147543,Moto,Sandstorms,High,Metropolitian,False,0,1,0,3084.7124210651705,3207.237308406029,Aumento_Velocidade,1
pedido_3073.085063671289_142,140.87394499431034,146.07465933844875,131.07465933844875,12.158489315733693,5,4.722291751761395,Scooter,Sandstorms,Jam,Urban,False,0,1,0,3073.085063671289,3209.1597230097377,Aumento_Velocidade,0
pedido_3092.0795368294766_153,132.3166743383046,127.66912834392832,112.66912834392832,9.643548480473719,5,4.467192842211952,Moto,Sandstorms,High,Metropolitian,True,0,1,0,3092.0795368294766,3209.748665173405,Aumento_Velocidade,1
pedido_3066.3534611871664_132,133.56244620912418,134.45228018343275,134.45228018343275,11.465518861386116,10,4.7492166800463185,Van,Sandstorms,High,Metropolitian,False,0,1,0,3066.3534611871664,3210.805741370599,Nenhuma,0
pedido_3078.8164566763535_144,125.78391384243,128.46894096490223,128.46894096490223,0.5018256111842243,5,4.690136244529166,Van,Foggy,High,Other,False,0,1,0,3078.8164566763535,3212.2853976412557,Nenhuma,0
pedido_3106.6866233638384_168,130.14412327669478,106.08061572854102,91.08061572854102,17.948972839413035,15,4.67215160507612,Moto,Stormy,High,Metropolitian,False,0,1,0,3106.6866233638384,3212.7672390923794,Aumento_Velocidade,1
pedido_3093.060431764668_155,134.60343190729034,130.7426073075629,115.7426073075629,16.900137706659528,5,4.584529568281763,Scooter,Windy,Medium,Metropolitian,False,0,0,0,3093.060431764668,3213.803039072231,Rota_Reduzida,1
pedido_3091.4175454341653_152,130.8496042804971,120.50950975469844,120.50950975469844,5.473508418710929,5,4.405985126107244,Moto,Windy,Low,Urban,True,0,0,0,3091.4175454341653,3216.9270551888635,Nenhuma,0
pedido_3126.0470933466913_181,99.52735105208863,76.44677364026207,76.44677364026207,4.7546624954338,15,5.0,Van,Sunny,High,Metropolitian,False,0,1,1,3126.0470933466913,3217.4938669869534,Nenhuma,1
pedido_3096.5265905089436_157,132.36481215780856,135.3387566994972,120.3387566994972,3.2123471742216503,5,4.672781276973929,Moto,Sandstorms,High,Urban,False,0,1,0,3096.5265905089436,3221.8653472084407,Aumento_Velocidade,0
pedido_3064.7840716340747_129,171.43318822092166,163.22664830008034,148.22664830008034,0.0,10,4.443134978048121,Scooter,Windy,Jam,Metropolitian,False,0,1,0,3064.7840716340747,3223.010719934155,Aumento_Velocidade,0
pedido_3112.5222486795296_171,125.70712936722668,116.44233865172468,101.44233865172468,0.0,10,4.839380996757447,Moto,Foggy,Medium,Metropolitian,False,0,0,0,3112.5222486795296,3223.9645873312543,Rota_Reduzida,1
pedido_3132.2658612987875_185,97.84008408921339,79.18794415725148,79.18794415725148,4.970128555785687,15,5.0,Scooter,Foggy,Low,Other,True,0,0,0,3132.2658612987875,3226.453805456039,Nenhuma,1
pedido_3117.483273781535_175,103.78739518149487,109.32169736191727,94.32169736191727,16.48151388784523,15,4.904612932251234,Scooter,Sunny,High,Metropolitian,True,0,1,1,3117.483273781535,3226.8049711434523,Aumento_Velocidade,1
pedido_3103.1866225648223_164,141.49238967247132,137.31677678188194,122.31677678188194,14.608998526610057,5,4.689460785277411,Moto,Sandstorms,Jam,Metropolitian,True,0,1,0,3103.1866225648223,3230.503399346704,Aumento_Velocidade,0
pedido_3042.5443786869337_114,175.2091645256033,193.16985362676832,178.16985362676832,8.790834736726291,10,4.393543534902103,Moto,Stormy,High,Urban,False,0,1,0,3042.5443786869337,3230.714232313702,Aumento_Velocidade,0
pedido_3125.3304909324756_179,131.33124705940475,116.53840725586042,101.53840725586042,8.279460621616439,5,4.567483121787949,Scooter,Foggy,Jam,Metropolitian,False,0,1,0,3125.3304909324756,3231.868898188336,Aumento_Velocidade,1
pedido_3098.893336694306_162,130.95284333168087,128.09193588415286,128.09193588415286,9.337484116451142,5,4.8141895307332545,Van,Windy,Jam,Urban,False,0,1,0,3098.893336694306,3231.985272578459,Nenhuma,0
pedido_3121.2379388409554_176,133.2366472173958,119.086397968021,104.086397968021,0.3561137015305178,10,4.475882756103986,Moto,Foggy,High,Metropolitian,False,0,1,0,3121.2379388409554,3235.3243368089766,Aumento_Velocidade,1
pedido_3096.715926351379_158,151.15192718619014,143.61507678165927,128.61507678165927,10.87341795239077,10,4.825248594511204,Moto,Foggy,Jam,Urban,True,0,1,0,3096.715926351379,3235.3310031330384,Aumento_Velocidade,0
pedido_3116.7936945265556_174,134.7118948686243,135.28987223641093,120.28987223641093,17.92534001214952,5,4.578513176960226,Moto,Windy,Medium,Metropolitian,False,0,0,0,3116.7936945265556,3242.0835667629663,Rota_Reduzida,0
pedido_3150.1637913411696_197,102.77100945330601,86.9534529316539,86.9534529316539,7.038433064273983,5,4.819470246329116,Moto,Windy,Low,Metropolitian,False,0,0,0,3150.1637913411696,3242.1172442728234,Nenhuma,1
pedido_3142.8999464675194_192,103.42555449491033,90.5896215362948,90.5896215362948,15.308951311456767,10,4.68337665351334,Moto,Windy,Low,Metropolitian,False,0,0,0,3142.8999464675194,3243.4895680038144,Nenhuma,1
pedido_3110.063306127619_170,128.08229272549468,144.264848200272,129.264848200272,5.052236402189597,5,4.458965781734802,Moto,Windy,High,Metropolitian,False,0,1,0,3110.063306127619,3244.328154327891,Aumento_Velocidade,0
pedido_3097.5925217971144_160,143.5378421309491,148.22040805464005,133.22040805464005,11.526067928651527,15,4.976637963701115,Scooter,Foggy,Medium,Metropolitian,False,0,0,0,3097.5925217971144,3245.8129298517542,Rota_Reduzida,0
pedido_3133.7412953725197_186,130.8683168448356,112.36696829174481,97.36696829174481,6.086907731618531,15,4.9672033276705285,Moto,Stormy,Jam,Metropolitian,True,0,1,0,3133.7412953725197,3246.1082636642645,Aumento_Velocidade,1
pedido_3123.2683415167003_177,131.08049023965773,123.48013104180947,108.48013104180947,7.746989810179395,15,4.903584252520295,Moto,Sandstorms,High,Urban,False,0,1,0,3123.2683415167003,3246.7484725585095,Aumento_Velocidade,1
pedido_3152.259580895586_200,131.69547513863242,100.38644382079458,85.38644382079458,3.1721347910744173,15,4.530250032000456,Moto,Foggy,High,Metropolitian,True,0,1,0,3152.259580895586,3252.646024716381,Aumento_Velocidade,1
pedido_3114.0174292946544_172,132.02274868357563,130.94489314627106,130.94489314627106,2.435032746991932,10,4.689222845243245,Van,Sandstorms,High,Urban,False,0,1,0,3114.0174292946544,3254.9623224409256,Nenhuma,0
pedido_3150.319755456276_198,135.9931238659827,109.73366206804795,94.73366206804795,4.7292184748244726,10,4.5285821499470345,Moto,Sandstorms,Medium,Metropolitian,True,0,0,0,3150.319755456276,3255.0534175243242,Rota_Reduzida,1
pedido_3137.2801467212184_188,127.96394983580235,119.21458737080502,104.21458737080502,7.038037023678777,15,4.7344020682627415,Moto,Stormy,Jam,Urban,False,0,1,0,3137.2801467212184,3256.4947340920235,Aumento_Velocidade,1
pedido_3141.7870859056748_191,128.54929568720055,121.70271088257806,106.70271088257806,5.402543347530259,10,4.558830546106299,Scooter,Windy,High,Metropolitian,True,0,1,0,3141.7870859056748,3258.489796788253,Aumento_Velocidade,1
pedido_3090.8420905020967_151,187.80540065666122,153.57801380554162,153.57801380554162,15.87827656181636,15,4.368094252855488,Van,Foggy,Medium,Metropolitian,True,0,0,0,3090.8420905020967,3259.420104307638,Nenhuma,0
pedido_3185.8081621403285_225,94.34577866027905,79.48364037641366,64.48364037641366,8.32679257261172,10,4.787561987984241,Moto,Sunny,High,Metropolitian,False,0,1,1,3185.8081621403285,3260.2918025167423,Aumento_Velocidade,1
pedido_3194.423465244409_232,92.16451040155282,76.55453481684026,61.55453481684026,4.328949691176253,5,4.755820537284199,Moto,Sunny,Medium,Other,False,0,0,1,3194.423465244409,3260.978000061249,Rota_Reduzida,1
pedido_3102.7394401911542_163,149.87158312707948,148.5173046156713,148.5173046156713,11.194207996605417,10,4.7320438041446415,Van,Foggy,Jam,Metropolitian,False,0,1,0,3102.7394401911542,3261.2567448068257,Nenhuma,0
pedido_3125.6300503927873_180,151.02971091692942,140.67999127731298,125.67999127731298,14.541310445149685,10,4.629042869266406,Moto,Foggy,Jam,Metropolitian,False,0,1,0,3125.6300503927873,3261.3100416701004,Aumento_Velocidade,0
pedido_3221.8859895854307_258,43.518661810072174,29.424571839325104,29.424571839325104,13.580375675413809,10,4.812889022282918,Moto,Stormy,High,Metropolitian,False,1,1,0,3221.8859895854307,3261.3105614247556,Nenhuma,1
pedido_3128.6039194736913_184,134.77190443665125,133.58413782708493,118.58413782708493,13.504320602211553,15,4.608128550329677,Moto,Stormy,Medium,Metropolitian,True,0,0,0,3128.6039194736913,3262.188057300776,Rota_Reduzida,1
pedido_3126.0779355663226_182,143.48835322826957,147.1628265913277,132.1628265913277,16.45089686011957,5,4.7262407726773485,Scooter,Foggy,Medium,Urban,True,0,0,0,3126.0779355663226,3263.2407621576504,Rota_Reduzida,0
pedido_3179.935703332269_224,101.29554141607021,94.76299106189188,79.76299106189188,14.439482600073537,5,4.929527602937978,Moto,Sunny,High,Metropolitian,False,0,1,1,3179.935703332269,3264.698694394161,Aumento_Velocidade,1
pedido_3153.1052069808843_201,136.1353020414182,113.64353114590045,98.64353114590045,11.785332357714255,15,4.936686277897642,Scooter,Windy,Jam,Metropolitian,False,0,1,0,3153.1052069808843,3266.7487381267847,Aumento_Velocidade,1
pedido_3168.3179985953316_217,107.73452249344439,108.46006621067389,93.46006621067389,10.206176638174979,5,4.835551195713699,Scooter,Sunny,Jam,Metropolitian,False,0,1,1,3168.3179985953316,3266.7780648060057,Aumento_Velocidade,1
pedido_3139.8240894229793_189,136.19112016153323,126.98006038560638,111.98006038560638,7.636445840917267,15,4.960527230712418,Scooter,Foggy,High,Urban,False,0,1,0,3139.8240894229793,3266.804149808586,Aumento_Velocidade,1
pedido_3145.836764578842_193,141.5653798675711,125.41931651093034,110.41931651093034,17.975315617834262,15,4.763474349253371,Scooter,Foggy,High,Metropolitian,False,0,1,0,3145.836764578842,3271.2560810897726,Aumento_Velocidade,1
pedido_3160.323094841725_210,126.77917466406375,111.01513177958049,96.01513177958049,3.7968388238758104,15,4.662987529911851,Moto,Foggy,Jam,Metropolitian,False,0,1,0,3160.323094841725,3271.3382266213052,Aumento_Velocidade,1
pedido_3154.235396879428_203,131.94734146610895,123.80084442112627,108.80084442112627,18.87674753042647,10,4.668550947894419,Moto,Stormy,High,Urban,True,0,1,0,3154.235396879428,3273.0362413005546,Aumento_Velocidade,1
pedido_3156.107300671369_205,135.84998604760034,118.50722661879252,103.50722661879252,8.184197028882126,15,4.950911068859317,Moto,Foggy,High,Urban,True,0,1,0,3156.107300671369,3274.6145272901617,Aumento_Velocidade,1
pedido_3141.5622431914135_190,134.0676041465434,135.9544211506564,120.9544211506564,16.66252187894462,15,4.47658724320643,Moto,Stormy,Medium,Metropolitian,True,0,0,0,3141.5622431914135,3277.51666434207,Rota_Reduzida,0
pedido_3197.9080249292747_234,123.39882070508894,79.99428901943179,64.99428901943179,3.22082119675131,15,4.664626114570802,Scooter,Stormy,Jam,Metropolitian,False,0,1,0,3197.9080249292747,3277.9023139487063,Aumento_Velocidade,1
pedido_3159.934941931048_209,132.31779672230505,123.63232424311519,108.63232424311519,2.6862833416237866,10,4.81302615485521,Moto,Sandstorms,High,Metropolitian,False,0,1,0,3159.934941931048,3278.5672661741633,Aumento_Velocidade,1
pedido_3170.915164909373_219,132.9792662132593,120.16242825825952,105.16242825825952,5.138961836579414,5,5.0,Scooter,Foggy,Jam,Metropolitian,False,0,1,0,3170.915164909373,3281.0775931676326,Aumento_Velocidade,1
pedido_3152.0429718989717_199,135.29210424157844,126.37749486213715,126.37749486213715,20.248866787151538,5,4.946145258588705,Van,Windy,Medium,Urban,False,0,0,0,3152.0429718989717,3283.420466761109,Nenhuma,0
pedido_3167.4361047631164_214,104.51038402819528,111.04260402996688,111.04260402996688,10.7757157794613,5,4.775472393778786,Moto,Stormy,Low,Urban,True,0,0,0,3167.4361047631164,3283.478708793083,Nenhuma,1
pedido_3167.732038560136_215,126.87643170650931,116.82796513363607,101.82796513363607,2.5025490928851224,15,4.935089015502324,Scooter,Foggy,Jam,Metropolitian,False,0,1,0,3167.732038560136,3284.560003693772,Aumento_Velocidade,1
pedido_3116.4642991547935_173,187.9369820726718,170.5020846543182,155.5020846543182,16.323994478785316,15,4.315146127680716,Scooter,Windy,Medium,Urban,False,0,0,0,3116.4642991547935,3286.966383809112,Rota_Reduzida,0
pedido_3179.5293469946573_223,119.7417664384653,97.50988852262053,97.50988852262053,17.317229744577016,10,4.766308004591471,Moto,Sunny,Low,Metropolitian,True,0,0,1,3179.5293469946573,3287.039235517278,Nenhuma,1
pedido_3168.9979250423617_218,142.399854513784,128.11800521451693,113.11800521451693,14.450886918172385,5,4.639672011488909,Scooter,Foggy,Medium,Metropolitian,False,0,0,0,3168.9979250423617,3287.1159302568785,Rota_Reduzida,1
pedido_3157.8247954408116_207,130.66772885552825,139.4935797732584,124.4935797732584,5.471048447759928,5,4.70674261499624,Moto,Sandstorms,High,Metropolitian,True,0,1,0,3157.8247954408116,3287.31837521407,Aumento_Velocidade,0
pedido_3240.9225211927337_272,43.803746833479934,43.250932624094844,43.250932624094844,11.608793920605045,5,4.996177379053678,Moto,Sunny,High,Metropolitian,True,1,1,1,3240.9225211927337,3289.1734538168284,Nenhuma,1
pedido_3158.263959227469_208,137.86490661139985,141.04818882534775,126.04818882534775,7.645748841166403,5,5.0,Moto,Sandstorms,Medium,Metropolitian,True,0,0,0,3158.263959227469,3289.3121480528166,Rota_Reduzida,0
pedido_3194.2852638023737_231,106.40257880920876,106.349982124117,91.349982124117,11.94074818719393,5,4.5165862118744915,Moto,Sunny,High,Urban,False,0,1,1,3194.2852638023737,3290.635245926491,Aumento_Velocidade,1
pedido_3194.966527295648_233,102.67270895318188,97.64302165503601,82.64302165503601,18.851600485728568,15,4.847757220050059,Moto,Sunny,Medium,Metropolitian,False,0,0,1,3194.966527295648,3292.6095489506843,Rota_Reduzida,1
pedido_3157.3276850488314_206,143.79348833965872,140.7574646692521,125.7574646692521,21.62611816643392,10,4.9308315520128465,Moto,Foggy,High,Metropolitian,False,0,1,0,3157.3276850488314,3293.0851497180834,Aumento_Velocidade,0
pedido_3200.189524333987_238,130.5840820227643,94.08855461614075,79.08855461614075,3.906483321838781,15,4.932329485672744,Moto,Windy,High,Metropolitian,False,0,1,0,3200.189524333987,3294.2780789501276,Aumento_Velocidade,1
pedido_3155.5498326895877_204,133.97566805035234,149.48501763756306,134.48501763756306,15.21272649644889,5,4.463452243220126,Moto,Stormy,Medium,Metropolitian,False,0,0,0,3155.5498326895877,3295.0348503271507,Rota_Reduzida,0
pedido_3128.526853753491_183,169.6661095442635,173.5399489737448,158.5399489737448,16.23170396906824,10,4.3761145338818945,Moto,Sunny,Medium,Metropolitian,False,0,0,1,3128.526853753491,3297.066802727236,Rota_Reduzida,0
pedido_3162.8211064010356_211,133.87595194938137,140.2520462522142,125.2520462522142,5.591760113417953,10,4.637683784470698,Scooter,Foggy,High,Metropolitian,False,0,1,0,3162.8211064010356,3298.07315265325,Aumento_Velocidade,0
pedido_3178.209663432942_222,132.4310904506482,125.4362605019652,110.4362605019652,16.87686058400572,10,4.800709285412684,Moto,Stormy,Medium,Metropolitian,False,0,0,0,3178.209663432942,3298.645923934907,Rota_Reduzida,1
pedido_3136.3536740243753_187,174.73924687630227,167.32744653005932,152.32744653005932,5.404759804451087,10,4.416827597011532,Scooter,Windy,Medium,Metropolitian,False,0,0,0,3136.3536740243753,3298.6811205544345,Rota_Reduzida,0
pedido_3166.1686377665524_213,132.02274868357563,138.37782010039908,123.37782010039908,2.4877371951332785,10,4.673545385672044,Moto,Sandstorms,High,Urban,False,0,1,0,3166.1686377665524,3299.5464578669516,Aumento_Velocidade,0
pedido_3247.2523086560354_277,47.44460676506328,38.549217798692595,38.549217798692595,10.413699545981073,15,5.0,Van,Sandstorms,High,Metropolitian,False,1,1,0,3247.2523086560354,3300.801526454728,Nenhuma,1
pedido_3189.2580811379776_228,131.29262799282498,112.36314849954647,97.36314849954647,9.911671840956437,15,4.843442304212299,Scooter,Stormy,Jam,Metropolitian,True,0,1,0,3189.2580811379776,3301.6212296375243,Aumento_Velocidade,1
pedido_3188.786826940513_227,128.38993636279594,113.13843483852634,98.13843483852634,4.957126809932088,15,4.59326134746807,Scooter,Windy,Jam,Metropolitian,False,0,1,0,3188.786826940513,3301.9252617790394,Aumento_Velocidade,1
pedido_3153.7054249394764_202,180.94748115065408,156.54065165527308,136.54065165527308,13.185062069963266,15,4.249558470977195,Moto,Stormy,High,Other,True,0,1,0,3153.7054249394764,3305.2460765947494,Rota_Reduzida,0
pedido_3216.164031904791_253,99.51876533257081,92.29600629858317,77.29600629858317,5.228012836615514,15,4.716730451722794,Moto,Sunny,Jam,Metropolitian,False,0,1,1,3216.164031904791,3308.460038203374,Aumento_Velocidade,1
pedido_3199.0492791626048_236,134.75754897676876,111.84930300268599,96.84930300268599,4.560694398688567,15,4.802492847544101,Moto,Sandstorms,Medium,Metropolitian,False,0,0,0,3199.0492791626048,3310.898582165291,Rota_Reduzida,1
pedido_3192.14063984249_230,138.47368290849994,119.52202300881927,104.52202300881927,17.14780680240725,15,4.730193305723353,Moto,Sandstorms,Medium,Metropolitian,False,0,0,0,3192.14063984249,3311.6626628513095,Rota_Reduzida,1
pedido_3202.25186227943_239,130.14159717784216,114.429703744243,99.429703744243,0.0,10,4.689789239184168,Scooter,Sandstorms,Medium,Metropolitian,False,0,0,0,3202.25186227943,3311.681566023673,Rota_Reduzida,1
pedido_3214.0704468756485_251,99.40036610675655,85.80900261889666,85.80900261889666,5.648419634409959,15,4.816901116515532,Van,Sunny,Jam,Metropolitian,False,0,1,1,3214.0704468756485,3314.879449494545,Nenhuma,1
pedido_3209.192546863868_246,127.48449899312405,116.19957101643632,101.19957101643632,0.0,5,4.854272670465291,Moto,Sandstorms,Jam,Metropolitian,True,0,1,0,3209.192546863868,3315.3921178803043,Aumento_Velocidade,1
pedido_3278.478799626614_301,48.34182577270749,28.20822536887841,28.20822536887841,17.95976998382609,10,4.623301310676553,Moto,Foggy,Medium,Urban,False,1,0,0,3278.478799626614,3316.6870249954927,Nenhuma,1
pedido_3213.34869456472_249,130.6577011993768,108.47829327287086,93.47829327287086,8.526030067486921,10,4.930673046873387,Scooter,Sandstorms,Jam,Metropolitian,True,0,1,0,3213.34869456472,3316.826987837591,Aumento_Velocidade,1
pedido_3146.3281843006794_194,180.22871774251848,181.92884418525688,166.92884418525688,11.199079010174074,5,4.1348941351792075,Scooter,Sunny,High,Metropolitian,True,0,1,1,3146.3281843006794,3318.257028485936,Aumento_Velocidade,0
pedido_3217.969888834787_254,134.4927399598692,106.69623925983602,91.69623925983602,15.779716168267466,10,4.608842178876037,Scooter,Windy,High,Metropolitian,True,0,1,0,3217.969888834787,3319.666128094623,Aumento_Velocidade,1
pedido_3214.1261432514684_252,127.85954427406263,107.5431453650893,92.5431453650893,4.439526749184656,15,4.673122744604669,Moto,Windy,Jam,Metropolitian,False,0,1,0,3214.1261432514684,3321.669288616558,Aumento_Velocidade,1
pedido_3198.442374814281_235,128.79146588073377,128.32573645063468,113.32573645063468,6.476335182335861,10,4.776175726115387,Scooter,Sandstorms,Jam,Metropolitian,True,0,1,0,3198.442374814281,3321.7681112649157,Aumento_Velocidade,1
pedido_3204.671515140844_243,137.68236432619864,122.4778760679645,107.4778760679645,10.03706930925571,10,4.619968535080445,Moto,Foggy,High,Urban,False,0,1,0,3204.671515140844,3322.1493912088085,Aumento_Velocidade,1
pedido_3191.729944942549_229,131.56966214659013,130.74602227972673,115.74602227972673,7.793650943800369,15,4.645120482546608,Moto,Sandstorms,High,Metropolitian,True,0,1,0,3191.729944942549,3322.475967222276,Aumento_Velocidade,1
pedido_3203.08108414098_241,127.0109653739065,124.42626059258978,109.42626059258978,6.975368511498413,10,4.536189142902292,Moto,Stormy,High,Metropolitian,False,0,1,0,3203.08108414098,3322.5073447335694,Aumento_Velocidade,1
pedido_3186.476130411831_226,138.07383566870294,121.41690079737376,121.41690079737376,18.100138722777075,15,4.78491448485056,Van,Sandstorms,Medium,Urban,False,0,0,0,3186.476130411831,3322.8930312092048,Nenhuma,0
pedido_3199.9291085305094_237,135.39823089047906,123.14119886827231,108.14119886827231,17.469609280811472,15,4.729129724468802,Moto,Sandstorms,High,Metropolitian,True,0,1,0,3199.9291085305094,3323.0703073987816,Aumento_Velocidade,1
pedido_3218.1974269555267_255,97.73645979857947,107.20603174349507,92.20603174349507,5.283046491722734,15,4.823326339941971,Moto,Sunny,High,Metropolitian,False,0,1,1,3218.1974269555267,3325.403458699022,Aumento_Velocidade,1
pedido_3203.0272039645574_240,120.03980767230308,108.9680427944892,108.9680427944892,14.190962477431464,15,4.65814163654271,Moto,Sunny,Low,Metropolitian,False,0,0,1,3203.0272039645574,3326.9952467590465,Nenhuma,1
pedido_3164.110053144531_212,188.39701238305946,174.14651060477684,159.14651060477684,16.393784181621083,5,4.3085583125682545,Moto,Foggy,High,Urban,False,0,1,0,3164.110053144531,3328.2565637493076,Aumento_Velocidade,0
pedido_3175.215845314623_221,177.46655455174044,166.54126245048027,151.54126245048027,6.023882606033935,5,4.176221881732917,Moto,Windy,Jam,Metropolitian,False,0,1,0,3175.215845314623,3331.7571077651032,Aumento_Velocidade,0
pedido_3203.4095702071536_242,129.920892116524,135.50308296475535,120.50308296475535,2.313758816949164,10,4.662652319542465,Scooter,Sandstorms,Medium,Metropolitian,False,0,0,0,3203.4095702071536,3333.912653171909,Rota_Reduzida,0
pedido_3228.9945145152196_262,133.11060440478673,115.83134989140379,100.83134989140379,7.538885073188601,5,4.631435552508977,Scooter,Stormy,Medium,Urban,False,0,0,0,3228.9945145152196,3334.8258644066236,Rota_Reduzida,1
pedido_3211.56109806193_247,128.15816031264617,124.24199453868562,109.24199453868562,6.191799758555831,15,4.594118671036793,Scooter,Windy,Jam,Metropolitian,False,0,1,0,3211.56109806193,3335.8030926006154,Aumento_Velocidade,1
pedido_3168.1952272386916_216,166.0579455244363,158.94526330087388,158.94526330087388,14.958345160615055,10,4.055623684570945,Scooter,Windy,Low,Metropolitian,True,0,0,0,3168.1952272386916,3337.1404905395657,Nenhuma,0
pedido_3240.695626319409_271,105.34500272895272,86.69772420215239,86.69772420215239,17.629875598622398,10,5.0,Moto,Stormy,Low,Metropolitian,True,0,0,0,3240.695626319409,3337.3933505215614,Nenhuma,1
pedido_3213.9749454853827_250,127.70402208782725,128.8254077549388,113.8254077549388,4.90123758844501,10,4.827898992834975,Moto,Stormy,High,Metropolitian,False,0,1,0,3213.9749454853827,3337.8003532403213,Aumento_Velocidade,1
pedido_3205.2692943592433_244,145.41483465705264,142.67377131139267,127.67377131139267,12.263655725712919,5,4.514813513972836,Scooter,Sandstorms,Jam,Metropolitian,False,0,1,0,3205.2692943592433,3337.943065670636,Aumento_Velocidade,0
pedido_3235.1155103365977_266,137.1839358184262,102.875196532872,87.875196532872,14.321081247875906,15,4.467128407363915,Moto,Windy,Jam,Metropolitian,False,0,1,0,3235.1155103365977,3337.9907068694697,Aumento_Velocidade,1
pedido_3206.194547461834_245,128.04003209954664,128.69908218633648,128.69908218633648,5.831817045986068,5,4.6931032077529276,Van,Sandstorms,Jam,Metropolitian,False,0,1,0,3206.194547461834,3339.8936296481706,Nenhuma,0
pedido_3229.2267045482026_263,102.29948798392786,106.50783668235906,106.50783668235906,18.563223333602483,5,4.91822678548149,Van,Sunny,High,Metropolitian,False,0,1,1,3229.2267045482026,3340.7345412305617,Nenhuma,1
pedido_3223.325200511329_259,126.09714753617187,108.27518341085451,108.27518341085451,8.8002033746292,10,4.780434545140855,Van,Foggy,Medium,Metropolitian,True,0,0,0,3223.325200511329,3341.6003839221835,Nenhuma,1
pedido_3219.636879337521_257,141.4847715980208,124.89558865229554,109.89558865229554,10.925130257711658,15,4.564740172496363,Scooter,Foggy,Medium,Metropolitian,False,0,0,0,3219.636879337521,3344.5324679898163,Rota_Reduzida,1
pedido_3238.868014822556_270,130.2421458006395,118.66205433895612,103.66205433895612,7.736313715500118,5,4.7817571418832285,Moto,Sandstorms,High,Urban,True,0,1,0,3238.868014822556,3347.530069161512,Aumento_Velocidade,1
pedido_3238.4820506705_269,136.20554377668626,119.47467320258846,104.47467320258846,15.271619254036603,5,4.632495418726399,Moto,Sandstorms,Medium,Metropolitian,False,0,0,0,3238.4820506705,3347.9567238730883,Rota_Reduzida,1
pedido_3260.227461867526_288,107.78080294969345,89.94741449402893,74.94741449402893,15.92359525790367,15,4.748321003248758,Moto,Sunny,Medium,Urban,True,0,0,1,3260.227461867526,3350.174876361555,Rota_Reduzida,1
pedido_3229.8186152676317_264,132.65986019653798,123.11462883200315,108.11462883200315,3.3269462295587378,15,4.798595455198305,Moto,Sandstorms,High,Metropolitian,False,0,1,0,3229.8186152676317,3352.933244099635,Aumento_Velocidade,1
pedido_3212.4964697074993_248,133.80902063442517,125.66624490994849,125.66624490994849,1.057428366818037,15,4.688570621045883,Van,Windy,Medium,Metropolitian,False,0,0,0,3212.4964697074993,3353.162714617448,Nenhuma,0
pedido_3224.696155237864_260,136.63326731834155,134.09040163168513,119.09040163168513,10.885794593830894,10,4.672692078460989,Scooter,Windy,Jam,Metropolitian,False,0,1,0,3224.696155237864,3353.786556869549,Aumento_Velocidade,1
pedido_3257.318514617942_287,130.142437491438,96.50479454931912,81.50479454931912,6.47682339761278,15,4.5096583625665545,Scooter,Windy,High,Urban,False,0,1,0,3257.318514617942,3353.8233091672614,Aumento_Velocidade,1
pedido_3237.606196620903_268,131.58444361001617,118.70599105252461,103.70599105252461,7.943126083367048,15,4.979352448203655,Scooter,Stormy,High,Metropolitian,False,0,1,0,3237.606196620903,3356.3121876734276,Aumento_Velocidade,1
pedido_3250.017617409672_280,132.5995064518903,117.17787910141966,102.17787910141966,15.442158393386894,5,5.0,Moto,Stormy,High,Metropolitian,False,0,1,0,3250.017617409672,3357.1954965110917,Aumento_Velocidade,1
pedido_3171.5997096629376_220,194.91751664641086,186.63324509568997,171.63324509568997,4.495972330762988,15,4.192260131953869,Scooter,Sunny,High,Metropolitian,True,0,1,1,3171.5997096629376,3358.232954758628,Aumento_Velocidade,0
pedido_3219.5619230647712_256,133.24251288473184,125.40761297335865,125.40761297335865,9.065798291468909,15,4.2150775926660184,Moto,Windy,Low,Metropolitian,False,0,0,0,3219.5619230647712,3359.9695360381297,Nenhuma,0
pedido_3231.4079833396218_265,137.00853914510066,133.79651655473907,118.79651655473907,17.989059631844523,10,4.474549196810846,Moto,Sandstorms,Medium,Metropolitian,True,0,0,0,3231.4079833396218,3360.2044998943607,Rota_Reduzida,1
pedido_3249.833015062158_278,104.26384968245269,105.91557734491307,105.91557734491307,15.1804457087065,5,4.786939394617918,Scooter,Windy,Low,Metropolitian,False,0,0,0,3249.833015062158,3360.748592407071,Nenhuma,1
pedido_3249.940825340673_279,124.98298808383193,121.1153279225497,106.1153279225497,0.18251503714352424,5,4.87885044837453,Scooter,Sandstorms,Jam,Metropolitian,False,0,1,0,3249.940825340673,3361.0561532632228,Aumento_Velocidade,1
pedido_3250.7102128934735_281,134.58458749579847,120.60786803221472,105.60786803221472,13.258486404234052,5,4.848887591251154,Moto,Windy,Medium,Urban,False,0,0,0,3250.7102128934735,3361.3180809256883,Rota_Reduzida,1
pedido_3245.971139059799_276,132.83225952499396,122.7082693449112,107.7082693449112,6.951123343655555,10,4.849949701820659,Scooter,Foggy,High,Metropolitian,False,0,1,0,3245.971139059799,3363.67940840471,Aumento_Velocidade,1
pedido_3257.2608692865847_286,139.09490702627915,106.9996384153608,91.9996384153608,11.447970021377266,15,5.0,Scooter,Stormy,Jam,Metropolitian,False,0,1,0,3257.2608692865847,3364.2605077019457,Aumento_Velocidade,1
pedido_3268.967959968691_293,131.9489033539637,104.56181812987708,89.56181812987708,7.536746218537183,10,4.760677665420673,Scooter,Sandstorms,High,Metropolitian,False,0,1,0,3268.967959968691,3368.529778098568,Aumento_Velocidade,1
pedido_3244.0129518339627_274,137.868235926717,130.11761228913278,115.11761228913278,18.274137255989817,10,4.590545964152496,Moto,Sandstorms,Medium,Metropolitian,False,0,0,0,3244.0129518339627,3369.1305641230956,Rota_Reduzida,1
pedido_3252.637118589335_283,130.27333573090723,121.86324850174864,106.86324850174864,19.43236546953738,10,4.688111894258233,Moto,Stormy,High,Metropolitian,False,0,1,0,3252.637118589335,3369.5003670910837,Aumento_Velocidade,1
pedido_3241.8827914157637_273,140.4871397671035,132.68267791230426,117.68267791230426,15.004648495319866,10,4.75148590966535,Scooter,Foggy,High,Metropolitian,False,0,1,0,3241.8827914157637,3369.565469328068,Aumento_Velocidade,1
pedido_3262.005028145303_290,135.8129616672736,121.06055569574366,106.06055569574366,5.795306077249061,5,4.906260165317336,Moto,Sandstorms,Medium,Metropolitian,False,0,0,0,3262.005028145303,3373.0655838410466,Rota_Reduzida,1
pedido_3285.235646334702_306,102.2936770476695,73.76169800300447,73.76169800300447,5.087910094279948,15,4.811070839168185,Moto,Sandstorms,Low,Metropolitian,True,0,0,0,3285.235646334702,3373.997344337706,Nenhuma,1
pedido_3244.374423676354_275,141.381072794161,140.43092015705784,125.43092015705784,17.341298003557107,5,4.576101014268367,Moto,Sandstorms,Jam,Urban,False,0,1,0,3244.374423676354,3374.805343833412,Aumento_Velocidade,0
pedido_3265.2134799902615_291,134.10685412939617,109.6664261736817,94.6664261736817,17.195297308417306,15,4.6967124257512625,Moto,Stormy,Medium,Metropolitian,False,0,0,0,3265.2134799902615,3374.8799061639434,Rota_Reduzida,1
pedido_3236.3879983809657_267,132.23883538428598,139.9945380016315,124.9945380016315,15.551582357839505,15,4.772749272257387,Moto,Stormy,Medium,Metropolitian,False,0,0,0,3236.3879983809657,3376.382536382597,Rota_Reduzida,0
pedido_3275.5067235097654_299,132.17568033141762,100.95591718935292,85.95591718935292,4.067260409522755,15,4.897318557707566,Moto,Foggy,High,Metropolitian,True,0,1,0,3275.5067235097654,3376.4626406991183,Aumento_Velocidade,1
pedido_3255.92034168208_285,133.87638909820663,131.0360914214288,116.03609142142881,16.039944983524844,5,4.510343334715391,Moto,Windy,High,Metropolitian,True,0,1,0,3255.92034168208,3376.956433103509,Aumento_Velocidade,1
pedido_3278.95550882044_302,100.81747177098578,99.49164306304257,84.49164306304257,13.61063732876782,15,4.727689284494602,Scooter,Sunny,Medium,Metropolitian,False,0,0,1,3278.95550882044,3378.4471518834825,Rota_Reduzida,1
pedido_3348.096065600271_347,46.84020580599356,21.164657664711058,21.164657664711058,2.4733063751948308,10,4.8307832004900835,Scooter,Windy,High,Metropolitian,True,1,1,0,3348.096065600271,3379.2607232649816,Nenhuma,1
pedido_3269.2576347923855_294,134.7971466556775,120.52967859191237,105.52967859191237,5.647298721876098,5,5.0,Moto,Foggy,High,Urban,True,0,1,0,3269.2576347923855,3379.7873133842977,Aumento_Velocidade,1
pedido_3269.8212503016907_297,132.23883538428598,120.23464830090006,105.23464830090006,15.210678330508399,5,4.755371266123691,Moto,Stormy,Medium,Metropolitian,False,0,0,0,3269.8212503016907,3380.055898602591,Rota_Reduzida,1
pedido_3252.2491038273706_282,137.82397385917596,129.10993069765726,114.10993069765726,18.120809559271823,15,5.0,Moto,Windy,High,Metropolitian,False,0,1,0,3252.2491038273706,3381.3590345250277,Aumento_Velocidade,1
pedido_3334.966365952515_339,46.51966500768694,34.1226849019504,34.1226849019504,14.424718191503295,15,4.671860058742591,Van,Sandstorms,High,Metropolitian,False,1,1,0,3334.966365952515,3384.0890508544653,Nenhuma,1
pedido_3271.6760634032785_298,141.69596539379722,114.63346745865624,99.63346745865624,11.331067314681905,15,4.93433835675487,Moto,Foggy,Medium,Metropolitian,False,0,0,0,3271.6760634032785,3386.309530861935,Rota_Reduzida,1
pedido_3265.7207353356894_292,129.6578154282254,121.06113891778631,106.06113891778631,2.215898006595288,15,4.75630577275889,Moto,Sandstorms,Medium,Metropolitian,False,0,0,0,3265.7207353356894,3386.7818742534755,Rota_Reduzida,1
pedido_3269.7294754835625_296,132.82712170117128,128.3674326756619,113.36743267566189,3.706246430731227,5,4.747675870720262,Scooter,Foggy,High,Metropolitian,True,0,1,0,3269.7294754835625,3388.0969081592243,Aumento_Velocidade,1
pedido_3261.723967307816_289,131.99115381453896,139.13550313847054,124.13550313847054,3.042734706232049,5,4.489969986033293,Moto,Foggy,High,Metropolitian,False,0,1,0,3261.723967307816,3390.8594704462867,Aumento_Velocidade,0
pedido_3287.1989815777138_309,104.80928965537505,94.25535710625516,94.25535710625516,3.802565067526343,10,4.483766088133692,Van,Sunny,High,Metropolitian,False,0,1,1,3287.1989815777138,3391.454338683969,Nenhuma,1
pedido_3225.6275641625025_261,178.32235462636493,171.01035986266714,156.01035986266714,6.281109919619472,10,4.427128458963136,Moto,Foggy,High,Urban,False,0,1,0,3225.6275641625025,3391.6379240251695,Aumento_Velocidade,0
pedido_3306.5513014419203_319,99.17050087508028,77.06052788647989,77.06052788647989,0.0,10,4.619596003481874,Scooter,Sunny,Low,Metropolitian,False,0,0,1,3306.5513014419203,3393.6118293284003,Nenhuma,1
pedido_3294.101240860604_310,103.83867218428426,88.62092515975931,88.62092515975931,11.538433775984286,15,4.696224519686409,Moto,Stormy,Low,Urban,False,0,0,0,3294.101240860604,3397.722166020363,Nenhuma,1
pedido_3319.9434849739964_325,94.53759153420802,93.04712362597128,73.04712362597128,4.4235891878751685,5,4.568095819651433,Moto,Sunny,High,Other,False,0,1,1,3319.9434849739964,3397.990608599968,Rota_Reduzida,1
pedido_3282.1907590202627_304,119.9852105449858,109.58699350824844,109.58699350824844,14.798209285370188,10,4.85802152532593,Scooter,Sunny,Low,Metropolitian,False,0,0,1,3282.1907590202627,3401.777752528511,Nenhuma,1
pedido_3280.0087912814456_303,146.38413376585075,130.749750092586,115.749750092586,12.36580672710426,10,4.522531144425297,Moto,Foggy,High,Metropolitian,True,0,1,0,3280.0087912814456,3405.7585413740317,Aumento_Velocidade,1
pedido_3321.1812677647113_326,105.19975107848433,89.97908016315188,74.97908016315188,15.742328944050886,10,4.600755051516815,Scooter,Sunny,High,Urban,True,0,1,1,3321.1812677647113,3406.1603479278633,Aumento_Velocidade,1
pedido_3285.483655557626_307,140.13139841331952,121.26437821819096,106.26437821819096,13.498709998131694,15,4.8883857575737695,Moto,Sandstorms,Jam,Metropolitian,False,0,1,0,3285.483655557626,3406.748033775817,Aumento_Velocidade,1
pedido_3275.8741261761847_300,133.12477274371378,117.81780269489607,117.81780269489607,16.915768007880892,15,4.825974970676989,Van,Stormy,Medium,Metropolitian,True,0,0,0,3275.8741261761847,3408.691928871081,Nenhuma,1
pedido_3355.062412816571_351,65.80115637354449,60.12478138065424,45.12478138065424,0.5461446428842986,10,4.34562249192852,Moto,Windy,High,Metropolitian,False,1,1,0,3355.062412816571,3410.1871941972254,Aumento_Velocidade,1
pedido_3327.7082362532133_332,104.80928965537505,82.56583453494947,67.56583453494947,4.290647189873737,15,4.498111783303045,Scooter,Sunny,High,Metropolitian,False,0,1,1,3327.7082362532133,3410.2740707881626,Aumento_Velocidade,1
pedido_3284.7501771665925_305,137.3976473499776,126.03764866692256,111.03764866692256,13.286262849771994,15,5.0,Moto,Sandstorms,Medium,Metropolitian,False,0,0,0,3284.7501771665925,3410.787825833515,Rota_Reduzida,1
pedido_3321.7703202795747_327,97.70385677473216,84.17876661136465,84.17876661136465,7.154483088292078,5,4.919782213780255,Scooter,Sunny,Low,Urban,False,0,0,1,3321.7703202795747,3410.9490868909393,Nenhuma,1
pedido_3298.916262742694_311,127.50871515206823,122.142173202997,107.142173202997,0.45578208044245816,5,4.614492055234715,Scooter,Windy,Jam,Urban,False,0,1,0,3298.916262742694,3411.058435945691,Aumento_Velocidade,1
pedido_3301.8205736011873_314,140.36448113913744,120.16970191313958,105.16970191313958,17.45214024192539,5,5.0,Scooter,Windy,Medium,Metropolitian,True,0,0,0,3301.8205736011873,3411.990275514327,Rota_Reduzida,1
pedido_3285.9525866689896_308,133.12357893747864,132.2287097958516,117.22870979585159,14.802875415344985,10,4.775894976039176,Moto,Stormy,Jam,Metropolitian,False,0,1,0,3285.9525866689896,3413.181296464841,Aumento_Velocidade,1
pedido_3305.414110563059_317,127.47269185925416,118.65011107192086,103.65011107192086,5.652759489832957,5,4.6873360720059125,Moto,Stormy,High,Metropolitian,True,0,1,0,3305.414110563059,3414.0642216349797,Aumento_Velocidade,1
pedido_3312.3669624516197_320,97.64785828064164,111.96187231202933,96.96187231202933,7.819799344833058,5,4.819142880790542,Moto,Sunny,High,Urban,True,0,1,1,3312.3669624516197,3414.328834763649,Aumento_Velocidade,1
pedido_3316.7091590969903_323,137.04857517162844,112.48545712681938,97.48545712681938,10.215604399971472,5,4.943766982759018,Moto,Windy,Jam,Urban,False,0,1,0,3316.7091590969903,3419.1946162238096,Aumento_Velocidade,1
pedido_3302.3273665438273_315,127.70402208782725,127.77412301809315,112.77412301809315,4.720735366178461,5,4.793200204952158,Moto,Stormy,High,Metropolitian,False,0,1,0,3302.3273665438273,3420.1014895619205,Aumento_Velocidade,1
pedido_3304.6748840420523_316,132.36481215780856,122.38643065035313,107.38643065035313,4.256751250268015,10,4.69363347473383,Scooter,Sandstorms,High,Urban,False,0,1,0,3304.6748840420523,3422.0613146924056,Aumento_Velocidade,1
pedido_3269.629394762608_295,146.081743862521,159.62180833639707,144.62180833639707,12.451012317901768,10,4.480165651365872,Moto,Foggy,High,Metropolitian,True,0,1,0,3269.629394762608,3424.251203099005,Aumento_Velocidade,0
pedido_3328.4326305887284_334,124.93750180519955,98.67596512261822,83.67596512261822,2.1207038669157985,15,4.539433180247126,Moto,Foggy,Medium,Metropolitian,False,0,0,0,3328.4326305887284,3427.108595711347,Rota_Reduzida,1
pedido_3345.1367847980505_344,102.57911321272154,83.13088305583322,68.13088305583322,18.00124066733962,15,4.575499679562665,Moto,Sunny,High,Metropolitian,False,0,1,1,3345.1367847980505,3428.2676678538837,Aumento_Velocidade,1
pedido_3381.976067033037_372,45.62222213382154,34.73736755010078,34.73736755010078,11.339182345266416,15,4.8544777362636795,Van,Windy,Jam,Metropolitian,False,1,1,0,3381.976067033037,3431.7134345831378,Nenhuma,1
pedido_3255.6746889922306_284,189.24744521815072,176.5599880709845,161.5599880709845,16.533573213356146,15,4.350350850276054,Moto,Foggy,High,Metropolitian,False,0,1,0,3255.6746889922306,3432.2346770632153,Aumento_Velocidade,0
pedido_3355.939359898396_352,95.31184662123282,77.59962133647466,62.599621336474655,2.0788970934821283,15,4.720011170163532,Moto,Sunny,High,Urban,False,0,1,1,3355.939359898396,3433.538981234871,Aumento_Velocidade,1
pedido_3299.976550524367_312,131.1093180972341,133.89793929079272,118.89793929079272,11.15018314840184,15,4.683136840237207,Moto,Stormy,High,Metropolitian,False,0,1,0,3299.976550524367,3433.87448981516,Aumento_Velocidade,1
pedido_3327.692280457179_331,96.06862477189149,93.93388273884871,93.93388273884871,4.128386764144533,15,4.782250877308939,Van,Sunny,Medium,Urban,True,0,0,1,3327.692280457179,3436.626163196028,Nenhuma,1
pedido_3331.555013064501_336,133.68532923575702,115.87598148501594,100.87598148501594,12.06917734630489,5,4.818951005268057,Moto,Sandstorms,High,Urban,False,0,1,0,3331.555013064501,3437.430994549517,Aumento_Velocidade,1
pedido_3352.980377131854_350,98.14802361612992,95.68791258261437,80.68791258261437,3.1425659560690917,5,4.641449314308529,Moto,Sunny,High,Metropolitian,False,0,1,1,3352.980377131854,3438.6682897144683,Aumento_Velocidade,1
pedido_3323.1626320948794_328,133.47114867571312,120.70238945647156,105.70238945647156,14.066311743294866,10,4.672535202884299,Moto,Stormy,Medium,Urban,False,0,0,0,3323.1626320948794,3438.8650215513508,Rota_Reduzida,1
pedido_3318.67193650424_324,132.38429434347648,131.8222687365503,116.82226873655031,6.275875259050403,5,4.545254788726466,Scooter,Stormy,Medium,Metropolitian,False,0,0,0,3318.67193650424,3440.4942052407905,Rota_Reduzida,1
pedido_3364.747928249738_359,102.08981388395627,86.18109611439765,71.18109611439765,11.788706948644892,5,4.751035732243147,Moto,Sunny,High,Metropolitian,False,0,1,1,3364.747928249738,3440.929024364136,Aumento_Velocidade,1
pedido_3350.800149710276_348,100.02389535461688,80.23579012215588,80.23579012215588,5.350326990683897,10,5.0,Scooter,Stormy,Low,Urban,False,0,0,0,3350.800149710276,3441.0359398324317,Nenhuma,1
pedido_3325.9208874479664_330,130.28071638902654,126.13756110284746,111.13756110284746,5.814562108381124,5,4.975213622899805,Moto,Stormy,High,Metropolitian,True,0,1,0,3325.9208874479664,3442.058448550814,Aumento_Velocidade,1
pedido_3323.6958940936565_329,130.40050506916506,129.1425475896736,114.1425475896736,4.231112878996315,5,4.852484404531672,Scooter,Sandstorms,High,Metropolitian,True,0,1,0,3323.6958940936565,3442.83844168333,Aumento_Velocidade,1
pedido_3368.0740128916273_361,103.64871864064442,78.067291674996,63.067291674996,15.015805186507478,15,4.872375589172319,Scooter,Sunny,High,Metropolitian,True,0,1,1,3368.0740128916273,3446.141304566623,Aumento_Velocidade,1
pedido_3313.7050971135322_321,133.345107750683,142.8414325377205,127.8414325377205,16.206402985163226,5,4.597028231387945,Moto,Stormy,Medium,Metropolitian,False,0,0,0,3313.7050971135322,3446.546529651253,Rota_Reduzida,0
pedido_3372.2133754062374_365,94.46276446586921,65.11948644463189,65.11948644463189,3.7246938497585407,10,4.744432352428663,Moto,Sunny,Low,Metropolitian,False,0,0,1,3372.2133754062374,3447.3328618508694,Nenhuma,1
pedido_3331.3776041347173_335,128.74001761613513,126.39281794231485,111.39281794231485,16.817339005910036,5,4.833990235048822,Scooter,Stormy,High,Metropolitian,False,0,1,0,3331.3776041347173,3447.770422077032,Aumento_Velocidade,1
pedido_3332.9117464332558_337,150.1587248623217,121.28309750646514,106.28309750646514,18.556627374143904,10,4.885308566401574,Moto,Foggy,Jam,Metropolitian,False,0,1,0,3332.9117464332558,3449.194843939721,Aumento_Velocidade,1
pedido_3315.4723869769464_322,140.00366703754403,139.34529999514425,124.34529999514425,13.148526791501025,15,5.0,Scooter,Windy,High,Metropolitian,True,0,1,0,3315.4723869769464,3454.8176869720905,Aumento_Velocidade,0
pedido_3385.103237466763_375,97.73645979857947,80.40134429380426,65.40134429380426,5.344156847010405,5,4.79094456822941,Moto,Sunny,High,Metropolitian,False,0,1,1,3385.103237466763,3455.5045817605674,Aumento_Velocidade,1
pedido_3341.702042499331_343,129.6934935596865,114.09871561285806,99.09871561285806,2.72960954834021,15,4.879122304353936,Moto,Windy,High,Metropolitian,True,0,1,0,3341.702042499331,3455.800758112189,Aumento_Velocidade,1
pedido_3368.095951915905_362,99.09272445697489,87.91913320088527,72.91913320088527,0.0,15,4.6976790872486385,Moto,Sunny,Jam,Metropolitian,False,0,1,1,3368.095951915905,3456.0150851167905,Aumento_Velocidade,1
pedido_3335.4688059566543_340,121.5045699729659,118.62836848131658,118.62836848131658,12.965751631992857,5,4.835671566228323,Scooter,Sunny,Low,Metropolitian,False,0,0,1,3335.4688059566543,3459.097174437971,Nenhuma,1
pedido_3377.746299038975_369,102.38665475488781,91.60066888498825,76.60066888498825,15.971424946386895,5,4.634172145229762,Scooter,Sunny,High,Metropolitian,False,0,1,1,3377.746299038975,3459.3469679239633,Aumento_Velocidade,1
pedido_3357.5930106780734_353,100.55152265839733,88.23989157135267,88.23989157135267,9.490606625765805,15,4.813868670438038,Moto,Windy,Low,Metropolitian,False,0,0,0,3357.5930106780734,3460.832902249426,Nenhuma,1
pedido_3387.6347504604682_377,99.27006902583167,78.86352740753563,63.86352740753563,7.033740867445072,10,4.647343790236917,Moto,Sunny,High,Metropolitian,True,0,1,1,3387.6347504604682,3461.4982778680037,Aumento_Velocidade,1
pedido_3372.6085610412924_366,101.61481017132195,88.99693223672138,73.99693223672138,15.679965787114941,15,4.729403476661569,Scooter,Sunny,High,Metropolitian,False,0,1,1,3372.6085610412924,3461.605493278014,Aumento_Velocidade,1
pedido_3359.610441327387_355,129.80108567018078,112.39118023209983,97.39118023209983,17.660800284309854,5,4.838456366058592,Moto,Stormy,High,Metropolitian,False,0,1,0,3359.610441327387,3462.001621559487,Aumento_Velocidade,1
pedido_3328.120970903261_333,132.5995064518903,124.26702960356187,124.26702960356187,14.164090829744918,10,5.0,Van,Stormy,High,Metropolitian,False,0,1,0,3328.120970903261,3462.3880005068227,Nenhuma,0
pedido_3306.2085277607325_318,159.63252023969724,149.21373698046213,149.21373698046213,12.107001547490777,10,4.3978567914738,Moto,Stormy,Low,Metropolitian,False,0,0,0,3306.2085277607325,3465.422264741195,Nenhuma,0
pedido_3361.607982327483_356,129.38302488090125,109.12842253082381,94.12842253082381,4.766348832273386,10,4.7230934251676935,Moto,Sandstorms,Jam,Metropolitian,True,0,1,0,3361.607982327483,3465.7364048583067,Aumento_Velocidade,1
pedido_3340.7595024677207_342,134.5302399598692,125.2928798066174,110.2928798066174,16.67958894305996,15,4.628571963042058,Moto,Windy,High,Urban,True,0,1,0,3340.7595024677207,3466.052382274338,Aumento_Velocidade,1
pedido_3346.647790227765_345,130.6821872045494,120.65885795385867,105.65885795385867,6.487891068200553,15,4.831847070660871,Moto,Foggy,Jam,Urban,True,0,1,0,3346.647790227765,3467.306648181624,Aumento_Velocidade,1
pedido_3333.0777085448954_338,137.2776997089783,145.02960630604727,130.02960630604727,9.970723780756604,5,4.675531119167415,Moto,Foggy,High,Metropolitian,False,0,1,0,3333.0777085448954,3468.1073148509427,Aumento_Velocidade,0
pedido_3347.80846293499_346,135.2338915937963,131.43290415995742,116.43290415995742,17.968359215398696,5,4.761352861623124,Moto,Sandstorms,High,Metropolitian,False,0,1,0,3347.80846293499,3469.2413670949477,Aumento_Velocidade,1
pedido_3300.694452740039_313,172.68178680741067,161.395498805633,161.395498805633,5.422753021789036,10,4.2286529878153,Van,Stormy,Medium,Metropolitian,False,0,0,0,3300.694452740039,3472.089951545672,Nenhuma,0
pedido_3351.168022079074_349,135.56342651820458,126.03468777893809,111.03468777893809,15.067580356651998,10,4.819947274285523,Moto,Windy,Jam,Metropolitian,False,0,1,0,3351.168022079074,3472.202709858012,Aumento_Velocidade,1
pedido_3381.7709922952486_371,104.59471186924428,102.2068542425658,87.2068542425658,12.08552397026412,5,4.60167729848319,Scooter,Sunny,High,Metropolitian,True,0,1,1,3381.7709922952486,3473.9778465378145,Aumento_Velocidade,1
pedido_3432.985818934078_413,45.62595244512005,35.31428762837609,35.31428762837609,13.905713918167448,10,4.543360929026502,Moto,Foggy,High,Metropolitian,False,1,1,0,3432.985818934078,3478.300106562454,Nenhuma,1
pedido_3439.7723585035255_420,43.93012487016643,23.613674937474073,23.613674937474073,4.837653823317574,15,4.733319993412167,Moto,Stormy,High,Metropolitian,False,1,1,0,3439.7723585035255,3478.3860334409997,Nenhuma,1
pedido_3364.1779528569427_358,133.16107505005107,116.82408825722854,101.82408825722854,3.2812031400296084,15,4.560099924644792,Moto,Stormy,Medium,Semi-Urban,False,0,0,0,3364.1779528569427,3481.0020411141713,Rota_Reduzida,1
pedido_3361.88008785976_357,134.82258544930943,131.28891537111886,116.28891537111886,17.750166412058665,5,4.880896566811997,Moto,Sandstorms,High,Metropolitian,False,0,1,0,3361.88008785976,3483.169003230879,Aumento_Velocidade,1
pedido_3382.952647640897_374,124.913073812866,106.10379585654852,91.10379585654852,3.3754253280102247,10,4.643851342172687,Scooter,Sandstorms,Jam,Metropolitian,False,0,1,0,3382.952647640897,3484.0564434974453,Aumento_Velocidade,1
pedido_3373.040901151073_367,135.09796174715842,124.02681115622605,109.02681115622605,17.76282635161848,5,4.830985982065438,Moto,Sandstorms,High,Urban,True,0,1,0,3373.040901151073,3487.0677123072987,Aumento_Velocidade,1
pedido_3358.1384245031722_354,143.72161743942561,129.26657998578847,114.26657998578847,13.94073830940236,15,4.512170427121051,Moto,Sandstorms,Jam,Metropolitian,False,0,1,0,3358.1384245031722,3487.405004488961,Aumento_Velocidade,1
pedido_3365.116231320028_360,134.42111663857156,123.7574680650105,108.7574680650105,9.324568064095956,15,4.711386002130495,Moto,Windy,Medium,Metropolitian,False,0,0,0,3365.116231320028,3488.8736993850384,Rota_Reduzida,1
pedido_3394.150540167109_383,99.23522648728758,105.40808463212949,90.40808463212949,10.379868528671706,5,4.839089616116555,Moto,Sunny,Medium,Urban,False,0,0,1,3394.150540167109,3489.5586247992383,Rota_Reduzida,1
pedido_3386.690241057293_376,104.57363651468671,115.49662447265518,100.49662447265518,15.509411065103778,5,5.0,Moto,Sunny,High,Metropolitian,True,0,1,1,3386.690241057293,3492.186865529948,Aumento_Velocidade,1
pedido_3371.0579515716086_363,142.80847679669222,135.79294441416138,120.79294441416138,12.96470954673075,5,4.872582095671496,Moto,Foggy,Medium,Urban,False,0,0,0,3371.0579515716086,3496.85089598577,Rota_Reduzida,0
pedido_3373.3516532416943_368,126.27895476796364,135.91248962937368,120.91248962937368,5.093528588645189,5,4.51865588109771,Moto,Stormy,Jam,Metropolitian,False,0,1,0,3373.3516532416943,3499.264142871068,Aumento_Velocidade,0
pedido_3395.1145074319697_384,130.85951845746234,116.79177233523045,101.79177233523045,2.8176374956648753,5,4.648341026944545,Moto,Windy,High,Metropolitian,False,0,1,0,3395.1145074319697,3501.9062797672,Aumento_Velocidade,1
pedido_3382.081638874084_373,110.10923557760421,106.99496254690204,106.99496254690204,12.315591026211253,15,4.880404568311071,Van,Sunny,Jam,Metropolitian,False,0,1,1,3382.081638874084,3504.076601420986,Nenhuma,1
pedido_3372.1407488644304_364,133.5719175429503,142.10384393538735,127.10384393538735,3.345378848258753,5,4.4967086482266225,Scooter,Windy,Medium,Metropolitian,True,0,0,0,3372.1407488644304,3504.244592799818,Rota_Reduzida,0
pedido_3380.6473233028087_370,135.46458513598387,133.80541471755774,118.80541471755774,16.425346196184513,5,4.544518694500025,Scooter,Sandstorms,High,Metropolitian,False,0,1,0,3380.6473233028087,3504.4527380203663,Aumento_Velocidade,1
pedido_3398.040357980924_386,128.74295269611204,108.6815488433366,93.6815488433366,4.660549201946831,15,4.533651236194682,Scooter,Foggy,Jam,Urban,False,0,1,0,3398.040357980924,3506.7219068242607,Aumento_Velocidade,1
pedido_3479.4128192372973_447,41.048060884289875,19.537374978333172,19.537374978333172,3.546827813978321,10,4.7252461016466585,Van,Sunny,High,Metropolitian,True,1,1,1,3479.4128192372973,3508.9501942156303,Nenhuma,1
pedido_3397.58999609834_385,130.8626028675974,121.42958279858838,106.42958279858838,15.066398999370845,5,4.579213837626034,Moto,Stormy,High,Urban,True,0,1,0,3397.58999609834,3509.0195788969286,Aumento_Velocidade,1
pedido_3402.751008404961_391,135.73449148366637,107.78343552553517,92.78343552553517,13.624419447475063,15,4.5269876466295695,Moto,Sandstorms,High,Urban,False,0,1,0,3402.751008404961,3510.534443930496,Aumento_Velocidade,1
pedido_3399.358963258526_387,128.36260269177163,118.15933343157664,103.15933343157664,4.966755720562648,10,4.7219789499117555,Scooter,Foggy,Medium,Urban,False,0,0,0,3399.358963258526,3512.5182966901025,Rota_Reduzida,1
pedido_3405.53015611799_393,134.82985775917936,117.13395118805477,102.13395118805477,3.2252175837695014,5,4.606118492152239,Scooter,Foggy,High,Urban,False,0,1,0,3405.53015611799,3512.6641073060446,Aumento_Velocidade,1
pedido_3411.3823004264245_397,104.89904223889663,87.49969429871722,87.49969429871722,6.119783917034902,15,4.493262365177723,Van,Sunny,High,Metropolitian,False,0,1,1,3411.3823004264245,3513.881994725142,Nenhuma,1
pedido_3467.4575585474536_435,44.517333250377064,42.15427745274512,42.15427745274512,6.124950948767067,5,4.817514059119558,Moto,Foggy,Jam,Metropolitian,False,1,1,0,3467.4575585474536,3514.6118360001988,Nenhuma,1
pedido_3402.6625005338824_390,135.79640039712748,113.88867128638006,98.88867128638006,10.84058159589731,15,4.526179740732832,Scooter,Sandstorms,High,Metropolitian,True,0,1,0,3402.6625005338824,3516.5511718202624,Aumento_Velocidade,1
pedido_3469.007949446057_437,50.58909459806626,45.48498348806397,45.48498348806397,20.832840826288315,5,4.8344951950587305,Moto,Windy,Medium,Metropolitian,False,1,0,0,3469.007949446057,3519.4929329341207,Nenhuma,1
pedido_3401.267699140959_388,127.31479556131167,123.2911147984714,108.2911147984714,8.33885803396348,10,4.472514468869348,Moto,Stormy,High,Metropolitian,False,0,1,0,3401.267699140959,3519.5588139394304,Aumento_Velocidade,1
pedido_3413.224337657593_399,133.99354993689516,121.53176794778132,106.53176794778132,9.631727073973662,5,4.778579688696318,Moto,Sandstorms,Medium,Metropolitian,False,0,0,0,3413.224337657593,3524.756105605374,Rota_Reduzida,1
pedido_3401.5600910557114_389,135.8251700970151,133.88534280019795,118.88534280019795,15.10014162816666,5,4.57763660074072,Scooter,Windy,Jam,Metropolitian,False,0,1,0,3401.5600910557114,3525.4454338559094,Aumento_Velocidade,1
pedido_3414.2340965267554_400,103.2964299702264,106.26698448484683,106.26698448484683,5.316227429020972,5,4.746035869418914,Scooter,Stormy,Low,Metropolitian,False,0,0,0,3414.2340965267554,3525.5010810116023,Nenhuma,1
pedido_3426.0871224887746_407,103.2287867111913,89.48840079976821,89.48840079976821,14.568159647275658,10,4.994235537866901,Moto,Sandstorms,Low,Urban,True,0,0,0,3426.0871224887746,3525.575523288543,Nenhuma,1
pedido_3390.774443588216_379,137.1732497899251,145.567457682239,130.567457682239,15.778764773216707,5,5.0,Moto,Windy,High,Metropolitian,False,0,1,0,3390.774443588216,3526.341901270455,Aumento_Velocidade,0
pedido_3390.94329545517_380,141.55937451908974,146.31586886206395,131.31586886206395,11.871914309127435,5,4.983058824398521,Scooter,Sandstorms,Jam,Metropolitian,False,0,1,0,3390.94329545517,3527.2591643172336,Aumento_Velocidade,0
pedido_3408.61144703919_394,130.14412327669478,130.09109881592184,115.09109881592184,17.902109352903874,5,4.664416768855198,Moto,Stormy,High,Metropolitian,False,0,1,0,3408.61144703919,3528.7025458551116,Aumento_Velocidade,1
pedido_3410.0685568634863_396,133.64441369650768,104.46247910597376,104.46247910597376,1.6523293286643765,15,4.824546997673542,Van,Foggy,High,Urban,False,0,1,0,3410.0685568634863,3529.53103596946,Nenhuma,1
pedido_3505.1741397504593_474,35.32085946386477,15.019038190996785,15.019038190996785,7.510779370845026,10,4.62103109606806,Moto,Sandstorms,Low,Metropolitian,False,1,0,0,3505.1741397504593,3530.1931779414563,Nenhuma,1
pedido_3403.6836213733495_392,128.82551111589967,127.53490643237643,112.53490643237643,0.0,15,4.6535144686396235,Moto,Foggy,Jam,Urban,True,0,1,0,3403.6836213733495,3531.218527805726,Aumento_Velocidade,1
pedido_3488.931526598563_458,51.38197431455217,31.13177172804042,31.13177172804042,6.191677597372053,15,4.682107935819616,Moto,Sandstorms,Medium,Urban,True,1,0,0,3488.931526598563,3535.063298326603,Nenhuma,1
pedido_3338.7260791653653_341,196.55987856517962,201.72212643821408,186.72212643821408,15.279615013363934,10,4.349083991983003,Moto,Sandstorms,Jam,Metropolitian,False,0,1,0,3338.7260791653653,3535.4482056035795,Aumento_Velocidade,0
pedido_3489.2895129594867_459,46.54993938514423,31.674275030301615,31.674275030301615,10.357929624654567,15,4.847944566642445,Moto,Foggy,Jam,Metropolitian,True,1,1,0,3489.2895129594867,3535.963787989788,Nenhuma,1
pedido_3425.529755614411_406,136.0650725554823,116.45322143162812,101.45322143162812,19.865766131747783,10,4.869290723421634,Moto,Windy,Medium,Urban,False,0,0,0,3425.529755614411,3536.982977046039,Rota_Reduzida,1
pedido_3422.7942014260643_404,130.14412327669478,121.96318582446108,106.96318582446108,17.946467462573125,10,4.707423123555965,Moto,Stormy,High,Urban,False,0,1,0,3422.7942014260643,3539.7573872505254,Aumento_Velocidade,1
pedido_3418.9755243059444_402,134.68446683212727,131.25266419399094,116.25266419399094,15.976335823580547,5,4.58180666212873,Scooter,Sandstorms,High,Metropolitian,False,0,1,0,3418.9755243059444,3540.228188499935,Aumento_Velocidade,1
pedido_3424.9114612651997_405,134.20702046845372,126.39883507768735,111.39883507768735,15.087150367958603,5,4.670999588842033,Moto,Sandstorms,High,Metropolitian,False,0,1,0,3424.9114612651997,3541.310296342887,Aumento_Velocidade,1
pedido_3434.2490304264993_414,125.43154316800315,112.69112183128553,97.69112183128553,9.184502380178337,10,4.65851853393725,Scooter,Foggy,Medium,Semi-Urban,False,0,0,0,3434.2490304264993,3541.940152257785,Rota_Reduzida,1
pedido_3430.7742008824603_410,131.7956034893115,113.78402828201322,98.78402828201322,8.748143883605156,15,4.606643137497766,Moto,Windy,Jam,Metropolitian,True,0,1,0,3430.7742008824603,3544.5582291644737,Aumento_Velocidade,1
pedido_3457.4731102217534_430,102.38665475488781,77.31743296882911,77.31743296882911,14.894147173804178,10,4.6316664692706615,Van,Sunny,High,Metropolitian,False,0,1,1,3457.4731102217534,3544.7905431905824,Nenhuma,1
pedido_3431.2339719495494_411,135.22660422579312,114.44516456222158,99.44516456222158,5.9281552330879,15,4.610213774143047,Scooter,Stormy,Medium,Metropolitian,False,0,0,0,3431.2339719495494,3545.679136511771,Rota_Reduzida,1
pedido_3442.802381127789_422,138.95059900241358,114.39803402628078,99.39803402628078,17.849206592319298,5,4.883457994440585,Moto,Sandstorms,Medium,Metropolitian,True,0,0,0,3442.802381127789,3547.2004151540696,Rota_Reduzida,1
pedido_3391.1101973933146_381,166.68961378590998,166.93369750373236,151.93369750373236,7.821098705689029,5,4.428767679508543,Moto,Sunny,Medium,Metropolitian,False,0,0,1,3391.1101973933146,3548.043894897047,Rota_Reduzida,0
pedido_3422.2982943449692_403,133.25281920050452,136.74938544099038,121.74938544099038,11.519113371858147,5,4.817563530060778,Moto,Stormy,Medium,Metropolitian,False,0,0,0,3422.2982943449692,3549.0476797859596,Rota_Reduzida,0
pedido_3390.7116010883296_378,175.71144601117317,165.6895342384099,150.6895342384099,4.182039835367229,10,4.425059476882332,Moto,Foggy,Jam,Metropolitian,False,0,1,0,3390.7116010883296,3551.4011353267397,Aumento_Velocidade,0
pedido_3453.9302924141252_429,102.17306359389829,85.37300966112906,85.37300966112906,14.634734154049982,15,4.479986466868634,Moto,Sandstorms,Low,Metropolitian,False,0,0,0,3453.9302924141252,3554.303302075254,Nenhuma,1
pedido_3481.4962075509734_450,100.24895645100978,79.37822834074619,64.37822834074619,10.258101602310202,10,4.712397905626011,Moto,Sunny,High,Metropolitian,False,0,1,1,3481.4962075509734,3555.8744358917197,Aumento_Velocidade,1
pedido_3431.695669009829_412,135.60200755004843,134.39740517879665,119.39740517879665,12.221005206363628,5,4.669267207681002,Scooter,Sandstorms,High,Metropolitian,True,0,1,0,3431.695669009829,3556.093074188626,Aumento_Velocidade,1
pedido_3429.5118158111786_409,132.04777498530672,138.69848381269372,123.69848381269372,9.577080678888006,5,4.740309643971487,Moto,Sandstorms,High,Metropolitian,True,0,1,0,3429.5118158111786,3558.2102996238723,Aumento_Velocidade,0
pedido_3436.813047056601_417,145.10180668824276,127.29089587380005,112.29089587380005,14.968087402280858,10,4.988420205303507,Moto,Foggy,Medium,Urban,False,0,0,0,3436.813047056601,3559.103942930401,Rota_Reduzida,1
pedido_3439.0918289643428_418,110.48031399352719,110.35751022629357,110.35751022629357,13.09570468865549,10,4.569048524916513,Scooter,Foggy,Low,Metropolitian,False,0,0,0,3439.0918289643428,3559.4493391906362,Nenhuma,1
pedido_3436.3330486567065_416,140.7062187728864,124.1680486074761,109.1680486074761,18.877461150010298,15,4.958593871039832,Scooter,Windy,Jam,Metropolitian,False,0,1,0,3436.3330486567065,3560.5010972641826,Aumento_Velocidade,1
pedido_3459.704650440198_432,125.34377844518907,111.85621337743994,96.85621337743994,0.0,5,4.637948582280655,Scooter,Foggy,Medium,Metropolitian,False,0,0,0,3459.704650440198,3561.5608638176377,Rota_Reduzida,1
pedido_3452.5773499372335_426,138.32119084671845,114.02049121407464,99.02049121407464,5.717128095158043,10,4.820187469338845,Moto,Windy,Medium,Urban,True,0,0,0,3452.5773499372335,3561.5978411513083,Rota_Reduzida,1
pedido_3412.2656506246663_398,177.27028631652774,162.26709210892315,147.26709210892315,13.016265510898856,5,4.43224165558034,Moto,Sunny,High,Metropolitian,False,0,1,1,3412.2656506246663,3564.532742733589,Aumento_Velocidade,0
pedido_3453.684543992255_428,131.42027128187917,116.33777558362611,101.33777558362611,6.560595891157079,10,4.546008305288382,Scooter,Foggy,High,Metropolitian,False,0,1,0,3453.684543992255,3565.022319575881,Aumento_Velocidade,1
pedido_3393.810552908215_382,183.8037712550763,180.9206293906542,165.9206293906542,18.728864983862245,10,4.342299662588268,Scooter,Sandstorms,High,Metropolitian,False,0,1,0,3393.810552908215,3569.731182298869,Aumento_Velocidade,0
pedido_3452.1486794967645_425,129.93397795511652,118.3808872359235,103.3808872359235,5.007812708262056,15,4.795933086185161,Scooter,Sandstorms,Jam,Metropolitian,True,0,1,0,3452.1486794967645,3570.529566732688,Aumento_Velocidade,1
pedido_3409.9752208033647_395,188.8313309417152,167.5405587551325,152.5405587551325,14.471585992522435,10,4.432288498881943,Moto,Sandstorms,Medium,Metropolitian,False,0,0,0,3409.9752208033647,3572.5157795584973,Rota_Reduzida,0
pedido_3469.9370930010145_438,133.8456372164281,109.53230314864204,94.53230314864204,2.388290610906152,10,4.5927277835344915,Scooter,Foggy,High,Metropolitian,False,0,1,0,3469.9370930010145,3574.4693961496564,Aumento_Velocidade,1
pedido_3448.3678418486015_424,138.55410044097565,131.83677795229048,116.83677795229048,20.940083298870455,10,4.875620978166613,Scooter,Stormy,Jam,Urban,True,0,1,0,3448.3678418486015,3575.204619800892,Aumento_Velocidade,1
pedido_3462.762083518319_433,122.8265582445953,128.19299353177243,108.19299353177243,3.474027355504913,5,4.611051620752867,Moto,Windy,High,Other,False,0,1,0,3462.762083518319,3575.9550770500914,Rota_Reduzida,1
pedido_3528.175864733839_483,45.208168569239575,34.749751824920814,34.749751824920814,12.066012089401134,15,4.541409986786748,Moto,Foggy,High,Metropolitian,False,1,1,0,3528.175864733839,3577.9256165587594,Nenhuma,1
pedido_3480.93944725933_449,95.49319660908748,92.28543260889116,92.28543260889116,2.8224151905509047,5,4.839292802426493,Moto,Sunny,Low,Metropolitian,True,0,0,1,3480.93944725933,3578.2248798682213,Nenhuma,1
pedido_3498.374851813509_469,103.41879211190009,78.83421569845932,78.83421569845932,10.663598420208366,5,4.620882270822878,Moto,Stormy,Low,Urban,False,0,0,0,3498.374851813509,3582.2090675119684,Nenhuma,1
pedido_3462.7834817847647_434,136.0433863662986,129.84003754852313,114.84003754852313,18.26832908040754,5,4.874940384554394,Moto,Windy,Jam,Metropolitian,False,0,1,0,3462.7834817847647,3582.6235193332877,Aumento_Velocidade,1
pedido_3476.3121734643473_444,134.75456966814028,117.00543398117259,102.00543398117259,17.467401470479132,5,4.666137896249857,Scooter,Sandstorms,High,Metropolitian,False,0,1,0,3476.3121734643473,3583.31760744552,Aumento_Velocidade,1
pedido_3435.9092633698247_415,170.56052771261065,153.68338224060582,138.68338224060582,2.2933074384118943,10,4.439114280748231,Scooter,Stormy,Medium,Metropolitian,False,0,0,0,3435.9092633698247,3584.5926456104303,Rota_Reduzida,0
pedido_3452.692616764563_427,133.23382719633193,137.0327623023744,122.03276230237441,15.635256324372605,10,5.0,Moto,Stormy,High,Urban,True,0,1,0,3452.692616764563,3584.7253790669374,Aumento_Velocidade,0
pedido_3555.630951011052_500,46.391101687924866,20.49459103592096,20.49459103592096,3.181743273854672,10,4.810638784385247,Moto,Windy,Jam,Metropolitian,True,1,1,0,3555.630951011052,3586.125542046973,Nenhuma,1
pedido_3471.364337897987_439,135.89637094743486,126.22019957429822,111.22019957429822,5.499715186521639,5,4.720129374024553,Scooter,Sandstorms,Medium,Metropolitian,False,0,0,0,3471.364337897987,3587.584537472285,Rota_Reduzida,1
pedido_3428.5752910587407_408,180.14191585388397,169.45583485912934,154.45583485912934,9.534307476197714,5,4.392782999611609,Scooter,Foggy,Medium,Metropolitian,False,0,0,0,3428.5752910587407,3588.03112591787,Rota_Reduzida,0
pedido_3446.6201814626424_423,138.46641522191248,146.66328468456172,131.66328468456172,14.80061315694343,10,4.544901080120306,Moto,Stormy,Jam,Urban,False,0,1,0,3446.6201814626424,3588.2834661472043,Aumento_Velocidade,0
pedido_3484.9537612871345_452,131.19109401387908,109.29164798308562,94.29164798308562,6.072404960951042,10,4.593216189687789,Scooter,Windy,High,Metropolitian,False,0,1,0,3484.9537612871345,3589.24540927022,Aumento_Velocidade,1
pedido_3473.763865272426_440,133.61902450549644,121.13097809738136,106.13097809738136,12.314387752552573,10,4.831948079491411,Scooter,Windy,High,Urban,False,0,1,0,3473.763865272426,3589.8948433698074,Aumento_Velocidade,1
pedido_3457.8487736183783_431,130.64658772735189,117.69036656250105,117.69036656250105,14.53274928020456,15,4.713102292099946,Van,Stormy,High,Metropolitian,True,0,1,0,3457.8487736183783,3590.5391401808793,Nenhuma,1
pedido_3507.2811670982232_476,108.20813040690145,85.13270074933571,70.13270074933571,10.096398125555773,15,4.931404114955341,Scooter,Sunny,Jam,Metropolitian,False,0,1,1,3507.2811670982232,3592.413867847559,Aumento_Velocidade,1
pedido_3475.203333531099_443,140.77127946350095,131.19801359676904,116.19801359676904,13.797328359652141,5,4.783609767270222,Moto,Foggy,High,Urban,False,0,1,0,3475.203333531099,3596.401347127868,Aumento_Velocidade,1
pedido_3478.4296454991018_446,124.01493299448674,118.00757721879688,103.00757721879688,1.6637232186960946,15,4.950051772423298,Scooter,Stormy,Jam,Metropolitian,False,0,1,0,3478.4296454991018,3596.4372227178987,Aumento_Velocidade,1
pedido_3498.306367427181_468,100.89875896024635,83.25257343765698,83.25257343765698,5.909768002595786,15,4.857722339990293,Moto,Stormy,Low,Metropolitian,True,0,0,0,3498.306367427181,3596.558940864838,Nenhuma,1
pedido_3497.4518111771304_467,133.051824642882,99.90416451052101,84.90416451052101,6.455514603810081,15,4.558035508941418,Moto,Stormy,Medium,Metropolitian,False,0,0,0,3497.4518111771304,3597.355975687651,Rota_Reduzida,1
pedido_3474.1914296040745_441,134.39833402897818,123.906883161649,108.906883161649,16.275303151412626,15,4.6239503053037225,Moto,Windy,Medium,Metropolitian,False,0,0,0,3474.1914296040745,3598.0983127657237,Rota_Reduzida,1
pedido_3478.3605815064284_445,130.50733024922678,130.63551676026526,115.63551676026526,12.344988598721535,5,4.904369012182808,Scooter,Stormy,High,Metropolitian,False,0,1,0,3478.3605815064284,3598.9960982666935,Aumento_Velocidade,1
pedido_3488.67729686436_457,125.28956694435125,111.07952042146117,96.07952042146117,3.297369562139772,15,4.520554849752312,Moto,Stormy,High,Metropolitian,False,0,1,0,3488.67729686436,3599.756817285821,Aumento_Velocidade,1
pedido_3490.6523456151817_460,130.83913607998662,114.69224861949797,99.69224861949797,8.501861102456244,10,4.908952120569032,Moto,Sandstorms,High,Metropolitian,False,0,1,0,3490.6523456151817,3600.34459423468,Aumento_Velocidade,1
pedido_3495.709033789534_465,129.93397795511652,109.75721436527557,94.75721436527557,4.765870216714264,10,4.8084999774444475,Moto,Sandstorms,Jam,Metropolitian,True,0,1,0,3495.709033789534,3600.4662481548094,Aumento_Velocidade,1
pedido_3500.2027136030188_472,99.40036610675655,87.01059951795884,87.01059951795884,5.598066645990218,15,4.831597144574247,Van,Sunny,Jam,Metropolitian,False,0,1,1,3500.2027136030188,3602.2133131209775,Nenhuma,1
pedido_3493.3421664377897_463,128.45915457085135,108.95572819560377,93.95572819560377,5.497349729043417,15,4.984670712402561,Moto,Foggy,Medium,Metropolitian,False,0,0,0,3493.3421664377897,3602.2978946333933,Rota_Reduzida,1
pedido_3488.2799324478638_456,131.73446360968777,99.66214724546332,99.66214724546332,3.4987641512822583,15,5.0,Van,Windy,High,Metropolitian,True,0,1,0,3488.2799324478638,3602.9420796933273,Nenhuma,1
pedido_3440.390277080897_421,174.72620672458925,168.02313578621315,153.02313578621315,6.608620468842426,10,4.384754843420875,Moto,Windy,Medium,Urban,False,0,0,0,3440.390277080897,3603.41341286711,Rota_Reduzida,0
pedido_3414.255875992326_401,195.38585785903024,191.04582479614652,176.04582479614652,18.805991586453835,15,4.381612048222009,Scooter,Windy,Jam,Metropolitian,False,0,1,0,3414.255875992326,3605.3017007884723,Aumento_Velocidade,0
pedido_3493.261666564265_462,128.90509781902426,122.66215662504678,107.66215662504678,0.0,5,4.853867995645668,Moto,Stormy,High,Urban,True,0,1,0,3493.261666564265,3605.923823189312,Aumento_Velocidade,1
pedido_3499.3176223531914_470,131.33049738607124,97.22713306829107,97.22713306829107,4.62465597146852,10,4.540527228259931,Van,Foggy,High,Metropolitian,True,0,1,0,3499.3176223531914,3606.5447554214825,Nenhuma,1
pedido_3487.2732849938866_454,129.70890435008266,119.77607361864781,104.77607361864781,1.7063530813566081,15,4.676635167843249,Scooter,Stormy,High,Metropolitian,True,0,1,0,3487.2732849938866,3607.0493586125344,Aumento_Velocidade,1
pedido_3493.349087369762_464,128.10338629484463,114.15821479930085,99.15821479930085,4.436446511540216,15,4.5896763867791295,Moto,Stormy,High,Metropolitian,False,0,1,0,3493.349087369762,3607.5073021690628,Aumento_Velocidade,1
pedido_3439.104194009544_419,186.19425401546061,173.7938552175409,158.7938552175409,11.792802379613354,10,4.423671883173928,Moto,Windy,Medium,Metropolitian,True,0,0,0,3439.104194009544,3607.898049227085,Rota_Reduzida,0
pedido_3508.5045263209863_478,106.12477895599727,109.89780350772776,94.89780350772776,6.154405086464081,5,4.5385220142855704,Moto,Sunny,High,Metropolitian,False,0,1,1,3508.5045263209863,3608.402329828714,Aumento_Velocidade,1
pedido_3481.6763438887797_451,136.19111753464716,136.95204816716713,121.95204816716713,12.671277624435513,5,4.547554592157253,Moto,Windy,Medium,Metropolitian,True,0,0,0,3481.6763438887797,3608.6283920559467,Rota_Reduzida,0
pedido_3554.355782499359_497,44.41327645604438,51.76473809150921,51.76473809150921,7.242298845225214,5,4.858962947108969,Scooter,Windy,High,Metropolitian,False,1,1,0,3554.355782499359,3611.120520590868,Nenhuma,1
pedido_3474.815207259332_442,143.84198131888297,139.62064297758837,124.62064297758837,11.208129860857918,15,4.9946252866415355,Scooter,Windy,Jam,Metropolitian,True,0,1,0,3474.815207259332,3614.4358502369205,Aumento_Velocidade,0
pedido_3524.4219311335187_481,131.65886392579003,102.38743523278816,87.38743523278816,12.182745071250205,5,4.542115680580076,Scooter,Stormy,High,Metropolitian,True,0,1,0,3524.4219311335187,3616.8093663663067,Aumento_Velocidade,1
pedido_3487.715145994697_455,134.79266861421107,131.3371090026738,116.3371090026738,5.658014938250567,15,4.685255040732823,Scooter,Stormy,Medium,Urban,True,0,0,0,3487.715145994697,3619.052254997371,Rota_Reduzida,1
pedido_3505.271704805635_475,100.14218440834149,111.5928521833827,111.5928521833827,2.1617582286181825,5,4.967620117901416,Moto,Windy,Low,Metropolitian,True,0,0,0,3505.271704805635,3621.8645569890177,Nenhuma,1
pedido_3501.9578902021344_473,135.20296211182148,125.03705908189932,110.03705908189932,4.0109592333740745,10,4.732186383523113,Moto,Windy,Medium,Urban,True,0,0,0,3501.9578902021344,3621.9949492840337,Rota_Reduzida,1
pedido_3555.233432530998_499,99.16415110617865,67.38356233233183,52.383562332331834,4.2149770575878325,15,4.6608866046806625,Scooter,Sunny,Jam,Metropolitian,False,0,1,1,3555.233432530998,3622.6169948633296,Aumento_Velocidade,1
pedido_3485.159823085762_453,135.78937388233808,139.0575063480145,124.0575063480145,6.744390918603692,15,4.794612990473233,Moto,Windy,Medium,Metropolitian,False,0,0,0,3485.159823085762,3624.2173294337767,Rota_Reduzida,0
pedido_3499.983890475115_471,140.62704366312087,125.88269754798304,110.88269754798304,14.660135202846465,15,4.625664931707889,Moto,Sandstorms,Jam,Urban,False,0,1,0,3499.983890475115,3625.866588023098,Aumento_Velocidade,1
pedido_3538.5497290809853_487,102.32357167097241,81.94356292308073,81.94356292308073,4.247418237565182,10,4.625753476341468,Moto,Stormy,Low,Metropolitian,False,0,0,0,3538.5497290809853,3630.493292004066,Nenhuma,1
pedido_3559.4621888029233_501,97.49009431361574,73.00080721040375,58.00080721040375,4.230088474917702,15,4.749834420479716,Moto,Sunny,High,Metropolitian,False,0,1,1,3559.4621888029233,3632.462996013327,Aumento_Velocidade,1
pedido_3497.28942925103_466,140.73872689688966,140.42839196466068,125.42839196466068,16.457506616681194,10,4.5019363314948855,Moto,Foggy,High,Metropolitian,False,0,1,0,3497.28942925103,3632.7178212156905,Aumento_Velocidade,0
pedido_3550.716268855266_495,95.86618252432808,87.40008255902664,72.40008255902664,0.9494290799413116,10,4.466809944745074,Scooter,Sunny,Medium,Metropolitian,False,0,0,1,3550.716268855266,3633.1163514142927,Rota_Reduzida,1
pedido_3527.489933523271_482,128.391554293676,107.17339315854122,92.17339315854122,5.085379820250379,15,4.679684196584973,Moto,Stormy,High,Metropolitian,False,0,1,0,3527.489933523271,3634.663326681812,Aumento_Velocidade,1
pedido_3547.125952751402_493,101.85067578837038,98.51597930821713,83.51597930821713,15.201401308918,5,4.9632669158388705,Moto,Sunny,High,Metropolitian,False,0,1,1,3547.125952751402,3635.641932059619,Aumento_Velocidade,1
pedido_3518.731482615878_480,102.50234768572008,104.73797058969623,104.73797058969623,16.10853451273282,15,4.893628171723993,Moto,Stormy,Low,Metropolitian,False,0,0,0,3518.731482615878,3638.469453205574,Nenhuma,1
pedido_3507.4794180823_477,143.91163808820735,140.44428433023342,125.44428433023342,16.097469079523165,10,4.606958749199172,Scooter,Foggy,High,Urban,True,0,1,0,3507.4794180823,3642.9237024125337,Aumento_Velocidade,0
pedido_3539.7779299526587_488,126.04543860273859,110.4860544607084,95.4860544607084,1.5404745921327243,10,4.452990898769129,Scooter,Stormy,High,Metropolitian,False,0,1,0,3539.7779299526587,3645.2639844133673,Aumento_Velocidade,1
pedido_3568.2486505447446_508,96.12338172112565,83.45516288516161,68.45516288516161,6.815616354084172,10,4.544437017515614,Scooter,Sunny,Medium,Metropolitian,False,0,0,1,3568.2486505447446,3646.7038134299064,Rota_Reduzida,1
pedido_3554.348199271401_496,99.27905819169862,105.17838243428288,90.17838243428288,7.212014823275491,5,4.831016537824737,Scooter,Sunny,Jam,Urban,False,0,1,1,3554.348199271401,3649.526581705684,Aumento_Velocidade,1
pedido_3468.811175721316_436,185.91254804119407,171.02689521805306,171.02689521805306,14.283691283932079,10,4.1488652521941995,Van,Sandstorms,High,Metropolitian,False,0,1,0,3468.811175721316,3649.838070939369,Nenhuma,0
pedido_3568.2224072835606_507,93.75313520710787,93.5160827712902,78.5160827712902,4.423734746014343,5,4.582119131550286,Scooter,Sunny,Medium,Metropolitian,False,0,0,1,3568.2224072835606,3651.738490054851,Rota_Reduzida,1
pedido_3479.4163757662936_448,170.2013288185103,163.9931579406453,163.9931579406453,8.471094935223794,10,4.177449828740822,Van,Sandstorms,Jam,Other,False,0,1,0,3479.4163757662936,3653.409533706939,Nenhuma,0
pedido_3549.6245149761166_494,127.28587340229943,104.76382534198464,89.76382534198464,2.9967009462673064,15,4.572315784874477,Moto,Foggy,Jam,Metropolitian,False,0,1,0,3549.6245149761166,3654.388340318101,Aumento_Velocidade,1
pedido_3547.060793086671_492,130.82602286753024,112.92208360183191,97.92208360183191,4.891047921700995,10,4.831370776605036,Moto,Windy,High,Metropolitian,False,0,1,0,3547.060793086671,3654.982876688503,Aumento_Velocidade,1
pedido_3532.1199029115996_484,136.91740120607304,125.12455237018048,110.12455237018048,15.835129146857565,15,4.472760312785504,Scooter,Sandstorms,High,Metropolitian,True,0,1,0,3532.1199029115996,3657.24445528178,Aumento_Velocidade,1
pedido_3541.8282876957996_489,132.35741618573067,125.55440648353945,110.55440648353945,4.77927665610008,5,4.6119056716407965,Moto,Foggy,High,Metropolitian,True,0,1,0,3541.8282876957996,3657.382694179339,Aumento_Velocidade,1
pedido_3566.5715999223958_506,133.50287630574877,103.05474471285203,88.05474471285203,18.067007513330474,5,4.570047294752755,Moto,Windy,High,Metropolitian,False,0,1,0,3566.5715999223958,3659.6263446352477,Aumento_Velocidade,1
pedido_3545.6248464893906_491,105.19975107848433,124.19658155632669,109.19658155632669,15.397338963408952,5,4.639348011891281,Moto,Sunny,High,Metropolitian,True,0,1,1,3545.6248464893906,3659.8214280457173,Aumento_Velocidade,1
pedido_3568.474388467689_509,101.53653060362772,101.77449467278218,86.77449467278218,13.552264722494304,10,4.681716484406306,Moto,Sunny,High,Urban,False,0,1,1,3568.474388467689,3665.248883140471,Aumento_Velocidade,1
pedido_3566.5591464038794_505,101.84744541225125,85.96353560302722,85.96353560302722,14.413512055483823,15,4.540696350872367,Moto,Sandstorms,Low,Metropolitian,True,0,0,0,3566.5591464038794,3667.5226820069065,Nenhuma,1
pedido_3591.196622123035_534,102.50123768847499,91.97354818909331,76.97354818909331,18.46688165831221,5,4.650802548869877,Moto,Sunny,High,Metropolitian,False,0,1,1,3591.196622123035,3673.1701703121284,Aumento_Velocidade,1
pedido_3560.3449860624123_502,134.69190160391113,120.25421355739002,105.25421355739002,10.876529463911655,10,4.980412496262257,Moto,Stormy,Medium,Metropolitian,False,0,0,0,3560.3449860624123,3675.599199619802,Rota_Reduzida,1
pedido_3582.9632050936234_525,102.80851592308122,103.28545777741842,88.28545777741842,16.266522467098042,5,4.715126251349279,Scooter,Sunny,Medium,Metropolitian,False,0,0,1,3582.9632050936234,3676.2486628710417,Rota_Reduzida,1
pedido_3575.322034537791_518,100.98917410374925,92.1291233423439,92.1291233423439,8.33682573630515,10,4.644687134901282,Moto,Sandstorms,Low,Metropolitian,False,0,0,0,3575.322034537791,3677.451157880135,Nenhuma,1
pedido_3538.5407174982015_486,139.03865006241054,139.51338992992999,124.51338992992999,13.352171672856818,15,4.800570725157261,Moto,Sandstorms,Jam,Metropolitian,False,0,1,0,3538.5407174982015,3678.0541074281314,Aumento_Velocidade,0
pedido_3490.855804711921_461,193.699593113112,187.86611586702116,172.86611586702116,2.494486987891327,15,4.433338776914269,Scooter,Sunny,High,Metropolitian,False,0,1,1,3490.855804711921,3678.721920578942,Aumento_Velocidade,0
pedido_3543.249421498275_490,142.2548310866153,137.87135073211206,122.87135073211206,17.64862988777561,15,4.597144565557305,Moto,Foggy,High,Metropolitian,False,0,1,0,3543.249421498275,3681.120772230387,Aumento_Velocidade,0
pedido_3563.878297992156_504,141.67887272572975,122.33335147945772,107.33335147945772,15.21412251274487,10,5.0,Scooter,Foggy,High,Urban,False,0,1,0,3563.878297992156,3681.211649471614,Aumento_Velocidade,1
pedido_3518.504464709743_479,177.56279502170682,173.17164912140072,158.17164912140072,5.661285903435321,5,4.2491697896612015,Moto,Stormy,Jam,Metropolitian,False,0,1,0,3518.504464709743,3681.6761138311435,Aumento_Velocidade,0
pedido_3573.480816457799_515,128.36289524510315,113.78861663152178,98.78861663152178,8.982089902694264,10,4.619800532304855,Moto,Sandstorms,Jam,Metropolitian,True,0,1,0,3573.480816457799,3682.2694330893205,Aumento_Velocidade,1
pedido_3568.6769457435603_510,122.54819110943788,118.70927918468539,103.70927918468539,3.391316125985359,10,4.81564445076034,Moto,Stormy,Jam,Metropolitian,False,0,1,0,3568.6769457435603,3682.3862249282456,Aumento_Velocidade,1
pedido_3534.8052586685208_485,131.68252913169783,135.44153298304403,135.44153298304403,3.730207328973235,15,4.591736327227459,Van,Windy,High,Urban,False,0,1,0,3534.8052586685208,3685.2467916515648,Nenhuma,0
pedido_3573.3771976931876_514,134.0293638312794,118.38218043340527,103.38218043340527,7.8168107118487935,10,4.607050634390926,Scooter,Foggy,High,Urban,False,0,1,0,3573.3771976931876,3686.7593781265928,Aumento_Velocidade,1
pedido_3554.9055330039123_498,133.09159733098105,133.30271843456612,118.30271843456612,1.9916177410974765,15,4.721917627481594,Moto,Stormy,Medium,Metropolitian,False,0,0,0,3554.9055330039123,3688.2082514384783,Rota_Reduzida,1
pedido_3610.926300366863_546,97.86453065776793,88.63062389345247,73.63062389345247,7.598014407863458,5,4.887791491122039,Moto,Sunny,High,Urban,True,0,1,1,3610.926300366863,3689.5569242603156,Aumento_Velocidade,1
pedido_3589.1058888071025_533,139.30555996837478,111.74448972722814,96.74448972722814,12.94356024736216,5,4.661145320773759,Scooter,Sandstorms,Jam,Urban,False,0,1,0,3589.1058888071025,3690.8503785343305,Aumento_Velocidade,1
pedido_3597.7997492271443_537,134.68446683212727,99.09217239580757,84.09217239580757,14.174166076295503,10,4.62208270253269,Scooter,Sandstorms,High,Metropolitian,False,0,1,0,3597.7997492271443,3691.891921622952,Aumento_Velocidade,1
pedido_3580.775202782576_523,134.31615932826077,112.12527091872721,97.12527091872721,0.5876996596608626,15,4.589150487279352,Moto,Windy,Medium,Metropolitian,False,0,0,0,3580.775202782576,3692.900473701303,Rota_Reduzida,1
pedido_3588.943225170289_532,98.88622183501751,98.98454024404123,98.98454024404123,8.990509192371627,5,4.469559796975273,Moto,Foggy,Low,Metropolitian,False,0,0,0,3588.943225170289,3692.9277654143307,Nenhuma,1
pedido_3578.938828982938_521,139.83112485148473,121.25500619560532,106.25500619560532,16.489246031617753,10,4.8364294090103614,Scooter,Sandstorms,Jam,Metropolitian,False,0,1,0,3578.938828982938,3695.1938351785434,Aumento_Velocidade,1
pedido_3637.33609062641_559,56.680920282760795,49.36167172259666,49.36167172259666,15.477577773124567,10,4.438973160875566,Moto,Windy,Low,Metropolitian,True,1,0,0,3637.33609062641,3696.697762349007,Nenhuma,1
pedido_3575.6248341248083_519,126.50476982712057,127.9161519009536,112.9161519009536,2.1679035816058456,10,4.842336779407684,Moto,Sandstorms,Jam,Urban,True,0,1,0,3575.6248341248083,3698.540986025762,Aumento_Velocidade,1
pedido_3614.6732108202445_548,101.9748616258199,94.14669272340258,79.14669272340258,16.655710194329984,5,4.956222869690802,Moto,Sunny,High,Metropolitian,False,0,1,1,3614.6732108202445,3698.8199035436473,Aumento_Velocidade,1
pedido_3561.5497651874966_503,174.74106983817833,137.32094848018113,122.32094848018113,4.884100355311703,15,4.416539511596631,Moto,Foggy,Medium,Urban,False,0,0,0,3561.5497651874966,3698.8707136676776,Rota_Reduzida,0
pedido_3598.455426035497_538,132.5890508583103,100.51787842839741,85.51787842839741,15.942758754362035,15,4.581921622583401,Moto,Windy,High,Metropolitian,False,0,1,0,3598.455426035497,3698.9733044638947,Aumento_Velocidade,1
pedido_3596.9155704665386_536,135.39823089047906,109.54992063711657,94.54992063711657,18.053157616321407,10,4.735135954676981,Moto,Sandstorms,High,Urban,True,0,1,0,3596.9155704665386,3701.465491103655,Aumento_Velocidade,1
pedido_3583.981825456631_529,135.8762877971936,128.268653606937,113.268653606937,12.56845868414596,5,4.766364657603372,Moto,Windy,High,Urban,True,0,1,0,3583.981825456631,3702.250479063568,Aumento_Velocidade,1
pedido_3592.383154894119_535,133.41575549317676,111.50201874981171,96.50201874981171,7.765611762470189,15,4.671920739818266,Moto,Sandstorms,Medium,Metropolitian,False,0,0,0,3592.383154894119,3703.8851736439306,Rota_Reduzida,1
pedido_3653.6255454124357_574,44.817612498589995,40.75824909893774,40.75824909893774,8.260817960193096,10,4.691837889057494,Moto,Windy,High,Urban,True,1,1,0,3653.6255454124357,3704.3837945113733,Nenhuma,1
pedido_3580.7527378226955_522,135.17790609396323,124.5959703588332,109.5959703588332,17.31417662233409,15,4.6373730298419416,Scooter,Sandstorms,High,Metropolitian,True,0,1,0,3580.7527378226955,3705.3487081815288,Aumento_Velocidade,1
pedido_3581.076660416938_524,135.39293809556557,134.79619387534396,119.79619387534396,10.451425359159543,5,4.638855120536555,Moto,Windy,High,Metropolitian,False,0,1,0,3581.076660416938,3705.8728542922818,Aumento_Velocidade,1
pedido_3574.9182545281524_517,140.4871397671035,126.82276528740195,126.82276528740195,16.32282812263937,5,4.828793905963655,Van,Foggy,High,Metropolitian,False,0,1,0,3574.9182545281524,3706.7410198155544,Nenhuma,0
pedido_3578.53024229825_520,134.29372904760223,128.6034415877348,113.6034415877348,10.317160734507496,15,4.9226591009196285,Scooter,Sandstorms,High,Metropolitian,True,0,1,0,3578.53024229825,3707.1336838859847,Aumento_Velocidade,1
pedido_3629.500556979833_552,101.61481017132195,85.1803416150334,70.1803416150334,15.464127313248401,10,4.734492654673951,Scooter,Sunny,High,Urban,False,0,1,1,3629.500556979833,3709.6808985948664,Aumento_Velocidade,1
pedido_3569.2856552761327_511,152.85304876009766,147.57658505748452,132.57658505748452,19.628816735956377,10,5.0,Moto,Foggy,Jam,Urban,False,0,1,0,3569.2856552761327,3711.862240333617,Aumento_Velocidade,0
pedido_3618.397827472612_550,100.39675232132366,98.6916398979986,83.6916398979986,4.824750029129984,10,4.67159829969972,Moto,Sunny,Jam,Metropolitian,True,0,1,1,3618.397827472612,3712.0894673706107,Aumento_Velocidade,1
pedido_3669.7201862089346_586,37.492461560933926,32.56337050454326,32.56337050454326,17.032271695208465,10,4.711089293712722,Van,Sunny,Jam,Metropolitian,True,1,1,1,3669.7201862089346,3712.283556713478,Nenhuma,1
pedido_3612.1834249778713_547,101.29487390263023,85.56954406454093,85.56954406454093,22.025020337326183,15,4.698858628262615,Moto,Sandstorms,Low,Metropolitian,False,0,0,0,3612.1834249778713,3712.752969042412,Nenhuma,1
pedido_3573.618062966662_516,133.0184660860421,124.27717524337248,124.27717524337248,11.12829288545785,15,4.859161591296977,Van,Sandstorms,High,Metropolitian,False,0,1,0,3573.618062966662,3712.895238210034,Nenhuma,0
pedido_3586.93934391956_531,129.66708650087736,140.21948744712006,125.21948744712006,16.005213163752025,5,4.486953806025727,Moto,Windy,Medium,Other,False,0,0,0,3586.93934391956,3717.1588313666803,Rota_Reduzida,0
pedido_3583.6817706866746_526,136.72204101071284,142.05264184819788,127.05264184819788,15.309677472149172,10,4.4867699541846795,Scooter,Sandstorms,High,Metropolitian,True,0,1,0,3583.6817706866746,3720.7344125348723,Aumento_Velocidade,0
pedido_3609.4601749996273_542,136.5304568569866,111.68631324118952,96.68631324118952,17.55091532678474,15,4.519200680576527,Scooter,Sandstorms,High,Metropolitian,False,0,1,0,3609.4601749996273,3721.146488240817,Aumento_Velocidade,1
pedido_3609.9285177705765_543,128.64689808372484,111.37223966747698,96.37223966747698,8.893957459333738,15,4.834905187570391,Moto,Stormy,High,Metropolitian,False,0,1,0,3609.9285177705765,3721.3007574380536,Aumento_Velocidade,1
pedido_3610.6119237877188_545,131.0018788877529,123.32164806527868,108.32164806527868,11.497346228759541,5,4.563471692072045,Moto,Stormy,High,Metropolitian,False,0,1,0,3610.6119237877188,3723.9335718529974,Aumento_Velocidade,1
pedido_3586.867109461571_530,130.40343468734383,133.72368877782907,133.72368877782907,2.200788849894549,5,4.961162801477641,Van,Windy,Jam,Metropolitian,False,0,1,0,3586.867109461571,3725.5907982394,Nenhuma,0
pedido_3655.792329108595_575,99.13226216411756,79.98314639569575,64.98314639569575,5.116043865701971,5,4.889961429983622,Moto,Sunny,High,Metropolitian,True,0,1,1,3655.792329108595,3725.7754755042906,Aumento_Velocidade,1
pedido_3583.7515431394204_527,141.67941332302524,143.88174610604403,128.88174610604403,14.357415081908778,15,4.505503891135854,Moto,Foggy,Medium,Metropolitian,False,0,0,0,3583.7515431394204,3727.6332892454643,Rota_Reduzida,0
pedido_3610.217981806169_544,127.2412030103888,129.64301597230127,114.64301597230127,5.606403784436667,5,4.61177931428303,Moto,Stormy,High,Metropolitian,False,0,1,0,3610.217981806169,3729.8609977784704,Aumento_Velocidade,1
pedido_3602.894265254546_541,132.42513741150682,128.04772280310613,113.04772280310613,6.6543363967295655,15,4.63517626358969,Moto,Sandstorms,High,Metropolitian,False,0,1,0,3602.894265254546,3730.9419880576525,Aumento_Velocidade,1
pedido_3617.8669294913598_549,110.96649076751632,108.76110840772822,108.76110840772822,11.909936316741506,5,4.833100231666581,Moto,Foggy,Low,Metropolitian,False,0,0,0,3617.8669294913598,3731.6280378990878,Nenhuma,1
pedido_3572.272949483023_513,175.43030116636646,170.99934362512872,155.99934362512872,4.007087735068658,5,4.417633829300046,Moto,Stormy,High,Metropolitian,False,0,1,0,3572.272949483023,3733.2722931081516,Aumento_Velocidade,0
pedido_3649.7984684296193_570,101.29554141607021,86.11686516955446,71.11686516955446,14.847409074201876,15,4.900204748056338,Scooter,Sunny,High,Metropolitian,False,0,1,1,3649.7984684296193,3735.9153335991737,Aumento_Velocidade,1
pedido_3635.295247579834_558,124.87153509361714,97.09292695105245,97.09292695105245,0.09406256233195531,5,4.756396027271937,Van,Sandstorms,Jam,Metropolitian,False,0,1,0,3635.295247579834,3737.3881745308863,Nenhuma,1
pedido_3695.2734632191386_612,60.59208577968293,53.23157064541031,38.23157064541031,15.626031182611262,5,4.404498910956658,Moto,Stormy,High,Urban,True,1,1,0,3695.2734632191386,3738.5050338645487,Aumento_Velocidade,1
pedido_3698.536946579565_613,47.83379719091464,25.333906393031462,25.333906393031462,17.606002002770392,15,4.514884155717922,Scooter,Windy,High,Metropolitian,True,1,1,0,3698.536946579565,3738.870852972597,Nenhuma,1
pedido_3648.359672279669_568,131.97394327279736,91.61100940541314,76.61100940541314,7.397495533586179,15,5.0,Moto,Stormy,High,Metropolitian,False,0,1,0,3648.359672279669,3739.970681685082,Aumento_Velocidade,1
pedido_3631.8836642839624_554,111.33759280310433,103.4270532297435,103.4270532297435,13.419651894983426,5,5.0,Moto,Foggy,Low,Metropolitian,True,0,0,0,3631.8836642839624,3740.310717513706,Nenhuma,1
pedido_3599.5399201564646_539,175.6526224766438,143.18467877807583,128.18467877807583,5.6896435815012465,15,4.39898577059368,Scooter,Stormy,High,Metropolitian,False,0,1,0,3599.5399201564646,3742.7245989345406,Aumento_Velocidade,0
pedido_3642.370166609666_562,102.95583605120125,85.36969208521161,85.36969208521161,6.9676705271639365,15,4.678190188421163,Scooter,Stormy,Low,Metropolitian,False,0,0,0,3642.370166609666,3742.7398586948775,Nenhuma,1
pedido_3703.314811776223_618,45.78580029679964,27.852280759237182,27.852280759237182,15.877905576064762,15,4.784541247843771,Moto,Sunny,Low,Metropolitian,True,1,0,1,3703.314811776223,3746.16709253546,Nenhuma,1
pedido_3642.2701045126737_561,103.09905219966733,98.99045169044314,98.99045169044314,0.0,5,5.0,Scooter,Sandstorms,Low,Metropolitian,False,0,0,0,3642.2701045126737,3746.2605562031167,Nenhuma,1
pedido_3634.0765621039136_556,130.63771954942922,114.13289715135141,99.13289715135141,1.268285720530618,15,4.682453698109655,Moto,Stormy,Medium,Urban,True,0,0,0,3634.0765621039136,3748.209459255265,Rota_Reduzida,1
pedido_3629.5082789911203_553,133.84444198160432,123.80599838712419,108.80599838712419,13.294043234346004,10,4.720040363761276,Scooter,Windy,High,Metropolitian,False,0,1,0,3629.5082789911203,3748.3142773782447,Aumento_Velocidade,1
pedido_3678.1901676720377_598,94.62709761748562,77.69227230472305,62.69227230472305,3.9385375308651387,10,4.761107633730732,Moto,Sunny,Medium,Metropolitian,False,0,0,1,3678.1901676720377,3750.882439976761,Rota_Reduzida,1
pedido_3638.6537959067637_560,128.79852146034818,114.31004624995299,99.31004624995299,8.214610133521134,15,4.7805347283898,Moto,Stormy,High,Urban,False,0,1,0,3638.6537959067637,3752.9638421567165,Aumento_Velocidade,1
pedido_3625.221207354253_551,133.2366472173958,138.15662580094101,123.15662580094101,1.3126628587570943,5,4.549467609808072,Scooter,Foggy,High,Metropolitian,False,0,1,0,3625.221207354253,3753.377833155194,Aumento_Velocidade,0
pedido_3714.40861907885_626,53.600108817500875,31.907005056110677,31.907005056110677,3.836529278699636,10,4.509984891350699,Scooter,Sandstorms,Medium,Metropolitian,False,1,0,0,3714.40861907885,3756.3156241349607,Nenhuma,1
pedido_3633.584691887461_555,130.8525413370175,123.24881579881998,108.24881579881998,11.69996621210559,15,4.541935639626224,Moto,Stormy,High,Urban,False,0,1,0,3633.584691887461,3756.833507686281,Aumento_Velocidade,1
pedido_3691.0408880650216_607,98.73348133575344,76.39823791359282,61.39823791359282,5.9542622180754865,5,4.579293846855934,Moto,Sunny,High,Metropolitian,False,0,1,1,3691.0408880650216,3757.4391259786144,Aumento_Velocidade,1
pedido_3648.0994151783575_567,133.5510424788925,122.61329360928175,107.61329360928175,10.667454891445455,5,4.963074196478401,Moto,Stormy,High,Urban,False,0,1,0,3648.0994151783575,3760.7127087876393,Aumento_Velocidade,1
pedido_3634.702809496106_557,137.61740068824457,126.09582507437742,111.09582507437742,3.3607573143046006,15,5.0,Moto,Sandstorms,High,Metropolitian,False,0,1,0,3634.702809496106,3760.7986345704835,Aumento_Velocidade,1
pedido_3649.440669163976_569,141.3178313642075,116.58147241647613,101.58147241647613,14.72438762692367,10,4.64794329332454,Scooter,Foggy,High,Metropolitian,False,0,1,0,3649.440669163976,3761.022141580452,Aumento_Velocidade,1
pedido_3747.477142890363_653,35.15952742806556,0.0,0.0,2.5145855650438422,15,4.89912476919293,Moto,Sandstorms,Low,Metropolitian,False,1,0,0,3747.477142890363,3762.477142890363,Nenhuma,1
pedido_3651.109505450904_571,133.26804573362438,122.74951786134187,107.74951786134187,8.948272047394338,5,4.694429293231076,Scooter,Foggy,High,Metropolitian,True,0,1,0,3651.109505450904,3763.859023312246,Aumento_Velocidade,1
pedido_3571.6481702645574_512,202.64295872213773,193.22900968093774,178.22900968093774,11.731868088599882,15,4.272148962172818,Moto,Foggy,Jam,Metropolitian,False,0,1,0,3571.6481702645574,3764.8771799454953,Aumento_Velocidade,0
pedido_3646.000476589459_565,130.69048923704733,125.55689191758239,110.55689191758239,0.0,10,4.720047334047205,Moto,Sandstorms,High,Metropolitian,True,0,1,0,3646.000476589459,3766.5573685070417,Aumento_Velocidade,1
pedido_3666.11919086929_579,125.66180564290056,111.32753409402207,96.32753409402207,4.377425720196319,5,4.664211498759286,Scooter,Sandstorms,Jam,Metropolitian,True,0,1,0,3666.11919086929,3767.446724963312,Aumento_Velocidade,1
pedido_3602.7577800945814_540,189.63466935579996,169.96685706376422,154.96685706376422,8.843253593893756,10,4.2805690342699565,Moto,Sunny,High,Metropolitian,True,0,1,1,3602.7577800945814,3767.7246371583456,Aumento_Velocidade,0
pedido_3675.906640824161_594,132.54464392905672,97.9048551042639,82.9048551042639,6.8646293007295185,10,4.67664417901439,Scooter,Windy,High,Urban,False,0,1,0,3675.906640824161,3768.811495928425,Aumento_Velocidade,1
pedido_3583.9196619141285_528,188.8313309417152,197.22906573298712,182.22906573298712,14.70592537964546,5,4.435607108475773,Scooter,Sandstorms,Medium,Urban,False,0,0,0,3583.9196619141285,3771.1487276471157,Rota_Reduzida,0
pedido_3667.635198032382_582,98.66226455212755,96.7876223182826,96.7876223182826,0.0,10,4.8239811069386045,Van,Sunny,Jam,Urban,False,0,1,1,3667.635198032382,3774.4228203506646,Nenhuma,1
pedido_3647.274275724989_566,129.99146977646632,137.7746802582347,122.7746802582347,13.145154908332763,5,4.748163439944228,Scooter,Stormy,High,Metropolitian,False,0,1,0,3647.274275724989,3775.0489559832235,Aumento_Velocidade,0
pedido_3643.9687462597813_563,134.3699309482208,132.2439672512783,117.24396725127829,12.59437916832305,15,4.809196743136747,Moto,Stormy,Jam,Metropolitian,False,0,1,0,3643.9687462597813,3776.2127135110595,Aumento_Velocidade,1
pedido_3645.443296928969_564,130.51003215022882,141.2859797538762,126.2859797538762,2.9332608102641897,5,4.828718580510541,Scooter,Windy,High,Urban,False,0,1,0,3645.443296928969,3776.7292766828455,Aumento_Velocidade,0
pedido_3659.9844349864397_577,113.64738995119814,103.38030256715545,103.38030256715545,18.509719931051006,15,4.7841204637037285,Scooter,Foggy,Low,Metropolitian,True,0,0,0,3659.9844349864397,3778.364737553595,Nenhuma,1
pedido_3651.965966492531_573,143.67824983392518,127.42934791046815,112.42934791046815,17.143737879878426,15,4.480911349067311,Moto,Foggy,Medium,Metropolitian,True,0,0,0,3651.965966492531,3779.3953144029992,Rota_Reduzida,1
pedido_3695.2231162368607_611,97.73645979857947,90.64364652406056,75.64364652406056,4.797659294281858,10,4.78381961229295,Scooter,Sunny,High,Metropolitian,False,0,1,1,3695.2231162368607,3780.866762760921,Aumento_Velocidade,1
pedido_3668.930533353757_583,133.77803134343924,119.66436956928317,104.66436956928317,16.746380814153223,10,4.924133650756967,Moto,Windy,High,Urban,False,0,1,0,3668.930533353757,3783.59490292304,Aumento_Velocidade,1
pedido_3671.0246890935696_588,128.25019140690878,124.4207792683452,109.4207792683452,6.154673613702634,5,4.511168384823822,Moto,Windy,High,Metropolitian,False,0,1,0,3671.0246890935696,3785.4454683619147,Aumento_Velocidade,1
pedido_3670.615523107535_587,102.35970845081678,106.88992837856625,106.88992837856625,18.93574961262336,10,4.5987648121629485,Van,Sunny,High,Metropolitian,False,0,1,1,3670.615523107535,3787.5054514861013,Nenhuma,1
pedido_3677.304274664227_596,132.36481215780856,111.33513488262139,96.33513488262139,3.9638811522749755,15,4.652397655369506,Moto,Sandstorms,High,Metropolitian,False,0,1,0,3677.304274664227,3788.639409546848,Aumento_Velocidade,1
pedido_3682.2006757567888_604,102.73813257227046,102.35444973906601,102.35444973906601,6.5853789702016625,5,4.4776192642551065,Moto,Windy,Low,Metropolitian,True,0,0,0,3682.2006757567888,3789.5551254958546,Nenhuma,1
pedido_3657.7066447585244_576,135.17722456092622,141.92094874855437,126.92094874855437,16.950062255527833,5,5.0,Moto,Sandstorms,High,Metropolitian,False,0,1,0,3657.7066447585244,3789.627593507079,Aumento_Velocidade,0
pedido_3706.7845947395854_621,96.36851159125553,87.97373123283988,72.97373123283988,7.051529844916755,10,4.50093270730536,Moto,Sunny,Medium,Urban,False,0,0,1,3706.7845947395854,3789.758325972425,Rota_Reduzida,1
pedido_3651.7118393048227_572,131.11099763030037,148.36604045385153,133.36604045385153,12.277085637779773,5,4.509042367205103,Moto,Stormy,High,Urban,False,0,1,0,3651.7118393048227,3790.077879758674,Aumento_Velocidade,0
pedido_3678.606338291887_599,129.74544518860114,113.66320295580911,98.66320295580911,3.658185291459251,15,4.537676668811743,Moto,Sandstorms,High,Metropolitian,True,0,1,0,3678.606338291887,3792.269541247696,Aumento_Velocidade,1
pedido_3673.468961158138_591,127.64893682947027,118.80857377346192,103.80857377346192,5.183090491374299,15,4.62304185865685,Moto,Foggy,Medium,Metropolitian,True,0,0,0,3673.468961158138,3792.2775349316,Rota_Reduzida,1
pedido_3667.2197603127333_580,135.05513626840565,125.61225668975038,110.61225668975038,16.586117980809583,15,4.499696991337047,Moto,Windy,Medium,Urban,False,0,0,0,3667.2197603127333,3792.8320170024836,Rota_Reduzida,1
pedido_3665.0820697351205_578,135.69720130713512,123.25191694408369,123.25191694408369,13.858402115320175,5,4.904984450935376,Van,Windy,Jam,Metropolitian,False,0,1,0,3665.0820697351205,3793.3339866792044,Nenhuma,0
pedido_3708.537934776365_622,98.37441375212673,95.09017022922419,80.09017022922419,5.208963206627158,5,4.591369436048449,Moto,Sunny,Medium,Metropolitian,True,0,0,1,3708.537934776365,3793.628105005589,Rota_Reduzida,1
pedido_3675.0545812870428_593,134.19204391614005,129.158584428661,114.15858442866099,20.40681829893853,5,4.5560562988825275,Moto,Stormy,High,Metropolitian,False,0,1,0,3675.0545812870428,3794.213165715704,Aumento_Velocidade,1
pedido_3677.501962891472_597,132.1214206828547,118.1080823110423,103.1080823110423,5.330061184863979,15,4.62658601105415,Moto,Sandstorms,High,Metropolitian,False,0,1,0,3677.501962891472,3795.6100452025144,Aumento_Velocidade,1
pedido_3678.6501535169587_600,132.00847413919303,127.18087806760889,112.18087806760889,8.00870809143809,5,4.773092750439312,Moto,Stormy,Medium,Urban,True,0,0,0,3678.6501535169587,3795.8310315845674,Rota_Reduzida,1
pedido_3669.3556219507104_584,139.33224095092257,122.57192870185257,122.57192870185257,17.88968080274507,5,4.537281925183893,Van,Stormy,Jam,Urban,False,0,1,0,3669.3556219507104,3796.927550652563,Nenhuma,0
pedido_3667.3915206051042_581,132.0143942073065,139.71296417564108,124.71296417564108,5.41655215736424,5,4.699371446496257,Moto,Sandstorms,High,Urban,False,0,1,0,3667.3915206051042,3797.104484780745,Aumento_Velocidade,0
pedido_3672.6652845388135_590,127.68010944167173,129.4781385187098,114.47813851870981,5.871257781804041,10,4.680475907266153,Moto,Stormy,High,Metropolitian,True,0,1,0,3672.6652845388135,3797.1434230575233,Aumento_Velocidade,1
pedido_3689.3695121258456_606,134.05618403169638,118.95504473804854,103.95504473804854,5.033578423413514,5,4.8104142202549625,Scooter,Foggy,High,Metropolitian,False,0,1,0,3689.3695121258456,3798.324556863894,Aumento_Velocidade,1
pedido_3743.0334213941633_649,44.66632085643486,50.43880458108345,50.43880458108345,18.745861458996014,5,4.56583182965382,Moto,Stormy,High,Metropolitian,False,1,1,0,3743.0334213941633,3798.4722259752466,Nenhuma,1
pedido_3671.806929213035_589,131.11359947212316,141.0534251577586,126.0534251577586,9.542645808870436,5,4.646422814670575,Scooter,Windy,Jam,Metropolitian,True,0,1,0,3671.806929213035,3802.8603543707936,Aumento_Velocidade,0
pedido_3692.89358263275_608,127.2412030103888,115.70931247277609,100.70931247277609,5.696149584276043,10,4.64849228098753,Scooter,Stormy,High,Metropolitian,False,0,1,0,3692.89358263275,3803.6028951055264,Aumento_Velocidade,1
pedido_3669.569893794751_585,149.14368222883098,144.91036049110156,129.91036049110156,13.95607801247796,5,4.732870435830039,Moto,Foggy,Jam,Metropolitian,False,0,1,0,3669.569893794751,3804.4802542858524,Aumento_Velocidade,0
pedido_3694.574262155142_610,137.36614509839754,110.2094321992112,95.2094321992112,13.561825525165782,15,4.550108434128492,Moto,Stormy,Jam,Metropolitian,True,0,1,0,3694.574262155142,3804.7836943543534,Aumento_Velocidade,1
pedido_3686.87756311644_605,125.93479861990818,118.78321351898663,103.78321351898663,8.90676022630489,15,4.526796457070055,Scooter,Sandstorms,Jam,Metropolitian,False,0,1,0,3686.87756311644,3805.6607766354264,Aumento_Velocidade,1
pedido_3681.9514494468776_603,136.21039020730726,133.3570405547484,118.35704055474841,0.16361607977039405,10,5.0,Moto,Sandstorms,High,Urban,False,0,1,0,3681.9514494468776,3810.308490001626,Aumento_Velocidade,1
pedido_3704.8652949433717_619,132.06236376967018,106.34264775381273,91.34264775381273,8.84989048263618,15,4.775570195146376,Moto,Stormy,Medium,Metropolitian,True,0,0,0,3704.8652949433717,3811.2079426971845,Rota_Reduzida,1
pedido_3676.662654646541_595,135.36727924743076,144.64500552834602,129.64500552834602,19.745507055751084,5,4.768841907589596,Moto,Sandstorms,High,Urban,False,0,1,0,3676.662654646541,3811.307660174887,Aumento_Velocidade,0
pedido_3738.1414995586506_645,103.64871864064442,79.69610577202414,64.69610577202414,15.056234643259376,10,4.932265313413079,Moto,Sunny,High,Urban,True,0,1,1,3738.1414995586506,3812.8376053306747,Aumento_Velocidade,1
pedido_3700.9546944467743_615,128.50603580235025,122.61473787931439,107.61473787931439,7.8510146676224135,5,4.793067443462871,Moto,Stormy,High,Metropolitian,True,0,1,0,3700.9546944467743,3813.5694323260886,Aumento_Velocidade,1
pedido_3694.27721804517_609,132.4737319597097,130.78094856743218,115.78094856743218,6.104644021585154,5,4.5655543297114285,Moto,Sandstorms,High,Urban,False,0,1,0,3694.27721804517,3815.058166612602,Aumento_Velocidade,1
pedido_3699.892425489654_614,129.24031111658357,117.2814950243677,102.2814950243677,2.9640204166633723,15,4.540588107726787,Scooter,Sandstorms,Medium,Urban,False,0,0,0,3699.892425489654,3817.173920514022,Rota_Reduzida,1
pedido_3701.5483801306978_616,129.70890435008266,126.32828161700496,111.32828161700496,1.6567263022808434,5,4.704076888251583,Scooter,Stormy,High,Metropolitian,True,0,1,0,3701.5483801306978,3817.8766617477027,Aumento_Velocidade,1
pedido_3720.298484478697_628,95.54621114191794,91.9879642819931,91.9879642819931,8.55719833397048,10,4.626140260941106,Van,Sunny,High,Urban,False,0,1,1,3720.298484478697,3822.2864487606903,Nenhuma,1
pedido_3721.7782774579227_629,99.8149587025206,87.34360865415381,87.34360865415381,3.797274476715803,15,4.767542681794001,Scooter,Foggy,Low,Metropolitian,False,0,0,0,3721.7782774579227,3824.1218861120765,Nenhuma,1
pedido_3713.9491265347756_625,124.67640011250998,121.49651417004755,106.49651417004755,2.4484977418202925,5,4.920993698632835,Moto,Sandstorms,Jam,Metropolitian,False,0,1,0,3713.9491265347756,3825.4456407048233,Aumento_Velocidade,1
pedido_3783.6080211617955_688,39.67836940296479,36.94382475265877,36.94382475265877,1.6459467968448647,5,4.754789572095145,Moto,Sunny,Jam,Metropolitian,False,1,1,1,3783.6080211617955,3825.551845914454,Nenhuma,1
pedido_3728.449419910474_633,101.82443410516946,107.30475772233355,92.30475772233355,13.068573881090439,5,4.6425289272368335,Moto,Sunny,High,Metropolitian,False,0,1,1,3728.449419910474,3825.7541776328076,Aumento_Velocidade,1
pedido_3772.03321587411_679,44.18930381374721,41.52953517571788,41.52953517571788,14.737562731627909,15,4.6029344954220806,Moto,Foggy,Jam,Metropolitian,False,1,1,0,3772.03321587411,3828.5627510498275,Nenhuma,1
pedido_3681.7452564700293_602,144.7088403458744,147.5222474165432,132.5222474165432,13.732889489163234,15,5.0,Scooter,Foggy,High,Urban,True,0,1,0,3681.7452564700293,3829.2675038865723,Aumento_Velocidade,0
pedido_3722.4160418513043_630,129.76486193434457,117.26222033400995,102.26222033400995,14.196828899952136,5,4.57279552570182,Moto,Stormy,High,Metropolitian,False,0,1,0,3722.4160418513043,3829.6782621853145,Aumento_Velocidade,1
pedido_3710.164852578961_623,135.17790609396323,119.95715022148616,104.95715022148616,17.30438191063372,15,4.5985519155195425,Scooter,Sandstorms,High,Metropolitian,True,0,1,0,3710.164852578961,3830.1220028004473,Aumento_Velocidade,1
pedido_3718.7525297974457_627,131.98307787430886,111.67230191133449,96.67230191133449,9.670791149017457,15,4.475131880370616,Moto,Sandstorms,Medium,Urban,False,0,0,0,3718.7525297974457,3830.4248317087804,Rota_Reduzida,1
pedido_3759.5113647893113_663,98.66723304363478,82.48397432100481,67.48397432100481,13.164225995413545,5,4.605137867043375,Scooter,Sunny,Medium,Metropolitian,False,0,0,1,3759.5113647893113,3831.9953391103163,Rota_Reduzida,1
pedido_3772.5892315894207_680,50.655267900856224,49.41450070972584,49.41450070972584,15.108895941407404,10,4.983529987591427,Scooter,Windy,Medium,Metropolitian,False,1,0,0,3772.5892315894207,3832.0037322991466,Nenhuma,1
pedido_3733.5607248587958_637,107.65024535169388,105.57692442091138,90.57692442091138,9.81215429896195,10,4.463041570383399,Moto,Sunny,High,Metropolitian,True,0,1,1,3733.5607248587958,3834.137649279707,Aumento_Velocidade,1
pedido_3742.444321693365_647,132.0449905616062,93.28762509219851,78.28762509219851,3.4136061924207066,15,4.519617346532196,Moto,Stormy,Medium,Urban,False,0,0,0,3742.444321693365,3835.7319467855637,Rota_Reduzida,1
pedido_3753.977120761764_660,97.49009431361574,91.91398758445372,76.91398758445372,4.2350022819699085,5,4.659508216760457,Moto,Sunny,High,Metropolitian,False,0,1,1,3753.977120761764,3835.891108346218,Aumento_Velocidade,1
pedido_3747.814573450077_654,101.85067578837038,101.5548272187261,86.5548272187261,16.331635248074516,5,5.0,Scooter,Sunny,High,Metropolitian,False,0,1,1,3747.814573450077,3839.3694006688033,Aumento_Velocidade,1
pedido_3712.7821359090494_624,134.21504553323146,137.03595090630012,122.03595090630012,13.98020670271692,5,4.922757661875955,Moto,Sandstorms,High,Urban,False,0,1,0,3712.7821359090494,3839.8180868153495,Aumento_Velocidade,0
pedido_3748.824517677198_657,103.21384191446903,96.19974631428653,81.19974631428653,18.103285356654816,10,4.957022218835485,Moto,Sunny,High,Metropolitian,False,0,1,1,3748.824517677198,3840.0242639914845,Aumento_Velocidade,1
pedido_3674.410919242646_592,184.5462759946317,171.37160322685077,156.37160322685077,14.607995276911593,10,4.304298900367803,Scooter,Stormy,Medium,Metropolitian,False,0,0,0,3674.410919242646,3840.7825224694966,Rota_Reduzida,0
pedido_3763.564149384851_669,98.2731363697754,77.24653889915523,62.246538899155226,9.40396009599659,15,4.808456278021338,Moto,Sunny,High,Metropolitian,True,0,1,1,3763.564149384851,3840.8106882840066,Aumento_Velocidade,1
pedido_3681.0801098421325_601,168.79753929483934,170.7483496715278,155.7483496715278,0.0,5,4.412599867822005,Scooter,Stormy,High,Metropolitian,False,0,1,0,3681.0801098421325,3841.82845951366,Aumento_Velocidade,0
pedido_3763.946308062491_670,94.59897983503738,78.18483906443853,63.184839064438535,8.406321504335443,15,4.6773908002616285,Scooter,Sunny,High,Metropolitian,False,0,1,1,3763.946308062491,3842.1311471269296,Aumento_Velocidade,1
pedido_3733.6304186507405_638,139.397480410045,119.17505981313793,104.17505981313793,19.43463430344365,5,4.5096573321813445,Scooter,Stormy,Jam,Metropolitian,False,0,1,0,3733.6304186507405,3842.8054784638784,Aumento_Velocidade,1
pedido_3794.8659364894966_694,93.75956042871167,57.389230018227806,42.389230018227806,1.9460996506047303,10,4.596725279290112,Moto,Sunny,Medium,Urban,False,0,0,1,3794.8659364894966,3847.2551665077244,Rota_Reduzida,1
pedido_3729.7131386472342_635,138.25438508776574,123.5532758772799,108.5532758772799,16.183069069037582,10,4.920201168616636,Moto,Windy,Medium,Metropolitian,True,0,0,0,3729.7131386472342,3848.266414524514,Rota_Reduzida,1
pedido_3748.483603773929_656,135.9639190904237,105.898663102947,90.898663102947,8.076333518434547,10,4.588779135794217,Moto,Windy,Medium,Metropolitian,False,0,0,0,3748.483603773929,3849.382266876876,Rota_Reduzida,1
pedido_3734.0061906503506_639,131.55296191601462,120.79214526510512,105.79214526510512,12.400287267067613,10,4.548152965153882,Scooter,Stormy,High,Metropolitian,False,0,1,0,3734.0061906503506,3849.798335915456,Aumento_Velocidade,1
pedido_3745.3640806795784_652,129.38302488090125,121.32500726169107,101.32500726169107,5.8455744584801055,5,4.656761863972762,Moto,Sandstorms,Jam,Semi-Urban,True,0,1,0,3745.3640806795784,3851.6890879412695,Rota_Reduzida,1
pedido_3752.506941088861_658,129.80597120101774,104.67890627228383,89.67890627228383,13.816699332126323,10,4.602096253561942,Scooter,Stormy,High,Metropolitian,False,0,1,0,3752.506941088861,3852.1858473611446,Aumento_Velocidade,1
pedido_3735.0103719510194_641,130.97703125776897,128.0484374764333,113.04843747643329,18.564566503369885,5,4.539508513531865,Scooter,Stormy,High,Metropolitian,False,0,1,0,3735.0103719510194,3853.0588094274526,Aumento_Velocidade,1
pedido_3760.158187582676_666,106.05346612065507,105.09825450576169,90.09825450576169,11.148005715334882,5,4.479293393066225,Moto,Sunny,High,Metropolitian,False,0,1,1,3760.158187582676,3855.256442088438,Aumento_Velocidade,1
pedido_3759.4302753131387_662,101.55557633256099,91.15036166955869,91.15036166955869,3.541844650077618,5,4.602605238946173,Scooter,Sandstorms,Low,Metropolitian,False,0,0,0,3759.4302753131387,3855.5806369826973,Nenhuma,1
pedido_3743.207757064001_650,102.50645435495369,103.54253100876672,103.54253100876672,0.0,10,4.7287470325412775,Scooter,Stormy,Low,Metropolitian,False,0,0,0,3743.207757064001,3856.7502880727675,Nenhuma,1
pedido_3748.019688398108_655,127.73783541667713,120.0474024436221,105.0474024436221,5.263705695983483,5,4.721687782660865,Moto,Stormy,High,Urban,True,0,1,0,3748.019688398108,3858.06709084173,Aumento_Velocidade,1
pedido_3729.5540258934993_634,126.8308144658188,140.8316233179247,125.83162331792471,9.052175317701238,5,4.691643876096623,Moto,Stormy,Jam,Urban,False,0,1,0,3729.5540258934993,3860.385649211424,Aumento_Velocidade,0
pedido_3822.985384049076_715,44.66632085643486,32.56100011847263,32.56100011847263,19.495196802383266,5,4.579053929967423,Van,Stormy,High,Metropolitian,False,1,1,0,3822.985384049076,3860.5463841675487,Nenhuma,1
pedido_3728.2499964471463_632,139.74503677141473,132.85873670193206,117.85873670193206,14.780647465698493,15,4.707757967191662,Moto,Windy,Jam,Urban,True,0,1,0,3728.2499964471463,3861.1087331490785,Aumento_Velocidade,1
pedido_3735.333900631468_643,121.85629098570553,117.3408398881166,117.3408398881166,12.147226367852456,10,4.758507286800587,Moto,Sunny,Low,Urban,False,0,0,1,3735.333900631468,3862.6747405195847,Nenhuma,1
pedido_3702.986822009864_617,187.20497829503262,164.76848891170485,149.76848891170485,7.264944304512028,10,4.396234453035449,Moto,Sunny,Jam,Urban,True,0,1,1,3702.986822009864,3862.755310921569,Aumento_Velocidade,0
pedido_3735.7543147213505_644,143.5283257557421,132.18751020298936,117.18751020298936,15.668333084863232,10,4.696810988911229,Scooter,Foggy,Medium,Urban,True,0,0,0,3735.7543147213505,3862.94182492434,Rota_Reduzida,1
pedido_3722.8032600951283_631,132.63720583415972,145.7765631626551,130.7765631626551,7.08998883669525,10,4.452373170716367,Moto,Stormy,Medium,Semi-Urban,False,0,0,0,3722.8032600951283,3863.5798232577836,Rota_Reduzida,0
pedido_3742.7114647739068_648,133.6929027458036,126.72968956145507,111.72968956145507,12.054974885315586,10,4.6943798141340585,Moto,Windy,Medium,Metropolitian,False,0,0,0,3742.7114647739068,3864.4411543353617,Rota_Reduzida,1
pedido_3786.8514189130847_691,101.82443410516946,80.8824524175887,65.8824524175887,13.281452529312627,15,4.596060380228824,Scooter,Sunny,High,Urban,False,0,1,1,3786.8514189130847,3867.7338713306735,Aumento_Velocidade,1
pedido_3781.705556055811_686,95.5788166304276,97.29468028450576,82.29468028450576,7.181224506866106,5,4.647565820106308,Moto,Sunny,High,Urban,False,0,1,1,3781.705556055811,3869.000236340317,Aumento_Velocidade,1
pedido_3780.974943106608_685,112.56188331675148,90.3020821514189,75.3020821514189,20.690536201400953,15,5.0,Moto,Sunny,Jam,Urban,True,0,1,1,3780.974943106608,3871.2770252580267,Aumento_Velocidade,1
pedido_3796.754325454338_696,94.43803297161948,80.85571415722346,65.85571415722346,0.28202435510843493,10,4.827607292003424,Moto,Sunny,Medium,Metropolitian,False,0,0,1,3796.754325454338,3872.610039611561,Rota_Reduzida,1
pedido_3739.8588605824525_646,140.66555584139238,143.14730389928377,128.14730389928377,14.085888057554653,5,4.5187613398252235,Moto,Stormy,Jam,Metropolitian,True,0,1,0,3739.8588605824525,3873.006164481736,Aumento_Velocidade,0
pedido_3758.7477962362996_661,127.53162732466447,114.36803785233207,99.36803785233207,6.622810516221637,15,4.702619435052636,Scooter,Sandstorms,Jam,Metropolitian,False,0,1,0,3758.7477962362996,3873.115834088632,Aumento_Velocidade,1
pedido_3769.8468701431098_674,127.59980392749029,113.71812896781432,98.71812896781432,5.165963951491927,5,4.715027578964669,Moto,Windy,Jam,Metropolitian,False,0,1,0,3769.8468701431098,3873.564999110924,Aumento_Velocidade,1
pedido_3735.150972739989_642,128.04003209954664,138.49315577811635,123.49315577811635,4.710970900910193,15,4.721766874997389,Moto,Sandstorms,Jam,Metropolitian,False,0,1,0,3735.150972739989,3873.6441285181054,Aumento_Velocidade,0
pedido_3816.448875687297_708,52.19189687579804,44.717645841195555,44.717645841195555,8.454510893586916,15,4.437111102846436,Moto,Sandstorms,Low,Other,False,1,0,0,3816.448875687297,3876.1665215284925,Nenhuma,1
pedido_3734.9613575973367_640,144.83410533600838,141.59259734032565,126.59259734032565,13.02983912527595,15,5.0,Moto,Foggy,Medium,Metropolitian,False,0,0,0,3734.9613575973367,3876.553954937662,Rota_Reduzida,0
pedido_3752.9507129693498_659,132.65986019653798,133.18063291929317,118.18063291929317,3.5410664063995134,10,4.7734958877810385,Moto,Sandstorms,High,Metropolitian,False,0,1,0,3752.9507129693498,3881.131345888643,Aumento_Velocidade,1
pedido_3770.2065218873704_675,133.54052809759443,116.00973974908335,101.00973974908335,8.48051921618858,10,4.655777880708551,Moto,Foggy,High,Metropolitian,False,0,1,0,3770.2065218873704,3881.216261636454,Aumento_Velocidade,1
pedido_3771.3623328717654_677,99.47742262445409,95.76260920234972,95.76260920234972,9.160592438197874,15,4.7145279987357736,Moto,Windy,Low,Metropolitian,True,0,0,0,3771.3623328717654,3882.124942074115,Nenhuma,1
pedido_3783.5444355197487_687,94.34577866027905,98.87653879889882,83.87653879889882,9.134502610056385,15,4.76809639102544,Moto,Sunny,High,Urban,False,0,1,1,3783.5444355197487,3882.4209743186475,Aumento_Velocidade,1
pedido_3766.323147451415_671,135.67177165523356,121.58555100588089,106.58555100588089,10.9559318766228,10,4.927449141166581,Scooter,Sandstorms,Medium,Metropolitian,False,0,0,0,3766.323147451415,3882.908698457296,Rota_Reduzida,1
pedido_3808.705246671162_703,101.13372221980404,85.02129804906028,70.02129804906028,6.192680864371024,5,4.969108445233759,Moto,Sunny,Jam,Metropolitian,False,0,1,1,3808.705246671162,3883.726544720222,Aumento_Velocidade,1
pedido_3759.7176743341565_665,144.02794238865354,129.89821517213136,114.89821517213136,16.824259049067795,10,4.923973722601899,Moto,Foggy,High,Urban,True,0,1,0,3759.7176743341565,3884.615889506288,Aumento_Velocidade,1
pedido_3763.050622569853_668,127.24979815619531,126.66040465496661,111.66040465496661,4.8919194647406155,10,4.8768714580967,Moto,Stormy,High,Urban,False,0,1,0,3763.050622569853,3884.7110272248196,Aumento_Velocidade,1
pedido_3769.6359829165553_673,99.42486211118944,102.18486826866804,102.18486826866804,6.898088913592627,15,4.529249143015563,Moto,Sunny,Low,Metropolitian,True,0,0,1,3769.6359829165553,3886.8208511852235,Nenhuma,1
pedido_3779.7100324897897_684,110.44838788967907,102.8943974097588,102.8943974097588,14.288465148674947,5,4.5733551214621695,Van,Foggy,Low,Metropolitian,False,0,0,0,3779.7100324897897,3887.6044298995484,Nenhuma,1
pedido_3768.8715462434775_672,134.53797187709787,126.38594793122618,111.38594793122618,17.49434389426891,10,4.93137879441507,Scooter,Sandstorms,High,Metropolitian,True,0,1,0,3768.8715462434775,3890.257494174704,Aumento_Velocidade,1
pedido_3744.2139093612964_651,174.6753657450888,151.3014836171658,136.3014836171658,3.4160989000115483,10,4.2150550675401215,Moto,Windy,High,Metropolitian,True,0,1,0,3744.2139093612964,3890.515392978462,Aumento_Velocidade,0
pedido_3786.0225570335083_690,130.49531546006025,104.9655004100909,89.9655004100909,8.309303649611927,15,4.914402605348715,Moto,Sandstorms,High,Metropolitian,True,0,1,0,3786.0225570335083,3890.9880574435992,Aumento_Velocidade,1
pedido_3704.9452475751136_620,195.22014710852773,191.30553914289004,176.30553914289004,5.754598681507412,10,4.3948331650869745,Scooter,Sunny,High,Urban,False,0,1,1,3704.9452475751136,3891.250786718004,Aumento_Velocidade,0
pedido_3847.376361779335_726,49.580264938373396,30.15567363016008,30.15567363016008,0.6621426785039306,15,4.5703749961599565,Moto,Foggy,High,Metropolitian,True,1,1,0,3847.376361779335,3892.532035409495,Nenhuma,1
pedido_3773.4998073924603_681,128.81254279618523,124.66870173062651,109.66870173062651,2.3709537354645347,10,4.637947272979278,Scooter,Windy,High,Metropolitian,True,0,1,0,3773.4998073924603,3893.168509123087,Aumento_Velocidade,1
pedido_3774.6006422550795_682,129.93397795511652,134.50790823025358,119.50790823025358,5.7318013257840565,5,4.784749346659942,Scooter,Sandstorms,Jam,Metropolitian,True,0,1,0,3774.6006422550795,3899.108550485333,Aumento_Velocidade,1
pedido_3770.9846758732924_676,132.61895272995193,139.63367554162213,124.63367554162213,1.305449653253775,5,4.830621034873856,Moto,Sandstorms,High,Metropolitian,False,0,1,0,3770.9846758732924,3900.6183514149147,Aumento_Velocidade,0
pedido_3760.9546973509696_667,135.64911494589225,124.77281209137996,124.77281209137996,19.620709204928364,15,4.7453729966935105,Van,Windy,High,Metropolitian,True,0,1,0,3760.9546973509696,3900.7275094423494,Nenhuma,0
pedido_3790.3758689176234_692,127.476869180377,117.66420649291304,102.66420649291304,5.926085745456979,10,4.606224085701233,Scooter,Stormy,High,Metropolitian,False,0,1,0,3790.3758689176234,3903.0400754105362,Aumento_Velocidade,1
pedido_3784.8395292629757_689,132.8083525729057,128.87559779612036,113.87559779612036,7.580270078508468,5,4.679419505740005,Moto,Foggy,High,Metropolitian,False,0,1,0,3784.8395292629757,3903.715127059096,Aumento_Velocidade,1
pedido_3775.375222070813_683,134.46271951595313,128.88868366789615,113.88868366789615,13.329543393890141,15,4.666474049871442,Scooter,Stormy,Medium,Urban,True,0,0,0,3775.375222070813,3904.263905738709,Rota_Reduzida,1
pedido_3861.772081282269_740,42.93053554961503,27.740600425158092,27.740600425158092,14.942998648980208,15,4.83701943437825,Moto,Sunny,High,Metropolitian,True,1,1,1,3861.772081282269,3904.512681707427,Nenhuma,1
pedido_3759.552131110942_664,150.1587248623217,150.17965047710697,135.17965047710697,18.010455766853234,10,4.890258001710758,Moto,Foggy,Jam,Urban,False,0,1,0,3759.552131110942,3904.7317815880488,Aumento_Velocidade,0
pedido_3825.276398912822_716,95.7464107889051,79.97904893260272,64.97904893260272,2.551102384909873,15,4.543918349070925,Scooter,Sunny,Medium,Metropolitian,False,0,0,1,3825.276398912822,3905.255447845425,Rota_Reduzida,1
pedido_3803.617428811976_700,103.55423240781957,91.74005572281115,91.74005572281115,13.159181139399921,10,4.947742639505227,Moto,Sandstorms,Low,Metropolitian,True,0,0,0,3803.617428811976,3905.357484534787,Nenhuma,1
pedido_3831.232748530821_719,99.05590523092877,81.46851062416106,66.46851062416106,0.2967107933183959,10,4.585497285896395,Scooter,Sunny,Jam,Metropolitian,False,0,1,1,3831.232748530821,3907.701259154982,Aumento_Velocidade,1
pedido_3797.411930491077_697,129.95641295316855,116.19716735856403,101.19716735856403,12.628194180824803,10,4.898942922610872,Moto,Stormy,High,Metropolitian,False,0,1,0,3797.411930491077,3908.609097849641,Aumento_Velocidade,1
pedido_3880.765528876478_751,43.953509223907936,14.93994874097449,14.93994874097449,5.898033804045355,15,4.732269644218153,Van,Stormy,High,Metropolitian,False,1,1,0,3880.765528876478,3910.7054776174527,Nenhuma,1
pedido_3806.8141821722884_702,136.7557960910738,111.60511686607728,96.60511686607728,12.808735196603912,15,4.553227302491525,Scooter,Windy,Jam,Metropolitian,False,0,1,0,3806.8141821722884,3918.419299038366,Aumento_Velocidade,1
pedido_3731.990235536051_636,186.28248595402343,199.3328917245317,184.3328917245317,16.975978748508417,5,4.341025894302178,Moto,Stormy,High,Metropolitian,False,0,1,0,3731.990235536051,3921.3231272605826,Aumento_Velocidade,0
pedido_3803.2433301136402_699,128.13445046829833,104.12433415961355,104.12433415961355,9.048804460550228,15,4.7041839377961,Van,Stormy,High,Urban,True,0,1,0,3803.2433301136402,3922.367664273254,Nenhuma,1
pedido_3804.7708952824833_701,131.53174483464744,118.35893875775074,103.35893875775074,4.320775383482548,15,4.850387912900167,Scooter,Sandstorms,Medium,Urban,False,0,0,0,3804.7708952824833,3923.129834040234,Rota_Reduzida,1
pedido_3816.877588800102_709,106.05346612065507,116.92260714026108,101.92260714026108,11.490792057346173,5,4.459081331609606,Scooter,Sunny,High,Urban,False,0,1,1,3816.877588800102,3923.8001959403628,Aumento_Velocidade,1
pedido_3810.4974046634325_705,138.9420434426088,118.94439383837405,103.94439383837405,14.205679154858407,10,5.0,Scooter,Windy,Medium,Metropolitian,False,0,0,0,3810.4974046634325,3924.4417985018067,Rota_Reduzida,1
pedido_3812.850407467578_706,135.8251700970151,112.24737714758416,97.24737714758416,15.558480061642902,15,4.608628137414997,Moto,Windy,Jam,Metropolitian,False,0,1,0,3812.850407467578,3925.0977846151623,Aumento_Velocidade,1
pedido_3795.9392635799786_695,140.77869942436217,135.33626315942632,120.33626315942632,15.36624316435271,10,4.513699024456968,Scooter,Foggy,High,Metropolitian,False,0,1,0,3795.9392635799786,3926.275526739405,Aumento_Velocidade,0
pedido_3798.039521262007_698,140.7428599896515,140.36443113468417,125.36443113468417,16.61705620567885,5,4.648024363444473,Moto,Sandstorms,Jam,Metropolitian,False,0,1,0,3798.039521262007,3928.4039523966912,Aumento_Velocidade,0
pedido_3810.2658190755587_704,132.92179795105696,123.9970103530267,108.9970103530267,6.314121597286796,10,4.654218700782859,Moto,Foggy,High,Metropolitian,False,0,1,0,3810.2658190755587,3929.2628294285855,Aumento_Velocidade,1
pedido_3812.9498252201574_707,129.79967076783672,132.11944391266337,117.11944391266337,1.5426905464918743,5,4.831949160317024,Moto,Sandstorms,Medium,Metropolitian,False,0,0,0,3812.9498252201574,3935.069269132821,Rota_Reduzida,1
pedido_3771.6088176446046_678,184.09550242276907,175.0446900123026,155.0446900123026,17.093278492524497,10,4.23461918933448,Scooter,Windy,High,Semi-Urban,True,0,1,0,3771.6088176446046,3936.653507656907,Rota_Reduzida,0
pedido_3822.278855615435_713,130.32689469944432,126.66328984122447,111.66328984122447,3.0365295708675903,10,4.80852806535874,Moto,Windy,High,Urban,False,0,1,0,3822.278855615435,3943.9421454566595,Aumento_Velocidade,1
pedido_3854.377289177456_731,102.40025861228636,85.96814815809303,85.96814815809303,4.973322676915705,5,4.492793000767617,Moto,Sandstorms,Low,Urban,False,0,0,0,3854.377289177456,3945.345437335549,Nenhuma,1
pedido_3818.994684136113_710,131.21559757745345,137.00992091758252,122.00992091758252,4.198895645718706,5,5.0,Moto,Stormy,High,Urban,False,0,1,0,3818.994684136113,3946.0046050536953,Aumento_Velocidade,0
pedido_3868.1832100840325_744,103.48498466186348,78.49663093328691,63.49663093328691,21.598448303234523,15,4.63435027028658,Moto,Sunny,High,Metropolitian,False,0,1,1,3868.1832100840325,3946.679841017319,Aumento_Velocidade,1
pedido_3822.3094261629512_714,134.43302439740822,136.72344236346288,121.72344236346288,0.0,5,4.9833380087353465,Moto,Windy,Medium,Urban,False,0,0,0,3822.3094261629512,3949.032868526414,Rota_Reduzida,0
pedido_3926.438898650375_801,45.61014174250619,21.060057597632618,21.060057597632618,14.254252296011302,5,4.592100318462721,Moto,Stormy,High,Metropolitian,True,1,1,0,3926.438898650375,3952.4989562480077,Nenhuma,1
pedido_3794.026530412862_693,178.64119323461597,164.8667436490916,149.8667436490916,4.014018623655632,10,4.40685602702343,Moto,Foggy,High,Metropolitian,False,0,1,0,3794.026530412862,3953.8932740619534,Aumento_Velocidade,0
pedido_3849.583813648809_728,129.38302488090125,115.64536968827845,100.64536968827845,5.26048649292961,5,4.695569883191247,Moto,Sandstorms,Jam,Metropolitian,True,0,1,0,3849.583813648809,3955.2291833370878,Aumento_Velocidade,1
pedido_3839.125885677963_722,133.5119959442174,122.70645304933254,107.70645304933254,16.379162864245234,10,4.91100609754398,Scooter,Windy,High,Metropolitian,False,0,1,0,3839.125885677963,3956.832338727296,Aumento_Velocidade,1
pedido_3883.765222751742_757,101.61481017132195,78.28336094711489,63.283360947114886,15.911118594517232,10,4.74451767192496,Scooter,Sunny,High,Urban,False,0,1,1,3883.765222751742,3957.048583698857,Aumento_Velocidade,1
pedido_3819.4247319348488_711,136.07765899363275,144.1698472692663,129.1698472692663,5.4645514385024185,10,5.0,Scooter,Foggy,High,Metropolitian,False,0,1,0,3819.4247319348488,3958.5945792041152,Aumento_Velocidade,0
pedido_3830.471569501218_718,141.56598072257148,132.775482427069,117.775482427069,16.261235242277923,15,4.603111570484021,Moto,Sandstorms,Jam,Urban,True,0,1,0,3830.471569501218,3963.247051928287,Aumento_Velocidade,1
pedido_3859.741164716539_737,127.96394983580235,114.39619205674816,99.39619205674816,7.4697676048167265,5,4.689116335965319,Moto,Stormy,Jam,Metropolitian,False,0,1,0,3859.741164716539,3964.137356773287,Aumento_Velocidade,1
pedido_3842.648558660875_724,133.33356138466675,132.33241409791802,117.33241409791802,15.75782335570995,5,4.855493853399615,Scooter,Stormy,Jam,Metropolitian,False,0,1,0,3842.648558660875,3964.980972758793,Aumento_Velocidade,1
pedido_3832.6065738859925_720,135.7141828141574,124.46743022103985,124.46743022103985,6.667321680801355,10,4.9590723028571295,Van,Foggy,High,Metropolitian,True,0,1,0,3832.6065738859925,3967.074004107032,Nenhuma,0
pedido_3870.4376238540926_745,99.28013457166885,107.70152982791751,92.70152982791751,5.585837109466374,5,4.947787087169545,Scooter,Sunny,Medium,Metropolitian,True,0,0,1,3870.4376238540926,3968.13915368201,Rota_Reduzida,1
pedido_3854.742830195935_733,132.00271944808503,115.45275167520268,100.45275167520268,2.223459035515076,15,4.584333514268984,Moto,Sandstorms,High,Metropolitian,False,0,1,0,3854.742830195935,3970.1955818711376,Aumento_Velocidade,1
pedido_3820.623603105613_712,129.75177068621898,145.3299578096064,145.3299578096064,1.0960744686596584,5,4.597504448265475,Van,Sandstorms,Medium,Metropolitian,False,0,0,0,3820.623603105613,3970.953560915219,Nenhuma,0
pedido_3858.239619203649_736,131.03221456585015,118.4607030454145,103.4607030454145,10.437129544897125,10,4.865113427059197,Scooter,Stormy,High,Metropolitian,True,0,1,0,3858.239619203649,3971.7003222490634,Aumento_Velocidade,1
pedido_3854.56341399366_732,134.12478200130707,119.29138405500842,104.29138405500842,10.673042113532578,15,4.703606574716519,Moto,Windy,High,Metropolitian,False,0,1,0,3854.56341399366,3973.8547980486687,Aumento_Velocidade,1
pedido_3894.861625207328_772,101.83536669615204,85.07175502716535,70.07175502716535,14.053366120027787,10,5.0,Scooter,Sunny,Medium,Metropolitian,False,0,0,1,3894.861625207328,3974.933380234493,Rota_Reduzida,1
pedido_3850.8415365269793_729,132.16323045649992,125.04268993151823,110.04268993151823,1.8252862336237565,15,4.789834749207767,Moto,Foggy,High,Metropolitian,True,0,1,0,3850.8415365269793,3975.8842264584973,Aumento_Velocidade,1
pedido_3834.100797571719_721,137.94179570296689,154.48176280760194,139.48176280760194,13.62529565460886,5,4.97875805725702,Scooter,Stormy,Jam,Metropolitian,False,0,1,0,3834.100797571719,3978.582560379321,Aumento_Velocidade,0
pedido_3830.4584189758957_717,142.2548310866153,159.93119744751624,144.93119744751624,17.59673273806955,5,4.587046769039298,Scooter,Foggy,High,Metropolitian,False,0,1,0,3830.4584189758957,3980.389616423412,Aumento_Velocidade,0
pedido_3881.427277985041_752,133.47513638792265,110.79928470588618,95.79928470588618,17.105287295953655,5,4.749244683613972,Scooter,Windy,High,Metropolitian,False,0,1,0,3881.427277985041,3982.2265626909275,Aumento_Velocidade,1
pedido_3876.011697521114_748,127.95317121872725,117.45239901580962,102.45239901580962,3.659950271332466,5,4.93567449287491,Scooter,Foggy,Jam,Metropolitian,True,0,1,0,3876.011697521114,3983.4640965369235,Aumento_Velocidade,1
pedido_3881.8866132477574_755,110.3352980181098,87.63239531467718,87.63239531467718,13.263804694868085,15,4.657850341278854,Moto,Foggy,Low,Urban,False,0,0,0,3881.8866132477574,3984.5190085624345,Nenhuma,1
pedido_3881.572019372459_753,102.97077709614244,114.0686769113228,99.0686769113228,17.473417486594833,5,4.756038128011573,Moto,Sunny,High,Metropolitian,False,0,1,1,3881.572019372459,3985.640696283782,Aumento_Velocidade,1
pedido_3881.8233362595724_754,130.08161788253125,115.21062840944376,100.21062840944376,0.10618109396127551,5,5.0,Moto,Windy,Jam,Metropolitian,False,0,1,0,3881.8233362595724,3987.0339646690163,Aumento_Velocidade,1
pedido_3860.0710687571463_738,136.54038071663288,127.57021364333679,112.57021364333679,17.13095096981525,15,4.991969858532104,Scooter,Sandstorms,High,Metropolitian,True,0,1,0,3860.0710687571463,3987.6412824004833,Aumento_Velocidade,1
pedido_3901.955909915214_782,98.44117423526482,90.83280031774657,75.83280031774657,1.7955812753801013,10,4.931657106954905,Moto,Sunny,High,Metropolitian,True,0,1,1,3901.955909915214,3987.7887102329605,Aumento_Velocidade,1
pedido_3866.6196583646106_742,132.4741772184434,129.14003370330605,114.14003370330605,5.28808450069011,10,4.693512950375003,Moto,Foggy,High,Metropolitian,True,0,1,0,3866.6196583646106,3990.7596920679166,Aumento_Velocidade,1
pedido_3848.129856106975_727,145.6409949081115,152.66620568920132,137.66620568920132,17.443907736548883,5,4.463491412287379,Scooter,Foggy,High,Metropolitian,True,0,1,0,3848.129856106975,3990.796061796176,Aumento_Velocidade,0
pedido_3878.127274878487_749,134.64601757613573,122.96230905771745,107.96230905771745,7.77926337595996,5,5.0,Moto,Sandstorms,Medium,Metropolitian,False,0,0,0,3878.127274878487,3991.0895839362042,Rota_Reduzida,1
pedido_3867.921775097054_743,141.4127852464191,135.37408120968684,120.37408120968684,13.898975873619367,5,4.638262283693381,Moto,Foggy,High,Metropolitian,False,0,1,0,3867.921775097054,3993.2958563067405,Aumento_Velocidade,0
pedido_3863.257437119364_741,141.32008033116873,140.720561702643,125.72056170264301,16.127733245759476,5,4.72406527449466,Moto,Foggy,High,Metropolitian,False,0,1,0,3863.257437119364,3993.977998822007,Aumento_Velocidade,0
pedido_3894.097243761002_767,111.3484510815989,109.96311563357627,94.96311563357627,13.069677563158075,5,4.72215659483882,Moto,Sunny,Jam,Metropolitian,True,0,1,1,3894.097243761002,3994.0603593945784,Aumento_Velocidade,1
pedido_3888.2983482295435_761,135.58933855345487,107.10439148963738,92.10439148963738,14.836085319220183,15,4.665203815114958,Scooter,Windy,High,Urban,True,0,1,0,3888.2983482295435,3995.4027397191808,Aumento_Velocidade,1
pedido_3899.813745642907_780,102.38665475488781,96.73822113097572,81.73822113097572,15.183919699674949,15,4.564134710278071,Scooter,Sunny,High,Metropolitian,False,0,1,1,3899.813745642907,3996.5519667738827,Aumento_Velocidade,1
pedido_3896.2237080009463_775,101.90112410285856,96.17581094720859,96.17581094720859,5.028097176422609,5,4.733159148838681,Moto,Windy,Low,Metropolitian,False,0,0,0,3896.2237080009463,3997.3995189481548,Nenhuma,1
pedido_3841.9838366783288_723,177.38581964243932,156.401435132232,141.401435132232,5.647316942330664,15,4.376819410414113,Moto,Sandstorms,High,Metropolitian,True,0,1,0,3841.9838366783288,3998.385271810561,Aumento_Velocidade,0
pedido_3906.812634204738_785,128.5701615747001,99.18757759249434,84.18757759249434,7.034044787487765,10,4.8225684985309725,Scooter,Stormy,High,Metropolitian,False,0,1,0,3906.812634204738,4001.0002117972326,Aumento_Velocidade,1
pedido_3922.485209450608_796,100.66121311392843,78.68938876864695,63.68938876864695,10.280221445037467,15,4.741887856274897,Scooter,Sunny,High,Metropolitian,False,0,1,1,3922.485209450608,4001.174598219255,Aumento_Velocidade,1
pedido_3857.324542780554_735,135.1890658433381,133.89191031221753,133.89191031221753,8.450238813123905,10,4.702542379114833,Van,Windy,Medium,Urban,False,0,0,0,3857.324542780554,4001.2164530927716,Nenhuma,0
pedido_3954.2943700782707_821,47.204863490680566,42.32315980425889,42.32315980425889,5.47062433719121,5,4.696029670912033,Moto,Windy,Jam,Metropolitian,True,1,1,0,3954.2943700782707,4001.6175298825297,Nenhuma,1
pedido_3856.3631218034516_734,130.1565637841622,130.2758383453064,130.2758383453064,4.35063970893961,15,4.631941567647588,Van,Sandstorms,High,Urban,True,0,1,0,3856.3631218034516,4001.638960148758,Nenhuma,0
pedido_3898.9860377774403_779,130.78116501634756,113.59864278332678,98.59864278332678,4.869495818028801,5,4.530160058093189,Moto,Sandstorms,High,Urban,False,0,1,0,3898.9860377774403,4002.584680560767,Aumento_Velocidade,1
pedido_3873.2607497310655_747,132.37142696849875,125.52635159284705,125.52635159284705,4.985362079298609,5,4.852834693260221,Van,Sandstorms,High,Urban,False,0,1,0,3873.2607497310655,4003.787101323913,Nenhuma,0
pedido_3890.930167674654_763,128.27832649604173,123.73929032291369,108.73929032291369,2.0574875606799097,5,4.499470534940483,Moto,Windy,High,Metropolitian,False,0,1,0,3890.930167674654,4004.669457997568,Aumento_Velocidade,1
pedido_3897.578866377952_777,132.75290817707386,117.18912447193546,102.18912447193546,6.634867545576663,5,4.836164504934907,Moto,Windy,High,Metropolitian,False,0,1,0,3897.578866377952,4004.7679908498876,Aumento_Velocidade,1
pedido_3872.7393725448073_746,142.399854513784,142.59904602692058,127.59904602692058,15.910078082563698,5,4.557529992437994,Scooter,Foggy,Medium,Metropolitian,False,0,0,0,3872.7393725448073,4005.3384185717277,Rota_Reduzida,0
pedido_3886.767679271398_759,128.89046389125753,129.14234941120455,114.14234941120455,4.597907193188518,5,4.891762151563741,Scooter,Foggy,Jam,Metropolitian,False,0,1,0,3886.767679271398,4005.9100286826024,Aumento_Velocidade,1
pedido_3889.1726453610413_762,129.76704729598237,117.11537401824344,102.11537401824344,1.8532865936362617,15,4.5471723701460025,Scooter,Sandstorms,High,Urban,True,0,1,0,3889.1726453610413,4006.288019379285,Aumento_Velocidade,1
pedido_3878.5823346524444_750,138.23223759653712,125.1397829754799,125.1397829754799,11.982901324309122,5,4.699094709146368,Van,Sandstorms,Medium,Metropolitian,True,0,0,0,3878.5823346524444,4008.7221176279245,Nenhuma,0
pedido_3853.264461756051_730,169.37362627294942,155.73347874459617,140.73347874459617,0.3735940863197609,15,4.433962942499447,Scooter,Windy,High,Metropolitian,False,0,1,0,3853.264461756051,4008.997940500647,Aumento_Velocidade,0
pedido_3886.2317006785056_758,130.992527115471,133.08291103830328,118.08291103830328,1.8795322911642556,5,4.647678820400747,Moto,Windy,High,Metropolitian,False,0,1,0,3886.2317006785056,4009.314611716809,Aumento_Velocidade,1
pedido_3965.110263119996_831,45.41068957435645,29.324226671845892,29.324226671845892,16.430625572735636,15,5.0,Van,Foggy,High,Metropolitian,True,1,1,0,3965.110263119996,4009.4344897918418,Nenhuma,1
pedido_3987.0160215313035_851,34.130103572457884,12.750105323033587,12.750105323033587,4.1629948438853885,10,4.695163453806137,Scooter,Sunny,Low,Metropolitian,False,1,0,1,3987.0160215313035,4009.766126854337,Nenhuma,1
pedido_3892.286559932743_766,133.2366472173958,127.92061349776827,112.92061349776827,0.0,5,4.5054258702445065,Scooter,Foggy,High,Metropolitian,False,0,1,0,3892.286559932743,4010.207173430511,Aumento_Velocidade,1
pedido_3930.400349352394_804,98.14802361612992,90.9318263802134,75.9318263802134,3.5603764383938072,5,4.645720878754931,Scooter,Sunny,High,Metropolitian,False,0,1,1,3930.400349352394,4011.3321757326075,Aumento_Velocidade,1
pedido_3925.200972525776_799,99.25953004060266,86.32681008254241,71.32681008254241,5.717344877615555,15,4.778321999805028,Moto,Sunny,High,Metropolitian,True,0,1,1,3925.200972525776,4011.5277826083184,Aumento_Velocidade,1
pedido_3918.1563219941963_793,134.12547944357516,93.78119903176106,78.78119903176106,5.092111225330278,15,4.748605017913267,Moto,Foggy,High,Metropolitian,False,0,1,0,3918.1563219941963,4011.9375210259573,Aumento_Velocidade,1
pedido_3897.0877634721437_776,128.54929568720055,115.48798278983935,100.48798278983935,5.83300510475843,15,4.556571194363683,Scooter,Windy,High,Urban,True,0,1,0,3897.0877634721437,4012.575746261983,Aumento_Velocidade,1
pedido_3938.6261994516963_809,108.44350117995334,75.62803861224236,60.628038612242364,19.599872481167523,15,4.880507763914434,Scooter,Sunny,Jam,Metropolitian,False,0,1,1,3938.6261994516963,4014.254238063939,Aumento_Velocidade,1
pedido_3900.895719880397_781,134.50358565486462,115.33028230690468,100.33028230690468,15.196360079002128,15,4.88485147230037,Moto,Sandstorms,High,Metropolitian,True,0,1,0,3900.895719880397,4016.2260021873017,Aumento_Velocidade,1
pedido_3891.0678887675485_764,141.38030865534944,138.99287669134037,123.99287669134037,12.968129711744442,5,4.892098377411832,Moto,Sandstorms,Jam,Urban,True,0,1,0,3891.0678887675485,4020.060765458889,Aumento_Velocidade,0
pedido_3891.9637550974726_765,137.61740068824457,128.40266753370275,113.40266753370275,3.340850007619105,15,4.978660523266447,Scooter,Sandstorms,High,Metropolitian,False,0,1,0,3891.9637550974726,4020.3664226311753,Aumento_Velocidade,1
pedido_3894.7919459456393_771,127.76474461616962,116.38909538297541,116.38909538297541,1.644026520772203,10,4.583072832194428,Van,Stormy,High,Metropolitian,True,0,1,0,3894.7919459456393,4021.181041328615,Nenhuma,1
pedido_3907.956167400419_786,134.20702046845372,113.98961398581096,98.98961398581096,15.63382693193036,15,4.706563301133167,Moto,Sandstorms,High,Metropolitian,False,0,1,0,3907.956167400419,4021.94578138623,Aumento_Velocidade,1
pedido_3929.0845276552172_803,95.54621114191794,94.47539499232003,79.47539499232003,8.456822296784306,15,4.59349070021121,Scooter,Sunny,High,Metropolitian,False,0,1,1,3929.0845276552172,4023.5599226475374,Aumento_Velocidade,1
pedido_3898.7139278374448_778,134.39833402897818,135.39883254638372,120.39883254638372,16.3551599410597,5,4.559234904336899,Moto,Windy,Medium,Metropolitian,False,0,0,0,3898.7139278374448,4024.1127603838286,Rota_Reduzida,0
pedido_3861.6999330871063_739,185.79604699912102,163.53908771181455,148.53908771181455,13.4325498060757,15,4.432656304124011,Moto,Sandstorms,High,Metropolitian,False,0,1,0,3861.6999330871063,4025.239020798921,Aumento_Velocidade,0
pedido_3904.687659554501_783,111.78719494047783,126.04451839202414,111.04451839202414,11.304707494343546,10,4.519714005861393,Scooter,Sunny,Jam,Metropolitian,True,0,1,1,3904.687659554501,4025.732177946525,Aumento_Velocidade,1
pedido_3912.9159366613953_788,127.68784875238822,117.94642214076993,102.94642214076993,6.669991123493603,10,4.612318521336369,Moto,Stormy,Jam,Metropolitian,False,0,1,0,3912.9159366613953,4025.862358802165,Aumento_Velocidade,1
pedido_3957.936678338132_824,95.81752941121117,73.73528537649496,58.73528537649496,6.9230966934987,10,5.0,Scooter,Sunny,Medium,Metropolitian,False,0,0,1,3957.936678338132,4026.671963714627,Rota_Reduzida,1
pedido_3924.5121067871464_797,133.49846318068467,107.45472584073069,92.45472584073069,15.858995514654936,10,4.882534668642142,Scooter,Windy,High,Metropolitian,False,0,1,0,3924.5121067871464,4026.966832627877,Aumento_Velocidade,1
pedido_3845.233444787956_725,184.16325595666999,192.22688329087418,177.22688329087418,18.49679423380951,5,4.358369207601361,Scooter,Sandstorms,High,Metropolitian,False,0,1,0,3845.233444787956,4027.4603280788306,Aumento_Velocidade,0
pedido_3914.640463952665_791,102.658559118447,117.99921540602412,102.99921540602412,2.297885139139506,10,4.5006899343044635,Moto,Sunny,Jam,Metropolitian,True,0,1,1,3914.640463952665,4027.639679358689,Aumento_Velocidade,1
pedido_3938.5957867696357_808,102.74877294378612,74.39776831444996,74.39776831444996,6.289843911001588,15,4.605464221518066,Scooter,Stormy,Low,Metropolitian,False,0,0,0,3938.5957867696357,4027.9935550840855,Nenhuma,1
pedido_3894.6807400493626_770,131.43805205060914,147.32048655851443,132.32048655851443,7.978380500212921,5,4.731125289066558,Scooter,Sandstorms,High,Urban,False,0,1,0,3894.6807400493626,4032.001226607877,Aumento_Velocidade,0
pedido_3883.7536637463922_756,171.70451039423574,154.0197631073986,139.0197631073986,3.5073907141178795,10,4.339870763291506,Moto,Foggy,Medium,Metropolitian,True,0,0,0,3883.7536637463922,4032.7734268537906,Rota_Reduzida,0
pedido_3895.825887353355_774,139.91516488128093,124.78432461432286,124.78432461432286,16.7877616706265,15,5.0,Van,Stormy,Jam,Metropolitian,True,0,1,0,3895.825887353355,4035.610211967678,Nenhuma,0
pedido_3913.4102899568184_789,129.99146977646632,134.4087374904492,119.4087374904492,12.915244756201409,5,4.733572474958179,Moto,Stormy,High,Metropolitian,False,0,1,0,3913.4102899568184,4037.8190274472677,Aumento_Velocidade,1
pedido_3928.4376267499606_802,134.15427310179825,114.61931196757581,99.61931196757581,13.607774287632518,10,4.862632155241776,Moto,Windy,High,Metropolitian,False,0,1,0,3928.4376267499606,4038.0569387175365,Aumento_Velocidade,1
pedido_3999.7116642068554_858,39.07931375195325,28.713570452161825,28.713570452161825,14.775956385652309,10,4.483402453672183,Moto,Stormy,Low,Metropolitian,False,1,0,0,3999.7116642068554,4038.4252346590174,Nenhuma,1
pedido_3906.054551887713_784,150.0599317545366,133.14928036955513,118.14928036955513,19.477659766665845,15,4.66289674816547,Moto,Foggy,Jam,Metropolitian,False,0,1,0,3906.054551887713,4039.203832257268,Aumento_Velocidade,1
pedido_3925.3417803672455_800,128.5365203823824,114.21036374289201,99.21036374289201,7.361540618044071,15,4.68127466229466,Moto,Stormy,Medium,Other,True,0,0,0,3925.3417803672455,4039.5521441101373,Rota_Reduzida,1
pedido_3962.173014482925_828,95.5788166304276,82.51594680671984,67.51594680671984,7.30965985435466,10,4.56075438702879,Moto,Sunny,High,Urban,False,0,1,1,3962.173014482925,4039.688961289645,Aumento_Velocidade,1
pedido_3914.113924191013_790,135.62626201359802,112.73076916437242,112.73076916437242,12.91580262383801,15,5.0,Van,Sandstorms,High,Metropolitian,False,0,1,0,3914.113924191013,4041.8446933553855,Nenhuma,1
pedido_3943.9041447074915_814,99.88257621346573,92.94732662158096,92.94732662158096,0.18711606101911826,5,4.96058205137063,Moto,Foggy,Low,Metropolitian,False,0,0,0,3943.9041447074915,4041.8514713290724,Nenhuma,1
pedido_3919.4818142305294_794,134.91954701229537,124.17395868497718,109.17395868497718,0.0,15,4.941674801553968,Moto,Foggy,High,Metropolitian,False,0,1,0,3919.4818142305294,4043.6557729155065,Aumento_Velocidade,1
pedido_3894.1848873800604_769,172.66814930818813,155.12281701192776,140.12281701192776,1.0216070963542725,10,4.41714741185655,Moto,Foggy,Jam,Metropolitian,True,0,1,0,3894.1848873800604,4044.3077043919884,Aumento_Velocidade,0
pedido_3940.2196907415546_811,131.27713331278457,114.50407505293154,99.50407505293154,4.546493133373928,5,4.820639735164968,Moto,Windy,Jam,Metropolitian,True,0,1,0,3940.2196907415546,4044.723765794486,Aumento_Velocidade,1
pedido_3925.077096322608_798,130.6343070957085,127.37961621584688,112.37961621584688,9.42390373330708,10,5.0,Scooter,Stormy,High,Metropolitian,True,0,1,0,3925.077096322608,4047.456712538455,Aumento_Velocidade,1
pedido_3987.841873397573_852,99.3974574175129,65.49034213768172,50.49034213768172,6.780075929549362,10,4.658743055800087,Scooter,Sunny,Jam,Metropolitian,False,0,1,1,3987.841873397573,4048.332215535255,Aumento_Velocidade,1
pedido_3918.132402930956_792,131.09709452684876,135.80727310248432,120.80727310248432,5.3602445235888565,10,4.842591938969606,Moto,Foggy,Jam,Metropolitian,True,0,1,0,3918.132402930956,4048.9396760334403,Aumento_Velocidade,0
pedido_3895.244401354335_773,179.54346041067234,155.45068919761354,140.45068919761354,18.607448372914345,15,4.25138944473446,Moto,Sunny,High,Metropolitian,False,0,1,1,3895.244401354335,4050.6950905519484,Aumento_Velocidade,0
pedido_3961.8213287844023_827,102.10455393891517,78.25755889972717,78.25755889972717,3.45040927780901,15,5.0,Scooter,Windy,Low,Urban,False,0,0,0,3961.8213287844023,4055.0788876841293,Nenhuma,1
pedido_3963.401996514878_829,130.99333422169627,96.7942473009104,81.7942473009104,8.701226186958326,10,4.66980923559396,Scooter,Sandstorms,High,Metropolitian,True,0,1,0,3963.401996514878,4055.1962438157884,Aumento_Velocidade,1
pedido_3935.3109463984088_806,137.3976473499776,122.97673563076307,107.97673563076307,13.304873229280046,15,5.0,Scooter,Sandstorms,Medium,Metropolitian,False,0,0,0,3935.3109463984088,4058.2876820291717,Rota_Reduzida,1
pedido_3942.4527392012355_813,140.8931117467025,124.20887742069922,109.20887742069922,12.827041013198762,10,4.899269656387418,Moto,Foggy,High,Metropolitian,False,0,1,0,3942.4527392012355,4061.6616166219346,Aumento_Velocidade,1
pedido_4049.113671254649_897,61.49234616457913,2.2421628931739193,0.0,13.718256001860762,15,4.4243692461727155,Moto,Sandstorms,High,Metropolitian,False,1,1,0,4049.113671254649,4064.113671254649,Aumento_Velocidade,1
pedido_3944.9587232324116_815,129.43430570238274,129.35154680717255,114.35154680717255,9.004462099714631,5,4.846947490337133,Scooter,Sandstorms,Jam,Metropolitian,True,0,1,0,3944.9587232324116,4064.310270039584,Aumento_Velocidade,1
pedido_3960.7054173757015_825,99.66285079040219,89.12476449729891,89.12476449729891,8.916635434677273,15,4.88905722179665,Moto,Windy,Low,Urban,True,0,0,0,3960.7054173757015,4064.8301818730006,Nenhuma,1
pedido_3934.7140632298488_805,143.91163808820735,140.44075281275198,125.44075281275198,15.68236862439227,5,4.642069708156973,Moto,Foggy,High,Urban,True,0,1,0,3934.7140632298488,4065.154816042601,Aumento_Velocidade,0
pedido_3887.1641544799613_760,172.69158497653862,173.33035661710818,173.33035661710818,7.097734475920543,5,4.342480233743966,Van,Sandstorms,High,Other,False,0,1,0,3887.1641544799613,4065.4945110970693,Nenhuma,0
pedido_3922.2331293750663_795,134.1312766891396,139.09253944965585,139.09253944965585,11.579330686552069,5,4.9026397468644145,Van,Stormy,Medium,Metropolitian,False,0,0,0,3922.2331293750663,4066.325668824722,Nenhuma,0
pedido_3936.1558547046625_807,140.0414624624165,140.37877393091094,125.37877393091094,14.870055186012449,5,4.696333289625718,Scooter,Sandstorms,Jam,Urban,False,0,1,0,3936.1558547046625,4066.5346286355734,Aumento_Velocidade,0
pedido_3953.4769131036405_820,137.61740068824457,114.21725182541124,99.21725182541124,4.012313675910814,15,5.0,Moto,Sandstorms,High,Urban,False,0,1,0,3953.4769131036405,4067.6941649290516,Aumento_Velocidade,1
pedido_3952.7810693545557_819,102.18006446448985,113.26201514184581,113.26201514184581,14.025308711810226,5,4.6117233544354574,Moto,Sandstorms,Low,Urban,False,0,0,0,3952.7810693545557,4071.0430844964017,Nenhuma,1
pedido_3985.2646505835705_848,128.66153493601806,102.0687035091688,82.0687035091688,15.774467444245724,5,5.0,Moto,Sandstorms,High,Other,True,0,1,0,3985.2646505835705,4072.3333540927392,Rota_Reduzida,1
pedido_3982.445594642446_844,98.92379162099641,81.0493755807148,81.0493755807148,8.309004333701743,10,4.513691730611997,Van,Foggy,Low,Metropolitian,False,0,0,0,3982.445594642446,4073.4949702231606,Nenhuma,1
pedido_3976.1760283398285_839,131.42867154023693,97.9353335895889,82.9353335895889,3.3292914909745877,15,4.564283684278956,Moto,Stormy,Medium,Urban,True,0,0,0,3976.1760283398285,4074.1113619294174,Rota_Reduzida,1
pedido_3939.300522779782_810,140.11079745283524,145.17603916258784,130.17603916258784,12.886453711564965,5,4.816901483354943,Moto,Sandstorms,Jam,Urban,False,0,1,0,3939.300522779782,4074.47656194237,Aumento_Velocidade,0
pedido_3894.1448795241918_768,178.09284162168544,165.95873394472525,165.95873394472525,15.190152656454417,15,4.386672152304261,Van,Sunny,High,Metropolitian,True,0,1,1,3894.1448795241918,4075.103613468917,Nenhuma,0
pedido_4016.7077915362106_872,102.34037377523653,69.1299613701914,54.129961370191396,12.303023044230109,5,5.0,Scooter,Sunny,High,Urban,False,0,1,1,4016.7077915362106,4075.837752906402,Aumento_Velocidade,1
pedido_3949.9994519128554_818,133.64542714196853,136.34012979056052,121.34012979056052,0.0,5,4.9307208908950955,Moto,Windy,Medium,Metropolitian,False,0,0,0,3949.9994519128554,4076.339581703416,Rota_Reduzida,0
pedido_3948.7510589380686_817,144.51092828510122,134.07492102748145,119.07492102748145,10.689777472441786,10,4.5861602856033405,Moto,Foggy,Medium,Metropolitian,True,0,0,0,3948.7510589380686,4077.8259799655502,Rota_Reduzida,1
pedido_3971.0140697964553_833,138.84299881221847,112.31458771513903,97.31458771513903,10.254047135300503,10,4.772880597008798,Scooter,Windy,Medium,Metropolitian,True,0,0,0,3971.0140697964553,4078.3286575115944,Rota_Reduzida,1
pedido_4003.3073944364905_861,99.52735105208863,65.1342276497168,65.1342276497168,5.5787958410893985,10,4.951232820927258,Van,Sunny,High,Metropolitian,False,0,1,1,4003.3073944364905,4078.441622086207,Nenhuma,1
pedido_3968.9030228310075_832,127.62309355895415,121.22549735729817,106.22549735729817,7.624262290452051,5,4.647788071105522,Moto,Sandstorms,Jam,Metropolitian,True,0,1,0,3968.9030228310075,4080.1285201883056,Aumento_Velocidade,1
pedido_3971.2910501113406_834,112.40113977100157,109.59558266909367,94.59558266909367,15.350943932747938,15,4.648678177109792,Moto,Sunny,Jam,Urban,True,0,1,1,3971.2910501113406,4080.8866327804344,Aumento_Velocidade,1
pedido_3985.9492695948143_849,125.80123043040042,106.61521550582924,91.61521550582924,8.892221386202895,5,4.554412308691479,Moto,Foggy,Medium,Urban,True,0,0,0,3985.9492695948143,4082.5644851006437,Rota_Reduzida,1
pedido_3983.958493454144_846,128.06032010693454,111.755866003246,96.755866003246,1.5922298711150127,5,5.0,Scooter,Sandstorms,Jam,Metropolitian,False,0,1,0,3983.958493454144,4085.71435945739,Aumento_Velocidade,1
pedido_3980.2653463252473_841,132.5995064518903,111.89703906817859,96.89703906817859,15.082329734635424,10,5.0,Moto,Stormy,High,Metropolitian,False,0,1,0,3980.2653463252473,4087.1623853934257,Aumento_Velocidade,1
pedido_3947.475918213049_816,171.00538873364516,140.77136548101777,125.77136548101777,0.0,15,4.367131258685816,Scooter,Stormy,Jam,Metropolitian,False,0,1,0,3947.475918213049,4088.247283694067,Aumento_Velocidade,0
pedido_3956.8857788226564_823,133.1700385356115,133.75727403345562,118.75727403345562,7.3856631310997685,15,4.600062866360392,Scooter,Foggy,High,Metropolitian,False,0,1,0,3956.8857788226564,4090.6430528561123,Aumento_Velocidade,1
pedido_3999.848475902212_859,101.29554141607021,94.33550278766009,79.33550278766009,15.017434753925095,15,4.938172637385295,Scooter,Sunny,High,Urban,False,0,1,1,3999.848475902212,4094.183978689872,Aumento_Velocidade,1
pedido_3974.7733647873265_838,134.12425690067138,132.37968044886424,117.37968044886424,12.451688218529663,5,4.497550798175571,Scooter,Windy,High,Metropolitian,False,0,1,0,3974.7733647873265,4097.15304523619,Aumento_Velocidade,1
pedido_3955.8877535194656_822,133.14594553826961,151.44188483681467,136.44188483681467,12.338802498396296,5,5.0,Scooter,Stormy,High,Metropolitian,True,0,1,0,3955.8877535194656,4097.32963835628,Aumento_Velocidade,0
pedido_3982.522408971944_845,129.01666075656678,120.62101615116077,105.62101615116077,3.1678881967824526,10,4.474635550364002,Scooter,Windy,High,Metropolitian,False,0,1,0,3982.522408971944,4098.143425123105,Aumento_Velocidade,1
pedido_3985.9683225162526_850,126.20983396135304,117.97217872665391,102.97217872665391,7.864303435751985,10,4.661241669958695,Moto,Foggy,Medium,Metropolitian,True,0,0,0,3985.9683225162526,4098.940501242906,Rota_Reduzida,1
pedido_4004.4496654960085_862,95.18733229388945,84.59550229530115,84.59550229530115,2.877561793386186,10,4.744306649925789,Van,Sunny,High,Metropolitian,False,0,1,1,4004.4496654960085,4099.04516779131,Nenhuma,1
pedido_3912.3259338458206_787,179.0325689469004,197.67372299619882,182.67372299619882,11.964506994465854,5,4.38501976643965,Moto,Sunny,High,Metropolitian,False,0,1,1,3912.3259338458206,4099.999656842019,Aumento_Velocidade,0
pedido_3941.586352609552_812,173.13066004605767,151.63553078515906,151.63553078515906,17.54440090527341,10,4.340564534087268,Moto,Foggy,Low,Metropolitian,False,0,0,0,3941.586352609552,4103.221883394711,Nenhuma,0
pedido_3981.9549886122168_843,135.08231148926365,132.33289003263147,117.33289003263147,9.390169849136438,5,4.639245480095924,Moto,Windy,Medium,Urban,False,0,0,0,3981.9549886122168,4104.287878644848,Rota_Reduzida,1
pedido_4005.8634737578377_863,98.7904708398106,100.48528618070219,85.48528618070219,1.5775103774863357,15,4.808817118328139,Scooter,Sunny,Jam,Metropolitian,False,0,1,1,4005.8634737578377,4106.34875993854,Aumento_Velocidade,1
pedido_4058.9753819418797_909,44.228996399456186,32.46184554383712,32.46184554383712,15.012102912432665,15,4.669562675327077,Scooter,Foggy,High,Urban,False,1,1,0,4058.9753819418797,4106.437227485717,Nenhuma,1
pedido_3973.1832289559043_836,137.9244991884706,129.79547318619996,129.79547318619996,10.03391103150241,5,4.489842049045486,Van,Windy,Jam,Metropolitian,False,0,1,0,3973.1832289559043,4107.978702142104,Nenhuma,0
pedido_3990.485447098265_853,135.6818522440013,117.66614500836016,102.66614500836016,12.83632185786053,15,4.705354367534371,Scooter,Windy,High,Metropolitian,True,0,1,0,3990.485447098265,4108.151592106625,Aumento_Velocidade,1
pedido_4024.9191801558745_878,99.08136869365737,94.08483116893134,79.08483116893134,4.506785533585926,5,4.765164546325392,Scooter,Sunny,High,Metropolitian,True,0,1,1,4024.9191801558745,4109.004011324806,Aumento_Velocidade,1
pedido_4024.2967750745406_876,98.77794724109636,96.49117047596711,81.49117047596711,1.8758478182823488,5,4.74483079157586,Moto,Sunny,High,Metropolitian,True,0,1,1,4024.2967750745406,4110.787945550508,Aumento_Velocidade,1
pedido_3991.581801224711_855,133.0196758514353,129.27683434496953,114.27683434496953,14.48459090714059,5,4.740891265296955,Moto,Windy,High,Urban,False,0,1,0,3991.581801224711,4110.858635569681,Aumento_Velocidade,1
pedido_3984.2820093613013_847,141.8939224478908,128.91353638706582,113.91353638706582,14.18173095537355,15,4.832556094052446,Moto,Sandstorms,Jam,Metropolitian,True,0,1,0,3984.2820093613013,4113.195545748367,Aumento_Velocidade,1
pedido_3991.005419791273_854,134.64449430465473,133.92007240650292,118.92007240650292,16.42048230823672,5,4.649793690803552,Moto,Sandstorms,High,Metropolitian,False,0,1,0,3991.005419791273,4114.925492197776,Aumento_Velocidade,1
pedido_4009.4248310212524_867,127.48927984069391,115.51941193797181,100.51941193797181,7.749620811089718,5,4.514435107146951,Scooter,Stormy,Jam,Metropolitian,False,0,1,0,4009.4248310212524,4114.9442429592245,Aumento_Velocidade,1
pedido_3972.855324144298_835,164.50506719608444,143.43835892887745,128.43835892887745,6.205133058405465,15,4.424179286077549,Scooter,Sunny,Medium,Metropolitian,True,0,0,1,3972.855324144298,4116.293683073175,Rota_Reduzida,0
pedido_4034.1182624964017_885,96.45950862739663,94.63262429232594,79.63262429232594,0.5220673792874493,5,4.9303805046159335,Moto,Sunny,Medium,Metropolitian,False,0,0,1,4034.1182624964017,4118.750886788727,Rota_Reduzida,1
pedido_4066.50455507874_912,44.42230863584765,40.60981922861784,40.60981922861784,3.413275991972556,15,4.491300337073873,Moto,Foggy,Jam,Urban,False,1,1,0,4066.50455507874,4122.114374307358,Nenhuma,1
pedido_4003.27552638546_860,110.44838788967907,115.15689760200387,115.15689760200387,15.508649249345533,5,4.649322850374436,Scooter,Foggy,Low,Metropolitian,False,0,0,0,4003.27552638546,4123.432423987464,Nenhuma,1
pedido_3963.44815788977_830,176.79186238166716,160.65747508659643,145.65747508659643,5.158137911712855,15,4.410009193568469,Moto,Sandstorms,High,Metropolitian,False,0,1,0,3963.44815788977,4124.105632976366,Aumento_Velocidade,0
pedido_4028.3239287926417_883,99.18955208209829,100.78978448029557,85.78978448029557,8.902506638670058,10,4.8525764058552285,Moto,Sunny,Jam,Metropolitian,False,0,1,1,4028.3239287926417,4124.113713272937,Aumento_Velocidade,1
pedido_4022.133972893639_875,129.40810462165848,112.1568013761344,97.1568013761344,5.07150157982988,5,4.679045331022298,Moto,Windy,High,Metropolitian,True,0,1,0,4022.133972893639,4124.2907742697735,Aumento_Velocidade,1
pedido_4005.993291882962_864,133.23382719633193,122.78896705526103,107.78896705526103,16.030459458668773,15,4.951226389621516,Scooter,Stormy,High,Metropolitian,True,0,1,0,4005.993291882962,4128.782258938223,Aumento_Velocidade,1
pedido_4014.964107563322_869,128.04003209954664,124.49595318704081,109.49595318704081,4.752454633564758,5,4.650508051738827,Moto,Sandstorms,Jam,Metropolitian,False,0,1,0,4014.964107563322,4129.460060750363,Aumento_Velocidade,1
pedido_4066.6744070760196_913,99.52735105208863,68.60741058089351,53.607410580893514,5.1301605327547355,10,5.0,Moto,Sunny,High,Metropolitian,False,0,1,1,4066.6744070760196,4130.2818176569135,Aumento_Velocidade,1
pedido_4040.23974407223_893,102.44512553819182,76.54641433021747,76.54641433021747,7.014963396506429,15,4.649704856320314,Van,Windy,Low,Metropolitian,True,0,0,0,4040.23974407223,4131.786158402448,Nenhuma,1
pedido_4058.215617891619_907,96.65759686794853,66.27466029549453,66.27466029549453,7.588114909736361,10,4.546145625238711,Scooter,Sunny,Low,Other,True,0,0,1,4058.215617891619,4134.490278187113,Nenhuma,1
pedido_4013.9137731671067_868,138.76172306587424,126.41154169493703,111.41154169493703,19.577531013072445,10,4.981211823143583,Scooter,Windy,Medium,Urban,False,0,0,0,4013.9137731671067,4135.325314862043,Rota_Reduzida,1
pedido_4015.9747076099657_871,136.7489216016646,124.73827871424052,109.73827871424052,15.540949243634547,10,4.627005250781926,Moto,Sandstorms,Medium,Urban,True,0,0,0,4015.9747076099657,4135.712986324206,Rota_Reduzida,1
pedido_4007.446389126096_865,137.0848191105556,134.15894877631598,119.15894877631598,12.967606984905645,10,4.608566214983244,Scooter,Stormy,Jam,Metropolitian,True,0,1,0,4007.446389126096,4136.605337902412,Aumento_Velocidade,1
pedido_4050.93462989999_900,98.10479565681625,91.9076414580236,76.9076414580236,5.554004346737553,10,4.8449883620362915,Moto,Sunny,Medium,Urban,True,0,0,1,4050.93462989999,4137.842271358014,Rota_Reduzida,1
pedido_3961.1402232651108_826,175.30946566021666,181.75198212121947,166.75198212121947,3.9037289213210604,10,4.1032066280546635,Moto,Foggy,Jam,Metropolitian,False,0,1,0,3961.1402232651108,4137.89220538633,Aumento_Velocidade,0
pedido_3981.5015764033183_842,177.63319998219956,156.45357343375534,141.45357343375534,20.58060457710127,15,4.446370175175531,Scooter,Sunny,High,Metropolitian,False,0,1,1,3981.5015764033183,4137.955149837074,Aumento_Velocidade,0
pedido_4020.272432254989_873,136.14778512474152,122.87765572207203,107.87765572207203,7.858853976212176,10,4.976165224769455,Scooter,Sandstorms,High,Metropolitian,False,0,1,0,4020.272432254989,4138.150087977061,Aumento_Velocidade,1
pedido_3973.3347511176107_837,178.8299967783262,171.0414954121988,156.0414954121988,8.414051635800826,10,4.0577021200861205,Moto,Foggy,High,Urban,True,0,1,0,3973.3347511176107,4139.37624652981,Aumento_Velocidade,0
pedido_4024.309071868509_877,124.81777509513779,125.22215537567283,110.22215537567283,3.1324179138726653,5,4.666406273908892,Moto,Stormy,Jam,Metropolitian,True,0,1,0,4024.309071868509,4139.5312272441815,Aumento_Velocidade,1
pedido_4054.1505677156933_903,96.12338172112565,97.8899470320925,82.8899470320925,6.625036918568542,5,4.469060624755748,Scooter,Sunny,Medium,Metropolitian,False,0,0,1,4054.1505677156933,4142.040514747786,Rota_Reduzida,1
pedido_4027.876048817059_882,109.05416205221078,100.77413796773716,100.77413796773716,15.284680637098036,15,4.452022577604307,Van,Sunny,High,Urban,True,0,1,1,4027.876048817059,4143.6501867847965,Nenhuma,1
pedido_3978.5639038815307_840,175.45661733300798,175.17556710436986,160.17556710436986,7.150979503926905,5,4.44962227026567,Scooter,Sandstorms,High,Metropolitian,True,0,1,0,3978.5639038815307,4143.739470985901,Aumento_Velocidade,0
pedido_4093.568779778295_929,64.57331029272832,60.41388824293162,45.41388824293162,18.582128518431098,5,4.430570579284427,Scooter,Windy,High,Metropolitian,False,1,1,0,4093.568779778295,4143.982668021226,Aumento_Velocidade,1
pedido_3997.5273642534657_856,187.3950221781668,156.6634437302755,141.6634437302755,12.30414514631343,5,4.435598600958862,Scooter,Stormy,High,Metropolitian,False,0,1,0,3997.5273642534657,4144.190807983741,Aumento_Velocidade,0
pedido_4040.062502185415_892,133.4537802096126,116.69064046951013,101.69064046951013,9.57143652867903,5,4.700236988290282,Moto,Windy,High,Metropolitian,False,0,1,0,4040.062502185415,4146.753142654925,Aumento_Velocidade,1
pedido_4059.0744246548506_910,111.62791405307173,95.16904608307136,80.16904608307136,17.599150295869634,10,4.719780570900821,Moto,Sunny,Jam,Metropolitian,True,0,1,1,4059.0744246548506,4149.243470737922,Aumento_Velocidade,1
pedido_4039.1962346168816_891,133.38726552624152,123.81744174350212,108.81744174350212,4.426804071338331,10,4.604435252327606,Moto,Stormy,Medium,Metropolitian,False,0,0,0,4039.1962346168816,4158.013676360384,Rota_Reduzida,1
pedido_4032.306407938873_884,131.21597405030462,116.61143692239722,116.61143692239722,7.753195761359023,10,4.703946321589869,Van,Foggy,Jam,Metropolitian,True,0,1,0,4032.306407938873,4158.91784486127,Nenhuma,1
pedido_4055.9197274032013_905,96.6072789460678,98.61507188903605,98.61507188903605,7.292540394044629,5,4.86213128200254,Moto,Sunny,Low,Metropolitian,True,0,0,1,4055.9197274032013,4159.534799292237,Nenhuma,1
pedido_4048.3528331625193_896,135.27984175692328,111.55998682470751,96.55998682470751,5.873382530373812,15,4.764009531517637,Moto,Sandstorms,Medium,Metropolitian,False,0,0,0,4048.3528331625193,4159.912819987227,Rota_Reduzida,1
pedido_4027.327032374024_881,149.6575320335434,132.6294882082106,117.6294882082106,17.794197568183318,15,4.732296054775134,Moto,Foggy,Jam,Metropolitian,False,0,1,0,4027.327032374024,4159.956520582235,Aumento_Velocidade,1
pedido_4038.5569621763093_889,135.8251700970151,127.88339857735477,112.88339857735477,16.10941675711381,10,4.608036519745003,Scooter,Windy,Jam,Metropolitian,False,0,1,0,4038.5569621763093,4161.440360753664,Aumento_Velocidade,1
pedido_4021.4042147052933_874,139.43547023472857,131.63005755169178,131.63005755169178,11.551312548849616,10,4.740219583764275,Van,Windy,Jam,Metropolitian,True,0,1,0,4021.4042147052933,4163.034272256985,Nenhuma,0
pedido_4049.4981486630754_898,132.141537028009,121.53075890160125,106.53075890160125,6.412971663237394,10,4.8520248977731795,Moto,Foggy,High,Urban,False,0,1,0,4049.4981486630754,4166.028907564677,Aumento_Velocidade,1
pedido_4086.172049765406_921,97.9927727626802,64.95809430988204,64.95809430988204,8.42987916450533,15,4.640620412645497,Scooter,Foggy,Low,Metropolitian,False,0,0,0,4086.172049765406,4166.130144075288,Nenhuma,1
pedido_4053.7877095017934_902,128.19456031679758,122.83155610333489,107.83155610333489,4.470764666099474,5,4.855750732016852,Scooter,Stormy,High,Urban,False,0,1,0,4053.7877095017934,4166.619265605128,Aumento_Velocidade,1
pedido_4015.7789492953934_870,174.37291178664432,156.8892083918388,141.8892083918388,4.270376211608606,10,4.420480230142548,Moto,Windy,Jam,Metropolitian,True,0,1,0,4015.7789492953934,4167.668157687232,Aumento_Velocidade,0
pedido_4038.5885274909015_890,127.66722869532683,134.1760737055901,119.17607370559011,5.147291532811898,10,4.67258742111794,Moto,Stormy,Jam,Metropolitian,False,0,1,0,4038.5885274909015,4167.764601196492,Aumento_Velocidade,1
pedido_4057.8953131260214_906,112.67459718893195,95.94452963737241,95.94452963737241,18.02188499071712,15,4.805437089491686,Moto,Foggy,Low,Metropolitian,True,0,0,0,4057.8953131260214,4168.839842763394,Nenhuma,1
pedido_4037.6135145338535_888,133.25361091970277,137.3200733432143,122.32007334321429,9.24762715395058,10,4.748578676446984,Moto,Foggy,High,Metropolitian,True,0,1,0,4037.6135145338535,4169.933587877068,Aumento_Velocidade,0
pedido_4036.5112648210556_886,171.03278842590493,145.79906739218137,125.79906739218137,4.64865548898738,10,4.420816135111669,Moto,Sandstorms,High,Other,True,0,1,0,4036.5112648210556,4172.310332213237,Rota_Reduzida,0
pedido_4047.1576876156614_895,128.79363038399805,130.46553343553765,115.46553343553765,8.449465551845101,10,4.565079195341562,Scooter,Sandstorms,Jam,Metropolitian,True,0,1,0,4047.1576876156614,4172.623221051199,Aumento_Velocidade,1
pedido_4037.474532921807_887,173.90746271059282,140.657467686541,125.657467686541,4.796685683614685,10,4.337173723292528,Moto,Windy,High,Urban,False,0,1,0,4037.474532921807,4173.132000608348,Aumento_Velocidade,0
pedido_4058.890430383764_908,123.40083122371925,125.86556936923301,110.86556936923301,1.1676961034403455,5,4.746879248471636,Moto,Stormy,Jam,Metropolitian,False,0,1,0,4058.890430383764,4174.755999752997,Aumento_Velocidade,1
pedido_4101.225584376276_937,97.49009431361574,79.24493849821654,64.24493849821654,3.494563005961237,15,4.689537852735233,Scooter,Sunny,High,Metropolitian,False,0,1,1,4101.225584376276,4180.470522874492,Aumento_Velocidade,1
pedido_4049.9790279493573_899,130.41719925368204,136.96752907199246,121.96752907199246,0.0,10,4.9191050966534835,Moto,Sandstorms,High,Urban,True,0,1,0,4049.9790279493573,4181.94655702135,Aumento_Velocidade,0
pedido_4074.534562097799_915,135.87107741268363,116.22145707641408,101.22145707641408,10.342546054869459,10,4.577928145481928,Moto,Stormy,Jam,Metropolitian,True,0,1,0,4074.534562097799,4185.756019174213,Aumento_Velocidade,1
pedido_3999.60112347226_857,202.9108044743233,189.88622756753355,174.88622756753355,14.698097995263515,15,4.379635139998008,Moto,Foggy,Jam,Metropolitian,False,0,1,0,3999.60112347226,4189.487351039794,Aumento_Velocidade,0
pedido_4091.8896358516363_926,109.7849844197985,108.26789902890819,93.26789902890819,14.620581905509429,5,4.784237570267311,Scooter,Sunny,Jam,Metropolitian,True,0,1,1,4091.8896358516363,4190.157534880544,Aumento_Velocidade,1
pedido_4007.614073490975_866,194.67120154505872,187.87748858522409,172.87748858522409,4.465997014354768,10,4.3663252203349225,Moto,Sunny,High,Urban,False,0,1,1,4007.614073490975,4190.491562076199,Aumento_Velocidade,0
pedido_4109.153269270851_941,95.25023207545257,91.32979288283458,76.32979288283458,1.2134351847145348,10,4.698545010201186,Moto,Sunny,High,Metropolitian,False,0,1,1,4109.153269270851,4195.483062153685,Aumento_Velocidade,1
pedido_4080.6407792881487_917,132.68771239691185,119.92184592012117,104.92184592012117,13.839898561915678,10,4.848842012159724,Moto,Stormy,Medium,Metropolitian,False,0,0,0,4080.6407792881487,4195.56262520827,Rota_Reduzida,1
pedido_4092.560655662251_927,112.37177636065385,103.62620691188974,88.62620691188974,22.033422605068722,15,4.83453566849903,Moto,Sunny,Medium,Metropolitian,True,0,0,1,4092.560655662251,4196.186862574141,Rota_Reduzida,1
pedido_4076.4956153340927_916,137.0401775347903,125.47053701939308,110.47053701939308,5.344952696247356,10,4.763179752251452,Scooter,Windy,Medium,Metropolitian,False,0,0,0,4076.4956153340927,4196.966152353486,Rota_Reduzida,1
pedido_4115.643491837315_944,102.97077709614244,92.12453286888292,77.12453286888292,17.236246008627397,5,4.800826790795656,Scooter,Sunny,High,Urban,False,0,1,1,4115.643491837315,4197.768024706198,Aumento_Velocidade,1
pedido_4083.620008555655_919,132.1214206828547,114.2511363401853,99.2511363401853,5.383805200916191,15,4.551379574279663,Scooter,Sandstorms,High,Urban,False,0,1,0,4083.620008555655,4197.871144895841,Aumento_Velocidade,1
pedido_4071.0049082423366_914,132.86065307048725,127.94079592215607,112.94079592215607,10.813166860682646,15,4.960076330730586,Scooter,Stormy,High,Metropolitian,False,0,1,0,4071.0049082423366,4198.945704164493,Aumento_Velocidade,1
pedido_4098.017545997604_934,133.5546445664898,111.33253283088257,96.33253283088257,11.034661520251316,5,4.768831486314692,Moto,Stormy,Medium,Urban,True,0,0,0,4098.017545997604,4199.350078828487,Rota_Reduzida,1
pedido_4091.6670070587193_925,124.58304580415489,112.92023750597087,97.92023750597087,4.13338468996837,10,4.830724860204737,Moto,Sandstorms,Jam,Metropolitian,False,0,1,0,4091.6670070587193,4199.58724456469,Aumento_Velocidade,1
pedido_4120.846427242061_949,106.20906400080378,84.06931940106965,69.06931940106965,13.530694554594758,10,4.4813905702624055,Moto,Sunny,High,Metropolitian,False,0,1,1,4120.846427242061,4199.915746643131,Aumento_Velocidade,1
pedido_4095.31696142602_931,143.93889410153798,114.86292924424957,99.86292924424957,14.594321291522137,5,4.8835514605393,Moto,Foggy,Medium,Metropolitian,True,0,0,0,4095.31696142602,4200.17989067027,Rota_Reduzida,1
pedido_4114.4789094171265_942,101.61481017132195,96.74961437512175,81.74961437512175,14.11923362881817,5,4.734307106449968,Moto,Sunny,High,Urban,False,0,1,1,4114.4789094171265,4201.228523792248,Aumento_Velocidade,1
pedido_4027.2537465529745_880,189.3608271871397,175.71235104052485,160.71235104052485,11.142276271191925,15,4.304061295393756,Moto,Foggy,High,Urban,True,0,1,0,4027.2537465529745,4202.966097593499,Aumento_Velocidade,0
pedido_4096.5238463548285_932,133.68357605391355,111.61733692862882,96.61733692862882,3.7687110942363824,10,5.0,Scooter,Windy,High,Metropolitian,False,0,1,0,4096.5238463548285,4203.141183283457,Aumento_Velocidade,1
pedido_4025.792203325685_879,195.46203131108004,180.4804107590231,165.4804107590231,2.3266194330900434,15,4.382645343754911,Scooter,Sunny,High,Metropolitian,True,0,1,1,4025.792203325685,4206.272614084708,Aumento_Velocidade,0
pedido_4091.158580759593_923,133.90516160168426,125.97161070383785,110.97161070383785,11.304110479391797,5,4.623482712826063,Moto,Windy,High,Metropolitian,True,0,1,0,4091.158580759593,4207.1301914634305,Aumento_Velocidade,1
pedido_4055.8840056002427_904,146.20718333146468,141.3765585083204,141.3765585083204,6.374278611012009,10,4.4109626687552375,Moto,Sunny,Low,Metropolitian,False,0,0,1,4055.8840056002427,4207.260564108563,Nenhuma,0
pedido_4091.2672570211416_924,132.7770564537891,116.48178236091945,101.48178236091945,4.417519994212308,15,4.795046651289724,Moto,Stormy,Medium,Urban,False,0,0,0,4091.2672570211416,4207.749039382061,Rota_Reduzida,1
pedido_4101.153950564332_936,131.36489664350225,118.58417794743454,103.58417794743454,7.711266803095022,5,4.961945379822896,Scooter,Stormy,High,Metropolitian,False,0,1,0,4101.153950564332,4209.738128511767,Aumento_Velocidade,1
pedido_4106.50743340489_940,132.61895272995193,105.52132884241814,90.52132884241814,0.0,15,4.756725297423151,Moto,Sandstorms,High,Metropolitian,False,0,1,0,4106.50743340489,4212.028762247309,Aumento_Velocidade,1
pedido_4040.749054297954_894,196.99126482591092,176.3451063921651,161.3451063921651,14.776356437121514,10,4.439280735259839,Moto,Windy,Jam,Metropolitian,False,0,1,0,4040.749054297954,4212.094160690119,Aumento_Velocidade,0
pedido_4098.110715170309_935,143.1507560122349,119.85054666794201,104.85054666794201,16.887372224566892,10,4.5885419740312,Moto,Foggy,Medium,Urban,False,0,0,0,4098.110715170309,4212.961261838251,Rota_Reduzida,1
pedido_4082.359735482397_918,127.58910403043068,136.7973488819654,121.7973488819654,6.573790402262088,10,4.881883737265874,Scooter,Sandstorms,Jam,Urban,False,0,1,0,4082.359735482397,4214.157084364362,Aumento_Velocidade,0
pedido_4053.364563155167_901,167.74274742400388,151.78447797317938,151.78447797317938,15.02141447164862,10,4.338171793902254,Moto,Sunny,Low,Metropolitian,False,0,0,1,4053.364563155167,4215.149041128347,Nenhuma,0
pedido_4102.446934168153_938,133.7629571977518,113.9252028154865,98.9252028154865,18.34538263055354,15,4.499107269189087,Moto,Windy,High,Urban,False,0,1,0,4102.446934168153,4216.37213698364,Aumento_Velocidade,1
pedido_4097.795377539026_933,123.95709700399927,126.2946007074159,111.2946007074159,3.433455175290475,10,4.974661626153775,Moto,Stormy,Jam,Metropolitian,False,0,1,0,4097.795377539026,4219.089978246442,Aumento_Velocidade,1
pedido_4084.4448209623574_920,134.12981307704266,135.3383654979007,120.3383654979007,13.526601970303474,15,4.516916856269055,Moto,Windy,High,Metropolitian,False,0,1,0,4084.4448209623574,4219.783186460258,Aumento_Velocidade,0
pedido_4093.062718932279_928,140.19943154947018,129.0801941776254,114.0801941776254,15.349573969786404,15,4.8762610746187045,Moto,Foggy,High,Metropolitian,False,0,1,0,4093.062718932279,4222.142913109904,Aumento_Velocidade,1
pedido_4138.833045066558_958,101.83865903440335,84.14817830644199,69.14817830644199,13.237245814104327,15,4.875239063978071,Moto,Sunny,High,Metropolitian,False,0,1,1,4138.833045066558,4222.981223373,Aumento_Velocidade,1
pedido_4144.700598624785_961,101.85067578837038,83.02256749108757,68.02256749108757,14.961059307428895,15,5.0,Scooter,Sunny,High,Metropolitian,False,0,1,1,4144.700598624785,4227.723166115873,Aumento_Velocidade,1
pedido_4116.424000560463_945,129.53355183756187,116.56451365678912,101.56451365678912,2.2880230804130384,10,4.906850449448889,Scooter,Stormy,High,Metropolitian,True,0,1,0,4116.424000560463,4227.9885142172525,Aumento_Velocidade,1
pedido_4064.138268794773_911,177.85578323261467,171.5734502465085,156.5734502465085,11.34002002747406,10,4.439431749731258,Scooter,Sunny,High,Metropolitian,False,0,1,1,4064.138268794773,4230.711719041282,Aumento_Velocidade,0
pedido_4115.419078368137_943,131.69547513863242,121.48132657579959,106.48132657579959,4.353605301559062,10,4.532945171014581,Scooter,Foggy,High,Metropolitian,True,0,1,0,4115.419078368137,4231.900404943936,Aumento_Velocidade,1
pedido_4094.226847872879_930,144.54442039038366,150.56644056241382,135.56644056241382,20.42533477283752,5,4.832596823358309,Scooter,Foggy,High,Metropolitian,False,0,1,0,4094.226847872879,4234.793288435292,Aumento_Velocidade,0
pedido_4146.734444593079_965,103.22030842633225,83.43171350536973,83.43171350536973,17.081733096566246,5,4.661207957211785,Moto,Sandstorms,Low,Metropolitian,False,0,0,0,4146.734444593079,4235.166158098449,Nenhuma,1
pedido_4104.174458652573_939,144.3680341510567,142.78083897692844,127.78083897692844,13.123409913040003,5,4.808542225194346,Scooter,Foggy,High,Metropolitian,True,0,1,0,4104.174458652573,4236.955297629502,Aumento_Velocidade,0
pedido_4148.830312102149_966,98.7904708398106,98.1368102139543,83.1368102139543,2.8338100442248395,5,4.780536204642946,Moto,Sunny,Jam,Metropolitian,False,0,1,1,4148.830312102149,4236.967122316103,Aumento_Velocidade,1
pedido_4117.793548071559_947,128.10224929954254,124.74727314729125,109.74727314729125,7.89569168193893,10,4.726832975859189,Moto,Stormy,High,Metropolitian,True,0,1,0,4117.793548071559,4237.54082121885,Aumento_Velocidade,1
pedido_4120.618611047362_948,133.26001537785646,122.75131140851323,107.75131140851323,4.9842935784219575,10,4.903852131315652,Scooter,Foggy,High,Metropolitian,False,0,1,0,4120.618611047362,4238.369922455875,Aumento_Velocidade,1
pedido_4145.343371427435_963,102.20587292579319,93.94135907334986,78.94135907334986,0.9632930324748701,15,4.5327067269777865,Moto,Sunny,Jam,Metropolitian,False,0,1,1,4145.343371427435,4239.284730500785,Aumento_Velocidade,1
pedido_4125.963363978873_953,130.84202769971293,126.396414745789,111.396414745789,5.948225545071413,5,4.592700114182351,Scooter,Windy,High,Metropolitian,False,0,1,0,4125.963363978873,4242.359778724662,Aumento_Velocidade,1
pedido_4160.016978549047_981,97.88949316149598,82.49970254788313,67.49970254788313,9.411879937867111,15,4.966432841917511,Scooter,Sunny,High,Metropolitian,False,0,1,1,4160.016978549047,4242.51668109693,Aumento_Velocidade,1
pedido_4203.2955748742015_1011,45.623809052926525,29.96280964522508,29.96280964522508,3.3207131984826144,10,4.898774623849863,Moto,Sandstorms,High,Metropolitian,True,1,1,0,4203.2955748742015,4243.258384519427,Nenhuma,1
pedido_4134.825909850246_956,128.79591118080657,120.23808006231374,105.23808006231374,15.345554702831636,5,4.753416516820861,Moto,Stormy,High,Metropolitian,False,0,1,0,4134.825909850246,4245.06398991256,Aumento_Velocidade,1
pedido_4121.974277597374_950,134.7974215953007,118.30257769891706,118.30257769891706,4.181310743099601,5,4.7326251970321875,Van,Foggy,High,Metropolitian,False,0,1,0,4121.974277597374,4245.276855296291,Nenhuma,1
pedido_4156.584373130113_977,102.66752374222357,78.80672754701367,78.80672754701367,15.120514306272659,10,4.980422259106766,Van,Sandstorms,Low,Urban,False,0,0,0,4156.584373130113,4245.391100677127,Nenhuma,1
pedido_4145.151977406508_962,126.19002097564969,100.24932715820844,85.24932715820844,7.074996183717157,15,4.7866935122721905,Moto,Foggy,Medium,Urban,True,0,0,0,4145.151977406508,4245.401304564717,Rota_Reduzida,1
pedido_4200.862298834608_1009,48.884706837590386,30.430823884992073,30.430823884992073,3.544184466013135,15,4.36791049553559,Moto,Stormy,Low,Urban,False,1,0,0,4200.862298834608,4246.2931227195995,Nenhuma,1
pedido_4223.169193843592_1027,44.33338418376807,18.388699506476378,18.388699506476378,2.4646639109321224,10,4.715290976096287,Scooter,Foggy,Jam,Urban,True,1,1,0,4223.169193843592,4251.557893350069,Nenhuma,1
pedido_4138.944196548935_959,131.66730939871945,115.9483990858308,100.9483990858308,9.04278618047842,15,4.846264861525903,Moto,Sandstorms,High,Metropolitian,False,0,1,0,4138.944196548935,4254.892595634766,Aumento_Velocidade,1
pedido_4158.578830837812_980,101.44528381010282,96.43245747637108,81.43245747637108,19.562990182755257,15,4.65405187785257,Scooter,Sunny,High,Urban,False,0,1,1,4158.578830837812,4255.011288314184,Aumento_Velocidade,1
pedido_4123.255368164126_951,133.051824642882,141.95873220470773,126.95873220470773,6.4364492000107525,5,4.632144866958131,Moto,Stormy,Medium,Urban,False,0,0,0,4123.255368164126,4255.214100368833,Rota_Reduzida,0
pedido_4129.13970372215_954,130.23375860557692,136.12616603786356,121.12616603786356,6.905810637103059,5,4.681173875997009,Moto,Windy,High,Metropolitian,True,0,1,0,4129.13970372215,4255.265869760014,Aumento_Velocidade,0
pedido_4123.924508774866_952,137.0643055026166,141.42759860684322,126.42759860684322,16.40943318118628,5,4.801043463721831,Moto,Stormy,Jam,Urban,True,0,1,0,4123.924508774866,4255.352107381709,Aumento_Velocidade,0
pedido_4116.966163988243_946,130.99869070357013,129.6929858027492,129.6929858027492,4.570728975094171,10,4.7671439574328325,Van,Windy,High,Urban,False,0,1,0,4116.966163988243,4256.659149790992,Nenhuma,0
pedido_4087.6102883026483_922,185.3206343015973,173.0528502491831,158.0528502491831,1.844496604322936,15,4.282442649189311,Moto,Sunny,Jam,Metropolitian,True,0,1,1,4087.6102883026483,4260.663138551832,Aumento_Velocidade,0
pedido_4132.104616140762_955,132.141537028009,119.42163821558927,119.42163821558927,6.809358527397117,10,4.885124956564339,Van,Foggy,High,Metropolitian,False,0,1,0,4132.104616140762,4261.526254356351,Nenhuma,1
pedido_4192.445523491118_1000,99.0155242483077,69.40448072493044,54.40448072493044,5.8201404449745615,15,4.62642491757216,Scooter,Sunny,Jam,Metropolitian,False,0,1,1,4192.445523491118,4261.850004216049,Aumento_Velocidade,1
pedido_4143.716893053729_960,131.31007929737657,128.73647474677773,113.73647474677773,8.656029728330937,5,4.817429198325699,Moto,Sandstorms,High,Metropolitian,False,0,1,0,4143.716893053729,4262.453367800506,Aumento_Velocidade,1
pedido_4166.794874244492_984,100.75003162907937,92.79915242017076,92.79915242017076,5.807108975796146,5,4.608544049102726,Scooter,Sandstorms,Low,Metropolitian,True,0,0,0,4166.794874244492,4264.594026664663,Nenhuma,1
pedido_4151.627318506102_969,136.01309964527013,123.15777717253101,108.15777717253101,10.72067018754854,5,4.5670004472989785,Moto,Stormy,Medium,Metropolitian,True,0,0,0,4151.627318506102,4264.785095678632,Rota_Reduzida,1
pedido_4219.69856668469_1022,45.23519497772263,35.52601138523967,35.52601138523967,15.707844983986117,10,4.629078966242023,Moto,Windy,High,Metropolitian,False,1,1,0,4219.69856668469,4265.22457806993,Nenhuma,1
pedido_4151.321479134066_968,134.6430424670776,114.16050934439383,99.16050934439383,16.929206685775736,15,4.755273959840461,Scooter,Sandstorms,High,Urban,False,0,1,0,4151.321479134066,4265.48198847846,Aumento_Velocidade,1
pedido_4154.244402717644_974,135.0953073582902,116.24293243780744,101.24293243780744,10.140448901290918,10,4.6875636598317865,Moto,Sandstorms,Medium,Urban,False,0,0,0,4154.244402717644,4265.487335155452,Rota_Reduzida,1
pedido_4153.604270839467_973,134.48826071851167,117.9884422459948,102.9884422459948,10.69128065145978,10,4.65971080150709,Moto,Stormy,Medium,Metropolitian,False,0,0,0,4153.604270839467,4266.592713085462,Rota_Reduzida,1
pedido_4183.492244849104_991,97.49009431361574,85.17344962175265,70.17344962175265,3.1373275777997573,15,4.714510598591075,Moto,Sunny,High,Urban,False,0,1,1,4183.492244849104,4268.665694470857,Aumento_Velocidade,1
pedido_4151.885868210842_970,133.8849662454909,116.95857187078605,101.95857187078605,13.4891384621659,15,4.643952141810492,Moto,Stormy,Medium,Metropolitian,False,0,0,0,4151.885868210842,4268.844440081628,Rota_Reduzida,1
pedido_4152.519365668308_972,122.51002003681302,127.26218166438599,112.26218166438599,2.655849032026498,5,4.803309946613608,Scooter,Stormy,Jam,Metropolitian,False,0,1,0,4152.519365668308,4269.781547332694,Aumento_Velocidade,1
pedido_4158.525159905529_979,135.33385504438797,112.11232366560037,97.11232366560037,12.724935099311622,15,4.599866925754371,Moto,Sandstorms,High,Metropolitian,False,0,1,0,4158.525159905529,4270.637483571129,Aumento_Velocidade,1
pedido_4189.582364660906_994,101.75515788035247,71.43283868385296,71.43283868385296,16.61653891796471,10,4.989885969479981,Van,Sunny,High,Urban,False,0,1,1,4189.582364660906,4271.015203344759,Nenhuma,1
pedido_4195.259309628822_1005,95.3925029513344,79.51219715302696,64.51219715302696,1.2721838304943054,15,4.910299736874105,Scooter,Sunny,High,Metropolitian,False,0,1,1,4195.259309628822,4274.771506781849,Aumento_Velocidade,1
pedido_4162.130228222349_983,132.83225952499396,113.25637256765066,98.25637256765066,6.5156354621501125,15,4.752665794403152,Moto,Foggy,High,Metropolitian,False,0,1,0,4162.130228222349,4275.38660079,Aumento_Velocidade,1
pedido_4155.981641889653_976,141.32008033116873,129.92019281606522,114.92019281606522,14.57177277958055,5,4.7489683746058065,Scooter,Foggy,High,Metropolitian,False,0,1,0,4155.981641889653,4275.901834705718,Aumento_Velocidade,1
pedido_4150.054664393136_967,139.03865006241054,136.72819663612717,121.72819663612717,13.134230344113474,5,4.801420948485856,Moto,Sandstorms,Jam,Metropolitian,False,0,1,0,4150.054664393136,4276.782861029263,Aumento_Velocidade,0
pedido_4162.035327592314_982,137.6991703477411,114.83818950353964,99.83818950353964,5.605797047663073,15,4.733494862664805,Scooter,Windy,Medium,Metropolitian,True,0,0,0,4162.035327592314,4276.873517095854,Rota_Reduzida,1
pedido_4243.545781788515_1043,37.79493222485875,30.417854615360717,30.417854615360717,14.57905132742583,5,4.638953574564647,Moto,Sunny,Jam,Metropolitian,False,1,1,1,4243.545781788515,4278.963636403876,Nenhuma,1
pedido_4152.292165940166_971,136.5398492498131,133.20705308512802,118.20705308512802,4.964855073131875,10,4.743987340458041,Scooter,Windy,Medium,Urban,False,0,0,0,4152.292165940166,4280.499219025294,Rota_Reduzida,1
pedido_4203.817733499128_1013,96.33392854420107,62.55220053837972,62.55220053837972,5.604223127988335,15,4.907004766963022,Moto,Sunny,Low,Metropolitian,True,0,0,1,4203.817733499128,4281.369934037508,Nenhuma,1
pedido_4192.674387912815_1001,106.65158004202893,93.75828465039005,78.75828465039005,10.177438355696566,10,4.528749881853885,Moto,Sunny,High,Metropolitian,False,0,1,1,4192.674387912815,4281.432672563205,Aumento_Velocidade,1
pedido_4145.734077614693_964,131.23444202708373,141.23653480239014,126.23653480239014,7.788877942893825,10,4.76340207968214,Scooter,Stormy,Medium,Metropolitian,False,0,0,0,4145.734077614693,4281.970612417083,Rota_Reduzida,0
pedido_4209.058541594571_1018,102.84198900603003,75.468824525835,60.468824525835004,8.423244618115792,15,4.505530009770449,Scooter,Sunny,High,Metropolitian,False,0,1,1,4209.058541594571,4284.5273661204055,Aumento_Velocidade,1
pedido_4221.808730409922_1026,101.83865903440335,75.00341944422303,60.00341944422303,12.718296569190342,5,4.898860314035429,Moto,Sunny,High,Metropolitian,False,0,1,1,4221.808730409922,4286.812149854145,Aumento_Velocidade,1
pedido_4166.883899980483_985,136.81698593570798,121.78600293615287,106.78600293615287,14.655883757365935,15,4.814314470937255,Scooter,Sandstorms,Medium,Metropolitian,False,0,0,0,4166.883899980483,4288.669902916636,Rota_Reduzida,1
pedido_4190.437249334325_996,125.20167945999107,108.32654497343813,93.32654497343813,2.2644571754042477,5,4.781290888035834,Moto,Foggy,Medium,Urban,False,0,0,0,4190.437249334325,4288.763794307763,Rota_Reduzida,1
pedido_4183.347395073346_989,130.41719925368204,105.93000986277356,90.93000986277356,0.0,15,4.932613362663387,Moto,Sandstorms,High,Metropolitian,True,0,1,0,4183.347395073346,4289.27740493612,Aumento_Velocidade,1
pedido_4187.611988150909_993,130.85957355042035,103.84845478245654,88.84845478245654,8.799497521344719,15,4.8464160382962085,Moto,Foggy,Jam,Metropolitian,False,0,1,0,4187.611988150909,4291.460442933366,Aumento_Velocidade,1
pedido_4207.021759752489_1017,101.25455479570853,91.2692681161703,76.2692681161703,10.416254950190469,10,4.594264423118732,Moto,Sunny,High,Metropolitian,False,0,1,1,4207.021759752489,4293.2910278686595,Aumento_Velocidade,1
pedido_4174.496281744474_986,133.93501130580339,128.54189750306983,113.54189750306983,20.4855453665076,10,4.7069968753183495,Scooter,Stormy,High,Metropolitian,False,0,1,0,4174.496281744474,4298.038179247544,Aumento_Velocidade,1
pedido_4157.588615550533_978,141.69596539379722,146.65763099243247,131.65763099243247,11.608913725501994,10,4.88171639089587,Moto,Foggy,Medium,Metropolitian,False,0,0,0,4157.588615550533,4299.246246542965,Rota_Reduzida,0
pedido_4194.325118513233_1003,103.95080798008686,100.4719474066743,100.4719474066743,7.511751095547128,5,4.5376606136497575,Moto,Sandstorms,Low,Urban,True,0,0,0,4194.325118513233,4299.797065919907,Nenhuma,1
pedido_4200.026514369689_1008,102.86471427689914,90.40546389057721,90.40546389057721,17.451104743647242,10,4.758648991537679,Scooter,Sandstorms,Low,Metropolitian,False,0,0,0,4200.026514369689,4300.431978260266,Nenhuma,1
pedido_4181.265215006007_988,130.96773939969435,129.27117696716758,114.27117696716758,12.936732475038932,5,4.674347648416619,Scooter,Stormy,High,Urban,True,0,1,0,4181.265215006007,4300.536391973174,Aumento_Velocidade,1
pedido_4264.057521820892_1051,38.139609984756056,27.15101941022612,27.15101941022612,1.9163915074218303,10,4.816514531773914,Moto,Sunny,High,Metropolitian,False,1,1,1,4264.057521820892,4301.208541231118,Nenhuma,1
pedido_4185.617436242032_992,135.50926959983255,121.04896591975995,106.04896591975995,13.513002118060292,10,4.69586467708566,Scooter,Windy,High,Metropolitian,True,0,1,0,4185.617436242032,4301.666402161793,Aumento_Velocidade,1
pedido_4192.030988732359_998,130.78116501634756,115.03489027818902,100.03489027818902,4.749333439092505,10,4.547281583994075,Moto,Sandstorms,High,Urban,False,0,1,0,4192.030988732359,4302.065879010548,Aumento_Velocidade,1
pedido_4205.739316244169_1016,101.4515925603714,81.47844034349787,81.47844034349787,10.414277081744537,15,4.671192457782771,Moto,Stormy,Low,Urban,False,0,0,0,4205.739316244169,4302.217756587666,Nenhuma,1
pedido_4210.627601416531_1020,102.61904944384273,87.13880365863331,87.13880365863331,9.015876112375407,10,4.641409735291796,Scooter,Stormy,Low,Metropolitian,False,0,0,0,4210.627601416531,4307.766405075165,Nenhuma,1
pedido_4178.178033891056_987,136.0873153819284,119.74367482509268,119.74367482509268,16.774003589911704,10,4.542922516645369,Van,Sandstorms,High,Metropolitian,False,0,1,0,4178.178033891056,4307.921708716149,Nenhuma,1
pedido_4183.3737340163525_990,153.27189122162767,129.78754915972553,114.78754915972553,11.040872932162657,10,4.462040769847771,Scooter,Foggy,Jam,Metropolitian,False,0,1,0,4183.3737340163525,4308.161283176078,Aumento_Velocidade,1
pedido_4135.325985688992_957,197.67317074017978,178.18812294193182,163.18812294193182,15.8427304818284,10,4.440123856935683,Moto,Windy,Jam,Metropolitian,True,0,1,0,4135.325985688992,4308.514108630923,Aumento_Velocidade,0
pedido_4269.4362034957985_1054,43.32652755340468,35.03468734449822,35.03468734449822,6.489349159111191,5,4.8924839326548195,Moto,Foggy,High,Metropolitian,False,1,1,0,4269.4362034957985,4309.470890840296,Nenhuma,1
pedido_4194.546361231092_1004,133.16107505005107,116.27655471772894,101.27655471772894,4.267205118855001,15,4.62942976828035,Moto,Stormy,Medium,Metropolitian,False,0,0,0,4194.546361231092,4310.822915948821,Rota_Reduzida,1
pedido_4201.308005064014_1010,133.94368076158997,128.6181256839296,113.6181256839296,17.597195035293463,5,4.609471891155957,Moto,Stormy,Jam,Urban,False,0,1,0,4201.308005064014,4319.926130747944,Aumento_Velocidade,1
pedido_4191.086034386044_997,144.6343242741584,129.466475929194,114.46647592919399,12.607733334328685,15,5.0,Moto,Foggy,Medium,Metropolitian,False,0,0,0,4191.086034386044,4320.552510315238,Rota_Reduzida,1
pedido_4192.69203360508_1002,134.68446683212727,135.63530370071388,120.63530370071388,14.561155328085157,10,4.600501779246482,Scooter,Sandstorms,High,Metropolitian,False,0,1,0,4192.69203360508,4323.327337305794,Aumento_Velocidade,0
pedido_4192.404860796085_999,128.81443924462351,128.56482925220658,128.56482925220658,5.197733838329485,5,4.630821788027556,Van,Windy,High,Metropolitian,True,0,1,0,4192.404860796085,4325.969690048291,Nenhuma,0
pedido_4209.092949815487_1019,137.01445503961804,117.96635027517058,102.96635027517058,2.642206443750092,15,5.0,Moto,Foggy,High,Urban,False,0,1,0,4209.092949815487,4327.059300090658,Aumento_Velocidade,1
pedido_4213.334350131964_1021,128.11277391432864,124.28119078962848,109.28119078962848,5.301023964563002,5,4.639992179766078,Moto,Foggy,Medium,Urban,False,0,0,0,4213.334350131964,4327.615540921593,Rota_Reduzida,1
pedido_4204.165413747322_1014,130.78481102416515,135.81519408315404,120.81519408315404,4.045791661070056,5,4.668346944613968,Moto,Sandstorms,High,Urban,True,0,1,0,4204.165413747322,4329.980607830476,Aumento_Velocidade,0
pedido_4155.724678317955_975,189.13942883076783,177.2484593561758,162.2484593561758,14.221374046023318,15,4.218364912990205,Scooter,Foggy,High,Metropolitian,True,0,1,0,4155.724678317955,4332.973137674131,Aumento_Velocidade,0
pedido_4230.656309609694_1034,111.656403005909,112.63361148379244,97.63361148379244,14.032719588303008,5,4.620765339948544,Moto,Sunny,Jam,Metropolitian,False,0,1,1,4230.656309609694,4333.289921093487,Aumento_Velocidade,1
pedido_4204.382806710614_1015,131.31452148343413,113.94331013128618,113.94331013128618,9.742995465480199,15,4.684315843914297,Van,Foggy,Medium,Metropolitian,True,0,0,0,4204.382806710614,4333.3261168419,Nenhuma,1
pedido_4226.94695949946_1032,134.6881631026722,111.85176103931792,96.85176103931792,4.510515243300076,10,4.831580468280949,Moto,Sandstorms,Medium,Urban,False,0,0,0,4226.94695949946,4333.798720538778,Rota_Reduzida,1
pedido_4196.9866423121275_1006,134.94826940247617,150.676637275196,135.676637275196,15.901674928141038,5,4.766450763550552,Moto,Sandstorms,High,Metropolitian,True,0,1,0,4196.9866423121275,4337.663279587324,Aumento_Velocidade,0
pedido_4223.764934613708_1028,137.3999640421887,114.55710558562117,99.55710558562117,19.88356245107737,15,4.80507406387902,Moto,Stormy,Jam,Metropolitian,True,0,1,0,4223.764934613708,4338.3220401993285,Aumento_Velocidade,1
pedido_4203.6106379202365_1012,140.77869942436217,140.55733405471437,125.55733405471437,15.461827316790048,10,4.521555274637407,Moto,Foggy,High,Metropolitian,False,0,1,0,4203.6106379202365,4339.167971974951,Aumento_Velocidade,0
pedido_4304.294171733752_1079,39.730661600505876,25.064015797055717,25.064015797055717,12.656835554764474,10,4.967616799960945,Scooter,Stormy,Low,Urban,True,1,0,0,4304.294171733752,4339.358187530807,Nenhuma,1
pedido_4285.064375284229_1067,45.16219167001741,39.39135947228753,39.39135947228753,7.235858178335782,15,4.791765159463423,Scooter,Sandstorms,High,Urban,True,1,1,0,4285.064375284229,4339.455734756516,Nenhuma,1
pedido_4252.115726748355_1046,101.57062035345149,87.81206015750965,72.81206015750965,10.882374397932416,15,4.69996648619034,Scooter,Sunny,High,Metropolitian,False,0,1,1,4252.115726748355,4339.927786905864,Aumento_Velocidade,1
pedido_4225.616491536418_1031,130.37623124070146,119.73032725443736,104.73032725443736,1.9218926299621502,10,4.94361183852726,Moto,Stormy,High,Metropolitian,True,0,1,0,4225.616491536418,4340.346818790856,Aumento_Velocidade,1
pedido_4198.766076743868_1007,140.80381085995367,147.67235681843283,132.67235681843283,11.052886454140838,10,4.535741903565169,Moto,Foggy,High,Metropolitian,False,0,1,0,4198.766076743868,4341.438433562301,Aumento_Velocidade,0
pedido_4219.924424210767_1023,135.16045377687576,136.42919019615923,121.42919019615923,9.78000654217804,5,4.929051667834346,Moto,Sandstorms,Medium,Metropolitian,False,0,0,0,4219.924424210767,4346.353614406927,Rota_Reduzida,0
pedido_4226.972242533099_1033,141.2997827865002,130.66993932568545,115.66993932568545,20.98514466825501,5,4.529787403254728,Moto,Stormy,Jam,Metropolitian,False,0,1,0,4226.972242533099,4347.642181858785,Aumento_Velocidade,1
pedido_4224.9534927825625_1030,133.7262260059196,108.39551887620992,108.39551887620992,16.68052472462869,15,4.881877885830516,Van,Windy,High,Metropolitian,False,0,1,0,4224.9534927825625,4348.349011658773,Nenhuma,1
pedido_4224.5823539245675_1029,127.78747185950002,135.21921297134577,120.21921297134577,4.850346565991313,5,4.8785914489331965,Scooter,Sandstorms,Jam,Metropolitian,False,0,1,0,4224.5823539245675,4349.801566895913,Aumento_Velocidade,0
pedido_4304.791495109368_1081,45.081454150474826,30.9696159229648,30.9696159229648,5.625425490428601,15,4.4639664756894,Scooter,Stormy,Medium,Urban,False,1,0,0,4304.791495109368,4350.761111032333,Nenhuma,1
pedido_4242.530114709175_1042,134.21504553323146,120.94706258387409,105.94706258387409,14.556461886196637,5,4.8523460728218915,Moto,Sandstorms,High,Metropolitian,False,0,1,0,4242.530114709175,4353.477177293049,Aumento_Velocidade,1
pedido_4221.200561827995_1025,120.8816120049666,124.83299610401804,124.83299610401804,15.671530728667912,10,4.806252818919994,Scooter,Sunny,Low,Urban,False,0,0,1,4221.200561827995,4356.0335579320135,Nenhuma,0
pedido_4240.8424638670285_1040,124.21802003328814,121.09262322859172,106.09262322859172,3.792033973476662,10,4.676792753961914,Moto,Foggy,Medium,Metropolitian,True,0,0,0,4240.8424638670285,4356.9350870956205,Rota_Reduzida,1
pedido_4323.430066949767_1100,44.96348923060346,23.826743856231758,23.826743856231758,13.4353521555819,10,4.589246615820089,Moto,Windy,Jam,Metropolitian,False,1,1,0,4323.430066949767,4357.256810805999,Nenhuma,1
pedido_4242.398347537924_1041,133.92299353077976,122.22083448033584,107.22083448033584,17.15846866619063,10,4.695768528672532,Moto,Windy,High,Metropolitian,False,0,1,0,4242.398347537924,4359.619182018259,Aumento_Velocidade,1
pedido_4253.2564884572475_1047,130.3334115702127,106.36285369892755,91.36285369892755,7.568905642250538,15,4.5879937560099675,Scooter,Windy,Jam,Metropolitian,True,0,1,0,4253.2564884572475,4359.619342156175,Aumento_Velocidade,1
pedido_4281.501333825728_1063,98.14802361612992,88.35995385695132,73.35995385695132,3.3300320686473843,5,4.62337727084647,Scooter,Sunny,High,Metropolitian,False,0,1,1,4281.501333825728,4359.861287682679,Aumento_Velocidade,1
pedido_4239.008889192784_1039,129.67799242937988,134.77929172124254,119.77929172124254,6.774146498633272,5,4.624341646377491,Moto,Stormy,High,Metropolitian,False,0,1,0,4239.008889192784,4363.788180914027,Aumento_Velocidade,1
pedido_4237.148306709529_1037,135.3091974680962,137.29963251605045,122.29963251605045,14.708696569692009,5,4.542151725478417,Moto,Sandstorms,High,Metropolitian,False,0,1,0,4237.148306709529,4364.447939225579,Aumento_Velocidade,0
pedido_4189.7010117952_995,179.3949580112926,185.08796070635492,170.08796070635492,13.180212097467777,5,4.286680600321069,Moto,Sunny,High,Metropolitian,False,0,1,1,4189.7010117952,4364.788972501556,Aumento_Velocidade,0
pedido_4230.8033904263175_1035,132.24162150115285,129.39735113179702,129.39735113179702,7.891949674765707,10,4.468818473149305,Van,Foggy,High,Urban,False,0,1,0,4230.8033904263175,4370.200741558115,Nenhuma,0
pedido_4270.329368347738_1055,130.37076919163982,100.09072736454516,85.09072736454516,3.4697489368454946,15,4.756320179127774,Scooter,Windy,Jam,Metropolitian,True,0,1,0,4270.329368347738,4370.420095712283,Aumento_Velocidade,1
pedido_4261.114784225816_1050,141.91049511904598,112.87307050194546,97.87307050194546,13.710338487613027,15,5.0,Moto,Foggy,High,Metropolitian,False,0,1,0,4261.114784225816,4373.987854727761,Aumento_Velocidade,1
pedido_4246.36236656464_1044,126.87643170650931,138.36574326958234,123.36574326958234,2.345783905152866,5,4.936580161113636,Scooter,Foggy,Jam,Metropolitian,False,0,1,0,4246.36236656464,4374.728109834223,Aumento_Velocidade,0
pedido_4220.519144544947_1024,137.1053797399156,141.85494688526967,141.85494688526967,6.410225592493838,15,4.993117090928868,Van,Sandstorms,High,Metropolitian,False,0,1,0,4220.519144544947,4377.374091430217,Nenhuma,0
pedido_4237.766776263485_1038,131.63377386629992,124.80987565680755,124.80987565680755,6.855708917491068,15,4.708217378975274,Van,Sandstorms,High,Urban,False,0,1,0,4237.766776263485,4377.5766519202925,Nenhuma,0
pedido_4282.1512338825805_1064,107.3723928334317,101.50839431086455,86.50839431086455,17.275200877014,10,4.840114082409284,Scooter,Sunny,Medium,Metropolitian,True,0,0,1,4282.1512338825805,4378.659628193445,Rota_Reduzida,1
pedido_4246.534715580202_1045,133.1239471753495,140.4781664705941,125.47816647059409,16.83985742419012,10,4.744602234481286,Moto,Windy,High,Metropolitian,False,0,1,0,4246.534715580202,4382.012882050796,Aumento_Velocidade,0
pedido_4272.482046727336_1056,133.90172800947948,111.36052586713511,96.36052586713511,5.959437145816948,15,4.577302440749305,Moto,Foggy,High,Metropolitian,False,0,1,0,4272.482046727336,4383.842572594471,Aumento_Velocidade,1
pedido_4278.899503055423_1060,95.37438625640442,92.58970995909395,92.58970995909395,3.7611802863042882,15,4.947410709098411,Scooter,Sunny,Low,Metropolitian,False,0,0,1,4278.899503055423,4386.489213014517,Nenhuma,1
pedido_4305.375401726497_1083,102.04504269588844,83.23445546466661,68.23445546466661,16.98612188541692,15,4.939235039956726,Moto,Sunny,High,Metropolitian,False,0,1,1,4305.375401726497,4388.609857191164,Aumento_Velocidade,1
pedido_4232.648562696682_1036,173.06975841937387,166.64072195541306,151.64072195541306,5.10937324211468,5,4.349016874546447,Moto,Foggy,Medium,Metropolitian,True,0,0,0,4232.648562696682,4389.289284652095,Rota_Reduzida,0
pedido_4299.3565605835975_1075,122.30661528435814,105.05767079644151,85.05767079644151,8.075083018832764,5,4.746849015171868,Scooter,Foggy,High,Other,True,0,1,0,4299.3565605835975,4389.414231380039,Rota_Reduzida,1
pedido_4321.7025506537575_1097,101.83536669615204,77.97112953785212,62.97112953785212,14.123648174324673,5,4.994088439191719,Scooter,Sunny,Medium,Metropolitian,False,0,0,1,4321.7025506537575,4389.6736801916095,Rota_Reduzida,1
pedido_4279.647192111555_1061,130.2281980328033,110.62075158906868,95.62075158906868,4.645479063899684,15,4.927888527122043,Scooter,Sandstorms,High,Metropolitian,True,0,1,0,4279.647192111555,4390.267943700624,Aumento_Velocidade,1
pedido_4261.02347090538_1049,133.0196758514353,129.25773151263573,114.25773151263573,15.371438427061651,15,4.6833110773705195,Moto,Windy,High,Metropolitian,False,0,1,0,4261.02347090538,4390.281202418016,Aumento_Velocidade,1
pedido_4286.794983872161_1069,103.58104499654071,91.39235874712656,91.39235874712656,17.94614216097232,15,5.0,Van,Sandstorms,Low,Urban,False,0,0,0,4286.794983872161,4393.187342619287,Nenhuma,1
pedido_4269.101357405134_1052,136.00056572241715,134.4996770767852,119.49967707678519,11.28329649207856,5,4.812732210983777,Moto,Stormy,Jam,Metropolitian,False,0,1,0,4269.101357405134,4393.601034481919,Aumento_Velocidade,1
pedido_4275.929990176297_1059,132.59041126256759,123.07747491443448,108.07747491443448,2.7602592407824225,10,4.888827002855797,Moto,Stormy,Medium,Metropolitian,False,0,0,0,4275.929990176297,4394.007465090732,Rota_Reduzida,1
pedido_4283.567677074258_1065,130.76923128442797,123.69662047199131,108.69662047199131,2.130994856415835,5,4.799122272455677,Moto,Windy,High,Metropolitian,False,0,1,0,4283.567677074258,4397.2642975462495,Aumento_Velocidade,1
pedido_4269.423068177695_1053,132.5995064518903,135.4866971438273,120.48669714382731,14.672445139022853,10,4.950141601090062,Moto,Stormy,High,Metropolitian,False,0,1,0,4269.423068177695,4399.909765321523,Aumento_Velocidade,0
pedido_4291.401307045106_1071,130.84277096816533,119.15456134227442,104.15456134227442,9.910257680442491,5,4.676067972427686,Scooter,Sandstorms,Jam,Urban,False,0,1,0,4291.401307045106,4400.55586838738,Aumento_Velocidade,1
pedido_4322.524794796581_1099,101.7895561577202,89.49856932726256,74.49856932726256,13.657416337253473,5,4.800603067247955,Scooter,Sunny,High,Metropolitian,False,0,1,1,4322.524794796581,4402.023364123844,Aumento_Velocidade,1
pedido_4315.2773219018_1089,98.29831097837491,87.4944360426594,72.4944360426594,4.997095990344264,15,4.936343243928899,Scooter,Sunny,Medium,Metropolitian,False,0,0,1,4315.2773219018,4402.77175794446,Rota_Reduzida,1
pedido_4318.119380470269_1091,110.10222258042758,84.83070751569699,69.83070751569699,14.509753914796093,15,5.0,Moto,Sunny,Jam,Metropolitian,True,0,1,1,4318.119380470269,4402.950087985966,Aumento_Velocidade,1
pedido_4314.388321219473_1088,94.34577866027905,90.12237029041141,75.12237029041141,8.395210320096322,15,4.8077221662512795,Moto,Sunny,High,Urban,False,0,1,1,4314.388321219473,4404.510691509885,Aumento_Velocidade,1
pedido_4286.78314023058_1068,131.33843019433047,109.99551494686976,109.99551494686976,14.198012628282564,10,4.521466043493071,Van,Stormy,High,Metropolitian,True,0,1,0,4286.78314023058,4406.77865517745,Nenhuma,1
pedido_4272.7225018418285_1057,141.82895138119483,140.61347356938867,125.61347356938867,13.042295406540065,10,4.49313256809673,Scooter,Foggy,High,Metropolitian,False,0,1,0,4272.7225018418285,4408.335975411217,Aumento_Velocidade,0
pedido_4272.802799965214_1058,143.06133309976335,141.96234276342054,126.96234276342054,10.30970178229402,10,4.525309685840261,Scooter,Windy,Jam,Urban,False,0,1,0,4272.802799965214,4409.765142728635,Aumento_Velocidade,0
pedido_4293.169291500373_1073,103.83867218428426,101.97412476512434,101.97412476512434,11.611719184835502,15,4.686118801865405,Van,Stormy,Low,Metropolitian,False,0,0,0,4293.169291500373,4410.143416265498,Nenhuma,1
pedido_4281.434060616202_1062,135.56034416163877,139.1419425920106,124.1419425920106,19.751270332940422,5,4.633180288301152,Scooter,Sandstorms,High,Metropolitian,False,0,1,0,4281.434060616202,4410.576003208213,Aumento_Velocidade,0
pedido_4290.504932471574_1070,135.38987159937747,125.75544014307809,110.75544014307809,10.670235818509264,10,4.489933271606554,Moto,Stormy,Medium,Metropolitian,False,0,0,0,4290.504932471574,4411.260372614652,Rota_Reduzida,1
pedido_4291.951973901398_1072,140.4871397671035,126.25911980659745,111.25911980659745,14.873215608198024,10,4.786279962554918,Moto,Foggy,High,Metropolitian,False,0,1,0,4291.951973901398,4413.211093707995,Aumento_Velocidade,1
pedido_4320.692314796486_1096,99.69289646238613,83.77700710457515,83.77700710457515,0.0,10,4.76787989235755,Scooter,Windy,Low,Metropolitian,False,0,0,0,4320.692314796486,4414.469321901061,Nenhuma,1
pedido_4298.66210213124_1074,137.1732497899251,127.11164132267461,112.11164132267461,16.01572742293034,5,5.0,Scooter,Windy,High,Metropolitian,False,0,1,0,4298.66210213124,4415.773743453915,Aumento_Velocidade,1
pedido_4320.687925151292_1095,132.61895272995193,105.56043384207445,90.56043384207445,0.0,10,4.810053057892431,Moto,Sandstorms,High,Metropolitian,False,0,1,0,4320.687925151292,4421.248358993366,Aumento_Velocidade,1
pedido_4312.525313892623_1087,102.23695323893651,96.07011796567122,96.07011796567122,18.080228978259086,15,4.826961740750952,Moto,Stormy,Low,Metropolitian,False,0,0,0,4312.525313892623,4423.5954318582935,Nenhuma,1
pedido_4311.467839234577_1086,128.79591118080657,123.49111490901188,108.49111490901188,14.927126663909283,5,4.819733780632523,Moto,Stormy,High,Metropolitian,False,0,1,0,4311.467839234577,4424.958954143589,Aumento_Velocidade,1
pedido_4299.4474421329_1076,122.30477543077123,126.58002574158326,111.58002574158326,2.831618002875476,15,4.886673851339073,Moto,Stormy,Jam,Metropolitian,False,0,1,0,4299.4474421329,4426.027467874483,Aumento_Velocidade,1
pedido_4308.892420892053_1084,135.88852658159627,127.63279872388333,112.63279872388333,13.567248573932693,5,4.789798946581498,Moto,Windy,High,Metropolitian,True,0,1,0,4308.892420892053,4426.525219615937,Aumento_Velocidade,1
pedido_4301.144015873661_1077,138.05000610300908,131.79793657548214,116.79793657548214,18.39035305856694,10,4.467426565386295,Moto,Windy,Jam,Metropolitian,False,0,1,0,4301.144015873661,4427.941952449143,Aumento_Velocidade,1
pedido_4318.688217417464_1093,129.906352315028,110.18547717596404,95.18547717596404,8.2137797060495,15,4.630419343889968,Scooter,Stormy,High,Urban,False,0,1,0,4318.688217417464,4428.873694593429,Aumento_Velocidade,1
pedido_4318.316665443744_1092,131.43805205060914,126.07572734844462,111.07572734844462,7.997947087705823,5,4.707090575678304,Moto,Sandstorms,High,Urban,False,0,1,0,4318.316665443744,4434.392392792188,Aumento_Velocidade,1
pedido_4309.889221732253_1085,134.7974215953007,111.4529914349302,111.4529914349302,3.6189125048866955,15,4.740378037480205,Van,Foggy,High,Metropolitian,False,0,1,0,4309.889221732253,4436.342213167183,Nenhuma,1
pedido_4259.516918805314_1048,190.08984691335218,183.18854243063117,168.18854243063117,0.0,10,4.446618300789138,Moto,Sunny,High,Metropolitian,True,0,1,1,4259.516918805314,4437.705461235945,Aumento_Velocidade,0
pedido_4317.910361148917_1090,118.79431705425549,111.83174488887973,111.83174488887973,15.159416196360993,10,4.764185586723368,Moto,Sunny,Low,Metropolitian,True,0,0,1,4317.910361148917,4439.742106037797,Nenhuma,1
pedido_4321.893239813536_1098,132.5995064518903,122.30085103384715,107.30085103384715,15.279980589588698,15,5.0,Scooter,Stormy,High,Metropolitian,False,0,1,0,4321.893239813536,4444.1940908473825,Aumento_Velocidade,1
pedido_4304.480893179497_1080,177.42120854371532,163.38395444617092,148.38395444617092,8.280440697413114,15,4.40680145436864,Scooter,Sandstorms,High,Urban,False,0,1,0,4304.480893179497,4467.864847625668,Aumento_Velocidade,0
pedido_4305.190787057839_1082,182.27178908376018,183.41496472674237,163.41496472674237,17.411861858647157,5,4.1237605485317665,Moto,Windy,High,Other,False,0,1,0,4305.190787057839,4473.605751784581,Rota_Reduzida,0
pedido_4303.494136487931_1078,197.33213344015545,177.70332581021523,162.70332581021523,16.879950664649897,15,4.16067127452235,Scooter,Windy,Jam,Metropolitian,False,0,1,0,4303.494136487931,4481.197462298147,Aumento_Velocidade,0
pedido_4320.077183438861_1094,169.57701252466654,151.64202519998202,151.64202519998202,7.112331516090578,15,4.445118853992606,Van,Stormy,Medium,Metropolitian,True,0,0,0,4320.077183438861,4486.719208638842,Nenhuma,0
pedido_4284.995795775202_1066,196.49811882263114,211.4337588531185,196.4337588531185,15.577522547110588,10,4.372167579764188,Moto,Sandstorms,Jam,Metropolitian,False,0,1,0,4284.995795775202,4491.429554628321,Aumento_Velocidade,0
pedido_5773.948434413158_4,36.25088393864895,43.04902543068818,43.04902543068818,3.0506616351244573,10,4.706033597862637,Moto,Windy,Low,Metropolitian,False,1,0,0,5773.948434413158,5826.997459843846,Nenhuma,1
pedido_5760.847247458137_1,96.29972951920548,94.9155785316252,79.9155785316252,5.2005993060274776,10,4.777867417026877,Scooter,Sunny,Medium,Metropolitian,False,0,0,1,5760.847247458137,5850.762825989762,Rota_Reduzida,1
pedido_5791.76051247595_17,94.76054239826284,77.7718767485221,57.771876748522104,4.542859301820688,15,4.678422576827846,Scooter,Sunny,Jam,Other,False,0,1,1,5791.76051247595,5864.532389224472,Rota_Reduzida,1
pedido_5760.538861005135_0,125.20977620692102,106.92740840027014,91.92740840027014,2.720847661582935,15,4.696850917048796,Scooter,Sandstorms,Jam,Metropolitian,True,0,1,0,5760.538861005135,5867.466269405405,Aumento_Velocidade,1
pedido_5819.405104325982_32,43.57224738873618,38.062498138877004,38.062498138877004,6.832511864763013,10,4.785766553145286,Moto,Stormy,High,Metropolitian,False,1,1,0,5819.405104325982,5867.46760246486,Nenhuma,1
pedido_5838.771977468989_43,44.20096068517047,26.033905996495342,26.033905996495342,14.388231745706456,10,4.736205131231903,Moto,Foggy,High,Urban,False,1,1,0,5838.771977468989,5874.805883465484,Nenhuma,1
pedido_5767.799459613116_2,132.4947702101738,117.23235431424223,102.23235431424223,5.163083181331695,5,4.783957787149207,Moto,Foggy,High,Metropolitian,True,0,1,0,5767.799459613116,5875.031813927358,Aumento_Velocidade,1
pedido_5826.216914379654_38,45.66103940941894,37.27824033232147,37.27824033232147,7.437744176832206,15,4.88312562414953,Scooter,Sandstorms,Jam,Metropolitian,False,1,1,0,5826.216914379654,5878.495154711975,Nenhuma,1
pedido_5783.030207954054_8,126.77917466406375,108.37637453561636,93.37637453561636,4.31155449943235,5,4.650517292632732,Scooter,Foggy,Jam,Urban,False,0,1,0,5783.030207954054,5881.406582489671,Aumento_Velocidade,1
pedido_5834.271949036239_40,54.20604473291989,34.507396527335914,34.507396527335914,5.298455924433425,15,4.999211244193559,Moto,Sandstorms,Medium,Metropolitian,False,1,0,0,5834.271949036239,5883.779345563575,Nenhuma,1
pedido_5784.02106001604_11,102.93791356336945,97.34039611573023,97.34039611573023,14.116664377346154,10,4.702177595057359,Scooter,Sandstorms,Low,Metropolitian,False,0,0,0,5784.02106001604,5891.36145613177,Nenhuma,1
pedido_5783.517644933311_9,141.28676761886373,120.34800373563886,105.34800373563886,13.446490416144666,10,4.657058638234698,Scooter,Foggy,High,Metropolitian,False,0,1,0,5783.517644933311,5898.86564866895,Aumento_Velocidade,1
pedido_5779.865584092263_7,127.23885038823175,129.05640386750656,114.05640386750656,0.0,5,4.8908085704594,Scooter,Stormy,High,Metropolitian,False,0,1,0,5779.865584092263,5898.9219879597695,Aumento_Velocidade,1
pedido_5789.727093697346_14,136.62244466497557,118.29390844093064,103.29390844093064,13.601348700358464,10,4.768315744444267,Moto,Sandstorms,Medium,Metropolitian,False,0,0,0,5789.727093697346,5903.021002138277,Rota_Reduzida,1
pedido_5793.4540253797795_18,130.2893838863188,114.90314933899626,99.90314933899626,17.140522573732653,10,4.893836935663915,Moto,Stormy,High,Urban,False,0,1,0,5793.4540253797795,5903.357174718776,Aumento_Velocidade,1
pedido_5783.900257260771_10,129.14836907580207,122.60958808483576,107.60958808483576,9.741150558746,15,4.707392742647096,Moto,Foggy,Medium,Metropolitian,False,0,0,0,5783.900257260771,5906.509845345607,Rota_Reduzida,1
pedido_5779.722456915655_6,132.76211608902713,133.97611072390524,118.97611072390524,3.906317117444269,10,4.909194181089503,Moto,Stormy,Medium,Metropolitian,False,0,0,0,5779.722456915655,5908.698567639561,Rota_Reduzida,1
pedido_5834.545692746288_41,94.59897983503738,84.22423271842803,69.22423271842803,8.210968568680453,5,4.672188229987998,Scooter,Sunny,High,Metropolitian,False,0,1,1,5834.545692746288,5908.769925464716,Aumento_Velocidade,1
pedido_5791.704014225044_16,125.05957027558483,119.13276022712617,104.13276022712617,3.0259438578128526,15,4.862703504646689,Moto,Foggy,Medium,Urban,False,0,0,0,5791.704014225044,5910.83677445217,Rota_Reduzida,1
pedido_5820.234959650976_34,92.88663766678661,90.62793384920158,75.62793384920158,12.584705232519697,15,4.756314194434986,Scooter,Sunny,Medium,Other,False,0,0,1,5820.234959650976,5910.862893500177,Rota_Reduzida,1
pedido_5772.872339285116_3,135.03021571122667,149.29076931040362,134.29076931040362,10.744454132956069,5,4.658682161885579,Moto,Sandstorms,High,Metropolitian,True,0,1,0,5772.872339285116,5912.16310859552,Aumento_Velocidade,0
pedido_5784.920140933724_12,137.61740068824457,137.34393690418534,122.34393690418534,3.783223587837681,5,5.0,Moto,Sandstorms,High,Metropolitian,False,0,1,0,5784.920140933724,5912.264077837909,Aumento_Velocidade,0
pedido_5799.9309312730575_22,134.05364919238187,122.9648686930511,107.9648686930511,12.384950972481011,5,4.45616404535865,Scooter,Windy,High,Urban,False,0,1,0,5799.9309312730575,5912.895799966109,Aumento_Velocidade,1
pedido_5787.25940003218_13,127.70343385019918,131.58959548801639,116.58959548801639,6.046079267911907,10,4.668173852543876,Scooter,Windy,Jam,Metropolitian,False,0,1,0,5787.25940003218,5913.848995520196,Aumento_Velocidade,1
pedido_5797.44510967297_21,130.17411766466967,122.62813746457843,107.62813746457843,9.159820821800704,10,4.793440094919615,Moto,Sandstorms,Jam,Metropolitian,True,0,1,0,5797.44510967297,5915.073247137549,Aumento_Velocidade,1
pedido_5790.786973699952_15,132.27652465985173,124.57764021701684,109.57764021701684,8.017151324044239,15,4.66293640440719,Moto,Stormy,Medium,Metropolitian,False,0,0,0,5790.786973699952,5915.364613916969,Rota_Reduzida,1
pedido_5863.875025022742_63,45.36842250542043,41.93828350220237,41.93828350220237,3.0797601737957723,10,4.502683610267654,Moto,Windy,High,Urban,False,1,1,0,5863.875025022742,5915.813308524945,Nenhuma,1
pedido_5794.85848951259_19,133.99890357162533,126.24036260324473,111.24036260324473,2.676106826870401,10,4.5963984272787215,Moto,Windy,Medium,Urban,False,0,0,0,5794.85848951259,5916.098852115834,Rota_Reduzida,1
pedido_5809.349538985672_25,131.7817986779946,111.04686348070516,96.04686348070516,0.0,15,4.456494127469286,Scooter,Sandstorms,Medium,Urban,True,0,0,0,5809.349538985672,5920.3964024663765,Rota_Reduzida,1
pedido_5821.266911618999_35,102.64357594037324,94.2179261827827,94.2179261827827,17.08431013396293,5,4.902840846579438,Scooter,Stormy,Low,Metropolitian,False,0,0,0,5821.266911618999,5920.484837801781,Nenhuma,1
pedido_5823.127705275045_36,99.04981533193869,89.84519693500673,89.84519693500673,3.7434748562685485,10,4.614835165089481,Scooter,Foggy,Low,Metropolitian,False,0,0,0,5823.127705275045,5922.972902210052,Nenhuma,1
pedido_5819.6975941350565_33,124.87153509361714,113.33616789365115,98.33616789365115,0.671621956183249,5,4.84759401165073,Scooter,Sandstorms,Jam,Urban,False,0,1,0,5819.6975941350565,5923.033762028707,Aumento_Velocidade,1
pedido_5800.938581766491_23,132.22962665275085,136.17012075807764,121.17012075807764,5.429709467227382,5,4.795892862968784,Moto,Foggy,High,Metropolitian,True,0,1,0,5800.938581766491,5927.108702524568,Aumento_Velocidade,0
pedido_5796.719507288114_20,137.01445503961804,135.87546001903345,120.87546001903345,2.527811927541594,15,4.952059436975733,Moto,Foggy,High,Metropolitian,False,0,1,0,5796.719507288114,5932.594967307147,Aumento_Velocidade,0
pedido_5845.291472873251_47,124.28575792147863,89.93792616231656,74.93792616231656,1.5227662649616587,15,4.754194672432217,Moto,Foggy,Medium,Urban,True,0,0,0,5845.291472873251,5935.229399035567,Rota_Reduzida,1
pedido_5856.995593655384_55,94.56360282171893,75.35377342338761,75.35377342338761,2.7408685321007975,5,5.0,Moto,Sunny,Low,Metropolitian,False,0,0,1,5856.995593655384,5937.349367078772,Nenhuma,1
pedido_5814.156988941019_29,141.3178313642075,128.53785775785303,113.53785775785303,14.489280909899206,10,4.649754337234885,Scooter,Foggy,High,Metropolitian,False,0,1,0,5814.156988941019,5937.694846698872,Aumento_Velocidade,1
pedido_5858.739976928028_58,99.07632156101656,81.37605131022876,66.37605131022876,7.7020065243287785,15,4.843871404569641,Moto,Sunny,Jam,Metropolitian,False,0,1,1,5858.739976928028,5940.116028238257,Aumento_Velocidade,1
pedido_5810.728213592095_26,135.4798309176438,134.48307103232273,119.48307103232273,14.510542763314461,10,4.995354805521549,Moto,Stormy,Medium,Metropolitian,False,0,0,0,5810.728213592095,5940.211284624418,Rota_Reduzida,1
pedido_5815.961421024996_30,129.46475632629097,135.01524874122364,120.01524874122364,1.4844201984334493,5,4.823409519019172,Moto,Stormy,High,Urban,True,0,1,0,5815.961421024996,5940.976669766219,Aumento_Velocidade,0
pedido_5838.048966749505_42,124.4591938839851,105.75072286074273,90.75072286074273,4.702607590629144,15,4.465282279009065,Moto,Stormy,High,Metropolitian,False,0,1,0,5838.048966749505,5943.799689610248,Aumento_Velocidade,1
pedido_5827.282869317823_39,129.4340394180768,120.8723142334743,105.8723142334743,1.8453404826343474,15,4.729066074250215,Scooter,Stormy,High,Metropolitian,False,0,1,0,5827.282869317823,5948.155183551296,Aumento_Velocidade,1
pedido_5816.182075009993_31,136.7489216016646,138.8481436195897,123.8481436195897,15.451958044555735,10,4.629619370032018,Moto,Sandstorms,Medium,Metropolitian,True,0,0,0,5816.182075009993,5950.030218629583,Rota_Reduzida,0
pedido_5845.645893846229_48,133.20869512703007,111.45628602737047,96.45628602737047,4.607514512783535,10,5.0,Moto,Windy,High,Metropolitian,False,0,1,0,5845.645893846229,5952.1021798736,Aumento_Velocidade,1
pedido_5776.381986993727_5,190.3700533862138,186.01791628417234,171.01791628417234,11.46935190536151,5,4.438992663214863,Moto,Foggy,Medium,Metropolitian,False,0,0,0,5776.381986993727,5952.399903277899,Rota_Reduzida,0
pedido_5852.268754891904_50,123.33772277780575,105.51213482044741,90.51213482044741,1.7115216444943373,10,4.5803239702460825,Moto,Stormy,Jam,Urban,False,0,1,0,5852.268754891904,5952.780889712351,Aumento_Velocidade,1
pedido_5813.346773859179_27,141.2845186519025,136.79935812681236,136.79935812681236,13.590178660037564,5,4.586124004377232,Van,Foggy,High,Metropolitian,False,0,1,0,5813.346773859179,5955.146131985991,Nenhuma,0
pedido_5809.278074913524_24,175.59461093523225,151.50256045068326,136.50256045068326,2.2036599382218234,10,4.283635794632915,Scooter,Sandstorms,Jam,Metropolitian,False,0,1,0,5809.278074913524,5955.780635364207,Aumento_Velocidade,0
pedido_5813.886362822212_28,143.05945443782988,128.53671876842296,128.53671876842296,15.136101227665371,15,4.805930777476862,Van,Foggy,Medium,Metropolitian,False,0,0,0,5813.886362822212,5957.423081590635,Nenhuma,0
pedido_5854.447636598865_53,123.71809474029835,103.83994318035266,88.83994318035266,3.9779561192231396,15,5.0,Moto,Foggy,Medium,Metropolitian,True,0,0,0,5854.447636598865,5958.287579779218,Rota_Reduzida,1
pedido_5845.034203129648_46,132.47734926983023,113.61295412887335,98.61295412887335,9.316897050999023,15,4.83195147126165,Moto,Foggy,Jam,Metropolitian,True,0,1,0,5845.034203129648,5958.6471572585215,Aumento_Velocidade,1
pedido_5838.937463936001_44,127.96394983580235,120.60993525955638,105.60993525955638,6.605095884157532,15,4.653570209621243,Moto,Stormy,Jam,Metropolitian,False,0,1,0,5838.937463936001,5959.547399195558,Aumento_Velocidade,1
pedido_5854.815613271313_54,134.0770564554564,109.8433671788376,94.8433671788376,10.775785483506487,10,4.55570483170043,Moto,Sandstorms,High,Urban,False,0,1,0,5854.815613271313,5959.658980450151,Aumento_Velocidade,1
pedido_5859.682520940052_59,134.68446683212727,109.24343324384384,94.24343324384384,14.788314812949409,10,4.572636499752651,Moto,Sandstorms,High,Metropolitian,False,0,1,0,5859.682520940052,5963.9259541838965,Aumento_Velocidade,1
pedido_5885.85198765199_74,95.86193917624409,91.01547653194936,76.01547653194936,0.6904327311972729,5,4.636210270696878,Moto,Sunny,High,Metropolitian,False,0,1,1,5885.85198765199,5966.86746418394,Aumento_Velocidade,1
pedido_5859.837060627073_60,136.0007113218702,113.56547828052001,98.56547828052001,13.96975519420908,10,4.7383650638718855,Moto,Windy,High,Metropolitian,True,0,1,0,5859.837060627073,5968.402538907593,Aumento_Velocidade,1
pedido_5823.988648487746_37,173.93757526716234,156.19042955967396,136.19042955967396,4.639484014091676,10,4.374500155872689,Scooter,Sandstorms,High,Other,False,0,1,0,5823.988648487746,5970.17907804742,Rota_Reduzida,0
pedido_5853.564876289844_52,131.88030213156816,122.80728313756129,107.80728313756129,8.181559677233231,10,4.772102584489958,Moto,Foggy,Jam,Metropolitian,True,0,1,0,5853.564876289844,5971.372159427405,Aumento_Velocidade,1
pedido_5864.015227810276_64,132.1896503609821,120.07889713329645,105.07889713329645,2.132915315110558,5,5.0,Moto,Sandstorms,Medium,Metropolitian,True,0,0,0,5864.015227810276,5974.094124943573,Rota_Reduzida,1
pedido_5873.126530524202_67,133.2366472173958,106.27296178727943,91.27296178727943,0.0,10,4.533629947263125,Moto,Foggy,High,Urban,False,0,1,0,5873.126530524202,5974.3994923114815,Aumento_Velocidade,1
pedido_5874.238053378158_70,111.04340742701856,105.4027791089102,90.4027791089102,11.603438230073607,10,4.708401393906459,Scooter,Sunny,Jam,Urban,False,0,1,1,5874.238053378158,5974.640832487068,Aumento_Velocidade,1
pedido_5883.5695560335735_73,100.55931757234943,81.83293783858824,81.83293783858824,3.12031898203368,10,4.980189507168951,Moto,Stormy,Low,Metropolitian,False,0,0,0,5883.5695560335735,5975.402493872161,Nenhuma,1
pedido_5912.148363755778_88,71.75970194825095,63.904644873680226,48.904644873680226,4.122354794585987,15,4.431434714615476,Moto,Sunny,Medium,Metropolitian,True,1,0,1,5912.148363755778,5976.0530086294575,Rota_Reduzida,1
pedido_5878.139994171824_72,131.87216154762902,100.69864155956215,85.69864155956215,8.812873473300755,15,4.536036516242654,Scooter,Windy,High,Metropolitian,False,0,1,0,5878.139994171824,5978.838635731386,Aumento_Velocidade,1
pedido_5936.061586325831_104,45.55714642271108,27.909683837144392,27.909683837144392,16.606474525485396,15,4.469384569189747,Moto,Foggy,High,Metropolitian,False,1,1,0,5936.061586325831,5978.971270162975,Nenhuma,1
pedido_5843.093019277676_45,135.55962703029758,136.25095667356948,121.25095667356948,5.266771423949417,15,4.550634283684501,Scooter,Sandstorms,Medium,Metropolitian,False,0,0,0,5843.093019277676,5979.343975951246,Rota_Reduzida,0
pedido_5899.130790776999_81,104.85627689033635,95.69018975670915,80.69018975670915,14.03693344928294,5,4.679937294805715,Moto,Sunny,High,Metropolitian,True,0,1,1,5899.130790776999,5984.820980533708,Aumento_Velocidade,1
pedido_5900.812071603362_83,99.66331486884819,81.76228796851565,81.76228796851565,5.701305486018602,5,4.821883070348409,Moto,Foggy,Low,Metropolitian,True,0,0,0,5900.812071603362,5987.574359571878,Nenhuma,1
pedido_5862.416934344964_61,129.35413274741754,130.88707167275592,115.88707167275592,4.299195514397889,10,5.0,Scooter,Foggy,Jam,Urban,False,0,1,0,5862.416934344964,5988.30400601772,Aumento_Velocidade,1
pedido_5873.9661786091765_69,125.54358082714695,125.8076010420466,110.8076010420466,8.923483411050825,5,4.467307212344935,Moto,Foggy,Medium,Urban,False,0,0,0,5873.9661786091765,5989.773779651223,Rota_Reduzida,1
pedido_5890.613633677564_75,106.65221548234197,114.2734089876989,99.2734089876989,14.448674561742521,5,4.4781676787765505,Moto,Sunny,High,Metropolitian,False,0,1,1,5890.613633677564,5994.887042665263,Aumento_Velocidade,1
pedido_5925.8609674332665_99,96.72009314337318,72.4980416771812,57.498041677181206,3.4990175558930403,15,4.8793552998495775,Moto,Sunny,Medium,Metropolitian,True,0,0,1,5925.8609674332665,5998.359009110448,Rota_Reduzida,1
pedido_5875.618553638404_71,127.66682772276332,123.25993914213325,108.25993914213325,8.395879790779805,15,4.671429979851657,Moto,Stormy,Jam,Metropolitian,False,0,1,0,5875.618553638404,5998.878492780537,Aumento_Velocidade,1
pedido_5862.832536264193_62,139.33224095092257,140.46848952738267,125.46848952738267,17.678867065917395,15,4.502906363803039,Scooter,Stormy,Jam,Metropolitian,False,0,1,0,5862.832536264193,6003.301025791576,Aumento_Velocidade,0
pedido_5916.180712817679_92,100.1520119597555,104.96969603648047,89.96969603648047,1.5511277460574986,5,5.0,Scooter,Sunny,High,Metropolitian,True,0,1,1,5916.180712817679,6011.15040885416,Aumento_Velocidade,1
pedido_5924.484393510016_96,109.3797174735882,91.98774183175979,76.98774183175979,12.957682064581588,10,4.906658062120642,Moto,Sunny,Jam,Metropolitian,False,0,1,1,5924.484393510016,6011.472135341776,Aumento_Velocidade,1
pedido_5846.690684500694_49,188.59012796051096,175.35625893027768,160.35625893027768,13.888725893025931,5,4.338547988466268,Scooter,Foggy,High,Metropolitian,False,0,1,0,5846.690684500694,6012.046943430972,Aumento_Velocidade,0
pedido_5900.188514584661_82,126.75376679803882,113.13608994707238,98.13608994707238,5.212524597789099,15,4.45830596621379,Moto,Stormy,Jam,Metropolitian,False,0,1,0,5900.188514584661,6013.324604531734,Aumento_Velocidade,1
pedido_5907.889202842198_86,132.9347145751537,106.50971463548527,91.50971463548527,13.830336242949905,15,4.6030859090019325,Moto,Stormy,Jam,Metropolitian,False,0,1,0,5907.889202842198,6014.398917477683,Aumento_Velocidade,1
pedido_5894.315717050284_77,134.8892163978526,133.1062096559542,118.10620965595419,15.238846177104598,5,4.731368279115945,Moto,Windy,Jam,Metropolitian,False,0,1,0,5894.315717050284,6017.421926706238,Aumento_Velocidade,1
pedido_5903.2884017957_84,141.3178313642075,120.58503706896596,105.58503706896596,15.922028293681132,10,4.584186552216473,Scooter,Foggy,High,Metropolitian,False,0,1,0,5903.2884017957,6018.873438864666,Aumento_Velocidade,1
pedido_5910.491768422186_87,132.5890508583103,110.46129671673258,95.46129671673258,15.34209606264917,15,4.572981052894688,Moto,Windy,High,Metropolitian,False,0,1,0,5910.491768422186,6020.953065138919,Aumento_Velocidade,1
pedido_5896.549687846366_78,133.28348391376278,124.69766877898002,109.69766877898002,6.683773543507509,15,4.55596599971016,Scooter,Foggy,High,Metropolitian,False,0,1,0,5896.549687846366,6021.247356625347,Aumento_Velocidade,1
pedido_5858.681023800349_57,178.5197837687654,173.09571026630528,158.09571026630528,13.587034617819004,5,4.3680985728302595,Scooter,Sunny,High,Metropolitian,False,0,1,1,5858.681023800349,6021.776734066654,Aumento_Velocidade,0
pedido_5858.5515888595255_56,173.3873276152042,173.33344060532772,153.33344060532772,15.544914762209366,10,4.249975660374736,Moto,Sunny,High,Other,False,0,1,1,5858.5515888595255,6021.885029464853,Rota_Reduzida,0
pedido_5979.066587843432_132,37.97238664763858,34.40885981691892,34.40885981691892,13.442862858711893,10,4.747789155706623,Scooter,Sandstorms,Low,Metropolitian,False,1,0,0,5979.066587843432,6023.475447660351,Nenhuma,1
pedido_5873.680115493484_68,175.68319859598046,154.91548311717932,139.91548311717932,4.613134287954166,10,4.434969535121402,Moto,Stormy,High,Metropolitian,False,0,1,0,5873.680115493484,6023.595598610663,Aumento_Velocidade,0
pedido_5937.581110685177_106,102.08981388395627,96.69142788137827,81.69142788137827,11.51361336393966,5,4.827509327434053,Moto,Sunny,High,Urban,False,0,1,1,5937.581110685177,6024.272538566555,Aumento_Velocidade,1
pedido_5931.537477687742_101,99.42734821156893,93.78523043175821,78.78523043175821,8.275729146105665,15,4.645760833986471,Scooter,Sunny,Jam,Metropolitian,True,0,1,1,5931.537477687742,6025.3227081195,Aumento_Velocidade,1
pedido_5924.3890487348035_95,102.18006446448985,99.77391875011227,99.77391875011227,15.05485023759583,5,4.601863327590548,Van,Sandstorms,Low,Metropolitian,False,0,0,0,5924.3890487348035,6029.1629674849155,Nenhuma,1
pedido_5924.877450327701_97,127.89176257409241,110.82516982521516,95.82516982521516,7.176493902195484,10,4.752728465057518,Scooter,Stormy,High,Urban,True,0,1,0,5924.877450327701,6030.702620152916,Aumento_Velocidade,1
pedido_5936.435586690545_105,132.96881234173745,104.53177445098869,89.53177445098869,7.184869558649978,5,4.679810370283554,Scooter,Stormy,Medium,Urban,False,0,0,0,5936.435586690545,6030.967361141534,Rota_Reduzida,1
pedido_5943.206567935119_108,95.20899903936339,92.77244320989533,77.77244320989533,9.341923007267336,10,4.741676129027151,Scooter,Sunny,High,Metropolitian,False,0,1,1,5943.206567935119,6030.979011145015,Aumento_Velocidade,1
pedido_5971.237274330972_126,102.57911321272154,60.606359291401006,45.606359291401006,17.990607874076673,15,4.64515272066889,Moto,Sunny,High,Metropolitian,False,0,1,1,5971.237274330972,6031.843633622372,Aumento_Velocidade,1
pedido_5907.284254625447_85,142.0479982145232,124.68781709805026,109.68781709805026,11.05110326368236,15,4.7986187111957435,Scooter,Foggy,Medium,Metropolitian,False,0,0,0,5907.284254625447,6031.972071723497,Rota_Reduzida,1
pedido_5852.819137883791_51,192.38883175388423,185.6854403049605,170.6854403049605,3.2845024653323533,10,4.400028190581087,Scooter,Sunny,High,Metropolitian,True,0,1,1,5852.819137883791,6033.504578188751,Aumento_Velocidade,0
pedido_5957.922748954837_114,95.701124209361,90.47225749690635,75.47225749690635,3.0930904362028904,5,4.5249760582926255,Scooter,Sunny,Medium,Urban,False,0,0,1,5957.922748954837,6038.395006451743,Rota_Reduzida,1
pedido_5925.80198298181_98,135.06101188647685,118.74264418266097,103.74264418266097,10.162685654810016,10,5.0,Scooter,Sandstorms,Medium,Metropolitian,False,0,0,0,5925.80198298181,6039.544627164471,Rota_Reduzida,1
pedido_5915.443970670898_91,134.1220722817541,129.2855432227775,114.2855432227775,10.727385944881327,10,4.822969772804547,Moto,Windy,High,Metropolitian,False,0,1,0,5915.443970670898,6039.729513893675,Aumento_Velocidade,1
pedido_5955.384393908485_112,102.38665475488781,94.45429753649208,79.45429753649208,16.256605110388605,5,4.565386544595293,Moto,Sunny,High,Metropolitian,False,0,1,1,5955.384393908485,6039.8386914449775,Aumento_Velocidade,1
pedido_5918.520715723962_93,122.54819110943788,106.49546416940514,106.49546416940514,4.0588244746412485,15,4.7684535064725,Van,Stormy,Jam,Metropolitian,False,0,1,0,5918.520715723962,6040.016179893367,Nenhuma,1
pedido_5867.206328116362_65,184.58828231871348,183.6306311677405,168.6306311677405,12.136671998016725,5,4.43775525406587,Scooter,Sandstorms,High,Metropolitian,True,0,1,0,5867.206328116362,6040.836959284103,Aumento_Velocidade,0
pedido_5923.322917276927_94,129.87852048954355,127.90647170663553,112.90647170663553,0.0,5,4.75518128540658,Moto,Sandstorms,Medium,Metropolitian,False,0,0,0,5923.322917276927,6041.229388983563,Rota_Reduzida,1
pedido_5955.71348366547_113,109.05416205221078,91.33026112299162,76.33026112299162,16.309482804155625,10,4.541626646362306,Scooter,Sunny,High,Urban,True,0,1,1,5955.71348366547,6042.043744788462,Aumento_Velocidade,1
pedido_5898.251346976939_80,151.83348722168307,154.6614953567524,139.6614953567524,12.065586133221142,5,4.570120900645856,Scooter,Foggy,Jam,Metropolitian,False,0,1,0,5898.251346976939,6042.9128423336915,Aumento_Velocidade,0
pedido_5930.496224977136_100,130.48835885794796,118.0506796725484,103.0506796725484,2.600455473467786,10,5.0,Moto,Foggy,Jam,Metropolitian,True,0,1,0,5930.496224977136,6043.546904649685,Aumento_Velocidade,1
pedido_5969.978300738737_124,102.29948798392786,81.45798687894535,66.45798687894535,18.635220698750533,10,4.897420573938798,Scooter,Sunny,High,Urban,False,0,1,1,5969.978300738737,6046.436287617682,Aumento_Velocidade,1
pedido_5946.674702019509_110,127.48669765797622,110.82997241779906,95.82997241779906,9.129343830654461,5,4.748330604009939,Moto,Sandstorms,Jam,Urban,False,0,1,0,5946.674702019509,6047.504674437308,Aumento_Velocidade,1
pedido_5868.176994367757_66,194.17346725649463,180.6071233970055,165.6071233970055,16.864807892446837,15,4.4045714813995875,Moto,Windy,Jam,Metropolitian,False,0,1,0,5868.176994367757,6048.784117764762,Aumento_Velocidade,0
pedido_5931.9936804830795_102,129.906352315028,129.4465810430646,114.44658104306461,7.840461054159459,5,4.625733711823254,Moto,Stormy,High,Metropolitian,False,0,1,0,5931.9936804830795,6051.440261526144,Aumento_Velocidade,1
pedido_5914.460250785035_90,129.59263045931598,137.32166935644727,122.32166935644727,9.824809703427714,15,4.781458295560429,Scooter,Stormy,High,Metropolitian,True,0,1,0,5914.460250785035,6051.781920141482,Aumento_Velocidade,0
pedido_5897.031170377712_79,175.35101542245354,166.32478898546628,151.32478898546628,4.8565132551262,5,4.255658252386972,Moto,Stormy,High,Metropolitian,False,0,1,0,5897.031170377712,6053.355959363179,Aumento_Velocidade,0
pedido_5912.968551454899_89,140.36868096708727,126.6394904913302,126.6394904913302,16.96601555925789,15,5.0,Van,Windy,Medium,Metropolitian,True,0,0,0,5912.968551454899,6054.60804194623,Nenhuma,0
pedido_5944.555192066698_109,134.23358494018893,111.12910449417375,96.12910449417375,12.57446211985879,15,4.724508526406652,Scooter,Stormy,Jam,Metropolitian,False,0,1,0,5944.555192066698,6055.684296560871,Aumento_Velocidade,1
pedido_5969.305818974727_123,102.56465595297304,79.12938073472539,79.12938073472539,11.426389408851644,10,5.0,Moto,Stormy,Low,Metropolitian,False,0,0,0,5969.305818974727,6058.435199709453,Nenhuma,1
pedido_5962.190511365322_118,109.38822329403109,104.67425889744725,89.67425889744725,20.027620735486526,10,4.836864536073379,Moto,Sunny,Jam,Metropolitian,True,0,1,1,5962.190511365322,6061.8647702627695,Aumento_Velocidade,1
pedido_5934.871320348242_103,135.87586001782972,133.15163381975577,118.15163381975577,4.655681559734701,10,4.565141810894771,Scooter,Sandstorms,Medium,Urban,False,0,0,0,5934.871320348242,6063.022954167998,Rota_Reduzida,1
pedido_5968.104228101823_122,99.42848621367786,86.47937530479663,86.47937530479663,4.516692241074995,10,4.8843716489691476,Scooter,Foggy,Low,Metropolitian,False,0,0,0,5968.104228101823,6064.58360340662,Nenhuma,1
pedido_5942.7979110067545_107,139.9069521965192,133.36469019592707,118.36469019592707,16.16647236684534,5,4.9974242010514365,Moto,Windy,Medium,Metropolitian,True,0,0,0,5942.7979110067545,6066.162601202682,Rota_Reduzida,1
pedido_5952.026485048216_111,133.93501130580339,121.33843104355441,106.33843104355441,20.451504996262752,10,4.725412637811836,Moto,Stormy,High,Metropolitian,False,0,1,0,5952.026485048216,6068.36491609177,Aumento_Velocidade,1
pedido_6022.805961267882_171,39.949266911364504,32.08433601362563,32.08433601362563,12.964605366259597,15,4.7209173757279626,Van,Sunny,Medium,Metropolitian,False,1,0,1,6022.805961267882,6069.890297281508,Nenhuma,1
pedido_5973.60044504766_129,125.55883068395417,104.24971365035071,89.24971365035071,7.217546844710199,15,4.778077990840249,Moto,Foggy,Medium,Metropolitian,False,0,0,0,5973.60044504766,6077.850158698011,Rota_Reduzida,1
pedido_5963.756414402478_120,126.57567590843917,126.10135792499412,111.10135792499412,6.684492570785106,5,4.5323884647003885,Scooter,Stormy,Jam,Metropolitian,False,0,1,0,5963.756414402478,6079.857772327472,Aumento_Velocidade,1
pedido_5997.8985388822_146,103.23256476729377,67.00783917645234,67.00783917645234,12.932116883704813,15,4.74057443565772,Moto,Sandstorms,Low,Metropolitian,False,0,0,0,5997.8985388822,6079.906378058653,Nenhuma,1
pedido_5980.827394426582_134,102.49447782978807,84.16638668912408,84.16638668912408,11.959768153258155,15,5.0,Scooter,Windy,Low,Metropolitian,False,0,0,0,5980.827394426582,6079.993781115706,Nenhuma,1
pedido_5958.267752648857_115,137.90536576150106,122.57360536431179,107.57360536431179,19.607841815346042,15,4.750413922803603,Moto,Sandstorms,Medium,Metropolitian,False,0,0,0,5958.267752648857,6080.841358013169,Rota_Reduzida,1
pedido_5959.937880154612_116,133.3348066754189,132.03848603606258,117.03848603606258,8.050746370988023,5,4.712689008814266,Moto,Windy,High,Metropolitian,False,0,1,0,5959.937880154612,6081.9763661906745,Aumento_Velocidade,1
pedido_5961.284404459058_117,139.929493425998,127.96284236145885,112.96284236145885,14.454851181663718,10,5.0,Moto,Windy,Jam,Urban,False,0,1,0,5961.284404459058,6084.247246820517,Aumento_Velocidade,1
pedido_5999.751670891026_148,116.96484134710929,92.04107668956114,72.04107668956114,3.608400783977173,15,4.611993448819569,Moto,Stormy,Jam,Other,True,0,1,0,5999.751670891026,6086.792747580587,Rota_Reduzida,1
pedido_5985.861995948058_139,98.73025250150764,107.24771317262929,92.24771317262929,13.454574744468125,10,4.842639890521943,Scooter,Sunny,Medium,Metropolitian,False,0,0,1,5985.861995948058,6088.1097091206875,Rota_Reduzida,1
pedido_6016.242288648809_165,105.33481927995679,72.72476395933909,57.724763959339086,16.165544105711106,15,4.817996436103836,Moto,Sunny,Medium,Metropolitian,True,0,0,1,6016.242288648809,6088.967052608148,Rota_Reduzida,1
pedido_5963.63735178305_119,132.05352624742935,136.9869198380322,121.98691983803221,3.0493689175030494,5,4.708781407039079,Moto,Sandstorms,Medium,Metropolitian,True,0,0,0,5963.63735178305,6090.624271621082,Rota_Reduzida,0
pedido_5975.368123039115_131,109.1948777478852,105.63768812638668,105.63768812638668,13.005065389150516,10,5.0,Moto,Foggy,Low,Metropolitian,False,0,0,0,5975.368123039115,6091.005811165502,Nenhuma,1
pedido_5982.902109687998_137,130.8591084473134,118.91481136815909,103.91481136815909,13.491174018301834,5,4.714583869313969,Moto,Stormy,High,Metropolitian,True,0,1,0,5982.902109687998,6091.816921056157,Aumento_Velocidade,1
pedido_5985.668861419611_138,129.1810330559835,115.01284115139708,100.01284115139708,16.82407459881091,10,4.702133397990427,Moto,Stormy,High,Metropolitian,False,0,1,0,5985.668861419611,6095.681702571008,Aumento_Velocidade,1
pedido_5988.701288148505_142,133.2235388051159,113.15314959612327,98.15314959612327,7.8344023890456445,10,4.8248177017555625,Moto,Sandstorms,Medium,Metropolitian,False,0,0,0,5988.701288148505,6096.854437744629,Rota_Reduzida,1
pedido_5972.283610428753_128,130.96223913529008,131.01127543414793,116.01127543414793,3.545504275660438,10,4.661102892089732,Moto,Sandstorms,Medium,Metropolitian,False,0,0,0,5972.283610428753,6098.294885862901,Rota_Reduzida,1
pedido_5982.729325628092_136,133.04012929077166,120.90297903991905,105.90297903991905,0.0,10,4.588558001257536,Moto,Foggy,High,Metropolitian,True,0,1,0,5982.729325628092,6098.632304668011,Aumento_Velocidade,1
pedido_5989.448663453602_143,103.16886343697497,104.27493949470554,104.27493949470554,17.799092797208377,5,4.698297485126869,Moto,Stormy,Low,Metropolitian,False,0,0,0,5989.448663453602,6098.723602948308,Nenhuma,1
pedido_5970.466059827787_125,141.32008033116873,133.54401351324267,118.54401351324267,15.45707649449949,10,4.6944028628519465,Moto,Foggy,High,Metropolitian,False,0,1,0,5970.466059827787,6099.01007334103,Aumento_Velocidade,1
pedido_5988.524015257506_141,126.80849379585489,100.54062664125034,100.54062664125034,3.982086452878557,10,4.604955665316866,Van,Stormy,High,Metropolitian,True,0,1,0,5988.524015257506,6099.064641898756,Nenhuma,1
pedido_5964.673492463641_121,133.00512469459994,131.1160215592136,131.1160215592136,7.635302111678108,5,4.269197828859278,Moto,Windy,Low,Metropolitian,False,0,0,0,5964.673492463641,6100.789514022855,Nenhuma,0
pedido_5971.392060884831_127,130.3867672589117,130.05135732974807,115.05135732974807,4.269025051770422,15,4.956397566578525,Moto,Windy,Jam,Metropolitian,False,0,1,0,5971.392060884831,6101.44341821458,Aumento_Velocidade,1
pedido_5893.582340866106_76,187.13197790804762,194.41214688944615,194.41214688944615,12.465407399046374,15,4.274052002782838,Van,Stormy,High,Metropolitian,False,0,1,0,5893.582340866106,6102.994487755553,Nenhuma,0
pedido_6026.637041421664_174,97.25628711649657,83.10595182272192,68.10595182272192,3.2308485404154004,10,4.875457202571829,Scooter,Sunny,High,Metropolitian,False,0,1,1,6026.637041421664,6104.7429932443865,Aumento_Velocidade,1
pedido_6010.900558089943_155,121.67511520985052,102.49827986372928,87.49827986372928,3.0734491665630674,10,4.537996055226878,Scooter,Stormy,Jam,Metropolitian,False,0,1,0,6010.900558089943,6108.398837953672,Aumento_Velocidade,1
pedido_6005.255184764625_150,132.24162150115285,113.7323251686656,98.7323251686656,8.59680949045822,5,4.5356721887816684,Moto,Foggy,High,Metropolitian,False,0,1,0,6005.255184764625,6108.98750993329,Aumento_Velocidade,1
pedido_6000.3863870020205_149,110.31288120528518,100.67189663208198,100.67189663208198,12.980324955986177,10,4.755818972462416,Moto,Foggy,Low,Metropolitian,False,0,0,0,6000.3863870020205,6111.058283634103,Nenhuma,1
pedido_6007.225510956913_151,98.90884907823967,89.35864251244789,89.35864251244789,7.188361779203357,15,4.570582997574589,Van,Sunny,Jam,Metropolitian,False,0,1,1,6007.225510956913,6111.584153469361,Nenhuma,1
pedido_5992.203050796197_144,129.73425416763385,119.66180135211332,104.66180135211332,8.054482636984211,15,4.780713090009738,Scooter,Sandstorms,Jam,Metropolitian,True,0,1,0,5992.203050796197,6111.86485214831,Aumento_Velocidade,1
pedido_6043.782179184184_187,99.27905819169862,73.14669339262444,58.14669339262444,7.129390412608189,10,4.812636353625303,Moto,Sunny,Jam,Metropolitian,False,0,1,1,6043.782179184184,6111.928872576808,Aumento_Velocidade,1
pedido_6011.4901448930905_157,104.89432025022268,97.1279561426847,97.1279561426847,15.386229305874398,5,4.831654874279009,Moto,Windy,Low,Metropolitian,True,0,0,0,6011.4901448930905,6113.618101035775,Nenhuma,1
pedido_5974.888957140312_130,150.41619050964295,149.93946759917648,134.93946759917648,16.751118360646316,5,4.713900838383336,Scooter,Foggy,Jam,Metropolitian,True,0,1,0,5974.888957140312,6114.828424739489,Aumento_Velocidade,0
pedido_6029.656976412008_176,101.40797453446916,90.6473853772505,75.6473853772505,3.1413363085281487,10,5.0,Scooter,Sunny,High,Metropolitian,True,0,1,1,6029.656976412008,6115.304361789258,Aumento_Velocidade,1
pedido_6008.481947600194_152,128.38993636279594,107.61969845723108,92.61969845723108,5.552223713528029,15,4.606105721903523,Moto,Windy,Jam,Metropolitian,False,0,1,0,6008.481947600194,6116.101646057425,Aumento_Velocidade,1
pedido_6013.08936500391_160,129.55930572708635,103.47199144722077,88.47199144722077,4.82046769862701,15,4.741878952861012,Scooter,Foggy,Jam,Metropolitian,False,0,1,0,6013.08936500391,6116.56135645113,Aumento_Velocidade,1
pedido_5999.183164915936_147,129.01666075656678,118.16124324434608,103.16124324434608,3.488201924116627,15,4.490154851538004,Moto,Windy,High,Urban,False,0,1,0,5999.183164915936,6117.344408160282,Aumento_Velocidade,1
pedido_6008.940663860474_153,140.62704366312087,108.99670847585662,93.99670847585662,14.95876870880064,15,4.588564057856628,Scooter,Sandstorms,Jam,Metropolitian,False,0,1,0,6008.940663860474,6117.937372336331,Aumento_Velocidade,1
pedido_6037.131598513533_183,105.76675112458575,91.71781628169947,76.71781628169947,17.095430284105916,5,4.733482458484216,Moto,Sunny,High,Metropolitian,True,0,1,1,6037.131598513533,6118.849414795233,Aumento_Velocidade,1
pedido_6014.685157422546_162,124.92572454837001,111.52668004464542,96.52668004464542,9.765265599852306,10,4.780565499171802,Scooter,Stormy,Jam,Metropolitian,False,0,1,0,6014.685157422546,6121.211837467191,Aumento_Velocidade,1
pedido_6054.585815967867_200,95.54621114191794,75.85075933510805,60.85075933510805,9.01846125358192,10,4.562930595695852,Moto,Sunny,High,Urban,False,0,1,1,6054.585815967867,6125.436575302975,Aumento_Velocidade,1
pedido_6050.106585424298_193,97.07200782724601,80.55350985275508,60.553509852755084,6.675794957752737,15,4.497035897086333,Moto,Sunny,High,Other,False,0,1,1,6050.106585424298,6125.660095277053,Rota_Reduzida,1
pedido_5988.0802245232_140,134.50461558050955,128.3284261561102,128.3284261561102,11.650899670311572,10,4.641739514547552,Van,Sandstorms,High,Metropolitian,True,0,1,0,5988.0802245232,6126.40865067931,Nenhuma,0
pedido_6011.995611027885_158,131.03979234049356,128.71691343622203,113.71691343622203,5.043963879579869,5,4.733244297412572,Scooter,Windy,High,Metropolitian,False,0,1,0,6011.995611027885,6130.712524464107,Aumento_Velocidade,1
pedido_6021.949413644832_168,109.05416205221078,108.95469023813313,93.95469023813313,15.506919473081881,15,4.471643151173005,Moto,Sunny,High,Metropolitian,True,0,1,1,6021.949413644832,6130.9041038829655,Aumento_Velocidade,1
pedido_6058.571883258572_206,99.44446497463301,78.87796138469491,63.87796138469491,6.094687079955303,10,4.701010576460425,Moto,Sunny,Medium,Metropolitian,True,0,0,1,6058.571883258572,6132.449844643266,Rota_Reduzida,1
pedido_6028.1199280198025_175,98.43817828514369,94.61083755604076,94.61083755604076,2.6485161850343637,10,4.670463231252732,Moto,Foggy,Low,Metropolitian,False,0,0,0,6028.1199280198025,6132.730765575843,Nenhuma,1
pedido_6011.138697305409_156,134.94826940247617,121.69288788283899,106.69288788283899,14.285857717854078,15,4.791240568506546,Moto,Sandstorms,High,Metropolitian,True,0,1,0,6011.138697305409,6132.831585188248,Aumento_Velocidade,1
pedido_5995.770547510037_145,129.16300390794464,137.27447920166674,122.27447920166674,5.8254727569078515,15,4.929191801648596,Scooter,Windy,High,Metropolitian,True,0,1,0,5995.770547510037,6133.045026711704,Aumento_Velocidade,0
pedido_5981.79271179203_135,175.09799521713364,151.96393301309124,136.96393301309124,9.287153800777135,15,4.269433835171348,Moto,Windy,Medium,Metropolitian,False,0,0,0,5981.79271179203,6133.756644805121,Rota_Reduzida,0
pedido_6086.13752185642_221,43.95584043388798,39.11211635199463,39.11211635199463,2.9961870474416594,10,4.636354820967522,Moto,Foggy,Jam,Metropolitian,False,1,1,0,6086.13752185642,6135.249638208415,Nenhuma,1
pedido_6014.59508420693_161,135.3060443793462,131.51318661910676,116.51318661910676,16.01312187226683,5,4.671657952894932,Moto,Sandstorms,High,Urban,True,0,1,0,6014.59508420693,6136.1082708260365,Aumento_Velocidade,1
pedido_6057.791329623632_204,98.78155909260609,79.98625312309477,64.98625312309477,10.147182421388763,15,4.809882332448159,Scooter,Sunny,Medium,Metropolitian,False,0,0,1,6057.791329623632,6137.777582746727,Rota_Reduzida,1
pedido_6022.245657829643_169,132.7645273377316,127.19922660856844,112.19922660856844,7.569767367299244,5,4.620043922490838,Moto,Foggy,High,Metropolitian,True,0,1,0,6022.245657829643,6139.444884438211,Aumento_Velocidade,1
pedido_6049.176576433352_192,132.65986019653798,107.72817302398838,87.72817302398838,4.244615560119045,5,4.815225502258381,Moto,Sandstorms,High,Semi-Urban,False,0,1,0,6049.176576433352,6141.904749457341,Rota_Reduzida,1
pedido_6024.642762573123_172,132.5995064518903,128.18417449400553,113.18417449400553,15.352327250318497,5,5.0,Scooter,Stormy,High,Metropolitian,False,0,1,0,6024.642762573123,6142.826937067129,Aumento_Velocidade,1
pedido_6021.502100231745_166,134.12547944357516,132.94564741678127,117.94564741678127,5.053223277466838,5,4.7431358114441595,Scooter,Foggy,High,Metropolitian,False,0,1,0,6021.502100231745,6144.447747648526,Aumento_Velocidade,1
pedido_6056.600688757511_202,97.73645979857947,97.85625479766892,82.85625479766892,5.491049703653269,5,4.768436602524905,Moto,Sunny,High,Urban,False,0,1,1,6056.600688757511,6144.45694355518,Aumento_Velocidade,1
pedido_6050.977677533842_195,100.85038911671079,89.03475311276156,89.03475311276156,4.215277859142998,5,4.820305781663565,Moto,Sandstorms,Low,Other,False,0,0,0,6050.977677533842,6145.012430646604,Nenhuma,1
pedido_6010.119699037688_154,140.9383507766569,145.37907189506117,130.37907189506117,11.691660101461839,5,4.698783654188375,Moto,Foggy,High,Metropolitian,False,0,1,0,6010.119699037688,6145.49877093275,Aumento_Velocidade,0
pedido_6022.265300730958_170,129.01666075656678,133.54344559204728,118.54344559204728,3.921850180020182,5,4.533088650542277,Scooter,Windy,High,Metropolitian,False,0,1,0,6022.265300730958,6145.808746323006,Aumento_Velocidade,1
pedido_6012.5343300524155_159,136.67992431382237,131.52247492350875,131.52247492350875,12.843181140524104,5,4.494052311400604,Van,Sandstorms,Medium,Metropolitian,False,0,0,0,6012.5343300524155,6149.056804975924,Nenhuma,0
pedido_6052.189554991868_197,99.40036610675655,102.5802688392591,87.5802688392591,5.633584137152887,10,4.760381315789148,Moto,Sunny,Jam,Metropolitian,False,0,1,1,6052.189554991868,6149.769823831127,Aumento_Velocidade,1
pedido_6021.738764264829_167,134.94826940247617,128.12027212086758,113.12027212086758,15.414258878858515,15,4.820310505693434,Moto,Sandstorms,High,Metropolitian,True,0,1,0,6021.738764264829,6149.8590363856965,Aumento_Velocidade,1
pedido_6034.827247873191_180,151.58747396505365,120.6782105761801,105.6782105761801,15.96185166504089,10,5.0,Moto,Foggy,Jam,Urban,False,0,1,0,6034.827247873191,6150.505458449371,Aumento_Velocidade,1
pedido_6040.120174873136_184,128.48875841771687,101.78171000442163,101.78171000442163,2.0376397253158514,10,4.834177706982075,Van,Stormy,High,Urban,False,0,1,0,6040.120174873136,6151.901884877558,Nenhuma,1
pedido_6044.063725677644_188,129.53945090107325,109.45446713918189,94.45446713918189,0.2197360101105419,15,4.459291655648344,Moto,Sandstorms,Medium,Urban,False,0,0,0,6044.063725677644,6153.518192816826,Rota_Reduzida,1
pedido_6026.209720097984_173,135.50349704249348,128.63384808380655,113.63384808380655,17.05945646571872,15,4.956337237245133,Moto,Stormy,Medium,Metropolitian,False,0,0,0,6026.209720097984,6154.843568181791,Rota_Reduzida,1
pedido_6059.354402609939_208,101.45767383698293,101.82560251226472,86.82560251226472,2.895690629023073,10,4.4558596058882785,Moto,Sunny,High,Metropolitian,False,0,1,1,6059.354402609939,6156.1800051222035,Aumento_Velocidade,1
pedido_6029.871572540791_177,133.97566805035234,126.51608830702551,111.51608830702551,15.694776265287969,15,4.46118412174536,Moto,Stormy,Medium,Urban,False,0,0,0,6029.871572540791,6156.387660847817,Rota_Reduzida,1
pedido_5979.693511728394_133,176.9155946961217,186.00895113904843,171.00895113904843,6.9336685089239705,10,4.286038975127003,Moto,Stormy,Jam,Urban,True,0,1,0,5979.693511728394,6160.702462867443,Aumento_Velocidade,0
pedido_6073.781874594539_218,99.14908689083734,97.03664678294429,82.03664678294429,2.4836429929484454,5,4.6972152403030805,Moto,Sunny,Jam,Metropolitian,False,0,1,1,6073.781874594539,6160.818521377483,Aumento_Velocidade,1
pedido_6054.516170002289_199,128.29895858271612,116.94358714655343,101.94358714655343,4.630114902253894,5,4.702931802809413,Scooter,Foggy,Medium,Metropolitian,False,0,0,0,6054.516170002289,6161.459757148842,Rota_Reduzida,1
pedido_6046.567791305898_190,130.9258441760929,115.61289363394516,100.61289363394516,4.505667021139808,15,5.0,Moto,Stormy,High,Metropolitian,False,0,1,0,6046.567791305898,6162.180684939844,Aumento_Velocidade,1
pedido_6031.75130653392_178,140.4871397671035,131.89752194411702,116.89752194411702,15.897511014140662,15,4.8308914485125385,Moto,Foggy,High,Metropolitian,False,0,1,0,6031.75130653392,6163.648828478037,Aumento_Velocidade,1
pedido_6059.267501770476_207,127.54396087641952,104.5712505641009,89.5712505641009,1.779426220374487,15,4.565481914707474,Scooter,Foggy,Jam,Metropolitian,False,0,1,0,6059.267501770476,6163.838752334577,Aumento_Velocidade,1
pedido_6056.907982827033_203,128.5701615747001,107.11359003814508,92.11359003814508,6.894110503538685,15,4.757469316731269,Moto,Stormy,High,Metropolitian,False,0,1,0,6056.907982827033,6164.021572865178,Aumento_Velocidade,1
pedido_6051.0259201512345_196,133.87638909820663,127.68523139439051,112.68523139439051,16.292636702932732,5,4.4798159377588735,Moto,Windy,High,Metropolitian,True,0,1,0,6051.0259201512345,6168.711151545625,Aumento_Velocidade,1
pedido_6040.814970872503_185,136.340453812225,138.1733481432379,123.17334814323789,12.651464993267608,5,4.532660346251312,Moto,Sandstorms,High,Metropolitian,False,0,1,0,6040.814970872503,6168.988319015741,Aumento_Velocidade,0
pedido_6033.186956657321_179,132.60897704509705,120.83568570150658,120.83568570150658,1.7283001777609153,15,4.4694362342368645,Van,Windy,Medium,Metropolitian,False,0,0,0,6033.186956657321,6169.022642358828,Nenhuma,0
pedido_6042.139839229109_186,130.56087931010725,127.261700748654,112.261700748654,5.609152495319264,15,4.77583890704115,Scooter,Windy,High,Urban,False,0,1,0,6042.139839229109,6169.401539977764,Aumento_Velocidade,1
pedido_6137.7436219455185_251,41.315824596511796,26.889864328540362,26.889864328540362,0.853680748485421,5,4.56408682262586,Moto,Sunny,High,Urban,False,1,1,1,6137.7436219455185,6169.633486274059,Nenhuma,1
pedido_6126.452045546723_244,35.86175505621603,33.609775126854274,33.609775126854274,5.617203879160948,10,4.734879864170517,Moto,Sunny,Medium,Metropolitian,False,1,0,1,6126.452045546723,6170.061820673577,Nenhuma,1
pedido_6072.2653750004365_216,129.78896486355157,108.4798201130631,93.4798201130631,6.78248228154944,5,4.768219834972946,Scooter,Foggy,Jam,Metropolitian,False,0,1,0,6072.2653750004365,6170.7451951135,Aumento_Velocidade,1
pedido_6015.075675790046_163,166.65259792197014,165.7441636262527,150.7441636262527,4.836695024438709,5,4.4116985997930245,Moto,Sunny,Medium,Metropolitian,False,0,0,1,6015.075675790046,6170.819839416299,Rota_Reduzida,0
pedido_6045.603210856267_189,125.63783351878111,125.5770921804745,110.5770921804745,4.224685727476597,15,4.519301968599775,Scooter,Windy,Jam,Metropolitian,False,0,1,0,6045.603210856267,6171.180303036741,Aumento_Velocidade,1
pedido_6054.051285211919_198,133.03987330531243,118.99712728424888,103.99712728424888,15.041750971021077,15,4.641898678626863,Scooter,Stormy,Jam,Metropolitian,False,0,1,0,6054.051285211919,6173.048412496168,Aumento_Velocidade,1
pedido_6034.841738033405_181,137.75401916669105,128.51927521586543,128.51927521586543,19.764416299455373,10,5.0,Van,Windy,High,Urban,False,0,1,0,6034.841738033405,6173.36101324927,Nenhuma,0
pedido_6050.440092329425_194,134.40539903365476,130.37179787808807,115.37179787808807,14.496031468498977,10,4.477742536818785,Moto,Stormy,Medium,Metropolitian,False,0,0,0,6050.440092329425,6175.811890207513,Rota_Reduzida,1
pedido_6072.938729814621_217,134.46488000661824,104.98126151282352,89.98126151282352,4.585406308479079,15,4.556579072526213,Moto,Foggy,High,Metropolitian,False,0,1,0,6072.938729814621,6177.919991327445,Aumento_Velocidade,1
pedido_6062.602878839012_211,141.97346936170933,120.64231878990174,105.64231878990174,12.594357469598899,10,4.529738014207653,Moto,Foggy,Medium,Metropolitian,False,0,0,0,6062.602878839012,6178.245197628914,Rota_Reduzida,1
pedido_6141.065133323911_256,45.84704201407525,35.426090149300684,35.426090149300684,17.877813479511158,5,4.97889884996332,Moto,Sandstorms,High,Metropolitian,True,1,1,0,6141.065133323911,6181.491223473212,Nenhuma,1
pedido_6069.004233776515_213,103.1924625520193,111.28875963952257,111.28875963952257,14.975243894243448,5,4.9153334991936575,Van,Windy,Low,Metropolitian,False,0,0,0,6069.004233776515,6185.2929934160375,Nenhuma,1
pedido_6077.958776221773_219,137.50015892454505,119.10071289863558,104.10071289863558,16.766777395762826,5,4.51394139429139,Moto,Sandstorms,High,Metropolitian,True,0,1,0,6077.958776221773,6187.059489120409,Aumento_Velocidade,1
pedido_6088.163367961019_223,132.0827558429857,98.93370785051874,83.93370785051874,8.396128083071101,15,4.613633449224786,Scooter,Sandstorms,High,Metropolitian,False,0,1,0,6088.163367961019,6187.097075811537,Aumento_Velocidade,1
pedido_6077.961492472912_220,127.42426002858576,120.60635374821614,105.60635374821614,2.484296721042174,5,4.451823549694786,Moto,Windy,High,Metropolitian,True,0,1,0,6077.961492472912,6188.567846221128,Aumento_Velocidade,1
pedido_6109.483365471873_235,94.90871260613858,66.72263516057646,66.72263516057646,1.7264934613453877,15,4.560578098146753,Moto,Foggy,Low,Other,False,0,0,0,6109.483365471873,6191.20600063245,Nenhuma,1
pedido_6069.811304900677_214,128.14531783803307,126.97570827448439,111.97570827448439,2.587497935744982,10,4.486427438149297,Moto,Windy,High,Metropolitian,False,0,1,0,6069.811304900677,6191.7870131751615,Aumento_Velocidade,1
pedido_6071.223023801791_215,134.09963059301543,120.72403598464501,105.72403598464501,19.95816464297166,15,4.748913254166492,Scooter,Windy,High,Metropolitian,False,0,1,0,6071.223023801791,6191.947059786436,Aumento_Velocidade,1
pedido_6068.382626854291_212,150.69766762585806,133.784432519019,118.78443251901899,12.408541900888267,5,4.754607046220806,Moto,Foggy,Jam,Metropolitian,False,0,1,0,6068.382626854291,6192.16705937331,Aumento_Velocidade,1
pedido_6048.398358518835_191,133.97566805035234,139.3499545293216,139.3499545293216,15.951205773949576,5,4.482638761631627,Van,Stormy,Medium,Metropolitian,False,0,0,0,6048.398358518835,6192.748313048157,Nenhuma,0
pedido_6016.15988917553_164,171.14044232635942,177.0453020871605,162.0453020871605,0.6777067582310261,15,4.35199432997851,Scooter,Windy,High,Metropolitian,True,0,1,0,6016.15988917553,6193.20519126269,Aumento_Velocidade,0
pedido_6140.429888568927_254,40.8836063687961,39.96323252112097,39.96323252112097,0.0,15,4.827166341421233,Scooter,Sunny,High,Metropolitian,False,1,1,1,6140.429888568927,6195.393121090048,Nenhuma,1
pedido_6091.174336946831_225,100.8377806675757,90.47328488361053,90.47328488361053,1.0432419776507276,15,4.753975594227032,Moto,Stormy,Low,Metropolitian,False,0,0,0,6091.174336946831,6196.6476218304415,Nenhuma,1
pedido_6093.637894812819_227,102.52560702811523,88.23497960291522,88.23497960291522,18.456177777430593,15,4.84882438507035,Van,Sunny,High,Metropolitian,False,0,1,1,6093.637894812819,6196.872874415733,Nenhuma,1
pedido_6060.977817052149_209,145.3200965756426,146.82800302412616,131.82800302412616,17.383219645073012,5,4.479153993244088,Moto,Sandstorms,Jam,Metropolitian,True,0,1,0,6060.977817052149,6197.805820076274,Aumento_Velocidade,0
pedido_6089.741174582022_224,96.69702238260807,102.66148145991588,102.66148145991588,9.298779085472734,10,4.658484877018905,Moto,Sunny,Low,Metropolitian,False,0,0,1,6089.741174582022,6202.402656041938,Nenhuma,1
pedido_6091.326941413049_226,141.8150411933179,112.57233542653387,97.57233542653387,14.501826589505136,15,4.989618923557554,Moto,Sandstorms,Jam,Metropolitian,False,0,1,0,6091.326941413049,6203.899276839583,Aumento_Velocidade,1
pedido_6105.15321846094_233,123.39882070508894,110.79881885986072,95.79881885986072,3.4312996012154757,5,4.678011339046476,Scooter,Stormy,Jam,Metropolitian,False,0,1,0,6105.15321846094,6205.952037320801,Aumento_Velocidade,1
pedido_6125.047058778305_242,99.11269436582832,91.60154660373117,76.60154660373117,8.10358640336013,5,4.809681813892064,Moto,Sunny,Medium,Metropolitian,True,0,0,1,6125.047058778305,6206.648605382036,Rota_Reduzida,1
pedido_6087.339344855424_222,128.77170585534827,129.5004052348231,114.50040523482309,2.9842664364053344,5,4.606846287053565,Moto,Windy,High,Metropolitian,True,0,1,0,6087.339344855424,6206.839750090247,Aumento_Velocidade,1
pedido_6099.381783644746_230,133.47114867571312,112.93659861245645,97.93659861245645,14.642732852911305,15,4.708765882498859,Moto,Stormy,Medium,Metropolitian,False,0,0,0,6099.381783644746,6212.318382257203,Rota_Reduzida,1
pedido_6036.224684574783_182,189.74908319694862,181.6251866133281,166.6251866133281,20.776291598768942,10,4.322885972608551,Scooter,Foggy,High,Metropolitian,True,0,1,0,6036.224684574783,6212.849871188111,Aumento_Velocidade,0
pedido_6138.320810879627_252,110.38374589917474,86.98385709676108,71.98385709676108,14.007734813286255,5,4.68117813007444,Moto,Sunny,Jam,Urban,False,0,1,1,6138.320810879627,6215.304667976388,Aumento_Velocidade,1
pedido_6102.159210258535_231,137.61740068824457,119.00100915632402,104.00100915632402,4.26781667999537,10,4.98836698018468,Scooter,Sandstorms,High,Metropolitian,False,0,1,0,6102.159210258535,6216.160219414858,Aumento_Velocidade,1
pedido_6135.829951208549_249,100.4980170913318,90.49220453759395,75.49220453759395,11.7661806262776,5,4.485166619065664,Moto,Sunny,Medium,Metropolitian,False,0,0,1,6135.829951208549,6216.322155746143,Rota_Reduzida,1
pedido_6178.183488744051_284,46.11009129966517,23.307405820026354,23.307405820026354,1.8585189853978679,15,4.562492078695779,Moto,Windy,High,Metropolitian,False,1,1,0,6178.183488744051,6216.490894564077,Nenhuma,1
pedido_6122.6479074406425_240,106.58412499837675,99.03253145330001,84.03253145330001,17.577061399105006,10,4.513144297998912,Moto,Sunny,High,Urban,False,0,1,1,6122.6479074406425,6216.680438893943,Aumento_Velocidade,1
pedido_6095.790359299266_229,123.8775971176381,116.50280338375268,116.50280338375268,7.515900855715929,5,4.676919316619269,Van,Foggy,Jam,Other,False,0,1,0,6095.790359299266,6217.293162683019,Nenhuma,1
pedido_6109.764070900032_236,125.60117149951513,109.23587023573909,94.23587023573909,4.045718122341179,15,4.664457895366208,Scooter,Foggy,Medium,Urban,False,0,0,0,6109.764070900032,6218.99994113577,Rota_Reduzida,1
pedido_6179.028032956134_286,51.373382849798105,28.43683274157695,28.43683274157695,3.55217589908949,15,4.436499129011532,Van,Sandstorms,Low,Metropolitian,False,1,0,0,6179.028032956134,6222.464865697711,Nenhuma,1
pedido_6094.106518406046_228,129.02093614320492,122.82310170782006,122.82310170782006,3.903305307631485,10,4.553896073176537,Van,Windy,High,Metropolitian,True,0,1,0,6094.106518406046,6226.929620113866,Nenhuma,0
pedido_6119.880683570542_239,130.60075601776677,108.2776230777823,93.2776230777823,3.0985217548720434,15,4.6303120464261,Scooter,Sandstorms,Medium,Metropolitian,False,0,0,0,6119.880683570542,6228.1583066483245,Rota_Reduzida,1
pedido_6106.357542137309_234,126.45566465863135,128.8478124283288,113.84781242832881,7.793421876087283,10,4.535287202576926,Moto,Sandstorms,Jam,Metropolitian,False,0,1,0,6106.357542137309,6230.205354565638,Aumento_Velocidade,1
pedido_6103.371383303981_232,131.78534608617304,136.85426451252408,121.85426451252408,2.128534451838415,5,4.673313616803893,Moto,Sandstorms,High,Metropolitian,False,0,1,0,6103.371383303981,6230.225647816505,Aumento_Velocidade,0
pedido_6118.023812676143_238,132.61895272995193,122.84514523690324,107.84514523690324,0.0,5,4.767710517832671,Scooter,Sandstorms,High,Metropolitian,False,0,1,0,6118.023812676143,6230.868957913047,Aumento_Velocidade,1
pedido_6057.90747071688_205,197.81702259203166,178.46241564581183,163.46241564581183,14.934171139692177,15,4.448787496012356,Moto,Windy,Jam,Urban,True,0,1,0,6057.90747071688,6236.369886362692,Aumento_Velocidade,0
pedido_6126.1430977573_243,128.996419464291,112.63055300847283,97.63055300847283,4.429826771782992,15,4.796481104322906,Scooter,Foggy,Jam,Urban,False,0,1,0,6126.1430977573,6238.773650765773,Aumento_Velocidade,1
pedido_6112.439150230975_237,136.6065068787768,137.8686748907318,122.8686748907318,5.054372313711494,5,4.852404899911002,Moto,Windy,Medium,Urban,False,0,0,0,6112.439150230975,6240.3078251217075,Rota_Reduzida,0
pedido_6062.594494619062_210,187.16977194678097,183.43035605336536,168.43035605336536,16.55712766220308,10,4.420649338470644,Moto,Stormy,High,Metropolitian,False,0,1,0,6062.594494619062,6241.024850672427,Aumento_Velocidade,0
pedido_6055.968246367933_201,173.30337999549977,175.2273479455427,175.2273479455427,11.912005076252736,10,4.280726732649816,Moto,Foggy,Low,Metropolitian,False,0,0,0,6055.968246367933,6241.195594313475,Nenhuma,0
pedido_6157.42864354723_267,112.12144441388811,90.8693441216977,75.8693441216977,10.545771503463586,10,5.0,Moto,Sunny,Jam,Metropolitian,False,0,1,1,6157.42864354723,6243.297987668928,Aumento_Velocidade,1
pedido_6124.385650560611_241,133.47114867571312,115.67816322475909,115.67816322475909,14.124405929657316,5,4.748125042762425,Van,Stormy,Medium,Metropolitian,False,0,0,0,6124.385650560611,6245.06381378537,Nenhuma,1
pedido_6128.866570572815_245,110.05350976389829,122.46421749726719,107.46421749726719,14.89729197799175,10,4.6760436257896245,Moto,Sunny,Jam,Metropolitian,False,0,1,1,6128.866570572815,6246.330788070082,Aumento_Velocidade,1
pedido_6171.660879888381_276,102.57911321272154,85.26665253506798,70.26665253506798,17.264128848822185,5,4.574119434819876,Moto,Sunny,High,Metropolitian,False,0,1,1,6171.660879888381,6246.927532423449,Aumento_Velocidade,1
pedido_6137.705193834429_250,128.35655595703986,123.57066592981235,108.57066592981235,2.6990399815389816,5,4.913264619798666,Scooter,Stormy,High,Urban,False,0,1,0,6137.705193834429,6251.275859764241,Aumento_Velocidade,1
pedido_6138.42093233702_253,143.68780309353846,119.14169119575914,104.14169119575914,14.590350639313037,10,4.795405657309853,Scooter,Foggy,Medium,Urban,True,0,0,0,6138.42093233702,6252.562623532779,Rota_Reduzida,1
pedido_6129.952267299543_246,128.2225744463269,109.29192815330163,109.29192815330163,4.053934954936571,15,4.849025759894699,Van,Stormy,High,Metropolitian,False,0,1,0,6129.952267299543,6254.244195452844,Nenhuma,1
pedido_6140.829483732244_255,133.0196758514353,123.47345069194895,108.47345069194895,15.709381604880406,5,4.656434961665201,Moto,Windy,High,Metropolitian,False,0,1,0,6140.829483732244,6254.302934424192,Aumento_Velocidade,1
pedido_6220.9755478624065_309,41.623167145815586,28.883952389722737,28.883952389722737,17.222149615836138,5,5.0,Moto,Sunny,Medium,Metropolitian,False,1,0,1,6220.9755478624065,6254.85950025213,Nenhuma,1
pedido_6133.076062989219_248,133.81839565085713,129.25104491618555,114.25104491618555,18.803745376198385,10,4.805279436643233,Moto,Stormy,Medium,Metropolitian,False,0,0,0,6133.076062989219,6257.327107905405,Rota_Reduzida,1
pedido_6144.755351211412_259,134.0293638312794,117.6672116942193,102.6672116942193,8.23804071444816,10,4.633213880305178,Moto,Foggy,High,Metropolitian,False,0,1,0,6144.755351211412,6257.422562905631,Aumento_Velocidade,1
pedido_6143.2720680126395_258,105.35578317344843,109.68962576001606,109.68962576001606,3.9081924592800164,5,4.747011580946186,Van,Stormy,Low,Metropolitian,True,0,0,0,6143.2720680126395,6257.961693772656,Nenhuma,1
pedido_6203.527967896095_300,49.656586294701604,39.533780943804985,39.533780943804985,8.118586092641301,15,4.3447349735538445,Moto,Stormy,Low,Metropolitian,False,1,0,0,6203.527967896095,6258.0617488399,Nenhuma,1
pedido_6130.352390496659_247,140.21602821989433,137.7169378451042,122.71693784510421,10.280676457941475,5,4.55400178154463,Scooter,Foggy,High,Metropolitian,False,0,1,0,6130.352390496659,6258.069328341763,Aumento_Velocidade,0
pedido_6151.529784750731_263,128.36260269177163,119.23634607618307,104.23634607618307,4.983321929716826,5,4.729162373794646,Moto,Foggy,Medium,Metropolitian,False,0,0,0,6151.529784750731,6260.766130826914,Rota_Reduzida,1
pedido_6161.104397515963_268,112.36431529147616,109.83634515243297,94.83634515243297,14.172351422620684,5,4.504047947325374,Moto,Sunny,Jam,Metropolitian,False,0,1,1,6161.104397515963,6260.940742668396,Aumento_Velocidade,1
pedido_6172.639448743468_277,102.38665475488781,94.48308348786144,79.48308348786144,14.53385198876867,10,4.647014163624575,Moto,Sunny,High,Metropolitian,False,0,1,1,6172.639448743468,6262.122532231329,Aumento_Velocidade,1
pedido_6171.5690122001_274,99.05173112821348,76.21875490217576,76.21875490217576,7.77746359533767,15,5.0,Moto,Windy,Low,Urban,False,0,0,0,6171.5690122001,6262.787767102275,Nenhuma,1
pedido_6149.7762985670215_261,132.9073067357116,127.53264302257662,112.53264302257662,18.694335691937432,5,4.8700872346585005,Moto,Stormy,High,Metropolitian,True,0,1,0,6149.7762985670215,6267.308941589598,Aumento_Velocidade,1
pedido_6166.462376860106_273,97.56480591209817,111.49912264425498,96.49912264425498,5.252712561223014,5,4.938808170953369,Scooter,Sunny,High,Metropolitian,False,0,1,1,6166.462376860106,6267.961499504361,Aumento_Velocidade,1
pedido_6156.338634493574_264,129.32861144876867,112.49423642367046,97.49423642367046,13.705921418278859,15,4.728462205159234,Moto,Stormy,High,Metropolitian,False,0,1,0,6156.338634493574,6268.832870917245,Aumento_Velocidade,1
pedido_6163.60385238299_272,135.14388775711228,111.33172680289096,96.33172680289096,10.58486999202744,10,4.606796860749376,Moto,Windy,High,Metropolitian,True,0,1,0,6163.60385238299,6269.935579185882,Aumento_Velocidade,1
pedido_6173.252438678356_278,102.84198900603003,96.9786108563014,81.9786108563014,7.871668613909532,15,4.481692976246619,Moto,Sunny,High,Metropolitian,False,0,1,1,6173.252438678356,6270.231049534657,Aumento_Velocidade,1
pedido_6143.1201927132015_257,133.68102890284644,137.13263681978137,122.13263681978137,15.235909690968173,5,4.535710662035966,Scooter,Windy,High,Urban,True,0,1,0,6143.1201927132015,6270.252829532983,Aumento_Velocidade,0
pedido_6150.215294522715_262,132.30446268278448,125.15229440592438,110.15229440592438,5.775823363129558,10,4.858700808862079,Scooter,Sandstorms,High,Metropolitian,False,0,1,0,6150.215294522715,6270.36758892864,Aumento_Velocidade,1
pedido_6161.793795852443_269,105.94313793029309,113.90839040869349,98.90839040869349,10.680322587705657,10,4.467317317254554,Moto,Sunny,High,Metropolitian,False,0,1,1,6161.793795852443,6270.702186261136,Aumento_Velocidade,1
pedido_6157.280011268214_266,133.28348391376278,99.56512273814022,99.56512273814022,6.4103819458880045,15,4.622310376360629,Van,Foggy,High,Metropolitian,False,0,1,0,6157.280011268214,6271.845134006355,Nenhuma,1
pedido_6163.3116690005945_271,126.45168003734996,121.99318955569808,106.99318955569808,8.84830369692108,10,4.772229067386061,Scooter,Sandstorms,Jam,Metropolitian,False,0,1,0,6163.3116690005945,6280.304858556293,Aumento_Velocidade,1
pedido_6177.395311386394_283,130.78481102416515,116.06180747456862,101.06180747456862,4.427506931551719,5,4.731325055568357,Scooter,Sandstorms,High,Urban,True,0,1,0,6177.395311386394,6283.4571188609625,Aumento_Velocidade,1
pedido_6156.755217250773_265,143.87999213971185,127.88494837641386,112.88494837641386,14.275983151555883,15,4.815101138547297,Scooter,Foggy,High,Urban,True,0,1,0,6156.755217250773,6284.640165627187,Aumento_Velocidade,1
pedido_6207.6166930075_302,100.39675232132366,82.18144057677168,67.18144057677168,5.879467279649562,10,4.727641228573593,Moto,Sunny,Jam,Urban,True,0,1,1,6207.6166930075,6284.798133584271,Aumento_Velocidade,1
pedido_6171.579377171293_275,135.0953073582902,110.2188992263395,110.2188992263395,10.048872875028124,5,4.683835700955607,Van,Sandstorms,Medium,Urban,False,0,0,0,6171.579377171293,6286.798276397632,Nenhuma,1
pedido_6175.953857009818_280,131.33843019433047,122.59259129580659,107.59259129580659,14.734602820552396,5,4.466762095145287,Scooter,Stormy,High,Metropolitian,True,0,1,0,6175.953857009818,6288.546448305625,Aumento_Velocidade,1
pedido_6148.4473624234515_260,133.62870023072952,150.16778963258727,135.16778963258727,16.743675029958066,5,4.808855182589567,Moto,Windy,High,Metropolitian,False,0,1,0,6148.4473624234515,6288.615152056039,Aumento_Velocidade,0
pedido_6177.304684045321_282,126.27895476796364,111.3392178763335,96.3392178763335,5.275522364824828,15,4.503008563573956,Moto,Stormy,Jam,Metropolitian,False,0,1,0,6177.304684045321,6288.643901921654,Aumento_Velocidade,1
pedido_6202.366056560837_299,101.45518350046206,98.49644400615317,83.49644400615317,5.409193324090806,5,5.0,Scooter,Sunny,High,Urban,True,0,1,1,6202.366056560837,6290.86250056699,Aumento_Velocidade,1
pedido_6176.387913977249_281,134.15810480533884,125.84232402703634,110.84232402703634,10.619245491119099,5,4.5132672670360465,Moto,Sandstorms,High,Urban,False,0,1,0,6176.387913977249,6292.230238004286,Aumento_Velocidade,1
pedido_6183.387591797622_290,135.9931238659827,109.23322881209404,94.23322881209404,4.690814915255019,15,4.507125525121743,Moto,Sandstorms,Medium,Metropolitian,True,0,0,0,6183.387591797622,6292.620820609716,Rota_Reduzida,1
pedido_6229.577201095311_314,94.44982424601581,69.89206245173331,54.89206245173331,2.7753001259863854,10,4.816961297301482,Moto,Sunny,Medium,Urban,False,0,0,1,6229.577201095311,6294.469263547044,Rota_Reduzida,1
pedido_6178.975476983595_285,110.36624503253621,105.79577650953902,105.79577650953902,13.948083053083463,10,4.60371513966799,Moto,Foggy,Low,Metropolitian,False,0,0,0,6178.975476983595,6294.771253493134,Nenhuma,1
pedido_6162.232251113728_270,169.47162822242856,134.1780224656806,119.17802246568061,13.76714161580459,15,4.270175060895113,Scooter,Sunny,Medium,Metropolitian,False,0,0,1,6162.232251113728,6296.410273579409,Rota_Reduzida,1
pedido_6257.521734304926_329,41.21880786669947,29.92193532927996,29.92193532927996,16.17516647105711,10,4.472425502448646,Scooter,Sunny,Medium,Metropolitian,False,1,0,1,6257.521734304926,6297.443669634206,Nenhuma,1
pedido_6173.279531740064_279,127.46138813253185,127.17688169414461,112.17688169414461,1.5206255725839268,15,4.80275137670456,Scooter,Windy,Jam,Metropolitian,False,0,1,0,6173.279531740064,6300.456413434209,Aumento_Velocidade,1
pedido_6225.137068674115_313,100.4980170913318,89.43984685240181,74.43984685240181,11.30135610548173,5,4.513175313410441,Scooter,Sunny,Medium,Metropolitian,False,0,0,1,6225.137068674115,6304.576915526516,Rota_Reduzida,1
pedido_6192.664154824861_292,131.56966214659013,112.90730819493368,97.90730819493368,8.245451147640495,15,4.648724867493921,Scooter,Sandstorms,High,Urban,True,0,1,0,6192.664154824861,6305.5714630197945,Aumento_Velocidade,1
pedido_6261.269097727762_330,43.85497891856925,37.438301148753936,37.438301148753936,11.713230972552108,10,4.825869983176585,Scooter,Foggy,High,Urban,False,1,1,0,6261.269097727762,6308.707398876516,Nenhuma,1
pedido_6200.713929915771_296,124.138109347723,120.04392826726055,105.04392826726055,2.1182375371360296,5,4.709428920380137,Moto,Sandstorms,Jam,Metropolitian,False,0,1,0,6200.713929915771,6310.757858183031,Aumento_Velocidade,1
pedido_6181.389865372445_287,132.06234873211497,132.44573054492759,117.44573054492759,6.647819559539965,15,4.805751766277624,Moto,Sandstorms,High,Metropolitian,False,0,1,0,6181.389865372445,6313.835595917372,Aumento_Velocidade,1
pedido_6189.334643824712_291,139.09490702627915,132.6653730760031,117.6653730760031,11.482934684871536,10,4.997648310203005,Moto,Stormy,Jam,Metropolitian,False,0,1,0,6189.334643824712,6317.000016900714,Aumento_Velocidade,1
pedido_6181.77422894004_288,136.495532914919,135.69346125386255,120.69346125386255,14.916272198686853,15,4.707405445288932,Moto,Sandstorms,Medium,Urban,False,0,0,0,6181.77422894004,6317.467690193903,Rota_Reduzida,0
pedido_6242.691495919639_319,97.21798027955808,76.37038896584946,61.37038896584946,3.888192751081024,15,4.817314583484979,Moto,Sunny,High,Urban,False,0,1,1,6242.691495919639,6319.061884885488,Aumento_Velocidade,1
pedido_6201.792869627975_298,128.79591118080657,117.39412094591714,102.39412094591714,15.612181871789575,15,4.821690980881739,Moto,Stormy,High,Urban,False,0,1,0,6201.792869627975,6319.186990573892,Aumento_Velocidade,1
pedido_6201.753102517981_297,133.9144884723352,123.93750412633872,108.93750412633872,9.131845611508595,10,4.8365529444954705,Scooter,Sandstorms,Medium,Metropolitian,False,0,0,0,6201.753102517981,6320.690606644319,Rota_Reduzida,1
pedido_6216.249722317161_305,134.39833402897818,116.25641118929069,101.25641118929069,14.43807665587102,5,4.626911089405537,Moto,Windy,Medium,Metropolitian,False,0,0,0,6216.249722317161,6322.506133506452,Rota_Reduzida,1
pedido_6209.333037957047_303,133.68102890284644,118.72781848682038,103.72781848682038,14.228822189911192,10,4.495961991680531,Moto,Windy,High,Metropolitian,True,0,1,0,6209.333037957047,6323.060856443867,Aumento_Velocidade,1
pedido_6193.083051823089_293,149.2246576811014,131.75109732033735,116.75109732033735,15.89819474310526,15,4.847653598581543,Moto,Foggy,Jam,Metropolitian,False,0,1,0,6193.083051823089,6324.834149143426,Aumento_Velocidade,1
pedido_6199.632530587593_295,133.18234810890326,122.67939989669696,122.67939989669696,0.0,5,5.0,Van,Windy,High,Metropolitian,True,0,1,0,6199.632530587593,6327.311930484289,Nenhuma,0
pedido_6236.049611543177_317,105.99661913663921,97.05551257067805,82.05551257067805,13.587417585160646,15,4.554409360515106,Scooter,Sunny,Medium,Metropolitian,True,0,0,1,6236.049611543177,6333.105124113855,Rota_Reduzida,1
pedido_6204.969170004805_301,150.72369751433095,139.1945226267925,124.19452262679249,16.333028442280973,5,4.847139413398202,Moto,Foggy,Jam,Metropolitian,True,0,1,0,6204.969170004805,6334.163692631598,Aumento_Velocidade,0
pedido_6261.990022719986_331,102.57911321272154,85.25337185814247,70.25337185814247,17.891930825370952,5,4.643164385499282,Moto,Sunny,High,Metropolitian,False,0,1,1,6261.990022719986,6337.243394578129,Aumento_Velocidade,1
pedido_6220.1210302685695_307,129.36317452941614,120.93978604970442,105.93978604970442,6.445454775335588,15,4.89197454534776,Moto,Foggy,Jam,Metropolitian,False,0,1,0,6220.1210302685695,6341.060816318274,Aumento_Velocidade,1
pedido_6222.858758744644_310,130.31509254284543,123.90846723095575,108.90846723095575,9.152761114018654,10,4.8958521483023905,Moto,Sandstorms,High,Metropolitian,True,0,1,0,6222.858758744644,6341.767225975599,Aumento_Velocidade,1
pedido_6251.910883892877_326,97.50493625783604,90.10059041220164,75.10059041220164,2.739146988632984,15,5.0,Moto,Sunny,Medium,Metropolitian,True,0,0,1,6251.910883892877,6342.011474305078,Rota_Reduzida,1
pedido_6220.299735793915_308,140.8882185691732,122.55910832041434,107.55910832041434,11.99610933231235,15,4.521494637331819,Moto,Foggy,High,Metropolitian,False,0,1,0,6220.299735793915,6342.858844114329,Aumento_Velocidade,1
pedido_6212.044597486087_304,130.44988961041798,116.0670334047584,116.0670334047584,14.183435856645506,15,4.480096198439247,Van,Stormy,High,Metropolitian,False,0,1,0,6212.044597486087,6343.111630890845,Nenhuma,1
pedido_6198.314100759117_294,137.7546087440399,142.51627888924708,142.51627888924708,19.139929913130644,5,4.975073693978713,Van,Stormy,Jam,Urban,False,0,1,0,6198.314100759117,6345.830379648363,Nenhuma,0
pedido_6182.160560154887_289,182.6484951455859,174.58924987197173,159.58924987197173,15.133215297275544,5,4.423111477399758,Moto,Stormy,Medium,Metropolitian,True,0,0,0,6182.160560154887,6346.7498100268585,Rota_Reduzida,0
pedido_6251.038759638473_325,98.386480995371,81.45357063539173,81.45357063539173,1.6269715954004123,15,4.881751179576421,Moto,Foggy,Low,Metropolitian,False,0,0,0,6251.038759638473,6347.492330273864,Nenhuma,1
pedido_6224.800392710434_312,132.4947702101738,131.15922782431025,116.15922782431025,4.902366216063364,10,4.805464967571285,Moto,Foggy,High,Metropolitian,True,0,1,0,6224.800392710434,6350.959620534744,Aumento_Velocidade,1
pedido_6224.45308111325_311,135.97393526987258,135.06816232577398,120.06816232577398,7.793528081329603,10,5.0,Moto,Foggy,High,Metropolitian,False,0,1,0,6224.45308111325,6354.521243439024,Aumento_Velocidade,0
pedido_6263.324934332956_334,110.54594989600037,96.85975950321657,81.85975950321657,21.088107299179917,10,4.83995270981989,Moto,Sunny,Jam,Metropolitian,False,0,1,1,6263.324934332956,6355.184693836173,Aumento_Velocidade,1
pedido_6236.903000853107_318,134.06516771287323,128.2972306640552,113.2972306640552,4.121677331482613,5,4.68113895924445,Moto,Windy,Medium,Urban,False,0,0,0,6236.903000853107,6355.200231517162,Rota_Reduzida,1
pedido_6230.876974722928_315,137.5357417999982,130.9732188855241,115.97321888552409,0.0,10,4.968001650086851,Moto,Foggy,High,Metropolitian,False,0,1,0,6230.876974722928,6356.850193608452,Aumento_Velocidade,1
pedido_6332.18446659037_385,35.498167526820815,12.493340810074159,12.493340810074159,5.24585934977866,15,4.63215914764126,Scooter,Sunny,Medium,Metropolitian,False,1,0,1,6332.18446659037,6359.677807400444,Nenhuma,1
pedido_6268.517239111234_335,102.08554611211174,81.20520812269596,81.20520812269596,12.576561820101482,10,4.816387864197672,Scooter,Stormy,Low,Metropolitian,False,0,0,0,6268.517239111234,6359.722447233929,Nenhuma,1
pedido_6219.176625917425_306,127.39112761191271,140.0617816132621,140.0617816132621,4.950196516513922,5,4.565855392814845,Van,Stormy,Jam,Semi-Urban,False,0,1,0,6219.176625917425,6364.238407530686,Nenhuma,0
pedido_6243.156487426407_320,133.34913206797495,131.2487271546073,116.24872715460731,14.50515642186597,5,4.7974697822330254,Moto,Windy,High,Urban,False,0,1,0,6243.156487426407,6364.405214581014,Aumento_Velocidade,1
pedido_6248.417030310502_324,132.9127868924336,126.02709272695216,111.02709272695216,10.892600891815693,5,4.649961945682647,Scooter,Windy,High,Metropolitian,False,0,1,0,6248.417030310502,6364.444123037454,Aumento_Velocidade,1
pedido_6274.302272845311_338,99.83003715228719,101.08648529715988,86.08648529715988,5.973824538681749,5,4.832350262662951,Scooter,Sunny,Jam,Urban,True,0,1,1,6274.302272845311,6365.388758142471,Aumento_Velocidade,1
pedido_6270.290381264077_336,112.36431529147616,104.4257425621991,89.4257425621991,14.58785487309269,10,4.48527608808671,Scooter,Sunny,Jam,Metropolitian,False,0,1,1,6270.290381264077,6369.716123826276,Aumento_Velocidade,1
pedido_6274.72582121479_340,95.43598931159036,80.5116955164745,80.5116955164745,3.778592552490124,15,4.796316732182671,Scooter,Sunny,Low,Metropolitian,True,0,0,1,6274.72582121479,6370.237516731265,Nenhuma,1
pedido_6285.36186170706_350,99.5787048972448,95.32273209183651,80.32273209183651,5.676416828455297,5,4.478930306503318,Moto,Sunny,Medium,Urban,True,0,0,1,6285.36186170706,6370.6845937988965,Rota_Reduzida,1
pedido_6313.130961732373_367,63.54600828741316,68.58468833099985,53.58468833099985,15.098358477978614,5,4.383295975042513,Scooter,Sunny,Medium,Urban,True,1,0,1,6313.130961732373,6371.715650063373,Rota_Reduzida,1
pedido_6270.429817987183_337,125.81947501682106,112.16691718363131,97.16691718363131,9.270445610990125,5,4.771395259932046,Moto,Stormy,Jam,Urban,False,0,1,0,6270.429817987183,6372.596735170814,Aumento_Velocidade,1
pedido_6246.135452680422_323,135.2559672216462,126.97696810449733,111.97696810449733,11.696002854666874,15,4.466398667731531,Moto,Stormy,Medium,Metropolitian,False,0,0,0,6246.135452680422,6373.112420784919,Rota_Reduzida,1
pedido_6243.239218283435_321,136.340453812225,141.43289314296862,126.43289314296862,12.577720147827726,5,4.515511597590478,Scooter,Sandstorms,High,Metropolitian,False,0,1,0,6243.239218283435,6374.672111426404,Aumento_Velocidade,0
pedido_6338.811236457919_389,44.907465915163776,26.02354204440168,26.02354204440168,4.903086689128205,10,4.660197046479485,Scooter,Windy,Jam,Urban,False,1,1,0,6338.811236457919,6374.834778502321,Nenhuma,1
pedido_6245.370024769586_322,136.35002072977164,126.12390540694594,126.12390540694594,19.02040479526776,5,4.623282092573766,Van,Windy,Jam,Metropolitian,False,0,1,0,6245.370024769586,6376.493930176532,Nenhuma,0
pedido_6329.915329635282_381,45.57354108922321,42.27502872678049,42.27502872678049,14.86243159913435,5,4.693154083439128,Scooter,Stormy,High,Metropolitian,True,1,1,0,6329.915329635282,6377.190358362063,Nenhuma,1
pedido_6316.0093659496_369,41.99891928554121,46.27395964690625,46.27395964690625,4.8064133547984405,15,4.881128296327504,Van,Foggy,Medium,Metropolitian,True,1,0,0,6316.0093659496,6377.283325596506,Nenhuma,1
pedido_6280.366435436753_344,132.5995064518903,98.27085470673538,83.27085470673538,15.458390269960748,15,5.0,Moto,Stormy,High,Metropolitian,False,0,1,0,6280.366435436753,6378.637290143488,Aumento_Velocidade,1
pedido_6281.6956396366095_347,129.20183095500593,102.10122784508346,87.10122784508346,5.51583522002389,10,4.854834621259961,Scooter,Windy,High,Metropolitian,False,0,1,0,6281.6956396366095,6378.796867481693,Aumento_Velocidade,1
pedido_6329.3188313710125_379,44.72479579197495,34.81306113258721,34.81306113258721,10.83214853625429,15,4.960678267320681,Scooter,Foggy,High,Metropolitian,False,1,1,0,6329.3188313710125,6379.131892503599,Nenhuma,1
pedido_6255.392646944092_327,133.2366472173958,134.3565809367366,119.3565809367366,0.13660907486039875,5,4.458412643368438,Moto,Foggy,High,Metropolitian,False,0,1,0,6255.392646944092,6379.749227880829,Aumento_Velocidade,1
pedido_6296.729154540839_356,96.64106261484396,69.65521900133095,69.65521900133095,4.960400544164061,15,4.68717089117588,Moto,Sunny,Low,Urban,False,0,0,1,6296.729154540839,6381.38437354217,Nenhuma,1
pedido_6263.089627109659_333,134.50244739035443,129.80514317644653,114.80514317644653,13.686755392263333,5,4.538355553594816,Scooter,Windy,High,Metropolitian,True,0,1,0,6263.089627109659,6382.894770286105,Aumento_Velocidade,1
pedido_6335.502137130913_387,50.947778198532866,33.22638172174652,33.22638172174652,17.491098120089582,15,4.780255277613388,Scooter,Sandstorms,Medium,Metropolitian,False,1,0,0,6335.502137130913,6383.728518852659,Nenhuma,1
pedido_6302.856047433874_363,97.86460107041489,81.4241567801004,66.4241567801004,6.702527539047098,15,4.802996211290363,Moto,Sunny,High,Metropolitian,True,0,1,1,6302.856047433874,6384.280204213974,Aumento_Velocidade,1
pedido_6279.741788476399_343,132.5995064518903,105.8724614520485,90.8724614520485,15.193998328954509,15,5.0,Scooter,Stormy,High,Metropolitian,False,0,1,0,6279.741788476399,6385.614249928448,Aumento_Velocidade,1
pedido_6316.320730194347_370,101.82443410516946,82.8290068369407,67.8290068369407,13.018965746871629,5,4.625133558006732,Scooter,Sunny,High,Metropolitian,False,0,1,1,6316.320730194347,6389.149737031287,Aumento_Velocidade,1
pedido_6303.6477747723575_364,101.03696453025391,81.82242176910506,81.82242176910506,4.510168388544406,10,4.6145759145295555,Van,Sandstorms,Low,Metropolitian,False,0,0,0,6303.6477747723575,6395.470196541462,Nenhuma,1
pedido_6296.2623237427215_355,102.48765194097236,85.03372395432913,85.03372395432913,14.513427376789508,15,5.0,Moto,Stormy,Low,Metropolitian,False,0,0,0,6296.2623237427215,6396.29604769705,Nenhuma,1
pedido_6295.661085518277_354,124.81777509513779,112.07824992805301,97.07824992805301,3.4709845370128374,5,4.710958823901912,Moto,Stormy,Jam,Metropolitian,True,0,1,0,6295.661085518277,6397.73933544633,Aumento_Velocidade,1
pedido_6235.061226591657_316,162.848974135116,158.11134727562083,158.11134727562083,19.18554304205372,5,4.173706101964209,Moto,Stormy,Low,Metropolitian,False,0,0,0,6235.061226591657,6398.172573867278,Nenhuma,0
pedido_6276.699720835907_342,144.99337744883758,132.9953899393863,117.99538993938631,15.080723621631446,5,4.535096349874807,Moto,Sandstorms,Jam,Metropolitian,True,0,1,0,6276.699720835907,6399.695110775294,Aumento_Velocidade,1
pedido_6281.386920225151_345,133.60637322109795,128.41419431413675,113.41419431413675,3.6093570275419364,5,4.8546898650119745,Moto,Windy,Medium,Metropolitian,False,0,0,0,6281.386920225151,6399.8011145392875,Rota_Reduzida,1
pedido_6283.766603656708_349,132.17568033141762,116.7284775093519,101.7284775093519,4.134470228202709,15,4.89173462498406,Moto,Foggy,High,Metropolitian,True,0,1,0,6283.766603656708,6400.49508116606,Aumento_Velocidade,1
pedido_6304.82797548206_365,97.56338706682484,107.00945601203058,92.00945601203058,0.2777684587709386,5,4.712548171649843,Scooter,Sunny,Medium,Metropolitian,True,0,0,1,6304.82797548206,6401.83743149409,Rota_Reduzida,1
pedido_6274.64581948972_339,134.7971466556775,137.57685332542678,122.57685332542678,5.3340181974274055,5,4.973530430855582,Moto,Foggy,High,Metropolitian,True,0,1,0,6274.64581948972,6402.222672815147,Aumento_Velocidade,0
pedido_6301.864848582527_361,129.6443481526852,112.23331151450863,97.23331151450863,6.149317594924204,5,4.555172009847646,Moto,Foggy,Jam,Metropolitian,False,0,1,0,6301.864848582527,6404.098160097035,Aumento_Velocidade,1
pedido_6295.5461263567295_353,136.52548945893642,110.9324130321578,95.9324130321578,19.427083392896296,15,4.803262053469683,Moto,Windy,Jam,Urban,False,0,1,0,6295.5461263567295,6406.478539388887,Aumento_Velocidade,1
pedido_6313.914644715589_368,110.17845419907493,93.26815653183093,78.26815653183093,10.976737663525544,15,4.860088914808747,Moto,Sunny,Jam,Urban,False,0,1,1,6313.914644715589,6407.18280124742,Aumento_Velocidade,1
pedido_6275.953877798947_341,153.87562508115536,141.89290613474466,126.89290613474466,13.200961471403032,5,4.45946014297804,Moto,Foggy,Jam,Metropolitian,False,0,1,0,6275.953877798947,6407.846783933692,Aumento_Velocidade,0
pedido_6281.694576818468_346,142.0479982145232,135.33497305279226,120.33497305279226,11.662810513149214,10,4.8289415863888,Scooter,Foggy,Medium,Metropolitian,False,0,0,0,6281.694576818468,6412.02954987126,Rota_Reduzida,0
pedido_6301.014867855178_360,132.58390477178204,118.44390000411866,103.44390000411866,6.128383764473465,10,4.780998478097206,Moto,Sandstorms,High,Metropolitian,False,0,1,0,6301.014867855178,6414.458767859296,Aumento_Velocidade,1
pedido_6293.721601843422_352,132.5897805730476,124.02584804947062,109.02584804947062,0.8861153285666106,15,4.831354073627667,Moto,Foggy,High,Metropolitian,True,0,1,0,6293.721601843422,6417.747449892892,Aumento_Velocidade,1
pedido_6286.13919165638_351,135.1294827604359,142.33617148905304,127.33617148905304,3.5220685080287275,5,4.989852378404854,Scooter,Windy,Medium,Metropolitian,True,0,0,0,6286.13919165638,6418.475363145433,Rota_Reduzida,0
pedido_6299.8110863990005_358,130.5840820227643,123.82431248653916,108.82431248653916,3.711448003531193,10,4.8783668503654924,Moto,Windy,High,Metropolitian,False,0,1,0,6299.8110863990005,6418.63539888554,Aumento_Velocidade,1
pedido_6341.065624379312_391,95.68708915795645,71.38364804921981,71.38364804921981,9.261095793768995,10,5.0,Moto,Sunny,Low,Urban,False,0,0,1,6341.065624379312,6422.449272428532,Nenhuma,1
pedido_6297.243885783425_357,133.02011079179732,135.5924054802207,120.59240548022069,16.880693013156353,5,4.547972891700602,Moto,Windy,High,Metropolitian,False,0,1,0,6297.243885783425,6422.836291263646,Aumento_Velocidade,0
pedido_6300.772971458602_359,141.69596539379722,135.51643587503585,120.51643587503585,10.954318303967503,5,4.865276660173593,Scooter,Foggy,Medium,Urban,False,0,0,0,6300.772971458602,6426.289407333638,Rota_Reduzida,0
pedido_6341.426711974628_392,105.78521049076606,90.070155672715,75.070155672715,13.769382994778747,10,4.496370427997174,Moto,Sunny,High,Metropolitian,False,0,1,1,6341.426711974628,6426.496867647344,Aumento_Velocidade,1
pedido_6256.782385833129_328,191.42429502326058,175.33001607516405,160.33001607516405,8.603194700798873,10,4.302167338471863,Moto,Sunny,Jam,Metropolitian,False,0,1,1,6256.782385833129,6427.112401908294,Aumento_Velocidade,0
pedido_6326.868108513962_378,134.41578154217095,110.48807605621585,95.48807605621585,0.0,10,4.604264595586461,Moto,Foggy,High,Metropolitian,False,0,1,0,6326.868108513962,6432.356184570178,Aumento_Velocidade,1
pedido_6262.584306987489_332,177.27996778518326,175.71811999050573,160.71811999050573,6.8623636379662045,10,4.307685676900807,Scooter,Stormy,Jam,Urban,False,0,1,0,6262.584306987489,6433.302426977994,Aumento_Velocidade,0
pedido_6319.183544017462_372,102.81779305243614,99.87144910809313,99.87144910809313,4.101538175087471,15,4.676043264778647,Moto,Sandstorms,Low,Metropolitian,False,0,0,0,6319.183544017462,6434.054993125555,Nenhuma,1
pedido_6331.10175112714_383,130.0282511523349,114.8358279488877,99.8358279488877,9.931719509856638,5,4.634022202433998,Scooter,Stormy,Jam,Metropolitian,False,0,1,0,6331.10175112714,6435.937579076028,Aumento_Velocidade,1
pedido_6330.220073625988_382,131.87656790918197,115.88399822491013,100.88399822491013,7.6637714521474045,5,4.865111962019724,Scooter,Foggy,High,Metropolitian,False,0,1,0,6330.220073625988,6436.104071850898,Aumento_Velocidade,1
pedido_6332.027651344469_384,127.9754943419807,114.58620018317055,99.58620018317055,4.835068964384285,5,4.774759836201359,Moto,Windy,Jam,Metropolitian,False,0,1,0,6332.027651344469,6436.613851527639,Aumento_Velocidade,1
pedido_6329.478809996532_380,130.59036274985155,107.95938167907497,92.95938167907497,9.198154515953085,15,4.68996012847953,Moto,Sandstorms,Jam,Metropolitian,True,0,1,0,6329.478809996532,6437.4381916756065,Aumento_Velocidade,1
pedido_6308.342030229665_366,135.97393526987258,130.95502212485925,115.95502212485925,8.79254030128492,15,5.0,Moto,Foggy,High,Metropolitian,False,0,1,0,6308.342030229665,6439.297052354525,Aumento_Velocidade,1
pedido_6322.694941420396_376,140.58333922900198,121.65069979024261,106.65069979024261,14.679855649160091,10,4.5320624128153915,Moto,Foggy,High,Metropolitian,False,0,1,0,6322.694941420396,6439.345641210639,Aumento_Velocidade,1
pedido_6357.390094040359_403,104.84205531694067,93.75350690505863,78.75350690505863,12.001197725517295,5,4.771666336846633,Moto,Sunny,High,Metropolitian,True,0,1,1,6357.390094040359,6441.143600945417,Aumento_Velocidade,1
pedido_6393.5532265081665_429,46.36111216468309,38.107565573799974,38.107565573799974,16.530631114029195,10,4.8301335973969675,Moto,Foggy,High,Urban,True,1,1,0,6393.5532265081665,6441.660792081966,Nenhuma,1
pedido_6281.7978819398595_348,177.83863172580885,170.31357278293822,155.31357278293822,2.9824482175774447,5,4.377565254877673,Moto,Foggy,High,Metropolitian,False,0,1,0,6281.7978819398595,6442.111454722798,Aumento_Velocidade,0
pedido_6323.942643895792_377,130.73730443346525,128.76149478108258,113.76149478108258,6.0166446024112865,5,4.467898041256773,Moto,Sandstorms,High,Urban,True,0,1,0,6323.942643895792,6442.704138676874,Aumento_Velocidade,1
pedido_6338.107677945109_388,134.3358117266333,114.54239808306507,99.54239808306507,13.856141489669154,10,4.647598505077576,Moto,Windy,Medium,Metropolitian,False,0,0,0,6338.107677945109,6447.650076028173,Rota_Reduzida,1
pedido_6355.115403876298_401,111.15740505818638,95.37993593845087,80.37993593845087,10.625676277660581,15,4.4914811915032695,Moto,Sunny,Jam,Metropolitian,False,0,1,1,6355.115403876298,6450.495339814749,Aumento_Velocidade,1
pedido_6350.801285965636_398,131.6637135195981,105.07770907475283,90.07770907475283,2.990792879394276,10,5.0,Moto,Stormy,High,Metropolitian,False,0,1,0,6350.801285965636,6450.878995040389,Aumento_Velocidade,1
pedido_6322.131613418169_375,128.59935962723026,114.38884970097371,114.38884970097371,2.766342869953195,15,4.522938864014626,Van,Windy,Jam,Urban,True,0,1,0,6322.131613418169,6451.520463119143,Nenhuma,1
pedido_6357.608761250956_404,100.52551238629248,99.71263557747002,84.71263557747002,3.265809468232676,10,4.606229745613648,Moto,Sunny,High,Metropolitian,True,0,1,1,6357.608761250956,6452.321396828426,Aumento_Velocidade,1
pedido_6321.35012102936_373,136.76892806031907,138.49428857142067,123.49428857142067,11.874061337806754,10,4.776137819245128,Scooter,Sandstorms,Medium,Metropolitian,False,0,0,0,6321.35012102936,6454.844409600781,Rota_Reduzida,0
pedido_6346.583168122951_395,130.40086551309466,109.37200265540864,94.37200265540864,2.6038206459266706,15,4.893971196277041,Moto,Windy,High,Metropolitian,False,0,1,0,6346.583168122951,6455.955170778359,Aumento_Velocidade,1
pedido_6367.414485212125_411,104.54498882753472,89.72194403505144,74.72194403505144,17.69359836266204,15,4.709390180556985,Moto,Sunny,Medium,Metropolitian,False,0,0,1,6367.414485212125,6457.136429247177,Rota_Reduzida,1
pedido_6352.358697368578_399,131.99848680634327,108.09131840433895,93.09131840433895,9.613422162970576,15,4.859606089938548,Scooter,Sandstorms,High,Metropolitian,False,0,1,0,6352.358697368578,6460.450015772917,Aumento_Velocidade,1
pedido_6368.767841293098_412,97.99296049898541,82.49401744696681,82.49401744696681,6.875301545673005,10,4.70884601282905,Moto,Stormy,Low,Other,False,0,0,0,6368.767841293098,6461.261858740065,Nenhuma,1
pedido_6349.191192938504_397,127.51521568831849,112.98956801506928,97.98956801506928,8.092820659796821,15,4.842900735119325,Moto,Stormy,Medium,Other,True,0,0,0,6349.191192938504,6462.180760953574,Rota_Reduzida,1
pedido_6381.502199128751_423,96.35410999580701,82.65803391618597,67.65803391618597,6.029714626519067,15,4.669772676773287,Scooter,Sunny,Medium,Metropolitian,False,0,0,1,6381.502199128751,6464.160233044937,Rota_Reduzida,1
pedido_6345.9413715481105_394,132.4946085953814,118.55703159876413,103.55703159876413,6.536696638715626,15,4.843327973070543,Scooter,Foggy,High,Metropolitian,True,0,1,0,6345.9413715481105,6464.498403146875,Aumento_Velocidade,1
pedido_6347.588752231046_396,127.85954427406263,122.24543880023268,107.24543880023268,4.459734965721443,10,4.657961367826953,Moto,Windy,Jam,Urban,False,0,1,0,6347.588752231046,6464.834191031278,Aumento_Velocidade,1
pedido_6354.666191734305_400,132.4207488357601,117.40340174233478,102.40340174233478,2.8169720939006413,10,4.865504080566445,Scooter,Sandstorms,High,Urban,False,0,1,0,6354.666191734305,6467.06959347664,Aumento_Velocidade,1
pedido_6344.8170076740835_393,136.11804812989126,132.5300656295181,117.5300656295181,7.206905887395383,5,4.998039452043561,Moto,Foggy,High,Metropolitian,False,0,1,0,6344.8170076740835,6467.347073303602,Aumento_Velocidade,1
pedido_6371.083075950384_414,104.65665784071405,111.68972634494125,96.68972634494125,10.705706756757115,5,5.0,Scooter,Sunny,High,Urban,True,0,1,1,6371.083075950384,6472.772802295325,Aumento_Velocidade,1
pedido_6302.772224047078_362,187.48464687410458,160.00393552277978,160.00393552277978,8.513921460438606,10,4.421418196650092,Van,Sunny,High,Metropolitian,True,0,1,1,6302.772224047078,6472.7761595698585,Nenhuma,0
pedido_6376.402156289357_418,102.51867825344816,82.35055315197843,82.35055315197843,12.612038553540865,15,4.634406312979025,Moto,Sandstorms,Low,Metropolitian,False,0,0,0,6376.402156289357,6473.752709441335,Nenhuma,1
pedido_6379.1017847948515_422,97.2470261468296,80.51945703417329,80.51945703417329,9.217388185239976,15,4.582811935476028,Moto,Windy,Low,Metropolitian,False,0,0,0,6379.1017847948515,6474.621241829025,Nenhuma,1
pedido_6321.841064028417_374,176.79186238166716,153.95311168290297,138.95311168290297,4.765565138203577,15,4.362099251007097,Scooter,Sandstorms,High,Metropolitian,False,0,1,0,6321.841064028417,6475.79417571132,Aumento_Velocidade,0
pedido_6413.550508175318_443,67.9582647102458,57.86602502421835,57.86602502421835,12.966818356406728,5,4.115028805158831,Scooter,Sunny,Low,Metropolitian,True,1,0,1,6413.550508175318,6476.416533199536,Nenhuma,1
pedido_6360.702094194647_406,143.99250543514614,123.9231176228318,108.9231176228318,16.686636930771048,10,4.565675692926462,Moto,Foggy,High,Metropolitian,True,0,1,0,6360.702094194647,6479.625211817478,Aumento_Velocidade,1
pedido_6339.423542906039_390,175.67098034961043,147.94772349102664,132.94772349102664,2.508371937445042,10,4.211155762789156,Scooter,Foggy,Jam,Urban,False,0,1,0,6339.423542906039,6482.3712663970655,Aumento_Velocidade,0
pedido_6363.966347497118_410,128.48238401496502,114.57685091231284,114.57685091231284,2.383276065906005,5,4.772315628329701,Van,Stormy,High,Metropolitian,False,0,1,0,6363.966347497118,6483.54319840943,Nenhuma,1
pedido_6362.282054077028_407,134.12547944357516,127.68658312813591,112.68658312813591,5.092912126302992,10,4.741348646442367,Moto,Foggy,High,Urban,False,0,1,0,6362.282054077028,6484.968637205164,Aumento_Velocidade,1
pedido_6363.281338980008_409,133.31368724607952,128.4731571498995,113.47315714989949,10.927666831485174,10,4.714063292860491,Scooter,Sandstorms,High,Urban,False,0,1,0,6363.281338980008,6486.754496129907,Aumento_Velocidade,1
pedido_6318.212616293566_371,174.17173182809626,168.9326569683037,153.9326569683037,3.632052354926307,15,4.440584829424776,Moto,Windy,High,Urban,False,0,1,0,6318.212616293566,6487.145273261869,Aumento_Velocidade,0
pedido_6390.1621393394125_425,104.11403958715516,93.33895073810302,93.33895073810302,19.49168617702747,5,4.899448888620324,Moto,Windy,Low,Metropolitian,False,0,0,0,6390.1621393394125,6488.501090077516,Nenhuma,1
pedido_6370.122843395239_413,107.40411121654788,106.84148077349667,106.84148077349667,11.448071554837888,15,4.5298257288198,Moto,Windy,Low,Metropolitian,True,0,0,0,6370.122843395239,6491.964324168736,Nenhuma,1
pedido_6363.174329065796_408,119.95585448437976,124.79731297553619,124.79731297553619,13.839076710306156,5,4.915233596121503,Van,Sunny,Low,Metropolitian,False,0,0,1,6363.174329065796,6492.971642041332,Nenhuma,0
pedido_6393.658604889213_431,106.65221548234197,105.46725946519749,90.46725946519749,14.358074469458149,10,4.4887651021666795,Scooter,Sunny,High,Metropolitian,False,0,1,1,6393.658604889213,6494.125864354411,Aumento_Velocidade,1
pedido_6376.920681001865_419,136.21039020730726,133.8080325041195,118.8080325041195,0.0,5,4.9721042769779205,Scooter,Sandstorms,High,Metropolitian,False,0,1,0,6376.920681001865,6500.728713505984,Aumento_Velocidade,1
pedido_6360.297333662375_405,137.10448633692113,150.52469363382025,135.52469363382025,3.147367841724314,5,5.0,Moto,Foggy,High,Metropolitian,False,0,1,0,6360.297333662375,6500.822027296195,Aumento_Velocidade,0
pedido_6332.502126371833_386,177.3348796001659,178.60609598842018,163.60609598842018,9.574660282153207,5,4.331758034994118,Moto,Sandstorms,High,Metropolitian,False,0,1,0,6332.502126371833,6501.1082223602525,Aumento_Velocidade,0
pedido_6375.544654687257_417,136.9020501593212,135.5902776036692,120.5902776036692,18.261025526945886,5,4.585977503797395,Moto,Stormy,Jam,Urban,True,0,1,0,6375.544654687257,6501.134932290926,Aumento_Velocidade,0
pedido_6398.017415389886_432,134.96396849883743,113.62548332579289,98.62548332579289,0.7110479210487037,5,4.579894984275281,Scooter,Windy,Medium,Metropolitian,True,0,0,0,6398.017415389886,6501.642898715679,Rota_Reduzida,1
pedido_6377.411104024094_420,134.82985775917936,134.67746345082713,119.67746345082713,4.4131164198975155,5,4.641618394651377,Scooter,Foggy,High,Urban,False,0,1,0,6377.411104024094,6502.088567474922,Aumento_Velocidade,1
pedido_6357.259210517402_402,140.33950404704848,133.90256405230446,133.90256405230446,11.831455753267104,15,4.773641274659856,Van,Foggy,High,Metropolitian,False,0,1,0,6357.259210517402,6506.161774569706,Nenhuma,0
pedido_6374.263375018156_415,131.2614396927907,132.68389198234766,117.68389198234766,13.93832032639309,15,4.869709109163799,Moto,Stormy,High,Metropolitian,True,0,1,0,6374.263375018156,6506.947267000503,Aumento_Velocidade,1
pedido_6403.187459250567_435,110.46057368312192,102.0558988079201,102.0558988079201,12.281519030556392,5,4.575672541069192,Moto,Foggy,Low,Metropolitian,False,0,0,0,6403.187459250567,6510.2433580584875,Nenhuma,1
pedido_6378.622627713997_421,131.03099998171254,132.87827927662576,117.87827927662576,12.12663784866277,15,4.93726486922908,Moto,Stormy,High,Metropolitian,True,0,1,0,6378.622627713997,6511.500906990623,Aumento_Velocidade,1
pedido_6392.681062362886_428,132.2178098645944,120.96910197786127,105.96910197786127,8.957913625017156,15,4.625973507655261,Moto,Sandstorms,High,Metropolitian,False,0,1,0,6392.681062362886,6513.650164340747,Aumento_Velocidade,1
pedido_6391.286297632365_426,134.64698554925323,122.95427977502902,107.95427977502902,12.447038765973398,15,4.566972666546828,Moto,Stormy,Jam,Metropolitian,False,0,1,0,6391.286297632365,6514.240577407394,Aumento_Velocidade,1
pedido_6393.654362450842_430,139.74503677141473,130.68563458299218,115.68563458299218,15.684121274675919,5,4.6500677002145405,Scooter,Windy,Jam,Metropolitian,True,0,1,0,6393.654362450842,6514.339997033834,Aumento_Velocidade,1
pedido_6392.674472195363_427,137.35616469801903,132.446553965913,117.44655396591301,5.65012246576274,5,4.961347914341774,Moto,Windy,Medium,Metropolitian,False,0,0,0,6392.674472195363,6515.121026161276,Rota_Reduzida,1
pedido_6428.611170276451_451,100.09609487480594,90.20960811937404,75.20960811937404,6.209976977367301,15,4.920429870211,Moto,Sunny,Jam,Metropolitian,True,0,1,1,6428.611170276451,6518.820778395825,Aumento_Velocidade,1
pedido_6403.142919179093_434,140.7428599896515,128.8931108399259,113.8931108399259,16.46009868680954,5,4.619170257111509,Moto,Sandstorms,Jam,Metropolitian,False,0,1,0,6403.142919179093,6522.036030019019,Aumento_Velocidade,1
pedido_6405.395464578602_437,134.60592367128,123.1721657600844,108.1721657600844,18.228684664357747,10,4.740757111706731,Moto,Sandstorms,High,Metropolitian,False,0,1,0,6405.395464578602,6523.567630338686,Aumento_Velocidade,1
pedido_6448.018577549479_470,94.53185952224753,82.00365423777205,67.00365423777205,4.455526905893196,10,4.8217494028474315,Scooter,Sunny,Medium,Metropolitian,False,0,0,1,6448.018577549479,6525.022231787251,Rota_Reduzida,1
pedido_6470.186226792844_482,95.7534846130962,60.15718947738779,45.15718947738779,7.77240816070746,10,4.962891049847695,Scooter,Sunny,High,Metropolitian,False,0,1,1,6470.186226792844,6525.3434162702315,Aumento_Velocidade,1
pedido_6375.421225701216_416,149.2246576811014,150.6708192079826,135.6708192079826,15.276526684357398,15,4.771682197373749,Scooter,Foggy,Jam,Metropolitian,False,0,1,0,6375.421225701216,6526.092044909198,Aumento_Velocidade,0
pedido_6417.994587824515_446,136.5440156334271,113.21008255374258,98.21008255374258,13.15523534013574,10,4.7523695093383935,Moto,Windy,Jam,Urban,False,0,1,0,6417.994587824515,6526.204670378258,Aumento_Velocidade,1
pedido_6442.8905618649715_466,101.83865903440335,93.444514394491,78.444514394491,12.519779522345058,5,4.850253907879853,Moto,Sunny,High,Metropolitian,False,0,1,1,6442.8905618649715,6526.335076259463,Aumento_Velocidade,1
pedido_6428.9766889814655_452,98.2731363697754,107.41842796054283,92.41842796054283,9.559988767334275,5,4.800347588021233,Scooter,Sunny,High,Metropolitian,True,0,1,1,6428.9766889814655,6526.395116942008,Aumento_Velocidade,1
pedido_6401.7152310270285_433,135.1627189393874,129.69212051298092,114.69212051298092,10.250281114686995,10,4.644910796007467,Moto,Windy,Medium,Metropolitian,False,0,0,0,6401.7152310270285,6526.40735154001,Rota_Reduzida,1
pedido_6424.745618997412_447,128.89838338866633,101.68614305925153,86.68614305925153,8.148999788285533,15,4.855098306639423,Scooter,Windy,Jam,Metropolitian,False,0,1,0,6424.745618997412,6526.4317620566635,Aumento_Velocidade,1
pedido_6427.083521613979_448,127.8981149497808,105.13476847459845,90.13476847459845,0.0,10,4.713519515562532,Moto,Stormy,High,Metropolitian,False,0,1,0,6427.083521613979,6527.218290088578,Aumento_Velocidade,1
pedido_6412.690147909985_442,125.79028943853449,124.60189734691454,109.60189734691454,7.049648455354713,5,4.6491770683114595,Scooter,Foggy,Medium,Metropolitian,False,0,0,0,6412.690147909985,6527.2920452569,Rota_Reduzida,1
pedido_6412.08943647575_441,132.26490666012583,121.55609770368969,106.55609770368969,9.390835807335005,10,4.73742572584192,Scooter,Sandstorms,High,Urban,False,0,1,0,6412.08943647575,6528.645534179439,Aumento_Velocidade,1
pedido_6438.469941286719_459,125.2237384054852,107.94757934666025,87.94757934666025,9.906998446611379,5,4.522516050842232,Scooter,Stormy,High,Other,False,0,1,0,6438.469941286719,6531.417520633379,Rota_Reduzida,1
pedido_6470.7799802732825_483,101.61481017132195,66.76684830709317,51.76684830709317,15.625406748825046,10,4.706039475652017,Moto,Sunny,High,Metropolitian,False,0,1,1,6470.7799802732825,6532.546828580375,Aumento_Velocidade,1
pedido_6417.053254242225_445,130.78116501634756,120.67303068777974,105.67303068777974,4.813755657584827,10,4.475938831375412,Moto,Sandstorms,High,Metropolitian,False,0,1,0,6417.053254242225,6532.726284930005,Aumento_Velocidade,1
pedido_6416.4017797072465_444,132.54464392905672,122.70322402255312,107.70322402255312,6.638765667804541,10,4.653198475103275,Moto,Windy,High,Metropolitian,False,0,1,0,6416.4017797072465,6534.1050037298,Aumento_Velocidade,1
pedido_6407.2384854531365_438,133.79506586975825,127.10041995630053,112.10041995630053,12.729218797313685,15,4.728538148444674,Scooter,Stormy,Medium,Metropolitian,False,0,0,0,6407.2384854531365,6534.338905409437,Rota_Reduzida,1
pedido_6389.192091910591_424,171.55058419461213,151.27203907068085,136.27203907068085,6.108040737684686,15,4.418387906092011,Moto,Sandstorms,Medium,Urban,False,0,0,0,6389.192091910591,6540.464130981272,Rota_Reduzida,0
pedido_6428.462007477236_450,128.32066645780043,121.21051257408965,106.21051257408965,4.1201128042784685,10,4.802344194397564,Moto,Stormy,High,Urban,True,0,1,0,6428.462007477236,6544.672520051326,Aumento_Velocidade,1
pedido_6465.996322295894_481,112.6288619008951,79.20421305446581,64.20421305446581,10.568139697877093,15,4.617403216311154,Scooter,Sunny,Jam,Metropolitian,False,0,1,1,6465.996322295894,6545.20053535036,Aumento_Velocidade,1
pedido_6435.676138007241_454,117.49145071699911,104.43560211781707,104.43560211781707,14.544511155685973,10,4.971088839889229,Scooter,Sunny,Low,Urban,False,0,0,1,6435.676138007241,6550.1117401250585,Nenhuma,1
pedido_6428.192823442914_449,118.48791106587723,112.87653338827114,112.87653338827114,15.98234609284867,10,4.554358052175331,Moto,Sunny,Low,Urban,True,0,0,1,6428.192823442914,6551.069356831185,Nenhuma,1
pedido_6404.547010242492_436,175.6526224766438,147.9288604939624,132.9288604939624,5.427168915993584,15,4.438654856946784,Scooter,Stormy,High,Urban,False,0,1,0,6404.547010242492,6552.475870736454,Aumento_Velocidade,0
pedido_6436.649232359363_456,132.50430424493803,123.86041646455922,108.86041646455922,9.825752287011827,10,4.730908267717107,Scooter,Sandstorms,High,Metropolitian,False,0,1,0,6436.649232359363,6555.509648823922,Aumento_Velocidade,1
pedido_6445.634591955612_468,131.168745099724,116.1717539536338,101.1717539536338,0.0,10,4.881247163046991,Moto,Windy,High,Metropolitian,True,0,1,0,6445.634591955612,6556.806345909246,Aumento_Velocidade,1
pedido_6436.082495786546_455,132.07162988264426,126.5475915944121,111.5475915944121,9.286093652503784,10,4.707182536824777,Moto,Sandstorms,High,Urban,False,0,1,0,6436.082495786546,6557.630087380958,Aumento_Velocidade,1
pedido_6453.022663445555_473,100.27284635932762,94.91350727667174,94.91350727667174,6.750008555404964,10,4.59290548070598,Moto,Sandstorms,Low,Metropolitian,False,0,0,0,6453.022663445555,6557.936170722227,Nenhuma,1
pedido_6440.307147078905_463,137.50864138031997,124.03787308358426,109.03787308358426,11.606990422774038,10,4.599911683632319,Moto,Sandstorms,Medium,Urban,True,0,0,0,6440.307147078905,6559.345020162489,Rota_Reduzida,1
pedido_6439.091950790337_460,135.62229813034068,122.5137083649785,107.5137083649785,12.74373287584423,15,4.786879121618414,Scooter,Sandstorms,High,Metropolitian,True,0,1,0,6439.091950790337,6561.605659155316,Aumento_Velocidade,1
pedido_6433.862997931183_453,143.5283257557421,134.2857821936645,119.28578219366449,14.765248062849933,10,4.68006777056109,Moto,Foggy,Medium,Metropolitian,True,0,0,0,6433.862997931183,6563.148780124847,Rota_Reduzida,1
pedido_6446.382966033824_469,134.17086296971436,122.93761211528343,107.93761211528343,11.721169981497432,10,5.0,Moto,Stormy,High,Metropolitian,True,0,1,0,6446.382966033824,6564.320578149108,Aumento_Velocidade,1
pedido_6411.723513382718_440,172.9420814952544,164.64986254377615,149.64986254377615,0.0,5,4.2355766287253624,Moto,Foggy,Jam,Urban,False,0,1,0,6411.723513382718,6566.373375926494,Aumento_Velocidade,0
pedido_6448.481173864606_471,133.50960814682583,129.54965095216028,114.54965095216028,12.319357254473044,5,4.917264577317302,Moto,Windy,High,Metropolitian,False,0,1,0,6448.481173864606,6568.030824816766,Aumento_Velocidade,1
pedido_6455.9536523910965_477,119.89881207147734,107.1236947844758,107.1236947844758,14.234808148024056,5,4.537066972466382,Scooter,Sunny,Low,Metropolitian,False,0,0,1,6455.9536523910965,6568.077347175572,Nenhuma,1
pedido_6476.388661723714_487,128.82160162125592,96.42991616879887,81.42991616879887,7.159835326441467,15,4.780064029041137,Moto,Stormy,Jam,Urban,True,0,1,0,6476.388661723714,6572.818577892513,Aumento_Velocidade,1
pedido_6440.217014791924_462,136.15338721638378,128.39797399897014,128.39797399897014,8.369024412700004,5,4.622670482872946,Van,Windy,Medium,Metropolitian,False,0,0,0,6440.217014791924,6573.614988790894,Nenhuma,0
pedido_6461.51820204259_479,136.7489216016646,117.13199925036004,102.13199925036004,15.165427387578296,10,4.574395461775657,Scooter,Sandstorms,Medium,Metropolitian,True,0,0,0,6461.51820204259,6573.65020129295,Rota_Reduzida,1
pedido_6481.142715148789_489,125.24440535307305,104.20254337002277,89.20254337002277,3.019248364520136,5,4.712504410006992,Scooter,Foggy,Medium,Metropolitian,False,0,0,0,6481.142715148789,6575.3452585188115,Rota_Reduzida,1
pedido_6439.678371071343_461,130.4892595588676,120.85617131783047,120.85617131783047,11.034906900039687,15,4.805071836206924,Van,Stormy,High,Metropolitian,False,0,1,0,6439.678371071343,6575.534542389173,Nenhuma,0
pedido_6491.029640162583_492,100.97255411310958,76.06594365844963,76.06594365844963,3.940337027045821,10,4.510367596007112,Scooter,Foggy,Low,Metropolitian,True,0,0,0,6491.029640162583,6577.095583821032,Nenhuma,1
pedido_6502.334348330844_498,97.21798027955808,74.88173814541028,59.88173814541028,4.352840883340849,15,4.76743344187251,Scooter,Sunny,High,Urban,False,0,1,1,6502.334348330844,6577.216086476254,Aumento_Velocidade,1
pedido_6411.691422100357_439,173.5327535855171,172.90732095722245,157.90732095722245,7.5814801152008195,10,4.268943131855526,Scooter,Windy,Medium,Metropolitian,False,0,0,0,6411.691422100357,6579.59874305758,Rota_Reduzida,0
pedido_6459.439154627344_478,134.12547944357516,120.40498067948397,105.40498067948397,4.984463430497347,15,4.670467831605695,Scooter,Foggy,High,Metropolitian,False,0,1,0,6459.439154627344,6579.844135306827,Aumento_Velocidade,1
pedido_6475.331551151311_485,103.58731794160143,104.78974370041229,104.78974370041229,8.085642816340103,5,4.792429263611474,Moto,Stormy,Low,Urban,True,0,0,0,6475.331551151311,6585.121294851723,Nenhuma,1
pedido_6437.718591062156_458,145.6565489009761,145.20911508731606,145.20911508731606,4.659593568371529,5,4.3229883983541715,Scooter,Sunny,Low,Metropolitian,False,0,0,1,6437.718591062156,6587.927706149471,Nenhuma,0
pedido_6475.7021117079175_486,133.83641657073412,114.32104420058425,99.32104420058425,16.438954069238484,15,4.502407159426962,Moto,Windy,High,Urban,True,0,1,0,6475.7021117079175,6590.023155908501,Aumento_Velocidade,1
pedido_6454.3258222049135_474,136.0208149948984,142.9459714865464,127.9459714865464,11.049255727262588,10,4.958902149289282,Moto,Stormy,Medium,Metropolitian,True,0,0,0,6454.3258222049135,6592.27179369146,Rota_Reduzida,0
pedido_6487.887923312314_491,105.33481927995679,115.13504107025268,100.13504107025268,15.882493443405952,5,4.842132870987477,Moto,Sunny,Medium,Urban,True,0,0,1,6487.887923312314,6593.022964382567,Rota_Reduzida,1
pedido_6497.1217333095365_494,108.83638806555282,83.33666359013887,83.33666359013887,16.9902827922605,15,4.574377622941422,Van,Sunny,Medium,Metropolitian,True,0,0,1,6497.1217333095365,6595.458396899676,Nenhuma,1
pedido_6480.236712268114_488,132.51708626687187,107.80368132954575,107.80368132954575,2.739081544080106,10,5.0,Van,Windy,High,Urban,True,0,1,0,6480.236712268114,6598.04039359766,Nenhuma,1
pedido_6462.68865278968_480,154.52809137516624,145.65150025026975,130.65150025026975,17.265610126494465,5,5.0,Scooter,Foggy,Jam,Metropolitian,True,0,1,0,6462.68865278968,6598.340153039951,Aumento_Velocidade,0
pedido_6440.332418317532_464,138.0893802970219,161.73258047325103,146.73258047325103,12.674587124647486,15,4.714782292303498,Scooter,Sandstorms,Medium,Metropolitian,True,0,0,0,6440.332418317532,6602.064998790783,Rota_Reduzida,0
pedido_6521.966387001818_512,94.43803297161948,90.88732197668158,75.88732197668158,0.0,5,4.845005136112468,Scooter,Sunny,Medium,Metropolitian,False,0,0,1,6521.966387001818,6602.8537089784995,Rota_Reduzida,1
pedido_6494.895348763148_493,131.55356453290258,114.35210987059102,99.35210987059102,13.024832613026202,10,4.582869835166051,Moto,Stormy,High,Metropolitian,True,0,1,0,6494.895348763148,6604.247458633739,Aumento_Velocidade,1
pedido_6516.409352637042_504,97.56480591209817,89.70129945764361,74.70129945764361,5.369865518917173,15,4.852060122130377,Scooter,Sunny,High,Urban,False,0,1,1,6516.409352637042,6606.110652094685,Aumento_Velocidade,1
pedido_6569.101983598705_546,44.38119973646766,28.768730295904014,28.768730295904014,7.367100001300221,10,4.882953995480175,Moto,Windy,High,Metropolitian,False,1,1,0,6569.101983598705,6607.870713894609,Nenhuma,1
pedido_6553.988226814023_535,53.95370179528181,44.1630848302887,44.1630848302887,20.427410682486645,10,4.4968803375754645,Scooter,Sandstorms,Medium,Metropolitian,True,1,0,0,6553.988226814023,6608.151311644311,Nenhuma,1
pedido_6473.54447688581_484,136.20554377668626,141.4281083636175,126.4281083636175,15.892831924361248,10,4.6165231602244114,Moto,Sandstorms,Medium,Urban,False,0,0,0,6473.54447688581,6609.9725852494275,Rota_Reduzida,0
pedido_6442.869239612989_465,160.53834485871147,163.4396683057195,163.4396683057195,13.063908252393858,5,4.234753528920193,Moto,Stormy,Low,Metropolitian,True,0,0,0,6442.869239612989,6611.308907918708,Nenhuma,0
pedido_6483.477425173448_490,132.22962665275085,133.7887056686544,118.78870566865439,5.628049646278923,10,4.839863250221794,Moto,Foggy,High,Metropolitian,True,0,1,0,6483.477425173448,6612.266130842102,Aumento_Velocidade,1
pedido_6498.505657521943_495,130.5840820227643,117.28065880257628,102.28065880257628,3.1997551885282802,15,4.868105776932274,Moto,Windy,High,Urban,False,0,1,0,6498.505657521943,6615.786316324519,Aumento_Velocidade,1
pedido_6537.943727383437_525,94.45994330679956,91.01165372576246,76.01165372576246,9.029500323496498,5,4.628774247010564,Scooter,Sunny,Medium,Urban,False,0,0,1,6537.943727383437,6618.9553811092,Rota_Reduzida,1
pedido_6437.468809020761_457,183.6912390605074,192.7926307423845,177.7926307423845,15.689765985991968,5,4.295573922924998,Moto,Stormy,Medium,Metropolitian,True,0,0,0,6437.468809020761,6620.261439763145,Rota_Reduzida,0
pedido_6449.181811650639_472,187.15939209789389,171.498555431783,156.498555431783,11.64997068441801,15,4.059608651587945,Scooter,Stormy,High,Metropolitian,False,0,1,0,6449.181811650639,6620.680367082422,Aumento_Velocidade,0
pedido_6444.885530850936_467,190.91823904069724,176.84400797135945,161.84400797135945,7.54157374412532,15,4.421092718303005,Scooter,Sunny,High,Metropolitian,False,0,1,1,6444.885530850936,6621.729538822296,Aumento_Velocidade,0
pedido_6567.456363902022_543,45.92005305046703,40.50439352710525,40.50439352710525,6.568689432220733,15,4.720195805468114,Scooter,Sandstorms,High,Metropolitian,True,1,1,0,6567.456363902022,6622.960757429127,Nenhuma,1
pedido_6525.922410908422_519,97.53121830032036,88.50931769037669,88.50931769037669,2.643980618870128,10,4.586414546865091,Moto,Foggy,Low,Metropolitian,False,0,0,0,6525.922410908422,6624.431728598798,Nenhuma,1
pedido_6525.256808406093_518,101.90112410285856,94.92074130700979,94.92074130700979,5.163253545906103,5,4.729499226590813,Moto,Windy,Low,Metropolitian,False,0,0,0,6525.256808406093,6625.177549713103,Nenhuma,1
pedido_6514.091190016581_502,128.79591118080657,127.81082606616698,107.81082606616698,14.692630865605754,5,4.751413810914653,Moto,Stormy,High,Semi-Urban,False,0,1,0,6514.091190016581,6626.902016082748,Rota_Reduzida,1
pedido_6522.2733923774795_513,128.5420439003665,104.78053041076205,89.78053041076205,2.333846547025158,15,4.622404641960493,Scooter,Stormy,High,Metropolitian,False,0,1,0,6522.2733923774795,6627.053922788242,Aumento_Velocidade,1
pedido_6454.885586182161_476,185.4729781123386,182.9825223228008,167.9825223228008,12.830352486611272,5,4.428570022905397,Scooter,Windy,High,Urban,True,0,1,0,6454.885586182161,6627.868108504962,Aumento_Velocidade,0
pedido_6533.708100723583_524,96.56559322272146,86.9230342666826,86.9230342666826,5.6919370119889106,10,5.0,Moto,Sunny,Low,Urban,False,0,0,1,6533.708100723583,6630.631134990265,Nenhuma,1
pedido_6511.41849098677_500,128.12434972935893,130.6427253131086,115.6427253131086,7.176914648396709,5,4.7549189026127765,Moto,Windy,Jam,Urban,False,0,1,0,6511.41849098677,6632.061216299879,Aumento_Velocidade,1
pedido_6523.550174699313_516,130.4816563736236,109.13114313286923,94.13114313286923,0.0,15,4.984829957943058,Moto,Stormy,High,Metropolitian,False,0,1,0,6523.550174699313,6632.681317832183,Aumento_Velocidade,1
pedido_6584.615285224543_558,43.08446750845691,39.742207514470394,39.742207514470394,4.811560939423944,10,4.894035943113256,Moto,Stormy,High,Metropolitian,False,1,1,0,6584.615285224543,6634.357492739014,Nenhuma,1
pedido_6516.04263719614_503,106.06717078087904,104.61120735115452,104.61120735115452,16.34288003260264,15,4.481945291843558,Scooter,Stormy,Low,Metropolitian,True,0,0,0,6516.04263719614,6635.653844547295,Nenhuma,1
pedido_6523.544040757623_515,133.8456372164281,117.1120775470392,102.1120775470392,2.7280522870822073,10,4.560488716965271,Scooter,Foggy,High,Metropolitian,False,0,1,0,6523.544040757623,6635.656118304662,Aumento_Velocidade,1
pedido_6517.322539662397_505,137.61784405148364,124.40789252190788,109.40789252190788,19.437555978220427,10,5.0,Moto,Windy,High,Urban,False,0,1,0,6517.322539662397,6636.730432184305,Aumento_Velocidade,1
pedido_6499.928119536107_497,134.32112067416054,143.27216927049793,128.27216927049793,13.18511539433596,10,4.928956055615497,Moto,Windy,High,Metropolitian,False,0,1,0,6499.928119536107,6638.200288806605,Aumento_Velocidade,0
pedido_6527.828226335619_521,136.3369808444471,116.47617794678419,101.47617794678419,16.37300858415315,10,4.528967835290647,Moto,Sandstorms,Medium,Metropolitian,False,0,0,0,6527.828226335619,6639.304404282403,Rota_Reduzida,1
pedido_6454.4443871849235_475,185.83590190739548,187.36399706913403,172.36399706913403,15.478014833183241,15,4.414450163935787,Scooter,Sandstorms,High,Metropolitian,False,0,1,0,6454.4443871849235,6641.808384254057,Aumento_Velocidade,0
pedido_6499.6953197029825_496,163.3338376005251,133.14144692234876,133.14144692234876,17.45743261573676,10,4.39015284123211,Scooter,Windy,Low,Metropolitian,True,0,0,0,6499.6953197029825,6642.836766625332,Nenhuma,0
pedido_6545.341141611791_529,127.57638294732693,102.79506987217813,87.79506987217813,8.281513836862327,10,4.6328296105171365,Scooter,Stormy,Jam,Metropolitian,False,0,1,0,6545.341141611791,6643.1362114839685,Aumento_Velocidade,1
pedido_6521.024524015625_511,134.5142525570483,122.24047876484263,107.24047876484263,3.5932296655034244,15,4.796783042488636,Moto,Foggy,High,Metropolitian,False,0,1,0,6521.024524015625,6643.2650027804675,Aumento_Velocidade,1
pedido_6520.55872918859_509,129.14592996038715,127.5169879881646,112.5169879881646,4.108934343428539,15,4.836295321215987,Moto,Windy,High,Urban,True,0,1,0,6520.55872918859,6648.075717176755,Aumento_Velocidade,1
pedido_6538.812744718573_526,134.8819635623919,114.46870422057994,99.46870422057994,15.581136288404995,10,4.723127886077398,Scooter,Windy,Medium,Metropolitian,False,0,0,0,6538.812744718573,6648.281448939153,Rota_Reduzida,1
pedido_6571.694214132641_550,98.12226307366083,82.42258302664816,67.42258302664816,5.880139113527224,10,4.733544235164774,Moto,Sunny,High,Metropolitian,False,0,1,1,6571.694214132641,6649.116797159289,Aumento_Velocidade,1
pedido_6523.220899217719_514,133.54052809759443,116.57211324609872,116.57211324609872,8.184654734674327,10,4.6999117941895925,Van,Foggy,High,Metropolitian,False,0,1,0,6523.220899217719,6649.793012463818,Nenhuma,1
pedido_6518.261106384416_507,152.70525532524016,137.36311939416618,122.36311939416618,12.798718506047246,10,4.5984600125085775,Scooter,Foggy,Jam,Metropolitian,False,0,1,0,6518.261106384416,6650.6242257785825,Aumento_Velocidade,0
pedido_6528.253790857618_522,132.188384968569,136.31054351009107,121.31054351009107,5.129252685187078,5,4.560530912002143,Moto,Sandstorms,High,Metropolitian,False,0,1,0,6528.253790857618,6654.564334367709,Aumento_Velocidade,0
pedido_6520.891338153939_510,140.8931117467025,143.90758107439703,128.90758107439703,12.713528400877767,5,4.891252498759844,Scooter,Foggy,High,Urban,False,0,1,0,6520.891338153939,6654.798919228336,Aumento_Velocidade,0
pedido_6550.892311157892_531,100.51210724833504,91.19940005476485,91.19940005476485,0.3983420593858673,15,4.7909621395442485,Van,Sunny,Jam,Urban,True,0,1,1,6550.892311157892,6657.091711212657,Nenhuma,1
pedido_6532.480269993035_523,144.61723196103313,135.03229313417873,120.03229313417873,13.726032463743357,5,4.751234399134451,Scooter,Foggy,High,Metropolitian,True,0,1,0,6532.480269993035,6657.512563127214,Aumento_Velocidade,0
pedido_6541.132837792843_527,136.50120674329668,121.62982882782913,106.62982882782913,9.992606737859951,10,4.494604914781604,Moto,Foggy,Medium,Metropolitian,True,0,0,0,6541.132837792843,6657.7626666206725,Rota_Reduzida,1
pedido_6513.727362654536_501,135.02967914844734,150.4301875045834,135.4301875045834,4.564155964367645,10,4.95809593046893,Scooter,Sandstorms,High,Urban,True,0,1,0,6513.727362654536,6659.157550159119,Aumento_Velocidade,0
pedido_6563.100630979336_541,101.89491330057734,103.74552411124057,88.74552411124057,13.596339864165973,10,4.802187663819264,Moto,Sunny,High,Metropolitian,False,0,1,1,6563.100630979336,6661.846155090576,Aumento_Velocidade,1
pedido_6569.1186147319795_547,101.29554141607021,103.20477148212356,88.20477148212356,16.230811338434542,5,4.937891072469339,Moto,Sunny,High,Metropolitian,False,0,1,1,6569.1186147319795,6662.323386214103,Aumento_Velocidade,1
pedido_6594.47037831095_562,102.52498893972042,77.04394420900304,62.043944209003044,16.96589543448941,10,4.756654915772954,Moto,Sunny,High,Metropolitian,False,0,1,1,6594.47037831095,6666.514322519953,Aumento_Velocidade,1
pedido_6561.327809869737_539,102.7820947040448,90.44930116285252,90.44930116285252,4.124356316856358,15,4.998473163859507,Scooter,Sandstorms,Low,Metropolitian,False,0,0,0,6561.327809869737,6666.77711103259,Nenhuma,1
pedido_6511.243160391589_499,174.34388371551216,159.65141176303217,144.65141176303217,4.2119911972704935,15,4.299574678381171,Moto,Windy,High,Metropolitian,False,0,1,0,6511.243160391589,6670.8945721546215,Aumento_Velocidade,0
pedido_6542.525589072336_528,141.69596539379722,129.9885948187629,114.98859481876289,11.160117617833054,15,4.92378047261972,Moto,Foggy,Medium,Urban,False,0,0,0,6542.525589072336,6672.514183891099,Rota_Reduzida,1
pedido_6551.951072831359_532,137.9244991884706,128.77394325927847,113.77394325927847,10.069695671567569,10,4.52686443791345,Scooter,Windy,Jam,Metropolitian,False,0,1,0,6551.951072831359,6675.725016090638,Aumento_Velocidade,1
pedido_6553.2675832464365_534,129.4340394180768,109.17713500964803,109.17713500964803,2.0103527538732786,15,4.718218418026889,Van,Stormy,High,Metropolitian,False,0,1,0,6553.2675832464365,6677.444718256084,Nenhuma,1
pedido_6560.879885004219_538,131.85230941732516,117.60935792327246,102.60935792327246,6.195677793107428,15,4.63455278729495,Moto,Sandstorms,High,Metropolitian,False,0,1,0,6560.879885004219,6678.489242927491,Aumento_Velocidade,1
pedido_6570.782312850437_548,124.42472360527034,112.84582837927108,97.84582837927108,4.331666899481143,10,4.801485085741925,Moto,Foggy,Medium,Metropolitian,True,0,0,0,6570.782312850437,6678.628141229708,Rota_Reduzida,1
pedido_6571.597006513608_549,135.11368231843352,118.14718165305358,103.14718165305358,9.991417803185872,5,4.87033726242858,Scooter,Foggy,Medium,Urban,False,0,0,0,6571.597006513608,6679.744188166662,Rota_Reduzida,1
pedido_6527.265516851523_520,177.4715841195258,153.05756956028756,138.05756956028756,14.288659466916181,15,4.427555182455294,Scooter,Sunny,High,Urban,False,0,1,1,6527.265516851523,6680.32308641181,Aumento_Velocidade,0
pedido_6579.243341364688_553,127.4342260613139,113.23639807509652,98.23639807509652,8.277627297514341,5,4.658705987471884,Moto,Sandstorms,Jam,Metropolitian,False,0,1,0,6579.243341364688,6682.479739439784,Aumento_Velocidade,1
pedido_6517.852705564298_506,177.70701649052373,174.6357569312208,159.6357569312208,4.481079778062614,5,4.415033609774582,Moto,Foggy,High,Metropolitian,True,0,1,0,6517.852705564298,6682.488462495518,Aumento_Velocidade,0
pedido_6576.115646510481_551,129.09514078352626,119.58884581234395,104.58884581234395,9.350324658683881,5,4.808551569655399,Scooter,Windy,Jam,Metropolitian,False,0,1,0,6576.115646510481,6685.704492322825,Aumento_Velocidade,1
pedido_6579.08746108126_552,101.85067578837038,96.78546495150069,96.78546495150069,16.127124801501683,10,5.0,Van,Sunny,High,Urban,False,0,1,1,6579.08746108126,6685.872926032761,Nenhuma,1
pedido_6547.0236962129575_530,132.5890508583103,123.98593012055059,123.98593012055059,14.04178866029107,15,4.568154276535847,Van,Windy,High,Metropolitian,False,0,1,0,6547.0236962129575,6686.009626333508,Nenhuma,0
pedido_6580.000278444743_554,134.96697199894268,114.3196471768185,99.3196471768185,8.489537372561495,10,4.989089318261993,Moto,Sandstorms,High,Metropolitian,True,0,1,0,6580.000278444743,6689.319925621562,Aumento_Velocidade,1
pedido_6524.076951439531_517,185.81471374078444,170.29509010228392,155.29509010228392,13.725113256473536,10,4.1840108456822485,Scooter,Windy,Medium,Metropolitian,True,0,0,0,6524.076951439531,6689.372041541815,Rota_Reduzida,0
pedido_6562.324036571234_540,136.385165265062,128.5987632910256,113.59876329102559,20.889418459434616,15,4.75893840276211,Moto,Stormy,Jam,Metropolitian,False,0,1,0,6562.324036571234,6690.922799862259,Aumento_Velocidade,1
pedido_6559.752434082542_537,143.05945443782988,132.00364590215366,117.00364590215366,15.533884357348642,15,4.847900918130469,Moto,Foggy,Medium,Metropolitian,False,0,0,0,6559.752434082542,6691.756079984696,Rota_Reduzida,1
pedido_6518.4518913277825_508,187.3226113434092,181.53274585470118,166.53274585470118,14.892300521948181,10,4.383074230150398,Scooter,Stormy,High,Metropolitian,False,0,1,0,6518.4518913277825,6694.984637182483,Aumento_Velocidade,0
pedido_6607.170546952272_569,103.32508923398831,93.73200318425305,78.73200318425305,0.0,10,4.468933177012653,Moto,Sunny,High,Metropolitian,True,0,1,1,6607.170546952272,6695.902550136525,Aumento_Velocidade,1
pedido_6614.718349395133_574,102.97077709614244,92.88740723947376,77.88740723947376,17.509461548102337,5,4.792559466489154,Scooter,Sunny,High,Metropolitian,False,0,1,1,6614.718349395133,6697.605756634607,Aumento_Velocidade,1
pedido_6654.28012545994_607,44.228996399456186,30.641667777898036,30.641667777898036,14.992665204413708,15,4.664620650628488,Moto,Foggy,High,Metropolitian,False,1,1,0,6654.28012545994,6699.921793237838,Nenhuma,1
pedido_6603.113699384464_567,102.38721988298249,84.08057570896335,84.08057570896335,2.3615188535136498,15,4.8270079784204984,Moto,Stormy,Low,Metropolitian,True,0,0,0,6603.113699384464,6702.194275093427,Nenhuma,1
pedido_6641.762388731996_596,45.5577560707168,50.967567675857495,50.967567675857495,5.379801404068796,10,4.586971209376364,Moto,Windy,Jam,Urban,False,1,1,0,6641.762388731996,6702.729956407854,Nenhuma,1
pedido_6626.313842447828_581,101.86332648589489,81.69766803627982,66.69766803627982,13.608694987926603,10,4.5537867653034745,Moto,Sunny,High,Metropolitian,False,0,1,1,6626.313842447828,6703.011510484108,Aumento_Velocidade,1
pedido_6580.3826817376275_555,137.94179570296689,135.79262210679715,120.79262210679715,13.525014331597921,5,5.0,Moto,Stormy,Jam,Metropolitian,False,0,1,0,6580.3826817376275,6706.175303844425,Aumento_Velocidade,0
pedido_6602.068491439223_566,102.86471427689914,94.40682832049892,94.40682832049892,17.398405836963505,10,4.823120123902862,Moto,Sandstorms,Low,Metropolitian,False,0,0,0,6602.068491439223,6706.475319759722,Nenhuma,1
pedido_6639.061988488397_594,103.67709191331319,67.7845171881728,52.7845171881728,20.956422103936134,15,4.696011387495756,Scooter,Sunny,High,Metropolitian,False,0,1,1,6639.061988488397,6706.84650567657,Aumento_Velocidade,1
pedido_6638.423552321331_593,101.63410035471202,68.47565855402834,53.47565855402834,19.482960797044836,15,4.782372529190245,Moto,Sunny,High,Metropolitian,False,0,1,1,6638.423552321331,6706.899210875359,Aumento_Velocidade,1
pedido_6581.898452680818_556,133.81320105254937,135.41192200173478,120.41192200173478,2.651628300826604,5,4.73729746153705,Scooter,Foggy,High,Urban,False,0,1,0,6581.898452680818,6707.310374682553,Aumento_Velocidade,0
pedido_6564.628372107878_542,120.8816120049666,138.51600944739698,138.51600944739698,14.303775329162,5,4.826116944350968,Moto,Sunny,Low,Metropolitian,False,0,0,1,6564.628372107878,6708.144381555275,Nenhuma,0
pedido_6605.862858158107_568,99.51876533257081,108.01362031565048,93.01362031565048,5.274941568752305,10,4.709741067748895,Moto,Sunny,Jam,Metropolitian,False,0,1,1,6605.862858158107,6708.876478473758,Aumento_Velocidade,1
pedido_6685.553086534018_630,44.93341086077808,15.344687916554943,15.344687916554943,6.257025372565552,10,4.501118227937519,Van,Windy,High,Metropolitian,True,1,1,0,6685.553086534018,6710.897774450573,Nenhuma,1
pedido_6628.949169392116_583,104.87555949664488,83.93422096681684,68.93422096681684,4.520274197269394,15,4.536475079286261,Moto,Sunny,High,Metropolitian,False,0,1,1,6628.949169392116,6712.883390358933,Aumento_Velocidade,1
pedido_6607.300421850149_570,131.51674031147215,115.84375192657156,100.84375192657156,0.48896649026150385,5,4.624279648418546,Moto,Windy,High,Metropolitian,False,0,1,0,6607.300421850149,6713.144173776721,Aumento_Velocidade,1
pedido_6646.8164474564655_603,94.63158532354707,77.9663254617975,62.966325461797496,7.0394927792450135,5,4.69481362136591,Moto,Sunny,High,Metropolitian,False,0,1,1,6646.8164474564655,6714.782772918263,Aumento_Velocidade,1
pedido_6627.886351925466_582,97.51823664107503,98.43561969273816,83.43561969273816,4.620369032999153,5,4.930969311583797,Moto,Sunny,High,Metropolitian,False,0,1,1,6627.886351925466,6716.321971618205,Aumento_Velocidade,1
pedido_6597.568227714347_564,100.19568987887821,114.97209454693318,114.97209454693318,4.793619509042879,5,5.0,Scooter,Stormy,Low,Urban,False,0,0,0,6597.568227714347,6717.54032226128,Nenhuma,1
pedido_6553.140589020103_533,178.6483698338115,166.27662384071712,151.27662384071712,15.13774748396162,15,4.390688355400138,Moto,Sunny,High,Urban,False,0,1,1,6553.140589020103,6719.417212860821,Aumento_Velocidade,0
pedido_6613.405888133545_573,132.96881234173745,108.62304760885944,93.62304760885944,6.7587757267410655,15,4.682493751435609,Moto,Stormy,Medium,Urban,False,0,0,0,6613.405888133545,6722.028935742404,Rota_Reduzida,1
pedido_6587.446836601195_559,133.0196758514353,130.4615160472361,130.4615160472361,14.816980245451845,5,4.735920768070231,Van,Windy,High,Metropolitian,False,0,1,0,6587.446836601195,6722.908352648431,Nenhuma,0
pedido_6599.268240516448_565,135.6361929006826,125.05706880257549,110.05706880257549,5.4429981539125025,15,4.658750222673005,Scooter,Stormy,Medium,Metropolitian,False,0,0,0,6599.268240516448,6724.325309319023,Rota_Reduzida,1
pedido_6583.771002365983_557,132.76644456466673,150.75517908093087,135.75517908093087,4.565637219506318,5,4.933733698861686,Scooter,Sandstorms,High,Metropolitian,False,0,1,0,6583.771002365983,6724.526181446914,Aumento_Velocidade,0
pedido_6559.721091233848_536,173.43475714791958,166.1671121189105,151.1671121189105,3.1646887774801193,15,4.390928574658113,Moto,Stormy,Jam,Metropolitian,True,0,1,0,6559.721091233848,6725.888203352758,Aumento_Velocidade,0
pedido_6616.821708756202_577,99.66331486884819,99.75855528930713,99.75855528930713,5.471501373889256,10,4.769084925679804,Moto,Foggy,Low,Urban,True,0,0,0,6616.821708756202,6726.580264045509,Nenhuma,1
pedido_6642.9879728253345_599,102.32355742919415,94.60719908843627,79.60719908843627,14.475252882339944,5,4.686950966205494,Moto,Sunny,Medium,Metropolitian,False,0,0,1,6642.9879728253345,6727.595171913771,Rota_Reduzida,1
pedido_6630.076232758805_587,104.40835014178677,102.81156675550427,87.81156675550427,10.767179083136051,10,4.708964803497941,Moto,Sunny,High,Metropolitian,True,0,1,1,6630.076232758805,6727.887799514309,Aumento_Velocidade,1
pedido_6623.960896426122_579,129.36101408685738,110.12456485617925,95.12456485617925,15.080286205632948,10,4.681862661113806,Moto,Stormy,High,Urban,False,0,1,0,6623.960896426122,6729.085461282301,Aumento_Velocidade,1
pedido_6595.587787829515_563,137.11438341496606,143.54750947076002,128.54750947076002,10.764016896225833,5,4.982389133920366,Moto,Windy,High,Metropolitian,False,0,1,0,6595.587787829515,6729.135297300275,Aumento_Velocidade,0
pedido_6587.835218173837_560,153.8527053842638,141.54959724403415,126.54959724403415,13.591877750411783,15,4.543670884615684,Moto,Foggy,Jam,Urban,False,0,1,0,6587.835218173837,6729.384815417871,Aumento_Velocidade,0
pedido_6633.037016928359_591,98.96454866059408,96.44056582199407,81.44056582199407,3.985105839045861,15,4.843028628489844,Moto,Sunny,Jam,Urban,False,0,1,1,6633.037016928359,6729.477582750353,Aumento_Velocidade,1
pedido_6615.586553021295_575,110.88718249698594,109.88269816275,109.88269816275,11.566411719909151,5,4.688897905086812,Moto,Foggy,Low,Metropolitian,False,0,0,0,6615.586553021295,6730.469251184045,Nenhuma,1
pedido_6656.10330403991_611,97.25628711649657,80.04028890216742,65.04028890216742,4.446264703874037,10,4.905825496885537,Scooter,Sunny,High,Metropolitian,False,0,1,1,6656.10330403991,6731.143592942077,Aumento_Velocidade,1
pedido_6654.493708041857_608,93.75956042871167,87.39371453155994,72.39371453155994,2.0567626669753722,5,4.645958996950767,Moto,Sunny,Medium,Metropolitian,False,0,0,1,6654.493708041857,6731.887422573417,Rota_Reduzida,1
pedido_6659.651736471538_614,94.74006854850781,82.31929387484789,67.31929387484789,6.26978742408482,5,4.868574571624417,Moto,Sunny,High,Metropolitian,False,0,1,1,6659.651736471538,6731.971030346386,Aumento_Velocidade,1
pedido_6567.8096432050625_544,184.58984719980288,165.4621487344451,150.4621487344451,18.983822380301984,15,4.404797302442058,Moto,Windy,High,Urban,False,0,1,0,6567.8096432050625,6733.271791939507,Aumento_Velocidade,0
pedido_6704.979953260552_648,38.132430556777116,23.74984591181949,23.74984591181949,8.009024719647755,5,4.495939374131024,Scooter,Stormy,Low,Metropolitian,True,1,0,0,6704.979953260552,6733.729799172372,Nenhuma,1
pedido_6568.660645798228_545,190.91823904069724,168.0159164596703,153.0159164596703,6.952703508791657,15,4.4136562082671675,Moto,Sunny,High,Urban,False,0,1,1,6568.660645798228,6736.676562257899,Aumento_Velocidade,0
pedido_6630.158657587236_588,134.4074027409197,112.08136016919129,97.08136016919129,20.372982574472367,10,4.846856488638736,Scooter,Stormy,High,Metropolitian,True,0,1,0,6630.158657587236,6737.240017756428,Aumento_Velocidade,1
pedido_6620.952175153906_578,135.25086466292285,119.42363914829005,104.42363914829005,4.906533466262741,15,4.621085571607779,Moto,Stormy,Medium,Metropolitian,True,0,0,0,6620.952175153906,6740.375814302196,Rota_Reduzida,1
pedido_6607.784880407488_572,125.09460064402484,143.27324160709787,128.27324160709787,3.88491518122514,5,4.563985065470208,Scooter,Sandstorms,Jam,Metropolitian,True,0,1,0,6607.784880407488,6741.058122014586,Aumento_Velocidade,0
pedido_6640.455222434355_595,126.66493629528304,114.23625905146903,99.23625905146903,3.1505144756041337,5,4.468365797920283,Moto,Foggy,Jam,Metropolitian,False,0,1,0,6640.455222434355,6744.691481485825,Aumento_Velocidade,1
pedido_6660.327059897271_615,97.36430284549328,89.6530135473283,74.6530135473283,5.688864798234252,15,4.452907529306811,Scooter,Sunny,Medium,Metropolitian,False,0,0,1,6660.327059897271,6749.9800734446,Rota_Reduzida,1
pedido_6632.00799581178_590,128.73633486801677,123.5129249365219,108.5129249365219,7.769989613754612,10,4.500869137003578,Moto,Windy,Jam,Metropolitian,False,0,1,0,6632.00799581178,6750.520920748302,Aumento_Velocidade,1
pedido_6675.605022080594_624,96.23087050476323,90.02916612255207,70.02916612255207,3.5486910739328565,5,4.561486208844479,Scooter,Sunny,Jam,Other,False,0,1,1,6675.605022080594,6750.634188203146,Rota_Reduzida,1
pedido_6629.445126853242_584,102.95571316531662,112.02372605997954,112.02372605997954,18.12045515136684,10,4.510777987073938,Moto,Stormy,Low,Metropolitian,False,0,0,0,6629.445126853242,6751.468852913222,Nenhuma,1
pedido_6629.827636441336_585,135.58545509619088,135.7402159438337,120.7402159438337,1.9403707596489546,5,5.0,Moto,Foggy,High,Metropolitian,True,0,1,0,6629.827636441336,6755.567852385169,Aumento_Velocidade,0
pedido_6588.867549914045_561,159.89930305670467,161.80339871081313,161.80339871081313,15.646875621991747,5,4.379152861012176,Moto,Stormy,Low,Metropolitian,True,0,0,0,6588.867549914045,6755.670948624858,Nenhuma,0
pedido_6644.409667716159_601,128.79363038399805,113.47245151199405,98.47245151199405,8.803145567218909,15,4.62872788430142,Scooter,Sandstorms,Jam,Metropolitian,True,0,1,0,6644.409667716159,6757.882119228153,Aumento_Velocidade,1
pedido_6663.705241978771_616,127.78624168431163,94.3519783135882,79.3519783135882,0.9055453541003962,15,4.577398182247856,Scooter,Foggy,Jam,Metropolitian,False,0,1,0,6663.705241978771,6758.057220292359,Aumento_Velocidade,1
pedido_6649.604387628018_604,129.36101408685738,109.70192069811274,94.70192069811274,16.333617401333658,15,4.686173388739911,Moto,Stormy,High,Urban,False,0,1,0,6649.604387628018,6759.306308326131,Aumento_Velocidade,1
pedido_6644.049695275359_600,131.15791697751047,124.85524975956736,109.85524975956736,8.39289358994121,10,4.898639935311436,Moto,Stormy,Medium,Metropolitian,False,0,0,0,6644.049695275359,6763.904945034927,Rota_Reduzida,1
pedido_6642.533331648157_598,127.24367888595586,127.02919505617808,112.02919505617808,5.758107807994863,10,4.809953555253217,Moto,Stormy,Jam,Urban,False,0,1,0,6642.533331648157,6764.562526704335,Aumento_Velocidade,1
pedido_6730.023600723625_668,48.205830999408505,29.643788259895246,29.643788259895246,17.46001013990455,5,4.505947944821131,Moto,Windy,Jam,Urban,False,1,1,0,6730.023600723625,6764.66738898352,Nenhuma,1
pedido_6637.044744724751_592,130.69816254709806,138.04150730307245,123.04150730307245,2.576918051032425,5,4.514523946585322,Scooter,Sandstorms,High,Urban,False,0,1,0,6637.044744724751,6765.086252027823,Aumento_Velocidade,0
pedido_6616.080641999355_576,135.89637094743486,154.38171943352296,139.38171943352296,5.603709128249537,10,4.6502771627784485,Moto,Sandstorms,Medium,Metropolitian,False,0,0,0,6616.080641999355,6765.462361432878,Rota_Reduzida,0
pedido_6631.543728441683_589,132.49103640531567,124.00207998879824,124.00207998879824,8.722634707703069,10,4.935999475992912,Van,Foggy,High,Metropolitian,False,0,1,0,6631.543728441683,6765.545808430481,Nenhuma,0
pedido_6655.766882649804_610,125.31290395108915,112.3617708624646,97.3617708624646,0.0,15,5.0,Moto,Foggy,Medium,Urban,False,0,0,0,6655.766882649804,6768.128653512268,Rota_Reduzida,1
pedido_6651.2369935736_605,133.60637322109795,123.57395222386208,108.57395222386208,3.4837695850418227,10,4.940111271042474,Moto,Windy,Medium,Metropolitian,False,0,0,0,6651.2369935736,6769.8109457974615,Rota_Reduzida,1
pedido_6641.850364291274_597,138.07383566870294,139.30267068906238,124.30267068906238,18.672493825850353,5,4.806268629099276,Moto,Sandstorms,Medium,Metropolitian,False,0,0,0,6641.850364291274,6771.153034980336,Rota_Reduzida,0
pedido_6624.353677414473_580,140.93104113027533,158.11346084980266,143.11346084980266,16.68074971635089,5,4.54323624649867,Moto,Foggy,High,Metropolitian,False,0,1,0,6624.353677414473,6772.4671382642755,Aumento_Velocidade,0
pedido_6670.536291593099_621,104.1573892554932,92.84912686320227,92.84912686320227,14.980149643990599,10,4.927969375960275,Scooter,Stormy,Low,Metropolitian,True,0,0,0,6670.536291593099,6773.3854184563015,Nenhuma,1
pedido_6629.892805723661_586,142.1933662016211,139.94744182289918,139.94744182289918,19.406492089902546,5,4.733382707263887,Van,Foggy,High,Urban,False,0,1,0,6629.892805723661,6774.84024754656,Nenhuma,0
pedido_6738.7188313905335_672,36.65065487473356,21.390784694334435,21.390784694334435,6.070213509524688,15,5.0,Moto,Sunny,High,Metropolitian,False,1,1,1,6738.7188313905335,6775.109616084868,Nenhuma,1
pedido_6658.5326626074575_613,134.68446683212727,122.35712294597914,107.35712294597914,16.272809091606327,10,4.586174451662782,Moto,Sandstorms,High,Metropolitian,False,0,1,0,6658.5326626074575,6775.889785553437,Aumento_Velocidade,1
pedido_6664.013061080888_617,132.06234873211497,117.55963014177134,102.55963014177134,6.919336029477861,10,4.799792633674475,Moto,Sandstorms,High,Metropolitian,False,0,1,0,6664.013061080888,6776.57269122266,Aumento_Velocidade,1
pedido_6690.575948278954_634,104.76931820106851,86.2288776775377,71.2288776775377,12.249673563156309,15,4.584552296322219,Scooter,Sunny,Medium,Urban,True,0,0,1,6690.575948278954,6776.804825956491,Rota_Reduzida,1
pedido_6654.6021468965555_609,128.54929568720055,134.08851058299018,119.08851058299018,5.277119271799864,5,4.626868446216222,Moto,Windy,High,Metropolitian,True,0,1,0,6654.6021468965555,6778.690657479546,Aumento_Velocidade,1
pedido_6669.351433888623_620,131.31950454912854,109.3840521830918,94.3840521830918,11.010415267597153,15,4.5749959604297095,Moto,Stormy,High,Urban,False,0,1,0,6669.351433888623,6778.735486071715,Aumento_Velocidade,1
pedido_6656.648219574329_612,133.88414428674756,134.5621727327641,119.56217273276411,17.35615726577508,5,4.654735046879004,Moto,Stormy,Jam,Metropolitian,False,0,1,0,6656.648219574329,6781.210392307094,Aumento_Velocidade,1
pedido_6607.4693195140735_571,186.38065063170717,174.82899908968372,159.82899908968372,20.388128122550626,15,4.17868146430188,Moto,Windy,Medium,Metropolitian,True,0,0,0,6607.4693195140735,6782.298318603757,Rota_Reduzida,0
pedido_6691.434444928895_636,105.42117075543345,102.51452763828902,87.51452763828902,3.598773294192193,5,4.532846018749748,Moto,Sunny,High,Metropolitian,True,0,1,1,6691.434444928895,6783.948972567184,Aumento_Velocidade,1
pedido_6686.863123307004_632,96.56616485041279,87.33492924973046,87.33492924973046,8.518480114775606,10,4.77119181370854,Scooter,Sunny,Low,Metropolitian,True,0,0,1,6686.863123307004,6784.198052556734,Nenhuma,1
pedido_6665.854092335999_618,143.20293160710145,133.7132058731385,113.71320587313849,15.327814711581441,5,5.0,Scooter,Foggy,Jam,Other,True,0,1,0,6665.854092335999,6784.567298209137,Rota_Reduzida,1
pedido_6700.008547226738_644,101.13833093960928,85.26333487540226,70.26333487540226,10.132436817346024,15,4.653522519033987,Moto,Sunny,High,Metropolitian,False,0,1,1,6700.008547226738,6785.271882102141,Aumento_Velocidade,1
pedido_6702.14120664275_645,101.61481017132195,93.26454775469303,78.26454775469303,15.422150820930938,5,4.745210222197704,Moto,Sunny,High,Urban,False,0,1,1,6702.14120664275,6785.405754397443,Aumento_Velocidade,1
pedido_6672.123232450465_622,100.78899962877578,108.85020966839063,108.85020966839063,7.519954465389871,5,4.786683277409516,Moto,Stormy,Low,Urban,False,0,0,0,6672.123232450465,6785.973442118856,Nenhuma,1
pedido_6677.806975384972_625,127.62342640141999,111.36940026922811,96.36940026922811,8.448179652007191,15,4.588482910871045,Moto,Sandstorms,Jam,Metropolitian,False,0,1,0,6677.806975384972,6789.1763756542005,Aumento_Velocidade,1
pedido_6646.5780275098205_602,136.09343248262167,144.90893869833218,129.90893869833218,18.4852992941939,15,4.504273314918158,Scooter,Stormy,Medium,Metropolitian,True,0,0,0,6646.5780275098205,6791.486966208153,Rota_Reduzida,0
pedido_6668.8465211417115_619,139.53152288226002,135.49653492907413,120.49653492907413,13.624218770588497,5,4.759891465269329,Scooter,Sandstorms,Jam,Metropolitian,False,0,1,0,6668.8465211417115,6794.343056070786,Aumento_Velocidade,0
pedido_6673.952462875811_623,129.55930572708635,112.15162799707758,112.15162799707758,5.691253965098406,10,4.731063316430534,Van,Foggy,Jam,Urban,False,0,1,0,6673.952462875811,6796.104090872888,Nenhuma,1
pedido_6714.1394743540095_653,99.8869645997601,93.05331099297112,78.05331099297112,5.563972142971516,5,4.902299044285138,Moto,Sunny,Jam,Metropolitian,False,0,1,1,6714.1394743540095,6797.192785346981,Aumento_Velocidade,1
pedido_6680.323785648902_627,136.11960997504158,130.32325121120422,115.32325121120422,19.33256635725924,5,4.497936882832958,Scooter,Stormy,Medium,Urban,False,0,0,0,6680.323785648902,6800.647036860107,Rota_Reduzida,1
pedido_6695.84867274953_640,138.26123079031316,105.3812816110141,90.3812816110141,21.233855074417505,15,4.475645897263699,Scooter,Stormy,Medium,Metropolitian,False,0,0,0,6695.84867274953,6801.229954360544,Rota_Reduzida,1
pedido_6770.808572918884_693,39.461012102053445,15.649102103432536,15.649102103432536,6.610845166402853,15,4.464900859665866,Moto,Sunny,High,Metropolitian,False,1,1,1,6770.808572918884,6801.457675022317,Nenhuma,1
pedido_6651.685110851681_606,175.3257511983563,151.35689228605605,136.35689228605605,3.052477827367339,15,4.205632280541881,Moto,Windy,Jam,Metropolitian,False,0,1,0,6651.685110851681,6803.042003137737,Aumento_Velocidade,0
pedido_6718.6732082126_655,99.8869645997601,85.23949987147346,70.23949987147346,5.244930412697085,15,4.869244690646716,Scooter,Sunny,Jam,Metropolitian,False,0,1,1,6718.6732082126,6803.9127080840735,Aumento_Velocidade,1
pedido_6687.199352317333_633,122.05491356938572,127.73472871119998,112.73472871119998,4.377764703206264,5,4.5279145509067575,Moto,Stormy,Jam,Metropolitian,False,0,1,0,6687.199352317333,6804.934081028533,Aumento_Velocidade,1
pedido_6720.984648452495_660,98.13335727397232,73.15680209467195,73.15680209467195,2.9356560458558403,15,4.9425325534757825,Moto,Foggy,Low,Metropolitian,False,0,0,0,6720.984648452495,6809.141450547167,Nenhuma,1
pedido_6685.679814701817_631,132.06234873211497,123.5416791924981,108.5416791924981,6.9210521220675,15,4.813929220651632,Scooter,Sandstorms,High,Metropolitian,False,0,1,0,6685.679814701817,6809.221493894315,Aumento_Velocidade,1
pedido_6724.9604604539745_666,105.42782231280557,85.04895796447128,70.04895796447128,13.621826031502753,15,4.566109870317091,Moto,Sunny,High,Metropolitian,True,0,1,1,6724.9604604539745,6810.009418418445,Aumento_Velocidade,1
pedido_6682.657423404612_628,130.19815261666574,134.30387007757176,119.30387007757176,8.135909996666744,10,4.580548975549605,Moto,Windy,Jam,Metropolitian,False,0,1,0,6682.657423404612,6811.9612934821835,Aumento_Velocidade,1
pedido_6719.871023328051_659,105.36114869966516,87.14410844788893,87.14410844788893,15.365714630723216,5,4.8469222451001475,Moto,Stormy,Low,Urban,True,0,0,0,6719.871023328051,6812.01513177594,Nenhuma,1
pedido_6693.563866848412_638,130.87584322847871,129.5151821887957,114.5151821887957,4.097958677798456,5,4.9843743429209155,Scooter,Stormy,High,Urban,True,0,1,0,6693.563866848412,6813.079049037207,Aumento_Velocidade,1
pedido_6691.2493127029065_635,138.9420434426088,128.0294084799398,113.0294084799398,15.710917817294625,10,5.0,Moto,Windy,Medium,Metropolitian,False,0,0,0,6691.2493127029065,6814.278721182846,Rota_Reduzida,1
pedido_6694.115949834552_639,128.79591118080657,126.11955170805345,111.11955170805345,15.455066911960914,10,4.789330916959444,Moto,Stormy,High,Metropolitian,False,0,1,0,6694.115949834552,6815.235501542606,Aumento_Velocidade,1
pedido_6745.315724630988_673,101.82443410516946,74.987263348462,59.987263348461994,13.073393151338305,10,4.583180362601514,Scooter,Sunny,High,Metropolitian,False,0,1,1,6745.315724630988,6815.30298797945,Aumento_Velocidade,1
pedido_6712.79926579971_652,99.92460921381381,87.8372507419359,87.8372507419359,5.9344751701927905,15,4.640778597568113,Scooter,Sandstorms,Low,Metropolitian,False,0,0,0,6712.79926579971,6815.636516541646,Nenhuma,1
pedido_6712.645213842639_651,127.58882414176813,116.5752554592323,101.5752554592323,6.598892274470872,5,4.5743493899082255,Moto,Sandstorms,Jam,Metropolitian,True,0,1,0,6712.645213842639,6819.220469301872,Aumento_Velocidade,1
pedido_6733.820204622768_669,101.57229113235952,87.03091594030609,72.03091594030609,13.763457037276446,15,4.632658124746372,Moto,Sunny,High,Metropolitian,False,0,1,1,6733.820204622768,6820.851120563074,Aumento_Velocidade,1
pedido_6696.507984160323_641,137.60205352637263,109.41584837422673,109.41584837422673,20.65001598209047,15,4.823433875395379,Van,Windy,Medium,Metropolitian,False,0,0,0,6696.507984160323,6820.92383253455,Nenhuma,1
pedido_6703.714698813856_646,136.21039020730726,124.28107902519432,109.28107902519432,0.0,10,5.0,Moto,Sandstorms,High,Urban,False,0,1,0,6703.714698813856,6822.99577783905,Aumento_Velocidade,1
pedido_6709.546017811521_649,135.58933855345487,120.85891050120892,105.85891050120892,15.363365835135117,10,4.734163610012493,Scooter,Windy,High,Metropolitian,True,0,1,0,6709.546017811521,6825.40492831273,Aumento_Velocidade,1
pedido_6721.114705800407_661,105.45238190682909,99.55275594016426,99.55275594016426,12.66055988106468,5,4.827981467610993,Moto,Windy,Low,Urban,True,0,0,0,6721.114705800407,6825.6674617405715,Nenhuma,1
pedido_6719.744621942673_658,103.95225657762019,101.12216712954941,101.12216712954941,14.358462991802373,5,4.697087531532728,Moto,Stormy,Low,Metropolitian,False,0,0,0,6719.744621942673,6825.866789072223,Nenhuma,1
pedido_6711.762698381241_650,132.4946085953814,101.05756599020935,101.05756599020935,7.217424034142622,15,4.842501308033898,Van,Foggy,High,Metropolitian,True,0,1,0,6711.762698381241,6827.82026437145,Nenhuma,1
pedido_6684.979514293992_629,168.50623278808695,144.56860933591545,129.56860933591545,17.109049805975914,15,4.440995156991394,Moto,Sunny,Medium,Metropolitian,False,0,0,1,6684.979514293992,6829.548123629907,Rota_Reduzida,0
pedido_6704.578644997237_647,133.09159733098105,130.40735525942665,115.40735525942665,2.7280700576920984,10,4.682640373391013,Moto,Stormy,Medium,Metropolitian,False,0,0,0,6704.578644997237,6829.986000256663,Rota_Reduzida,1
pedido_6716.18681612232_654,131.33445229746053,122.85436660284344,107.85436660284344,8.078233541795298,10,4.818573060985288,Moto,Windy,High,Metropolitian,True,0,1,0,6716.18681612232,6834.041182725164,Aumento_Velocidade,1
pedido_6735.302400300686_670,101.46907718661929,83.9301579514427,83.9301579514427,0.3005499182906082,15,4.590375794268555,Scooter,Sandstorms,Low,Metropolitian,False,0,0,0,6735.302400300686,6834.232558252129,Nenhuma,1
pedido_6699.396684747475_643,135.45155639526504,134.9319561993876,119.9319561993876,7.214514872973037,15,5.0,Moto,Windy,High,Metropolitian,False,0,1,0,6699.396684747475,6834.328640946863,Aumento_Velocidade,1
pedido_6697.24691603534_642,140.4871397671035,125.95848014664767,125.95848014664767,16.22470197471566,15,4.832537397681727,Van,Foggy,High,Urban,False,0,1,0,6697.24691603534,6838.205396181988,Nenhuma,0
pedido_6723.354188176093_663,135.87964048270018,125.38287081199783,110.38287081199783,10.33273566737972,5,4.993728673859554,Moto,Sandstorms,High,Metropolitian,False,0,1,0,6723.354188176093,6838.737058988091,Aumento_Velocidade,1
pedido_6721.977688827759_662,133.65962405425594,120.37333678399946,105.37333678399946,6.365447227348311,15,4.55641882911659,Scooter,Stormy,Medium,Metropolitian,True,0,0,0,6721.977688827759,6842.351025611759,Rota_Reduzida,1
pedido_6748.373836739841_677,126.94230488161323,99.89766902406008,84.89766902406008,8.953347257985628,10,4.770960603739528,Scooter,Stormy,Jam,Metropolitian,False,0,1,0,6748.373836739841,6843.271505763901,Aumento_Velocidade,1
pedido_6820.556227685854_728,46.459753861997534,10.692228861673314,10.692228861673314,4.4115405416805284,15,4.485322380018365,Moto,Stormy,Jam,Urban,False,1,1,0,6820.556227685854,6846.248456547527,Nenhuma,1
pedido_6719.2356405882965_656,132.4741772184434,127.85944438964114,112.85944438964114,5.666191776756415,15,4.680869440384202,Scooter,Foggy,High,Metropolitian,True,0,1,0,6719.2356405882965,6847.095084977937,Aumento_Velocidade,1
pedido_6762.152072620975_688,104.85627689033635,88.19157262176353,73.19157262176353,15.857256657791146,15,4.6585914501914925,Moto,Sunny,High,Metropolitian,True,0,1,1,6762.152072620975,6850.343645242739,Aumento_Velocidade,1
pedido_6719.3197960391_657,140.21296431300294,136.76726993133263,121.76726993133263,16.575533439172403,10,4.871682354086039,Moto,Foggy,High,Metropolitian,False,0,1,0,6719.3197960391,6851.087065970432,Aumento_Velocidade,0
pedido_6746.924534368005_674,136.00460275173998,97.94284002911873,97.94284002911873,7.361388199026377,10,4.979049284745554,Van,Foggy,High,Metropolitian,False,0,1,0,6746.924534368005,6854.867374397124,Nenhuma,1
pedido_6813.850802416469_719,49.29479916738065,26.347649428383043,26.347649428383043,15.259188823313085,15,4.599313091382213,Scooter,Windy,Medium,Metropolitian,False,1,0,0,6813.850802416469,6855.198451844853,Nenhuma,1
pedido_6693.242514613792_637,174.26699551918972,172.43371584465606,157.43371584465606,6.896693056670125,5,4.187065224881502,Moto,Foggy,Medium,Metropolitian,False,0,0,0,6693.242514613792,6855.676230458448,Rota_Reduzida,0
pedido_6723.576210692263_664,129.816823247367,133.34356568936934,118.34356568936934,8.518426700496184,15,4.71343692707381,Scooter,Stormy,High,Metropolitian,False,0,1,0,6723.576210692263,6856.919776381632,Aumento_Velocidade,1
pedido_6769.450643405284_691,98.85747052239749,80.46179595758748,80.46179595758748,7.14660202496837,10,4.92571672506067,Moto,Foggy,Low,Urban,False,0,0,0,6769.450643405284,6859.912439362871,Nenhuma,1
pedido_6679.1027047997_626,195.71543954273213,186.0645323586894,171.0645323586894,4.605753990762464,10,4.266627988705284,Scooter,Sunny,High,Metropolitian,True,0,1,1,6679.1027047997,6860.16723715839,Aumento_Velocidade,0
pedido_6747.489812402854_676,137.72615522795928,112.6869568142385,97.6869568142385,17.070271744255717,15,4.489773440686186,Scooter,Windy,Jam,Metropolitian,False,0,1,0,6747.489812402854,6860.176769217092,Aumento_Velocidade,1
pedido_6737.236400063511_671,127.23676774088358,124.07444522509937,109.07444522509937,3.6946986078981445,15,4.813685045622864,Moto,Windy,Jam,Metropolitian,False,0,1,0,6737.236400063511,6861.31084528861,Aumento_Velocidade,1
pedido_6724.126992301507_665,134.6503353003255,143.0603529707744,128.0603529707744,8.594663685430815,10,4.653763122609426,Moto,Sandstorms,Medium,Metropolitian,False,0,0,0,6724.126992301507,6862.187345272281,Rota_Reduzida,0
pedido_6748.446045232988_678,130.6640269115096,114.66116941092542,99.66116941092542,18.677067076171788,15,4.630903807687117,Moto,Stormy,High,Metropolitian,False,0,1,0,6748.446045232988,6863.107214643913,Aumento_Velocidade,1
pedido_6728.035952579284_667,136.18903194538876,135.87122927660238,120.87122927660238,12.244066675242145,15,4.71127461042463,Moto,Windy,Jam,Metropolitian,False,0,1,0,6728.035952579284,6863.907181855886,Aumento_Velocidade,0
pedido_6747.003802152675_675,132.96881234173745,119.48954553817205,104.48954553817205,6.319130782448654,15,4.682401446889207,Moto,Stormy,Medium,Urban,False,0,0,0,6747.003802152675,6866.493347690847,Rota_Reduzida,1
pedido_6811.02753014422_717,43.85684811027989,46.75020593859636,46.75020593859636,5.948912683638808,10,4.690357614840278,Moto,Stormy,Medium,Urban,False,1,0,0,6811.02753014422,6867.777736082816,Nenhuma,1
pedido_6751.419249414605_680,143.13772521093324,129.49631093429738,114.49631093429738,14.035070671160671,5,4.899285037821024,Moto,Foggy,Medium,Metropolitian,False,0,0,0,6751.419249414605,6870.915560348902,Rota_Reduzida,1
pedido_6822.139894948744_734,44.82359874114202,44.0184095318387,44.0184095318387,11.378892867238472,5,4.819218643392572,Moto,Stormy,Jam,Urban,False,1,1,0,6822.139894948744,6871.158304480583,Nenhuma,1
pedido_6763.421611534604_689,133.783626981442,118.25987859691674,103.25987859691674,13.398939968501189,5,4.631822962474521,Scooter,Windy,High,Urban,False,0,1,0,6763.421611534604,6871.681490131521,Aumento_Velocidade,1
pedido_6749.6497439509085_679,132.3315057005934,128.83825790580843,113.83825790580843,0.028050000849716206,10,5.0,Scooter,Sandstorms,Medium,Metropolitian,True,0,0,0,6749.6497439509085,6873.488001856717,Rota_Reduzida,1
pedido_6755.410285338975_684,133.051824642882,129.07328357079223,114.07328357079223,6.346206498125508,5,4.632326305313609,Moto,Stormy,Medium,Metropolitian,False,0,0,0,6755.410285338975,6874.483568909767,Rota_Reduzida,1
pedido_6821.225996686057_731,51.5817261716615,42.45292435195119,42.45292435195119,17.956160794448948,15,4.870437166127812,Scooter,Sandstorms,Medium,Metropolitian,False,1,0,0,6821.225996686057,6878.678921038008,Nenhuma,1
pedido_6753.550899630453_682,135.3091974680962,130.2072644890501,115.20726448905009,14.424685363220446,10,4.48800834992848,Moto,Sandstorms,High,Metropolitian,False,0,1,0,6753.550899630453,6878.758164119504,Aumento_Velocidade,1
pedido_6753.587245051901_683,134.0293638312794,130.3143095394812,115.3143095394812,8.935561474810964,10,4.644003603360117,Scooter,Foggy,High,Urban,False,0,1,0,6753.587245051901,6878.901554591383,Aumento_Velocidade,1
pedido_6771.213406704877_694,134.09240167126177,109.03683298062828,94.03683298062828,13.929234794232123,15,4.451926742905686,Scooter,Windy,High,Urban,True,0,1,0,6771.213406704877,6880.250239685505,Aumento_Velocidade,1
pedido_6782.240115100146_701,128.77294857909376,100.1527548900986,85.1527548900986,7.177640447800526,15,4.524291835065695,Scooter,Windy,High,Metropolitian,True,0,1,0,6782.240115100146,6882.392869990244,Aumento_Velocidade,1
pedido_6752.6365429493935_681,135.62626201359802,139.83596748663913,124.83596748663913,12.625326956303287,5,5.0,Moto,Sandstorms,High,Metropolitian,False,0,1,0,6752.6365429493935,6882.472510436032,Aumento_Velocidade,0
pedido_6769.27856978991_690,128.51706701239348,123.29267136124844,108.29267136124844,4.32475796430437,5,4.897018877984129,Scooter,Stormy,High,Urban,True,0,1,0,6769.27856978991,6882.571241151159,Aumento_Velocidade,1
pedido_6781.729983583428_700,129.2445427829806,111.25750552017963,96.25750552017963,6.108640947779776,5,4.892940891221776,Moto,Foggy,Jam,Metropolitian,False,0,1,0,6781.729983583428,6882.987489103608,Aumento_Velocidade,1
pedido_6791.68298110398_708,99.25755243688515,76.40073418162197,76.40073418162197,7.797232082753227,15,4.686975856624721,Moto,Foggy,Low,Metropolitian,False,0,0,0,6791.68298110398,6883.083715285602,Nenhuma,1
pedido_6769.814041088701_692,138.15822506494976,120.94325261283007,105.94325261283007,18.12110329854428,10,4.693445216579792,Moto,Sandstorms,Medium,Urban,False,0,0,0,6769.814041088701,6885.757293701531,Rota_Reduzida,1
pedido_6785.552853087806_703,136.54065265011644,110.77163804085036,95.77163804085036,17.86453782085,5,4.777177141358575,Moto,Windy,Jam,Metropolitian,False,0,1,0,6785.552853087806,6886.3244911286565,Aumento_Velocidade,1
pedido_6860.095244580275_763,44.79840131024939,22.189565442056825,22.189565442056825,8.313693597746123,5,4.874581908757004,Scooter,Foggy,Jam,Metropolitian,False,1,1,0,6860.095244580275,6887.284810022332,Nenhuma,1
pedido_6795.129063119259_709,125.74057415655277,100.59219417259472,85.59219417259472,6.27247571246194,10,4.878894263895503,Scooter,Foggy,Medium,Metropolitian,False,0,0,0,6795.129063119259,6890.721257291853,Rota_Reduzida,1
pedido_6760.163837338258_686,132.94277536605009,133.9487302237674,118.9487302237674,16.243070236848876,15,4.794325454224237,Scooter,Stormy,Jam,Metropolitian,False,0,1,0,6760.163837338258,6894.112567562026,Aumento_Velocidade,1
pedido_6776.284850426399_697,131.31950454912854,129.36466014446222,114.36466014446222,11.140874362726198,5,4.647280349087029,Scooter,Stormy,High,Metropolitian,False,0,1,0,6776.284850426399,6895.649510570862,Aumento_Velocidade,1
pedido_6780.489553815888_699,138.41450602195454,120.61255360238073,105.61255360238073,20.25149330984253,10,4.510328867654239,Moto,Sandstorms,High,Metropolitian,False,0,1,0,6780.489553815888,6896.102107418269,Aumento_Velocidade,1
pedido_6777.816520243811_698,133.67673204205678,121.28856880989696,106.28856880989696,8.968829154378376,15,4.742214550351,Scooter,Windy,High,Urban,False,0,1,0,6777.816520243811,6899.105089053708,Aumento_Velocidade,1
pedido_6760.219947320574_687,142.399854513784,145.1588033300847,130.1588033300847,14.698661934192288,10,4.564401425926753,Moto,Foggy,Medium,Metropolitian,False,0,0,0,6760.219947320574,6900.378750650659,Rota_Reduzida,0
pedido_6773.746442479805_696,134.33045026072563,134.81360829127723,119.81360829127723,13.084543668093502,10,4.6946029501718325,Moto,Windy,Medium,Metropolitian,False,0,0,0,6773.746442479805,6903.560050771082,Rota_Reduzida,1
pedido_6803.537964571188_712,102.66763271204293,100.43308947543085,100.43308947543085,3.4947452803703634,5,4.733398381554142,Moto,Windy,Low,Metropolitian,False,0,0,0,6803.537964571188,6908.971054046619,Nenhuma,1
pedido_6782.8884776968425_702,142.57660926987654,137.92257944805903,122.92257944805903,17.327248954191386,5,4.81229801192937,Scooter,Sandstorms,Jam,Metropolitian,True,0,1,0,6782.8884776968425,6910.8110571449015,Aumento_Velocidade,0
pedido_6771.659884630035_695,136.14090781752412,148.01481585277503,133.01481585277503,18.36462781085975,10,4.692657911934795,Scooter,Windy,High,Metropolitian,True,0,1,0,6771.659884630035,6914.67470048281,Aumento_Velocidade,0
pedido_6803.269643665893_711,133.02011079179732,112.87671896388827,97.87671896388827,16.793383346365104,15,4.531996511986147,Moto,Windy,High,Metropolitian,False,0,1,0,6803.269643665893,6916.146362629782,Aumento_Velocidade,1
pedido_6821.479425587778_732,137.64839498841562,104.83552108132434,89.83552108132434,12.598205235788242,5,4.572603283181757,Scooter,Sandstorms,Medium,Metropolitian,True,0,0,0,6821.479425587778,6916.314946669102,Rota_Reduzida,1
pedido_6809.970555601529_716,134.19398245017592,107.00220096623138,92.00220096623138,10.69546190451203,15,4.632494356602849,Moto,Stormy,Medium,Metropolitian,False,0,0,0,6809.970555601529,6916.97275656776,Rota_Reduzida,1
pedido_6786.722674134573_704,149.23408829202896,137.27070686203754,122.27070686203754,13.943495025816567,10,4.858456918014385,Moto,Foggy,Jam,Metropolitian,False,0,1,0,6786.722674134573,6918.9933809966105,Aumento_Velocidade,0
pedido_6826.539625594046_738,132.83225952499396,98.93578412453802,83.93578412453802,7.115617027358612,10,4.800274047555041,Scooter,Foggy,High,Metropolitian,False,0,1,0,6826.539625594046,6920.475409718584,Aumento_Velocidade,1
pedido_6801.725546782992_710,129.02217773904545,130.32590761240436,115.32590761240436,5.372850176352941,5,4.839291515293585,Moto,Stormy,Jam,Urban,True,0,1,0,6801.725546782992,6922.051454395396,Aumento_Velocidade,1
pedido_6817.128041957027_723,132.4397605793517,111.49989958085904,96.49989958085904,10.135301291162506,10,4.640695017624815,Moto,Sandstorms,Jam,Urban,False,0,1,0,6817.128041957027,6923.627941537886,Aumento_Velocidade,1
pedido_6788.420371838604_706,138.0804778373156,136.03318157398266,121.03318157398266,14.702622331520567,15,4.693617453314463,Moto,Windy,Medium,Metropolitian,True,0,0,0,6788.420371838604,6924.453553412587,Rota_Reduzida,0
pedido_6883.193585983622_780,50.21889548427925,31.80030843451189,31.80030843451189,12.74118661266426,10,4.540418425392453,Scooter,Windy,Medium,Metropolitian,True,1,0,0,6883.193585983622,6924.993894418134,Nenhuma,1
pedido_6814.457083624207_721,133.6377061471819,117.93405358134908,102.93405358134908,11.069030532208608,10,4.93075878628277,Moto,Windy,Medium,Metropolitian,False,0,0,0,6814.457083624207,6927.391137205556,Rota_Reduzida,1
pedido_6821.006156899914_730,102.41198188171141,102.82366789608994,102.82366789608994,0.8996810151202022,5,4.504598423082426,Van,Sandstorms,Low,Metropolitian,False,0,0,0,6821.006156899914,6928.829824796004,Nenhuma,1
pedido_6787.05129014326_705,173.964390319335,147.53820590166984,127.53820590166984,12.760672117809493,15,4.292529595018489,Scooter,Sunny,High,Other,False,0,1,1,6787.05129014326,6929.5894960449305,Rota_Reduzida,0
pedido_6826.864775458266_739,134.5142525570483,103.24976301798375,88.24976301798375,3.7670370198316103,15,4.817517987663383,Moto,Foggy,High,Metropolitian,False,0,1,0,6826.864775458266,6930.11453847625,Aumento_Velocidade,1
pedido_6849.901872384574_755,98.9194117490995,90.9550551512007,75.9550551512007,7.928692799052199,5,4.806465345011282,Scooter,Sunny,Jam,Metropolitian,True,0,1,1,6849.901872384574,6930.856927535775,Aumento_Velocidade,1
pedido_6878.387952776806_776,65.54677778120853,52.622385433893086,37.622385433893086,6.215010090323899,15,4.231018523395731,Moto,Foggy,Medium,Urban,False,1,0,0,6878.387952776806,6931.010338210699,Rota_Reduzida,1
pedido_6823.512947381853_736,125.19509468439556,118.6245391722014,103.6245391722014,3.519997178023381,5,4.621812209393343,Moto,Foggy,Medium,Metropolitian,False,0,0,0,6823.512947381853,6932.137486554055,Rota_Reduzida,1
pedido_6836.926175814074_744,99.6530917237257,93.08714153577213,93.08714153577213,7.656562040314075,5,4.637555376422621,Moto,Windy,Low,Metropolitian,False,0,0,0,6836.926175814074,6935.013317349846,Nenhuma,1
pedido_6882.087792850994_779,46.38381363292981,43.424539756839934,43.424539756839934,6.013473438533508,10,4.753982846216687,Moto,Windy,High,Metropolitian,False,1,1,0,6882.087792850994,6935.512332607835,Nenhuma,1
pedido_6850.237600048108_756,99.13974634427389,85.28377517703841,70.28377517703841,3.723928195057388,15,4.6968897542240615,Moto,Sunny,Jam,Metropolitian,False,0,1,1,6850.237600048108,6935.521375225147,Aumento_Velocidade,1
pedido_6841.26750649116_748,94.62709761748562,95.08482708329629,80.08482708329629,3.8952674530548834,15,4.771272280050015,Scooter,Sunny,Medium,Metropolitian,False,0,0,1,6841.26750649116,6936.352333574457,Rota_Reduzida,1
pedido_6755.716496447211_685,188.43306024546294,176.12208863598556,176.12208863598556,13.45867523095033,5,4.362766708993348,Van,Windy,Medium,Metropolitian,False,0,0,0,6755.716496447211,6936.838585083196,Nenhuma,0
pedido_6849.154837386726_753,102.01486713784251,94.02820624513278,79.02820624513278,19.93371042079283,10,4.762175691007493,Scooter,Sunny,High,Metropolitian,False,0,1,1,6849.154837386726,6938.183043631859,Aumento_Velocidade,1
pedido_6826.234519904299_737,138.05854284457928,112.0316159242276,97.0316159242276,20.951249113298594,15,4.512883826121776,Scooter,Sandstorms,High,Metropolitian,False,0,1,0,6826.234519904299,6938.266135828527,Aumento_Velocidade,1
pedido_6818.771380354272_725,134.05736102806918,125.68205630046546,110.68205630046546,11.384329217088244,10,4.7156460801518865,Moto,Stormy,Medium,Metropolitian,False,0,0,0,6818.771380354272,6939.453436654738,Rota_Reduzida,1
pedido_6808.512427499788_715,132.1512012648348,141.20366574525286,126.20366574525286,8.85125946740465,5,4.636999590499669,Moto,Stormy,Medium,Metropolitian,False,0,0,0,6808.512427499788,6939.716093245041,Rota_Reduzida,0
pedido_6820.974133123455_729,133.1528957697205,113.88981323166274,113.88981323166274,13.780073738224727,5,5.0,Van,Windy,High,Other,True,0,1,0,6820.974133123455,6939.863946355118,Nenhuma,1
pedido_6819.788848057444_727,132.5890508583103,125.27170561562579,110.27170561562579,15.829972374118212,10,4.645483333442587,Scooter,Windy,High,Metropolitian,False,0,1,0,6819.788848057444,6940.06055367307,Aumento_Velocidade,1
pedido_6814.073798552414_720,138.83847313383635,134.08575977023446,119.08575977023446,21.576338659086268,10,5.0,Scooter,Windy,High,Metropolitian,False,0,1,0,6814.073798552414,6943.159558322648,Aumento_Velocidade,1
pedido_6829.360662766453_741,129.72488940687205,124.39719967117017,109.39719967117017,16.435268613725363,5,4.569020861656815,Moto,Stormy,High,Metropolitian,False,0,1,0,6829.360662766453,6943.757862437623,Aumento_Velocidade,1
pedido_6831.833158622963_743,98.47635315975579,103.29454715761007,103.29454715761007,9.633657256226465,10,4.61202412715657,Scooter,Windy,Low,Metropolitian,False,0,0,0,6831.833158622963,6945.127705780574,Nenhuma,1
pedido_6813.668575602388_718,133.94368076158997,127.66065656833285,127.66065656833285,18.3974149146995,5,4.591883204348367,Van,Stormy,Jam,Metropolitian,False,0,1,0,6813.668575602388,6946.329232170721,Nenhuma,0
pedido_6828.733873208874_740,132.24012204548762,129.68519400698818,114.68519400698818,2.7493797841754772,5,4.611788015928679,Moto,Sandstorms,High,Metropolitian,False,0,1,0,6828.733873208874,6948.419067215862,Aumento_Velocidade,1
pedido_6821.66691037141_733,132.76361206332152,128.63610901998234,113.63610901998234,9.110844999477077,15,5.0,Moto,Sandstorms,Jam,Metropolitian,False,0,1,0,6821.66691037141,6950.303019391393,Aumento_Velocidade,1
pedido_6829.636448431036_742,130.23318169774075,125.6694362837672,110.6694362837672,5.7765537576132795,10,4.740626322018117,Moto,Windy,Jam,Urban,True,0,1,0,6829.636448431036,6950.305884714803,Aumento_Velocidade,1
pedido_6842.901576147566_749,128.68577041953824,118.07691284673948,103.07691284673948,3.7466751763877526,5,5.0,Scooter,Sandstorms,Jam,Metropolitian,False,0,1,0,6842.901576147566,6950.978488994305,Aumento_Velocidade,1
pedido_6843.147304050646_750,132.62395532817783,114.66041343666694,99.66041343666694,6.096713263404752,10,4.82741237890496,Moto,Sandstorms,High,Metropolitian,False,0,1,0,6843.147304050646,6952.807717487313,Aumento_Velocidade,1
pedido_6818.587391481159_724,137.33098928290164,137.67899563127023,122.67899563127023,8.771959412994171,15,4.753598133951348,Scooter,Windy,Medium,Urban,True,0,0,0,6818.587391481159,6956.26638711243,Rota_Reduzida,0
pedido_6806.695908206933_714,182.4813055752403,150.09357706136376,135.09357706136376,3.3480821376536243,15,4.421401571303752,Moto,Sunny,Jam,Metropolitian,False,0,1,1,6806.695908206933,6956.7894852682975,Aumento_Velocidade,0
pedido_6806.55111477024_713,142.34620555687655,145.25117189357738,145.25117189357738,12.892957733161682,5,4.615940173564522,Van,Foggy,Medium,Metropolitian,False,0,0,0,6806.55111477024,6956.8022866638175,Nenhuma,0
pedido_6814.937240412895_722,129.76486193434457,132.42407107271328,132.42407107271328,15.026595561232266,10,4.612751483729445,Van,Stormy,High,Metropolitian,False,0,1,0,6814.937240412895,6957.361311485609,Nenhuma,0
pedido_6837.454810424972_745,129.67799242937988,130.1255711943127,115.1255711943127,7.225482916161133,5,4.600949559706256,Moto,Stormy,High,Metropolitian,False,0,1,0,6837.454810424972,6957.580381619285,Aumento_Velocidade,1
pedido_6848.908604932927_752,102.09363819139216,103.83734576692027,103.83734576692027,5.045656986627048,5,4.944648483708778,Van,Sandstorms,Low,Metropolitian,True,0,0,0,6848.908604932927,6957.7459506998475,Nenhuma,1
pedido_6906.232592198174_787,47.296039840530845,37.47204853736104,37.47204853736104,7.758573840399396,15,4.731950821205005,Scooter,Windy,Jam,Metropolitian,True,1,1,0,6906.232592198174,6958.704640735535,Nenhuma,1
pedido_6872.421501736048_772,101.97577899240491,91.41611415696465,76.41611415696465,4.184546044439644,10,4.458321290153838,Moto,Sunny,Jam,Metropolitian,False,0,1,1,6872.421501736048,6958.837615893013,Aumento_Velocidade,1
pedido_6865.380409655149_766,131.24959913617099,100.08345536014802,85.08345536014802,6.640787513871051,10,4.507809883165446,Scooter,Sandstorms,High,Metropolitian,False,0,1,0,6865.380409655149,6960.463865015297,Aumento_Velocidade,1
pedido_6871.910455677405_771,102.85770954145752,77.21042194371785,77.21042194371785,18.820038898658943,15,4.799920281231963,Moto,Stormy,Low,Metropolitian,False,0,0,0,6871.910455677405,6964.120877621122,Nenhuma,1
pedido_6869.130206700332_768,101.32538225821338,97.18608319154961,82.18608319154961,11.418137088631518,15,4.7395182809920975,Scooter,Sunny,High,Urban,False,0,1,1,6869.130206700332,6966.316289891881,Aumento_Velocidade,1
pedido_6856.50745834342_760,132.60897704509705,110.25412142114673,95.25412142114673,2.8191244198698264,15,4.49518754161104,Moto,Windy,Medium,Metropolitian,False,0,0,0,6856.50745834342,6966.761579764567,Rota_Reduzida,1
pedido_6848.747652908377_751,124.4591938839851,119.35845719876892,104.35845719876892,5.118182345903514,15,4.517845537746406,Moto,Stormy,High,Metropolitian,False,0,1,0,6848.747652908377,6968.1061101071455,Aumento_Velocidade,1
pedido_6858.199272124722_761,115.45074655396354,95.82093757870392,95.82093757870392,20.360745091707262,15,5.0,Moto,Sunny,Low,Metropolitian,False,0,0,1,6858.199272124722,6969.020209703425,Nenhuma,1
pedido_6841.076124376759_746,130.84202769971293,133.84492864840425,118.84492864840425,5.906706646788363,10,4.6085387239534334,Scooter,Windy,High,Metropolitian,False,0,1,0,6841.076124376759,6969.921053025164,Aumento_Velocidade,1
pedido_6853.806375094625_759,128.12096350786683,118.42300500589474,103.42300500589474,4.834906814143464,15,4.486799391715044,Moto,Foggy,Medium,Urban,False,0,0,0,6853.806375094625,6972.22938010052,Rota_Reduzida,1
pedido_6858.369101342831_762,125.73746486138687,110.0795846694241,110.0795846694241,6.467441074051627,5,4.509610462885437,Van,Stormy,High,Metropolitian,True,0,1,0,6858.369101342831,6973.448686012254,Nenhuma,1
pedido_6789.753352932223_707,186.08615434524913,175.3232864694667,175.3232864694667,15.609706344890743,10,4.432385446014256,Van,Windy,High,Urban,False,0,1,0,6789.753352932223,6975.076639401689,Nenhuma,0
pedido_6841.178453435752_747,141.72047154768023,135.72670722528085,120.72670722528085,19.356656969726693,15,4.512024507426514,Scooter,Foggy,High,Metropolitian,False,0,1,0,6841.178453435752,6976.905160661033,Aumento_Velocidade,0
pedido_6877.72175499069_775,98.86921367462924,92.18975584726519,92.18975584726519,2.6953745396405195,10,5.0,Moto,Foggy,Low,Metropolitian,True,0,0,0,6877.72175499069,6979.911510837956,Nenhuma,1
pedido_6936.863279428146_803,46.50818426792405,38.427450680557286,38.427450680557286,0.7770856958957992,5,4.874793846097997,Scooter,Stormy,Medium,Urban,False,1,0,0,6936.863279428146,6980.290730108703,Nenhuma,1
pedido_6863.966437889655_764,140.98233946960423,116.85842923841051,101.85842923841051,11.526911015348242,15,5.0,Moto,Foggy,High,Urban,False,0,1,0,6863.966437889655,6980.824867128065,Aumento_Velocidade,1
pedido_6818.832909542155_726,177.2786977045739,164.18532584213293,149.18532584213293,9.717518205337365,15,4.366021586030103,Moto,Windy,High,Urban,False,0,1,0,6818.832909542155,6983.018235384288,Aumento_Velocidade,0
pedido_6822.932240447346_735,177.4715841195258,166.20489675634113,151.20489675634113,16.0155310667191,10,4.406088173961803,Moto,Sunny,High,Metropolitian,False,0,1,1,6822.932240447346,6984.137137203687,Aumento_Velocidade,0
pedido_6870.352329520592_770,135.34087709919237,117.48080497352286,117.48080497352286,7.333775166261085,5,4.746122397445106,Van,Windy,Medium,Metropolitian,False,0,0,0,6870.352329520592,6992.833134494115,Nenhuma,1
pedido_6879.557061404895_777,127.59980392749029,115.12388112538596,100.12388112538596,5.514551195961341,15,4.686071978245912,Moto,Windy,Jam,Metropolitian,False,0,1,0,6879.557061404895,6994.680942530281,Aumento_Velocidade,1
pedido_6886.76069679321_781,133.0196758514353,119.56419836946114,104.56419836946114,14.672419825827879,5,4.655547565078448,Moto,Windy,High,Metropolitian,False,0,1,0,6886.76069679321,6996.324895162671,Aumento_Velocidade,1
pedido_6853.709867385374_758,140.8609300287284,154.2718301082527,139.2718301082527,10.103482883164144,5,4.706780954453239,Moto,Foggy,Jam,Metropolitian,False,0,1,0,6853.709867385374,6997.981697493627,Aumento_Velocidade,0
pedido_6881.838975356493_778,128.1801323560001,126.85669876806173,111.85669876806173,9.450170605541226,5,4.710776589202565,Moto,Stormy,High,Metropolitian,True,0,1,0,6881.838975356493,6998.695674124555,Aumento_Velocidade,1
pedido_6895.950418238647_785,141.4625009756297,111.14434164129102,96.14434164129102,19.23366576172076,10,4.801151988225983,Moto,Foggy,High,Urban,False,0,1,0,6895.950418238647,7002.0947598799385,Aumento_Velocidade,1
pedido_6876.133489000252_774,132.62410172513793,131.34344618498173,116.34344618498173,3.214215233591415,10,4.491079410475601,Scooter,Foggy,High,Metropolitian,False,0,1,0,6876.133489000252,7002.476935185234,Aumento_Velocidade,1
pedido_6867.834739148147_767,135.49127263430205,139.93323388049205,124.93323388049205,7.739439440724073,10,4.58101383537233,Moto,Windy,Medium,Metropolitian,False,0,0,0,6867.834739148147,7002.767973028639,Rota_Reduzida,0
pedido_6863.973099511477_765,132.76413637961807,129.7718098883578,129.7718098883578,5.238789514326151,10,5.0,Van,Windy,High,Metropolitian,False,0,1,0,6863.973099511477,7003.744909399835,Nenhuma,0
pedido_6869.404413145929_769,132.8322369153536,125.1106568677074,125.1106568677074,11.998426726604569,10,4.601783625454962,Van,Windy,Medium,Metropolitian,False,0,0,0,6869.404413145929,7004.515070013636,Nenhuma,0
pedido_6969.2061398229425_832,45.17339209485954,26.002414666552653,26.002414666552653,10.065042612235185,10,4.728963367288082,Scooter,Windy,High,Metropolitian,True,1,1,0,6969.2061398229425,7005.208554489495,Nenhuma,1
pedido_6960.57618744124_826,33.38338662210143,29.905213537478076,29.905213537478076,3.5383693942608323,15,4.647125395480649,Moto,Foggy,Low,Urban,False,1,0,0,6960.57618744124,7005.481400978718,Nenhuma,1
pedido_6912.955910592258_790,101.29554141607021,103.158604268761,88.158604268761,15.30905875458801,5,4.925382875442623,Moto,Sunny,High,Urban,False,0,1,1,6912.955910592258,7006.114514861019,Aumento_Velocidade,1
pedido_6918.0481252032505_793,98.33980137887987,90.61466127561356,90.61466127561356,0.0,5,4.853817514141079,Moto,Foggy,Low,Urban,True,0,0,0,6918.0481252032505,7013.662786478864,Nenhuma,1
pedido_6931.581715666063_797,98.14802361612992,87.24722051671593,72.24722051671593,3.8356964414933987,10,4.550464059686262,Scooter,Sunny,High,Metropolitian,False,0,1,1,6931.581715666063,7013.828936182779,Aumento_Velocidade,1
pedido_6926.747181477169_795,99.04488437993443,74.38709045801289,74.38709045801289,8.34124982203754,15,4.505751150534883,Moto,Sunny,Low,Metropolitian,False,0,0,1,6926.747181477169,7016.1342719351815,Nenhuma,1
pedido_6907.048071883135_788,130.69816254709806,115.73381298962293,100.73381298962293,2.3800331811921067,10,4.51663904937227,Moto,Sandstorms,High,Metropolitian,False,0,1,0,6907.048071883135,7017.7818848727575,Aumento_Velocidade,1
pedido_6873.57316615446_773,144.3193226154171,139.3338831546942,139.3338831546942,17.887545440468983,5,4.736612417980037,Van,Foggy,Medium,Metropolitian,False,0,0,0,6873.57316615446,7017.907049309154,Nenhuma,0
pedido_6891.361048303219_783,131.202130415774,132.78978598713994,117.78978598713994,11.99865806704424,10,4.8855155316582355,Scooter,Stormy,High,Metropolitian,True,0,1,0,6891.361048303219,7019.150834290359,Aumento_Velocidade,1
pedido_6939.197455550533_807,106.58412499837675,91.6860654108678,76.6860654108678,17.433126362011954,5,4.464462695371494,Moto,Sunny,High,Metropolitian,False,0,1,1,6939.197455550533,7020.883520961401,Aumento_Velocidade,1
pedido_6889.9826347518565_782,133.52453803559644,128.7831704088708,128.7831704088708,10.924039864071984,5,4.9563265950635165,Van,Stormy,High,Urban,False,0,1,0,6889.9826347518565,7023.765805160728,Nenhuma,0
pedido_6951.051287049108_821,97.73645979857947,72.79438341712971,57.79438341712971,5.273737849639789,15,4.762102234702849,Scooter,Sunny,High,Metropolitian,False,0,1,1,6951.051287049108,7023.8456704662385,Aumento_Velocidade,1
pedido_6849.549797293336_754,194.043361394242,175.48202596337896,160.48202596337896,5.583779525380274,15,4.414780139043319,Moto,Sunny,High,Metropolitian,False,0,1,1,6849.549797293336,7025.031823256715,Aumento_Velocidade,0
pedido_6934.799872374443_802,96.45092969835939,97.73460984410951,82.73460984410951,9.784140791791998,10,4.602472886931184,Moto,Sunny,High,Urban,False,0,1,1,6934.799872374443,7027.5344822185525,Aumento_Velocidade,1
pedido_6909.668325138142_789,130.9581117154449,121.29840006849139,106.29840006849139,4.547473410937167,15,4.971827090731957,Scooter,Stormy,High,Urban,False,0,1,0,6909.668325138142,7030.966725206633,Aumento_Velocidade,1
pedido_6850.528701490866_757,190.15151519678707,166.33403283848392,166.33403283848392,6.1621855279072735,15,4.158028671492042,Van,Sunny,Jam,Metropolitian,False,0,1,1,6850.528701490866,7031.86273432935,Nenhuma,0
pedido_6899.271080111569_786,142.69943967160387,140.26693523695457,125.26693523695457,10.36826066464811,10,4.674887283574829,Scooter,Windy,Jam,Metropolitian,True,0,1,0,6899.271080111569,7034.538015348524,Aumento_Velocidade,0
pedido_6933.79949470874_801,134.8733857649457,118.7314053809393,103.7314053809393,10.533816558854642,5,4.751094625944729,Moto,Stormy,Jam,Metropolitian,False,0,1,0,6933.79949470874,7042.53090008968,Aumento_Velocidade,1
pedido_6949.0512820567255_817,98.77517738334282,78.63689174508586,78.63689174508586,5.889653911209049,15,4.5383212262923305,Scooter,Sunny,Low,Metropolitian,False,0,0,1,6949.0512820567255,7042.688173801811,Nenhuma,1
pedido_6945.560122397366_814,134.1554627650212,108.59660599604496,93.59660599604496,5.3486252156074645,5,4.508011167520791,Moto,Sandstorms,Medium,Metropolitian,False,0,0,0,6945.560122397366,7044.156728393411,Rota_Reduzida,1
pedido_6977.100352209529_838,94.74006854850781,67.61874778897385,52.61874778897385,7.152426573053709,15,4.921471139676023,Scooter,Sunny,High,Metropolitian,False,0,1,1,6977.100352209529,7044.719099998502,Aumento_Velocidade,1
pedido_6919.598669611022_794,122.05736522033392,110.40903165555908,110.40903165555908,2.085455174617973,15,4.546033612152408,Van,Sandstorms,Jam,Metropolitian,True,0,1,0,6919.598669611022,7045.0077012665815,Nenhuma,1
pedido_6959.745233162889_824,96.56616485041279,80.50660008821478,80.50660008821478,8.67523807683425,5,4.762690767508056,Scooter,Sunny,Low,Metropolitian,True,0,0,1,6959.745233162889,7045.2518332511045,Nenhuma,1
pedido_6938.958734773936_806,123.06614712157375,117.53731426637385,102.53731426637385,3.058007363088158,5,4.504594614553824,Moto,Foggy,Medium,Metropolitian,True,0,0,0,6938.958734773936,7046.49604904031,Rota_Reduzida,1
pedido_6929.65609788483_796,130.26873466544774,127.77189275958486,112.77189275958486,4.176327466567804,5,4.797384736231936,Scooter,Sandstorms,High,Metropolitian,True,0,1,0,6929.65609788483,7047.427990644415,Aumento_Velocidade,1
pedido_6949.605848939005_820,132.74015336803507,99.63996825417951,84.63996825417951,7.722293951139818,15,4.579309288230126,Scooter,Foggy,High,Urban,True,0,1,0,6949.605848939005,7049.245817193185,Aumento_Velocidade,1
pedido_6917.912551379398_792,133.34913206797495,116.6814738014395,116.6814738014395,16.28400136980916,15,4.7763122285545805,Van,Windy,High,Metropolitian,False,0,1,0,6917.912551379398,7049.594025180837,Nenhuma,1
pedido_6937.826453581173_805,102.30125904397383,103.01278437528548,103.01278437528548,14.833050530992951,10,4.774453987985222,Moto,Sandstorms,Low,Metropolitian,False,0,0,0,6937.826453581173,7050.839237956458,Nenhuma,1
pedido_6912.960488425224_791,128.16107825198154,126.05151118883242,126.05151118883242,2.3794982992939575,15,4.453716748497158,Van,Foggy,Jam,Metropolitian,True,0,1,0,6912.960488425224,7054.011999614057,Nenhuma,0
pedido_6949.5955088866785_819,127.05048793851435,110.3503025914555,95.3503025914555,7.497284115173114,10,4.48069578782726,Moto,Stormy,Jam,Metropolitian,False,0,1,0,6949.5955088866785,7054.945811478134,Aumento_Velocidade,1
pedido_6941.722898570906_811,134.12547944357516,128.38557649899005,113.38557649899005,5.113970841984569,5,4.720472807282775,Moto,Foggy,High,Metropolitian,False,0,1,0,6941.722898570906,7060.1084750698965,Aumento_Velocidade,1
pedido_6942.631477194842_812,132.82721405370083,124.81325070703568,109.81325070703568,7.7027363349660884,10,4.659455724584821,Scooter,Stormy,Medium,Metropolitian,True,0,0,0,6942.631477194842,7062.444727901878,Rota_Reduzida,1
pedido_6940.959780409903_808,105.12405048287177,117.20718511059951,117.20718511059951,8.67470534192931,5,4.724891494939439,Moto,Stormy,Low,Metropolitian,True,0,0,0,6940.959780409903,7063.166965520502,Nenhuma,1
pedido_6941.6528315343985_810,132.36481215780856,132.17520449267417,117.17520449267417,4.227463178518906,5,4.698571989319085,Moto,Sandstorms,High,Urban,False,0,1,0,6941.6528315343985,7063.828036027073,Aumento_Velocidade,1
pedido_6957.09701254006_823,109.89635398808134,117.8690717932806,102.8690717932806,14.261794054383838,5,4.7589959933175345,Moto,Sunny,Jam,Metropolitian,False,0,1,1,6957.09701254006,7064.96608433334,Aumento_Velocidade,1
pedido_6983.35638619014_842,102.57911321272154,92.15523813930221,77.15523813930221,17.615480709303693,5,4.5925345662563535,Moto,Sunny,High,Metropolitian,False,0,1,1,6983.35638619014,7065.511624329442,Aumento_Velocidade,1
pedido_6961.402242089939_827,128.10338629484463,115.22198259518152,100.22198259518152,4.352690057396037,5,4.572945364661745,Scooter,Stormy,High,Urban,False,0,1,0,6961.402242089939,7066.624224685121,Aumento_Velocidade,1
pedido_6932.638378298716_799,135.88116446312227,144.38033906586242,129.38033906586242,12.890098667955272,5,4.488801333074734,Scooter,Sandstorms,Medium,Metropolitian,True,0,0,0,6932.638378298716,7067.018717364578,Rota_Reduzida,0
pedido_6974.769982925606_836,102.00599211693107,98.97822755945354,83.97822755945354,11.29680883106302,10,4.621772374671903,Scooter,Sunny,High,Metropolitian,False,0,1,1,6974.769982925606,7068.74821048506,Aumento_Velocidade,1
pedido_6968.378500020051_831,112.50817208302371,91.27695800837421,91.27695800837421,22.217763171022742,10,4.8659170487757555,Van,Sunny,Jam,Urban,False,0,1,1,6968.378500020051,7069.6554580284255,Nenhuma,1
pedido_6948.5618004860025_816,133.05681345996058,111.35113278935474,111.35113278935474,0.8510327837511351,10,4.868352258971473,Van,Sandstorms,High,Metropolitian,False,0,1,0,6948.5618004860025,7069.912933275357,Nenhuma,1
pedido_6941.4144904337345_809,130.29316619952073,134.359454372339,119.359454372339,0.9916954197366339,10,4.770066720276197,Moto,Windy,High,Metropolitian,True,0,1,0,6941.4144904337345,7070.773944806074,Aumento_Velocidade,1
pedido_6931.817306382033_798,134.21504553323146,135.98990801997758,135.98990801997758,15.994137671527486,5,4.852100848370021,Van,Sandstorms,High,Metropolitian,False,0,1,0,6931.817306382033,7072.807214402011,Nenhuma,0
pedido_6949.128548525386_818,121.55960500576889,129.44801809107594,114.44801809107594,3.0335845298487905,10,4.5134393765768905,Moto,Stormy,Jam,Metropolitian,False,0,1,0,6949.128548525386,7073.576566616462,Aumento_Velocidade,1
pedido_6945.731914583331_815,138.05854284457928,137.97054342291298,122.97054342291298,21.884820264533744,5,4.5321557945899915,Moto,Sandstorms,High,Metropolitian,False,0,1,0,6945.731914583331,7073.702458006243,Aumento_Velocidade,0
pedido_6983.334928617493_841,99.03645443138552,82.59814747813512,82.59814747813512,8.464097082503887,10,4.464468345829427,Scooter,Windy,Low,Metropolitian,False,0,0,0,6983.334928617493,7075.933076095627,Nenhuma,1
pedido_7006.176664091602_854,99.13226216411756,79.7566344641786,64.7566344641786,5.577228870585065,5,4.873815963753054,Scooter,Sunny,High,Urban,True,0,1,1,7006.176664091602,7075.93329855578,Aumento_Velocidade,1
pedido_6937.711280326643_804,129.45575750847308,139.42553679410744,124.42553679410744,0.0,15,4.4601118865857,Scooter,Windy,High,Metropolitian,False,0,1,0,6937.711280326643,7077.1368171207505,Aumento_Velocidade,0
pedido_6945.06992782855_813,132.2635853928839,134.07815565989068,119.07815565989068,6.142427330115112,15,4.5962019464175095,Scooter,Foggy,High,Metropolitian,False,0,1,0,6945.06992782855,7079.1480834884405,Aumento_Velocidade,1
pedido_6960.522633000864_825,133.91806421531408,124.93523818689351,109.93523818689351,17.396660494092018,10,4.785228798598949,Moto,Stormy,Medium,Metropolitian,True,0,0,0,6960.522633000864,7080.4578711877575,Rota_Reduzida,1
pedido_6954.878571930266_822,138.08878122890388,131.70026420213438,116.70026420213438,6.069220341374653,10,5.0,Moto,Sandstorms,High,Metropolitian,False,0,1,0,6954.878571930266,7081.5788361324,Aumento_Velocidade,1
pedido_6963.454444572781_829,120.8816120049666,105.64183760391143,105.64183760391143,15.485509520022628,15,4.776164965248754,Moto,Sunny,Low,Metropolitian,False,0,0,1,6963.454444572781,7084.096282176692,Nenhuma,1
pedido_7009.18519598574_858,105.48950234032444,76.60047490208368,61.600474902083675,14.87774033648109,15,5.0,Scooter,Sunny,Medium,Metropolitian,True,0,0,1,7009.18519598574,7085.785670887824,Rota_Reduzida,1
pedido_6966.221387731195_830,131.57345377933837,133.29944804150384,118.29944804150384,2.0606438290174185,5,5.0,Scooter,Stormy,High,Metropolitian,False,0,1,0,6966.221387731195,7089.520835772699,Aumento_Velocidade,1
pedido_6892.061691628972_784,200.8131445122568,197.62600376000427,182.62600376000427,14.585217322019925,15,4.413276297071944,Scooter,Stormy,Jam,Urban,False,0,1,0,6892.061691628972,7089.687695388976,Aumento_Velocidade,0
pedido_6973.894999566919_835,130.1565637841622,118.03161315073024,103.03161315073024,4.0676213936637415,15,4.602031961702912,Scooter,Sandstorms,High,Metropolitian,True,0,1,0,6973.894999566919,7091.92661271765,Aumento_Velocidade,1
pedido_7039.911247975897_886,43.953509223907936,43.33567329666917,43.33567329666917,5.886248801307703,10,4.725233317856433,Moto,Stormy,High,Metropolitian,False,1,1,0,7039.911247975897,7093.246921272566,Nenhuma,1
pedido_6970.548238059358_834,128.60607276545446,133.464223183027,118.464223183027,5.998859992711661,5,4.689966868927697,Moto,Stormy,High,Metropolitian,False,0,1,0,6970.548238059358,7094.012461242384,Aumento_Velocidade,1
pedido_7016.620381440969_868,94.59897983503738,77.55292736316262,62.552927363162624,8.082724747793296,15,4.723486599997873,Moto,Sunny,High,Metropolitian,False,0,1,1,7016.620381440969,7094.173308804132,Aumento_Velocidade,1
pedido_7054.462723404749_895,43.61163323015197,29.935448690678363,29.935448690678363,4.949376794379878,10,4.632612887144653,Scooter,Stormy,Medium,Metropolitian,False,1,0,0,7054.462723404749,7094.398172095428,Nenhuma,1
pedido_6998.848069034122_849,98.16287300949418,91.58094893792295,91.58094893792295,5.721328590928799,5,4.57478748649487,Scooter,Sunny,Low,Metropolitian,False,0,0,1,6998.848069034122,7095.429017972045,Nenhuma,1
pedido_6969.529850549191_833,134.94826940247617,126.43302206391769,111.43302206391769,15.302328240204321,15,4.789482010904869,Scooter,Sandstorms,High,Metropolitian,True,0,1,0,6969.529850549191,7095.962872613109,Aumento_Velocidade,1
pedido_7003.165873629885_853,104.68946350435597,85.89375086730682,85.89375086730682,16.120923561933623,10,5.0,Moto,Stormy,Low,Metropolitian,True,0,0,0,7003.165873629885,7099.059624497192,Nenhuma,1
pedido_7063.857569817503_905,45.61014174250619,23.51895268592031,23.51895268592031,13.796079315477698,15,4.624442411820523,Scooter,Stormy,High,Metropolitian,True,1,1,0,7063.857569817503,7102.376522503423,Nenhuma,1
pedido_7000.3967593371535_851,128.79852146034818,112.01641707728383,97.01641707728383,8.210111384653702,5,4.788990234466578,Scooter,Stormy,High,Metropolitian,False,0,1,0,7000.3967593371535,7102.413176414438,Aumento_Velocidade,1
pedido_6995.158901027145_847,127.23676774088358,119.11682369882223,104.11682369882223,3.4947090085496897,5,4.816293583178252,Moto,Windy,Jam,Metropolitian,False,0,1,0,6995.158901027145,7104.275724725967,Aumento_Velocidade,1
pedido_6976.259321436038_837,134.05193592192418,128.1206881986097,113.12068819860971,4.943555996666892,15,4.516686312557344,Moto,Stormy,Medium,Urban,True,0,0,0,6976.259321436038,7104.380009634648,Rota_Reduzida,1
pedido_6981.4872190614315_839,141.48333835693205,123.0704014881994,108.0704014881994,13.93454992266189,15,4.491424579671065,Moto,Windy,Jam,Metropolitian,True,0,1,0,6981.4872190614315,7104.557620549631,Aumento_Velocidade,1
pedido_7038.194047088866_884,98.09455266861596,72.80318067088282,57.803180670882824,5.275288397493586,10,4.695520635806435,Moto,Sunny,High,Metropolitian,False,0,1,1,7038.194047088866,7105.997227759749,Aumento_Velocidade,1
pedido_7006.460536467_855,134.31799319249916,100.00944942527406,85.00944942527406,10.63361246243937,15,4.896789694515467,Moto,Stormy,Jam,Metropolitian,False,0,1,0,7006.460536467,7106.469985892274,Aumento_Velocidade,1
pedido_7009.467448216206_859,110.68582314232148,97.01069205553955,82.01069205553955,11.062389896114803,15,4.547902863465194,Scooter,Sunny,Jam,Metropolitian,False,0,1,1,7009.467448216206,7106.478140271746,Aumento_Velocidade,1
pedido_7008.341540529597_857,134.87341199793127,99.39178862564637,84.39178862564637,13.45020882563715,15,4.5865186924949235,Moto,Sandstorms,High,Metropolitian,True,0,1,0,7008.341540529597,7107.733329155244,Aumento_Velocidade,1
pedido_6981.850924380837_840,133.6082346190255,142.69169912139108,127.69169912139108,2.2771893527870075,5,4.6410418175772294,Moto,Foggy,High,Metropolitian,False,0,1,0,6981.850924380837,7114.542623502228,Aumento_Velocidade,0
pedido_6986.744815055453_844,143.77372109226033,134.13203151510854,119.13203151510854,14.10544788711553,10,5.0,Moto,Windy,Jam,Metropolitian,True,0,1,0,6986.744815055453,7115.876846570562,Aumento_Velocidade,1
pedido_6992.8865226328735_846,134.16818786371908,136.49666372122982,121.49666372122982,13.164722213890883,5,4.841902090099529,Scooter,Stormy,Jam,Metropolitian,False,0,1,0,6992.8865226328735,7119.383186354104,Aumento_Velocidade,0
pedido_6983.581457173354_843,144.89354670351824,136.0642942457301,121.06429424573011,16.828658212322754,15,4.537256074153297,Scooter,Foggy,High,Metropolitian,True,0,1,0,6983.581457173354,7119.645751419083,Aumento_Velocidade,0
pedido_6998.171982542913_848,137.18018836356558,121.697539999676,106.697539999676,6.754286500261513,15,4.707497870724304,Moto,Sandstorms,Medium,Metropolitian,True,0,0,0,6998.171982542913,7119.869522542589,Rota_Reduzida,1
pedido_6988.081093352128_845,138.15822506494976,141.83408275127567,126.83408275127567,18.183406570747316,5,4.654589265380272,Scooter,Sandstorms,Medium,Metropolitian,False,0,0,0,6988.081093352128,7119.915176103404,Rota_Reduzida,0
pedido_7027.554303897311_875,95.89393014248647,102.55370771387535,87.55370771387535,9.659115237984253,5,4.731227178282966,Scooter,Sunny,High,Metropolitian,False,0,1,1,7027.554303897311,7120.108011611186,Aumento_Velocidade,1
pedido_7007.227639158172_856,134.57001196479968,119.86200100615326,104.86200100615326,13.96136821326577,15,4.79579592052107,Moto,Sandstorms,High,Metropolitian,False,0,1,0,7007.227639158172,7127.089640164325,Aumento_Velocidade,1
pedido_7040.451063102479_888,127.1078617314641,94.63123571148623,79.63123571148623,0.18985317339780217,10,4.890501762694463,Moto,Windy,Jam,Metropolitian,False,0,1,0,7040.451063102479,7130.082298813965,Aumento_Velocidade,1
pedido_7016.298383907267_866,127.59980392749029,123.48932538423412,108.48932538423412,4.871696167056939,10,4.732011344460517,Moto,Windy,Jam,Metropolitian,False,0,1,0,7016.298383907267,7134.7877092915005,Aumento_Velocidade,1
pedido_7011.934311195149_860,130.2724199799915,129.47962270883647,114.47962270883647,18.82463367202133,10,4.6739995093020985,Moto,Stormy,High,Urban,False,0,1,0,7011.934311195149,7136.413933903986,Aumento_Velocidade,1
pedido_7015.689045237672_865,141.05864477031272,121.20762667163436,106.20762667163436,11.880028541473408,15,4.624894452960636,Scooter,Foggy,High,Metropolitian,False,0,1,0,7015.689045237672,7136.896671909306,Aumento_Velocidade,1
pedido_6961.529156735782_828,185.83590190739548,186.56541085253352,171.56541085253352,14.647967715349072,5,4.36126087155227,Moto,Sandstorms,High,Urban,False,0,1,0,6961.529156735782,7138.094567588315,Aumento_Velocidade,0
pedido_7032.76600167596_880,102.19847333539951,101.91478324872905,101.91478324872905,17.111415355037337,5,5.0,Moto,Windy,Low,Metropolitian,False,0,0,0,7032.76600167596,7139.680784924689,Nenhuma,1
pedido_7022.120123542031_873,139.89092564455524,128.269834477431,113.269834477431,15.969528732068465,5,4.943417321594288,Moto,Windy,Jam,Metropolitian,True,0,1,0,7022.120123542031,7140.389958019462,Aumento_Velocidade,1
pedido_7012.677529335128_861,133.16252520382372,128.3694849899255,113.3694849899255,22.647863493833732,15,4.7763614923181015,Scooter,Stormy,High,Metropolitian,False,0,1,0,7012.677529335128,7141.047014325054,Aumento_Velocidade,1
pedido_7021.347925480419_872,133.50257601495613,130.42600855012915,115.42600855012915,13.551965039367794,5,4.619771810622176,Moto,Windy,High,Metropolitian,False,0,1,0,7021.347925480419,7141.773934030548,Aumento_Velocidade,1
pedido_7015.323346377681_864,130.52303003504417,136.5212395479225,121.5212395479225,16.660578137700018,5,4.698929642674865,Moto,Stormy,High,Metropolitian,True,0,1,0,7015.323346377681,7141.844585925604,Aumento_Velocidade,0
pedido_6933.711729228273_800,196.13126313712712,198.13733181066772,198.13733181066772,4.666789230165287,10,4.3263630289914055,Van,Sunny,High,Metropolitian,True,0,1,1,6933.711729228273,7141.849061038941,Nenhuma,0
pedido_7054.93361832085_896,104.30844754963965,87.88021051099877,72.88021051099877,10.453121676100611,15,4.723885418160677,Moto,Sunny,High,Metropolitian,True,0,1,1,7054.93361832085,7142.813828831849,Aumento_Velocidade,1
pedido_7028.445171197807_877,132.37640653175018,115.08997420738123,100.08997420738123,4.74938013743329,15,4.787742358034555,Scooter,Sandstorms,High,Metropolitian,False,0,1,0,7028.445171197807,7143.535145405189,Aumento_Velocidade,1
pedido_7059.503205760259_900,102.53426739474033,89.05598275187525,74.05598275187525,17.530264529480352,10,4.811675517884774,Moto,Sunny,Medium,Metropolitian,False,0,0,1,7059.503205760259,7143.559188512135,Rota_Reduzida,1
pedido_7047.938640973255_891,124.33717820178744,112.93865872642353,92.93865872642353,14.069873225358856,5,4.700393392575726,Scooter,Windy,High,Other,False,0,1,0,7047.938640973255,7145.877299699679,Rota_Reduzida,1
pedido_7012.80182803887_862,133.77803134343924,133.9040257753599,118.90402577535991,16.92879354518336,15,4.921251884081819,Moto,Windy,High,Urban,False,0,1,0,7012.80182803887,7146.705853814229,Aumento_Velocidade,1
pedido_7068.154861052681_910,100.52551238629248,79.91975053723404,64.91975053723404,3.584581981089589,15,4.603499959293685,Moto,Sunny,High,Metropolitian,True,0,1,1,7068.154861052681,7148.074611589915,Aumento_Velocidade,1
pedido_7067.909092058845_909,98.16308062070777,80.70559346786987,65.70559346786987,7.985265880161386,15,4.609291000329982,Scooter,Sunny,Jam,Metropolitian,False,0,1,1,7067.909092058845,7148.614685526715,Aumento_Velocidade,1
pedido_7033.92567039071_881,129.2922408826794,117.79854705728815,102.79854705728815,3.3594635976213536,15,4.713569962599209,Moto,Stormy,High,Metropolitian,False,0,1,0,7033.92567039071,7151.724217447999,Aumento_Velocidade,1
pedido_7034.112334566641_882,135.71084824131245,122.64546069057076,107.64546069057076,7.195939753222587,10,4.76423995612186,Moto,Windy,Medium,Metropolitian,False,0,0,0,7034.112334566641,7151.757795257212,Rota_Reduzida,1
pedido_7058.237458177157_899,102.1106175229858,84.6027554905755,84.6027554905755,10.366791040508144,10,4.856883705381779,Moto,Sandstorms,Low,Metropolitian,False,0,0,0,7058.237458177157,7152.840213667733,Nenhuma,1
pedido_7027.179241677363_874,138.44162519439575,130.91429587198908,110.91429587198908,18.55488003366187,15,4.779628119929613,Scooter,Foggy,Jam,Other,False,0,1,0,7027.179241677363,7153.093537549353,Rota_Reduzida,1
pedido_7115.183905824394_940,45.28368199552643,24.406706443255047,24.406706443255047,3.387447853080089,15,4.672131100795913,Moto,Foggy,High,Metropolitian,True,1,1,0,7115.183905824394,7154.590612267649,Nenhuma,1
pedido_7002.409369213444_852,184.16325595666999,152.3919904242979,137.3919904242979,18.261339771510897,15,4.432130452239279,Moto,Sandstorms,High,Metropolitian,False,0,1,0,7002.409369213444,7154.801359637741,Aumento_Velocidade,0
pedido_7016.512481324592_867,153.74652550844667,143.60790369204304,128.60790369204304,18.442594293130735,10,4.494717044604204,Moto,Foggy,Jam,Metropolitian,False,0,1,0,7016.512481324592,7155.120385016635,Aumento_Velocidade,0
pedido_7082.463702681028_917,100.00171326255364,72.8636260500129,57.8636260500129,4.672525908807532,15,4.725254760774022,Moto,Sunny,High,Urban,True,0,1,1,7082.463702681028,7155.32732873104,Aumento_Velocidade,1
pedido_7028.426525908972_876,132.29262441145536,126.99243533078334,111.99243533078334,12.241180694962127,15,4.603589664648846,Moto,Windy,Medium,Urban,False,0,0,0,7028.426525908972,7155.418961239755,Rota_Reduzida,1
pedido_7065.265609647504_907,98.71650902594666,85.88242022818628,85.88242022818628,4.941241208760765,5,4.579487912539333,Van,Sunny,High,Metropolitian,False,0,1,1,7065.265609647504,7156.148029875691,Nenhuma,1
pedido_7040.841128583869_889,132.6685663675884,125.90589186035277,110.90589186035277,14.48017774700267,5,4.787753327133613,Moto,Stormy,Medium,Metropolitian,False,0,0,0,7040.841128583869,7156.747020444222,Rota_Reduzida,1
pedido_7031.012395902097_879,139.90141050988333,126.08827600002323,111.08827600002323,10.741883319657695,15,4.868725388574801,Scooter,Foggy,High,Urban,False,0,1,0,7031.012395902097,7157.10067190212,Aumento_Velocidade,1
pedido_7036.026117360214_883,130.1646528332808,133.86391658711798,118.86391658711798,10.068401639434235,5,4.640953744544566,Scooter,Stormy,High,Metropolitian,False,0,1,0,7036.026117360214,7159.890033947332,Aumento_Velocidade,1
pedido_7107.637679882013_936,44.59117736600349,37.39976155781846,37.39976155781846,3.2522046973911873,15,5.0,Moto,Foggy,High,Metropolitian,False,1,1,0,7107.637679882013,7160.037441439831,Nenhuma,1
pedido_7000.341870172033_850,185.1769961375744,170.49326309484115,155.49326309484115,12.4980393249166,5,4.442362609006221,Scooter,Sandstorms,High,Metropolitian,True,0,1,0,7000.341870172033,7160.835133266874,Aumento_Velocidade,0
pedido_7030.525772328723_878,130.87584322847871,140.93327155151002,125.93327155151002,3.939845509473807,5,5.0,Moto,Stormy,High,Metropolitian,True,0,1,0,7030.525772328723,7161.459043880233,Aumento_Velocidade,0
pedido_7109.831588101753_937,44.88097524738472,43.19168114303335,43.19168114303335,2.512117143480796,15,4.706361865970894,Moto,Stormy,Jam,Metropolitian,True,1,1,0,7109.831588101753,7168.023269244787,Nenhuma,1
pedido_7040.385513180487_887,132.42513741150682,126.43761867934163,126.43761867934163,6.294894638960854,5,4.645631873254444,Van,Sandstorms,High,Metropolitian,False,0,1,0,7040.385513180487,7171.823131859828,Nenhuma,0
pedido_7062.0439847899925_901,142.15103644375816,111.622182757189,96.622182757189,18.42322708263417,15,4.621864195639602,Scooter,Foggy,High,Metropolitian,False,0,1,0,7062.0439847899925,7173.666167547181,Aumento_Velocidade,1
pedido_7052.848765817563_893,128.4409494549663,116.54606778313551,116.54606778313551,4.623528565854862,5,4.7268190200195415,Van,Stormy,High,Metropolitian,False,0,1,0,7052.848765817563,7174.394833600698,Nenhuma,1
pedido_7055.982734818546_898,132.4946085953814,118.85041479772096,103.85041479772096,6.6038975587173745,15,4.838696877619569,Scooter,Foggy,High,Metropolitian,True,0,1,0,7055.982734818546,7174.833149616267,Aumento_Velocidade,1
pedido_7071.509938972228_913,128.45915457085135,113.7193068684987,98.7193068684987,5.701907347705639,5,5.0,Moto,Foggy,Medium,Urban,False,0,0,0,7071.509938972228,7175.229245840726,Rota_Reduzida,1
pedido_7042.404464198434_890,133.46870191314758,118.28202705097073,118.28202705097073,9.188840803261769,15,4.2931354430506365,Moto,Stormy,Low,Metropolitian,False,0,0,0,7042.404464198434,7175.686491249405,Nenhuma,1
pedido_7039.133925605503_885,145.10180668824276,146.60195263095255,131.60195263095255,14.039463425909263,5,5.0,Scooter,Foggy,Medium,Metropolitian,False,0,0,0,7039.133925605503,7175.735878236455,Rota_Reduzida,0
pedido_7086.846387289207_922,130.77464878307057,90.54836100843039,75.54836100843039,5.8243161556256915,15,4.676185542189659,Moto,Windy,High,Urban,False,0,1,0,7086.846387289207,7177.394748297637,Aumento_Velocidade,1
pedido_7090.541994944517_925,101.55582003085014,79.46180231639214,79.46180231639214,5.609418787218788,10,4.820035834875592,Van,Stormy,Low,Metropolitian,False,0,0,0,7090.541994944517,7180.003797260909,Nenhuma,1
pedido_7019.087554760037_870,175.43608880082084,162.11602786256447,147.11602786256447,4.264241945853269,15,4.274693492875157,Scooter,Stormy,High,Metropolitian,False,0,1,0,7019.087554760037,7181.203582622602,Aumento_Velocidade,0
pedido_7053.433037585206_894,137.53547963773735,139.06731606504783,124.06731606504783,10.360006785308276,5,4.9000150049197115,Moto,Windy,High,Metropolitian,False,0,1,0,7053.433037585206,7182.500353650254,Aumento_Velocidade,0
pedido_7062.156924280532_902,127.9754943419807,121.89894649475278,106.89894649475278,4.807521528930158,15,4.787439823738159,Moto,Windy,Jam,Metropolitian,False,0,1,0,7062.156924280532,7184.055870775284,Aumento_Velocidade,1
pedido_7088.911068711199_923,125.343143144716,106.1838677076254,91.1838677076254,3.2600627417935955,5,4.904390504362548,Moto,Foggy,Medium,Metropolitian,False,0,0,0,7088.911068711199,7185.094936418825,Rota_Reduzida,1
pedido_7062.423037182005_903,137.1053797399156,127.81888174927559,112.81888174927559,6.635041673290396,10,5.0,Scooter,Sandstorms,High,Metropolitian,False,0,1,0,7062.423037182005,7185.24191893128,Aumento_Velocidade,1
pedido_7077.324067249761_914,132.36481215780856,111.40149230921314,96.40149230921314,3.7642436261589967,15,4.7033097216797515,Moto,Sandstorms,High,Metropolitian,False,0,1,0,7077.324067249761,7188.725559558974,Aumento_Velocidade,1
pedido_7020.981504533799_871,177.4715841195258,178.52082944902344,163.52082944902344,14.803437678286631,5,4.442513553610822,Moto,Sunny,High,Urban,False,0,1,1,7020.981504533799,7189.502333982822,Aumento_Velocidade,0
pedido_7063.389812145939_904,135.27831051114404,136.3321348521584,121.33213485215839,18.631190186951095,5,4.579780745796818,Scooter,Sandstorms,High,Urban,False,0,1,0,7063.389812145939,7189.721946998097,Aumento_Velocidade,0
pedido_7110.537331206758_938,94.5437503496169,92.61261432263221,77.61261432263221,7.51988577191327,5,4.791780066558047,Moto,Sunny,High,Metropolitian,False,0,1,1,7110.537331206758,7193.14994552939,Aumento_Velocidade,1
pedido_7014.452705051832_863,186.0238136148718,190.08005220377285,175.08005220377285,16.277036610084973,5,4.149213795821985,Moto,Windy,Medium,Metropolitian,True,0,0,0,7014.452705051832,7194.532757255604,Rota_Reduzida,0
pedido_7077.552148898387_915,121.80375395697871,129.69984861310687,114.69984861310687,4.998448859527761,5,4.8545147514355325,Moto,Foggy,Medium,Other,False,0,0,0,7077.552148898387,7197.251997511494,Rota_Reduzida,1
pedido_7090.041625030905_924,120.08595652519608,92.90726280020327,92.90726280020327,13.760619756197428,15,4.891723830786311,Moto,Sunny,Low,Urban,False,0,0,1,7090.041625030905,7197.948887831109,Nenhuma,1
pedido_7064.605676572206_906,134.7347176470133,133.42515740409172,118.42515740409172,12.451234650234142,15,4.8684598645347155,Moto,Sandstorms,High,Metropolitian,False,0,1,0,7064.605676572206,7198.030833976298,Aumento_Velocidade,1
pedido_7084.252624844231_919,127.58882414176813,124.44006466939283,109.44006466939283,7.304317483211335,5,4.636327751462406,Moto,Sandstorms,Jam,Metropolitian,True,0,1,0,7084.252624844231,7198.692689513624,Aumento_Velocidade,1
pedido_7016.73914475724_869,188.23592991449317,167.2637889610439,167.2637889610439,17.574074414952886,15,4.396370976619462,Van,Windy,Medium,Metropolitian,False,0,0,0,7016.73914475724,7199.002933718284,Nenhuma,0
pedido_7094.728220689733_927,98.0380923251672,99.99472722651949,99.99472722651949,1.4006316593452315,5,4.689913976706071,Moto,Sunny,Low,Urban,False,0,0,1,7094.728220689733,7199.722947916252,Nenhuma,1
pedido_7140.156270202197_963,97.64785828064164,64.92398744332283,49.92398744332283,8.132849119326508,10,4.815439062054553,Scooter,Sunny,High,Metropolitian,True,0,1,1,7140.156270202197,7200.08025764552,Aumento_Velocidade,1
pedido_7078.031071724554_916,131.16424252679963,124.19148034496092,109.19148034496092,8.702390964377043,15,4.719510572194292,Moto,Sandstorms,High,Urban,False,0,1,0,7078.031071724554,7202.222552069515,Aumento_Velocidade,1
pedido_7094.957294802201_928,103.1791151806495,92.49968519499637,92.49968519499637,3.6954848215184404,15,4.667432706272639,Moto,Stormy,Low,Metropolitian,False,0,0,0,7094.957294802201,7202.456979997198,Nenhuma,1
pedido_7067.741586658998_908,141.5803288898098,141.44481821970692,126.44481821970692,18.57931031175769,10,4.540916083970754,Scooter,Windy,Jam,Metropolitian,True,0,1,0,7067.741586658998,7204.186404878705,Aumento_Velocidade,0
pedido_7069.49342966514_911,132.37142696849875,146.48112581283485,131.48112581283485,4.893966274050089,5,4.895682407110795,Moto,Sandstorms,High,Metropolitian,False,0,1,0,7069.49342966514,7205.974555477975,Aumento_Velocidade,0
pedido_7049.3689443069625_892,172.45489461027302,162.26120878894125,147.26120878894125,6.6564729550415525,10,4.373094839152662,Scooter,Stormy,Medium,Metropolitian,False,0,0,0,7049.3689443069625,7206.630153095904,Rota_Reduzida,0
pedido_7097.483987707584_929,102.26223545671338,99.61387505051349,99.61387505051349,2.7723270496036636,10,4.8700247711266735,Moto,Sandstorms,Low,Metropolitian,True,0,0,0,7097.483987707584,7207.097862758097,Nenhuma,1
pedido_7156.600332348062_972,45.51577648731973,41.79043280506032,41.79043280506032,11.502108891385515,10,4.622287017207613,Moto,Foggy,Medium,Urban,False,1,0,0,7156.600332348062,7208.390765153122,Nenhuma,1
pedido_7085.581346714575_920,129.99146977646632,123.38491203316408,108.38491203316408,12.548780733118406,15,4.70274316869115,Moto,Stormy,High,Metropolitian,False,0,1,0,7085.581346714575,7208.96625874774,Aumento_Velocidade,1
pedido_7110.734542956743_939,129.16300390794464,109.93890850089288,94.93890850089288,5.5419274187741845,5,4.854024041661374,Moto,Windy,High,Metropolitian,True,0,1,0,7110.734542956743,7210.673451457636,Aumento_Velocidade,1
pedido_7103.663741334477_935,133.1817589023007,109.3478535199005,94.3478535199005,8.215647757569585,15,4.790689505550661,Moto,Foggy,High,Metropolitian,False,0,1,0,7103.663741334477,7213.011594854377,Aumento_Velocidade,1
pedido_7117.74684138141_942,101.08042258277592,82.27698828498168,82.27698828498168,3.629259902987581,15,4.508297243093045,Moto,Windy,Low,Metropolitian,False,0,0,0,7117.74684138141,7215.023829666392,Nenhuma,1
pedido_7102.488711909359_933,130.3810862204473,112.9292405380357,97.9292405380357,8.030739382210033,15,4.707962871393201,Moto,Foggy,Jam,Metropolitian,False,0,1,0,7102.488711909359,7215.417952447395,Aumento_Velocidade,1
pedido_7093.596158607371_926,131.31007929737657,121.84461307350946,106.84461307350946,8.57455111789087,15,4.763452794459404,Moto,Sandstorms,High,Urban,False,0,1,0,7093.596158607371,7215.44077168088,Aumento_Velocidade,1
pedido_7137.451893082953_959,95.89393014248647,78.54548301313811,63.54548301313811,9.389751027289574,15,4.749073003480918,Moto,Sunny,High,Metropolitian,False,0,1,1,7137.451893082953,7215.997376096091,Aumento_Velocidade,1
pedido_7055.84299237665_897,188.8313309417152,162.76348618509203,147.76348618509203,14.926718611196257,15,4.434896524709258,Moto,Sandstorms,Medium,Metropolitian,False,0,0,0,7055.84299237665,7218.606478561742,Rota_Reduzida,0
pedido_7137.318684378751_958,96.89459848611727,91.61466098293414,76.61466098293414,6.658442146997633,5,4.922896602683585,Moto,Sunny,Medium,Metropolitian,False,0,0,1,7137.318684378751,7218.933345361685,Rota_Reduzida,1
pedido_7097.928274500905_930,136.1016204954688,136.4688524997774,121.4688524997774,13.73693955695996,5,4.8327019897774175,Moto,Windy,High,Metropolitian,True,0,1,0,7097.928274500905,7224.397127000682,Aumento_Velocidade,0
pedido_7101.337100268944_932,120.03980767230308,110.14881914795052,110.14881914795052,15.316668434603073,15,4.707127824217011,Moto,Sunny,Low,Metropolitian,False,0,0,1,7101.337100268944,7226.485919416894,Nenhuma,1
pedido_7118.205029348543_943,136.21039020730726,110.18630487580867,95.18630487580867,0.5556895792932588,15,4.980951114388923,Scooter,Sandstorms,High,Metropolitian,False,0,1,0,7118.205029348543,7228.391334224351,Aumento_Velocidade,1
pedido_7103.282498745614_934,125.79028943853449,135.2557695103352,120.2557695103352,6.802769299462305,5,4.610075085570881,Moto,Foggy,Medium,Metropolitian,False,0,0,0,7103.282498745614,7228.538268255949,Rota_Reduzida,0
pedido_7115.84657865761_941,129.2922408826794,113.47738080072216,98.47738080072216,3.805769612677741,15,4.731683690949474,Moto,Stormy,High,Urban,False,0,1,0,7115.84657865761,7229.323959458332,Aumento_Velocidade,1
pedido_7098.926482590139_931,145.10180668824276,135.45281593481192,120.45281593481192,15.287687195814563,10,5.0,Moto,Foggy,Medium,Metropolitian,False,0,0,0,7098.926482590139,7229.379298524951,Rota_Reduzida,0
pedido_7135.602326088032_956,103.42555449491033,85.81131830294919,85.81131830294919,15.60718791929857,10,4.715659432007276,Scooter,Windy,Low,Metropolitian,False,0,0,0,7135.602326088032,7231.413644390981,Nenhuma,1
pedido_7130.738691209871_952,122.85313407736255,107.18454461704374,87.18454461704374,8.079249244449526,15,4.94193192036897,Moto,Windy,High,Other,False,0,1,0,7130.738691209871,7232.923235826915,Rota_Reduzida,1
pedido_7069.609415755938_912,172.06142915747645,168.74831105365186,153.74831105365186,4.908458418372382,10,4.347305001986854,Scooter,Sandstorms,Medium,Metropolitian,False,0,0,0,7069.609415755938,7233.3577268095905,Rota_Reduzida,0
pedido_7121.273203987707_946,133.05681345996058,114.48134094190476,99.48134094190476,1.2300300958785568,15,4.873790972501116,Moto,Sandstorms,High,Metropolitian,False,0,1,0,7121.273203987707,7235.754544929612,Aumento_Velocidade,1
pedido_7128.427414504051_949,132.30446268278448,117.22396865037646,102.22396865037646,5.531720037954379,10,4.8827657236688875,Moto,Sandstorms,High,Metropolitian,False,0,1,0,7128.427414504051,7240.651383154427,Aumento_Velocidade,1
pedido_7119.267337934545_944,134.0822884886727,127.28156954168608,112.28156954168608,0.9383870942526054,10,4.772704443737333,Moto,Windy,Medium,Metropolitian,False,0,0,0,7119.267337934545,7241.548907476231,Rota_Reduzida,1
pedido_7086.32912526248_921,175.71144601117317,165.51952695130788,150.51952695130788,3.191492046978251,5,4.375720779296033,Moto,Foggy,Jam,Metropolitian,False,0,1,0,7086.32912526248,7241.848652213788,Aumento_Velocidade,0
pedido_7083.698218150588_918,188.31521871026615,164.46379239650997,144.46379239650997,5.0182464458454215,15,4.431321491934344,Scooter,Sunny,High,Other,False,0,1,1,7083.698218150588,7243.162010547098,Rota_Reduzida,0
pedido_7132.509546389686_954,119.13933523193698,97.19883477058339,97.19883477058339,10.435177324359437,15,4.593520983430135,Scooter,Sunny,Low,Metropolitian,False,0,0,1,7132.509546389686,7244.70838116027,Nenhuma,1
pedido_7183.380262274847_990,99.13226216411756,71.92935552381422,56.92935552381422,4.924434874403076,5,4.910226825817756,Moto,Sunny,High,Metropolitian,True,0,1,1,7183.380262274847,7245.309617798662,Aumento_Velocidade,1
pedido_7148.850222069912_968,104.26384968245269,86.62602741851605,86.62602741851605,14.698463430816714,10,4.847007427637041,Scooter,Windy,Low,Metropolitian,False,0,0,0,7148.850222069912,7245.476249488428,Nenhuma,1
pedido_7126.559318138276_948,135.50455766345638,129.15405675248508,114.15405675248508,16.273218248435523,5,4.4801763210960335,Moto,Sandstorms,High,Metropolitian,False,0,1,0,7126.559318138276,7245.713374890761,Aumento_Velocidade,1
pedido_7139.035038528866_962,122.2893914797876,118.22153282734374,98.22153282734374,8.820096183694716,10,4.748438527666538,Moto,Sandstorms,High,Other,False,0,1,0,7139.035038528866,7247.25657135621,Rota_Reduzida,1
pedido_7130.853069758937_953,125.05957027558483,121.61882176808365,106.61882176808365,2.716692902184819,10,4.885381838021274,Scooter,Foggy,Medium,Metropolitian,False,0,0,0,7130.853069758937,7247.4718915270205,Rota_Reduzida,1
pedido_7129.900913114981_951,136.48641133305657,128.58716799348292,113.58716799348292,9.201713600248564,5,5.0,Moto,Foggy,High,Metropolitian,False,0,1,0,7129.900913114981,7248.488081108464,Aumento_Velocidade,1
pedido_7139.0176026005865_961,136.8305186992407,114.63656507548066,99.63656507548066,16.490590599313883,10,4.773399938913437,Moto,Sandstorms,Medium,Metropolitian,False,0,0,0,7139.0176026005865,7248.654167676067,Rota_Reduzida,1
pedido_7128.448411640096_950,141.90398567706964,124.19137322167558,109.19137322167558,11.209220846007922,15,4.692804664228298,Moto,Foggy,Medium,Metropolitian,False,0,0,0,7128.448411640096,7252.639784861772,Rota_Reduzida,1
pedido_7169.27058221984_980,99.8869645997601,84.67427248795285,69.67427248795285,5.617756831280069,15,4.8740686465112555,Moto,Sunny,Jam,Metropolitian,False,0,1,1,7169.27058221984,7253.944854707794,Aumento_Velocidade,1
pedido_7124.52195114844_947,137.40436269258382,130.40374467442155,115.40374467442155,14.121751605836256,15,4.686804235312175,Scooter,Sandstorms,Medium,Metropolitian,True,0,0,0,7124.52195114844,7254.925695822862,Rota_Reduzida,1
pedido_7143.830646820451_966,134.61013986939884,112.47098728150515,97.47098728150515,5.0420121427414335,15,4.465168905143052,Moto,Stormy,Medium,Metropolitian,False,0,0,0,7143.830646820451,7256.301634101957,Rota_Reduzida,1
pedido_7121.046241933455_945,129.36101408685738,135.66236518311453,120.66236518311453,14.736133282886799,15,4.727985243053783,Moto,Stormy,High,Urban,False,0,1,0,7121.046241933455,7256.7086071165695,Aumento_Velocidade,0
pedido_7168.556138688841_979,127.40736718364593,93.35421466602926,73.35421466602926,17.1633024345349,15,4.73792632236513,Moto,Sandstorms,High,Other,False,0,1,0,7168.556138688841,7256.9103533548705,Rota_Reduzida,1
pedido_7136.13944427779_957,112.40113977100157,127.05208301071579,112.05208301071579,15.923704978971557,10,4.616583083260548,Moto,Sunny,Jam,Metropolitian,True,0,1,1,7136.13944427779,7258.191527288506,Aumento_Velocidade,1
pedido_7142.221639167992_964,130.91851907444766,127.69133319225546,112.69133319225546,1.3433746263764212,5,4.874384322041543,Moto,Sandstorms,Medium,Metropolitian,False,0,0,0,7142.221639167992,7259.912972360247,Rota_Reduzida,1
pedido_7174.139397861338_984,107.22153709345628,89.57905200032366,74.57905200032366,22.67480597903203,15,4.654973178198026,Scooter,Sunny,High,Metropolitian,True,0,1,1,7174.139397861338,7263.718449861662,Aumento_Velocidade,1
pedido_7175.007876046881_986,98.71650902594666,100.05487927222086,85.05487927222086,5.342539487200329,5,4.628454138369386,Scooter,Sunny,High,Metropolitian,False,0,1,1,7175.007876046881,7265.0627553191025,Aumento_Velocidade,1
pedido_7155.185434500335_971,125.26712194163714,109.9583464297482,94.9583464297482,3.062442936111196,15,4.955816751887466,Scooter,Foggy,Medium,Metropolitian,False,0,0,0,7155.185434500335,7265.143780930083,Rota_Reduzida,1
pedido_7178.066628409366_989,107.86212176892744,87.33512646880565,72.33512646880565,9.89807250630436,15,4.499020612479726,Scooter,Sunny,High,Metropolitian,True,0,1,1,7178.066628409366,7265.401754878171,Aumento_Velocidade,1
pedido_7163.193190039451_975,132.42763866647653,113.92033308986417,98.92033308986417,11.978620446624417,5,4.56161752742,Moto,Windy,High,Metropolitian,False,0,1,0,7163.193190039451,7267.113523129316,Aumento_Velocidade,1
pedido_7177.3692034262185_987,104.2206032208086,80.0720194461116,80.0720194461116,12.088523045963605,10,4.681656469851268,Van,Sunny,High,Metropolitian,True,0,1,1,7177.3692034262185,7267.44122287233,Nenhuma,1
pedido_7164.04263086175_976,98.54017620931167,90.65112649679682,90.65112649679682,0.0,15,4.5939260934541855,Scooter,Windy,Low,Metropolitian,False,0,0,0,7164.04263086175,7269.6937573585465,Nenhuma,1
pedido_7149.647208600985_969,132.1214206828547,130.82868762837398,115.82868762837398,5.792723808726315,5,4.623140623622678,Moto,Sandstorms,High,Metropolitian,False,0,1,0,7149.647208600985,7270.475896229359,Aumento_Velocidade,1
pedido_7177.72448699829_988,131.55296191601462,99.72907676348933,84.72907676348933,12.394191365622293,10,4.5153567141954785,Moto,Stormy,High,Metropolitian,False,0,1,0,7177.72448699829,7272.453563761779,Aumento_Velocidade,1
pedido_7157.23507981492_973,129.74365118615847,122.03336354387616,107.03336354387616,4.076400035516473,10,4.493418845307242,Moto,Sandstorms,Medium,Metropolitian,False,0,0,0,7157.23507981492,7274.2684433587965,Rota_Reduzida,1
pedido_7137.4637994929935_960,144.21975274826923,137.05680084984206,122.05680084984206,15.280915710304658,15,4.978072747629972,Moto,Foggy,High,Urban,True,0,1,0,7137.4637994929935,7274.520600342836,Aumento_Velocidade,0
pedido_7166.551328034672_977,124.13430493501154,118.69069624844663,103.69069624844663,3.0928068623496,5,4.682992758876464,Moto,Sandstorms,Jam,Urban,False,0,1,0,7166.551328034672,7275.242024283119,Aumento_Velocidade,1
pedido_7143.376414007208_965,141.3178313642075,139.23196096704632,124.23196096704632,14.593228968935078,10,4.5690923173172715,Moto,Foggy,High,Metropolitian,False,0,1,0,7143.376414007208,7277.608374974255,Aumento_Velocidade,0
pedido_7183.670566411415_991,124.23693942505002,100.71553018685937,80.71553018685937,15.643480437786515,15,4.829375539450146,Scooter,Windy,High,Other,False,0,1,0,7183.670566411415,7279.386096598275,Rota_Reduzida,1
pedido_7169.7597380147845_981,123.3960283444196,120.4898438047226,105.4898438047226,4.048720870691469,5,4.639792209286196,Moto,Stormy,Jam,Metropolitian,False,0,1,0,7169.7597380147845,7280.2495818195075,Aumento_Velocidade,1
pedido_7154.549733590795_970,130.8626028675974,134.23509737072473,119.23509737072473,16.116998301438812,10,4.5572956165182426,Moto,Stormy,High,Metropolitian,True,0,1,0,7154.549733590795,7283.784830961519,Aumento_Velocidade,1
pedido_7174.722610384614_985,133.49321796955448,121.50299306384255,106.50299306384255,11.070697676913516,5,4.765936022839035,Scooter,Windy,Medium,Urban,False,0,0,0,7174.722610384614,7286.225603448457,Rota_Reduzida,1
pedido_7167.317599370391_978,132.9768582819197,129.2517241079503,114.25172410795031,9.504687643016382,5,4.619401020799681,Moto,Foggy,Jam,Urban,True,0,1,0,7167.317599370391,7286.569323478341,Aumento_Velocidade,1
pedido_7196.502836075567_995,103.67709191331319,91.96825258242787,76.96825258242787,21.329822044449667,15,4.656261349003987,Scooter,Sunny,High,Metropolitian,False,0,1,1,7196.502836075567,7288.471088657995,Aumento_Velocidade,1
pedido_7133.547645618394_955,175.71144601117317,165.06104368600185,150.06104368600185,3.6730403160593412,10,4.431882613712515,Moto,Foggy,Jam,Metropolitian,False,0,1,0,7133.547645618394,7293.608689304396,Aumento_Velocidade,0
pedido_7144.088409959224_967,169.03647397547098,159.38991153216105,144.38991153216105,19.251216287609047,10,4.372293055338318,Moto,Sunny,Medium,Urban,False,0,0,1,7144.088409959224,7298.478321491385,Rota_Reduzida,0
pedido_7172.915671647988_983,136.18590984466064,134.66109207959505,119.66109207959505,12.224956037664017,10,4.461081316975478,Scooter,Foggy,Medium,Other,True,0,0,0,7172.915671647988,7302.576763727583,Rota_Reduzida,1
pedido_7171.327959966879_982,136.38915102731787,143.57680909776084,128.57680909776084,11.321461965153345,10,4.9715595897852936,Scooter,Windy,High,Urban,False,0,1,0,7171.327959966879,7309.904769064639,Aumento_Velocidade,0
pedido_7184.572801265439_992,140.4871397671035,137.8586307604267,122.8586307604267,16.117218452999158,5,4.821767754753897,Scooter,Foggy,High,Metropolitian,False,0,1,0,7184.572801265439,7312.431432025865,Aumento_Velocidade,0
pedido_7201.009590609308_999,103.67709191331319,96.60837730162531,96.60837730162531,20.870078394737092,15,4.736217298052633,Van,Sunny,High,Urban,False,0,1,1,7201.009590609308,7312.617967910934,Nenhuma,1
pedido_7188.603841000572_994,128.8521803025852,134.8898525847684,119.88985258476839,5.8698446702193,5,4.614215753439071,Scooter,Windy,High,Metropolitian,True,0,1,0,7188.603841000572,7313.49369358534,Aumento_Velocidade,1
pedido_7188.558488897399_993,127.2412030103888,136.82037789881662,121.82037789881662,5.410916914158465,5,4.602684313439119,Moto,Stormy,High,Urban,False,0,1,0,7188.558488897399,7315.378866796215,Aumento_Velocidade,0
pedido_7200.511505252336_998,132.1183112141599,123.2439764697047,108.2439764697047,19.52846262534654,10,4.593589122324835,Scooter,Stormy,High,Metropolitian,True,0,1,0,7200.511505252336,7318.755481722041,Aumento_Velocidade,1
pedido_7199.733521932143_997,142.387652892071,129.2201683217539,114.2201683217539,10.455135005651705,5,5.0,Scooter,Sandstorms,Jam,Metropolitian,False,0,1,0,7199.733521932143,7318.953690253897,Aumento_Velocidade,1
pedido_7157.990563638269_974,185.83590190739548,167.51938958839992,152.51938958839992,15.28773066543564,15,4.439089111005231,Moto,Sandstorms,High,Metropolitian,False,0,1,0,7157.990563638269,7325.509953226669,Aumento_Velocidade,0
pedido_7198.132758428981_996,174.11748261707774,170.9341627450167,155.9341627450167,0.0,15,4.391732375919176,Moto,Sandstorms,Jam,Metropolitian,False,0,1,0,7198.132758428981,7369.066921173998,Aumento_Velocidade,0
pedido_8667.34821685685_15,44.86488746489237,26.148949837308123,26.148949837308123,6.261991474747108,10,4.602408153460271,Moto,Foggy,Jam,Metropolitian,False,1,1,0,8667.34821685685,8703.497166694158,Nenhuma,1
pedido_8651.893668686405_4,123.22266420820121,110.63821508869849,90.63821508869849,8.643830753469096,5,4.812496881952117,Scooter,Windy,High,Other,False,0,1,0,8651.893668686405,8747.531883775104,Rota_Reduzida,1
pedido_8646.035047752575_1,133.4276074477385,109.31626307314374,94.31626307314374,4.285102678315344,15,4.72433647146877,Moto,Stormy,Medium,Metropolitian,False,0,0,0,8646.035047752575,8755.35131082572,Rota_Reduzida,1
pedido_8667.836049309266_17,123.65607272967715,104.98510715998566,84.98510715998566,16.386285330627437,10,4.556104929934411,Moto,Windy,High,Other,False,0,1,0,8667.836049309266,8762.821156469252,Rota_Reduzida,1
pedido_8677.860443468502_21,97.840891744027,90.32120246007709,75.32120246007709,7.738894457290078,10,4.799588361490192,Scooter,Sunny,High,Metropolitian,True,0,1,1,8677.860443468502,8763.18164592858,Aumento_Velocidade,1
pedido_8697.383949111707_36,95.39972886521163,66.9225726045667,51.922572604566696,0.0,15,4.843858284206913,Scooter,Sunny,High,Urban,False,0,1,1,8697.383949111707,8764.306521716273,Aumento_Velocidade,1
pedido_8686.883827388248_28,110.55105570494408,84.06708451862426,69.06708451862426,18.269777301107705,10,4.451854754694389,Scooter,Sunny,Jam,Metropolitian,False,0,1,1,8686.883827388248,8765.950911906873,Aumento_Velocidade,1
pedido_8642.240154348727_0,142.4903829005456,124.09235854813758,109.09235854813758,12.746639230346593,15,4.637353651605809,Moto,Foggy,High,Metropolitian,False,0,1,0,8642.240154348727,8766.332512896865,Aumento_Velocidade,1
pedido_8664.589213249887_12,99.8285228316992,96.98690364277147,96.98690364277147,5.604410953382183,5,4.45539654708781,Moto,Foggy,Low,Metropolitian,False,0,0,0,8664.589213249887,8766.576116892658,Nenhuma,1
pedido_8653.629267633956_8,132.75290817707386,113.42666091381881,98.42666091381881,6.533701085024083,15,4.817233488343317,Moto,Windy,High,Metropolitian,False,0,1,0,8653.629267633956,8767.055928547776,Aumento_Velocidade,1
pedido_8683.982185899842_25,100.25769970102965,74.55249432660786,74.55249432660786,3.750772827353282,10,4.68330963128541,Moto,Foggy,Low,Urban,False,0,0,0,8683.982185899842,8768.53468022645,Nenhuma,1
pedido_8652.818973223317_5,137.90735517420953,117.08120975426652,102.08120975426652,4.65760656565369,15,4.999704260328627,Moto,Windy,Medium,Urban,False,0,0,0,8652.818973223317,8769.900182977583,Rota_Reduzida,1
pedido_8671.467502423327_19,125.29313830858622,114.55425026724477,94.55425026724477,16.59634060144738,5,4.912482386265989,Moto,Stormy,High,Other,False,0,1,0,8671.467502423327,8771.021752690573,Rota_Reduzida,1
pedido_8655.585087884_9,133.84444198160432,126.62505839520261,111.62505839520261,13.34622869412317,5,4.6662320858771915,Scooter,Windy,High,Urban,False,0,1,0,8655.585087884,8772.210146279202,Aumento_Velocidade,1
pedido_8646.868737890076_2,130.6580430495067,120.81937193651257,120.81937193651257,7.316450457027484,5,4.7352619109685845,Van,Sandstorms,High,Metropolitian,True,0,1,0,8646.868737890076,8772.688109826588,Nenhuma,0
pedido_8653.131519300718_6,137.96978613880387,133.24590681140273,118.24590681140273,10.61945735069499,5,4.956557709474966,Scooter,Windy,Medium,Urban,False,0,0,0,8653.131519300718,8776.37742611212,Rota_Reduzida,1
pedido_8649.794545665816_3,138.51301974967362,137.37005764294477,122.37005764294477,20.37743004272278,5,4.704505316373546,Moto,Sandstorms,Medium,Metropolitian,False,0,0,0,8649.794545665816,8777.164603308762,Rota_Reduzida,0
pedido_8658.10436090518_10,136.42838612295796,119.73796069718841,104.73796069718841,16.807409576181232,15,4.6299608929813845,Moto,Sandstorms,Medium,Metropolitian,True,0,0,0,8658.10436090518,8777.842321602368,Rota_Reduzida,1
pedido_8679.500967104708_23,112.36431529147616,103.97756670470253,88.97756670470253,15.675114306342385,10,4.538360634284459,Moto,Sunny,Jam,Metropolitian,False,0,1,1,8679.500967104708,8778.478533809412,Aumento_Velocidade,1
pedido_8667.51806286985_16,140.98233946960423,117.8313571758404,102.8313571758404,11.477491700452358,15,4.968595478775277,Moto,Foggy,High,Metropolitian,False,0,1,0,8667.51806286985,8785.349420045692,Aumento_Velocidade,1
pedido_8702.201226335623_40,98.28802191966138,90.02219254629844,75.02219254629844,12.483252797329943,10,4.794444476192003,Scooter,Sunny,Medium,Urban,False,0,0,1,8702.201226335623,8787.223418881922,Rota_Reduzida,1
pedido_8676.55147096321_20,132.141537028009,102.06679358618533,102.06679358618533,6.880395602844166,10,4.9236763941710615,Van,Foggy,High,Metropolitian,False,0,1,0,8676.55147096321,8788.618264549395,Nenhuma,1
pedido_8666.929478794056_14,128.76537277574312,127.44564552842249,112.44564552842249,3.003365689379395,10,4.807197558931614,Moto,Windy,High,Metropolitian,True,0,1,0,8666.929478794056,8789.375124322478,Aumento_Velocidade,1
pedido_8701.170460538275_38,101.30841799014401,99.05614766052452,84.05614766052452,19.640019501544145,5,4.865853028556505,Scooter,Sunny,High,Metropolitian,False,0,1,1,8701.170460538275,8790.2266081988,Aumento_Velocidade,1
pedido_8678.176254000846_22,137.61740068824457,114.00216570224802,99.00216570224802,3.296444408991477,15,5.0,Moto,Sandstorms,High,Metropolitian,False,0,1,0,8678.176254000846,8792.178419703094,Aumento_Velocidade,1
pedido_8688.951487747307_31,129.55930572708635,105.29635339135814,90.29635339135814,5.794561053360951,15,4.669583612640333,Scooter,Foggy,Jam,Urban,False,0,1,0,8688.951487747307,8794.247841138666,Aumento_Velocidade,1
pedido_8653.42392682507_7,137.94867038915584,151.18481741505028,136.18481741505028,10.062984929945559,5,4.626214297231745,Moto,Windy,Jam,Metropolitian,False,0,1,0,8653.42392682507,8794.60874424012,Aumento_Velocidade,0
pedido_8670.122719928338_18,140.9742370610932,125.0470783755766,110.0470783755766,11.009699726147163,15,4.610195707160092,Moto,Foggy,High,Metropolitian,False,0,1,0,8670.122719928338,8795.169798303916,Aumento_Velocidade,1
pedido_8682.76424560562_24,110.96717871341394,107.64752046722931,107.64752046722931,10.524772469832508,5,4.7278520664129315,Van,Sunny,Jam,Metropolitian,True,0,1,1,8682.76424560562,8795.41176607285,Nenhuma,1
pedido_8687.094514268123_29,135.50349704249348,115.36132671812166,100.36132671812166,16.9218193153076,15,5.0,Scooter,Stormy,Medium,Metropolitian,False,0,0,0,8687.094514268123,8802.455840986244,Rota_Reduzida,1
pedido_8688.676302144897_30,144.4379631925873,113.86602262155893,98.86602262155893,21.301227006850993,15,4.474610412158992,Moto,Foggy,Medium,Metropolitian,True,0,0,0,8688.676302144897,8802.542324766457,Rota_Reduzida,1
pedido_8766.745210066181_74,54.97693556747737,35.96908572327818,35.96908572327818,11.010671591188087,5,4.39261335227149,Moto,Stormy,Low,Urban,False,1,0,0,8766.745210066181,8807.71429578946,Nenhuma,1
pedido_8660.76853580478_11,188.52323282330082,158.5564459016306,143.5564459016306,14.298161968099967,5,4.2179570470981735,Moto,Foggy,High,Metropolitian,False,0,1,0,8660.76853580478,8809.324981706412,Aumento_Velocidade,0
pedido_8701.542308160413_39,125.07763311258933,110.89208809320512,95.89208809320512,0.49213694711649936,15,4.781161069126225,Scooter,Stormy,Jam,Metropolitian,True,0,1,0,8701.542308160413,8812.434396253619,Aumento_Velocidade,1
pedido_8693.80147474333_35,132.75290817707386,129.14512243860725,114.14512243860725,7.16136225758064,5,4.760476292772335,Scooter,Windy,High,Metropolitian,False,0,1,0,8693.80147474333,8812.946597181937,Aumento_Velocidade,1
pedido_8722.657299074546_48,102.14489944933179,83.1776348469853,83.1776348469853,10.835455377982825,10,4.698803493032442,Van,Sunny,High,Urban,False,0,1,1,8722.657299074546,8815.834933921531,Nenhuma,1
pedido_8698.169720386584_37,130.3956212544653,118.25084979677354,103.25084979677354,8.993573074837464,15,5.0,Scooter,Sandstorms,Medium,Other,False,0,0,0,8698.169720386584,8816.420570183358,Rota_Reduzida,1
pedido_8690.421215866852_32,134.22901382469914,139.81421940880495,124.81421940880495,9.836398834887216,5,4.9921130872785,Moto,Sandstorms,High,Metropolitian,True,0,1,0,8690.421215866852,8820.235435275657,Aumento_Velocidade,0
pedido_8709.483870297316_43,130.22115973519726,116.03642565671242,101.03642565671242,14.744679394957469,10,4.849555387049054,Moto,Stormy,High,Metropolitian,True,0,1,0,8709.483870297316,8820.520295954027,Aumento_Velocidade,1
pedido_8729.411706174993_51,101.6743417057863,95.63542296250901,80.63542296250901,13.833904876295422,15,5.0,Moto,Sunny,High,Urban,False,0,1,1,8729.411706174993,8825.047129137502,Aumento_Velocidade,1
pedido_8723.169196301416_49,127.54068791102743,105.98087276646429,90.98087276646429,4.055809320322005,15,4.804097767883433,Scooter,Foggy,Jam,Metropolitian,False,0,1,0,8723.169196301416,8829.15006906788,Aumento_Velocidade,1
pedido_8692.37378323145_33,135.81874990203258,149.70148811235453,134.70148811235453,4.631507541756129,5,4.912994378990231,Moto,Stormy,Medium,Metropolitian,True,0,0,0,8692.37378323145,8832.075271343803,Rota_Reduzida,0
pedido_8665.100531391421_13,192.03797748343086,181.42009395885728,166.42009395885728,7.383131915818041,5,4.336301421042977,Moto,Sunny,High,Metropolitian,True,0,1,1,8665.100531391421,8836.520625350278,Aumento_Velocidade,0
pedido_8747.198578445723_61,103.81985237156267,94.39744368740844,79.39744368740844,14.503137931608379,10,4.776956784065918,Scooter,Sunny,High,Urban,True,0,1,1,8747.198578445723,8836.596022133132,Aumento_Velocidade,1
pedido_8730.89347413739_53,126.96753380258865,106.205814186119,91.205814186119,5.286181293293164,15,4.496353581933308,Moto,Foggy,Medium,Metropolitian,True,0,0,0,8730.89347413739,8837.09928832351,Rota_Reduzida,1
pedido_8704.556750228236_41,134.37619654620727,143.229792205976,128.229792205976,14.317942253332772,5,4.4734003992674625,Moto,Stormy,Medium,Metropolitian,True,0,0,0,8704.556750228236,8837.78654243421,Rota_Reduzida,0
pedido_8776.204572787072_80,58.0323326824592,57.5193593247498,57.5193593247498,12.780577460603293,5,4.418420577601834,Moto,Stormy,Medium,Metropolitian,False,1,0,0,8776.204572787072,8838.723932111821,Nenhuma,1
pedido_8714.559254613203_46,138.0695645508666,127.02057524869647,112.02057524869647,17.059159891176705,15,4.731990931809118,Scooter,Windy,Medium,Metropolitian,True,0,0,0,8714.559254613203,8841.5798298619,Rota_Reduzida,1
pedido_8745.109014380047_60,102.52977825637494,93.53419552297171,93.53419552297171,12.764489803946706,5,4.603644492160077,Moto,Stormy,Low,Metropolitian,False,0,0,0,8745.109014380047,8843.643209903019,Nenhuma,1
pedido_8741.452805086887_57,126.67977047479742,107.81865773040765,87.81865773040765,16.636118567140986,15,4.927131710175771,Moto,Sandstorms,High,Other,False,0,1,0,8741.452805086887,8844.271462817294,Rota_Reduzida,1
pedido_8718.400851181153_47,130.22040801448227,138.94251818352845,123.94251818352845,6.818577036442438,5,4.836912704839862,Moto,Sandstorms,High,Metropolitian,True,0,1,0,8718.400851181153,8847.343369364682,Aumento_Velocidade,0
pedido_8737.778120915116_55,132.67599241689362,114.58140856645271,99.58140856645271,4.26803340883358,10,4.649327113412616,Moto,Sandstorms,Medium,Metropolitian,True,0,0,0,8737.778120915116,8847.35952948157,Rota_Reduzida,1
pedido_8686.828174335451_27,175.43554980698858,165.73521317266935,150.73521317266935,7.848611995040478,10,4.426634622996604,Moto,Stormy,High,Urban,False,0,1,0,8686.828174335451,8847.56338750812,Aumento_Velocidade,0
pedido_8707.24333253996_42,141.3178313642075,152.7326515385784,137.7326515385784,15.48811748686691,5,4.627079125840815,Moto,Foggy,High,Metropolitian,False,0,1,0,8707.24333253996,8849.975984078537,Aumento_Velocidade,0
pedido_8750.110789899756_64,103.18714599631063,91.91413447607304,91.91413447607304,18.439172960442328,10,4.5096090084077485,Van,Sunny,Medium,Metropolitian,False,0,0,1,8750.110789899756,8852.02492437583,Nenhuma,1
pedido_8692.61315510806_34,182.50504276463354,165.53727514376146,150.53727514376146,16.124016075194767,10,4.4160851327552475,Scooter,Stormy,Medium,Metropolitian,True,0,0,0,8692.61315510806,8853.15043025182,Rota_Reduzida,0
pedido_8786.743716381989_83,99.77114096584833,75.11226359736877,60.11226359736877,4.5870455431931445,10,4.686886691079683,Moto,Sunny,High,Metropolitian,True,0,1,1,8786.743716381989,8856.855979979357,Aumento_Velocidade,1
pedido_8727.54136737971_50,120.8816120049666,120.66003496432398,120.66003496432398,16.052608827872664,10,4.801531801938216,Scooter,Sunny,Low,Metropolitian,False,0,0,1,8727.54136737971,8858.201402344033,Nenhuma,0
pedido_8686.046138294072_26,190.32844190215317,182.9715708382962,167.9715708382962,21.013298591363096,5,4.303928554201674,Moto,Foggy,High,Metropolitian,True,0,1,0,8686.046138294072,8859.017709132368,Aumento_Velocidade,0
pedido_8743.699163963767_58,131.42999544618885,125.83221163705622,110.83221163705622,6.82048226150072,5,4.507172225960296,Scooter,Foggy,High,Metropolitian,True,0,1,0,8743.699163963767,8859.531375600824,Aumento_Velocidade,1
pedido_8762.270404472947_71,128.10338629484463,113.63998199719077,98.63998199719077,3.1500162012697404,5,4.601060555242368,Scooter,Stormy,High,Metropolitian,False,0,1,0,8762.270404472947,8865.910386470137,Aumento_Velocidade,1
pedido_8791.91643943637_86,102.32355742919415,84.856440474916,69.856440474916,14.97433868946194,5,4.668303925563543,Moto,Sunny,Medium,Metropolitian,False,0,0,1,8791.91643943637,8866.772879911287,Rota_Reduzida,1
pedido_8767.431987436772_76,130.3150239244158,112.42189752246236,97.42189752246236,4.938499584706583,5,4.617579445804156,Moto,Foggy,Jam,Metropolitian,False,0,1,0,8767.431987436772,8869.853884959235,Aumento_Velocidade,1
pedido_8758.104593596949_69,134.03857758506481,117.99624030675731,102.99624030675731,5.48494814829118,10,4.547743023576391,Moto,Stormy,Medium,Metropolitian,False,0,0,0,8758.104593596949,8871.100833903705,Rota_Reduzida,1
pedido_8744.881326454071_59,130.3810862204473,126.4811018217816,111.4811018217816,7.938756118915869,15,4.67299484149142,Moto,Foggy,Jam,Metropolitian,False,0,1,0,8744.881326454071,8871.362428275854,Aumento_Velocidade,1
pedido_8842.324870461942_113,43.50260003401039,24.340749486240117,24.340749486240117,12.740372015881412,5,4.791502673068289,Moto,Stormy,High,Metropolitian,False,1,1,0,8842.324870461942,8871.665619948182,Nenhuma,1
pedido_8750.117069141797_65,123.41302427715361,108.01763881910836,108.01763881910836,9.393858492765828,15,4.7130426220836865,Van,Sandstorms,High,Other,False,0,1,0,8750.117069141797,8873.134707960906,Nenhuma,1
pedido_8749.661881877568_63,135.78937388233808,134.78054320718837,119.78054320718837,6.695203261179888,5,4.783694848980054,Scooter,Windy,Medium,Urban,False,0,0,0,8749.661881877568,8874.442425084757,Rota_Reduzida,1
pedido_8828.477091929915_102,43.96129375482451,41.45376124480861,41.45376124480861,3.27376123083776,5,4.750301456140264,Scooter,Stormy,Jam,Metropolitian,False,1,1,0,8828.477091929915,8874.930853174725,Nenhuma,1
pedido_8766.77920838793_75,104.2947179452544,104.64301693859844,104.64301693859844,11.756368932127762,5,4.8069973997219995,Moto,Windy,Low,Metropolitian,False,0,0,0,8766.77920838793,8876.422225326529,Nenhuma,1
pedido_8802.378594573345_90,96.29972951920548,74.52653347349387,59.52653347349387,5.021111882545583,15,4.752112597202545,Scooter,Sunny,Medium,Metropolitian,False,0,0,1,8802.378594573345,8876.90512804684,Rota_Reduzida,1
pedido_8732.248997252766_54,141.8150411933179,151.960963297301,136.960963297301,14.239445152672342,10,5.0,Moto,Sandstorms,Jam,Metropolitian,False,0,1,0,8732.248997252766,8879.209960550066,Aumento_Velocidade,0
pedido_8709.788919849861_44,176.58351273937564,179.58925946214757,164.58925946214757,9.580025414804574,5,4.381269675902233,Scooter,Stormy,High,Metropolitian,True,0,1,0,8709.788919849861,8879.378179312009,Aumento_Velocidade,0
pedido_8747.906948149066_62,141.8150411933179,141.51392133437184,126.51392133437184,14.98273163060586,5,4.973892108509452,Moto,Sandstorms,Jam,Urban,False,0,1,0,8747.906948149066,8879.420869483438,Aumento_Velocidade,0
pedido_8714.18594517345_45,175.6158435234842,176.18122353903763,161.18122353903763,6.2592755951440475,5,4.40041648861316,Moto,Sandstorms,High,Urban,True,0,1,0,8714.18594517345,8880.367168712488,Aumento_Velocidade,0
pedido_8781.687812901435_82,102.38665475488781,108.77164041427082,93.77164041427082,14.804836085519058,5,4.604030191337301,Moto,Sunny,High,Metropolitian,False,0,1,1,8781.687812901435,8880.459453315705,Aumento_Velocidade,1
pedido_8760.692092151514_70,131.43805205060914,126.91339032670001,111.91339032670001,7.833454067531119,10,4.671697669827738,Moto,Sandstorms,High,Metropolitian,False,0,1,0,8760.692092151514,8882.605482478213,Aumento_Velocidade,1
pedido_8756.547755533406_68,140.25509633782895,127.55159226678404,112.55159226678404,11.475400746210198,15,4.775999879014552,Moto,Foggy,High,Metropolitian,False,0,1,0,8756.547755533406,8884.09934780019,Aumento_Velocidade,1
pedido_8766.623616233519_73,133.02011079179732,126.96961392109367,111.96961392109367,16.868242501156104,10,4.463454531054019,Moto,Windy,High,Metropolitian,False,0,1,0,8766.623616233519,8888.593230154613,Aumento_Velocidade,1
pedido_8730.230722817425_52,166.65259792197014,174.57975478148842,159.57975478148842,5.3176902790213285,5,4.357359924609243,Scooter,Sunny,Medium,Metropolitian,False,0,0,1,8730.230722817425,8894.810477598914,Rota_Reduzida,0
pedido_8781.526994214017_81,135.66621676078677,114.24234941291789,99.24234941291789,14.118501320414982,15,5.0,Moto,Stormy,Medium,Metropolitian,True,0,0,0,8781.526994214017,8895.769343626935,Rota_Reduzida,1
pedido_8774.121571562666_77,134.52457831880213,130.90358158710342,115.90358158710342,16.405368282165536,10,4.824618458263712,Scooter,Sandstorms,High,Metropolitian,False,0,1,0,8774.121571562666,8900.025153149769,Aumento_Velocidade,1
pedido_8754.591201831276_67,141.5653798675711,145.73931986765277,130.73931986765277,18.20834545251626,15,4.803216855558338,Scooter,Foggy,High,Metropolitian,False,0,1,0,8754.591201831276,8900.330521698928,Aumento_Velocidade,0
pedido_8763.180852552294_72,135.1341148497821,127.33146514593233,127.33146514593233,12.249207968253321,10,4.763401270080555,Van,Sandstorms,High,Urban,True,0,1,0,8763.180852552294,8900.512317698227,Nenhuma,0
pedido_8790.310496723354_85,129.47617017427112,111.10935824472746,96.10935824472746,6.626131681382161,15,4.679268223460429,Moto,Foggy,Jam,Urban,False,0,1,0,8790.310496723354,8901.419854968082,Aumento_Velocidade,1
pedido_8775.373310298932_78,139.83112485148473,145.7253793203849,130.7253793203849,15.56456080759277,5,4.8268934831475505,Moto,Sandstorms,Jam,Metropolitian,False,0,1,0,8775.373310298932,8911.098689619317,Aumento_Velocidade,0
pedido_8832.375564586766_106,95.83018223132427,85.43329778706257,70.43329778706257,2.577934562748225,10,4.577416368587758,Moto,Sunny,High,Urban,False,0,1,1,8832.375564586766,8912.808862373828,Aumento_Velocidade,1
pedido_8738.760799600044_56,189.24871160785125,175.56844783436748,160.56844783436748,13.877860514352538,15,4.428400555485369,Scooter,Foggy,High,Metropolitian,True,0,1,0,8738.760799600044,8914.329247434413,Aumento_Velocidade,0
pedido_8831.308430110705_105,99.52735105208863,91.48421871468803,76.48421871468803,5.3704845945523925,10,5.0,Scooter,Sunny,High,Metropolitian,False,0,1,1,8831.308430110705,8917.792648825392,Aumento_Velocidade,1
pedido_8793.949796305438_87,130.51626891437508,125.37558075977802,110.37558075977802,0.9702662323209248,15,4.526928975699211,Moto,Sandstorms,High,Urban,True,0,1,0,8793.949796305438,8919.325377065215,Aumento_Velocidade,1
pedido_8867.879078303331_123,45.4963560928057,43.40597798178761,43.40597798178761,1.4474942140188278,10,4.700569145284776,Scooter,Windy,Medium,Metropolitian,False,1,0,0,8867.879078303331,8921.285056285118,Nenhuma,1
pedido_8787.83867501226_84,132.42513741150682,138.7184999084931,123.7184999084931,6.292329663314435,10,4.563086735564846,Moto,Sandstorms,High,Metropolitian,False,0,1,0,8787.83867501226,8921.557174920754,Aumento_Velocidade,0
pedido_8800.766799414634_89,134.52747174261597,131.5592074223325,116.55920742233249,7.709905661865563,5,4.997935808152526,Moto,Sandstorms,Medium,Urban,False,0,0,0,8800.766799414634,8922.326006836967,Rota_Reduzida,1
pedido_8831.099999055243_104,102.72064245037974,96.5686815887467,81.5686815887467,17.92951871905327,15,4.668518822391064,Moto,Sunny,High,Urban,False,0,1,1,8831.099999055243,8927.66868064399,Aumento_Velocidade,1
pedido_8811.890566043756_93,133.29683718715967,118.41427664164124,103.41427664164124,7.649399643481548,15,5.0,Moto,Foggy,Jam,Metropolitian,False,0,1,0,8811.890566043756,8930.304842685397,Aumento_Velocidade,1
pedido_8824.63345091581_100,104.71071341534416,91.88003450644892,91.88003450644892,11.486198648774565,15,4.954142086766014,Scooter,Stormy,Low,Metropolitian,True,0,0,0,8824.63345091581,8931.513485422258,Nenhuma,1
pedido_8819.411653892676_96,132.56295120106788,114.1608721811462,99.1608721811462,11.383727303869223,15,4.605514159540074,Moto,Windy,Medium,Metropolitian,False,0,0,0,8819.411653892676,8933.572526073822,Rota_Reduzida,1
pedido_8806.782210400557_91,139.30555996837478,132.4586313481418,117.45863134814181,13.183312308193978,10,4.73437990380204,Moto,Sandstorms,Jam,Metropolitian,False,0,1,0,8806.782210400557,8934.240841748699,Aumento_Velocidade,1
pedido_8799.022293316944_88,174.01470851315867,136.9264765250615,121.9264765250615,8.943932695057821,15,4.446243318483906,Scooter,Stormy,High,Metropolitian,True,0,1,0,8799.022293316944,8935.948769842005,Aumento_Velocidade,0
pedido_8870.248913456478_125,101.92106332080041,66.98477222890415,51.98477222890415,14.414647777965143,15,4.771091976741828,Moto,Sunny,High,Metropolitian,False,0,1,1,8870.248913456478,8937.233685685384,Aumento_Velocidade,1
pedido_8894.744037902014_136,45.1454798506284,35.05710577431246,35.05710577431246,6.01255176214049,10,4.841255226662853,Moto,Foggy,High,Urban,True,1,1,0,8894.744037902014,8939.801143676326,Nenhuma,1
pedido_8836.919782149946_107,102.00599211693107,113.13123303186671,98.13123303186671,11.667203362200496,5,4.559026866008185,Moto,Sunny,High,Metropolitian,False,0,1,1,8836.919782149946,8940.051015181813,Aumento_Velocidade,1
pedido_8818.44617304269_95,138.0015985248057,132.92604248215807,117.92604248215807,10.404229002213658,5,4.684261998198298,Moto,Windy,High,Metropolitian,False,0,1,0,8818.44617304269,8941.372215524849,Aumento_Velocidade,1
pedido_8822.411417054489_98,135.2407815227522,110.3843654121939,110.3843654121939,8.354830287518585,10,4.966229579004237,Van,Sandstorms,High,Metropolitian,True,0,1,0,8822.411417054489,8942.795782466683,Nenhuma,1
pedido_8841.948975733187_112,125.20167945999107,101.95225858939719,86.95225858939719,2.4040777585411055,15,4.794391253368186,Moto,Foggy,Medium,Metropolitian,False,0,0,0,8841.948975733187,8943.901234322584,Rota_Reduzida,1
pedido_8821.245247722247_97,134.01173920623864,123.28475151131974,108.28475151131974,4.301365650319285,15,4.86285541530453,Moto,Foggy,High,Metropolitian,False,0,1,0,8821.245247722247,8944.529999233566,Aumento_Velocidade,1
pedido_8824.252682530894_99,128.04003209954664,125.40713491227143,110.40713491227143,5.047518693061728,10,4.7112881445931905,Moto,Sandstorms,Jam,Urban,False,0,1,0,8824.252682530894,8944.659817443166,Aumento_Velocidade,1
pedido_8753.109403707864_66,186.67908926448328,189.68887596506093,189.68887596506093,12.628036039160849,5,4.406192408249801,Van,Sandstorms,Medium,Metropolitian,True,0,0,0,8753.109403707864,8947.798279672925,Nenhuma,0
pedido_8829.2472287628_103,123.43924810412568,117.34864255793374,117.34864255793374,2.0785867573486176,5,5.0,Van,Foggy,Medium,Metropolitian,True,0,0,0,8829.2472287628,8951.595871320735,Nenhuma,1
pedido_8828.335456405634_101,138.01061739169953,133.33275647235362,118.33275647235362,15.506667552258401,5,4.7853083094655045,Scooter,Sandstorms,Medium,Metropolitian,True,0,0,0,8828.335456405634,8951.668212877987,Rota_Reduzida,1
pedido_8838.55833090045_111,135.06389234334824,124.93494921534315,109.93494921534315,18.76592834003216,5,4.63822906653904,Scooter,Stormy,Medium,Metropolitian,False,0,0,0,8838.55833090045,8953.493280115794,Rota_Reduzida,1
pedido_8775.681307221288_79,197.47410294657448,178.65801430749775,163.65801430749775,11.166633889380982,15,4.237373088752582,Moto,Windy,Jam,Urban,True,0,1,0,8775.681307221288,8954.339321528785,Aumento_Velocidade,0
pedido_8837.947842546753_109,131.19275837410942,129.4102760611956,114.41027606119559,14.467294684928314,5,4.946802017722637,Scooter,Stormy,High,Urban,True,0,1,0,8837.947842546753,8957.358118607948,Aumento_Velocidade,1
pedido_8884.393132138057_131,98.26096723244603,80.14438982297212,65.14438982297212,4.28993163264564,10,4.493049019795685,Scooter,Sunny,Medium,Metropolitian,True,0,0,1,8884.393132138057,8959.537521961029,Rota_Reduzida,1
pedido_8811.883501672113_92,134.94826940247617,158.39590204928297,143.39590204928297,15.642712060569911,5,4.837434249024283,Moto,Sandstorms,High,Urban,True,0,1,0,8811.883501672113,8960.279403721395,Aumento_Velocidade,0
pedido_8838.335139085717_110,131.94519504728703,127.27222282505252,112.27222282505252,9.339315329696873,10,4.916332371267242,Moto,Windy,High,Urban,False,0,1,0,8838.335139085717,8960.60736191077,Aumento_Velocidade,1
pedido_8847.8026365382_116,132.0578098715746,113.65075613276946,98.65075613276946,0.0,15,5.0,Moto,Stormy,Medium,Urban,False,0,0,0,8847.8026365382,8961.453392670968,Rota_Reduzida,1
pedido_8854.085161997644_118,130.15787948885747,114.20869874612612,99.20869874612612,5.660428928087284,10,5.0,Moto,Windy,Medium,Other,False,0,0,0,8854.085161997644,8963.29386074377,Rota_Reduzida,1
pedido_8859.171406571691_120,110.48727165018981,99.83385997334821,99.83385997334821,16.927813054029933,5,4.826098776752591,Moto,Foggy,Low,Metropolitian,False,0,0,0,8859.171406571691,8964.00526654504,Nenhuma,1
pedido_8847.372622010298_115,129.1477315054536,117.98305475429791,102.98305475429791,2.9598271603105473,15,4.725429287365429,Moto,Windy,High,Metropolitian,True,0,1,0,8847.372622010298,8965.355676764597,Aumento_Velocidade,1
pedido_8843.188288839776_114,138.60216696599946,116.39833290417087,116.39833290417087,17.117625834442748,15,4.501522678861978,Van,Stormy,Jam,Metropolitian,False,0,1,0,8843.188288839776,8974.586621743947,Nenhuma,1
pedido_8856.973578305257_119,128.50363790523832,128.05563756577828,113.05563756577828,1.2092861737205833,5,4.780389827415799,Scooter,Stormy,High,Metropolitian,True,0,1,0,8856.973578305257,8975.029215871034,Aumento_Velocidade,1
pedido_8868.343461612294_124,132.24162150115285,108.96175485790266,93.96175485790266,8.260548913988563,15,4.466322441418554,Moto,Foggy,High,Metropolitian,False,0,1,0,8868.343461612294,8977.305216470197,Aumento_Velocidade,1
pedido_8837.16658720943_108,143.05945443782988,140.30175087519422,125.30175087519422,16.06839176891849,15,4.763623377838722,Moto,Foggy,Medium,Metropolitian,False,0,0,0,8837.16658720943,8977.468338084625,Rota_Reduzida,0
pedido_8848.439914798171_117,150.55958839056225,140.165109295112,125.16510929511199,12.906428734183926,15,4.797196687089698,Moto,Foggy,Jam,Metropolitian,False,0,1,0,8848.439914798171,8988.605024093284,Aumento_Velocidade,0
pedido_8867.6897081679_122,129.97929613026042,125.55107630535838,110.55107630535838,4.946179947999699,15,4.567680108370085,Moto,Sandstorms,High,Urban,True,0,1,0,8867.6897081679,8993.240784473259,Aumento_Velocidade,1
pedido_8883.290121278429_129,132.96881234173745,115.24416650469634,100.24416650469634,7.349896238861275,10,4.722862279143784,Scooter,Stormy,Medium,Urban,False,0,0,0,8883.290121278429,8993.534287783126,Rota_Reduzida,1
pedido_8942.443117654428_162,61.55340612600329,58.19805076860855,43.19805076860855,16.549410932129963,10,4.354430892398277,Scooter,Stormy,High,Metropolitian,True,1,1,0,8942.443117654428,8995.641168423037,Aumento_Velocidade,1
pedido_8907.806937932619_143,134.71716291298995,101.01368910310671,86.01368910310671,13.096716731844227,5,4.559096928311133,Moto,Sandstorms,High,Urban,False,0,1,0,8907.806937932619,8998.820627035726,Aumento_Velocidade,1
pedido_8814.395639481017_94,187.16977194678097,195.129530590789,180.129530590789,16.598561584634943,5,4.420140117140673,Moto,Stormy,High,Urban,False,0,1,0,8814.395639481017,8999.525170071807,Aumento_Velocidade,0
pedido_8901.284522142618_139,105.42117075543345,89.80758950721022,89.80758950721022,3.8181494399186158,10,4.504990940642747,Van,Sunny,High,Metropolitian,True,0,1,1,8901.284522142618,9001.092111649828,Nenhuma,1
pedido_8890.531801363106_134,124.21802003328814,111.78061277601246,96.78061277601246,4.293863829436722,15,4.72316681645113,Moto,Foggy,Medium,Metropolitian,True,0,0,0,8890.531801363106,9002.312414139118,Rota_Reduzida,1
pedido_8882.123100480732_128,134.6350702424239,127.70544496404415,112.70544496404415,5.911650702236502,10,4.799206957274447,Moto,Stormy,Medium,Metropolitian,False,0,0,0,8882.123100480732,9004.828545444776,Rota_Reduzida,1
pedido_8899.898914156316_138,99.93006716445991,105.13365416612224,90.13365416612224,6.7446745199560905,15,4.650616372146097,Scooter,Sunny,Jam,Urban,True,0,1,1,8899.898914156316,9005.032568322438,Aumento_Velocidade,1
pedido_8893.017096939524_135,141.41503421338032,118.85724463716906,103.85724463716906,13.821765815739516,10,4.728177917879541,Scooter,Foggy,High,Metropolitian,False,0,1,0,8893.017096939524,9006.874341576693,Aumento_Velocidade,1
pedido_8890.46207236697_133,132.73719165433835,127.66016473854935,112.66016473854935,10.976308698115664,5,4.599320454619672,Moto,Windy,High,Urban,False,0,1,0,8890.46207236697,9008.12223710552,Aumento_Velocidade,1
pedido_8880.139797847814_127,128.1801323560001,133.01399722938478,118.01399722938478,9.46680224614363,10,4.708622731498512,Moto,Stormy,High,Metropolitian,True,0,1,0,8880.139797847814,9008.1537950772,Aumento_Velocidade,1
pedido_8922.097047081212_152,98.14802361612992,92.56486927741793,77.56486927741793,4.457165769602802,10,4.626718844201607,Moto,Sunny,High,Urban,False,0,1,1,8922.097047081212,9009.66191635863,Aumento_Velocidade,1
pedido_8977.694496724453_178,38.158735296615674,28.540989169466805,28.540989169466805,3.6183608028296037,5,4.590876247786066,Moto,Sunny,High,Metropolitian,False,1,1,1,8977.694496724453,9011.23548589392,Nenhuma,1
pedido_8906.369931279014_141,122.98115608314201,115.54576422407287,95.54576422407287,7.321991405485729,10,4.593340166078952,Moto,Sandstorms,High,Other,False,0,1,0,8906.369931279014,9011.915695503087,Rota_Reduzida,1
pedido_8908.198070253751_144,140.4871397671035,105.19109781929637,90.19109781929637,16.05236052991291,15,4.752228141612709,Scooter,Foggy,High,Metropolitian,False,0,1,0,8908.198070253751,9013.389168073048,Aumento_Velocidade,1
pedido_8958.357808707822_169,94.34577866027905,60.780935373569406,45.780935373569406,8.611270720894307,15,4.828533114964824,Scooter,Sunny,High,Metropolitian,False,0,1,1,8958.357808707822,9019.138744081392,Aumento_Velocidade,1
pedido_8911.172692884502_146,132.3094422460359,113.26868138005581,98.26868138005581,5.284744929078584,10,4.833322584892207,Moto,Sandstorms,High,Metropolitian,False,0,1,0,8911.172692884502,9019.441374264557,Aumento_Velocidade,1
pedido_8913.87760675341_149,129.55930572708635,119.00879614661615,104.00879614661615,4.755131570573621,5,4.682867898671432,Scooter,Foggy,Jam,Metropolitian,False,0,1,0,8913.87760675341,9022.886402900027,Aumento_Velocidade,1
pedido_8909.387654740702_145,132.0143942073065,114.92378270657161,99.92378270657161,5.334913365154348,15,4.673235786103643,Moto,Sandstorms,High,Metropolitian,False,0,1,0,8909.387654740702,9024.311437447273,Aumento_Velocidade,1
pedido_8889.598860909162_132,132.42649540217445,145.438135625025,130.438135625025,5.7076365728121905,5,5.0,Scooter,Windy,High,Urban,False,0,1,0,8889.598860909162,9025.036996534187,Aumento_Velocidade,0
pedido_8899.181473312154_137,134.23075597098114,130.94010074122372,115.94010074122372,13.455129302782046,10,4.830389777079835,Moto,Windy,High,Metropolitian,False,0,1,0,8899.181473312154,9025.121574053377,Aumento_Velocidade,1
pedido_8905.396726030633_140,130.23318169774075,128.01411861594218,113.01411861594218,5.043808858132785,10,4.678667872984202,Moto,Windy,Jam,Metropolitian,True,0,1,0,8905.396726030633,9028.410844646574,Aumento_Velocidade,1
pedido_8913.769018373705_148,133.77939199216166,126.97547841917086,111.97547841917086,8.464425817712264,5,4.580839663073016,Moto,Windy,High,Metropolitian,False,0,1,0,8913.769018373705,9030.744496792875,Aumento_Velocidade,1
pedido_8913.264433062532_147,126.73970209046402,127.56680890405084,112.56680890405084,7.071096569946323,5,5.0,Moto,Foggy,Medium,Metropolitian,False,0,0,0,8913.264433062532,9030.831241966582,Rota_Reduzida,1
pedido_8932.089328238777_157,124.11664274245915,100.21610866976172,85.21610866976172,0.0,15,5.0,Moto,Stormy,Jam,Metropolitian,False,0,1,0,8932.089328238777,9032.305436908538,Aumento_Velocidade,1
pedido_8880.113002405918_126,176.79186238166716,164.06801135014078,149.06801135014078,4.765305555967991,5,4.403324487268775,Scooter,Sandstorms,High,Metropolitian,False,0,1,0,8880.113002405918,9034.181013756059,Aumento_Velocidade,0
pedido_8954.487089315397_167,99.10286635211625,76.45146928650948,76.45146928650948,4.012063915833602,5,4.542567098594788,Scooter,Sunny,Low,Metropolitian,True,0,0,1,8954.487089315397,9035.938558601905,Nenhuma,1
pedido_8937.223490304252_160,99.74425660307057,93.96424080189664,93.96424080189664,5.200627933174844,5,4.804407522774629,Moto,Foggy,Low,Metropolitian,False,0,0,0,8937.223490304252,9036.187731106149,Nenhuma,1
pedido_8920.17961807376_150,134.87161322294654,127.57124880331668,112.57124880331668,13.936358134917324,5,4.48695207413805,Scooter,Windy,Medium,Metropolitian,False,0,0,0,8920.17961807376,9037.750866877077,Rota_Reduzida,1
pedido_8907.106023020402_142,143.76949781470836,145.07019054491076,130.07019054491076,20.07271502969398,5,4.838656777162267,Scooter,Foggy,Medium,Urban,False,0,0,0,8907.106023020402,9042.176213565313,Rota_Reduzida,0
pedido_8968.112659916775_174,94.59897983503738,80.880493444346,65.880493444346,7.889147776405794,10,4.682329020656564,Scooter,Sunny,High,Metropolitian,False,0,1,1,8968.112659916775,9043.99315336112,Aumento_Velocidade,1
pedido_8952.380636423024_165,111.43996517957054,105.61394724368701,90.61394724368701,17.59340953860493,5,5.0,Scooter,Sunny,Jam,Metropolitian,False,0,1,1,8952.380636423024,9047.99458366671,Aumento_Velocidade,1
pedido_8931.364320399527_154,137.93393587869883,126.841992971335,111.841992971335,18.10975156789135,5,4.9178843033971145,Moto,Sandstorms,Medium,Metropolitian,False,0,0,0,8931.364320399527,9048.206313370862,Rota_Reduzida,1
pedido_8859.302954916848_121,196.99126482591092,195.4987804183412,180.4987804183412,14.76806831091867,15,4.442569875408753,Scooter,Windy,Jam,Metropolitian,False,0,1,0,8859.302954916848,9054.80173533519,Aumento_Velocidade,0
pedido_8941.279083989357_161,130.53914308432832,119.85868499725777,104.85868499725777,5.38947375337135,10,4.621704608806871,Moto,Windy,High,Metropolitian,False,0,1,0,8941.279083989357,9056.137768986615,Aumento_Velocidade,1
pedido_8884.024249164573_130,176.06699512038452,174.69194149519558,159.69194149519558,6.078670803376892,15,4.265274424886254,Scooter,Sandstorms,High,Metropolitian,False,0,1,0,8884.024249164573,9058.716190659768,Aumento_Velocidade,0
pedido_8935.887744349997_159,127.64006101390959,134.29041405296658,119.29041405296658,6.053675573555827,5,4.670372760899223,Moto,Stormy,High,Urban,False,0,1,0,8935.887744349997,9060.178158402963,Aumento_Velocidade,1
pedido_8955.997398245436_168,133.3254587288559,110.67774374811616,95.67774374811616,17.396001056368615,10,5.0,Moto,Stormy,High,Metropolitian,False,0,1,0,8955.997398245436,9061.675141993552,Aumento_Velocidade,1
pedido_8971.41144871097_175,128.05179405227793,101.16878812079943,86.16878812079943,3.0078263049489524,5,4.863965161796229,Moto,Stormy,High,Urban,False,0,1,0,8971.41144871097,9062.580236831769,Aumento_Velocidade,1
pedido_8984.613279975025_181,95.5788166304276,88.64186156727686,73.64186156727686,7.07170516454304,5,4.634980065870984,Moto,Sunny,High,Metropolitian,False,0,1,1,8984.613279975025,9063.255141542302,Aumento_Velocidade,1
pedido_8976.523687854467_177,98.28802191966138,86.74424931664566,71.74424931664566,12.531489197745346,15,4.813255281917606,Moto,Sunny,Medium,Metropolitian,False,0,0,1,8976.523687854467,9063.267937171113,Rota_Reduzida,1
pedido_8966.34860199453_172,127.54396087641952,109.5014249208112,94.5014249208112,2.681769878135793,5,4.637437755499835,Moto,Foggy,Jam,Metropolitian,False,0,1,0,8966.34860199453,9065.850026915341,Aumento_Velocidade,1
pedido_8943.450334718254_164,138.95059900241358,127.79051293060692,112.79051293060692,18.040431874881993,15,4.882131523441307,Moto,Sandstorms,Medium,Metropolitian,True,0,0,0,8943.450334718254,9071.240847648862,Rota_Reduzida,1
pedido_8966.149563944153_171,133.09159733098105,106.80693335273617,91.80693335273617,2.390332503012161,15,4.7340580194594715,Moto,Stormy,Medium,Metropolitian,False,0,0,0,8966.149563944153,9072.95649729689,Rota_Reduzida,1
pedido_8966.765812081585_173,109.04269097395088,92.77123627315147,92.77123627315147,10.510183574008543,15,4.921840871875945,Moto,Foggy,Low,Metropolitian,False,0,0,0,8966.765812081585,9074.537048354736,Nenhuma,1
pedido_9001.41644574453_190,101.55199746002624,82.06722215493032,67.06722215493032,16.379790898777642,10,4.931907070252307,Moto,Sunny,High,Metropolitian,False,0,1,1,9001.41644574453,9078.48366789946,Aumento_Velocidade,1
pedido_8943.418028160715_163,135.88974003663375,145.75289028748637,130.75289028748637,10.247444825192925,5,4.624923322944144,Scooter,Windy,High,Metropolitian,False,0,1,0,8943.418028160715,9079.1709184482,Aumento_Velocidade,0
pedido_8922.403418315109_153,175.35101542245354,170.6221094807815,155.6221094807815,4.832853997036585,5,4.2965016075575715,Scooter,Stormy,High,Metropolitian,False,0,1,0,8922.403418315109,9083.02552779589,Aumento_Velocidade,0
pedido_8954.436947108634_166,138.547453507415,129.08885933071446,114.08885933071446,17.09112210082869,15,4.468714800422405,Moto,Stormy,Jam,Metropolitian,False,0,1,0,8954.436947108634,9083.525806439347,Aumento_Velocidade,1
pedido_8983.07062848985_180,123.56367677094731,116.2386126953594,96.2386126953594,10.168917504974305,5,4.471499463185621,Scooter,Sandstorms,High,Other,False,0,1,0,8983.07062848985,9084.309241185209,Rota_Reduzida,1
pedido_8932.544312271702_158,141.3178313642075,142.26523713291562,142.26523713291562,14.420648703747059,10,4.5819181805248865,Van,Foggy,High,Metropolitian,False,0,1,0,8932.544312271702,9084.809549404617,Nenhuma,0
pedido_8964.738049431573_170,145.02717252855865,130.460196172806,115.46019617280601,12.146140985880091,5,4.535421847656608,Scooter,Foggy,High,Metropolitian,True,0,1,0,8964.738049431573,9085.198245604379,Aumento_Velocidade,1
pedido_8920.194340214242_151,168.52530351889544,155.41166872740038,155.41166872740038,15.869027308774042,10,4.432944154521454,Van,Sunny,Medium,Metropolitian,True,0,0,1,8920.194340214242,9085.606008941642,Nenhuma,0
pedido_9003.124926574328_193,99.3974574175129,94.86995862728797,79.86995862728797,7.161059354413763,5,4.687912856746447,Moto,Sunny,Jam,Metropolitian,False,0,1,1,9003.124926574328,9087.994885201617,Aumento_Velocidade,1
pedido_8973.59298230198_176,102.77940073594613,102.23486908724708,102.23486908724708,4.9198969345398265,15,5.0,Van,Sunny,Jam,Metropolitian,True,0,1,1,8973.59298230198,9090.827851389227,Nenhuma,1
pedido_8996.556714092638_186,104.13346205426785,87.23098567519781,87.23098567519781,16.55015698195343,15,4.698031385716755,Moto,Stormy,Low,Metropolitian,False,0,0,0,8996.556714092638,9098.787699767836,Nenhuma,1
pedido_8984.903828125227_182,131.1076535770451,121.55521838647243,106.55521838647243,3.1741423558077684,10,4.677615858638423,Scooter,Stormy,Medium,Metropolitian,True,0,0,0,8984.903828125227,9101.4590465117,Rota_Reduzida,1
pedido_9005.440600242677_194,99.27905819169862,100.87042278309464,100.87042278309464,7.327145716701464,5,4.849043108027762,Van,Sunny,Jam,Metropolitian,False,0,1,1,9005.440600242677,9111.311023025772,Nenhuma,1
pedido_9027.504110870339_201,95.7464107889051,97.4131931155864,82.4131931155864,2.286948687112835,5,4.515478547337339,Scooter,Sunny,Medium,Metropolitian,False,0,0,1,9027.504110870339,9114.917303985925,Rota_Reduzida,1
pedido_8999.098494402933_188,130.8626028675974,126.0728564832703,111.0728564832703,15.498290853106084,5,4.610832395293494,Scooter,Stormy,High,Metropolitian,True,0,1,0,8999.098494402933,9115.171350886203,Aumento_Velocidade,1
pedido_8985.49716485925_183,132.5508659775986,121.51015919658792,121.51015919658792,3.653429374981849,10,4.809394503546753,Van,Stormy,Medium,Urban,False,0,0,0,8985.49716485925,9117.007324055838,Nenhuma,0
pedido_9000.033072111615_189,127.40830342628186,119.16773412451866,104.16773412451866,6.84562287663724,15,4.923034075211243,Moto,Windy,Jam,Metropolitian,False,0,1,0,9000.033072111615,9119.200806236135,Aumento_Velocidade,1
pedido_8991.266471663252_184,133.9451599921436,123.35659360289296,123.35659360289296,13.538936515169132,5,4.739371389349474,Van,Stormy,Medium,Urban,True,0,0,0,8991.266471663252,9119.623065266145,Nenhuma,0
pedido_8931.984512105197_156,199.44104824780857,193.43344245238586,178.43344245238586,11.178006835337637,10,4.263962587393248,Scooter,Windy,Jam,Metropolitian,False,0,1,0,8931.984512105197,9120.417954557583,Aumento_Velocidade,0
pedido_8997.559781254828_187,102.30125904397383,108.21764238138968,108.21764238138968,14.271737939893047,15,4.76338678396804,Scooter,Sandstorms,Low,Metropolitian,False,0,0,0,8997.559781254828,9120.777423636217,Nenhuma,1
pedido_9001.784638605728_191,119.9852105449858,110.17371397857488,110.17371397857488,15.763266337491038,10,4.942270260522076,Scooter,Sunny,Low,Metropolitian,False,0,0,1,9001.784638605728,9121.958352584303,Nenhuma,1
pedido_9030.631504536894_204,95.5788166304276,92.87712147306289,77.87712147306289,7.432833193529024,15,4.553022582718202,Moto,Sunny,High,Metropolitian,False,0,1,1,9030.631504536894,9123.508626009956,Aumento_Velocidade,1
pedido_8931.784324322743_155,200.15634169978452,198.2547801076377,183.2547801076377,13.929711619203593,10,4.400526231238942,Scooter,Stormy,Jam,Metropolitian,False,0,1,0,8931.784324322743,9125.039104430381,Aumento_Velocidade,0
pedido_9002.40644265317_192,132.75031896290523,120.48280695749823,120.48280695749823,5.197687439987151,5,4.359651227110927,Scooter,Windy,Low,Metropolitian,False,0,0,0,9002.40644265317,9127.889249610667,Nenhuma,0
pedido_8994.468443625874_185,130.2202880301329,128.76126374387724,128.76126374387724,3.8347185386417557,5,4.390012428094811,Scooter,Stormy,Low,Metropolitian,False,0,0,0,8994.468443625874,9128.229707369752,Nenhuma,0
pedido_8982.832877757928_179,178.9665329814952,151.00528984140874,136.00528984140874,16.533504095918982,15,4.2783546410223,Moto,Sunny,High,Urban,True,0,1,1,8982.832877757928,9133.838167599337,Aumento_Velocidade,0
pedido_9030.233452664335_203,104.2092707176054,106.32781797138887,91.32781797138887,18.999237849313438,15,4.900017671346347,Moto,Sunny,Medium,Metropolitian,False,0,0,1,9030.233452664335,9136.561270635724,Rota_Reduzida,1
pedido_9008.025265213915_195,128.10224929954254,133.27480043165002,118.27480043165002,8.199414690979662,15,4.694847103500549,Scooter,Stormy,High,Metropolitian,True,0,1,0,9008.025265213915,9141.300065645566,Aumento_Velocidade,1
pedido_9087.350523901172_230,72.80859216786405,60.00079359911352,45.00079359911352,11.941930230010223,10,4.387171897690182,Scooter,Sunny,High,Metropolitian,False,1,1,1,9087.350523901172,9142.351317500286,Aumento_Velocidade,1
pedido_9048.166140827867_210,100.08347468573285,94.45070143077811,79.45070143077811,1.286914211839174,15,4.506029822456304,Scooter,Sunny,High,Metropolitian,False,0,1,1,9048.166140827867,9142.616842258645,Aumento_Velocidade,1
pedido_9024.40219506118_200,137.87242464163683,123.58589662345432,108.58589662345432,5.820520259287229,10,4.878434857548915,Scooter,Windy,Medium,Urban,True,0,0,0,9024.40219506118,9142.988091684634,Rota_Reduzida,1
pedido_9012.546748661649_196,135.72376168082698,150.52253502119422,135.52253502119422,13.203353604438483,5,4.496027913597367,Scooter,Sandstorms,High,Metropolitian,False,0,1,0,9012.546748661649,9153.069283682844,Aumento_Velocidade,0
pedido_9022.346079295005_198,144.72894660584964,131.59578186729522,116.59578186729522,13.464578835907954,15,5.0,Scooter,Foggy,Medium,Metropolitian,False,0,0,0,9022.346079295005,9153.9418611623,Rota_Reduzida,1
pedido_9029.202383718863_202,133.34913206797495,128.07193270878614,113.07193270878614,16.361107840076535,15,4.802072518253531,Scooter,Windy,High,Urban,False,0,1,0,9029.202383718863,9157.274316427649,Aumento_Velocidade,1
pedido_9038.745853499551_207,140.94959928408446,118.8312737556517,103.8312737556517,17.569140917407655,15,4.787220520825775,Scooter,Sandstorms,Jam,Metropolitian,False,0,1,0,9038.745853499551,9157.577127255203,Aumento_Velocidade,1
pedido_9082.459386083101_227,97.01961496543177,86.79607823912305,71.79607823912305,0.0,5,4.964146917799023,Scooter,Sunny,High,Metropolitian,False,0,1,1,9082.459386083101,9159.255464322225,Aumento_Velocidade,1
pedido_9037.019306269389_206,135.3091974680962,123.54141388459135,108.54141388459135,15.181749863550007,15,4.501727674592447,Moto,Sandstorms,High,Metropolitian,False,0,1,0,9037.019306269389,9160.56072015398,Aumento_Velocidade,1
pedido_9042.55725601023_209,135.1209340785815,120.06606849079714,105.06606849079714,12.515240696025824,15,4.823600488096477,Moto,Sandstorms,High,Metropolitian,False,0,1,0,9042.55725601023,9162.623324501028,Aumento_Velocidade,1
pedido_9084.208801962217_229,104.4382205926586,89.56622167585488,74.56622167585488,12.511693895684067,5,4.601677369326383,Moto,Sunny,Medium,Semi-Urban,True,0,0,1,9084.208801962217,9163.775023638073,Rota_Reduzida,1
pedido_9069.844652360483_220,109.81572628245364,98.65092399683256,83.65092399683256,15.66507819149931,15,4.823829934244281,Moto,Sunny,Jam,Metropolitian,False,0,1,1,9069.844652360483,9168.495576357316,Aumento_Velocidade,1
pedido_9035.461990628617_205,150.51065355541127,133.53338015999407,118.53338015999407,19.71845814414182,15,4.78762151816131,Scooter,Foggy,Jam,Metropolitian,False,0,1,0,9035.461990628617,9168.99537078861,Aumento_Velocidade,1
pedido_9063.363646766804_214,101.93324269863587,96.7815397499907,96.7815397499907,10.310653491954668,10,4.66200058679797,Moto,Stormy,Low,Metropolitian,True,0,0,0,9063.363646766804,9170.145186516795,Nenhuma,1
pedido_9049.476272432228_211,112.07426533661638,105.73700454397738,105.73700454397738,13.884233655805858,15,4.619632937360558,Moto,Foggy,Low,Urban,True,0,0,0,9049.476272432228,9170.213276976205,Nenhuma,1
pedido_9061.529007770716_213,130.84873455447226,111.28251369995851,96.28251369995851,17.395756326625953,15,4.460576672630875,Moto,Stormy,High,Urban,False,0,1,0,9061.529007770716,9172.811521470674,Aumento_Velocidade,1
pedido_9089.072843992666_232,110.19600948175723,93.24399741383596,78.24399741383596,13.072880951584168,10,4.7612667867124046,Moto,Sunny,Jam,Urban,False,0,1,1,9089.072843992666,9177.316841406502,Aumento_Velocidade,1
pedido_9068.584898366888_218,125.28956694435125,95.23549104136467,95.23549104136467,4.029306972167606,15,4.494888558992979,Van,Stormy,High,Urban,False,0,1,0,9068.584898366888,9178.820389408253,Nenhuma,1
pedido_9066.80927586361_216,130.3229842711921,113.22327456049854,98.22327456049854,11.748506567119268,15,4.9028613449343705,Moto,Stormy,High,Urban,False,0,1,0,9066.80927586361,9180.032550424108,Aumento_Velocidade,1
pedido_9067.229593625318_217,138.9420434426088,125.35611895650837,110.35611895650837,14.280107918872599,5,4.990612773516705,Moto,Windy,Medium,Metropolitian,False,0,0,0,9067.229593625318,9182.585712581826,Rota_Reduzida,1
pedido_9073.853689245972_222,125.00739629950279,94.01667139082701,94.01667139082701,2.391063160563067,15,4.701831862026181,Van,Stormy,Jam,Metropolitian,True,0,1,0,9073.853689245972,9182.8703606368,Nenhuma,1
pedido_9106.396802259209_237,97.49009431361574,83.80328585190226,68.80328585190226,4.429728305474473,10,4.697414835241587,Moto,Sunny,High,Metropolitian,False,0,1,1,9106.396802259209,9185.20008811111,Aumento_Velocidade,1
pedido_9071.170058429143_221,133.16107505005107,129.17429377986946,114.17429377986946,3.741292321127058,5,4.552604075940769,Moto,Stormy,Medium,Metropolitian,False,0,0,0,9071.170058429143,9190.344352209013,Rota_Reduzida,1
pedido_9055.100744509184_212,144.3020970793362,139.64978893563182,124.64978893563182,14.870111393850866,15,4.704643461493455,Moto,Foggy,High,Metropolitian,True,0,1,0,9055.100744509184,9194.750533444816,Aumento_Velocidade,0
pedido_9081.50501379533_226,129.2865484369754,118.94488206953415,103.94488206953415,12.038974982530084,10,4.823162460422102,Scooter,Stormy,High,Metropolitian,False,0,1,0,9081.50501379533,9195.449895864864,Aumento_Velocidade,1
pedido_9078.114215550628_223,131.42867154023693,122.91995127833707,107.91995127833707,3.6843377168148965,10,4.593327643539105,Moto,Stormy,Medium,Metropolitian,True,0,0,0,9078.114215550628,9196.034166828966,Rota_Reduzida,1
pedido_9023.609477975724_199,195.77838385792757,182.8731615299194,167.8731615299194,5.89403892170084,5,4.31306128280557,Moto,Sunny,High,Metropolitian,False,0,1,1,9023.609477975724,9196.482639505644,Aumento_Velocidade,0
pedido_9097.656027124684_234,98.09455266861596,110.28977754293412,95.28977754293412,4.799837796769045,5,4.6711004159837275,Moto,Sunny,High,Metropolitian,False,0,1,1,9097.656027124684,9197.945804667617,Aumento_Velocidade,1
pedido_9069.08971849313_219,138.25195317478457,134.9136543349738,119.91365433497381,19.506994417455935,10,4.6857670383953645,Scooter,Sandstorms,Medium,Urban,False,0,0,0,9069.08971849313,9199.003372828103,Rota_Reduzida,1
pedido_9082.90987838933_228,134.03880756087088,127.33533168714553,112.33533168714553,11.503776027972298,5,4.639715457492673,Moto,Sandstorms,High,Metropolitian,False,0,1,0,9082.90987838933,9200.245210076475,Aumento_Velocidade,1
pedido_9079.405451697885_224,144.33557620762758,128.9132154446691,113.9132154446691,16.41454810909693,10,4.50217621611586,Scooter,Foggy,High,Urban,True,0,1,0,9079.405451697885,9203.318667142554,Aumento_Velocidade,1
pedido_9040.121827761744_208,169.37362627294942,152.1234480290762,152.1234480290762,0.0,15,4.4196641680766025,Van,Windy,High,Metropolitian,False,0,1,0,9040.121827761744,9207.245275790821,Nenhuma,0
pedido_9013.08265548804_197,192.03797748343086,195.34419085726452,180.34419085726452,7.0734308694790435,15,4.256286312259851,Moto,Sunny,High,Metropolitian,True,0,1,1,9013.08265548804,9208.426846345305,Aumento_Velocidade,0
pedido_9104.084276724578_236,125.20167945999107,105.6616212797407,90.6616212797407,2.261438183830509,15,4.758869332195391,Scooter,Foggy,Medium,Urban,False,0,0,0,9104.084276724578,9209.745898004317,Rota_Reduzida,1
pedido_9079.91317293409_225,135.50455766345638,142.8836471199454,127.88364711994541,15.594565107006254,5,4.512101720379865,Scooter,Sandstorms,High,Metropolitian,False,0,1,0,9079.91317293409,9212.796820054034,Aumento_Velocidade,0
pedido_9088.229148323231_231,129.43979380330478,134.85689833152153,119.85689833152153,5.0526410357093114,5,4.477582959728975,Moto,Foggy,Jam,Urban,False,0,1,0,9088.229148323231,9213.086046654753,Aumento_Velocidade,1
pedido_9089.610885333104_233,132.1512012648348,133.75223745015262,118.75223745015262,8.681179017846674,5,4.615651783400595,Scooter,Stormy,Medium,Metropolitian,False,0,0,0,9089.610885333104,9213.363122783257,Rota_Reduzida,1
pedido_9133.102575707966_257,97.9927727626802,78.35375334827079,78.35375334827079,8.284941184268941,5,4.557078862252094,Scooter,Foggy,Low,Metropolitian,False,0,0,0,9133.102575707966,9216.456329056236,Nenhuma,1
pedido_9064.999382622374_215,164.77928059917025,161.55518149512702,146.55518149512702,1.9344757660740863,5,4.363027373130804,Moto,Sunny,Medium,Metropolitian,True,0,0,1,9064.999382622374,9216.554564117501,Rota_Reduzida,0
pedido_9180.886350111314_281,45.50326331144544,21.14504620366973,21.14504620366973,15.235870664569513,15,4.8104218506326255,Moto,Stormy,High,Metropolitian,True,1,1,0,9180.886350111314,9217.031396314984,Nenhuma,1
pedido_9112.066076866651_240,109.17331527799841,114.98310518496532,99.98310518496532,18.72563351676191,5,4.7383650831396595,Moto,Sunny,Jam,Metropolitian,False,0,1,1,9112.066076866651,9217.049182051616,Aumento_Velocidade,1
pedido_9106.675839512538_238,135.50831766587652,120.50856170238804,105.50856170238804,17.784802106967046,5,4.736555403219928,Moto,Windy,Jam,Metropolitian,False,0,1,0,9106.675839512538,9217.184401214927,Aumento_Velocidade,1
pedido_9177.732569865217_278,66.14416560367886,41.29267795446536,26.29267795446536,3.060544210484877,15,4.385227550747561,Moto,Windy,High,Metropolitian,False,1,1,0,9177.732569865217,9219.025247819682,Aumento_Velocidade,1
pedido_9108.277562029134_239,131.7817986779946,115.48030271817066,100.48030271817066,1.0981425067060488,15,4.547591433456998,Scooter,Sandstorms,Medium,Urban,True,0,0,0,9108.277562029134,9223.757864747306,Rota_Reduzida,1
pedido_9124.729862997068_253,98.08290956679957,91.71265280969374,91.71265280969374,2.5462465648398194,10,4.885263658960364,Van,Foggy,Low,Urban,False,0,0,0,9124.729862997068,9226.442515806762,Nenhuma,1
pedido_9114.427227253267_241,130.60350030247392,117.66368402446749,102.66368402446749,7.673074724263348,10,4.971174224824172,Moto,Stormy,High,Metropolitian,True,0,1,0,9114.427227253267,9227.090911277735,Aumento_Velocidade,1
pedido_9126.241440704482_254,98.56415656995777,91.7279635527694,91.7279635527694,3.7849905774147663,10,4.479403035999712,Scooter,Sunny,Low,Metropolitian,True,0,0,1,9126.241440704482,9227.969404257252,Nenhuma,1
pedido_9117.626248123239_248,130.6401052778638,121.39152880495018,106.39152880495018,12.12294524046716,5,4.667039388996376,Scooter,Stormy,High,Metropolitian,True,0,1,0,9117.626248123239,9229.017776928189,Aumento_Velocidade,1
pedido_9120.426877888363_250,101.93172360978514,99.34204303835632,99.34204303835632,7.636624760603501,10,4.753207067155787,Moto,Sandstorms,Low,Urban,False,0,0,0,9120.426877888363,9229.76892092672,Nenhuma,1
pedido_9123.009376410086_252,129.4669745124289,120.40006188226711,105.40006188226711,5.243196875178802,5,4.924657838859063,Scooter,Windy,High,Metropolitian,False,0,1,0,9123.009376410086,9233.409438292352,Aumento_Velocidade,1
pedido_9143.55346964454_263,105.44578428878738,84.9099629545542,84.9099629545542,3.62221061097482,5,4.627829778794537,Moto,Stormy,Low,Metropolitian,True,0,0,0,9143.55346964454,9233.463432599094,Nenhuma,1
pedido_9115.85404371791_244,133.4970198385849,118.9040337238718,103.9040337238718,12.530864993370937,15,4.568265337000126,Scooter,Windy,High,Metropolitian,False,0,1,0,9115.85404371791,9234.758077441782,Aumento_Velocidade,1
pedido_9099.269107404809_235,141.54102338518578,149.99488179195848,134.99488179195848,9.950115636140687,5,5.0,Scooter,Foggy,Jam,Metropolitian,False,0,1,0,9099.269107404809,9239.263989196766,Aumento_Velocidade,0
pedido_9122.609901739605_251,127.9754943419807,117.4520084955532,102.4520084955532,5.811979143359142,15,4.792326541943681,Moto,Windy,Jam,Metropolitian,False,0,1,0,9122.609901739605,9240.061910235157,Aumento_Velocidade,1
pedido_9115.23854788666_243,141.2845186519025,130.30939830528723,115.30939830528723,13.666074466619596,10,4.558470122486991,Moto,Foggy,High,Metropolitian,False,0,1,0,9115.23854788666,9240.547946191948,Aumento_Velocidade,1
pedido_9186.124590730351_287,45.35588414790339,46.88085572091582,46.88085572091582,16.62538344830373,10,4.9073623165597855,Moto,Foggy,High,Metropolitian,False,1,1,0,9186.124590730351,9243.005446451267,Nenhuma,1
pedido_9116.157381627654_245,121.40752803006471,117.21049983822442,117.21049983822442,17.21715253216447,10,4.780312767462485,Moto,Sunny,Low,Metropolitian,False,0,0,1,9116.157381627654,9243.367881465878,Nenhuma,1
pedido_9140.13272783796_261,125.343143144716,103.4643858075729,88.4643858075729,4.043425529289428,15,4.88899152218796,Moto,Foggy,Medium,Metropolitian,False,0,0,0,9140.13272783796,9243.597113645532,Rota_Reduzida,1
pedido_9134.282298201695_258,124.23964613969471,111.3731848579775,96.3731848579775,0.8431077386355552,15,4.651216024443609,Moto,Sandstorms,Jam,Metropolitian,False,0,1,0,9134.282298201695,9245.655483059672,Aumento_Velocidade,1
pedido_9116.474954358355_246,141.4847715980208,140.246035610777,125.246035610777,11.323628270587946,5,4.5918286453259745,Moto,Foggy,Medium,Metropolitian,False,0,0,0,9116.474954358355,9246.720989969132,Rota_Reduzida,0
pedido_9150.013527374182_268,110.4268277487726,86.84210261756246,86.84210261756246,13.921677502385393,10,4.873334321723114,Moto,Foggy,Low,Metropolitian,False,0,0,0,9150.013527374182,9246.855629991744,Nenhuma,1
pedido_9119.721330418284_249,134.5825729919354,133.75297600998914,118.75297600998914,17.388381854298625,10,4.749669770991874,Moto,Stormy,Medium,Urban,True,0,0,0,9119.721330418284,9248.474306428274,Rota_Reduzida,1
pedido_9140.203456492496_262,131.020840879014,119.68039471437427,104.68039471437427,5.13177319202795,5,4.607710997778005,Scooter,Foggy,Jam,Urban,True,0,1,0,9140.203456492496,9249.88385120687,Aumento_Velocidade,1
pedido_9135.450822903154_260,132.5890508583103,117.08843904999429,102.08843904999429,14.808203226205768,15,4.575716413640662,Moto,Windy,High,Urban,False,0,1,0,9135.450822903154,9252.539261953149,Aumento_Velocidade,1
pedido_9134.342951227323_259,140.82995587917088,119.0911101618025,104.0911101618025,18.120537048214768,15,4.661271564828059,Scooter,Sandstorms,Jam,Metropolitian,False,0,1,0,9134.342951227323,9253.434061389125,Aumento_Velocidade,1
pedido_9131.599341393618_256,136.79503452023727,122.25935742431273,107.25935742431273,17.091186191539617,15,4.875290348608025,Moto,Windy,High,Metropolitian,True,0,1,0,9131.599341393618,9253.85869881793,Aumento_Velocidade,1
pedido_9164.28352032645_274,102.9396971623511,90.4331764517706,75.4331764517706,10.7434645065977,15,4.9221579533931274,Scooter,Sunny,High,Metropolitian,False,0,1,1,9164.28352032645,9254.71669677822,Aumento_Velocidade,1
pedido_9147.426399160488_265,127.37901730222444,117.72320766091372,102.72320766091372,3.0409995910631364,5,4.778164275327594,Moto,Foggy,Jam,Metropolitian,False,0,1,0,9147.426399160488,9255.149606821402,Aumento_Velocidade,1
pedido_9156.473854244028_270,129.42885239684082,112.48934153641666,97.48934153641666,3.1427975619327624,5,4.678660331336804,Moto,Windy,Jam,Metropolitian,True,0,1,0,9156.473854244028,9258.963195780445,Aumento_Velocidade,1
pedido_9162.62840510241_273,134.0733300599773,110.51782787067796,95.51782787067796,20.91552231862021,5,4.450938795365633,Moto,Stormy,High,Metropolitian,False,0,1,0,9162.62840510241,9263.146232973088,Aumento_Velocidade,1
pedido_9130.572249459503_255,140.19943154947018,133.24610308419574,118.24610308419574,14.170476819455963,15,4.9036613426631055,Moto,Foggy,High,Metropolitian,False,0,1,0,9130.572249459503,9263.818352543698,Aumento_Velocidade,1
pedido_9115.133314173603_242,179.06811999880165,150.39950845130787,135.39950845130787,6.837401726791951,15,4.315457572582614,Moto,Foggy,Jam,Metropolitian,True,0,1,0,9115.133314173603,9265.532822624911,Aumento_Velocidade,0
pedido_9186.250960907631_288,105.3745750117811,92.16572994079709,77.16572994079709,4.615967354743631,5,4.498455069334668,Scooter,Sunny,High,Metropolitian,False,0,1,1,9186.250960907631,9268.41669084843,Aumento_Velocidade,1
pedido_9146.475948816835_264,135.7709423161467,133.16100428078786,118.16100428078786,8.421156099647234,5,4.968227019389935,Moto,Sandstorms,Medium,Urban,False,0,0,0,9146.475948816835,9269.636953097623,Rota_Reduzida,1
pedido_9157.097260009092_271,128.10338629484463,126.83490660645754,111.83490660645754,4.063738174088082,5,4.638823363706207,Moto,Stormy,High,Urban,False,0,1,0,9157.097260009092,9273.93216661555,Aumento_Velocidade,1
pedido_9241.521484946004_318,41.65257594902413,27.742499092659727,27.742499092659727,7.045355993972796,5,4.893306320628809,Scooter,Foggy,Medium,Other,False,1,0,0,9241.521484946004,9274.263984038664,Nenhuma,1
pedido_9157.475680113355_272,130.92499823761014,102.07954678233222,102.07954678233222,8.727829420928456,15,4.461669899916322,Van,Sandstorms,High,Metropolitian,False,0,1,0,9157.475680113355,9274.555226895687,Nenhuma,1
pedido_9149.78570499198_267,130.69637817410648,136.03924145841285,121.03924145841285,13.067952263260596,5,4.845479093418496,Moto,Stormy,High,Metropolitian,True,0,1,0,9149.78570499198,9275.824946450393,Aumento_Velocidade,0
pedido_9182.888649841216_284,109.89253796684847,102.95045744413052,87.95045744413052,17.937483946417117,5,4.968856262859064,Moto,Sunny,Jam,Urban,True,0,1,1,9182.888649841216,9275.839107285346,Aumento_Velocidade,1
pedido_9166.862702612041_275,130.61835736647015,116.02129720434154,101.02129720434154,4.62268393685012,10,5.0,Scooter,Stormy,High,Metropolitian,True,0,1,0,9166.862702612041,9277.883999816382,Aumento_Velocidade,1
pedido_9170.280291739115_276,128.12434972935893,113.10732017585272,98.10732017585272,7.299405407897739,15,4.839277723168646,Moto,Windy,Jam,Metropolitian,False,0,1,0,9170.280291739115,9283.387611914968,Aumento_Velocidade,1
pedido_9153.980487121169_269,145.44564101711205,139.43093268909095,124.43093268909095,19.67555516082403,5,4.892732116667627,Scooter,Foggy,Medium,Metropolitian,False,0,0,0,9153.980487121169,9283.41141981026,Rota_Reduzida,0
pedido_9195.950324977975_291,94.59897983503738,90.21706210613671,75.21706210613671,8.332289345958742,15,4.742168770430402,Moto,Sunny,High,Urban,False,0,1,1,9195.950324977975,9286.167387084111,Aumento_Velocidade,1
pedido_9117.141250786834_247,180.6218741022106,170.136463690185,155.136463690185,9.32212324601137,15,4.427028842125669,Moto,Sandstorms,Jam,Metropolitian,False,0,1,0,9117.141250786834,9287.277714477019,Aumento_Velocidade,0
pedido_9180.615522612354_280,103.59506362693548,99.67815693448493,99.67815693448493,10.844639917699014,10,4.620261813206921,Scooter,Windy,Low,Metropolitian,False,0,0,0,9180.615522612354,9290.29367954684,Nenhuma,1
pedido_9208.725555210374_293,104.57363651468671,90.67517316193857,75.67517316193857,15.828740154865738,10,5.0,Scooter,Sunny,High,Metropolitian,True,0,1,1,9208.725555210374,9294.400728372313,Aumento_Velocidade,1
pedido_9183.378251589014_285,129.4306379683732,121.93261079782955,106.93261079782955,16.09186293843027,5,4.947578223906483,Moto,Stormy,High,Metropolitian,False,0,1,0,9183.378251589014,9295.310862386845,Aumento_Velocidade,1
pedido_9179.160640020977_279,134.134304593667,117.48704762443506,102.48704762443506,17.081382764560775,15,4.710028229769687,Moto,Stormy,Medium,Metropolitian,True,0,0,0,9179.160640020977,9296.647687645413,Rota_Reduzida,1
pedido_9253.430779791808_323,45.81915720739557,35.05812926449283,35.05812926449283,15.23523699925244,10,4.816247293079706,Moto,Windy,High,Metropolitian,False,1,1,0,9253.430779791808,9298.488909056301,Nenhuma,1
pedido_9210.657076522602_296,102.39379340670354,89.15985352444517,74.15985352444517,13.059262113898612,15,4.9736593184372495,Moto,Sunny,High,Urban,False,0,1,1,9210.657076522602,9299.816930047047,Aumento_Velocidade,1
pedido_9185.527972903736_286,110.3352980181098,107.95846382254497,107.95846382254497,13.297558654000746,10,4.711440850003996,Moto,Foggy,Low,Metropolitian,False,0,0,0,9185.527972903736,9303.48643672628,Nenhuma,1
pedido_9176.940870238104_277,136.54065265011644,131.57439149256248,116.57439149256248,17.401443045825275,10,4.766339780055158,Moto,Windy,Jam,Urban,False,0,1,0,9176.940870238104,9303.515261730667,Aumento_Velocidade,1
pedido_9181.036199849319_282,126.58022328605264,120.15961496778401,120.15961496778401,0.36088118175076467,5,4.661285779114696,Van,Windy,Jam,Urban,False,0,1,0,9181.036199849319,9306.195814817103,Nenhuma,0
pedido_9187.568152900423_289,132.4886587340063,129.13540129406795,114.13540129406795,3.7609592133482117,5,4.627757837385384,Moto,Sandstorms,High,Metropolitian,False,0,1,0,9187.568152900423,9306.703554194492,Aumento_Velocidade,1
pedido_9195.266500981232_290,140.34806824235184,111.94439120621053,96.94439120621053,12.615487234335236,15,5.0,Moto,Windy,Jam,Metropolitian,False,0,1,0,9195.266500981232,9307.210892187442,Aumento_Velocidade,1
pedido_9229.145862145084_310,97.64785828064164,93.57736726536746,78.57736726536746,8.42653972491351,5,4.772577880452484,Moto,Sunny,High,Metropolitian,True,0,1,1,9229.145862145084,9312.72322941045,Aumento_Velocidade,1
pedido_9230.161902343538_313,101.7635342562312,93.50438941894157,78.50438941894157,12.345183577668593,5,4.855209545766691,Scooter,Sunny,High,Urban,False,0,1,1,9230.161902343538,9313.66629176248,Aumento_Velocidade,1
pedido_9212.873495982292_297,96.95661349385308,89.06196021566075,89.06196021566075,6.910823305060792,15,4.66845829436387,Moto,Sunny,Low,Urban,False,0,0,1,9212.873495982292,9316.935456197953,Nenhuma,1
pedido_9213.793939914483_298,101.09283305925594,99.74011073616435,99.74011073616435,4.268306450777714,5,4.826672897120884,Moto,Stormy,Low,Metropolitian,False,0,0,0,9213.793939914483,9318.534050650647,Nenhuma,1
pedido_9204.977189830104_292,136.26011377622035,114.99264521999882,99.99264521999882,21.799096404098883,15,4.909632156223914,Scooter,Sandstorms,High,Urban,True,0,1,0,9204.977189830104,9319.969835050102,Aumento_Velocidade,1
pedido_9147.565581683968_266,188.55345101485022,172.93654896088407,157.93654896088407,15.023958173827108,15,4.347819270463241,Moto,Foggy,High,Urban,False,0,1,0,9147.565581683968,9320.502130644853,Aumento_Velocidade,0
pedido_9221.919570363048_304,128.10338629484463,101.8550276302289,86.8550276302289,3.601980211051923,15,4.591818880531912,Moto,Stormy,High,Metropolitian,False,0,1,0,9221.919570363048,9323.774597993277,Aumento_Velocidade,1
pedido_9182.165760401074_283,134.94826940247617,134.27432819439417,134.27432819439417,15.970726269304803,10,4.7626632660704855,Van,Sandstorms,High,Metropolitian,True,0,1,0,9182.165760401074,9326.44008859547,Nenhuma,0
pedido_9221.703730026627_303,102.0883511396797,100.07192311296164,100.07192311296164,13.638725918025933,5,5.0,Moto,Windy,Low,Urban,False,0,0,0,9221.703730026627,9326.77565313959,Nenhuma,1
pedido_9229.388293106376_311,129.99146977646632,108.49713853180481,93.49713853180481,12.610818528893565,10,4.685092724827167,Scooter,Stormy,High,Urban,False,0,1,0,9229.388293106376,9332.88543163818,Aumento_Velocidade,1
pedido_9217.772557883254_301,128.79591118080657,115.41684384880043,100.41684384880043,16.329625239108687,15,4.763888980993729,Moto,Stormy,High,Metropolitian,False,0,1,0,9217.772557883254,9333.189401732054,Aumento_Velocidade,1
pedido_9260.58288479087_326,101.62886116662526,77.6640518028158,62.664051802815806,12.859565064498774,10,4.676793013261892,Moto,Sunny,High,Urban,False,0,1,1,9260.58288479087,9333.246936593687,Aumento_Velocidade,1
pedido_9247.520533344137_322,99.51876533257081,97.577683536494,82.577683536494,4.850978233347558,5,4.708282714437732,Scooter,Sunny,Jam,Metropolitian,False,0,1,1,9247.520533344137,9335.098216880631,Aumento_Velocidade,1
pedido_9208.818705546668_294,134.20702046845372,111.64146236112904,111.64146236112904,16.33570879110238,15,4.683836022116261,Van,Sandstorms,High,Metropolitian,False,0,1,0,9208.818705546668,9335.460167907797,Nenhuma,1
pedido_9229.406853495166_312,127.30181285606172,112.70199777637293,97.70199777637293,4.673354955664804,10,4.7235366020030085,Scooter,Windy,Jam,Metropolitian,False,0,1,0,9229.406853495166,9337.108851271538,Aumento_Velocidade,1
pedido_9210.499614738583_295,134.6154842922761,137.81631038001444,122.81631038001444,17.78541808669752,5,4.892123951231926,Moto,Windy,High,Metropolitian,False,0,1,0,9210.499614738583,9338.315925118597,Aumento_Velocidade,0
pedido_9226.08800409423_307,130.44988961041798,117.54869796749333,102.54869796749333,14.578666127179263,10,4.5223369981161134,Moto,Stormy,High,Urban,False,0,1,0,9226.08800409423,9338.636702061724,Aumento_Velocidade,1
pedido_9226.629947509406_308,131.33445229746053,117.8893876249472,102.8893876249472,8.281563839104773,10,4.821312376837747,Scooter,Windy,High,Urban,True,0,1,0,9226.629947509406,9339.519335134353,Aumento_Velocidade,1
pedido_9231.730984061676_314,135.4269565080043,107.98536410685503,92.98536410685503,17.38002281495769,15,4.624491482412627,Moto,Sandstorms,High,Metropolitian,False,0,1,0,9231.730984061676,9339.716348168531,Aumento_Velocidade,1
pedido_9234.939647102083_317,133.8603358861522,108.97146716709086,93.97146716709086,5.60604411177072,15,4.734287268263867,Moto,Foggy,High,Metropolitian,False,0,1,0,9234.939647102083,9343.911114269175,Aumento_Velocidade,1
pedido_9227.667711619912_309,133.13299171201572,130.70300335104577,115.70300335104577,7.904798303041792,5,4.663310028301089,Moto,Foggy,High,Urban,True,0,1,0,9227.667711619912,9348.370714970957,Aumento_Velocidade,1
pedido_9214.275991909797_299,132.90041968907826,142.80624465185903,127.80624465185903,19.982960629702564,10,4.833285576169199,Moto,Stormy,High,Metropolitian,True,0,1,0,9214.275991909797,9352.082236561657,Aumento_Velocidade,0
pedido_9241.56805134542_319,136.3599578390772,121.80267206283469,106.80267206283469,6.67353572477318,5,4.598955072580746,Moto,Windy,Medium,Metropolitian,False,0,0,0,9241.56805134542,9353.370723408256,Rota_Reduzida,1
pedido_9222.771131153628_305,156.02644577111855,138.86633248535662,123.86633248535662,20.469672886742103,10,4.4745577538599886,Moto,Foggy,Jam,Urban,False,0,1,0,9222.771131153628,9356.637463638985,Aumento_Velocidade,0
pedido_9233.156493539964_316,150.1587248623217,134.88132722857225,119.88132722857225,17.735678346295103,5,4.895651752769669,Scooter,Foggy,Jam,Metropolitian,False,0,1,0,9233.156493539964,9358.037820768535,Aumento_Velocidade,1
pedido_9225.418791093196_306,132.19334455705842,124.42132566380181,124.42132566380181,10.230289986048067,10,4.521886876074863,Van,Sandstorms,High,Urban,False,0,1,0,9225.418791093196,9359.840116756997,Nenhuma,0
pedido_9216.074035456226_300,132.43192312371858,136.56763772123577,136.56763772123577,8.677833163811593,10,4.501196081823327,Van,Foggy,High,Urban,True,0,1,0,9216.074035456226,9362.641673177463,Nenhuma,0
pedido_9269.065578003534_334,125.20032831834475,106.0575592243888,91.0575592243888,7.3982032006377905,5,4.503020701582109,Moto,Foggy,Medium,Metropolitian,True,0,0,0,9269.065578003534,9365.123137227924,Rota_Reduzida,1
pedido_9245.037187200047_320,140.3927081323941,122.03673033231536,107.03673033231536,12.75308790602049,15,4.648029805422465,Scooter,Windy,Jam,Metropolitian,True,0,1,0,9245.037187200047,9367.073917532362,Aumento_Velocidade,1
pedido_9232.71977807867_315,136.83362862094657,134.7879175934907,119.7879175934907,9.375243767722424,15,5.0,Moto,Sandstorms,High,Urban,False,0,1,0,9232.71977807867,9367.50769567216,Aumento_Velocidade,1
pedido_9258.821838357868_325,134.33045026072563,111.35152640334944,96.35152640334944,13.099212041341838,15,4.709492353658113,Scooter,Windy,Medium,Metropolitian,False,0,0,0,9258.821838357868,9370.173364761216,Rota_Reduzida,1
pedido_9266.345498758263_330,127.99443759296194,100.82323685774493,100.82323685774493,5.533562447474298,5,4.928317671101238,Van,Stormy,High,Metropolitian,True,0,1,0,9266.345498758263,9372.168735616007,Nenhuma,1
pedido_9279.516771406958_341,101.83536669615204,93.83744937553264,78.83744937553264,14.100791885452923,15,5.0,Scooter,Sunny,Medium,Metropolitian,False,0,0,1,9279.516771406958,9373.35422078249,Rota_Reduzida,1
pedido_9268.104185189377_331,121.67743708415877,98.03344546163146,98.03344546163146,12.41923942678838,10,4.80630960254707,Moto,Sunny,Low,Metropolitian,False,0,0,1,9268.104185189377,9376.137630651008,Nenhuma,1
pedido_9303.122360700538_355,92.83873521142773,86.52325777036368,66.52325777036368,8.009522624762806,10,4.654024303132035,Moto,Sunny,High,Other,False,0,1,1,9303.122360700538,9379.645618470902,Rota_Reduzida,1
pedido_9265.744362851583_329,134.5644819567545,124.01426576439599,109.01426576439599,13.507703125663793,5,4.900572562393638,Moto,Stormy,Jam,Metropolitian,False,0,1,0,9265.744362851583,9379.758628615979,Aumento_Velocidade,1
pedido_9245.265186270279_321,132.86867926054578,138.9643355834149,123.96433558341491,9.896603040261269,15,4.782987487402042,Moto,Sandstorms,High,Metropolitian,False,0,1,0,9245.265186270279,9384.229521853693,Aumento_Velocidade,0
pedido_9275.513442353516_335,127.4117464960537,110.65786865907407,95.65786865907407,6.674129253336181,15,4.753760422789694,Scooter,Stormy,Jam,Metropolitian,False,0,1,0,9275.513442353516,9386.171311012591,Aumento_Velocidade,1
pedido_9277.349484982278_337,136.37695337191965,115.67992469355886,100.67992469355886,14.358850288529963,10,4.493655095289155,Moto,Sandstorms,Medium,Metropolitian,False,0,0,0,9277.349484982278,9388.029409675837,Rota_Reduzida,1
pedido_9280.31983687153_343,130.13135093304052,117.71485156325195,102.71485156325195,12.342784480065948,5,4.842554749675291,Scooter,Stormy,High,Metropolitian,False,0,1,0,9280.31983687153,9388.034688434782,Aumento_Velocidade,1
pedido_9268.58372681422_333,129.82934646697697,125.60412519469239,110.60412519469239,16.950568068371474,10,4.648227248874123,Moto,Stormy,High,Urban,False,0,1,0,9268.58372681422,9389.187852008912,Aumento_Velocidade,1
pedido_9278.0892450074_338,136.14090781752412,112.52703893851697,97.52703893851697,18.5511769972536,15,4.686430009331783,Moto,Windy,High,Metropolitian,True,0,1,0,9278.0892450074,9390.616283945918,Aumento_Velocidade,1
pedido_9219.71178084575_302,187.56003779150737,181.1662120687912,166.1662120687912,14.396158986251425,5,4.259902379565078,Scooter,Foggy,Medium,Urban,True,0,0,0,9219.71178084575,9390.87799291454,Rota_Reduzida,0
pedido_9281.427844930779_344,130.12096100425848,115.8784874303624,100.8784874303624,0.7364886484820259,10,4.744811100314925,Moto,Windy,High,Metropolitian,True,0,1,0,9281.427844930779,9392.30633236114,Aumento_Velocidade,1
pedido_9278.53996338269_339,132.75290817707386,114.12979811299661,99.12979811299661,6.26796785601855,15,4.808422777584372,Moto,Windy,High,Urban,False,0,1,0,9278.53996338269,9392.669761495687,Aumento_Velocidade,1
pedido_9279.390355595733_340,102.28441255111852,98.6981787042102,98.6981787042102,3.8905767655759167,15,4.893405917841582,Moto,Windy,Low,Metropolitian,False,0,0,0,9279.390355595733,9393.088534299943,Nenhuma,1
pedido_9276.121090961044_336,129.20183095500593,123.17897917519176,108.17897917519176,5.404142111707211,10,4.876084336676793,Moto,Windy,High,Metropolitian,False,0,1,0,9276.121090961044,9394.300070136236,Aumento_Velocidade,1
pedido_9286.191559258617_347,132.0234887729761,110.41158784860777,95.41158784860777,3.5902319564199554,15,4.857103884795205,Scooter,Foggy,High,Metropolitian,True,0,1,0,9286.191559258617,9396.603147107226,Aumento_Velocidade,1
pedido_9264.40755083346_328,140.25509633782895,138.29859281159162,123.29859281159162,11.175405835032352,10,4.757537273986435,Moto,Foggy,High,Metropolitian,False,0,1,0,9264.40755083346,9397.706143645053,Aumento_Velocidade,0
pedido_9297.445879178347_350,109.3797174735882,101.01795034146718,86.01795034146718,12.948459937083047,15,4.920099144377065,Scooter,Sunny,Jam,Metropolitian,False,0,1,1,9297.445879178347,9398.463829519815,Aumento_Velocidade,1
pedido_9339.732617088956_375,96.75969646458327,58.82578838567123,43.82578838567123,8.429834230940356,15,4.525385013156836,Moto,Sunny,Medium,Metropolitian,False,0,0,1,9339.732617088956,9398.558405474627,Rota_Reduzida,1
pedido_9255.181317532499_324,133.87154537935587,141.94488452103138,141.94488452103138,10.81672598264378,5,4.488379266960601,Van,Sandstorms,High,Metropolitian,False,0,1,0,9255.181317532499,9402.12620205353,Nenhuma,0
pedido_9301.765031047007_354,132.11331772948233,112.1431841297899,97.1431841297899,8.698407617093396,5,4.682617603628058,Scooter,Stormy,Medium,Metropolitian,False,0,0,0,9301.765031047007,9403.908215176796,Rota_Reduzida,1
pedido_9325.704551180723_366,95.83027996309183,79.35359436096643,64.35359436096643,5.137390041205499,15,4.707628030696257,Moto,Sunny,Medium,Metropolitian,False,0,0,1,9325.704551180723,9405.058145541689,Rota_Reduzida,1
pedido_9294.411499823214_348,129.01666075656678,119.16007852471768,104.16007852471768,3.9091108839418625,10,4.458998066215198,Moto,Windy,High,Metropolitian,False,0,1,0,9294.411499823214,9408.571578347932,Aumento_Velocidade,1
pedido_9284.525269800917_345,128.82160162125592,129.63178168056507,114.63178168056507,6.935614323739013,10,4.754112202651789,Scooter,Stormy,Jam,Metropolitian,True,0,1,0,9284.525269800917,9409.157051481483,Aumento_Velocidade,1
pedido_9285.756218473804_346,132.26490666012583,129.39279295032205,114.39279295032205,9.65357601210936,10,4.696219483776764,Moto,Sandstorms,High,Metropolitian,False,0,1,0,9285.756218473804,9410.149011424126,Aumento_Velocidade,1
pedido_9324.038373016116_365,95.76829290804925,86.48241546817007,71.48241546817007,17.93757343061107,15,4.872433541144094,Moto,Sunny,Medium,Other,False,0,0,1,9324.038373016116,9410.520788484286,Rota_Reduzida,1
pedido_9311.520383206222_358,127.1631721846883,100.244314777856,85.244314777856,8.808250618499976,15,4.5226251538759765,Scooter,Stormy,High,Metropolitian,False,0,1,0,9311.520383206222,9411.764697984077,Aumento_Velocidade,1
pedido_9301.425612687124_353,134.41086404352853,110.95488429544739,95.95488429544739,13.398598469998912,15,4.473591419658902,Scooter,Windy,High,Urban,False,0,1,0,9301.425612687124,9412.380496982572,Aumento_Velocidade,1
pedido_9369.258345005235_390,66.54633033124554,54.30295425651934,39.30295425651934,7.187180717485367,5,4.414478215992743,Moto,Windy,High,Metropolitian,True,1,1,0,9369.258345005235,9413.561299261755,Aumento_Velocidade,1
pedido_9300.524959523713_351,110.03329930233114,100.05837220658199,100.05837220658199,14.084857846866816,15,5.0,Scooter,Foggy,Low,Metropolitian,False,0,0,0,9300.524959523713,9415.583331730295,Nenhuma,1
pedido_9314.070056732733_359,103.95994351791434,105.00752020702552,105.00752020702552,9.39301445581143,5,4.5804992513999,Scooter,Sunny,Low,Metropolitian,False,0,0,1,9314.070056732733,9424.077576939759,Nenhuma,1
pedido_9373.650627617837_396,39.08123110725624,36.20500059858482,36.20500059858482,15.246032659992611,15,4.936944065606501,Scooter,Sunny,High,Metropolitian,False,1,1,1,9373.650627617837,9424.855628216423,Nenhuma,1
pedido_9335.02752256886_373,102.50123768847499,90.79739755194272,75.79739755194272,18.612503301992696,15,4.713520614936463,Scooter,Sunny,High,Metropolitian,False,0,1,1,9335.02752256886,9425.824920120804,Aumento_Velocidade,1
pedido_9409.244231267416_418,40.642252276933355,7.4958964594793756,7.4958964594793756,18.229910618181922,10,4.628971200173673,Scooter,Sunny,High,Metropolitian,False,1,1,1,9409.244231267416,9426.740127726895,Nenhuma,1
pedido_9328.736124940871_369,130.4892595588676,106.12021718766447,91.12021718766447,11.079819915140241,10,4.846547181448687,Moto,Stormy,High,Metropolitian,False,0,1,0,9328.736124940871,9429.856342128536,Aumento_Velocidade,1
pedido_9374.898684082062_398,45.750057270978814,45.608752395013255,45.608752395013255,0.0,10,4.640244587348886,Moto,Foggy,Jam,Metropolitian,False,1,1,0,9374.898684082062,9430.507436477075,Nenhuma,1
pedido_9300.966693411032_352,130.63353659701423,133.60364047974565,118.60364047974565,0.8114022913438568,15,4.994135396090442,Moto,Stormy,High,Metropolitian,True,0,1,0,9300.966693411032,9434.570333890777,Aumento_Velocidade,1
pedido_9345.805362566998_377,129.02620626166558,102.46478301327464,87.46478301327464,13.724052568154464,5,4.8216123567063605,Moto,Stormy,High,Metropolitian,False,0,1,0,9345.805362566998,9438.270145580273,Aumento_Velocidade,1
pedido_9334.859386471091_372,125.63783351878111,114.58946004668657,99.58946004668657,4.1715729877506185,5,4.519897233829544,Moto,Windy,Jam,Metropolitian,False,0,1,0,9334.859386471091,9439.448846517778,Aumento_Velocidade,1
pedido_9328.97661343389_370,99.25953004060266,100.81529027235821,100.81529027235821,5.58666944984385,10,4.822492964704915,Van,Sunny,High,Metropolitian,True,0,1,1,9328.97661343389,9439.791903706247,Nenhuma,1
pedido_9263.239577667227_327,189.97790306412477,179.73861277840714,164.73861277840714,11.955940895967862,15,4.397292330611789,Moto,Foggy,High,Urban,True,0,1,0,9263.239577667227,9442.978190445634,Aumento_Velocidade,0
pedido_9268.238506768319_332,170.56052771261065,170.80845550931622,170.80845550931622,3.0012280483380582,5,4.354413228872502,Van,Stormy,Medium,Urban,False,0,0,0,9268.238506768319,9444.046962277635,Nenhuma,0
pedido_9328.012746876535_368,134.22156031072382,118.1772519350383,103.1772519350383,7.1895086061961,15,4.834436455877961,Scooter,Sandstorms,Medium,Metropolitian,False,0,0,0,9328.012746876535,9446.189998811573,Rota_Reduzida,1
pedido_9351.913396667353_381,104.657602634933,85.82016117176869,85.82016117176869,12.346472466947578,10,4.577449982516547,Moto,Foggy,Low,Other,False,0,0,0,9351.913396667353,9447.733557839121,Nenhuma,1
pedido_9342.799998774895_376,120.8499346818867,100.53829722298393,100.53829722298393,18.70053739061822,5,4.468631310611624,Scooter,Sunny,Low,Metropolitian,False,0,0,1,9342.799998774895,9448.338295997879,Nenhuma,1
pedido_9295.842010851977_349,173.70532599386283,152.76555269858636,137.76555269858636,7.295464920025571,15,4.421225616582139,Scooter,Windy,High,Urban,True,0,1,0,9295.842010851977,9448.607563550562,Aumento_Velocidade,0
pedido_9315.315478195887_360,151.02971091692942,145.0358703670599,130.0358703670599,15.96883077806299,5,4.555586692761492,Moto,Foggy,Jam,Metropolitian,False,0,1,0,9315.315478195887,9450.351348562946,Aumento_Velocidade,0
pedido_9320.561825492889_363,149.19810081934767,136.39890420683028,121.39890420683028,14.443135788964968,10,4.874560035995899,Moto,Foggy,Jam,Metropolitian,False,0,1,0,9320.561825492889,9451.960729699718,Aumento_Velocidade,0
pedido_9308.080759155524_356,125.28573027736176,149.397609149363,134.397609149363,6.84191701599445,10,4.513681758049198,Moto,Sandstorms,Jam,Metropolitian,True,0,1,0,9308.080759155524,9452.478368304886,Aumento_Velocidade,0
pedido_9338.642130894299_374,125.343143144716,124.74827812355537,109.74827812355537,4.11009909813289,5,4.8731856998001115,Scooter,Foggy,Medium,Metropolitian,False,0,0,0,9338.642130894299,9453.390409017855,Rota_Reduzida,1
pedido_9357.15377232041_383,103.03064534750423,96.0730713028848,96.0730713028848,14.436761042534528,5,4.495901413840196,Van,Sunny,Medium,Urban,False,0,0,1,9357.15377232041,9458.226843623293,Nenhuma,1
pedido_9347.46218095603_379,135.8636310501844,122.28507998875354,107.28507998875354,13.8539773002144,5,4.495051758726953,Scooter,Sandstorms,Medium,Metropolitian,True,0,0,0,9347.46218095603,9459.747260944783,Rota_Reduzida,1
pedido_9320.235201881125_362,151.58893207959338,125.05589211257322,125.05589211257322,17.00878535359092,15,4.957313084556545,Van,Foggy,Jam,Metropolitian,False,0,1,0,9320.235201881125,9460.2910939937,Nenhuma,0
pedido_9330.586928046168_371,130.22115973519726,136.58503050420688,121.58503050420688,14.067296909385242,10,4.755985729427032,Scooter,Stormy,High,Metropolitian,True,0,1,0,9330.586928046168,9462.171958550376,Aumento_Velocidade,0
pedido_9279.634682117297_342,190.91823904069724,194.1127371251142,179.1127371251142,7.21133137836064,5,4.436418706813415,Scooter,Sunny,High,Metropolitian,False,0,1,1,9279.634682117297,9463.747419242412,Aumento_Velocidade,0
pedido_9346.203689355234_378,135.78175526201267,129.88250891241532,114.88250891241532,17.521387227823418,5,4.791937473318251,Moto,Windy,Medium,Metropolitian,False,0,0,0,9346.203689355234,9466.086198267649,Rota_Reduzida,1
pedido_9322.32182478811_364,131.9012147297906,144.62119477921962,129.62119477921962,4.001375326632456,15,4.731511337695827,Scooter,Windy,High,Metropolitian,False,0,1,0,9322.32182478811,9466.94301956733,Aumento_Velocidade,0
pedido_9359.13716328591_384,99.69909355120313,93.62972522356178,93.62972522356178,7.572550077779953,15,4.998965695911681,Moto,Stormy,Low,Metropolitian,False,0,0,0,9359.13716328591,9467.766888509472,Nenhuma,1
pedido_9363.40580848185_387,133.28348391376278,115.65468573459732,100.65468573459732,6.899735863980117,10,4.642146965058272,Moto,Foggy,High,Metropolitian,False,0,1,0,9363.40580848185,9474.060494216446,Aumento_Velocidade,1
pedido_9365.946831603558_388,103.14244429867956,98.3938904662862,98.3938904662862,2.7910941254726342,10,4.4626077890902724,Scooter,Stormy,Low,Metropolitian,True,0,0,0,9365.946831603558,9474.340722069845,Nenhuma,1
pedido_9350.888867424002_380,136.6452187494612,133.5808647224181,118.58086472241811,2.4119410908230976,5,5.0,Moto,Sandstorms,High,Urban,False,0,1,0,9350.888867424002,9474.469732146421,Aumento_Velocidade,1
pedido_9393.008117031166_408,104.96127056354642,86.70814608247161,71.70814608247161,16.644621565158975,10,5.0,Scooter,Sunny,High,Metropolitian,True,0,1,1,9393.008117031166,9474.716263113638,Aumento_Velocidade,1
pedido_9356.10746989479_382,150.74611612141624,128.83705898068655,113.83705898068655,17.020223819770592,10,4.619177208680795,Scooter,Foggy,Jam,Urban,False,0,1,0,9356.10746989479,9479.944528875478,Aumento_Velocidade,1
pedido_9315.850325765174_361,175.14331602715734,175.6309238585042,160.6309238585042,2.6169573805125736,5,4.277730487996985,Scooter,Windy,Jam,Metropolitian,False,0,1,0,9315.850325765174,9481.481249623677,Aumento_Velocidade,0
pedido_9327.694487728138_367,168.41906873872415,154.3783828069546,139.3783828069546,4.191281642331778,15,4.262954021156912,Scooter,Sandstorms,Medium,Urban,True,0,0,0,9327.694487728138,9482.072870535094,Rota_Reduzida,0
pedido_9370.334753544164_392,142.0097387744214,122.70223706415166,107.70223706415166,16.09860761614574,5,4.831332376370363,Moto,Sandstorms,Jam,Metropolitian,True,0,1,0,9370.334753544164,9483.036990608316,Aumento_Velocidade,1
pedido_9370.749605906367_393,132.2469873940399,113.28059290414811,98.28059290414811,2.275776886724213,15,4.513084641385595,Scooter,Stormy,Medium,Urban,False,0,0,0,9370.749605906367,9484.030198810515,Rota_Reduzida,1
pedido_9404.17576745997_415,97.70385677473216,75.66670359801043,75.66670359801043,7.1583036214769,5,4.87947351579715,Moto,Sunny,Low,Metropolitian,False,0,0,1,9404.17576745997,9484.84247105798,Nenhuma,1
pedido_9371.79015595694_394,141.67034897434885,118.23143094560609,103.23143094560609,16.74253420725995,10,5.0,Scooter,Foggy,High,Urban,False,0,1,0,9371.79015595694,9485.021586902547,Aumento_Velocidade,1
pedido_9366.359947776142_389,135.60781003089846,124.06782451087429,109.06782451087429,6.275874789492322,10,4.532040609632261,Moto,Windy,Medium,Metropolitian,True,0,0,0,9366.359947776142,9485.427772287016,Rota_Reduzida,1
pedido_9415.778827265147_421,94.87554004418845,75.39177384822017,60.39177384822017,2.6346863701187364,10,4.865636919102843,Moto,Sunny,High,Metropolitian,False,0,1,1,9415.778827265147,9486.170601113367,Aumento_Velocidade,1
pedido_9374.85455722138_397,130.4892595588676,111.60930658368028,96.60930658368028,11.228604194627877,15,4.782601163089076,Moto,Stormy,High,Metropolitian,False,0,1,0,9374.85455722138,9486.46386380506,Aumento_Velocidade,1
pedido_9383.6662390211_404,126.09520819432915,111.48894100039671,96.48894100039671,2.946631857990571,10,4.451478203239011,Scooter,Windy,Jam,Urban,False,0,1,0,9383.6662390211,9490.155180021497,Aumento_Velocidade,1
pedido_9370.240589772498_391,134.51104555526933,130.74060745115193,115.74060745115193,15.931591882638733,5,4.813572868398447,Moto,Sandstorms,High,Urban,False,0,1,0,9370.240589772498,9490.981197223651,Aumento_Velocidade,1
pedido_9389.63713963614_405,99.6619176619694,91.7902886657756,91.7902886657756,0.0,10,5.0,Moto,Foggy,Low,Metropolitian,True,0,0,0,9389.63713963614,9491.427428301915,Nenhuma,1
pedido_9363.329393695894_386,132.54464392905672,135.3421812310741,120.34218123107411,7.105400060340055,10,4.698665742997563,Scooter,Windy,High,Metropolitian,False,0,1,0,9363.329393695894,9493.671574926968,Aumento_Velocidade,0
pedido_9372.076188285688_395,133.47167798212635,130.69860896159608,115.69860896159608,13.870546870699677,10,4.551432540267638,Scooter,Windy,High,Metropolitian,False,0,1,0,9372.076188285688,9497.774797247284,Aumento_Velocidade,1
pedido_9310.953298509929_357,183.6912390605074,193.31309121506862,178.31309121506862,15.862773617041878,10,4.334603982602716,Moto,Stormy,Medium,Metropolitian,True,0,0,0,9310.953298509929,9499.266389724997,Rota_Reduzida,0
pedido_9382.969268837162_403,135.03102164400448,121.99930062954371,106.99930062954371,10.06939040077923,10,4.726817833390005,Scooter,Sandstorms,Medium,Urban,False,0,0,0,9382.969268837162,9499.968569466706,Rota_Reduzida,1
pedido_9382.152272544818_401,128.2225744463269,128.512983922707,113.51298392270701,3.8814008329293426,5,4.846853248529457,Moto,Stormy,High,Metropolitian,False,0,1,0,9382.152272544818,9500.665256467524,Aumento_Velocidade,1
pedido_9396.510337907386_411,100.90298526224777,105.22406506373835,90.22406506373835,16.00547576154134,15,4.75570352708358,Scooter,Sunny,Medium,Metropolitian,False,0,0,1,9396.510337907386,9501.734402971124,Rota_Reduzida,1
pedido_9379.589755582203_399,130.03305297604035,133.04003411639601,118.04003411639601,3.2460503643165923,5,5.0,Moto,Sandstorms,Jam,Metropolitian,True,0,1,0,9379.589755582203,9502.6297896986,Aumento_Velocidade,1
pedido_9382.400101317437_402,125.78288776066945,134.12295003884324,119.12295003884324,8.157233546988632,5,4.945629186030281,Moto,Foggy,Medium,Metropolitian,True,0,0,0,9382.400101317437,9506.52305135628,Rota_Reduzida,1
pedido_9400.858235403795_413,129.74544518860114,108.46585915585891,93.46585915585891,4.139918443843463,15,4.541681904371585,Scooter,Sandstorms,High,Urban,True,0,1,0,9400.858235403795,9509.324094559654,Aumento_Velocidade,1
pedido_9399.011257014792_412,129.26080653668706,122.3557555203276,107.3557555203276,4.954528932296214,5,4.977173917533304,Moto,Stormy,Jam,Metropolitian,False,0,1,0,9399.011257014792,9511.36701253512,Aumento_Velocidade,1
pedido_9396.21846202019_410,127.78624168431163,117.66893583855719,102.66893583855719,1.3163636152831106,15,4.585386194766509,Moto,Foggy,Jam,Metropolitian,False,0,1,0,9396.21846202019,9513.887397858747,Aumento_Velocidade,1
pedido_9392.612921530352_407,137.15001360119135,129.18199347130977,114.18199347130977,12.674771765429867,10,4.813265468409912,Moto,Stormy,Jam,Metropolitian,True,0,1,0,9392.612921530352,9516.794915001661,Aumento_Velocidade,1
pedido_9482.018420382381_455,44.6735005583132,20.25619797851894,20.25619797851894,2.932839558245936,15,5.0,Moto,Sandstorms,High,Other,False,1,1,0,9482.018420382381,9517.2746183609,Nenhuma,1
pedido_9406.600158534951_416,135.05880977204424,121.50042221454207,106.50042221454207,13.512578365433045,5,4.511580876552607,Scooter,Stormy,Medium,Urban,False,0,0,0,9406.600158534951,9518.100580749493,Rota_Reduzida,1
pedido_9380.019846442212_400,144.11269945414878,143.2248105210564,128.2248105210564,11.175397722267634,10,4.6215316767258425,Moto,Foggy,High,Metropolitian,True,0,1,0,9380.019846442212,9518.244656963268,Aumento_Velocidade,0
pedido_9395.288880569593_409,134.50461558050955,132.7969805226704,117.7969805226704,11.59769588395394,10,4.6380103807165804,Scooter,Sandstorms,High,Urban,True,0,1,0,9395.288880569593,9523.085861092264,Aumento_Velocidade,1
pedido_9415.048377535004_420,129.43979380330478,121.27722354098789,106.27722354098789,5.456721469236881,5,4.483200798981472,Scooter,Foggy,Jam,Metropolitian,False,0,1,0,9415.048377535004,9526.325601075992,Aumento_Velocidade,1
pedido_9362.836007160382_385,188.18635627569242,174.27789458945355,159.27789458945355,19.45843714390904,5,4.395665974859255,Scooter,Foggy,High,Urban,True,0,1,0,9362.836007160382,9527.113901749835,Aumento_Velocidade,0
pedido_9434.91716083135_431,128.04830767786407,105.1198203381089,90.1198203381089,6.395756550430464,5,4.85858961060894,Moto,Stormy,High,Urban,False,0,1,0,9434.91716083135,9530.036981169458,Aumento_Velocidade,1
pedido_9403.445839617243_414,137.5360928617468,128.17466884546812,113.17466884546812,19.094173407683243,15,4.831682073962038,Moto,Stormy,Jam,Metropolitian,True,0,1,0,9403.445839617243,9531.62050846271,Aumento_Velocidade,1
pedido_9426.73817497145_425,129.4306379683732,117.11084933562458,102.11084933562458,14.43004886596895,5,4.947601357953396,Moto,Stormy,High,Urban,False,0,1,0,9426.73817497145,9533.849024307074,Aumento_Velocidade,1
pedido_9390.15605983529_406,138.06744222429867,145.5839465688397,130.5839465688397,20.772745361994097,15,4.635978930089715,Moto,Sandstorms,Medium,Metropolitian,True,0,0,0,9390.15605983529,9535.74000640413,Rota_Reduzida,0
pedido_9441.237466231663_433,103.18921677607565,107.43360339339344,92.43360339339344,15.952477872041854,5,4.522291024986699,Moto,Sunny,Medium,Metropolitian,False,0,0,1,9441.237466231663,9538.671069625057,Rota_Reduzida,1
pedido_9422.20130374519_422,127.84312972024415,123.81570026430717,108.81570026430717,3.6647773936427153,10,4.666078826537855,Moto,Stormy,High,Urban,True,0,1,0,9422.20130374519,9541.017004009498,Aumento_Velocidade,1
pedido_9428.597253560993_426,129.4669745124289,117.70538389172006,102.70538389172006,4.836681793095273,10,4.943154203356319,Moto,Windy,High,Metropolitian,False,0,1,0,9428.597253560993,9541.302637452713,Aumento_Velocidade,1
pedido_9444.541791435608_434,132.65986019653798,103.55435964694118,88.55435964694118,3.5947528983531853,10,4.8060784740306515,Moto,Sandstorms,High,Metropolitian,False,0,1,0,9444.541791435608,9543.09615108255,Aumento_Velocidade,1
pedido_9424.81950645998_424,127.5502978796019,125.73801876593265,110.73801876593265,6.273682573546001,10,4.490130973376574,Scooter,Stormy,Jam,Metropolitian,True,0,1,0,9424.81950645998,9545.557525225913,Aumento_Velocidade,1
pedido_9453.808550277972_439,95.25023207545257,94.39374203050713,79.39374203050713,1.4087941036285598,15,4.7085828528465745,Moto,Sunny,High,Metropolitian,False,0,1,1,9453.808550277972,9548.202292308479,Aumento_Velocidade,1
pedido_9469.673086094603_446,97.76240256831551,91.42814244854931,76.42814244854931,4.640200586560207,5,4.923517805783898,Scooter,Sunny,High,Metropolitian,False,0,1,1,9469.673086094603,9551.101228543152,Aumento_Velocidade,1
pedido_9423.753187808737_423,133.13938986426712,137.36250652856276,122.36250652856276,9.512738857216984,5,4.568661453238933,Scooter,Sandstorms,High,Metropolitian,False,0,1,0,9423.753187808737,9551.1156943373,Aumento_Velocidade,0
pedido_9429.998784007958_428,134.20702046845372,132.41117458051014,117.41117458051014,15.372253147923677,5,4.689035620587335,Moto,Sandstorms,High,Metropolitian,False,0,1,0,9429.998784007958,9552.409958588467,Aumento_Velocidade,1
pedido_9434.357860558763_430,132.3166833226386,128.81490070263374,113.81490070263374,16.511538906272342,5,4.974807475669316,Moto,Stormy,High,Metropolitian,False,0,1,0,9434.357860558763,9553.172761261396,Aumento_Velocidade,1
pedido_9429.460900490252_427,132.65520812979105,129.1638845486775,114.16388454867749,6.788955508482129,15,4.575198660110397,Moto,Windy,High,Urban,False,0,1,0,9429.460900490252,9558.62478503893,Aumento_Velocidade,1
pedido_9438.637608119132_432,128.79591118080657,120.21031203637841,105.21031203637841,15.475922943277315,15,4.7608338738582505,Scooter,Stormy,High,Urban,False,0,1,0,9438.637608119132,9558.847920155511,Aumento_Velocidade,1
pedido_9476.25962893707_452,125.2266948165097,92.79065299869222,77.79065299869222,4.398030233111287,5,5.0,Moto,Foggy,Medium,Metropolitian,False,0,0,0,9476.25962893707,9559.050281935763,Rota_Reduzida,1
pedido_9414.99389238896_419,134.1391429944334,129.35941775810835,129.35941775810835,11.042231801853038,15,4.569179788411872,Van,Stormy,Medium,Metropolitian,False,0,0,0,9414.99389238896,9559.35331014707,Nenhuma,0
pedido_9431.143448922385_429,141.67887272572975,128.3749711867313,113.3749711867313,14.543823261816332,15,4.9671130275171,Moto,Foggy,High,Metropolitian,False,0,1,0,9431.143448922385,9559.518420109116,Aumento_Velocidade,1
pedido_9450.611285561312_438,141.55937451908974,111.65021035574891,96.65021035574891,11.673656831569593,15,4.9510923018761845,Moto,Sandstorms,Jam,Metropolitian,False,0,1,0,9450.611285561312,9562.26149591706,Aumento_Velocidade,1
pedido_9446.977011519091_436,132.08039412490245,126.41003823580093,111.41003823580093,1.574957993295583,5,4.777719786049282,Moto,Sandstorms,High,Metropolitian,False,0,1,0,9446.977011519091,9563.387049754892,Aumento_Velocidade,1
pedido_9445.796815691021_435,134.32112067416054,124.04971257696269,109.04971257696269,13.097088730076884,10,4.864291069214676,Moto,Windy,High,Metropolitian,False,0,1,0,9445.796815691021,9564.846528267984,Aumento_Velocidade,1
pedido_9469.802990759854_447,99.40036610675655,105.36604867991596,90.36604867991596,5.564486186041315,5,4.848273717596352,Moto,Sunny,Jam,Metropolitian,False,0,1,1,9469.802990759854,9565.16903943977,Aumento_Velocidade,1
pedido_9470.99702960301_449,102.39379340670354,102.48997047452303,87.48997047452303,12.878004009014374,10,5.0,Scooter,Sunny,High,Metropolitian,False,0,1,1,9470.99702960301,9568.487000077534,Aumento_Velocidade,1
pedido_9408.64625398321_417,178.58966110422554,166.68178721548327,151.68178721548327,19.437347561538544,10,4.309448003659506,Moto,Sunny,High,Urban,True,0,1,1,9408.64625398321,9570.328041198693,Aumento_Velocidade,0
pedido_9460.221788405097_442,99.51106394489742,97.44274563433837,97.44274563433837,0.0,15,4.8798280022589795,Van,Sunny,Jam,Metropolitian,False,0,1,1,9460.221788405097,9572.664534039435,Nenhuma,1
pedido_9537.823165177868_488,36.095336715180814,20.33001895006555,20.33001895006555,6.750476871286346,15,4.53236963079066,Moto,Sunny,Medium,Metropolitian,False,1,0,1,9537.823165177868,9573.153184127934,Nenhuma,1
pedido_9507.9600612724_471,74.3915473605022,69.3668563764975,54.366856376497495,13.880256857609577,15,4.306407411029591,Moto,Sunny,High,Metropolitian,True,1,1,1,9507.9600612724,9577.326917648898,Aumento_Velocidade,1
pedido_9447.975203811831_437,133.7188597835189,142.2999299667784,127.2999299667784,12.435157065202189,5,4.695738447762809,Moto,Windy,High,Metropolitian,False,0,1,0,9447.975203811831,9580.27513377861,Aumento_Velocidade,0
pedido_9471.794345960969_450,134.5397212442726,117.69744564819527,102.69744564819527,10.220519340001331,10,4.828530511036622,Moto,Sandstorms,Medium,Metropolitian,False,0,0,0,9471.794345960969,9584.491791609164,Rota_Reduzida,1
pedido_9470.66629646232_448,129.91233184454615,122.52630985853946,107.52630985853946,5.817525615240394,10,4.63144549932006,Moto,Sandstorms,High,Metropolitian,True,0,1,0,9470.66629646232,9588.19260632086,Aumento_Velocidade,1
pedido_9509.760829582265_472,109.89759168251253,88.95926826198668,73.95926826198668,13.89793966696305,5,5.0,Moto,Sunny,Jam,Metropolitian,True,0,1,1,9509.760829582265,9588.72009784425,Aumento_Velocidade,1
pedido_9474.01688427497_451,140.0414624624165,115.30476546458343,100.30476546458343,14.018233081377657,15,4.682841265939079,Moto,Sandstorms,Jam,Metropolitian,False,0,1,0,9474.01688427497,9589.321649739553,Aumento_Velocidade,1
pedido_9459.735341297328_441,133.30910341743456,130.61568667477846,115.61568667477846,17.051019809811827,15,5.0,Moto,Stormy,High,Urban,True,0,1,0,9459.735341297328,9590.351027972107,Aumento_Velocidade,1
pedido_9468.096513324734_445,145.10180668824276,132.4727427797542,117.47274277975421,16.33207417314317,5,5.0,Moto,Foggy,Medium,Metropolitian,False,0,0,0,9468.096513324734,9590.569256104487,Rota_Reduzida,1
pedido_9465.55142478974_444,128.68577041953824,125.04658195074117,110.04658195074117,3.7156388862264143,15,5.0,Moto,Sandstorms,Jam,Metropolitian,False,0,1,0,9465.55142478974,9590.598006740482,Aumento_Velocidade,1
pedido_9480.766245977615_454,130.44988961041798,115.07399286535667,100.07399286535667,14.436806275533895,10,4.505086930770361,Scooter,Stormy,High,Metropolitian,False,0,1,0,9480.766245977615,9590.840238842971,Aumento_Velocidade,1
pedido_9460.235338860612_443,145.00682205131372,140.74255330653875,125.74255330653875,12.346774678880987,5,4.884653171553615,Moto,Foggy,High,Metropolitian,True,0,1,0,9460.235338860612,9590.97789216715,Aumento_Velocidade,0
pedido_9544.956231592078_499,44.20117558931395,38.5204367974666,38.5204367974666,13.572945429404907,10,4.651771988074897,Van,Foggy,High,Metropolitian,False,1,1,0,9544.956231592078,9593.476668389545,Nenhuma,1
pedido_9483.979073975694_456,132.26490666012583,110.91542329615694,95.91542329615694,9.6398754281579,15,4.711269052476812,Moto,Sandstorms,High,Urban,False,0,1,0,9483.979073975694,9594.894497271851,Aumento_Velocidade,1
pedido_9489.018104665309_458,134.98405512074552,108.04881369135894,93.04881369135894,19.098169602809193,15,4.788263026297906,Scooter,Sandstorms,High,Metropolitian,False,0,1,0,9489.018104665309,9597.066918356668,Aumento_Velocidade,1
pedido_9498.501913885957_467,111.69191694721452,99.38951220094751,84.38951220094751,20.348317960689567,15,4.583790489408129,Scooter,Sunny,Medium,Urban,True,0,0,1,9498.501913885957,9597.891426086904,Rota_Reduzida,1
pedido_9507.130534051134_470,99.05590523092877,102.22239266401664,87.22239266401664,0.0,5,4.58997281671854,Scooter,Sunny,Jam,Metropolitian,False,0,1,1,9507.130534051134,9599.35292671515,Aumento_Velocidade,1
pedido_9489.924731426709_460,100.96722327894045,102.99643505888636,102.99643505888636,5.387284682541727,10,4.562615718982999,Scooter,Windy,Low,Urban,False,0,0,0,9489.924731426709,9602.921166485596,Nenhuma,1
pedido_9556.3873295871_507,45.94745560057702,32.76675836121111,32.76675836121111,18.759016347055407,15,4.899841630683188,Scooter,Sandstorms,Jam,Metropolitian,False,1,1,0,9556.3873295871,9604.154087948311,Nenhuma,1
pedido_9489.171606438067_459,120.35610629725981,110.1877256161613,110.1877256161613,14.402494603863685,5,4.578081571073961,Moto,Sunny,Low,Urban,False,0,0,1,9489.171606438067,9604.359332054228,Nenhuma,1
pedido_9539.599810962687_494,95.31184662123282,76.8143041060178,61.8143041060178,1.7213188911150064,5,4.652972207804309,Moto,Sunny,High,Urban,False,0,1,1,9539.599810962687,9606.414115068705,Aumento_Velocidade,1
pedido_9498.105206593817_465,94.27841153683677,103.63407530735464,103.63407530735464,7.3150957058558035,5,4.605647540517558,Van,Sunny,Medium,Metropolitian,False,0,0,1,9498.105206593817,9606.739281901171,Nenhuma,1
pedido_9489.960294326096_461,140.58333922900198,126.80331648038674,111.80331648038674,14.695510044360438,5,4.548303216994952,Moto,Foggy,High,Urban,False,0,1,0,9489.960294326096,9606.763610806483,Aumento_Velocidade,1
pedido_9505.254357700609_469,103.4004342800523,87.06447940923638,87.06447940923638,18.858947860194363,15,4.571599844150576,Scooter,Stormy,Low,Metropolitian,False,0,0,0,9505.254357700609,9607.318837109846,Nenhuma,1
pedido_9495.899519373419_463,118.10978571170996,98.09985215852942,98.09985215852942,12.663141809293045,15,4.69731020455219,Moto,Sunny,Low,Urban,True,0,0,1,9495.899519373419,9608.999371531949,Nenhuma,1
pedido_9492.069190639648_462,136.0433863662986,117.08003976580969,102.08003976580969,18.33836623890247,15,4.9096219310885125,Moto,Windy,Jam,Metropolitian,False,0,1,0,9492.069190639648,9609.149230405457,Aumento_Velocidade,1
pedido_9497.12799317311_464,131.1093180972341,127.06119893676242,112.06119893676242,11.04929318877717,5,4.715680160542865,Moto,Stormy,High,Metropolitian,False,0,1,0,9497.12799317311,9614.189192109872,Aumento_Velocidade,1
pedido_9532.19693676807_485,106.14185238434366,94.2564495869879,79.2564495869879,15.85818432583315,5,4.47448164124718,Moto,Sunny,Medium,Urban,True,0,0,1,9532.19693676807,9616.453386355059,Rota_Reduzida,1
pedido_9536.212362784729_487,94.29195456174988,93.3323424379129,78.3323424379129,3.3344697363663625,5,4.678724642698473,Moto,Sunny,Medium,Metropolitian,False,0,0,1,9536.212362784729,9619.544705222641,Rota_Reduzida,1
pedido_9520.783450547_477,125.68922487643057,106.10288642497896,91.10288642497896,9.006985600759897,10,4.583895390349147,Scooter,Foggy,Medium,Metropolitian,True,0,0,0,9520.783450547,9621.886336971978,Rota_Reduzida,1
pedido_9509.861390212649_473,135.56661848410445,117.30525265032146,102.30525265032146,7.6431574548648875,10,4.550894084208134,Moto,Windy,Medium,Metropolitian,False,0,0,0,9509.861390212649,9622.16664286297,Rota_Reduzida,1
pedido_9510.279759923016_474,132.67599241689362,123.25991868467045,108.25991868467045,3.555182569825713,5,4.604523675805742,Scooter,Sandstorms,Medium,Metropolitian,True,0,0,0,9510.279759923016,9623.539678607687,Rota_Reduzida,1
pedido_9529.353362215814_481,132.4741772184434,96.59696009808616,81.59696009808616,5.296705456576185,15,4.654071064255807,Scooter,Foggy,High,Metropolitian,True,0,1,0,9529.353362215814,9625.9503223139,Aumento_Velocidade,1
pedido_9524.402289098054_479,131.33843019433047,106.37869531548417,91.37869531548417,15.249981719011068,15,4.535890726772101,Moto,Stormy,High,Metropolitian,True,0,1,0,9524.402289098054,9630.780984413539,Aumento_Velocidade,1
pedido_9533.321383998002_486,130.92233399100348,111.99205229022269,96.99205229022269,6.203743161665539,5,4.496819285969829,Scooter,Foggy,High,Urban,False,0,1,0,9533.321383998002,9635.313436288225,Aumento_Velocidade,1
pedido_9530.207788547548_482,98.71650902594666,96.10879912639531,96.10879912639531,5.1136385969745906,10,4.594616750485161,Van,Sunny,High,Metropolitian,False,0,1,1,9530.207788547548,9636.316587673944,Nenhuma,1
pedido_9531.130496051786_483,103.1924625520193,101.64216886616211,101.64216886616211,14.413748651992897,5,4.926991789094059,Moto,Windy,Low,Metropolitian,False,0,0,0,9531.130496051786,9637.772664917948,Nenhuma,1
pedido_9484.898497556815_457,177.29500180975242,158.39563493803814,143.39563493803814,9.65999827218177,10,4.361023303731449,Scooter,Stormy,Medium,Urban,False,0,0,0,9484.898497556815,9638.294132494853,Rota_Reduzida,0
pedido_9498.310908849175_466,135.84973106903988,128.20455825543473,128.20455825543473,13.81076980963671,15,4.865456417593654,Van,Windy,Jam,Metropolitian,False,0,1,0,9498.310908849175,9641.51546710461,Nenhuma,0
pedido_9519.663250694259_476,143.79348833965872,127.72111745385868,112.72111745385868,22.289505985910488,10,4.880639680595682,Scooter,Foggy,High,Metropolitian,False,0,1,0,9519.663250694259,9642.384368148118,Aumento_Velocidade,1
pedido_9538.0442547901_490,136.2777062869119,110.57439156069722,95.57439156069722,18.14120343139426,10,4.7239774369733105,Scooter,Windy,High,Metropolitian,True,0,1,0,9538.0442547901,9643.618646350798,Aumento_Velocidade,1
pedido_9527.838610974874_480,136.8807683471947,126.39123323697336,111.39123323697336,1.495826736487242,5,4.852839181061215,Moto,Foggy,High,Metropolitian,False,0,1,0,9527.838610974874,9644.229844211846,Aumento_Velocidade,1
pedido_9522.180242938479_478,141.90398567706964,132.82607946398412,117.82607946398412,11.534280615277122,5,4.706421340481639,Moto,Foggy,Medium,Metropolitian,False,0,0,0,9522.180242938479,9645.006322402463,Rota_Reduzida,1
pedido_9458.563402375104_440,189.93899933937072,186.58465454609973,171.58465454609973,5.9250876816675735,15,4.331416453173622,Scooter,Sunny,Jam,Urban,True,0,1,1,9458.563402375104,9645.148056921204,Aumento_Velocidade,0
pedido_9537.913419985865_489,125.00739629950279,118.15536198251884,103.15536198251884,2.4591217817714153,5,4.723232856081727,Scooter,Stormy,Jam,Metropolitian,True,0,1,0,9537.913419985865,9646.068781968384,Aumento_Velocidade,1
pedido_9544.970341070011_500,101.84043561517271,101.45720076182764,86.45720076182764,16.10265404725135,15,4.804886447902745,Moto,Sunny,High,Metropolitian,False,0,1,1,9544.970341070011,9646.42754183184,Aumento_Velocidade,1
pedido_9532.138039367625_484,134.76578239095977,116.33955595455026,101.33955595455026,19.4854706657736,15,4.5059247708305925,Moto,Windy,Medium,Urban,False,0,0,0,9532.138039367625,9648.477595322174,Rota_Reduzida,1
pedido_9552.800639549874_504,103.42555449491033,89.20977093648952,89.20977093648952,15.911560886061544,10,4.734972153583562,Scooter,Windy,Low,Urban,False,0,0,0,9552.800639549874,9652.010410486364,Nenhuma,1
pedido_9544.41239221883_498,142.0808223565322,108.66562902678665,93.66562902678665,18.470481553404493,15,4.683661322313226,Scooter,Foggy,High,Urban,False,0,1,0,9544.41239221883,9653.078021245617,Aumento_Velocidade,1
pedido_9538.964160764646_492,130.07391154917005,114.17026788567128,99.17026788567128,0.5442467271839417,15,4.777155153114404,Moto,Sandstorms,High,Metropolitian,True,0,1,0,9538.964160764646,9653.134428650317,Aumento_Velocidade,1
pedido_9587.021253968476_523,106.65221548234197,72.74121091531524,57.741210915315236,14.428637139686735,10,4.520845885616522,Moto,Sunny,High,Metropolitian,False,0,1,1,9587.021253968476,9654.762464883792,Aumento_Velocidade,1
pedido_9517.205717972256_475,137.11224460204926,146.52161851449816,131.52161851449816,16.14155512427462,10,4.647064461122864,Scooter,Windy,Medium,Metropolitian,True,0,0,0,9517.205717972256,9658.727336486754,Rota_Reduzida,0
pedido_9538.91703664075_491,135.7975343682578,126.8020315840615,111.8020315840615,14.147545559931919,10,4.810303944217081,Moto,Windy,High,Metropolitian,True,0,1,0,9538.91703664075,9660.719068224813,Aumento_Velocidade,1
pedido_9567.149284959847_513,97.5314395552214,84.38993490597608,84.38993490597608,0.7042498104583315,10,4.622988177917302,Van,Foggy,Low,Urban,False,0,0,0,9567.149284959847,9661.539219865823,Nenhuma,1
pedido_9539.098692411444_493,136.34491385489824,133.55521462496407,118.55521462496407,15.807220973945066,5,4.950711196064691,Scooter,Sandstorms,High,Urban,True,0,1,0,9539.098692411444,9662.653907036409,Aumento_Velocidade,1
pedido_9587.654605278636_524,97.49009431361574,85.25676798918228,70.25676798918228,3.9718366970764336,5,4.6744913652235365,Scooter,Sunny,High,Metropolitian,False,0,1,1,9587.654605278636,9662.911373267818,Aumento_Velocidade,1
pedido_9569.861358103026_516,122.73902877897132,98.9408086755532,83.9408086755532,2.5962443599586327,10,4.528298346210324,Scooter,Sandstorms,Jam,Metropolitian,False,0,1,0,9569.861358103026,9663.80216677858,Aumento_Velocidade,1
pedido_9560.578012852255_510,126.40381272079905,119.13511714670953,104.13511714670953,3.263156462564429,5,4.735376235947042,Moto,Windy,Jam,Metropolitian,False,0,1,0,9560.578012852255,9669.713129998965,Aumento_Velocidade,1
pedido_9542.87454742142_497,131.9489033539637,132.63045139636395,117.63045139636395,7.395900657837428,10,4.8379494014331765,Moto,Sandstorms,High,Metropolitian,False,0,1,0,9542.87454742142,9670.504998817783,Aumento_Velocidade,1
pedido_9479.568016560346_453,185.61238599467407,198.22343776628145,183.22343776628145,19.355827174992374,10,4.361253543821996,Moto,Sandstorms,Medium,Metropolitian,True,0,0,0,9479.568016560346,9672.791454326627,Rota_Reduzida,0
pedido_9552.026194668231_503,135.4269565080043,123.75310762670446,108.75310762670446,18.028246847690614,15,4.552628378070894,Moto,Sandstorms,High,Metropolitian,False,0,1,0,9552.026194668231,9675.779302294935,Aumento_Velocidade,1
pedido_9569.24305156216_514,138.31817579906652,107.05698075990163,92.05698075990163,13.8065191820719,15,4.926209043428528,Moto,Windy,Medium,Urban,True,0,0,0,9569.24305156216,9676.300032322062,Rota_Reduzida,1
pedido_9559.425970940614_509,141.32008033116873,123.44517825967219,108.44517825967219,14.543043125787756,10,4.688764317092458,Moto,Foggy,High,Metropolitian,False,0,1,0,9559.425970940614,9677.871149200286,Aumento_Velocidade,1
pedido_9579.060333431366_520,129.42766501532498,110.25342749963029,95.25342749963029,2.29526518005706,5,4.744943947858038,Moto,Stormy,High,Metropolitian,False,0,1,0,9579.060333431366,9679.313760930996,Aumento_Velocidade,1
pedido_9556.794661333235_508,141.20697394025345,134.56743815990905,119.56743815990905,10.300053993419183,5,4.970658861834583,Scooter,Foggy,High,Metropolitian,False,0,1,0,9556.794661333235,9681.362099493144,Aumento_Velocidade,1
pedido_9588.238643682886_525,129.40810462165848,104.87420883873,89.87420883873,4.938497023404442,5,4.656967314465146,Moto,Windy,High,Metropolitian,True,0,1,0,9588.238643682886,9683.112852521615,Aumento_Velocidade,1
pedido_9612.793906600431_542,100.08347468573285,76.05954106264302,61.05954106264302,1.0073719268899461,10,4.545781770908723,Scooter,Sunny,High,Metropolitian,False,0,1,1,9612.793906600431,9683.853447663074,Aumento_Velocidade,1
pedido_9569.790098644262_515,128.04830767786407,119.14352311782199,104.14352311782199,6.355467689258386,10,4.884513191073721,Moto,Stormy,High,Urban,False,0,1,0,9569.790098644262,9683.933621762084,Aumento_Velocidade,1
pedido_9564.797991843632_512,139.66215885312468,124.49197419305617,109.49197419305617,14.97604789313636,10,5.0,Scooter,Windy,High,Urban,True,0,1,0,9564.797991843632,9684.289966036687,Aumento_Velocidade,1
pedido_9502.732813159382_468,182.4813055752403,177.155001640946,177.155001640946,3.729309499083917,5,4.416383012963128,Van,Sunny,Jam,Metropolitian,False,0,1,1,9502.732813159382,9684.887814800328,Nenhuma,0
pedido_9579.401059288108_521,99.13226216411756,113.39777564930543,98.39777564930543,5.449031431689272,10,4.906224760816723,Scooter,Sunny,High,Metropolitian,True,0,1,1,9579.401059288108,9687.798834937414,Aumento_Velocidade,1
pedido_9604.185244620514_536,107.57763723724928,94.23981001072217,79.23981001072217,20.834453066800233,5,4.534351810401541,Moto,Sunny,Medium,Metropolitian,False,0,0,1,9604.185244620514,9688.425054631236,Rota_Reduzida,1
pedido_9547.97787731105_501,145.09611486873888,140.58462834085958,125.58462834085958,11.320623405935146,15,4.533128235130073,Moto,Sandstorms,Jam,Metropolitian,True,0,1,0,9547.97787731105,9688.56250565191,Aumento_Velocidade,0
pedido_9549.172254309642_502,132.37142696849875,136.73038284785994,136.73038284785994,4.791489853051628,5,4.9489730971994685,Van,Sandstorms,High,Metropolitian,False,0,1,0,9549.172254309642,9690.902637157502,Nenhuma,0
pedido_9554.94488987448_506,144.73347349167915,141.41035998875824,126.41035998875824,18.13776499935338,10,4.8415882300893,Moto,Foggy,Medium,Metropolitian,False,0,0,0,9554.94488987448,9691.355249863238,Rota_Reduzida,0
pedido_9575.28169329701_518,128.04830767786407,121.14565400874017,106.14565400874017,6.765106647028398,10,4.872567081136907,Scooter,Stormy,High,Metropolitian,False,0,1,0,9575.28169329701,9691.427347305751,Aumento_Velocidade,1
pedido_9604.947470270628_537,106.65221548234197,91.77971059712873,76.77971059712873,14.064400099823446,10,4.537307820634298,Scooter,Sunny,High,Metropolitian,False,0,1,1,9604.947470270628,9691.727180867758,Aumento_Velocidade,1
pedido_9588.928207246858_526,130.9099479111377,108.65651675545838,93.65651675545838,6.0308914871268495,15,4.990875073416428,Scooter,Stormy,Jam,Urban,True,0,1,0,9588.928207246858,9697.584724002316,Aumento_Velocidade,1
pedido_9581.483085883465_522,124.9225092727546,116.24203595168723,101.24203595168723,3.747187756149663,15,4.935267694757137,Moto,Sandstorms,Jam,Metropolitian,False,0,1,0,9581.483085883465,9697.725121835152,Aumento_Velocidade,1
pedido_9614.476275321664_543,95.73633023881752,86.65233468742271,71.65233468742271,6.688623026367545,15,4.7803241638398895,Scooter,Sunny,Medium,Urban,False,0,0,1,9614.476275321664,9701.128610009086,Rota_Reduzida,1
pedido_9589.781294999406_527,102.84198900603003,101.72827320755688,101.72827320755688,8.771292614845684,10,4.532572712434847,Van,Sunny,High,Metropolitian,False,0,1,1,9589.781294999406,9701.509568206962,Nenhuma,1
pedido_9542.488126298918_496,175.4234151641008,168.92822151407017,153.92822151407017,3.286256859275445,10,4.344879898214461,Moto,Windy,Jam,Metropolitian,False,0,1,0,9542.488126298918,9706.416347812989,Aumento_Velocidade,0
pedido_9571.041796606278_517,140.47620067715448,120.38932320948058,120.38932320948058,13.214192579848572,15,4.850273915098919,Van,Foggy,High,Metropolitian,False,0,1,0,9571.041796606278,9706.431119815757,Nenhuma,0
pedido_9596.508368328548_533,141.05864477031272,120.14873780187847,105.14873780187847,11.870687127796685,10,4.581427278559553,Scooter,Foggy,High,Metropolitian,False,0,1,0,9596.508368328548,9711.657106130428,Aumento_Velocidade,1
pedido_9590.779041660791_530,134.216246866602,131.21292225185132,116.21292225185132,13.465539038393125,5,4.686863087459672,Moto,Windy,Medium,Metropolitian,False,0,0,0,9590.779041660791,9711.991963912642,Rota_Reduzida,1
pedido_9592.644953179775_531,142.2548310866153,130.01901479381596,115.01901479381596,17.89796184582068,5,4.6481435094236625,Scooter,Foggy,High,Metropolitian,False,0,1,0,9592.644953179775,9712.66396797359,Aumento_Velocidade,1
pedido_9594.740715630465_532,134.4927399598692,128.4366390734556,113.43663907345561,16.08453461879867,5,4.5747418733551495,Moto,Windy,High,Metropolitian,True,0,1,0,9594.740715630465,9713.177354703921,Aumento_Velocidade,1
pedido_9589.965325583806_528,131.51674031147215,124.65755299851222,109.65755299851222,0.880426478369384,15,4.568960604163563,Moto,Windy,High,Metropolitian,False,0,1,0,9589.965325583806,9714.622878582319,Aumento_Velocidade,1
pedido_9610.570757951262_540,128.35655595703986,109.12932396473876,94.12932396473876,2.916097763238743,10,4.9055982391058475,Moto,Stormy,High,Urban,False,0,1,0,9610.570757951262,9714.700081916,Aumento_Velocidade,1
pedido_9540.65009333984_495,177.42120854371532,178.41078466114433,163.41078466114433,9.017454629594793,15,4.426632464147616,Moto,Sandstorms,High,Urban,False,0,1,0,9540.65009333984,9719.060878000984,Aumento_Velocidade,0
pedido_9602.657281256581_534,129.75962151362677,128.25301092599756,113.25301092599756,9.099881973654945,5,4.632474859256634,Moto,Stormy,High,Metropolitian,False,0,1,0,9602.657281256581,9720.910292182578,Aumento_Velocidade,1
pedido_9624.18624819166_550,132.56731139521898,108.40567242894979,93.40567242894979,3.691218952821358,5,4.759865218741395,Moto,Foggy,High,Urban,True,0,1,0,9624.18624819166,9722.591920620609,Aumento_Velocidade,1
pedido_9611.035390523666_541,132.62410172513793,122.20367832967676,107.20367832967676,3.765086619637164,5,4.527223312169556,Scooter,Foggy,High,Metropolitian,False,0,1,0,9611.035390523666,9723.239068853343,Aumento_Velocidade,1
pedido_9629.692070399264_555,141.32008033116873,99.989157425894,84.989157425894,14.869403752019538,10,4.701855328246524,Moto,Foggy,High,Metropolitian,False,0,1,0,9629.692070399264,9724.681227825158,Aumento_Velocidade,1
pedido_9590.033327411218_529,145.15706766833534,144.82925556690952,129.82925556690952,17.8323954060992,5,4.847382117033546,Moto,Foggy,Medium,Metropolitian,True,0,0,0,9590.033327411218,9724.862582978127,Rota_Reduzida,0
pedido_9622.888726018982_548,134.94826940247617,102.35876352907728,87.35876352907728,15.530433067021196,15,4.801833355220019,Scooter,Sandstorms,High,Metropolitian,True,0,1,0,9622.888726018982,9725.24748954806,Aumento_Velocidade,1
pedido_9642.119765920244_560,103.48498466186348,94.70598342699488,79.70598342699488,21.463724567452005,5,4.643789693977495,Moto,Sunny,High,Metropolitian,False,0,1,1,9642.119765920244,9726.82574934724,Aumento_Velocidade,1
pedido_9554.817083573711_505,185.6258519475263,182.44690170317173,167.44690170317173,10.959934697034356,5,4.415148870747671,Scooter,Stormy,High,Metropolitian,True,0,1,0,9554.817083573711,9727.263985276883,Aumento_Velocidade,0
pedido_9647.998245957799_564,102.14197479199987,64.93756976969843,64.93756976969843,19.754146342346715,15,5.0,Moto,Stormy,Low,Metropolitian,False,0,0,0,9647.998245957799,9727.935815727496,Nenhuma,1
pedido_9561.360220474697_511,172.96683933207518,172.79738873787005,157.79738873787005,7.374979464010544,10,4.410337368592601,Moto,Stormy,High,Metropolitian,True,0,1,0,9561.360220474697,9729.157609212567,Aumento_Velocidade,0
pedido_9608.15596880184_539,134.98356499118853,121.1696815042877,106.1696815042877,4.55153788904509,15,4.7833384461114985,Moto,Stormy,Medium,Urban,False,0,0,0,9608.15596880184,9729.325650306127,Rota_Reduzida,1
pedido_9623.901906501134_549,131.3972709441369,117.13111111392618,102.13111111392618,9.336948422430316,10,4.913714015580447,Scooter,Sandstorms,High,Metropolitian,False,0,1,0,9623.901906501134,9736.03301761506,Aumento_Velocidade,1
pedido_9625.319008984021_552,127.70402208782725,115.9545546952652,100.9545546952652,4.891972654701523,10,4.841025979448387,Moto,Stormy,High,Metropolitian,False,0,1,0,9625.319008984021,9736.273563679286,Aumento_Velocidade,1
pedido_9619.328385729172_546,102.95583605120125,112.56963005705127,112.56963005705127,7.293918713434241,5,4.72193266636278,Scooter,Stormy,Low,Metropolitian,False,0,0,0,9619.328385729172,9736.898015786222,Nenhuma,1
pedido_9577.744182723794_519,175.28598557234824,165.59746377337086,150.59746377337086,1.5824212846159953,10,4.324459504538129,Moto,Windy,Jam,Urban,True,0,1,0,9577.744182723794,9738.341646497165,Aumento_Velocidade,0
pedido_9605.352890430084_538,132.55036597985864,143.49587410014777,128.49587410014777,8.153670913746035,5,4.4694213169886865,Moto,Sandstorms,Medium,Urban,False,0,0,0,9605.352890430084,9738.848764530232,Rota_Reduzida,0
pedido_9667.679467427877_573,96.8993650577503,72.39585879153061,57.395858791530614,9.13601152516236,15,4.935031815101135,Scooter,Sunny,Medium,Metropolitian,False,0,0,1,9667.679467427877,9740.075326219408,Rota_Reduzida,1
pedido_9624.56466970365_551,134.9941340570704,117.85006533088591,102.85006533088591,1.7840961788994396,15,4.897103243890049,Moto,Windy,Medium,Metropolitian,True,0,0,0,9624.56466970365,9742.414735034536,Rota_Reduzida,1
pedido_9618.984898553605_545,136.8786325287955,134.38831859969287,119.38831859969287,2.109605604947138,5,5.0,Scooter,Foggy,High,Urban,False,0,1,0,9618.984898553605,9743.373217153297,Aumento_Velocidade,1
pedido_9647.98836340252_563,129.26080653668706,107.53665555348996,92.53665555348996,5.541786424009648,5,4.97544740976285,Scooter,Stormy,Jam,Metropolitian,False,0,1,0,9647.98836340252,9745.525018956008,Aumento_Velocidade,1
pedido_9696.752536528102_597,47.28276331462455,38.64812531769878,38.64812531769878,4.53776348322736,15,4.454061927708196,Moto,Sandstorms,Jam,Urban,False,1,1,0,9696.752536528102,9750.4006618458,Nenhuma,1
pedido_9629.068999556983_554,133.8603358861522,132.1907164543758,117.1907164543758,5.6578601092338685,5,4.719055806527926,Moto,Foggy,High,Metropolitian,False,0,1,0,9629.068999556983,9751.259716011358,Aumento_Velocidade,1
pedido_9638.531288131418_559,133.92299353077976,113.26032779863127,98.26032779863127,17.512405145368085,15,4.745999330727825,Moto,Windy,High,Metropolitian,False,0,1,0,9638.531288131418,9751.79161593005,Aumento_Velocidade,1
pedido_9666.579951473572_570,99.2408284192175,89.46800783378903,74.46800783378903,0.0,15,4.716991583075197,Scooter,Sunny,High,Metropolitian,True,0,1,1,9666.579951473572,9756.047959307361,Aumento_Velocidade,1
pedido_9645.966603568053_561,131.97394327279736,111.88869334113438,96.88869334113438,7.513513434350358,15,4.996175147967275,Scooter,Stormy,High,Metropolitian,False,0,1,0,9645.966603568053,9757.855296909187,Aumento_Velocidade,1
pedido_9668.752711900273_575,94.58990353618861,89.20645449320152,89.20645449320152,8.160555425517055,5,4.8548521318832085,Van,Sunny,High,Metropolitian,False,0,1,1,9668.752711900273,9762.959166393475,Nenhuma,1
pedido_9634.541294544228_557,140.58333922900198,128.71315883731668,113.71315883731668,14.645024680417924,15,4.523326952595964,Scooter,Foggy,High,Metropolitian,False,0,1,0,9634.541294544228,9763.254453381543,Aumento_Velocidade,1
pedido_9663.365612567073_569,132.22962665275085,110.5780698582162,95.5780698582162,5.853477229927628,5,4.811136152397367,Moto,Foggy,High,Metropolitian,True,0,1,0,9663.365612567073,9763.94368242529,Aumento_Velocidade,1
pedido_9645.984969031062_562,125.70712936722668,119.51005279409821,104.51005279409821,0.0,15,4.804374042303365,Scooter,Foggy,Medium,Urban,False,0,0,0,9645.984969031062,9765.49502182516,Rota_Reduzida,1
pedido_9622.622290222394_547,149.3693821199547,150.62854438660133,135.62854438660133,13.055444329212282,10,4.706849150383506,Moto,Foggy,Jam,Metropolitian,False,0,1,0,9622.622290222394,9768.250834608996,Aumento_Velocidade,0
pedido_9636.105530707991_558,135.76807368764494,122.50775780125807,122.50775780125807,18.267364603288836,10,4.996672285736515,Van,Sandstorms,High,Metropolitian,False,0,1,0,9636.105530707991,9768.61328850925,Nenhuma,0
pedido_9651.893469991257_566,135.4462483013821,127.34711533624011,112.34711533624011,17.60897190453714,5,4.532071384269793,Moto,Stormy,Medium,Metropolitian,False,0,0,0,9651.893469991257,9769.240585327498,Rota_Reduzida,1
pedido_9633.849783559743_556,125.06427432277627,146.79771927611694,131.79771927611694,9.337284999690128,5,4.470099855047245,Moto,Foggy,Medium,Metropolitian,False,0,0,0,9633.849783559743,9770.64750283586,Rota_Reduzida,0
pedido_9602.901284208825_535,177.17663700399112,179.43802545030948,164.43802545030948,5.599619086118207,5,4.339625641921591,Scooter,Stormy,Jam,Urban,False,0,1,0,9602.901284208825,9772.339309659135,Aumento_Velocidade,0
pedido_9727.372507100883_609,48.93198613688664,35.66274703382315,35.66274703382315,15.213889650750454,10,4.562747649135573,Scooter,Foggy,Medium,Urban,True,1,0,0,9727.372507100883,9773.035254134706,Nenhuma,1
pedido_9682.666517555672_586,99.10496546632726,88.45816054340193,88.45816054340193,9.157358563324294,5,4.6858273495471705,Van,Sunny,Medium,Metropolitian,True,0,0,1,9682.666517555672,9776.124678099073,Nenhuma,1
pedido_9666.63289340296_571,127.77893736758784,120.4829732843676,105.4829732843676,6.6538242702666714,5,4.587234866600936,Moto,Sandstorms,Jam,Metropolitian,False,0,1,0,9666.63289340296,9777.115866687329,Aumento_Velocidade,1
pedido_9672.39829213806_578,134.20702046845372,106.36066834024926,91.36066834024926,14.726554615060072,15,4.700452078616519,Scooter,Sandstorms,High,Urban,False,0,1,0,9672.39829213806,9778.758960478308,Aumento_Velocidade,1
pedido_9667.426860678734_572,135.0095698822,124.42852715456445,109.42852715456445,13.218601133494825,5,5.0,Scooter,Sandstorms,High,Urban,False,0,1,0,9667.426860678734,9781.855387833299,Aumento_Velocidade,1
pedido_9679.571303073786_583,106.25230129391011,102.39891020458076,87.39891020458076,16.83707025757874,15,4.4645899079384215,Moto,Sunny,High,Metropolitian,False,0,1,1,9679.571303073786,9781.970213278368,Aumento_Velocidade,1
pedido_9682.885864896267_587,96.630373362959,95.28884494204007,95.28884494204007,7.647862978713025,5,4.841305991956951,Scooter,Sunny,Low,Metropolitian,False,0,0,1,9682.885864896267,9783.174709838308,Nenhuma,1
pedido_9677.44023552814_581,129.06789996018085,108.3739280569779,93.3739280569779,6.06082559765613,15,4.9773005582713,Moto,Stormy,Jam,Metropolitian,False,0,1,0,9677.44023552814,9785.814163585117,Aumento_Velocidade,1
pedido_9753.82131807554_628,45.70707369585832,26.283242750966572,26.283242750966572,10.977412011831643,10,4.64494698858717,Scooter,Foggy,Medium,Metropolitian,False,1,0,0,9753.82131807554,9790.104560826507,Nenhuma,1
pedido_9707.085188455094_600,99.15853485489077,93.98584149228807,78.98584149228807,5.539333094213775,5,4.745096865452842,Scooter,Sunny,Medium,Metropolitian,True,0,0,1,9707.085188455094,9791.071029947381,Rota_Reduzida,1
pedido_9617.717232387635_544,167.8865611068398,163.64039365733197,163.64039365733197,18.449669911608385,10,4.374603437026033,Scooter,Sunny,Low,Metropolitian,False,0,0,1,9617.717232387635,9791.357626044966,Nenhuma,0
pedido_9625.358958975206_553,174.94487999185912,161.4726167537754,161.4726167537754,8.321382597307515,5,4.147595462802457,Van,Windy,High,Metropolitian,False,0,1,0,9625.358958975206,9791.831575728982,Nenhuma,0
pedido_9681.545689721901_585,129.9859398267669,125.82781594891551,105.82781594891551,17.271791258397116,5,4.76994105426642,Moto,Windy,Jam,Other,True,0,1,0,9681.545689721901,9792.373505670817,Rota_Reduzida,1
pedido_9669.650505865453_576,134.58458749579847,125.11850680003391,110.11850680003391,13.520266915437333,15,4.761822475195953,Moto,Windy,Medium,Urban,False,0,0,0,9669.650505865453,9794.769012665487,Rota_Reduzida,1
pedido_9662.08121011459_567,132.0005053184176,122.91630023526128,122.91630023526128,5.8685910211690215,10,4.6683847817589825,Van,Sandstorms,High,Metropolitian,False,0,1,0,9662.08121011459,9794.997510349851,Nenhuma,0
pedido_9699.497528723256_599,101.22419714522391,80.98905919095796,80.98905919095796,8.911392506316934,15,4.6278668368290505,Moto,Sandstorms,Low,Urban,False,0,0,0,9699.497528723256,9795.486587914213,Nenhuma,1
pedido_9676.759506830873_580,132.9075378408929,120.27037052343937,105.27037052343937,16.546649743445155,15,4.693291822844703,Moto,Stormy,Medium,Metropolitian,True,0,0,0,9676.759506830873,9797.029877354313,Rota_Reduzida,1
pedido_9662.124402622694_568,136.7132402381954,119.99138597693829,119.99138597693829,7.101389232877198,15,4.780466751821434,Van,Sandstorms,Medium,Metropolitian,True,0,0,0,9662.124402622694,9797.115788599633,Nenhuma,1
pedido_9733.937538393402_615,49.404054075470484,49.67970020393054,49.67970020393054,13.904048921712514,15,4.6733419463954755,Moto,Windy,Medium,Metropolitian,False,1,0,0,9733.937538393402,9798.617238597333,Nenhuma,1
pedido_9697.668164714554_598,99.10286635211625,98.71190600761396,98.71190600761396,4.123820781619761,5,4.517579435027757,Moto,Sunny,Low,Metropolitian,True,0,0,1,9697.668164714554,9801.380070722169,Nenhuma,1
pedido_9671.350011168688_577,127.22633727826113,130.65518814439724,115.65518814439724,3.8190024872737993,15,4.64742350915953,Scooter,Windy,Jam,Metropolitian,False,0,1,0,9671.350011168688,9802.005199313086,Aumento_Velocidade,1
pedido_9691.14912645743_593,128.06318059579183,117.2364740933346,102.2364740933346,4.672210854249742,10,4.795801245659853,Moto,Stormy,High,Metropolitian,True,0,1,0,9691.14912645743,9803.385600550766,Aumento_Velocidade,1
pedido_9685.272607877829_589,132.92179795105696,124.29789587597992,109.29789587597992,6.644813844682167,15,4.7492653409145005,Moto,Foggy,High,Metropolitian,False,0,1,0,9685.272607877829,9809.570503753808,Aumento_Velocidade,1
pedido_9731.963332778803_613,95.86193917624409,78.63641207077735,63.636412070777354,0.7901580083496604,15,4.575707537046224,Scooter,Sunny,High,Urban,False,0,1,1,9731.963332778803,9810.59974484958,Aumento_Velocidade,1
pedido_9692.381658298847_595,134.75456966814028,118.3849479230916,103.3849479230916,17.39553262301688,15,4.679790655586029,Moto,Sandstorms,High,Metropolitian,False,0,1,0,9692.381658298847,9810.76660622194,Aumento_Velocidade,1
pedido_9679.097474077978_582,135.35273384526806,132.29978387519952,117.29978387519952,16.16187562888868,15,4.84528013554811,Moto,Windy,Medium,Metropolitian,False,0,0,0,9679.097474077978,9811.397257953178,Rota_Reduzida,1
pedido_9696.278331810401_596,103.12230271854686,100.34091419983366,100.34091419983366,4.5172093664692285,15,4.947031536378056,Moto,Sandstorms,Low,Metropolitian,False,0,0,0,9696.278331810401,9811.619246010236,Nenhuma,1
pedido_9687.856965908786_590,142.399854513784,119.98911811344624,119.98911811344624,14.496780512753784,10,4.561573984095701,Van,Foggy,Medium,Metropolitian,False,0,0,0,9687.856965908786,9817.846084022232,Nenhuma,1
pedido_9690.76671488311_592,130.27601834400573,138.95539126782452,123.95539126782452,3.8093233643401514,5,5.0,Scooter,Sandstorms,Jam,Metropolitian,True,0,1,0,9690.76671488311,9819.722106150934,Aumento_Velocidade,0
pedido_9691.94179509206_594,127.27301323447846,133.7889922396449,118.7889922396449,4.999945191202778,10,4.6394432514992605,Moto,Stormy,High,Metropolitian,False,0,1,0,9691.94179509206,9820.730787331704,Aumento_Velocidade,1
pedido_9718.270778617465_604,136.98633664283977,108.21625044463518,93.21625044463518,11.974072660029684,10,4.769040810513757,Scooter,Windy,Jam,Metropolitian,False,0,1,0,9718.270778617465,9821.4870290621,Aumento_Velocidade,1
pedido_9711.30027688711_601,103.2396044153738,107.09044729699961,107.09044729699961,3.7607169569005117,5,4.793570268342456,Moto,Stormy,Low,Metropolitian,True,0,0,0,9711.30027688711,9823.39072418411,Nenhuma,1
pedido_9683.90112653429_588,142.4903829005456,140.74690930345426,125.74690930345426,12.792287479639512,15,4.567727458104535,Moto,Foggy,High,Metropolitian,False,0,1,0,9683.90112653429,9824.648035837745,Aumento_Velocidade,0
pedido_9650.926024773918_565,175.43840078059887,186.6314484457541,171.6314484457541,3.3957407669105666,5,4.386747461138845,Moto,Windy,High,Metropolitian,True,0,1,0,9650.926024773918,9827.557473219673,Aumento_Velocidade,0
pedido_9772.228690683552_639,63.4905917536794,60.33997272194297,45.33997272194297,7.134031023337115,10,4.357826022106782,Moto,Foggy,High,Metropolitian,False,1,1,0,9772.228690683552,9827.568663405495,Aumento_Velocidade,1
pedido_9681.54214422121_584,143.18182763652143,151.21129961139957,136.21129961139957,15.857453637077347,10,4.564819025558042,Moto,Foggy,Medium,Urban,True,0,0,0,9681.54214422121,9827.75344383261,Rota_Reduzida,0
pedido_9783.567122700682_646,43.592433960582326,29.897492385069967,29.897492385069967,8.253980110368369,15,4.751553614039275,Moto,Foggy,High,Metropolitian,False,1,1,0,9783.567122700682,9828.464615085752,Nenhuma,1
pedido_9689.881848933028_591,149.70688409671376,153.15227253012904,138.15227253012904,10.818815471763639,5,4.888033532681273,Moto,Foggy,Jam,Urban,False,0,1,0,9689.881848933028,9833.034121463157,Aumento_Velocidade,0
pedido_9668.581943871079_574,179.3949580112926,176.00772999322933,161.00772999322933,13.057401591873411,5,4.289640670624639,Moto,Sunny,High,Urban,False,0,1,1,9668.581943871079,9834.589673864308,Aumento_Velocidade,0
pedido_9741.795709179403_623,99.09272445697489,105.63254155042368,90.63254155042368,0.9590394898915067,5,4.653831246529803,Moto,Sunny,Jam,Metropolitian,False,0,1,1,9741.795709179403,9837.428250729827,Aumento_Velocidade,1
pedido_9731.083621288795_611,134.9694721726967,111.3473969672592,96.3473969672592,10.575031902055839,10,4.587144444792407,Moto,Windy,High,Urban,True,0,1,0,9731.083621288795,9837.431018256055,Aumento_Velocidade,1
pedido_9721.13130226189_605,129.79690240458106,116.40984772520446,101.40984772520446,8.46230503799797,15,4.52443754730977,Scooter,Windy,Jam,Metropolitian,False,0,1,0,9721.13130226189,9837.541149987095,Aumento_Velocidade,1
pedido_9723.884605727731_607,134.01173920623864,119.69967109385661,104.69967109385661,4.448108903739192,10,4.8709142574327196,Moto,Foggy,High,Metropolitian,False,0,1,0,9723.884605727731,9838.584276821588,Aumento_Velocidade,1
pedido_9730.694590743085_610,132.71043665667918,110.41417979117568,95.41417979117568,14.302080823068978,15,4.808366205791002,Moto,Stormy,Medium,Metropolitian,True,0,0,0,9730.694590743085,9841.108770534262,Rota_Reduzida,1
pedido_9713.637695619242_603,127.87984620643726,133.42603934449303,118.42603934449303,0.0,10,4.761340292550896,Moto,Foggy,Jam,Metropolitian,False,0,1,0,9713.637695619242,9842.063734963735,Aumento_Velocidade,1
pedido_9740.989342043704_620,133.8603358861522,101.36107914367818,86.36107914367818,5.586572318345831,15,4.698883112216998,Moto,Foggy,High,Urban,False,0,1,0,9740.989342043704,9842.350421187382,Aumento_Velocidade,1
pedido_9725.67361189227_608,143.18182763652143,122.15100679500529,107.15100679500529,14.439826217402985,10,4.569404541818687,Scooter,Foggy,Medium,Metropolitian,True,0,0,0,9725.67361189227,9842.824618687277,Rota_Reduzida,1
pedido_9674.315819024234_579,182.55629584064337,179.23593104306408,159.23593104306408,18.455850920182904,10,4.345146177836707,Scooter,Foggy,High,Other,False,0,1,0,9674.315819024234,9843.551750067298,Rota_Reduzida,0
pedido_9722.843387407482_606,129.24031111658357,125.84629472147228,110.84629472147228,2.6244002189406257,10,4.545011163871131,Moto,Sandstorms,Medium,Metropolitian,False,0,0,0,9722.843387407482,9843.689682128954,Rota_Reduzida,1
pedido_9731.928550706605_612,133.49846318068467,119.42885951736915,104.42885951736915,15.983243283058496,10,4.917657090496961,Moto,Windy,High,Metropolitian,False,0,1,0,9731.928550706605,9846.357410223975,Aumento_Velocidade,1
pedido_9828.355421025115_676,44.33052217682889,14.36367162672044,14.36367162672044,5.965768056169664,5,4.635669925236874,Scooter,Sandstorms,High,Urban,False,1,1,0,9828.355421025115,9847.719092651836,Nenhuma,1
pedido_9740.56679045436_619,126.73970209046402,117.31073201147521,102.31073201147521,6.9898226245241615,5,5.0,Moto,Foggy,Medium,Metropolitian,False,0,0,0,9740.56679045436,9847.877522465837,Rota_Reduzida,1
pedido_9738.824611097361_616,133.03987330531243,109.62669243866299,94.62669243866299,14.073726143777177,15,4.577909067252096,Scooter,Stormy,Jam,Metropolitian,False,0,1,0,9738.824611097361,9848.451303536025,Aumento_Velocidade,1
pedido_9712.717460772998_602,144.23472000071283,141.13040032725075,126.13040032725075,12.143043916109745,10,5.0,Moto,Sandstorms,Jam,Metropolitian,True,0,1,0,9712.717460772998,9848.847861100248,Aumento_Velocidade,0
pedido_9747.878761500726_626,133.23382719633193,104.20567681109061,89.20567681109061,16.243337414576068,15,4.9769357303525625,Scooter,Stormy,High,Urban,True,0,1,0,9747.878761500726,9852.084438311816,Aumento_Velocidade,1
pedido_9741.487738253367_622,102.36359673079266,106.74883290268295,106.74883290268295,14.211362742742747,5,4.893190094895504,Moto,Stormy,Low,Metropolitian,False,0,0,0,9741.487738253367,9853.23657115605,Nenhuma,1
pedido_9758.119194932342_629,104.15909877918112,90.96119363318,90.96119363318,15.83881687763925,5,4.932991151952751,Moto,Stormy,Low,Other,True,0,0,0,9758.119194932342,9854.080388565522,Nenhuma,1
pedido_9764.750729132991_636,103.76862093550601,101.71235008387595,86.71235008387595,18.88039761925549,5,4.555260505400487,Scooter,Sunny,Medium,Metropolitian,False,0,0,1,9764.750729132991,9856.463079216866,Rota_Reduzida,1
pedido_9764.747598370439_635,105.42117075543345,97.56158158394626,82.56158158394626,3.6734723253839174,10,4.528359061198535,Moto,Sunny,High,Metropolitian,True,0,1,1,9764.747598370439,9857.309179954385,Aumento_Velocidade,1
pedido_9777.703919822628_643,99.14908689083734,80.35778675751901,65.35778675751901,1.7517601530796454,15,4.68263097757426,Moto,Sunny,Jam,Metropolitian,False,0,1,1,9777.703919822628,9858.061706580147,Aumento_Velocidade,1
pedido_9733.662869655906_614,133.34913206797495,125.79324608348418,110.79324608348418,14.488485027657683,15,4.75398180054542,Moto,Windy,High,Metropolitian,False,0,1,0,9733.662869655906,9859.45611573939,Aumento_Velocidade,1
pedido_9750.160299256699_627,130.53914308432832,124.81291300619256,109.81291300619256,5.320937014911799,5,4.564026810663687,Scooter,Windy,High,Metropolitian,False,0,1,0,9750.160299256699,9864.973212262892,Aumento_Velocidade,1
pedido_9741.251485960363_621,125.48525232912223,115.9385527362975,115.9385527362975,4.20994175800327,10,4.762701941416512,Van,Foggy,Medium,Metropolitian,False,0,0,0,9741.251485960363,9867.19003869666,Nenhuma,1
pedido_9798.117147494288_654,94.5437503496169,80.91132054270734,65.91132054270734,7.5585982406152095,5,4.835553719003264,Moto,Sunny,High,Urban,False,0,1,1,9798.117147494288,9869.028468036995,Aumento_Velocidade,1
pedido_9739.526751443284_617,141.8555544194247,129.8554895584542,114.8554895584542,18.41296393170819,15,4.860831344799137,Scooter,Sandstorms,Jam,Urban,False,0,1,0,9739.526751443284,9869.382241001738,Aumento_Velocidade,1
pedido_9747.119022685121_625,129.55081471202553,125.56481951321993,110.56481951321993,7.150724110949002,15,4.682118115668522,Moto,Stormy,Jam,Metropolitian,True,0,1,0,9747.119022685121,9872.683842198341,Aumento_Velocidade,1
pedido_9772.777374670863_640,130.2724199799915,107.59403913787816,92.59403913787816,18.88922704806021,10,4.662138569719783,Scooter,Stormy,High,Metropolitian,False,0,1,0,9772.777374670863,9875.371413808742,Aumento_Velocidade,1
pedido_9777.488404091704_642,101.08042258277592,83.50534888442488,83.50534888442488,3.7924355288523772,15,4.4977107605981335,Moto,Windy,Low,Metropolitian,False,0,0,0,9777.488404091704,9875.993752976128,Nenhuma,1
pedido_9777.092858484857_641,99.47261676084693,104.39866967069463,89.39866967069463,3.632946337235707,15,4.87830746268222,Scooter,Sunny,Jam,Metropolitian,False,0,1,1,9777.092858484857,9881.491528155551,Aumento_Velocidade,1
pedido_9764.919938913841_637,134.25083691444988,121.62443349956501,106.62443349956501,13.347817791309868,10,4.902833960332177,Scooter,Stormy,Medium,Metropolitian,False,0,0,0,9764.919938913841,9881.544372413406,Rota_Reduzida,1
pedido_9762.16888306032_632,130.1081869375424,134.0650682063041,119.06506820630409,7.3225227859018975,5,4.629794681964241,Moto,Windy,High,Metropolitian,True,0,1,0,9762.16888306032,9886.233951266624,Aumento_Velocidade,1
pedido_9739.855919275153_618,136.7655167329968,132.7089833570032,132.7089833570032,6.377017094525957,15,4.597342633475965,Van,Windy,Medium,Metropolitian,True,0,0,0,9739.855919275153,9887.564902632155,Nenhuma,0
pedido_9763.774842286737_634,144.54010966254287,134.54199900850938,119.54199900850938,16.926111992301223,5,4.5681295863750755,Moto,Foggy,High,Metropolitian,True,0,1,0,9763.774842286737,9888.316841295247,Aumento_Velocidade,1
pedido_9788.921651335882_650,132.2523104606844,114.20872429922282,99.20872429922282,7.601352700535438,5,4.7081435530907605,Moto,Windy,High,Metropolitian,False,0,1,0,9788.921651335882,9893.130375635104,Aumento_Velocidade,1
pedido_9767.773254155654_638,136.20994853017532,126.67192372919095,111.67192372919095,13.674475161858776,15,4.85245989789116,Moto,Sandstorms,Medium,Metropolitian,False,0,0,0,9767.773254155654,9894.445177884845,Rota_Reduzida,1
pedido_9745.17837967926_624,150.41337273514193,154.63466076090285,139.63466076090285,12.33237533696526,10,4.743605426510791,Moto,Foggy,Jam,Metropolitian,False,0,1,0,9745.17837967926,9894.813040440164,Aumento_Velocidade,0
pedido_9763.420129648723_633,133.76751640554377,136.4085225670516,121.40852256705159,0.44181065098179406,10,4.546093975760592,Moto,Windy,Medium,Urban,True,0,0,0,9763.420129648723,9894.828652215774,Rota_Reduzida,0
pedido_9759.130764305863_630,130.29456186252992,122.66944934304718,122.66944934304718,1.4814261870543524,15,5.0,Van,Foggy,Jam,Metropolitian,False,0,1,0,9759.130764305863,9896.80021364891,Nenhuma,0
pedido_9759.442287022892_631,130.68146715861013,149.31841387709062,129.31841387709062,14.190723015564291,10,4.613911059856773,Moto,Foggy,High,Other,False,0,1,0,9759.442287022892,9898.760700899982,Rota_Reduzida,0
pedido_9781.914777953742_644,98.9201203707984,112.58698901976348,112.58698901976348,4.8475990211760625,5,4.873119274293257,Scooter,Foggy,Low,Urban,False,0,0,0,9781.914777953742,9899.501766973504,Nenhuma,1
pedido_9784.622186325498_647,129.95641295316855,108.43702219075286,108.43702219075286,12.914409505267571,10,4.934759201095236,Van,Stormy,High,Metropolitian,False,0,1,0,9784.622186325498,9903.05920851625,Nenhuma,1
pedido_9795.608711247325_652,129.99146977646632,118.31643423866856,103.31643423866856,13.280674775388839,5,4.681726501285621,Moto,Stormy,High,Metropolitian,False,0,1,0,9795.608711247325,9903.925145485993,Aumento_Velocidade,1
pedido_9783.202311118172_645,130.78481102416515,134.2825426790027,119.28254267900269,4.016950605720485,5,4.677167623331064,Moto,Sandstorms,High,Metropolitian,True,0,1,0,9783.202311118172,9907.484853797174,Aumento_Velocidade,1
pedido_9784.830237278275_649,135.0950114883197,136.01603145497413,121.01603145497413,5.415729048518869,5,4.616857041617224,Scooter,Stormy,Medium,Metropolitian,True,0,0,0,9784.830237278275,9910.846268733249,Rota_Reduzida,0
pedido_9819.699933772612_671,100.69609720212041,92.37291884960108,77.37291884960108,10.699582790130941,15,4.521199763601005,Scooter,Sunny,Medium,Metropolitian,False,0,0,1,9819.699933772612,9912.072852622214,Rota_Reduzida,1
pedido_9864.117704093482_692,45.57354108922321,38.802629016094954,38.802629016094954,15.796196860996996,10,4.711560644394163,Van,Stormy,High,Metropolitian,True,1,1,0,9864.117704093482,9912.920333109576,Nenhuma,1
pedido_9792.468301589783_651,142.13347144655737,118.25033310621112,118.25033310621112,9.986941771595989,5,4.70068443158047,Van,Foggy,Jam,Metropolitian,True,0,1,0,9792.468301589783,9915.718634695993,Nenhuma,1
pedido_9801.682846971587_656,132.37142696849875,124.60762681098794,109.60762681098794,4.816715886944379,5,4.851554986105079,Scooter,Sandstorms,High,Metropolitian,False,0,1,0,9801.682846971587,9916.290473782576,Aumento_Velocidade,1
pedido_9784.808707976461_648,132.81980819183985,127.3772817224594,127.3772817224594,12.21454803766331,5,5.0,Van,Stormy,High,Metropolitian,False,0,1,0,9784.808707976461,9917.18598969892,Nenhuma,0
pedido_9812.023694190635_664,111.11271758562845,107.47755212830138,92.47755212830138,22.582466091756594,15,4.4881514590205125,Scooter,Sunny,Jam,Metropolitian,True,0,1,1,9812.023694190635,9919.501246318936,Aumento_Velocidade,1
pedido_9811.778012588622_663,129.42435318566885,121.79814185665343,106.79814185665343,9.70028209256619,5,4.691108491915442,Scooter,Stormy,High,Urban,False,0,1,0,9811.778012588622,9923.576154445276,Aumento_Velocidade,1
pedido_9805.320726909747_659,133.94368076158997,119.27120966124625,104.27120966124625,18.724727468348505,15,4.599945851934903,Scooter,Stormy,Jam,Metropolitian,False,0,1,0,9805.320726909747,9924.591936570994,Aumento_Velocidade,1
pedido_9876.39443446329_706,45.42725329276554,33.56662962379593,33.56662962379593,16.066372774486123,15,4.737102350582363,Scooter,Sandstorms,High,Metropolitian,True,1,1,0,9876.39443446329,9924.961064087085,Nenhuma,1
pedido_9801.66221574192_655,132.61554409883271,123.86062939337103,108.86062939337103,0.695838800263286,15,4.871622411569087,Moto,Foggy,High,Metropolitian,True,0,1,0,9801.66221574192,9925.522845135292,Aumento_Velocidade,1
pedido_9838.25218183359_683,122.93920191118637,94.62665972218352,74.62665972218352,5.4298515400375225,15,5.0,Moto,Windy,High,Other,True,0,1,0,9838.25218183359,9927.878841555774,Rota_Reduzida,1
pedido_9891.488396433002_716,32.707163675062134,26.547827796014005,26.547827796014005,2.0116461404363295,10,4.572514449555414,Van,Foggy,Low,Metropolitian,True,1,0,0,9891.488396433002,9928.036224229016,Nenhuma,1
pedido_9811.520642216392_662,129.2922408826794,122.33719199691117,107.33719199691117,3.220096951771543,10,4.703245177818051,Moto,Stormy,High,Metropolitian,False,0,1,0,9811.520642216392,9928.857834213302,Aumento_Velocidade,1
pedido_9817.05188895664_669,130.83341167961183,117.31101799325045,102.31101799325045,6.617771666949368,10,4.627575214574825,Moto,Sandstorms,High,Urban,True,0,1,0,9817.05188895664,9929.36290694989,Aumento_Velocidade,1
pedido_9806.900646415323_660,129.76486193434457,132.87331435947468,117.87331435947468,15.437192109851843,5,4.565091800481042,Scooter,Stormy,High,Urban,False,0,1,0,9806.900646415323,9929.773960774797,Aumento_Velocidade,1
pedido_9812.260699782335_665,129.28266318381966,130.3907054451549,115.39070544515491,3.1135933542080694,5,4.634281776732833,Moto,Foggy,Jam,Metropolitian,True,0,1,0,9812.260699782335,9932.65140522749,Aumento_Velocidade,1
pedido_9828.939901918573_679,126.49231534479706,108.78003941035924,88.78003941035924,13.335434536111553,15,4.830893200884965,Moto,Stormy,High,Other,True,0,1,0,9828.939901918573,9932.719941328933,Rota_Reduzida,1
pedido_9871.988177780293_700,52.907186894477,57.344768832648235,57.344768832648235,8.859265955805542,5,4.537292681748548,Moto,Sandstorms,Medium,Metropolitian,False,1,0,0,9871.988177780293,9934.332946612942,Nenhuma,1
pedido_9827.193934162848_673,110.50897060591545,93.32333187737598,93.32333187737598,14.267329459152144,15,4.863097359166888,Scooter,Foggy,Low,Metropolitian,False,0,0,0,9827.193934162848,9935.517266040224,Nenhuma,1
pedido_9829.855417429158_680,136.37617664587154,112.40205894704161,97.40205894704161,14.524461704222233,10,4.8585017355361,Moto,Windy,High,Metropolitian,True,0,1,0,9829.855417429158,9937.2574763762,Aumento_Velocidade,1
pedido_9814.591244027977_667,135.4269565080043,132.74641904031375,117.74641904031375,17.766731907689174,5,4.607336994256658,Moto,Sandstorms,High,Metropolitian,False,0,1,0,9814.591244027977,9937.33766306829,Aumento_Velocidade,1
pedido_9816.749382782444_668,135.92032199857908,109.02632255416289,109.02632255416289,7.299568534276983,15,4.319633021627252,Moto,Windy,Low,Metropolitian,False,0,0,0,9816.749382782444,9940.775705336606,Nenhuma,1
pedido_9822.117605454223_672,105.62105322823636,103.71171696246478,103.71171696246478,16.864479289110765,15,4.73462191662114,Moto,Stormy,Low,Metropolitian,True,0,0,0,9822.117605454223,9940.829322416688,Nenhuma,1
pedido_9802.141496581016_657,130.83341167961183,151.99671771596977,136.99671771596977,6.813617161239841,5,4.611526901048888,Moto,Sandstorms,High,Metropolitian,True,0,1,0,9802.141496581016,9944.138214296987,Aumento_Velocidade,0
pedido_9813.017585261976_666,143.77372109226033,137.8952144410305,122.8952144410305,14.000458601490589,10,4.961714949321896,Moto,Windy,Jam,Metropolitian,True,0,1,0,9813.017585261976,9945.912799703006,Aumento_Velocidade,0
pedido_9837.219703162289_682,129.36101408685738,118.7305080220008,103.7305080220008,15.983942174426442,10,4.676531199856365,Moto,Stormy,High,Metropolitian,False,0,1,0,9837.219703162289,9950.95021118429,Aumento_Velocidade,1
pedido_9827.38820105889_674,139.89092564455524,123.94863896548247,108.94863896548247,14.59886254486464,15,4.931721025687553,Scooter,Windy,Jam,Metropolitian,True,0,1,0,9827.38820105889,9951.336840024373,Aumento_Velocidade,1
pedido_9875.108758254175_703,101.31695297103249,85.89757278494704,70.89757278494704,12.07559711767049,10,4.665105679054055,Scooter,Sunny,High,Metropolitian,False,0,1,1,9875.108758254175,9956.006331039122,Aumento_Velocidade,1
pedido_9868.166426186406_697,99.35091594877447,81.05791540330102,81.05791540330102,7.0383002037367985,10,4.756512989160479,Moto,Foggy,Low,Metropolitian,False,0,0,0,9868.166426186406,9959.224341589706,Nenhuma,1
pedido_9828.918156638689_678,143.2301653776008,137.1613916214149,122.16139162141491,16.786688931010506,10,4.584726679270787,Moto,Foggy,Medium,Metropolitian,True,0,0,0,9828.918156638689,9961.079548260104,Rota_Reduzida,0
pedido_9902.75904329217_723,45.832845939537734,45.052164844056776,45.052164844056776,2.9644893401786936,15,4.49552528363257,Scooter,Windy,Medium,Metropolitian,False,1,0,0,9902.75904329217,9962.811208136227,Nenhuma,1
pedido_9842.230088083135_684,133.49846318068467,130.68075676572604,115.68075676572604,16.064486206133488,5,4.865248293678464,Moto,Windy,High,Metropolitian,False,0,1,0,9842.230088083135,9962.91084484886,Aumento_Velocidade,1
pedido_9879.202406753162_708,101.61481017132195,89.03831282814808,74.03831282814808,15.545531081118549,10,4.673955003168135,Scooter,Sunny,High,Urban,False,0,1,1,9879.202406753162,9963.24071958131,Aumento_Velocidade,1
pedido_9906.652876868924_726,57.515773957593986,47.56250613729089,47.56250613729089,11.716331191206525,10,4.146010479688082,Moto,Sandstorms,Low,Metropolitian,True,1,0,0,9906.652876868924,9964.215383006214,Nenhuma,1
pedido_9891.300859758981_715,99.13974634427389,83.08013002070038,68.08013002070038,3.147464919564604,5,4.729531043453086,Moto,Sunny,Jam,Urban,False,0,1,1,9891.300859758981,9964.380989779682,Aumento_Velocidade,1
pedido_9828.7230467392_677,135.3329532611798,141.84212598591446,126.84212598591446,16.439822222108468,10,4.877015178850001,Scooter,Windy,Jam,Metropolitian,False,0,1,0,9828.7230467392,9965.565172725115,Aumento_Velocidade,0
pedido_9843.381748611258_685,138.16747676637547,127.22601644285527,112.22601644285527,12.331795218810809,10,4.940455644719654,Moto,Sandstorms,Medium,Urban,True,0,0,0,9843.381748611258,9965.607765054114,Rota_Reduzida,1
pedido_9847.148981137267_686,136.14984655752394,128.57484378790173,113.57484378790173,11.548154315191029,5,4.704924109218729,Moto,Windy,Jam,Metropolitian,False,0,1,0,9847.148981137267,9965.723824925168,Aumento_Velocidade,1
pedido_9834.957492501318_681,137.08587988469804,141.54405952113163,126.54405952113163,16.755125787670355,5,4.98919456061754,Scooter,Windy,High,Metropolitian,False,0,1,0,9834.957492501318,9966.50155202245,Aumento_Velocidade,0
pedido_9864.672721052078_694,134.20878830060602,112.57669320427044,97.57669320427044,5.118719543405159,5,5.0,Scooter,Windy,Jam,Metropolitian,True,0,1,0,9864.672721052078,9967.249414256348,Aumento_Velocidade,1
pedido_9849.4806893236_687,128.71493831595765,119.19605892106614,104.19605892106614,9.228909591957954,15,4.787469948972753,Scooter,Stormy,High,Metropolitian,False,0,1,0,9849.4806893236,9968.676748244667,Aumento_Velocidade,1
pedido_9863.199792698206_691,128.5701615747001,119.31757571067777,104.31757571067777,6.971287474624829,5,4.834762076846994,Scooter,Stormy,High,Metropolitian,False,0,1,0,9863.199792698206,9972.517368408884,Aumento_Velocidade,1
pedido_9875.530774950175_705,124.79985872772964,115.05607638111874,95.05607638111874,14.455240700597761,5,4.87161524513146,Moto,Windy,High,Other,False,0,1,0,9875.530774950175,9975.586851331294,Rota_Reduzida,1
pedido_9859.889516257394_690,133.65962405425594,121.84848035390118,106.84848035390118,7.061972368241642,10,4.613402400567715,Scooter,Stormy,Medium,Metropolitian,True,0,0,0,9859.889516257394,9976.737996611295,Rota_Reduzida,1
pedido_9945.842771400805_752,40.27748748127909,21.78305978348251,21.78305978348251,10.832263988928457,10,4.788510412666987,Scooter,Foggy,Low,Metropolitian,False,1,0,0,9945.842771400805,9977.625831184287,Nenhuma,1
pedido_9872.077249401456_701,132.07162988264426,106.2920401282124,91.2920401282124,9.316105546908815,15,4.668225543410724,Moto,Sandstorms,High,Metropolitian,False,0,1,0,9872.077249401456,9978.369289529668,Aumento_Velocidade,1
pedido_9896.183674370377_719,98.38002936765146,72.58030405471784,72.58030405471784,6.657578133405203,10,4.646697898202086,Scooter,Sunny,Low,Metropolitian,False,0,0,1,9896.183674370377,9978.763978425095,Nenhuma,1
pedido_9922.828303982807_737,95.85600674550591,67.02160488254259,52.02160488254259,9.49214687652406,5,4.812055060676678,Scooter,Sunny,High,Urban,False,0,1,1,9922.828303982807,9979.84990886535,Aumento_Velocidade,1
pedido_9795.94073400469_653,200.75607570429503,189.5053096542369,174.5053096542369,15.141854726349253,10,4.398727181458346,Scooter,Foggy,Jam,Metropolitian,True,0,1,0,9795.94073400469,9980.446043658925,Aumento_Velocidade,0
pedido_9857.804739600224_689,134.1554627650212,129.19499825394706,114.19499825394706,5.042801864897087,10,4.533906156936634,Scooter,Sandstorms,Medium,Metropolitian,False,0,0,0,9857.804739600224,9981.99973785417,Rota_Reduzida,1
pedido_9874.400745054754_702,132.5995064518903,112.69646511632921,97.69646511632921,15.898528888432198,10,5.0,Scooter,Stormy,High,Metropolitian,False,0,1,0,9874.400745054754,9982.097210171083,Aumento_Velocidade,1
pedido_9869.731571122422_699,134.20398579617552,123.63223643480148,108.63223643480148,14.462677584426146,5,4.593334058219293,Scooter,Stormy,Medium,Urban,True,0,0,0,9869.731571122422,9983.363807557223,Rota_Reduzida,1
pedido_9867.675595241208_696,130.64658772735189,123.2124703653997,108.2124703653997,16.05123950037696,10,4.702593651690216,Moto,Stormy,High,Metropolitian,True,0,1,0,9867.675595241208,9985.888065606607,Aumento_Velocidade,1
pedido_9868.788840764808_698,137.1053797399156,127.5736935319095,112.5736935319095,7.200169706642743,5,4.960103974468094,Moto,Sandstorms,High,Urban,False,0,1,0,9868.788840764808,9986.362534296717,Aumento_Velocidade,1
pedido_9803.14915522995_658,195.46203131108004,183.29744852294644,168.29744852294644,2.0544644758003976,15,4.369310104529652,Moto,Sunny,High,Urban,True,0,1,1,9803.14915522995,9986.446603752896,Aumento_Velocidade,0
pedido_9943.772534961548_750,46.167788237239535,40.12384299117179,40.12384299117179,19.091072462617014,5,4.724344797835389,Scooter,Foggy,Jam,Metropolitian,True,1,1,0,9943.772534961548,9988.89637795272,Nenhuma,1
pedido_9809.472456473202_661,181.63096860853193,166.0720921379206,166.0720921379206,17.979310467624106,15,4.403793424673612,Van,Stormy,Medium,Urban,True,0,0,0,9809.472456473202,9990.544548611122,Nenhuma,0
pedido_9865.60001392861_695,133.1239471753495,137.48703825906188,122.48703825906188,16.921369236116316,5,4.7392156309081095,Scooter,Windy,High,Metropolitian,False,0,1,0,9865.60001392861,9993.087052187671,Aumento_Velocidade,0
pedido_9819.047473030932_670,179.66409416417375,179.7389522275259,164.7389522275259,18.82238308659175,10,4.228102382747715,Moto,Sunny,High,Metropolitian,False,0,1,1,9819.047473030932,9993.786425258459,Aumento_Velocidade,0
pedido_9827.833592482622_675,172.91508226561226,171.0119876021654,156.0119876021654,7.188073864102984,10,4.446580036509812,Scooter,Stormy,High,Metropolitian,True,0,1,0,9827.833592482622,9993.845580084788,Aumento_Velocidade,0
pedido_9883.449935804303_712,124.88630376556037,110.60947847408251,95.60947847408251,2.2503461877478217,15,4.9570462496962415,Moto,Foggy,Medium,Urban,False,0,0,0,9883.449935804303,9994.059414278385,Rota_Reduzida,1
pedido_9864.347874048755_693,143.91163808820735,136.4264797148427,121.42647971484271,15.854593284407267,10,4.58495101522107,Moto,Foggy,High,Metropolitian,True,0,1,0,9864.347874048755,9995.774353763598,Aumento_Velocidade,0
pedido_9895.887305725128_718,99.63829629528973,110.27254385702274,95.27254385702274,8.96402681206321,5,4.904804218881112,Scooter,Sunny,Medium,Metropolitian,True,0,0,1,9895.887305725128,9996.15984958215,Rota_Reduzida,1
pedido_9889.817157341693_714,135.49407777774366,111.3451351093216,96.3451351093216,8.059223537317349,10,5.0,Moto,Windy,High,Metropolitian,False,0,1,0,9889.817157341693,9996.162292451014,Aumento_Velocidade,1
pedido_9923.71562042547_738,101.66987435071617,74.92349041356574,59.923490413565744,11.64338434115676,15,5.0,Scooter,Sunny,Medium,Urban,False,0,0,1,9923.71562042547,9998.639110839036,Rota_Reduzida,1
pedido_9879.946706463024_709,127.330902920737,105.54096268135777,105.54096268135777,2.5044825081688287,15,4.632306412851976,Van,Windy,Jam,Metropolitian,False,0,1,0,9879.946706463024,10000.487669144382,Nenhuma,1
pedido_9877.118446075396_707,129.35795420234672,128.74136925298887,113.74136925298887,12.087997258585972,10,4.774239257798517,Moto,Stormy,High,Metropolitian,False,0,1,0,9877.118446075396,10000.859815328384,Aumento_Velocidade,1
pedido_9903.971626656343_724,129.16659147829975,109.81569627916566,94.81569627916566,4.482673402107345,10,4.587566777994826,Moto,Windy,Jam,Urban,False,0,1,0,9903.971626656343,10008.787322935508,Aumento_Velocidade,1
pedido_9885.966746500579_713,144.65638861687444,134.49961291853558,119.49961291853558,21.53840892178279,5,4.817772773272725,Moto,Foggy,High,Metropolitian,False,0,1,0,9885.966746500579,10010.466359419113,Aumento_Velocidade,1
pedido_9897.670019490155_721,134.50424194718346,123.16082960256486,108.16082960256486,13.320872353307442,5,4.784351967614472,Scooter,Sandstorms,High,Metropolitian,False,0,1,0,9897.670019490155,10010.83084909272,Aumento_Velocidade,1
pedido_9925.05217607734_739,96.62308032462055,73.49534727242157,73.49534727242157,5.0992314764501,15,4.8000307965468725,Moto,Sunny,Low,Metropolitian,True,0,0,1,9925.05217607734,10013.547523349762,Nenhuma,1
pedido_9883.069664835968_711,133.79104047427344,116.80304911884434,116.80304911884434,5.433425974771763,15,4.806976942860195,Van,Foggy,High,Metropolitian,False,0,1,0,9883.069664835968,10014.872713954812,Nenhuma,1
pedido_9896.235925879471_720,133.8434674552088,129.31939664365828,114.31939664365828,2.7382397486649164,5,4.778382435433398,Moto,Windy,Medium,Urban,False,0,0,0,9896.235925879471,10015.555322523129,Rota_Reduzida,1
pedido_9898.335351628255_722,138.29634575638403,119.189570587676,104.189570587676,14.200044951924252,15,4.942123571547646,Scooter,Sandstorms,Medium,Metropolitian,True,0,0,0,9898.335351628255,10017.524922215931,Rota_Reduzida,1
pedido_9914.932681722352_733,102.50123768847499,94.19241946487733,94.19241946487733,18.801221369646168,10,4.679352746257381,Van,Sunny,High,Metropolitian,False,0,1,1,9914.932681722352,10019.12510118723,Nenhuma,1
pedido_9851.844860940211_688,180.2577883677136,174.25986408346424,159.25986408346424,8.539095002495854,10,4.3787540770406315,Moto,Foggy,Jam,Metropolitian,False,0,1,0,9851.844860940211,10021.104725023675,Aumento_Velocidade,0
pedido_9920.19520691742_736,101.61481017132195,110.58392463328661,95.58392463328661,15.13529973176714,10,4.663225306935793,Scooter,Sunny,High,Metropolitian,False,0,1,1,9920.19520691742,10025.779131550707,Aumento_Velocidade,1
pedido_9875.421305603077_704,176.47410509631763,157.1747492642079,142.1747492642079,2.576271025583524,10,4.346924603515074,Moto,Sandstorms,High,Metropolitian,True,0,1,0,9875.421305603077,10027.596054867285,Aumento_Velocidade,0
pedido_9918.778815233569_734,132.08039412490245,117.12807461489132,97.12807461489132,1.8875615123333143,15,4.805859594527908,Moto,Sandstorms,High,Semi-Urban,False,0,1,0,9918.778815233569,10030.90688984846,Rota_Reduzida,1
pedido_9919.828517442464_735,136.78631507425038,111.38774305250381,96.38774305250381,12.64723700398644,15,4.7538354026057625,Scooter,Sandstorms,Medium,Urban,False,0,0,0,9919.828517442464,10031.216260494968,Rota_Reduzida,1
pedido_9950.413291315004_755,101.55195908735465,91.06999616841185,76.06999616841185,4.5900369863380615,5,5.0,Moto,Sunny,High,Metropolitian,True,0,1,1,9950.413291315004,10031.483287483416,Aumento_Velocidade,1
pedido_9906.929076762231_727,135.1209340785815,130.4857938865648,115.4857938865648,12.465010106604534,10,4.792730770533425,Moto,Sandstorms,High,Metropolitian,False,0,1,0,9906.929076762231,10032.414870648796,Aumento_Velocidade,1
pedido_9954.158546301956_758,101.26618535546415,80.77225364045603,65.77225364045603,13.998544884928894,15,4.93394631308216,Moto,Sunny,High,Urban,False,0,1,1,9954.158546301956,10034.930799942413,Aumento_Velocidade,1
pedido_9911.621677867668_731,127.75939974483867,124.55745943338758,109.55745943338758,7.051591224152904,15,4.49158340881691,Scooter,Windy,Jam,Metropolitian,False,0,1,0,9911.621677867668,10036.179137301056,Aumento_Velocidade,1
pedido_9906.32326075796_725,141.8555544194247,135.0732455355728,120.0732455355728,18.20742395287653,10,4.889929109133949,Moto,Sandstorms,Jam,Metropolitian,False,0,1,0,9906.32326075796,10036.396506293531,Aumento_Velocidade,0
pedido_9912.05761386596_732,132.88057937623284,119.75622312019443,119.75622312019443,11.863260785729432,5,5.0,Van,Stormy,High,Urban,False,0,1,0,9912.05761386596,10036.813836986154,Nenhuma,1
pedido_9927.845365490424_740,127.7884242792408,114.21327891689616,99.21327891689616,6.10505121911678,10,4.600955656485941,Moto,Foggy,Medium,Metropolitian,False,0,0,0,9927.845365490424,10037.05864440732,Rota_Reduzida,1
pedido_9944.462995866283_751,101.61481017132195,93.2076634651419,78.2076634651419,15.78477700660779,15,4.701525129586463,Scooter,Sunny,High,Metropolitian,False,0,1,1,9944.462995866283,10037.670659331425,Aumento_Velocidade,1
pedido_9965.48410406801_765,102.00793360675439,84.80932131335312,64.80932131335312,10.954683399373899,10,4.875044023504677,Scooter,Sunny,High,Semi-Urban,False,0,1,1,9965.48410406801,10040.293425381362,Rota_Reduzida,1
pedido_9942.592740989317_749,103.59449107395574,83.4717781552114,83.4717781552114,16.54545033642323,15,4.9189960839185725,Moto,Sandstorms,Low,Metropolitian,True,0,0,0,9942.592740989317,10041.06451914453,Nenhuma,1
pedido_9894.437882055512_717,141.43540860073276,158.25977215892723,143.25977215892723,13.639049521025916,5,5.0,Moto,Sandstorms,Jam,Metropolitian,False,0,1,0,9894.437882055512,10042.697654214438,Aumento_Velocidade,0
pedido_9930.3696093298_741,102.08981388395627,104.17791007071452,104.17791007071452,11.126019410528015,10,4.771820083649528,Van,Sunny,High,Urban,False,0,1,1,9930.3696093298,10044.547519400516,Nenhuma,1
pedido_9934.444362679333_743,134.51104555526933,110.84866861683304,95.84866861683304,14.987668100610195,15,4.777879772910151,Scooter,Sandstorms,High,Metropolitian,False,0,1,0,9934.444362679333,10045.293031296165,Aumento_Velocidade,1
pedido_9909.53122797375_728,129.4604446438243,145.81680232564133,130.81680232564133,8.384920460737504,5,4.792301153060521,Moto,Sandstorms,Jam,Metropolitian,True,0,1,0,9909.53122797375,10045.348030299392,Aumento_Velocidade,0
pedido_9950.448090449976_756,128.1514454261406,111.53104158074994,96.53104158074994,5.044969788536048,5,4.785627117184215,Moto,Foggy,Medium,Metropolitian,False,0,0,0,9950.448090449976,10051.979132030727,Rota_Reduzida,1
pedido_9952.735185775331_757,133.4276074477385,112.9684791669047,97.9684791669047,3.8411453291825772,5,4.650149890854172,Moto,Stormy,Medium,Urban,False,0,0,0,9952.735185775331,10055.703664942235,Rota_Reduzida,1
pedido_9910.148612505622_729,170.8348447411449,149.95700538828274,134.95700538828274,4.791961899571452,15,4.349932573700471,Moto,Stormy,Medium,Metropolitian,True,0,0,0,9910.148612505622,10060.105617893905,Rota_Reduzida,0
pedido_9933.001586406715_742,135.17265311746516,132.73233554611372,117.73233554611372,13.460755799591226,10,4.869098384229989,Moto,Windy,Medium,Metropolitian,False,0,0,0,9933.001586406715,10060.73392195283,Rota_Reduzida,1
pedido_9941.095980457816_748,138.46641522191248,131.19873852736487,116.19873852736487,14.02236038341338,5,4.539326802470091,Scooter,Stormy,Jam,Urban,False,0,1,0,9941.095980457816,10062.29471898518,Aumento_Velocidade,1
pedido_10015.67607354222_792,39.42210967563902,34.302308377708506,34.302308377708506,6.511923124846346,15,4.774663674152403,Moto,Sunny,Jam,Metropolitian,False,1,1,1,10015.67607354222,10064.978381919927,Nenhuma,1
pedido_9939.329933759027_746,142.50717127529364,130.6770995416991,115.6770995416991,12.377428899287997,10,4.516778617434979,Scooter,Foggy,High,Urban,False,0,1,0,9939.329933759027,10065.007033300726,Aumento_Velocidade,1
pedido_9990.67682888959_777,94.74006854850781,84.4401796342946,69.4401796342946,6.289396560669786,5,4.893134203851817,Scooter,Sunny,High,Metropolitian,False,0,1,1,9990.67682888959,10065.117008523885,Aumento_Velocidade,1
pedido_9960.22488412367_760,129.33526019081916,117.67851473564035,102.67851473564035,3.326535732416842,5,4.664651784410326,Scooter,Windy,High,Urban,True,0,1,0,9960.22488412367,10067.903398859311,Aumento_Velocidade,1
pedido_9882.03147922155_710,188.3344780287585,197.83402621911046,182.83402621911046,11.514877510250583,5,3.963229847256121,Moto,Foggy,High,Metropolitian,False,0,1,0,9882.03147922155,10069.86550544066,Aumento_Velocidade,0
pedido_9972.71128958058_768,132.65986019653798,107.31851310372878,92.31851310372878,3.5718014404683154,5,4.774909553095836,Scooter,Sandstorms,High,Metropolitian,False,0,1,0,9972.71128958058,10070.029802684308,Aumento_Velocidade,1
pedido_9940.756989485411_747,134.82985775917936,125.82410778063104,125.82410778063104,4.368432789726142,5,4.600077472046009,Van,Foggy,High,Metropolitian,False,0,1,0,9940.756989485411,10071.581097266042,Nenhuma,0
pedido_9947.086889916387_753,142.0808223565322,133.35741878067088,118.35741878067088,18.44157660470668,10,4.666617814422145,Moto,Foggy,High,Metropolitian,False,0,1,0,9947.086889916387,10075.444308697059,Aumento_Velocidade,1
pedido_9960.376188603848_762,132.5890508583103,115.43878903462411,100.43878903462411,15.925578317332821,15,4.59460668272057,Moto,Windy,High,Urban,False,0,1,0,9960.376188603848,10075.814977638473,Aumento_Velocidade,1
pedido_9975.426922262166_771,97.09392063258345,96.0546291612064,96.0546291612064,5.274700288264977,5,4.727270109783408,Moto,Sunny,Low,Metropolitian,True,0,0,1,9975.426922262166,10076.481551423372,Nenhuma,1
