id_pedido,previsao_min,tempo_real_min,tempo_corrigido_min,delivery_distance,tempo_coleta,Agent_Rating,Vehicle,Weather,Traffic,Area,weekend,is_grocery,jam_or_high_traffic,is_sunny_weather,tempo_criacao_sim,tempo_conclusao_sim,decisao,is_otd_corrigido
pedido_9.823839043136294_6,39.35860429628972,35.188187139833126,35.188187139833126,14.515281183930005,15,4.731105741561419,Moto,Sunny,High,Metropolitian,False,1,1,1,9.823839043136294,60.01202618296942,Nenhuma,1
pedido_42.35497313005143_27,44.89810362122526,31.148597416314658,31.148597416314658,14.060237444956016,5,5.0,Scooter,Stormy,High,Urban,True,1,1,0,42.35497313005143,78.50357054636609,Nenhuma,1
pedido_6.095028058266965_4,92.04379032994416,75.2023401610866,60.202340161086596,7.115544223088827,15,4.666662632485222,Moto,Sunny,Medium,Other,False,0,0,1,6.095028058266965,81.29736821935356,Rota_Reduzida,1
pedido_36.76346494842916_21,41.89961091657032,35.08291498186226,35.08291498186226,6.975374421193177,10,4.675812047249207,Scooter,Stormy,Medium,Metropolitian,True,1,0,0,36.76346494842916,81.84637993029142,Nenhuma,1
pedido_2.8317115159962607_3,101.84043561517271,85.61007796465074,70.61007796465074,16.19289800919938,10,4.848785114713591,Scooter,Sunny,High,Metropolitian,False,0,1,1,2.8317115159962607,83.441789480647,Aumento_Velocidade,1
pedido_0.741761514995321_1,101.8544257070725,88.5411822838783,88.5411822838783,12.439248402651344,10,4.775021199340349,Van,Sunny,High,Urban,False,0,1,1,0.741761514995321,99.28294379887362,Nenhuma,1
pedido_2.0997015847748477_2,127.88288454076117,107.01130003416975,92.01130003416975,2.4983262976699896,10,4.647522396497716,Scooter,Stormy,High,Metropolitian,True,0,1,0,2.0997015847748477,104.1110016189446,Aumento_Velocidade,1
pedido_9.450781071640595_5,124.39338463929569,97.65135926127748,82.65135926127748,2.5173727832258894,15,4.929199192535814,Moto,Stormy,Jam,Metropolitian,True,0,1,0,9.450781071640595,107.10214033291807,Aumento_Velocidade,1
pedido_31.05204568952574_19,101.11276395141955,86.71203789090292,71.71203789090292,12.03002905920308,5,4.658162350740785,Scooter,Sunny,Medium,Metropolitian,False,0,0,1,31.05204568952574,107.76408358042866,Rota_Reduzida,1
pedido_36.888670212002424_23,102.20900762469829,91.80768180227471,76.80768180227471,19.967291724347252,5,4.550785667869194,Moto,Sunny,High,Metropolitian,False,0,1,1,36.888670212002424,118.69635201427714,Aumento_Velocidade,1
pedido_13.456760214944657_9,135.8251700970151,111.48157500428796,96.48157500428796,14.93019616678122,10,4.636502029530234,Moto,Windy,Jam,Metropolitian,False,0,1,0,13.456760214944657,119.93833521923261,Aumento_Velocidade,1
pedido_19.793485677165854_12,102.72064245037974,110.71250275317144,95.71250275317144,17.359402448966016,5,4.7406435436221575,Scooter,Sunny,High,Metropolitian,False,0,1,1,19.793485677165854,120.50598843033728,Aumento_Velocidade,1
pedido_63.92039657546608_36,99.43394116951342,66.96754588928144,51.96754588928144,10.531071329043467,10,4.576884454073046,Moto,Sunny,Medium,Metropolitian,False,0,0,1,63.92039657546608,125.88794246474751,Rota_Reduzida,1
pedido_53.33720150058292_30,100.33980805604831,82.78072698008468,67.78072698008468,3.364007952505374,5,4.7956252582012056,Moto,Sunny,Jam,Urban,True,0,1,1,53.33720150058292,126.1179284806676,Aumento_Velocidade,1
pedido_55.55394212464555_32,103.03064534750423,80.9200213535737,65.9200213535737,14.618776302631241,5,4.533526022657669,Scooter,Sunny,Medium,Metropolitian,False,0,0,1,55.55394212464555,126.47396347821925,Rota_Reduzida,1
pedido_47.34617023746602_29,94.31635932365464,80.54183921975934,65.54183921975934,3.8735190740915693,15,4.667755862526734,Scooter,Sunny,Medium,Metropolitian,False,0,0,1,47.34617023746602,127.88800945722537,Rota_Reduzida,1
pedido_17.393376601900037_11,135.45581225544925,124.49092019373808,109.49092019373808,5.2251122416410105,5,4.803004921233121,Scooter,Sandstorms,Medium,Metropolitian,False,0,0,0,17.393376601900037,131.8842967956381,Rota_Reduzida,1
pedido_12.847896727122325_8,132.18752480688494,125.11091636095844,110.11091636095844,9.393061589822342,10,4.656893994334476,Scooter,Windy,High,Urban,True,0,1,0,12.847896727122325,132.95881308808077,Aumento_Velocidade,1
pedido_25.712683138635967_13,137.39648448599425,117.36266774395784,102.36266774395784,5.087571185564014,5,5.0,Scooter,Sandstorms,High,Metropolitian,False,0,1,0,25.712683138635967,133.0753508825938,Aumento_Velocidade,1
pedido_27.02307497482778_14,132.61554409883271,111.62123569842754,96.62123569842754,0.10181472077113263,10,4.8667754929313745,Scooter,Foggy,High,Metropolitian,True,0,1,0,27.02307497482778,133.64431067325532,Aumento_Velocidade,1
pedido_12.371282296265473_7,106.00512150293245,107.12671413783212,107.12671413783212,11.982191098369661,15,5.0,Moto,Windy,Low,Metropolitian,True,0,0,0,12.371282296265473,134.4979964340976,Nenhuma,1
pedido_0.38565637245865914_0,135.8251700970151,134.82659686818266,119.82659686818266,15.385231317634322,15,4.648528209904277,Moto,Windy,Jam,Urban,False,0,1,0,0.38565637245865914,135.21225324064133,Aumento_Velocidade,1
pedido_41.54457914524812_25,95.25023207545257,100.86145645922964,85.86145645922964,0.0,10,4.732914919531769,Moto,Sunny,High,Metropolitian,False,0,1,1,41.54457914524812,137.40603560447778,Aumento_Velocidade,1
pedido_69.29656851471898_38,44.856680414365016,63.933153835755164,63.933153835755164,14.147546842647682,5,4.624096592870198,Scooter,Stormy,Medium,Metropolitian,False,1,0,0,69.29656851471898,138.22972235047416,Nenhuma,1
pedido_27.066118230371693_15,132.95064740854312,116.23687991628337,101.23687991628337,11.47924496741802,10,4.888107599490072,Scooter,Windy,High,Metropolitian,False,0,1,0,27.066118230371693,138.30299814665506,Aumento_Velocidade,1
pedido_28.61785289371827_17,106.53168665167759,111.3319771530547,111.3319771530547,17.51173140598559,5,4.529975983917942,Moto,Stormy,Low,Metropolitian,True,0,0,0,28.61785289371827,144.94983004677295,Nenhuma,1
pedido_28.200781582794782_16,133.54167802044813,117.65911020702191,102.65911020702191,8.614146877765204,15,4.740405523333499,Scooter,Windy,High,Metropolitian,False,0,1,0,28.200781582794782,145.8598917898167,Aumento_Velocidade,1
pedido_17.29185739970925_10,132.71798667423855,141.42959606395436,121.42959606395436,18.624124965167997,10,4.719172986032152,Moto,Foggy,High,Other,False,0,1,0,17.29185739970925,148.7214534636636,Rota_Reduzida,0
pedido_30.350690760795615_18,130.35038718624247,130.6192029850056,115.61920298500559,4.874397654521874,5,4.929412295931465,Moto,Sandstorms,High,Metropolitian,True,0,1,0,30.350690760795615,150.9698937458012,Aumento_Velocidade,1
pedido_36.87012472587174_22,142.399854513784,119.24652026905699,104.24652026905699,16.24692871276525,15,4.552220128342373,Scooter,Foggy,Medium,Metropolitian,False,0,0,0,36.87012472587174,156.11664499492872,Rota_Reduzida,1
pedido_100.04519083266338_55,95.85600674550591,57.14253805933026,42.14253805933026,9.682774081688088,15,4.837787979285297,Moto,Sunny,High,Urban,False,0,1,1,100.04519083266338,157.18772889199363,Aumento_Velocidade,1
pedido_42.087975820847696_26,113.43437864825387,100.85572298566053,100.85572298566053,12.613020690055304,15,4.503563595559008,Moto,Foggy,Low,Metropolitian,True,0,0,0,42.087975820847696,157.94369880650822,Nenhuma,1
pedido_35.962155781899234_20,129.38302488090125,124.9311943404814,109.9311943404814,5.535057855852619,15,4.738358080818148,Moto,Sandstorms,Jam,Metropolitian,True,0,1,0,35.962155781899234,160.89335012238064,Aumento_Velocidade,1
pedido_75.29785512863396_43,94.58990353618861,97.2445178666546,82.2445178666546,7.824106858749146,5,4.879338272143752,Moto,Sunny,High,Metropolitian,False,0,1,1,75.29785512863396,162.54237299528856,Aumento_Velocidade,1
pedido_55.3522455479179_31,129.72488940687205,122.84540377392236,107.84540377392236,16.48315043971147,5,4.5538816552502475,Moto,Stormy,High,Metropolitian,False,0,1,0,55.3522455479179,168.19764932184026,Aumento_Velocidade,1
pedido_137.28470322621743_79,37.86499793108324,27.64492682557929,27.64492682557929,9.074830903736508,5,5.0,Moto,Sunny,High,Metropolitian,False,1,1,1,137.28470322621743,169.92963005179672,Nenhuma,1
pedido_137.77156220670517_80,43.56096887381064,27.27175819827329,27.27175819827329,7.850003620502784,5,4.64666829400175,Scooter,Foggy,High,Metropolitian,True,1,1,0,137.77156220670517,170.04332040497846,Nenhuma,1
pedido_38.932378224739644_24,138.99446529385847,137.21503050505018,122.21503050505018,10.285889405883072,10,4.537513291954915,Moto,Foggy,High,Metropolitian,False,0,1,0,38.932378224739644,171.14740872978982,Aumento_Velocidade,0
pedido_73.32247123359714_41,96.5744882953516,92.32816681537125,92.32816681537125,0.0,10,4.794918034281049,Van,Sunny,Medium,Urban,True,0,0,1,73.32247123359714,175.6506380489684,Nenhuma,1
pedido_42.931985934332765_28,141.234304302999,145.6590852177444,130.6590852177444,18.081154465026696,5,4.944376140441129,Scooter,Foggy,High,Metropolitian,False,0,1,0,42.931985934332765,178.59107115207718,Aumento_Velocidade,0
pedido_65.44691095507106_37,129.55081471202553,115.39922500895963,100.39922500895963,7.133303586921785,15,4.713642305802558,Scooter,Stormy,Jam,Urban,True,0,1,0,65.44691095507106,180.84613596403068,Aumento_Velocidade,1
pedido_86.01424919021228_47,102.72064245037974,105.67872819308468,90.67872819308468,17.324778796371913,5,4.730216935124644,Moto,Sunny,High,Metropolitian,False,0,1,1,86.01424919021228,181.69297738329698,Aumento_Velocidade,1
pedido_71.21411591514502_40,131.86307671586613,113.92454556947021,98.92454556947021,2.9822424256660374,15,4.4721576028522,Scooter,Foggy,High,Urban,False,0,1,0,71.21411591514502,185.13866148461523,Aumento_Velocidade,1
pedido_85.50836046676011_46,100.04006590881319,88.12634197142418,88.12634197142418,6.721078182927387,15,4.565568373154709,Van,Sunny,Jam,Urban,True,0,1,1,85.50836046676011,188.6347024381843,Nenhuma,1
pedido_133.3196817035089_76,64.26770511607894,66.037400406329,51.037400406329,17.99081580727714,5,4.42832163556769,Moto,Sandstorms,Medium,Urban,True,1,0,0,133.3196817035089,189.3570821098379,Rota_Reduzida,1
pedido_57.24815131317382_33,135.7141828141574,132.91070855658472,117.91070855658472,6.930159468421924,15,5.0,Scooter,Foggy,High,Metropolitian,True,0,1,0,57.24815131317382,190.15885986975854,Aumento_Velocidade,1
pedido_111.93478549383435_62,74.94897938957267,79.47100846502903,64.47100846502903,0.0,15,4.370365904624749,Moto,Sunny,High,Metropolitian,False,1,1,1,111.93478549383435,191.4057939588634,Aumento_Velocidade,1
pedido_109.45734001526313_59,97.49009431361574,86.0815307754652,71.0815307754652,4.17599007602896,15,4.6507427578848475,Scooter,Sunny,High,Metropolitian,False,0,1,1,109.45734001526313,195.5388707907283,Aumento_Velocidade,1
pedido_100.01986567020926_54,132.52982290415653,106.54425973301784,91.54425973301784,0.0,10,4.851840499686742,Moto,Sandstorms,Medium,Urban,True,0,0,0,100.01986567020926,201.56412540322708,Rota_Reduzida,1
pedido_60.85768869994699_34,132.9387496309539,126.32317237908669,126.32317237908669,4.195693280822869,15,4.2653036143561724,Scooter,Stormy,Low,Semi-Urban,False,0,0,0,60.85768869994699,202.18086107903366,Nenhuma,0
pedido_94.0062660277892_50,132.01965036098213,119.8872218791654,104.8872218791654,2.7577263598297534,5,4.978229455341746,Moto,Sandstorms,Medium,Metropolitian,True,0,0,0,94.0062660277892,203.8934879069546,Rota_Reduzida,1
pedido_73.32414760288795_42,135.8251700970151,130.71142726728922,115.71142726728922,15.89639735484422,15,4.567640735237096,Scooter,Windy,Jam,Urban,False,0,1,0,73.32414760288795,204.0355748701772,Aumento_Velocidade,1
pedido_110.35032441430346_61,102.93791356336945,93.79453639106083,93.79453639106083,14.464996745272916,5,4.693068535922751,Van,Sandstorms,Low,Metropolitian,False,0,0,0,110.35032441430346,209.1448608053643,Nenhuma,1
pedido_96.0810748255903_51,136.320740831725,131.41534035694312,116.41534035694312,9.125055037619845,5,5.0,Moto,Sandstorms,High,Metropolitian,False,0,1,0,96.0810748255903,217.49641518253344,Aumento_Velocidade,1
pedido_80.59883088679518_44,128.82551111589967,126.97775999249737,126.97775999249737,0.38741992444021545,10,4.710962147699741,Van,Foggy,Jam,Urban,True,0,1,0,80.59883088679518,217.57659087929255,Nenhuma,0
pedido_84.2016071268676_45,150.72369751433095,145.00775851173114,130.00775851173114,15.586258841428979,5,4.836781746833361,Moto,Foggy,Jam,Metropolitian,True,0,1,0,84.2016071268676,219.20936563859874,Aumento_Velocidade,0
pedido_120.58383060779072_68,128.5701615747001,109.38993211862264,94.38993211862264,6.3130018336589515,5,4.820197975511373,Moto,Stormy,High,Metropolitian,False,0,1,0,120.58383060779072,219.97376272641336,Aumento_Velocidade,1
pedido_133.809617268366_77,100.76499878023628,98.37699295581227,83.37699295581227,4.362210602691949,5,4.6438609433817595,Moto,Sunny,Jam,Metropolitian,True,0,1,1,133.809617268366,222.18661022417825,Aumento_Velocidade,1
pedido_70.32178654869816_39,146.75760416843397,157.34433719802405,142.34433719802405,10.315038879006991,10,4.9774797809954325,Moto,Windy,Jam,Metropolitian,False,0,1,0,70.32178654869816,222.6661237467222,Aumento_Velocidade,0
pedido_100.57086131099734_56,131.09906871720924,132.7163075766422,117.71630757664221,2.836288625576061,5,4.6753157720742005,Moto,Windy,High,Metropolitian,False,0,1,0,100.57086131099734,223.28716888763955,Aumento_Velocidade,1
pedido_105.26756781815367_58,128.65107440387033,118.49883463190184,103.49883463190184,13.304358778233022,15,4.66449710092439,Moto,Windy,Medium,Other,False,0,0,0,105.26756781815367,223.76640245005552,Rota_Reduzida,1
pedido_109.74893094956109_60,130.12720727181323,115.3726063336895,100.3726063336895,5.390959609731801,15,5.0,Moto,Stormy,High,Metropolitian,False,0,1,0,109.74893094956109,225.12153728325058,Aumento_Velocidade,1
pedido_92.16630561438167_48,134.57630344488615,140.79547971934844,125.79547971934844,13.50415986995993,10,4.453008166789408,Scooter,Windy,Medium,Metropolitian,False,0,0,0,92.16630561438167,227.96178533373012,Rota_Reduzida,0
pedido_63.86282762113287_35,170.1809880773246,164.7834275084749,149.7834275084749,2.6264790510011116,15,4.311875725909782,Moto,Stormy,Medium,Urban,False,0,0,0,63.86282762113287,228.64625512960777,Rota_Reduzida,0
pedido_112.94062181253331_63,124.98298808383193,106.13521551531173,106.13521551531173,1.133159052445075,10,4.9205869710216925,Van,Sandstorms,Jam,Metropolitian,False,0,1,0,112.94062181253331,229.07583732784502,Nenhuma,1
pedido_160.54430368800917_92,94.16149167008304,80.64353808524682,60.64353808524682,4.044705859734434,15,4.7740567327374785,Moto,Sunny,High,Other,False,0,1,1,160.54430368800917,236.18784177325597,Rota_Reduzida,1
pedido_116.32842163000738_65,135.21914666330352,123.16036547769815,108.16036547769815,13.892061183752318,15,4.8141846662653816,Scooter,Sandstorms,High,Metropolitian,True,0,1,0,116.32842163000738,239.48878710770552,Aumento_Velocidade,1
pedido_119.17683958230757_66,136.48559495946353,126.12578401913015,111.12578401913015,17.62403055860388,10,4.559297452437117,Scooter,Windy,Jam,Metropolitian,False,0,1,0,119.17683958230757,240.30262360143772,Aumento_Velocidade,1
pedido_99.99229437577566_53,142.84406203349835,151.07534678193255,136.07534678193255,12.298151418198623,5,4.743722638320174,Moto,Sandstorms,Jam,Metropolitian,True,0,1,0,99.99229437577566,241.0676411577082,Aumento_Velocidade,0
pedido_125.20938552917835_71,134.01173920623864,116.1742092313726,101.1742092313726,3.270261543572621,15,4.886964704684349,Moto,Foggy,High,Metropolitian,False,0,1,0,125.20938552917835,241.38359476055095,Aumento_Velocidade,1
pedido_132.22431845857437_72,101.17663549600017,99.34443144795354,99.34443144795354,6.294801455774385,10,4.754746533702485,Moto,Sandstorms,Low,Metropolitian,False,0,0,0,132.22431845857437,241.5687499065279,Nenhuma,1
pedido_97.67777289336614_52,141.32008033116873,155.0726508204893,140.0726508204893,15.29893333914761,5,4.735937937611927,Scooter,Foggy,High,Metropolitian,False,0,1,0,97.67777289336614,242.7504237138554,Aumento_Velocidade,0
pedido_101.76579848494802_57,130.78116501634756,127.76772322188168,127.76772322188168,5.087797536429033,15,4.506590163618047,Van,Sandstorms,High,Metropolitian,False,0,1,0,101.76579848494802,244.5335217068297,Nenhuma,0
pedido_123.84470112635736_69,105.8662279948134,128.40662830277017,113.40662830277017,5.013354021507238,10,4.510497922941431,Scooter,Sunny,High,Urban,False,0,1,1,123.84470112635736,247.25132942912754,Aumento_Velocidade,1
pedido_115.38717925763713_64,129.88285124763888,137.10550813605616,122.10550813605616,12.167429133049069,10,4.700999702187143,Moto,Stormy,High,Metropolitian,False,0,1,0,115.38717925763713,247.4926873936933,Aumento_Velocidade,0
pedido_132.97194208952928_73,134.24373914144465,125.11928789399121,110.11928789399121,4.415870461146917,5,4.746155712428141,Scooter,Windy,Medium,Urban,False,0,0,0,132.97194208952928,248.0912299835205,Rota_Reduzida,1
pedido_211.2639856095087_123,45.1946550451508,32.85794252035993,32.85794252035993,13.247166077481243,5,4.57083541903798,Moto,Sandstorms,Jam,Metropolitian,False,1,1,0,211.2639856095087,249.12192812986862,Nenhuma,1
pedido_119.73827297707676_67,127.23885038823175,125.140493242573,125.140493242573,0.4878661812475036,5,4.888578665052263,Van,Stormy,High,Urban,False,0,1,0,119.73827297707676,249.87876621964978,Nenhuma,0
pedido_179.5190257017302_101,95.5788166304276,71.56708481192791,56.56708481192791,6.801518392850687,15,4.595282000929625,Moto,Sunny,High,Urban,False,0,1,1,179.5190257017302,251.0861105136581,Aumento_Velocidade,1
pedido_148.1344827315911_83,102.53214944579574,98.61080611745757,98.61080611745757,0.14083353908007457,5,4.606892228339245,Moto,Stormy,Low,Metropolitian,False,0,0,0,148.1344827315911,251.74528884904868,Nenhuma,1
pedido_133.31862743576244_75,134.26524228980983,130.35189304991698,115.35189304991698,3.610632815362725,5,4.804931262549012,Scooter,Windy,Medium,Metropolitian,False,0,0,0,133.31862743576244,253.67052048567942,Rota_Reduzida,1
pedido_153.76776317711656_87,103.1924625520193,85.26649712172505,85.26649712172505,15.787842476221963,15,4.933034891830251,Moto,Windy,Low,Metropolitian,False,0,0,0,153.76776317711656,254.03426029884162,Nenhuma,1
pedido_168.07607542052529_94,98.52908922068666,86.01668298013671,71.01668298013671,7.560511442062306,15,4.712892449648251,Moto,Sunny,High,Urban,True,0,1,1,168.07607542052529,254.09275840066198,Aumento_Velocidade,1
pedido_210.2058398100869_122,45.258881693075296,30.497252854752603,30.497252854752603,16.506441638322197,15,4.882667020546393,Scooter,Foggy,High,Metropolitian,False,1,1,0,210.2058398100869,255.70309266483952,Nenhuma,1
pedido_125.03597908276956_70,134.51104555526933,131.02041071652928,116.02041071652928,14.17479887600581,15,4.775338983471147,Moto,Sandstorms,High,Metropolitian,False,0,1,0,125.03597908276956,256.0563897992988,Aumento_Velocidade,1
pedido_162.11557002088918_93,100.73423028654184,94.90467307743522,79.90467307743522,3.5919484015972554,15,4.66132619202435,Moto,Sunny,Jam,Metropolitian,True,0,1,1,162.11557002088918,257.0202430983244,Aumento_Velocidade,1
pedido_169.39176390262128_95,101.40291138286945,79.9354762529652,79.9354762529652,6.649866812324018,10,4.5341879889662815,Scooter,Windy,Low,Metropolitian,False,0,0,0,169.39176390262128,259.3272401555865,Nenhuma,1
pedido_159.7502172910748_90,129.9684466239904,105.68549509689227,90.68549509689227,8.266425698817173,15,4.741717669821459,Moto,Stormy,High,Metropolitian,False,0,1,0,159.7502172910748,265.43571238796704,Aumento_Velocidade,1
pedido_151.06421856074508_85,143.93867203623296,124.58608759884231,109.58608759884231,12.70124377403806,5,5.0,Moto,Sandstorms,Jam,Urban,True,0,1,0,151.06421856074508,265.6503061595874,Aumento_Velocidade,1
pedido_135.51530494598845_78,131.31007929737657,138.1853806058565,123.1853806058565,8.562952058560649,10,4.758079166496574,Scooter,Sandstorms,High,Metropolitian,False,0,1,0,135.51530494598845,268.7006855518449,Aumento_Velocidade,0
pedido_155.84818467878532_88,134.20702046845372,124.83185698202902,109.83185698202902,14.212234839542823,5,4.698456646760231,Scooter,Sandstorms,High,Metropolitian,False,0,1,0,155.84818467878532,270.68004166081437,Aumento_Velocidade,1
pedido_151.72867303535477_86,133.50287630574877,119.83960905191995,104.83960905191995,17.802253552595992,15,4.5637058979591165,Moto,Windy,High,Metropolitian,False,0,1,0,151.72867303535477,271.5682820872747,Aumento_Velocidade,1
pedido_133.20552504114445_74,137.7000708523941,149.49649582799267,134.49649582799267,5.31793501924042,5,4.642589289693343,Scooter,Sandstorms,Medium,Metropolitian,True,0,0,0,133.20552504114445,272.70202086913713,Rota_Reduzida,0
pedido_158.87630322371493_89,137.76154078607715,124.97805161572467,109.97805161572467,13.021355452216005,5,5.0,Scooter,Windy,High,Metropolitian,False,0,1,0,158.87630322371493,273.85435483943957,Aumento_Velocidade,1
pedido_92.9344545214455_49,188.11288134527823,181.8996953488383,166.8996953488383,7.400108695847498,15,4.362937030501774,Moto,Sunny,Jam,Urban,False,0,1,1,92.9344545214455,274.8341498702838,Aumento_Velocidade,0
pedido_185.638186904513_106,101.34890079123261,94.25225094661623,79.25225094661623,4.856624921164101,15,5.0,Scooter,Sunny,Jam,Metropolitian,False,0,1,1,185.638186904513,279.8904378511292,Aumento_Velocidade,1
pedido_182.40485827229625_103,101.32538225821338,84.37512283160153,84.37512283160153,11.779255065253224,15,4.670497271440495,Van,Sunny,High,Metropolitian,False,0,1,1,182.40485827229625,281.7799811038978,Nenhuma,1
pedido_179.04427344293816_99,97.52774111935356,93.18276698907066,93.18276698907066,8.522998108723609,10,4.927836939181427,Moto,Sunny,Low,Metropolitian,False,0,0,1,179.04427344293816,282.22704043200883,Nenhuma,1
pedido_175.89961691132285_97,134.30205313332274,106.54157796941344,91.54157796941344,10.724526041998217,15,4.609541513037898,Scooter,Windy,Medium,Metropolitian,False,0,0,0,175.89961691132285,282.4411948807363,Rota_Reduzida,1
pedido_181.4634055677635_102,100.97255411310958,97.06862667869805,97.06862667869805,3.9849114215145978,5,4.529622949500436,Van,Foggy,Low,Urban,True,0,0,0,181.4634055677635,283.53203224646154,Nenhuma,1
pedido_193.27010309786985_111,104.68946350435597,86.81811363704836,86.81811363704836,14.157356229595914,5,5.0,Moto,Stormy,Low,Metropolitian,True,0,0,0,193.27010309786985,285.0882167349182,Nenhuma,1
pedido_160.36186067795404_91,134.20702046845372,135.77515554892233,120.77515554892233,14.581512840851325,5,4.689567633712307,Moto,Sandstorms,High,Metropolitian,False,0,1,0,160.36186067795404,286.13701622687637,Aumento_Velocidade,0
pedido_149.95847157574835_84,134.20702046845372,127.69032852404857,127.69032852404857,14.912343530524398,10,4.654412891052997,Van,Sandstorms,High,Metropolitian,False,0,1,0,149.95847157574835,287.6488000997969,Nenhuma,0
pedido_206.92350300139154_118,101.62886116662526,95.8109602055144,80.8109602055144,12.958723508501919,10,4.730656691309169,Moto,Sunny,High,Urban,False,0,1,1,206.92350300139154,297.73446320690596,Aumento_Velocidade,1
pedido_210.0022790298422_121,97.73645979857947,94.63568170819791,79.63568170819791,5.383622089398364,10,4.755646425701524,Scooter,Sunny,High,Metropolitian,False,0,1,1,210.0022790298422,299.63796073804014,Aumento_Velocidade,1
pedido_212.24568513760292_124,130.97703125776897,100.01154872317514,85.01154872317514,18.457586204582398,5,4.456484589552091,Moto,Stormy,High,Metropolitian,False,0,1,0,212.24568513760292,302.25723386077806,Aumento_Velocidade,1
pedido_176.17765095700145_98,132.65986019653798,129.5014996091294,114.50149960912941,3.883500706122864,15,4.839717325347391,Moto,Sandstorms,High,Metropolitian,False,0,1,0,176.17765095700145,305.67915056613083,Aumento_Velocidade,1
pedido_140.4806059067841_82,185.43405052533794,172.11200916031072,157.11200916031072,16.128195456405017,10,4.165346125722088,Moto,Windy,High,Metropolitian,False,0,1,0,140.4806059067841,307.5926150670948,Aumento_Velocidade,0
pedido_195.37877123646_112,134.34705410781217,113.76164081142159,98.76164081142159,6.531928942172348,15,4.558448436527989,Moto,Sandstorms,Medium,Metropolitian,False,0,0,0,195.37877123646,309.14041204788157,Rota_Reduzida,1
pedido_229.71671371693222_134,94.87554004418845,80.79066729440747,65.79066729440747,2.241003098074488,15,4.855411717140151,Scooter,Sunny,High,Metropolitian,False,0,1,1,229.71671371693222,310.5073810113397,Aumento_Velocidade,1
pedido_230.09442092481524_135,102.32355742919415,86.59509349494549,71.59509349494549,14.830668854169772,10,4.71664636818065,Moto,Sunny,Medium,Metropolitian,False,0,0,1,230.09442092481524,311.6895144197607,Rota_Reduzida,1
pedido_174.73053761788088_96,141.6082059990019,137.1311189047212,122.1311189047212,15.661148173129602,15,4.725290082180093,Moto,Sandstorms,Jam,Metropolitian,True,0,1,0,174.73053761788088,311.86165652260206,Aumento_Velocidade,0
pedido_188.37147433540244_109,136.89255036692194,125.15396547646728,110.15396547646728,10.00159852749747,15,4.808397953436637,Moto,Foggy,High,Metropolitian,False,0,1,0,188.37147433540244,313.5254398118697,Aumento_Velocidade,1
pedido_185.08491923835075_105,141.3178313642075,129.25116487373688,114.25116487373688,14.097786085407776,15,4.582518050176613,Moto,Foggy,High,Metropolitian,False,0,1,0,185.08491923835075,314.33608411208763,Aumento_Velocidade,1
pedido_138.9650218410759_81,180.9370673686924,183.89049559046927,168.89049559046927,10.067823195041065,10,4.435742157257211,Moto,Sandstorms,High,Metropolitian,True,0,1,0,138.9650218410759,317.8555174315452,Aumento_Velocidade,0
pedido_204.38724210289485_117,137.23475409146872,123.3951162841822,108.3951162841822,23.011658529357014,10,4.4965332534881775,Scooter,Foggy,Medium,Other,False,0,0,0,204.38724210289485,322.782358387077,Rota_Reduzida,1
pedido_224.18380488326514_129,100.53309902992069,90.94162554132464,90.94162554132464,7.214940772757302,10,4.976335318295655,Scooter,Sandstorms,Low,Metropolitian,False,0,0,0,224.18380488326514,325.1254304245898,Nenhuma,1
pedido_192.54651134129313_110,152.73728675095995,143.75674195311427,128.75674195311427,14.116717152449079,5,4.525927092454575,Moto,Foggy,Jam,Urban,False,0,1,0,192.54651134129313,326.3032532944074,Aumento_Velocidade,0
pedido_253.59212435320418_146,96.36851159125553,83.56125764975368,68.56125764975368,7.120485022156768,5,4.456008089386631,Moto,Sunny,Medium,Metropolitian,False,0,0,1,253.59212435320418,327.15338200295787,Rota_Reduzida,1
pedido_208.94883555950346_119,131.03979234049356,123.53110601360041,108.53110601360041,4.9940233735551125,10,4.691818364890351,Moto,Windy,High,Metropolitian,False,0,1,0,208.94883555950346,327.4799415731039,Aumento_Velocidade,1
pedido_222.24004120473992_128,130.4046118552678,115.53649107711841,100.53649107711841,4.14745676336043,5,4.489082444901005,Moto,Sandstorms,High,Metropolitian,True,0,1,0,222.24004120473992,327.77653228185835,Aumento_Velocidade,1
pedido_216.81769681671622_127,132.83225952499396,122.08255148528562,107.08255148528562,7.156332927836849,5,4.7907239485573445,Scooter,Foggy,High,Metropolitian,False,0,1,0,216.81769681671622,328.90024830200184,Aumento_Velocidade,1
pedido_213.424441678697_126,132.65986019653798,115.64761898916251,100.64761898916251,4.301481418666134,15,4.791857017967672,Moto,Sandstorms,High,Metropolitian,False,0,1,0,213.424441678697,329.07206066785955,Aumento_Velocidade,1
pedido_196.0639696135678_113,130.40086551309466,135.32208710940168,120.32208710940168,2.303006149763915,15,4.924995921841904,Moto,Windy,High,Metropolitian,False,0,1,0,196.0639696135678,331.38605672296944,Aumento_Velocidade,0
pedido_187.11040788911208_107,135.04725442550819,135.25601127400446,135.25601127400446,10.531222492794097,10,4.694256271112364,Van,Stormy,Jam,Metropolitian,False,0,1,0,187.11040788911208,332.3664191631166,Nenhuma,0
pedido_238.67110191196093_142,94.22218989665411,85.7090471288659,85.7090471288659,1.7706817771916006,10,4.836383194506272,Scooter,Sunny,Low,Urban,False,0,0,1,238.67110191196093,334.38014904082684,Nenhuma,1
pedido_202.4594755883134_116,136.8786325287955,137.2480500317916,122.24805003179159,1.6917183513242264,10,5.0,Moto,Foggy,High,Metropolitian,False,0,1,0,202.4594755883134,334.707525620105,Aumento_Velocidade,0
pedido_199.73297964643731_115,135.88143772575594,140.470860663012,125.47086066301199,19.978714241176174,10,4.915028546802776,Moto,Sandstorms,Medium,Metropolitian,False,0,0,0,199.73297964643731,335.20384030944933,Rota_Reduzida,0
pedido_273.3480445332899_160,96.32118997249381,73.44691182100523,58.44691182100523,8.370442603696045,5,5.0,Moto,Sunny,Medium,Urban,False,0,0,1,273.3480445332899,336.79495635429515,Rota_Reduzida,1
pedido_179.34643818836912_100,170.08331850377354,157.84081390283805,142.84081390283805,0.0,15,4.231727730883649,Moto,Stormy,Medium,Metropolitian,False,0,0,0,179.34643818836912,337.18725209120714,Rota_Reduzida,0
pedido_209.82501808922913_120,133.0196758514353,140.5668074755165,125.5668074755165,14.13084825168746,5,4.746603517181872,Scooter,Windy,High,Metropolitian,False,0,1,0,209.82501808922913,340.39182556474566,Aumento_Velocidade,0
pedido_255.04261785442367_147,96.72894142770109,88.81040883055309,73.81040883055309,6.04936505284934,15,4.872661019995296,Moto,Sunny,High,Metropolitian,False,0,1,1,255.04261785442367,343.8530266849767,Aumento_Velocidade,1
pedido_188.1096974596786_108,158.72692021467896,142.14774174289218,142.14774174289218,15.845737187197408,15,4.413614942086316,Scooter,Stormy,Low,Metropolitian,True,0,0,0,188.1096974596786,345.2574392025708,Nenhuma,0
pedido_232.16954311947208_137,130.78481102416515,118.89052865255812,103.89052865255812,4.069591222440726,10,4.716554747124253,Moto,Sandstorms,High,Metropolitian,True,0,1,0,232.16954311947208,346.0600717720302,Aumento_Velocidade,1
pedido_234.52421155463855_138,132.0845784625362,122.46007421547083,107.46007421547083,1.09853014480011,5,4.903112925173126,Moto,Windy,High,Urban,False,0,1,0,234.52421155463855,346.9842857701094,Aumento_Velocidade,1
pedido_227.7189037973004_132,120.9615595324833,114.39725297993077,114.39725297993077,17.50221040632976,5,4.63913786877557,Moto,Sunny,Low,Metropolitian,False,0,0,1,227.7189037973004,347.1161567772312,Nenhuma,1
pedido_212.45641098824746_125,136.91740120607304,144.952817350191,129.952817350191,15.34615325935727,5,4.471743592025156,Scooter,Sandstorms,High,Metropolitian,True,0,1,0,212.45641098824746,347.4092283384384,Aumento_Velocidade,0
pedido_226.7862994970986_130,103.02066999461137,113.98299030513978,113.98299030513978,3.9117427471438786,10,4.8273322802751455,Scooter,Windy,Low,Metropolitian,False,0,0,0,226.7862994970986,350.7692898022384,Nenhuma,1
pedido_229.64021449691288_133,134.22156031072382,128.43950508259704,113.43950508259704,6.316728833945875,10,4.780367722758487,Moto,Sandstorms,Medium,Metropolitian,False,0,0,0,229.64021449691288,353.0797195795099,Rota_Reduzida,1
pedido_270.3671829073181_157,96.15154090323864,95.47971877004694,80.47971877004694,5.435212396609837,5,4.6827904269008025,Scooter,Sunny,Medium,Metropolitian,False,0,0,1,270.3671829073181,355.84690167736505,Rota_Reduzida,1
pedido_196.0719911102129_114,182.50162136882048,170.7744906395283,150.7744906395283,13.956655838280987,10,4.444076090126982,Moto,Windy,High,Other,False,0,1,0,196.0719911102129,356.8464817497412,Rota_Reduzida,0
pedido_255.30709769321015_148,132.64151684470485,104.26961840900137,89.26961840900137,16.656019679037794,15,4.64836288375424,Scooter,Windy,High,Metropolitian,False,0,1,0,255.30709769321015,359.57671610221155,Aumento_Velocidade,1
pedido_240.69872514785024_143,142.0808223565322,130.15687285918062,115.15687285918062,18.957071399830102,5,4.6903026431017985,Moto,Foggy,High,Urban,False,0,1,0,240.69872514785024,360.85559800703084,Aumento_Velocidade,1
pedido_231.84322058538112_136,134.65691893189447,130.78291274625622,115.78291274625622,9.876909033113442,15,4.736267060413567,Scooter,Foggy,Medium,Metropolitian,False,0,0,0,231.84322058538112,362.62613333163733,Rota_Reduzida,1
pedido_238.1735085331785_140,133.65866179184164,127.72013588712767,112.72013588712767,8.123447378370242,15,4.721682526065316,Scooter,Sandstorms,Medium,Metropolitian,False,0,0,0,238.1735085331785,365.89364442030615,Rota_Reduzida,1
pedido_238.38342366760548_141,134.82985775917936,138.06281912280312,123.06281912280312,3.549643883447554,5,4.630631376257371,Scooter,Foggy,High,Metropolitian,False,0,1,0,238.38342366760548,366.44624279040863,Aumento_Velocidade,0
pedido_252.75897714230774_145,132.36481215780856,119.55815035546058,104.55815035546058,4.313219725975755,10,4.725723602891074,Scooter,Sandstorms,High,Urban,False,0,1,0,252.75897714230774,367.3171274977683,Aumento_Velocidade,1
pedido_335.22193513187204_189,46.91923631991291,17.35016660170986,17.35016660170986,11.12327531635508,15,4.537231666196574,Moto,Sandstorms,High,Metropolitian,True,1,1,0,335.22193513187204,367.5721017335819,Nenhuma,1
pedido_263.6435896298791_155,98.16644133529006,94.46957061054165,94.46957061054165,0.526083478043355,10,4.8440373769510225,Moto,Foggy,Low,Metropolitian,False,0,0,0,263.6435896298791,368.11316024042077,Nenhuma,1
pedido_182.93414204485364_104,187.87638487187664,195.79758131291317,180.79758131291317,15.460069356400167,5,4.415269435933163,Moto,Sandstorms,Medium,Other,False,0,0,0,182.93414204485364,368.7317233577668,Rota_Reduzida,0
pedido_280.216093722511_163,106.3806384561024,94.13789694107385,79.13789694107385,17.83854564900184,10,4.644139140925991,Scooter,Sunny,High,Metropolitian,True,0,1,1,280.216093722511,369.35399066358485,Aumento_Velocidade,1
pedido_236.24714918248753_139,129.7547289384046,119.98785016114917,119.98785016114917,8.60914812137605,15,4.561666877744745,Van,Stormy,High,Metropolitian,False,0,1,0,236.24714918248753,371.2349993436367,Nenhuma,1
pedido_251.95918388053343_144,131.95979834333633,123.20011892166173,108.20011892166173,8.498648756928079,15,4.868934204515894,Scooter,Windy,High,Metropolitian,False,0,1,0,251.95918388053343,375.15930280219516,Aumento_Velocidade,1
pedido_337.6292096635212_191,47.05777904474586,33.04726742125935,33.04726742125935,8.953384348503842,5,4.57508234155719,Moto,Stormy,Jam,Metropolitian,True,1,1,0,337.6292096635212,375.6764770847805,Nenhuma,1
pedido_262.34299113852865_154,126.77917466406375,113.38700469633008,98.38700469633008,3.198840321231266,15,4.668931699845092,Moto,Foggy,Jam,Metropolitian,False,0,1,0,262.34299113852865,375.72999583485876,Aumento_Velocidade,1
pedido_260.29837662794205_150,132.33004308235547,127.6648426137865,112.6648426137865,1.5882682794298053,5,4.566828449237105,Moto,Foggy,High,Metropolitian,True,0,1,0,260.29837662794205,377.96321924172855,Aumento_Velocidade,1
pedido_330.87975042558077_187,45.04218983136934,37.27306548170772,37.27306548170772,8.661548276965988,10,4.599607226983757,Scooter,Windy,Jam,Urban,False,1,1,0,330.87975042558077,378.15281590728847,Nenhuma,1
pedido_261.59180471071534_152,134.88076162644828,119.16577450633903,104.16577450633903,12.241639913385288,15,4.754669550516754,Scooter,Stormy,Jam,Metropolitian,False,0,1,0,261.59180471071534,380.7575792170544,Aumento_Velocidade,1
pedido_282.7231853069461_164,133.49321796955448,109.66424593692236,94.66424593692236,11.096823924097512,5,4.8197220986754195,Moto,Windy,Medium,Metropolitian,False,0,0,0,282.7231853069461,382.3874312438685,Rota_Reduzida,1
pedido_261.78592050372686_153,127.4117464960537,120.99932919475472,105.99932919475472,6.501302881714236,15,4.795144541397126,Moto,Stormy,Jam,Urban,False,0,1,0,261.78592050372686,382.7852496984816,Aumento_Velocidade,1
pedido_274.38489226184583_162,136.2875146519965,118.84020894004323,103.84020894004323,14.891392433906665,5,4.940015997364482,Moto,Sandstorms,Medium,Metropolitian,False,0,0,0,274.38489226184583,383.22510120188906,Rota_Reduzida,1
pedido_269.4425936625827_156,134.4927399598692,121.4520798091784,106.4520798091784,15.673327332191993,10,4.603547754036051,Scooter,Windy,High,Metropolitian,True,0,1,0,269.4425936625827,385.89467347176105,Aumento_Velocidade,1
pedido_261.48672338844216_151,133.49846318068467,130.48681117803767,115.48681117803767,14.101771510634723,10,4.919693587213346,Moto,Windy,High,Metropolitian,False,0,1,0,261.48672338844216,386.9735345664798,Aumento_Velocidade,1
pedido_287.57111937198067_165,133.58127618721858,102.28041878714055,87.28041878714055,13.565756792140785,15,4.665663501605543,Scooter,Stormy,Medium,Urban,False,0,0,0,287.57111937198067,389.8515381591212,Rota_Reduzida,1
pedido_288.1149762402186_166,101.84043561517271,109.28887926811835,94.28887926811835,15.414974124742644,10,4.815374315661455,Moto,Sunny,High,Urban,False,0,1,1,288.1149762402186,392.40385550833696,Aumento_Velocidade,1
pedido_273.63238594721605_161,135.50455766345638,119.59368801235266,104.59368801235266,16.222230563059224,15,4.517752823604621,Moto,Sandstorms,High,Metropolitian,False,0,1,0,273.63238594721605,393.2260739595687,Aumento_Velocidade,1
pedido_258.04772775873397_149,140.82995587917088,145.43819893592138,130.43819893592138,18.744950413223343,5,4.748309721915967,Scooter,Sandstorms,Jam,Metropolitian,False,0,1,0,258.04772775873397,393.48592669465535,Aumento_Velocidade,0
pedido_303.86390065950326_176,99.60257000508872,99.19453556177078,84.19453556177078,0.0,10,4.910505899253671,Scooter,Sunny,High,Metropolitian,True,0,1,1,303.86390065950326,398.05843622127406,Aumento_Velocidade,1
pedido_293.88559874464164_167,132.12907741349807,107.87009716659267,92.87009716659267,9.329447286267586,15,4.9424761134759665,Moto,Foggy,High,Metropolitian,False,0,1,0,293.88559874464164,401.7556959112343,Aumento_Velocidade,1
pedido_300.3166330741771_173,130.64169531587783,101.9712412229079,86.9712412229079,10.624975766178128,15,4.662883273652951,Moto,Stormy,High,Metropolitian,True,0,1,0,300.3166330741771,402.287874297085,Aumento_Velocidade,1
pedido_301.71578418318137_174,133.47114867571312,107.25524969950685,92.25524969950685,14.648759616342904,15,4.7452422529420035,Moto,Stormy,Medium,Metropolitian,False,0,0,0,301.71578418318137,408.97103388268823,Rota_Reduzida,1
pedido_309.4435554107556_180,126.77917466406375,104.54966676748718,89.54966676748718,3.940012772415372,15,4.674836885000373,Moto,Foggy,Jam,Metropolitian,False,0,1,0,309.4435554107556,413.9932221782428,Aumento_Velocidade,1
pedido_299.11201704521926_170,129.36101408685738,115.02396235549418,100.02396235549418,16.01222102663632,15,4.74676232767565,Moto,Stormy,High,Metropolitian,False,0,1,0,299.11201704521926,414.13597940071344,Aumento_Velocidade,1
pedido_314.93997287238113_182,125.56258426440225,109.43747377585552,94.43747377585552,8.195810388071461,5,4.599265126082527,Moto,Foggy,Medium,Urban,False,0,0,0,314.93997287238113,414.3774466482366,Rota_Reduzida,1
pedido_294.18923357740664_168,134.1312766891396,130.4557595928348,115.4557595928348,11.736680943824926,5,4.924733516078082,Moto,Stormy,Medium,Urban,False,0,0,0,294.18923357740664,414.64499317024143,Rota_Reduzida,1
pedido_227.27261125683614_131,191.96008500859023,183.79970984427115,183.79970984427115,0.0,5,4.379942846805322,Van,Sunny,High,Metropolitian,True,0,1,1,227.27261125683614,416.07232110110726,Nenhuma,0
pedido_300.03038794343325_172,128.04003209954664,124.08406084554176,109.08406084554176,5.627043508540378,10,4.7050740159521816,Moto,Sandstorms,Jam,Metropolitian,False,0,1,0,300.03038794343325,419.114448788975,Aumento_Velocidade,1
pedido_309.00674891583225_179,131.9012147297906,115.19446323648992,100.19446323648992,3.1531129607968067,10,4.682489808436693,Scooter,Windy,High,Metropolitian,False,0,1,0,309.00674891583225,419.20121215232217,Aumento_Velocidade,1
pedido_296.7496386761816_169,132.4946085953814,129.7615336416918,114.76153364169181,6.881262857228014,10,4.77894308914449,Moto,Foggy,High,Metropolitian,True,0,1,0,296.7496386761816,421.5111723178734,Aumento_Velocidade,1
pedido_320.9320862578557_184,101.19752026668668,93.19747969746622,93.19747969746622,5.168636608992917,10,4.820746047982949,Moto,Sandstorms,Low,Urban,False,0,0,0,320.9320862578557,424.12956595532194,Nenhuma,1
pedido_272.92419985963943_159,167.4432488739592,164.30248187096075,149.30248187096075,18.9295992948019,5,4.196051607399435,Moto,Sunny,Jam,Urban,True,0,1,1,272.92419985963943,427.22668173060015,Aumento_Velocidade,0
pedido_299.30020207250084_171,130.18348312609209,137.01125956797716,122.01125956797716,16.477440644127615,10,4.833171370456388,Scooter,Stormy,High,Metropolitian,True,0,1,0,299.30020207250084,431.311461640478,Aumento_Velocidade,0
pedido_304.5342329032281_177,143.6605429822904,130.62366295117573,115.62366295117573,14.883524014788932,15,4.9444731367830235,Moto,Foggy,High,Metropolitian,True,0,1,0,304.5342329032281,435.1578958544038,Aumento_Velocidade,1
pedido_338.3861523179205_192,98.7581641281259,83.50084576715427,83.50084576715427,7.7596283481652435,15,4.5997896725211564,Van,Sunny,Jam,Metropolitian,False,0,1,1,338.3861523179205,436.88699808507477,Nenhuma,1
pedido_271.53915255253105_158,176.9643546228283,176.71423885655204,161.71423885655204,8.604843886550343,5,4.294409617662181,Moto,Sandstorms,High,Metropolitian,False,0,1,0,271.53915255253105,438.25339140908306,Aumento_Velocidade,0
pedido_399.61790649285894_217,48.04223233043867,37.33845586527803,37.33845586527803,13.223958897088245,5,4.491983861862585,Moto,Windy,High,Urban,True,1,1,0,399.61790649285894,441.95636235813697,Nenhuma,1
pedido_321.7583427412045_185,132.42649540217445,134.29441046612538,119.29441046612538,5.821146116231525,5,4.9720793614592065,Moto,Windy,High,Metropolitian,False,0,1,0,321.7583427412045,446.0527532073299,Aumento_Velocidade,1
pedido_320.2029576895365_183,134.4927399598692,131.13025843934219,116.13025843934219,15.036000434259375,10,4.620797491307567,Scooter,Windy,High,Metropolitian,True,0,1,0,320.2029576895365,446.3332161288787,Aumento_Velocidade,1
pedido_310.12072274610705_181,143.87999213971185,143.80817272936298,128.80817272936298,14.227462977803588,10,4.838809450606016,Moto,Foggy,High,Metropolitian,True,0,1,0,310.12072274610705,448.92889547547003,Aumento_Velocidade,0
pedido_365.13078229233446_205,104.7897023401856,96.35702304281641,81.35702304281641,12.945275631994035,5,4.589378139141835,Moto,Sunny,High,Metropolitian,True,0,1,1,365.13078229233446,451.4878053351509,Aumento_Velocidade,1
pedido_347.9055012070689_194,129.00248748131887,108.84546298275728,93.84546298275728,4.497400128713768,10,4.709497433916789,Scooter,Stormy,High,Metropolitian,False,0,1,0,347.9055012070689,451.75096418982616,Aumento_Velocidade,1
pedido_334.969248796588_188,128.79591118080657,124.9286282840101,109.9286282840101,14.363413390526484,10,4.7783680566178495,Scooter,Stormy,High,Urban,False,0,1,0,334.969248796588,454.89787708059805,Aumento_Velocidade,1
pedido_308.39606443102855_178,141.4847715980208,153.30351834025274,138.30351834025274,11.691339272335703,10,4.570682901014195,Scooter,Foggy,Medium,Metropolitian,False,0,0,0,308.39606443102855,456.69958277128126,Rota_Reduzida,0
pedido_351.57703109065034_195,133.28348391376278,106.81919425555677,91.81919425555677,6.881744543828145,15,4.63881009817344,Moto,Foggy,High,Metropolitian,False,0,1,0,351.57703109065034,458.3962253462071,Aumento_Velocidade,1
pedido_338.9487470699267_193,127.16041010866479,124.83826701870342,109.83826701870342,6.418132758782517,10,4.646870020635088,Moto,Stormy,High,Metropolitian,True,0,1,0,338.9487470699267,458.78701408863014,Aumento_Velocidade,1
pedido_336.9702455782306_190,136.25019710443954,132.42695331636943,117.42695331636943,1.7601476127407674,5,5.0,Moto,Sandstorms,High,Urban,False,0,1,0,336.9702455782306,459.3971988946,Aumento_Velocidade,1
pedido_358.47557734077117_201,136.34491385489824,113.6879733925422,98.6879733925422,14.851938725050298,10,4.964348646464903,Scooter,Sandstorms,High,Urban,True,0,1,0,358.47557734077117,467.1635507333134,Aumento_Velocidade,1
pedido_358.1198800268539_200,134.4796544642482,120.03320764178538,105.03320764178538,13.431353965739802,5,4.823304108324353,Scooter,Stormy,Jam,Metropolitian,False,0,1,0,358.1198800268539,468.1530876686393,Aumento_Velocidade,1
pedido_386.8224788506207_214,101.92106332080041,84.0155594579693,69.0155594579693,14.710604916810233,15,4.767194364474174,Scooter,Sunny,High,Urban,False,0,1,1,386.8224788506207,470.83803830859,Aumento_Velocidade,1
pedido_381.8216069573749_212,97.35849331313558,84.24937002458603,84.24937002458603,6.118073514346991,5,4.659963770988174,Van,Sunny,High,Other,True,0,1,1,381.8216069573749,471.07097698196094,Nenhuma,1
pedido_303.3675767229318_175,174.20598621055987,180.03727582464714,165.03727582464714,2.2715370770440044,5,4.434380431800492,Scooter,Windy,High,Metropolitian,False,0,1,0,303.3675767229318,473.4048525475789,Aumento_Velocidade,0
pedido_329.6160167940709_186,186.2554096611249,149.4308166781592,134.4308166781592,16.866942674466387,10,4.375297093393978,Scooter,Stormy,High,Urban,False,0,1,0,329.6160167940709,474.0468334722301,Aumento_Velocidade,0
pedido_352.938505764427_197,130.8626028675974,129.69384654118437,114.69384654118437,15.649089823388117,10,4.626395898078108,Moto,Stormy,High,Metropolitian,True,0,1,0,352.938505764427,477.6323523056114,Aumento_Velocidade,1
pedido_356.8211942978925_198,134.8892163978526,136.29615523238206,121.29615523238206,16.302754306494748,5,4.677342107825039,Moto,Windy,Jam,Metropolitian,False,0,1,0,356.8211942978925,483.1173495302745,Aumento_Velocidade,0
pedido_362.60826916998906_203,131.47357163045365,120.81777496709415,105.81777496709415,4.217534685364683,15,4.7647302351327685,Scooter,Windy,High,Metropolitian,False,0,1,0,362.60826916998906,483.4260441370832,Aumento_Velocidade,1
pedido_351.6682302063524_196,134.11631332088552,133.1205299875384,118.12052998753839,19.311517763916022,15,4.774468525726879,Moto,Stormy,Jam,Metropolitian,False,0,1,0,351.6682302063524,484.78876019389077,Aumento_Velocidade,1
pedido_373.2092168856873_210,128.11277391432864,112.4649239050177,97.4649239050177,5.462759205199059,15,4.64798303944608,Scooter,Foggy,Medium,Urban,False,0,0,0,373.2092168856873,485.674140790705,Rota_Reduzida,1
pedido_371.59668141403523_207,129.33526019081916,104.11885907403172,104.11885907403172,3.5170741509368306,10,4.734292733827748,Van,Windy,High,Metropolitian,True,0,1,0,371.59668141403523,485.71554048806695,Nenhuma,1
pedido_363.17607787854087_204,134.1554627650212,131.12500884599146,116.12500884599146,5.138051482364106,10,4.501427933952401,Moto,Sandstorms,Medium,Urban,False,0,0,0,363.17607787854087,489.3010867245323,Rota_Reduzida,1
pedido_430.06794073450664_237,44.55824199796561,49.63559226308629,49.63559226308629,9.63170965386152,10,4.759419024840313,Scooter,Foggy,High,Urban,False,1,1,0,430.06794073450664,489.7035329975929,Nenhuma,1
pedido_360.9415531447487_202,134.11805094838238,128.83291622252176,113.83291622252176,8.697748124907513,15,4.954707595544497,Moto,Sandstorms,Jam,Urban,True,0,1,0,360.9415531447487,489.77446936727046,Aumento_Velocidade,1
pedido_372.25827646684667_208,117.49145071699911,103.54229803213788,103.54229803213788,16.029756008342808,15,4.979009632916356,Scooter,Sunny,Low,Urban,False,0,0,1,372.25827646684667,490.80057449898453,Nenhuma,1
pedido_448.44168555860557_246,50.139211137836845,37.79518508198466,37.79518508198466,13.73302793520451,10,4.512951791569876,Moto,Foggy,Medium,Metropolitian,True,1,0,0,448.44168555860557,496.2368706405902,Nenhuma,1
pedido_415.1746057932465_227,100.11587530070493,93.82613677876098,78.82613677876098,13.20744478629015,5,4.89733542804865,Moto,Sunny,Medium,Metropolitian,False,0,0,1,415.1746057932465,499.0007425720075,Rota_Reduzida,1
pedido_357.23638235490444_199,129.01666075656678,138.7940064569065,138.7940064569065,3.126606409247455,5,4.5390344710111314,Van,Windy,High,Metropolitian,False,0,1,0,357.23638235490444,501.0303888118109,Nenhuma,0
pedido_372.9044974700546_209,136.95002825874246,138.51033517484464,123.51033517484464,12.329444014094948,5,4.987451858412663,Moto,Windy,High,Metropolitian,False,0,1,0,372.9044974700546,501.4148326448992,Aumento_Velocidade,0
pedido_407.27592010904186_223,133.2366472173958,94.34803710744394,79.34803710744394,0.24259349436166655,15,4.481376573601854,Scooter,Foggy,High,Metropolitian,False,0,1,0,407.27592010904186,501.6239572164858,Aumento_Velocidade,1
pedido_391.9772753870925_215,135.3091974680962,120.60762690163881,105.60762690163881,14.501341206493596,5,4.5044128271747494,Moto,Sandstorms,High,Metropolitian,False,0,1,0,391.9772753870925,502.5849022887313,Aumento_Velocidade,1
pedido_370.8139590696901_206,149.1076947561497,141.81194051946565,126.81194051946565,14.453536141029103,5,4.654502625191813,Moto,Foggy,Jam,Metropolitian,False,0,1,0,370.8139590696901,502.6258995891558,Aumento_Velocidade,0
pedido_406.47763479160085_221,128.14531783803307,109.75575101980988,94.75575101980988,2.830127428931061,5,4.456017553082878,Moto,Windy,High,Metropolitian,False,0,1,0,406.47763479160085,506.2333858114107,Aumento_Velocidade,1
pedido_409.4646121123455_224,102.93495885006166,92.10912726955995,92.10912726955995,18.322294103919113,5,4.884362736130235,Moto,Sandstorms,Low,Metropolitian,False,0,0,0,409.4646121123455,506.57373938190545,Nenhuma,1
pedido_423.72209976190993_232,101.85067578837038,89.70248954769842,74.70248954769842,15.78814209364871,10,4.975128130197975,Scooter,Sunny,High,Metropolitian,False,0,1,1,423.72209976190993,508.42458930960834,Aumento_Velocidade,1
pedido_401.39697354583365_218,133.03987330531243,112.81526684753247,97.81526684753247,14.131614123982434,10,4.586295001749517,Moto,Stormy,Jam,Metropolitian,False,0,1,0,401.39697354583365,509.21224039336613,Aumento_Velocidade,1
pedido_384.8310483379832_213,131.63377386629992,122.08786995168333,122.08786995168333,7.13610535189947,10,4.698979074711682,Van,Sandstorms,High,Metropolitian,False,0,1,0,384.8310483379832,516.9189182896665,Nenhuma,0
pedido_416.01009479163633_229,130.73095929840062,118.29071953913666,103.29071953913666,4.967550957553762,5,4.8337459362120745,Moto,Windy,Jam,Metropolitian,True,0,1,0,416.01009479163633,524.3008143307729,Aumento_Velocidade,1
pedido_411.9932873594438_225,133.5578348387472,123.06294325113518,108.06294325113518,12.76107979404773,5,4.685754458105011,Scooter,Windy,High,Urban,False,0,1,0,411.9932873594438,525.056230610579,Aumento_Velocidade,1
pedido_407.1031324248623_222,138.1660787358417,125.4695065895404,110.4695065895404,18.12788537610718,10,4.910514614388952,Moto,Sandstorms,Medium,Metropolitian,False,0,0,0,407.1031324248623,527.5726390144027,Rota_Reduzida,1
pedido_419.7623266086759_230,134.60592367128,121.44618908435385,106.44618908435385,18.787338077959664,5,4.672918250260806,Moto,Sandstorms,High,Metropolitian,False,0,1,0,419.7623266086759,531.2085156930298,Aumento_Velocidade,1
pedido_455.44747334199246_250,98.09455266861596,77.81533551328604,62.815335513286044,5.435667290889987,15,4.715600968332232,Moto,Sunny,High,Urban,False,0,1,1,455.44747334199246,533.2628088552785,Aumento_Velocidade,1
pedido_396.04329181220487_216,136.15338721638378,142.30518334593572,127.30518334593572,8.63952181059734,10,4.552688028591961,Scooter,Windy,Medium,Metropolitian,False,0,0,0,396.04329181220487,533.3484751581406,Rota_Reduzida,0
pedido_428.3479851271956_236,110.05350976389829,113.5221973215991,98.5221973215991,14.55772754649218,10,4.690378902623876,Scooter,Sunny,Jam,Metropolitian,False,0,1,1,428.3479851271956,536.8701824487947,Aumento_Velocidade,1
pedido_403.13825260670194_219,120.35610629725981,120.57277276835444,120.57277276835444,15.43002111130468,15,4.565206652362102,Moto,Sunny,Low,Urban,False,0,0,1,403.13825260670194,538.7110253750564,Nenhuma,0
pedido_426.67489530494834_233,119.11838492974621,102.35497433194072,102.35497433194072,11.814077171690398,10,4.919236243548772,Moto,Sunny,Low,Urban,True,0,0,1,426.67489530494834,539.0298696368891,Nenhuma,1
pedido_427.91443492583_235,131.2909718430677,124.76278268352351,109.76278268352351,0.0,5,4.950355471159779,Scooter,Sandstorms,Medium,Urban,False,0,0,0,427.91443492583,542.6772176093535,Rota_Reduzida,1
pedido_412.9670764645654_226,134.5142525570483,140.4294765684925,125.4294765684925,3.8730058419110613,5,4.790667202923626,Moto,Foggy,High,Metropolitian,False,0,1,0,412.9670764645654,543.3965530330579,Aumento_Velocidade,0
pedido_445.0298336110562_242,100.52551238629248,105.21274269256054,90.21274269256054,3.3871716627263986,10,4.62796365425403,Scooter,Sunny,High,Metropolitian,True,0,1,1,445.0298336110562,545.2425763036167,Aumento_Velocidade,1
pedido_434.0671074846771_238,131.8875472649707,121.93442924812857,106.93442924812857,5.082729303688189,5,4.495655829251784,Scooter,Foggy,High,Urban,False,0,1,0,434.0671074846771,546.0015367328057,Aumento_Velocidade,1
pedido_427.36189267139815_234,127.9533785350185,128.755195437466,113.755195437466,0.6851719817276312,5,4.464059962436855,Scooter,Foggy,Jam,Urban,True,0,1,0,427.36189267139815,546.1170881088642,Aumento_Velocidade,1
pedido_378.38057352228003_211,176.39151991455537,182.3151484220468,167.3151484220468,10.655453297705204,5,4.438025038020013,Moto,Sunny,High,Metropolitian,False,0,1,1,378.38057352228003,550.6957219443268,Aumento_Velocidade,0
pedido_443.5866154987477_241,130.77464878307057,112.8316450196302,97.8316450196302,5.558019171089877,10,4.668288148164019,Moto,Windy,High,Metropolitian,False,0,1,0,443.5866154987477,551.4182605183779,Aumento_Velocidade,1
pedido_423.6127461277239_231,144.65638861687444,129.1625478409076,114.16254784090759,22.295595205595685,15,4.8006688092508885,Moto,Foggy,High,Metropolitian,False,0,1,0,423.6127461277239,552.7752939686314,Aumento_Velocidade,1
pedido_461.59707202163236_253,129.42749770215096,92.52181314373874,77.52181314373874,17.09291955255227,15,4.747435010866047,Moto,Stormy,High,Urban,False,0,1,0,461.59707202163236,554.1188851653711,Aumento_Velocidade,1
pedido_440.8292164705888_240,132.24162150115285,113.52423198988012,98.52423198988012,8.376915392123273,15,4.546727846280419,Moto,Foggy,High,Metropolitian,False,0,1,0,440.8292164705888,554.3534484604689,Aumento_Velocidade,1
pedido_405.7745057275823_220,170.73365426495442,155.97410981351712,140.97410981351712,5.458673085880998,10,4.338815455551546,Moto,Stormy,Medium,Metropolitian,True,0,0,0,405.7745057275823,556.7486155410994,Rota_Reduzida,0
pedido_449.3933154652093_247,135.67492555790074,120.97247531399596,105.97247531399596,12.561909449119183,5,4.592155648692959,Moto,Sandstorms,High,Metropolitian,True,0,1,0,449.3933154652093,560.3657907792052,Aumento_Velocidade,1
pedido_449.7914201715482_248,141.02275848587644,121.47457025850714,106.47457025850714,11.846439127821128,5,4.653990192823572,Moto,Foggy,High,Metropolitian,False,0,1,0,449.7914201715482,561.2659904300554,Aumento_Velocidade,1
pedido_445.09095134223406_243,137.66908686099026,126.23159510921903,111.23159510921903,12.474995126080696,10,5.0,Moto,Windy,Medium,Metropolitian,False,0,0,0,445.09095134223406,566.322546451453,Rota_Reduzida,1
pedido_468.60603314798806_255,100.8065905422729,83.10878681495662,83.10878681495662,4.645322439145642,15,4.542396160697496,Van,Foggy,Low,Urban,True,0,0,0,468.60603314798806,566.7148199629447,Nenhuma,1
pedido_458.28240382817165_252,133.83332144049882,109.26949836173279,94.26949836173279,2.005310717257298,15,4.73210750082455,Moto,Foggy,High,Metropolitian,False,0,1,0,458.28240382817165,567.5519021899045,Aumento_Velocidade,1
pedido_437.80669860078103_239,132.85220578385574,144.71327598637694,129.71327598637694,13.460788493674936,10,4.796302231390874,Moto,Stormy,Medium,Metropolitian,False,0,0,0,437.80669860078103,577.519974587158,Rota_Reduzida,0
pedido_463.98478496439066_254,137.1053797399156,115.08458853184854,100.08458853184854,6.474160749235552,15,5.0,Moto,Sandstorms,High,Metropolitian,False,0,1,0,463.98478496439066,579.0693734962392,Aumento_Velocidade,1
pedido_415.84629852629723_228,189.17333303350722,174.0261456844374,159.0261456844374,16.033336664717435,5,4.406579358529386,Moto,Foggy,High,Metropolitian,True,0,1,0,415.84629852629723,579.8724442107347,Aumento_Velocidade,0
pedido_448.04101435534017_245,137.43733180628456,143.1674563764981,128.1674563764981,17.550994306616865,5,4.8715526144500085,Scooter,Windy,High,Metropolitian,True,0,1,0,448.04101435534017,581.2084707318382,Aumento_Velocidade,0
pedido_484.3610255055494_257,107.23752999699278,108.83629873020939,93.83629873020939,16.97771691385821,5,4.776041151440376,Moto,Sunny,Medium,Urban,True,0,0,1,484.3610255055494,583.1973242357587,Rota_Reduzida,1
pedido_453.32966157641107_249,136.48631715270812,136.19404646224805,121.19404646224805,11.778648082054309,10,4.776691111721794,Scooter,Sandstorms,Medium,Metropolitian,False,0,0,0,453.32966157641107,584.5237080386592,Rota_Reduzida,0
pedido_486.1787991871185_261,94.44982424601581,104.31838812160152,89.31838812160152,2.1129946578853036,10,4.810107589020454,Moto,Sunny,Medium,Urban,False,0,0,1,486.1787991871185,585.49718730872,Rota_Reduzida,1
pedido_486.09819770261623_260,106.08481318983392,85.3469263404608,85.3469263404608,12.55520166749031,15,4.578150293575497,Scooter,Windy,Low,Metropolitian,True,0,0,0,486.09819770261623,586.445124043077,Nenhuma,1
pedido_447.4412924212844_244,141.3178313642075,148.50789736792512,133.50789736792512,15.829682008101267,10,4.555839001116026,Scooter,Foggy,High,Metropolitian,False,0,1,0,447.4412924212844,590.9491897892095,Aumento_Velocidade,0
pedido_486.9351066595006_262,103.85002599283807,99.60949299736829,99.60949299736829,16.723128238670327,5,4.52355486949173,Moto,Stormy,Low,Metropolitian,False,0,0,0,486.9351066595006,591.5445996568689,Nenhuma,1
pedido_498.9091306308751_270,102.21359134503595,105.24295991029172,90.24295991029172,13.607248816523198,5,4.98684323168142,Moto,Sunny,High,Metropolitian,False,0,1,1,498.9091306308751,594.1520905411668,Aumento_Velocidade,1
pedido_488.11972434104683_265,128.82160162125592,111.74087807113357,96.74087807113357,6.918335625264426,10,4.754718292093654,Scooter,Stormy,Jam,Urban,True,0,1,0,488.11972434104683,594.8606024121804,Aumento_Velocidade,1
pedido_457.3399887648418_251,168.79753929483934,143.35225876274745,128.35225876274745,0.0,10,4.432211904150065,Scooter,Stormy,High,Metropolitian,False,0,1,0,457.3399887648418,595.6922475275892,Aumento_Velocidade,0
pedido_498.4781242126322_269,128.65534246101592,98.41392194223258,83.41392194223258,7.513799309230736,15,4.512775452735667,Scooter,Foggy,Jam,Urban,False,0,1,0,498.4781242126322,596.8920461548648,Aumento_Velocidade,1
pedido_552.5486046513238_289,64.23709140316018,53.53823344057189,38.53823344057189,6.3933323220819345,15,4.299327893533341,Scooter,Stormy,High,Metropolitian,False,1,1,0,552.5486046513238,606.0868380918956,Aumento_Velocidade,1
pedido_487.4072724426948_263,140.84434996525417,129.27305063780958,114.27305063780958,12.310504388537478,5,4.92213204614826,Scooter,Foggy,High,Metropolitian,False,0,1,0,487.4072724426948,606.6803230805044,Aumento_Velocidade,1
pedido_476.28652673254703_256,132.07070184250608,136.25719044958768,121.25719044958768,9.636100905304389,10,4.632278197192762,Scooter,Windy,High,Metropolitian,True,0,1,0,476.28652673254703,607.5437171821347,Aumento_Velocidade,0
pedido_485.3143790037316_258,131.19463662617866,137.59752046529798,122.59752046529798,19.985077715882205,5,4.668773997185735,Moto,Stormy,High,Metropolitian,False,0,1,0,485.3143790037316,612.9118994690295,Aumento_Velocidade,0
pedido_500.01313711981834_271,129.76486193434457,121.32670714193765,106.32670714193765,15.654496789425892,10,4.551877282131404,Moto,Stormy,High,Urban,False,0,1,0,500.01313711981834,616.339844261756,Aumento_Velocidade,1
pedido_593.951990856722_319,40.26165602343834,14.043668683695088,14.043668683695088,12.590306210559682,10,4.505191016607686,Scooter,Sunny,Medium,Metropolitian,False,1,0,1,593.951990856722,617.995659540417,Nenhuma,1
pedido_485.5050018976991_259,137.10448633692113,132.75734562222968,117.75734562222968,4.006782000578631,15,5.0,Moto,Foggy,High,Metropolitian,False,0,1,0,485.5050018976991,618.2623475199288,Aumento_Velocidade,1
pedido_495.9746928141845_266,136.72521937974827,135.8607813334717,120.86078133347169,20.650205206628883,5,4.845611699840179,Moto,Sandstorms,High,Urban,False,0,1,0,495.9746928141845,621.8354741476562,Aumento_Velocidade,0
pedido_498.09738527737153_267,135.1920775446256,124.25738096924582,109.25738096924582,9.949100786464033,15,4.727023955214928,Moto,Sandstorms,Medium,Metropolitian,False,0,0,0,498.09738527737153,622.3547662466174,Rota_Reduzida,1
pedido_487.5889421765843_264,137.0554511129218,133.18987311308942,133.18987311308942,11.19443602570697,5,4.9105011672251795,Van,Windy,Medium,Urban,True,0,0,0,487.5889421765843,625.7788152896737,Nenhuma,0
pedido_514.5714067043034_274,130.7592537220347,117.30274090597904,102.30274090597904,12.225356353063722,10,4.463603222989244,Moto,Stormy,High,Metropolitian,False,0,1,0,514.5714067043034,626.8741476102824,Aumento_Velocidade,1
pedido_502.47326088687265_272,129.4350777355458,135.97677363373677,120.97677363373677,0.0,5,5.0,Moto,Foggy,Jam,Metropolitian,False,0,1,0,502.47326088687265,628.4500345206094,Aumento_Velocidade,0
pedido_520.349082116009_275,129.01666075656678,116.60670653653229,101.60670653653229,3.2470775363316577,10,4.498342027810311,Scooter,Windy,High,Metropolitian,False,0,1,0,520.349082116009,631.9557886525413,Aumento_Velocidade,1
pedido_525.3935939697244_278,100.15738177419288,95.72536400507998,95.72536400507998,7.48515819377374,15,4.749553760486344,Scooter,Foggy,Low,Urban,True,0,0,0,525.3935939697244,636.1189579748044,Nenhuma,1
pedido_504.02545017374126_273,137.9805911037794,133.19721901905947,118.19721901905947,22.853507502381433,15,4.519802676812484,Moto,Windy,Jam,Metropolitian,False,0,1,0,504.02545017374126,637.2226691928008,Aumento_Velocidade,1
pedido_525.6784842154159_279,126.77888038741068,122.4885040226138,107.4885040226138,3.7675485891949934,5,4.90098935713328,Moto,Foggy,Jam,Urban,False,0,1,0,525.6784842154159,638.1669882380297,Aumento_Velocidade,1
pedido_523.8349102820665_276,131.7515131589048,125.08046568263867,110.08046568263867,1.43482816978273,5,4.702612949798376,Moto,Sandstorms,High,Metropolitian,False,0,1,0,523.8349102820665,638.9153759647052,Aumento_Velocidade,1
pedido_544.6357656932317_288,97.08418365235161,104.4165833588892,89.4165833588892,7.7878040398933095,5,4.86859594939791,Moto,Sunny,Medium,Metropolitian,False,0,0,1,544.6357656932317,639.0523490521209,Rota_Reduzida,1
pedido_542.6627739391444_286,102.11057173323755,92.55210534105692,92.55210534105692,0.0,15,4.486491865468822,Van,Stormy,Low,Metropolitian,False,0,0,0,542.6627739391444,650.2148792802013,Nenhuma,1
pedido_555.9695156537073_292,95.05896335640593,99.82051563596,84.82051563596,1.7337215390251846,10,4.839584178152288,Scooter,Sunny,High,Metropolitian,False,0,1,1,555.9695156537073,650.7900312896672,Aumento_Velocidade,1
pedido_556.0962931924971_293,101.52855378703214,90.70806851131725,90.70806851131725,12.04006701606886,5,4.802685174053288,Van,Sunny,High,Urban,False,0,1,1,556.0962931924971,651.8043617038144,Nenhuma,1
pedido_533.9050403864487_281,128.11277391432864,128.0853304844144,113.08533048441441,5.059617975320547,5,4.645646581007397,Moto,Foggy,Medium,Metropolitian,False,0,0,0,533.9050403864487,651.9903708708631,Rota_Reduzida,1
pedido_559.7255284862268_297,132.37640653175018,104.18166220139267,89.18166220139267,4.99780742316316,5,4.848963216827264,Moto,Sandstorms,High,Urban,False,0,1,0,559.7255284862268,653.9071906876195,Aumento_Velocidade,1
pedido_540.7342652836351_284,134.6017093232235,124.57622317111051,109.57622317111051,19.62124846868257,5,4.66691211394126,Moto,Windy,Medium,Metropolitian,False,0,0,0,540.7342652836351,655.3104884547456,Rota_Reduzida,1
pedido_603.3406294948496_328,43.32838418438113,37.698029788025764,37.698029788025764,6.577482473329393,15,4.61797723255516,Scooter,Foggy,High,Metropolitian,False,1,1,0,603.3406294948496,656.0386592828754,Nenhuma,1
pedido_529.1139824812014_280,142.5286308757789,138.0414553806126,123.0414553806126,13.665640074755316,5,4.745928169838982,Scooter,Foggy,Medium,Metropolitian,False,0,0,0,529.1139824812014,657.1554378618141,Rota_Reduzida,0
pedido_574.2952617606087_309,47.86637626456531,73.73125160656619,73.73125160656619,12.701583058292975,10,4.498842431377764,Moto,Sandstorms,High,Metropolitian,False,1,1,0,574.2952617606087,658.0265133671749,Nenhuma,1
pedido_559.8981056404282_298,123.83339903623634,105.80045686164841,90.80045686164841,3.3102624044624855,10,4.555816960317082,Moto,Foggy,Medium,Metropolitian,True,0,0,0,559.8981056404282,660.6985625020766,Rota_Reduzida,1
pedido_553.6679314103889_290,132.30446268278448,113.89476145308899,98.89476145308899,5.336727231027833,10,4.9243141075730845,Scooter,Sandstorms,High,Metropolitian,False,0,1,0,553.6679314103889,662.5626928634779,Aumento_Velocidade,1
pedido_613.869203179038_334,41.85829825514095,45.518756249811375,45.518756249811375,17.84222369426979,5,4.480754464900004,Moto,Sunny,High,Metropolitian,False,1,1,1,613.869203179038,664.3879594288494,Nenhuma,1
pedido_553.9819739353229_291,112.22283177499266,115.64917712850789,100.64917712850789,16.526198746687584,10,4.547483893429224,Moto,Sunny,Jam,Metropolitian,False,0,1,1,553.9819739353229,664.6311510638308,Aumento_Velocidade,1
pedido_572.5313751459134_305,97.59251631714302,97.45459911251143,82.45459911251143,5.861317162106959,10,4.894198916748476,Moto,Sunny,High,Metropolitian,False,0,1,1,572.5313751459134,664.9859742584249,Aumento_Velocidade,1
pedido_543.8665996160404_287,134.91954701229537,126.78577030259706,111.78577030259706,1.231341300895064,10,4.913133893708502,Moto,Foggy,High,Metropolitian,False,0,1,0,543.8665996160404,665.6523699186374,Aumento_Velocidade,1
pedido_498.2617492917648_268,175.11690519859295,169.23035896769304,154.23035896769304,8.071981260944693,15,4.1551660211283945,Moto,Stormy,High,Metropolitian,False,0,1,0,498.2617492917648,667.4921082594578,Aumento_Velocidade,0
pedido_541.0496903093176_285,136.45719000890642,127.54126002774586,112.54126002774586,10.603917262976298,15,4.94386459548023,Moto,Stormy,Medium,Urban,True,0,0,0,541.0496903093176,668.5909503370635,Rota_Reduzida,1
pedido_560.5904858564737_299,135.50455766345638,120.75748146842191,105.75748146842191,15.667942268192451,5,4.47716487092289,Moto,Sandstorms,High,Metropolitian,False,0,1,0,560.5904858564737,671.3479673248956,Aumento_Velocidade,1
pedido_538.259073639487_282,135.61133701458547,143.46505833840882,128.46505833840882,17.065549506796586,5,4.84632856159564,Scooter,Windy,Medium,Metropolitian,False,0,0,0,538.259073639487,671.7241319778959,Rota_Reduzida,0
pedido_574.240680986376_308,95.86193917624409,83.88037497740076,83.88037497740076,0.0,15,4.645523273820585,Van,Sunny,High,Metropolitian,False,0,1,1,574.240680986376,673.1210559637767,Nenhuma,1
pedido_633.0681568143154_346,46.926685698916295,35.151907156792724,35.151907156792724,19.388722874697798,5,4.615131134897748,Moto,Foggy,High,Metropolitian,True,1,1,0,633.0681568143154,673.2200639711082,Nenhuma,1
pedido_556.9075321094266_294,136.60016557177795,116.49889603032878,101.49889603032878,11.64283334844938,15,4.605439008369898,Scooter,Windy,Jam,Metropolitian,False,0,1,0,556.9075321094266,673.4064281397553,Aumento_Velocidade,1
pedido_639.6435310263196_352,49.404054075470484,23.38671149835072,23.38671149835072,14.302936565335509,15,4.665245154859007,Moto,Windy,Medium,Metropolitian,False,1,0,0,639.6435310263196,678.0302425246703,Nenhuma,1
pedido_612.3404187300265_331,101.89555479484996,77.46628250517068,62.46628250517068,14.45023926261681,5,4.631967661352285,Scooter,Sunny,Medium,Metropolitian,False,0,0,1,612.3404187300265,679.8067012351971,Rota_Reduzida,1
pedido_586.0428338673884_313,99.17050087508028,80.81042780243041,80.81042780243041,0.004547399577509381,15,4.559174836825745,Moto,Sunny,Low,Urban,False,0,0,1,586.0428338673884,681.8532616698187,Nenhuma,1
pedido_557.6402752635692_295,131.24959913617099,134.34802812567978,119.34802812567978,6.869046231396036,5,4.503247360747387,Moto,Sandstorms,High,Metropolitian,False,0,1,0,557.6402752635692,681.9883033892489,Aumento_Velocidade,1
pedido_564.1256305368768_302,136.68010058789994,128.52741525668222,113.52741525668222,11.247303319009726,5,4.858524953277595,Moto,Windy,Jam,Metropolitian,False,0,1,0,564.1256305368768,682.6530457935589,Aumento_Velocidade,1
pedido_560.9041961150352_300,138.29634575638403,128.85792138851323,113.85792138851323,15.585831084449584,10,4.901454705748478,Moto,Sandstorms,Medium,Urban,True,0,0,0,560.9041961150352,684.7621175035484,Rota_Reduzida,1
pedido_565.520504227519_303,132.5890508583103,126.2801786875986,111.2801786875986,14.025802708605188,10,4.583688426889147,Moto,Windy,High,Metropolitian,False,0,1,0,565.520504227519,686.8006829151177,Aumento_Velocidade,1
pedido_619.0892470847353_340,62.70785367990436,69.05358739668986,54.05358739668986,1.7311614254537777,15,4.328262374132894,Moto,Stormy,High,Metropolitian,True,1,1,0,619.0892470847353,688.1428344814252,Aumento_Velocidade,1
pedido_572.5383527825912_306,129.49992951897042,120.90847247617327,105.90847247617327,9.54177669293022,15,4.7965136516012015,Scooter,Foggy,Jam,Metropolitian,False,0,1,0,572.5383527825912,693.4468252587645,Aumento_Velocidade,1
pedido_573.464030566465_307,126.50029734113089,130.10648296644783,115.10648296644783,1.6323637857239603,5,4.482007021658774,Moto,Stormy,High,Metropolitian,True,0,1,0,573.464030566465,693.5705135329129,Aumento_Velocidade,1
pedido_561.5728542763771_301,141.01400961458071,132.81952545385147,117.81952545385147,16.21009478249725,15,4.875380712915957,Moto,Sandstorms,Jam,Metropolitian,False,0,1,0,561.5728542763771,694.3923797302286,Aumento_Velocidade,1
pedido_525.2696994725343_277,195.8203387673792,177.3932363455719,162.3932363455719,5.461693252153556,10,4.326547401998678,Moto,Sunny,High,Metropolitian,True,0,1,1,525.2696994725343,697.6629358181062,Aumento_Velocidade,0
pedido_589.2793980457571_317,101.55582003085014,98.76308388946562,98.76308388946562,5.641845156747254,10,4.814141680137494,Scooter,Stormy,Low,Metropolitian,False,0,0,0,589.2793980457571,698.0424819352228,Nenhuma,1
pedido_616.0322173881586_337,97.17220013369784,89.58208527132012,74.58208527132012,2.653017476294625,10,4.740148506605044,Scooter,Sunny,Medium,Metropolitian,True,0,0,1,616.0322173881586,700.6143026594788,Rota_Reduzida,1
pedido_591.3063943335676_318,133.18234810890326,114.86550687386465,99.86550687386465,1.3246402652845255,10,4.956355975888789,Moto,Windy,High,Urban,True,0,1,0,591.3063943335676,701.1719012074323,Aumento_Velocidade,1
pedido_663.7952539824452_361,41.80750512768565,34.388383399158585,34.388383399158585,9.302750301163522,5,4.816235509179861,Moto,Sunny,High,Urban,True,1,1,1,663.7952539824452,703.1836373816037,Nenhuma,1
pedido_581.2769206188119_311,134.17086296971436,133.61836039777472,118.61836039777472,11.762559860562547,5,4.985556315293734,Scooter,Stormy,High,Metropolitian,True,0,1,0,581.2769206188119,704.8952810165866,Aumento_Velocidade,1
pedido_599.0969504894571_324,98.83326677661344,101.02641745475944,101.02641745475944,3.0883875709896333,5,4.634828561974387,Moto,Foggy,Low,Metropolitian,False,0,0,0,599.0969504894571,705.1233679442165,Nenhuma,1
pedido_612.9210111632259_333,98.82193025794518,104.44531164257106,89.44531164257106,3.5106791355777998,5,4.5579527653314615,Moto,Sunny,Jam,Urban,False,0,1,1,612.9210111632259,707.3663228057969,Aumento_Velocidade,1
pedido_698.2728981813217_375,37.49130449340337,0.16947623460672645,0.16947623460672645,6.195546989643176,10,4.867041370097937,Scooter,Sunny,High,Metropolitian,False,1,1,1,698.2728981813217,708.4423744159284,Nenhuma,1
pedido_578.8355515157722_310,139.33224095092257,140.1698382444126,125.1698382444126,18.370793003068677,5,4.4728842836184715,Moto,Stormy,Jam,Urban,False,0,1,0,578.8355515157722,709.0053897601848,Aumento_Velocidade,0
pedido_641.8737540558724_355,102.36065846631101,74.83656475395128,59.83656475395128,7.137392074835499,10,5.0,Scooter,Sunny,Jam,Urban,True,0,1,1,641.8737540558724,711.7103188098237,Aumento_Velocidade,1
pedido_612.8868501581968_332,137.98688202835197,104.91901853986097,89.91901853986097,21.377725695277807,10,4.985933904012627,Moto,Sandstorms,High,Metropolitian,False,0,1,0,612.8868501581968,712.8058686980578,Aumento_Velocidade,1
pedido_601.6176871037006_326,136.89338650105202,117.803261133611,102.803261133611,5.921158377421638,10,4.503887927694902,Moto,Windy,Medium,Metropolitian,True,0,0,0,601.6176871037006,714.4209482373117,Rota_Reduzida,1
pedido_639.4616501585464_351,101.18526261474919,77.08118522857555,62.08118522857555,4.5505195264726055,15,4.59523290490167,Moto,Sunny,Jam,Urban,True,0,1,1,639.4616501585464,716.542835387122,Aumento_Velocidade,1
pedido_597.7594146797163_323,132.42649540217445,119.45184295732565,104.45184295732565,5.457423943972852,15,4.981564462283066,Scooter,Windy,High,Metropolitian,False,0,1,0,597.7594146797163,717.211257637042,Aumento_Velocidade,1
pedido_597.5707344646271_322,120.97949541322133,115.0860042549422,115.0860042549422,12.246452925220877,5,4.537473655434505,Moto,Sunny,Low,Urban,False,0,0,1,597.5707344646271,717.6567387195693,Nenhuma,1
pedido_608.0825556753882_329,134.9728720556151,118.54730738193604,103.54730738193604,12.763583762790372,10,4.879900003150809,Scooter,Windy,Medium,Metropolitian,False,0,0,0,608.0825556753882,721.6298630573242,Rota_Reduzida,1
pedido_600.0752821600815_325,140.25509633782895,129.13996209698598,114.13996209698598,11.48881658359388,10,4.813936215775993,Moto,Foggy,High,Metropolitian,False,0,1,0,600.0752821600815,724.2152442570675,Aumento_Velocidade,1
pedido_539.6129513761923_283,188.88491166689906,190.11335449702509,175.11335449702509,11.100410339994607,10,4.303806710922605,Moto,Foggy,High,Metropolitian,False,0,1,0,539.6129513761923,724.7263058732174,Aumento_Velocidade,0
pedido_602.8654006167328_327,133.05681345996058,128.38418928696115,113.38418928696115,0.6192860270880418,10,4.8700652862493286,Scooter,Sandstorms,High,Urban,False,0,1,0,602.8654006167328,726.249589903694,Aumento_Velocidade,1
pedido_589.1042199108167_316,137.99777152482864,142.44030501857466,127.44030501857466,5.490960410149215,10,4.561400769718067,Scooter,Windy,Medium,Metropolitian,True,0,0,0,589.1042199108167,726.5445249293914,Rota_Reduzida,0
pedido_565.6768362444415_304,189.15858148515187,162.60650062207867,147.60650062207867,6.084393254475794,15,4.149065566524728,Moto,Sunny,Jam,Metropolitian,False,0,1,1,565.6768362444415,728.2833368665201,Aumento_Velocidade,0
pedido_616.8741803379187_339,100.82458611670356,97.51323773821036,97.51323773821036,9.986701950323722,15,4.623852240335186,Moto,Sandstorms,Low,Metropolitian,True,0,0,0,616.8741803379187,729.387418076129,Nenhuma,1
pedido_613.9647061460898_335,136.19873055618098,116.88469604124293,101.88469604124293,4.553793122735155,15,4.501644733232628,Scooter,Windy,Medium,Metropolitian,False,0,0,0,613.9647061460898,730.8494021873328,Rota_Reduzida,1
pedido_594.042768556453_320,126.80849379585489,123.9351356084886,123.9351356084886,4.0227073681423215,15,4.567379544177785,Van,Stormy,High,Metropolitian,True,0,1,0,594.042768556453,732.9779041649416,Nenhuma,0
pedido_640.2434081502391_353,95.73633023881752,93.30895488438851,78.30895488438851,6.517382718181947,15,4.786908732153188,Moto,Sunny,Medium,Metropolitian,False,0,0,1,640.2434081502391,733.5523630346277,Rota_Reduzida,1
pedido_612.3070610521927_330,146.40741446314007,122.8594376738715,107.8594376738715,21.055064087744206,15,4.717381839915339,Moto,Foggy,High,Metropolitian,True,0,1,0,612.3070610521927,735.1664987260642,Aumento_Velocidade,1
pedido_616.685305495236_338,128.93982935838574,119.0279159272998,104.0279159272998,4.5443724302639446,15,4.559189126466628,Moto,Windy,High,Metropolitian,True,0,1,0,616.685305495236,735.7132214225358,Aumento_Velocidade,1
pedido_661.2544913918808_360,99.51106394489742,75.35265321041278,60.35265321041278,1.1843757163414539,15,4.873866376179553,Scooter,Sunny,Jam,Metropolitian,False,0,1,1,661.2544913918808,736.6071446022936,Aumento_Velocidade,1
pedido_629.9437681590625_345,126.80135057522834,119.07219907538312,104.07219907538312,7.508059200486963,5,4.9078276236504745,Scooter,Windy,Jam,Metropolitian,False,0,1,0,629.9437681590625,739.0159672344456,Aumento_Velocidade,1
pedido_633.9566000710055_347,102.48124378961619,101.01806091723694,101.01806091723694,15.009852785475115,5,4.942071901718833,Moto,Stormy,Low,Urban,False,0,0,0,633.9566000710055,739.9746609882425,Nenhuma,1
pedido_678.195963314033_367,43.332708937784986,50.35868099272564,50.35868099272564,12.102960162513996,15,4.574275288064077,Moto,Sunny,High,Metropolitian,True,1,1,1,678.195963314033,743.5546443067586,Nenhuma,1
pedido_587.2927861176435_315,170.2637457176883,162.1402846281822,147.1402846281822,0.0,10,4.286698104204,Moto,Sandstorms,High,Metropolitian,False,0,1,0,587.2927861176435,744.4330707458257,Aumento_Velocidade,0
pedido_636.8542959753453_350,130.08175218954494,119.45476701066255,104.45476701066255,9.329475584267108,5,4.762777362769996,Scooter,Foggy,Jam,Metropolitian,False,0,1,0,636.8542959753453,746.3090629860078,Aumento_Velocidade,1
pedido_624.3679337072699_341,132.36481215780856,133.86557513909233,118.86557513909233,3.4750547688809936,5,4.689932708460736,Scooter,Sandstorms,High,Metropolitian,False,0,1,0,624.3679337072699,748.2335088463623,Aumento_Velocidade,1
pedido_697.1195534658127_374,53.07202623318787,46.898452557226165,46.898452557226165,9.041735757918453,5,4.91279726398036,Scooter,Sandstorms,Medium,Metropolitian,False,1,0,0,697.1195534658127,749.0180060230389,Nenhuma,1
pedido_678.8347293258954_368,99.30042424836687,83.07489138382975,68.07489138382975,9.192785251724455,5,4.7650987074534665,Moto,Sunny,Jam,Urban,True,0,1,1,678.8347293258954,751.9096207097251,Aumento_Velocidade,1
pedido_558.55803068942_296,189.90642348160566,204.59893542097836,189.59893542097836,0.5379100198048921,5,4.3930531369529735,Scooter,Sunny,High,Metropolitian,False,0,1,1,558.55803068942,753.1569661103983,Aumento_Velocidade,0
pedido_648.6868088092375_357,131.24959913617099,109.54822650806474,94.54822650806474,6.739394683627923,10,4.464155020496235,Scooter,Sandstorms,High,Urban,False,0,1,0,648.6868088092375,753.2350353173023,Aumento_Velocidade,1
pedido_626.6954452713408_342,132.49103640531567,137.6244005808355,122.6244005808355,8.561995144510897,5,4.917500706597785,Moto,Foggy,High,Urban,False,0,1,0,626.6954452713408,754.3198458521763,Aumento_Velocidade,0
pedido_641.1314032107471_354,137.11224460204926,114.02596106355205,99.02596106355205,15.048085663120345,15,4.559378603348046,Moto,Windy,Medium,Metropolitian,True,0,0,0,641.1314032107471,755.1573642742991,Rota_Reduzida,1
pedido_586.5439510342613_314,176.67163733376407,179.0076031082917,164.0076031082917,5.773192966623662,5,4.385911452900455,Moto,Windy,Jam,Metropolitian,False,0,1,0,586.5439510342613,755.5515541425531,Aumento_Velocidade,0
pedido_680.4297615470814_369,95.89387281739083,88.18241521160112,73.18241521160112,7.730865023068268,5,5.0,Scooter,Sunny,High,Metropolitian,False,0,1,1,680.4297615470814,758.6121767586825,Aumento_Velocidade,1
pedido_644.7812935714724_356,133.7629571977518,121.93297781767143,106.93297781767143,18.2703681869101,10,4.4556626372586,Moto,Windy,High,Urban,False,0,1,0,644.7812935714724,761.7142713891437,Aumento_Velocidade,1
pedido_712.9929942927585_380,43.51538800054836,39.1561285628747,39.1561285628747,14.851536550796405,10,4.778035141339779,Scooter,Stormy,High,Metropolitian,False,1,1,0,712.9929942927585,762.1491228556331,Nenhuma,1
pedido_675.714341792335_366,127.09381212290116,86.5749434588275,71.5749434588275,0.0,15,4.803898520867822,Scooter,Stormy,High,Metropolitian,False,0,1,0,675.714341792335,762.2892852511625,Aumento_Velocidade,1
pedido_636.3202115868329_348,140.80381085995367,134.31337962587045,119.31337962587045,11.133589541348819,10,4.5309862711861015,Moto,Foggy,High,Urban,False,0,1,0,636.3202115868329,765.6335912127033,Aumento_Velocidade,1
pedido_629.2568635544247_344,145.02717252855865,146.92265302284446,131.92265302284446,12.1023328591888,5,4.523346896555921,Scooter,Foggy,High,Urban,True,0,1,0,629.2568635544247,766.1795165772692,Aumento_Velocidade,0
pedido_596.2122234572271_321,186.57424190428625,171.40709762662223,156.40709762662223,13.884029139457107,15,4.365194561271361,Scooter,Stormy,High,Metropolitian,False,0,1,0,596.2122234572271,767.6193210838493,Aumento_Velocidade,0
pedido_584.4255621329003_312,189.57142984561247,183.42057996271657,168.42057996271657,14.652114762592666,15,4.361731419798463,Moto,Foggy,High,Metropolitian,False,0,1,0,584.4255621329003,767.8461420956169,Aumento_Velocidade,0
pedido_655.4639826520483_358,128.30693793262208,121.09680645500853,106.09680645500853,4.517315708844755,10,4.795427730278735,Scooter,Stormy,Jam,Metropolitian,True,0,1,0,655.4639826520483,771.5607891070568,Aumento_Velocidade,1
pedido_666.2626557709218_362,133.4276074477385,110.63236726281573,95.63236726281573,4.036735345278609,10,4.6865484768255685,Moto,Stormy,Medium,Urban,False,0,0,0,666.2626557709218,771.8950230337375,Rota_Reduzida,1
pedido_660.7082251944199_359,127.77893736758784,124.87754960680218,109.87754960680218,6.252632560446912,5,4.624893454365039,Scooter,Sandstorms,Jam,Metropolitian,False,0,1,0,660.7082251944199,775.5857748012221,Aumento_Velocidade,1
pedido_614.8156539444417_336,175.6158435234842,175.69235822534577,160.69235822534577,6.451435925932147,5,4.426229193256487,Scooter,Sandstorms,High,Metropolitian,True,0,1,0,614.8156539444417,780.5080121697874,Aumento_Velocidade,0
pedido_628.7229102783638_343,174.82854998839298,163.58650568288746,148.58650568288746,6.62755260961202,5,4.254570452666489,Scooter,Stormy,High,Urban,False,0,1,0,628.7229102783638,782.3094159612513,Aumento_Velocidade,0
pedido_695.4775831652414_373,101.57229113235952,98.68566736502633,83.68566736502633,13.727909251144832,5,4.583168432678219,Moto,Sunny,High,Metropolitian,False,0,1,1,695.4775831652414,784.1632505302678,Aumento_Velocidade,1
pedido_667.428561476209_363,130.64658772735189,127.68053177942835,112.68053177942835,14.497929585017955,10,4.723569578007712,Scooter,Stormy,High,Metropolitian,True,0,1,0,667.428561476209,790.1090932556374,Aumento_Velocidade,1
pedido_714.5492585256171_381,101.84043561517271,87.06456203212971,72.06456203212971,16.19701228744447,5,4.798928400952055,Scooter,Sunny,High,Metropolitian,False,0,1,1,714.5492585256171,791.6138205577469,Aumento_Velocidade,1
pedido_667.8273126438683_364,125.74057415655277,134.36233938616982,119.36233938616982,6.488630566105909,5,4.874967500080237,Scooter,Foggy,Medium,Metropolitian,False,0,0,0,667.8273126438683,792.1896520300381,Rota_Reduzida,1
pedido_672.2219834081005_365,131.1071234059639,137.18928883440987,122.18928883440987,9.291223282010005,5,4.866848539840841,Moto,Windy,Jam,Metropolitian,False,0,1,0,672.2219834081005,799.4112722425104,Aumento_Velocidade,0
pedido_636.6956086757076_349,144.99337744883758,153.16012350083318,153.16012350083318,13.904839965114428,10,4.528858617691207,Van,Sandstorms,Jam,Urban,True,0,1,0,636.6956086757076,799.8557321765408,Nenhuma,0
pedido_686.3749620200398_370,137.6991703477411,124.50085535334114,109.50085535334114,5.3633847103504815,10,4.7004807003345785,Moto,Windy,Medium,Metropolitian,True,0,0,0,686.3749620200398,805.8758173733809,Rota_Reduzida,1
pedido_698.6922468479132_376,140.15727878894708,122.13577249882213,107.13577249882213,15.677367815148811,5,4.725149061548228,Scooter,Sandstorms,Jam,Metropolitian,False,0,1,0,698.6922468479132,810.8280193467353,Aumento_Velocidade,1
pedido_693.9199906652896_372,134.87690858789992,130.03269650223095,115.03269650223095,19.569513006523426,5,4.7001498303150875,Moto,Sandstorms,High,Metropolitian,False,0,1,0,693.9199906652896,813.9526871675205,Aumento_Velocidade,1
pedido_743.0935707430191_396,98.14802361612992,72.14202059798275,57.14202059798275,3.1293084444823758,15,4.649378806189621,Moto,Sunny,High,Urban,False,0,1,1,743.0935707430191,815.2355913410019,Aumento_Velocidade,1
pedido_715.4542910742161_382,123.3960283444196,100.27091096570513,85.27091096570513,4.290353214039926,15,4.625779793386062,Moto,Stormy,Jam,Urban,False,0,1,0,715.4542910742161,815.7252020399212,Aumento_Velocidade,1
pedido_710.5722339848276_379,130.69816254709806,106.94475261817742,91.94475261817742,2.3892057002801987,15,4.470143281410194,Scooter,Sandstorms,High,Urban,False,0,1,0,710.5722339848276,817.516986603005,Aumento_Velocidade,1
pedido_725.8084859186212_388,112.50817208302371,99.39709552538366,84.39709552538366,25.050529329438014,10,4.863890613645486,Scooter,Sunny,Jam,Metropolitian,False,0,1,1,725.8084859186212,820.2055814440048,Aumento_Velocidade,1
pedido_746.9278507850936_399,95.5788166304276,75.30263761158909,60.30263761158909,6.8763773900447385,15,4.589787732198569,Moto,Sunny,High,Metropolitian,False,0,1,1,746.9278507850936,822.2304883966826,Aumento_Velocidade,1
pedido_739.8604643341195_394,98.81217428562465,77.37835445632581,77.37835445632581,8.41049836205137,5,4.726914252457867,Scooter,Foggy,Low,Metropolitian,False,0,0,0,739.8604643341195,822.2388187904453,Nenhuma,1
pedido_737.1172768403935_393,97.49009431361574,89.7071956088337,74.7071956088337,3.3522743896085663,15,4.679877198554563,Moto,Sunny,High,Metropolitian,False,0,1,1,737.1172768403935,826.8244724492272,Aumento_Velocidade,1
pedido_722.9825189843001_387,133.65866179184164,104.26305039552506,89.26305039552506,7.97161581704129,15,4.703291307727051,Moto,Sandstorms,Medium,Urban,False,0,0,0,722.9825189843001,827.2455693798252,Rota_Reduzida,1
pedido_705.0603156783428_377,133.49846318068467,134.030860503299,119.03086050329901,15.255169344002281,5,4.8937621876277335,Scooter,Windy,High,Metropolitian,False,0,1,0,705.0603156783428,829.0911761816418,Aumento_Velocidade,1
pedido_716.6033130432698_383,136.11804812989126,116.25167004441371,101.25167004441371,6.98502405764007,15,5.0,Moto,Foggy,High,Metropolitian,False,0,1,0,716.6033130432698,832.8549830876835,Aumento_Velocidade,1
pedido_726.3178832258038_389,126.05047911100735,112.96223558089747,92.96223558089747,15.070336238192727,15,4.712727917138483,Moto,Sandstorms,High,Other,True,0,1,0,726.3178832258038,834.2801188067012,Rota_Reduzida,1
pedido_717.8574331266009_384,135.49407777774366,121.05591511352847,106.05591511352847,7.822162359800482,15,4.972806455807929,Scooter,Windy,High,Metropolitian,False,0,1,0,717.8574331266009,838.9133482401294,Aumento_Velocidade,1
pedido_735.3035683189729_392,133.33321208282584,104.81736717684221,89.81736717684221,12.252493241096325,15,4.651227361554819,Moto,Windy,High,Metropolitian,False,0,1,0,735.3035683189729,840.1209354958152,Aumento_Velocidade,1
pedido_722.3737802401051_386,142.64710763489083,132.1976724314553,117.19767243145529,19.85769771128404,5,4.717686930863367,Scooter,Foggy,High,Urban,False,0,1,0,722.3737802401051,844.5714526715605,Aumento_Velocidade,1
pedido_728.7319468705377_390,134.77286345908075,122.44704509194534,107.44704509194534,12.372398919929694,10,4.47778856968772,Scooter,Windy,High,Metropolitian,True,0,1,0,728.7319468705377,846.1789919624831,Aumento_Velocidade,1
pedido_743.475014554602_397,134.87988846989217,110.6242610181963,95.6242610181963,0.514688178414989,15,4.7964714770823935,Moto,Foggy,High,Metropolitian,False,0,1,0,743.475014554602,854.0992755727983,Aumento_Velocidade,1
pedido_721.1347121047124_385,141.8150411933179,134.44392359939323,119.44392359939323,14.342015698870524,15,5.0,Scooter,Sandstorms,Jam,Metropolitian,False,0,1,0,721.1347121047124,855.5786357041056,Aumento_Velocidade,1
pedido_774.4917753751429_412,98.71650902594666,96.37759632008478,81.37759632008478,5.495818157021692,5,4.58487172136518,Moto,Sunny,High,Urban,False,0,1,1,774.4917753751429,860.8693716952276,Aumento_Velocidade,1
pedido_739.8906640209133_395,135.4434449824078,122.54909296065014,107.54909296065014,12.710195122343766,15,4.880104909138449,Moto,Windy,Jam,Metropolitian,False,0,1,0,739.8906640209133,862.4397569815634,Aumento_Velocidade,1
pedido_773.0582239937199_411,100.09444160993549,94.6365607387632,79.6365607387632,11.602320102987392,10,4.631779424505659,Moto,Sunny,Medium,Metropolitian,False,0,0,1,773.0582239937199,862.6947847324832,Rota_Reduzida,1
pedido_784.3904969363941_416,99.361179686017,78.44639889984025,63.44639889984025,3.0399120335379597,15,4.866668744410982,Moto,Sunny,Jam,Metropolitian,False,0,1,1,784.3904969363941,862.8368958362344,Aumento_Velocidade,1
pedido_769.0362877678117_409,132.02274868357563,94.68167366207659,79.68167366207659,2.5727616232668478,15,4.745450542316889,Moto,Sandstorms,High,Metropolitian,False,0,1,0,769.0362877678117,863.7179614298883,Aumento_Velocidade,1
pedido_750.4824226937504_400,131.98738227142172,125.85313546840294,110.85313546840294,2.507020766841824,5,4.4545083485357315,Scooter,Foggy,High,Metropolitian,False,0,1,0,750.4824226937504,866.3355581621533,Aumento_Velocidade,1
pedido_820.9751854283012_431,43.650409490285554,36.579743256216844,36.579743256216844,7.783206918572493,10,5.0,Moto,Windy,High,Metropolitian,False,1,1,0,820.9751854283012,867.554928684518,Nenhuma,1
pedido_787.9842378930737_418,97.49009431361574,75.4699123746021,75.4699123746021,3.466925843745691,5,4.696240238992686,Van,Sunny,High,Metropolitian,False,0,1,1,787.9842378930737,868.4541502676758,Nenhuma,1
pedido_691.9797220566833_371,174.60823739665628,166.8647629829645,166.8647629829645,3.6601111475245545,10,4.359695809866732,Van,Windy,Medium,Metropolitian,False,0,0,0,691.9797220566833,868.8444850396478,Nenhuma,0
pedido_734.2407354671925_391,133.77939199216166,141.04085533731802,126.04085533731802,8.647223784267752,10,4.648371249443429,Scooter,Windy,High,Urban,False,0,1,0,734.2407354671925,870.2815908045105,Aumento_Velocidade,0
pedido_758.5597355690866_404,130.22115973519726,113.13562448343146,98.13562448343146,15.138002295059078,15,4.807669218632262,Moto,Stormy,High,Metropolitian,True,0,1,0,758.5597355690866,871.695360052518,Aumento_Velocidade,1
pedido_707.3321264852232_378,172.74021619770895,157.89780517214956,157.89780517214956,4.934744648676096,10,4.315596597023779,Van,Stormy,Medium,Urban,False,0,0,0,707.3321264852232,875.2299316573727,Nenhuma,0
pedido_791.0277812211353_419,124.138109347723,97.19392401722367,82.19392401722367,1.6793311011637018,5,4.695984468264873,Moto,Sandstorms,Jam,Metropolitian,False,0,1,0,791.0277812211353,878.221705238359,Aumento_Velocidade,1
pedido_796.8247832180796_422,94.98859749962307,74.00039411357238,74.00039411357238,3.4431964352728084,10,5.0,Scooter,Sunny,Low,Urban,False,0,0,1,796.8247832180796,880.825177331652,Nenhuma,1
pedido_754.0058197288654_401,132.54299494031875,138.1522467724496,123.15224677244959,4.548864191939681,5,4.462095117530354,Moto,Foggy,High,Metropolitian,False,0,1,0,754.0058197288654,882.158066501315,Aumento_Velocidade,0
pedido_764.1443472519871_406,129.19918431998997,121.44960184359994,106.44960184359994,16.985809918251558,15,4.655412913620431,Moto,Stormy,High,Metropolitian,False,0,1,0,764.1443472519871,885.593949095587,Aumento_Velocidade,1
pedido_779.6090101336732_415,126.58681308644648,111.3109298051652,96.3109298051652,1.5912354178479582,10,4.739040387741461,Moto,Windy,Jam,Urban,False,0,1,0,779.6090101336732,885.9199399388384,Aumento_Velocidade,1
pedido_754.4028949321963_402,134.89431514508453,132.33842456473755,117.33842456473755,16.21815586240419,15,4.461399852035109,Moto,Windy,Medium,Metropolitian,False,0,0,0,754.4028949321963,886.7413194969339,Rota_Reduzida,1
pedido_770.7920089769798_410,102.13348205667589,113.64212787366752,113.64212787366752,13.345886996025321,5,4.771543349070391,Moto,Stormy,Low,Urban,False,0,0,0,770.7920089769798,889.4341368506473,Nenhuma,1
pedido_768.4861660404555_408,128.7909323651494,130.98601350689782,115.98601350689782,9.790895081395671,5,4.6123645972731655,Scooter,Foggy,Medium,Metropolitian,False,0,0,0,768.4861660404555,889.4721795473533,Rota_Reduzida,1
pedido_766.6038156922949_407,132.65488063328652,135.74552328584545,120.74552328584545,3.7609978333763676,5,4.884214405965195,Moto,Sandstorms,High,Metropolitian,False,0,1,0,766.6038156922949,892.3493389781404,Aumento_Velocidade,0
pedido_786.1651328621753_417,130.142437491438,118.004556986153,103.004556986153,6.41393947075175,5,4.454740739559027,Moto,Windy,High,Urban,False,0,1,0,786.1651328621753,894.1696898483283,Aumento_Velocidade,1
pedido_795.7926634793639_421,122.73902877897132,88.43302656234945,88.43302656234945,1.8769547506077138,15,4.457944080439789,Van,Sandstorms,Jam,Metropolitian,False,0,1,0,795.7926634793639,899.2256900417134,Nenhuma,1
pedido_760.3897598873423_405,127.57638294732693,139.30977603991184,124.30977603991184,7.82414028511051,15,4.622905228592037,Moto,Stormy,Jam,Metropolitian,False,0,1,0,760.3897598873423,899.6995359272541,Aumento_Velocidade,0
pedido_776.8231667348667_414,100.93881382886694,120.29124724276133,120.29124724276133,4.5298734718155576,5,4.755193863494811,Scooter,Stormy,Low,Urban,False,0,0,0,776.8231667348667,902.114413977628,Nenhuma,0
pedido_746.7170556542058_398,180.26293680866894,160.38989296108662,145.38989296108662,8.275327202390871,15,4.449082704520714,Moto,Foggy,Jam,Metropolitian,False,0,1,0,746.7170556542058,907.1069486152924,Aumento_Velocidade,0
pedido_793.0054171687251_420,134.68446683212727,124.84912549821544,109.84912549821544,14.102899613560357,5,4.562580253950643,Scooter,Sandstorms,High,Metropolitian,False,0,1,0,793.0054171687251,907.8545426669406,Aumento_Velocidade,1
pedido_814.8007074299923_426,131.68252913169783,95.16293818803092,80.16293818803092,4.000858925687644,15,4.622323707747431,Moto,Windy,High,Urban,False,0,1,0,814.8007074299923,909.9636456180232,Aumento_Velocidade,1
pedido_758.4999563021879_403,175.48854415316063,163.96250183503955,148.96250183503955,1.7853069769811802,10,4.403151489629261,Moto,Foggy,High,Metropolitian,True,0,1,0,758.4999563021879,917.4624581372275,Aumento_Velocidade,0
pedido_843.0697639521212_438,106.77629764158354,82.1433393277419,67.1433393277419,14.39227054652897,10,4.567271187125205,Scooter,Sunny,Medium,Metropolitian,True,0,0,1,843.0697639521212,920.2131032798632,Rota_Reduzida,1
pedido_831.8945159935806_435,127.27301323447846,97.46737858770344,82.46737858770344,5.041084269748064,10,4.551270688963202,Scooter,Stormy,High,Metropolitian,False,0,1,0,831.8945159935806,924.3618945812841,Aumento_Velocidade,1
pedido_809.4847167251882_425,134.7622782102963,120.35382515716512,105.35382515716512,13.717004654197492,10,4.921157333204,Moto,Sandstorms,High,Metropolitian,True,0,1,0,809.4847167251882,924.8385418823533,Aumento_Velocidade,1
pedido_801.4769004794581_424,134.0293638312794,127.21662136801456,112.21662136801456,8.760193731315704,15,4.645783411643801,Scooter,Foggy,High,Metropolitian,False,0,1,0,801.4769004794581,928.6935218474727,Aumento_Velocidade,1
pedido_818.9065297281295_430,128.64689808372484,124.99885380220576,109.99885380220576,8.720103472697062,5,4.7773367139663385,Moto,Stormy,High,Metropolitian,False,0,1,0,818.9065297281295,933.9053835303353,Aumento_Velocidade,1
pedido_890.0633317138386_458,49.580264938373396,29.21028732162459,29.21028732162459,0.0,15,4.554123746585551,Moto,Foggy,High,Metropolitian,True,1,1,0,890.0633317138386,934.2736190354632,Nenhuma,1
pedido_815.4547530656645_428,132.36481215780856,128.95359617425834,113.95359617425834,3.8515604925176925,5,4.67106709413259,Moto,Sandstorms,High,Metropolitian,False,0,1,0,815.4547530656645,934.4083492399228,Aumento_Velocidade,1
pedido_815.7248897149127_429,136.8356799777365,128.1508072513185,113.1508072513185,12.324006450961596,10,4.553134971555365,Scooter,Windy,Jam,Metropolitian,False,0,1,0,815.7248897149127,938.8756969662312,Aumento_Velocidade,1
pedido_846.7362182530048_439,126.55100793384632,95.33340636120329,80.33340636120329,5.210654648491714,15,4.622877940780157,Moto,Stormy,High,Metropolitian,True,0,1,0,846.7362182530048,942.0696246142081,Aumento_Velocidade,1
pedido_822.5768939077874_432,134.20702046845372,130.09719975499718,115.09719975499718,14.322085783840723,5,4.663762641009735,Scooter,Sandstorms,High,Metropolitian,False,0,1,0,822.5768939077874,942.6740936627846,Aumento_Velocidade,1
pedido_815.1582078270135_427,131.38633283273745,124.54501275320729,124.54501275320729,8.620379198438513,5,4.851655469416157,Van,Foggy,Jam,Metropolitian,True,0,1,0,815.1582078270135,944.7032205802208,Nenhuma,0
pedido_827.2227178818702_434,136.31247243915342,125.6949863893337,110.6949863893337,8.026407338261658,10,4.975638895934602,Moto,Windy,Jam,Metropolitian,True,0,1,0,827.2227178818702,947.9177042712039,Aumento_Velocidade,1
pedido_776.3208937500469_413,188.43306024546294,191.4831444169824,176.4831444169824,13.471285740899226,5,4.4455554478906825,Moto,Windy,Medium,Metropolitian,False,0,0,0,776.3208937500469,957.8040381670294,Rota_Reduzida,0
pedido_868.298077953276_449,102.58424060468982,99.1046823362112,84.1046823362112,16.223508258271124,10,4.983032825728538,Moto,Sunny,Medium,Metropolitian,False,0,0,1,868.298077953276,962.4027602894872,Rota_Reduzida,1
pedido_796.8574678136889_423,178.32235462636493,159.4812259305756,159.4812259305756,6.470234443957663,10,4.429906999910782,Van,Foggy,High,Metropolitian,False,0,1,0,796.8574678136889,966.3386937442644,Nenhuma,0
pedido_858.0540669256537_445,101.2928352636038,98.05160781520962,98.05160781520962,7.56893078341547,15,4.920817592564708,Moto,Sandstorms,Low,Metropolitian,False,0,0,0,858.0540669256537,971.1056747408634,Nenhuma,1
pedido_888.9995747536444_456,105.19975107848433,92.3252455006169,77.3252455006169,15.717430900517058,5,4.634923964707942,Moto,Sunny,High,Metropolitian,True,0,1,1,888.9995747536444,971.3248202542613,Aumento_Velocidade,1
pedido_856.2741434134011_444,131.47357163045365,125.68408833727804,110.68408833727804,4.346485434523193,5,4.773835725162375,Scooter,Windy,High,Metropolitian,False,0,1,0,856.2741434134011,971.9582317506791,Aumento_Velocidade,1
pedido_856.1517108424275_443,126.12933340011176,122.04928907360912,107.04928907360912,4.807043450255677,10,4.549472814484152,Moto,Sandstorms,Jam,Metropolitian,False,0,1,0,856.1517108424275,973.2009999160366,Aumento_Velocidade,1
pedido_878.4028955278869_450,99.25953004060266,96.66412580334813,81.66412580334813,5.568069527969052,15,4.78358887446421,Moto,Sunny,High,Metropolitian,True,0,1,1,878.4028955278869,975.0670213312351,Aumento_Velocidade,1
pedido_853.52119852405_441,132.83225952499396,124.76283046576188,109.76283046576188,6.924066799373381,15,4.75101927771614,Scooter,Foggy,High,Metropolitian,False,0,1,0,853.52119852405,978.2840289898119,Aumento_Velocidade,1
pedido_858.2978298668659_446,133.17404754403023,132.869320230545,117.86932023054499,12.325371846843423,5,4.4843899904679,Scooter,Windy,High,Metropolitian,False,0,1,0,858.2978298668659,981.1671500974109,Aumento_Velocidade,1
pedido_833.0997021280579_436,135.06828144650794,137.57896049689361,137.57896049689361,15.422266972171295,15,4.884229835862096,Van,Windy,Jam,Metropolitian,False,0,1,0,833.0997021280579,985.6786626249515,Nenhuma,0
pedido_889.3375414136492_457,126.35659703130803,99.61845547233541,84.61845547233541,7.168211600343995,15,4.749089520716471,Moto,Foggy,Medium,Metropolitian,True,0,0,0,889.3375414136492,988.9559968859846,Rota_Reduzida,1
pedido_862.1849432945023_448,149.71219517012563,140.95453518391838,125.95453518391838,11.737448227243439,5,4.8527985973350685,Moto,Foggy,Jam,Metropolitian,False,0,1,0,862.1849432945023,993.1394784784206,Aumento_Velocidade,0
pedido_909.7127838604978_470,102.09363819139216,74.4500492992608,74.4500492992608,4.782055922966167,10,4.870481255408994,Moto,Sandstorms,Low,Metropolitian,True,0,0,0,909.7127838604978,994.1628331597585,Nenhuma,1
pedido_896.9428502846912_462,130.99333422169627,110.36546020312778,95.36546020312778,8.489032136822,5,4.666434270658847,Scooter,Sandstorms,High,Metropolitian,True,0,1,0,896.9428502846912,997.308310487819,Aumento_Velocidade,1
pedido_914.6057401182215_473,108.84474384942699,85.4255355196938,70.4255355196938,19.282166755464868,15,4.738703632306943,Moto,Sunny,Jam,Metropolitian,False,0,1,1,914.6057401182215,1000.0312756379153,Aumento_Velocidade,1
pedido_895.64075498809_461,99.50766551819885,90.94495907227729,90.94495907227729,4.646768513832148,15,4.7609401445009105,Moto,Foggy,Low,Metropolitian,True,0,0,0,895.64075498809,1001.5857140603672,Nenhuma,1
pedido_893.6712470755792_460,132.65986019653798,108.55636313499218,93.55636313499218,3.4303197523311884,15,4.779323359189227,Moto,Sandstorms,High,Metropolitian,False,0,1,0,893.6712470755792,1002.2276102105714,Aumento_Velocidade,1
pedido_901.3653861227973_467,101.84043561517271,111.51320062589177,96.51320062589177,16.343255051022886,5,4.802646382075677,Moto,Sunny,High,Metropolitian,False,0,1,1,901.3653861227973,1002.878586748689,Aumento_Velocidade,1
pedido_915.0718016875825_474,102.78555991166621,83.96204821329681,83.96204821329681,8.433828386517819,5,4.641880995710853,Moto,Stormy,Low,Metropolitian,False,0,0,0,915.0718016875825,1004.0338499008793,Nenhuma,1
pedido_885.8851256164778_455,144.88775129769147,129.83269726357074,114.83269726357074,19.219556132226966,10,4.836236888272963,Moto,Foggy,High,Metropolitian,True,0,1,0,885.8851256164778,1010.7178228800485,Aumento_Velocidade,1
pedido_906.8999899519167_469,126.58681308644648,114.45293969186199,99.45293969186199,2.6940604703839974,5,4.712552094343094,Scooter,Windy,Jam,Urban,False,0,1,0,906.8999899519167,1011.3529296437787,Aumento_Velocidade,1
pedido_884.1877669203436_454,128.1243542344259,137.7390398596555,122.73903985965549,10.06269347872862,5,4.467411214768034,Scooter,Stormy,High,Metropolitian,False,0,1,0,884.1877669203436,1011.9268067799991,Aumento_Velocidade,0
pedido_833.202777755111_437,188.55345101485022,188.98994871321,173.98994871321,14.396582522237512,5,4.336126856824411,Scooter,Foggy,High,Metropolitian,False,0,1,0,833.202777755111,1012.192726468321,Aumento_Velocidade,0
pedido_921.5289298523466_478,99.61710174915417,88.15071201439429,88.15071201439429,10.122407697923585,5,4.938801685447908,Moto,Stormy,Low,Semi-Urban,True,0,0,0,921.5289298523466,1014.6796418667409,Nenhuma,1
pedido_881.4546898484556_452,133.17641874363258,138.96640720053384,123.96640720053384,15.388940137129344,10,4.692507762735891,Moto,Stormy,Jam,Metropolitian,False,0,1,0,881.4546898484556,1015.4210970489894,Aumento_Velocidade,0
pedido_823.5319566063546_433,203.23781460907847,194.01287786760577,179.01287786760577,20.732736198605068,15,4.308159937556047,Moto,Foggy,Jam,Urban,False,0,1,0,823.5319566063546,1017.5448344739603,Aumento_Velocidade,0
pedido_855.5358163547935_442,174.84276655669083,167.40154962052486,152.40154962052486,7.647189847395415,10,4.425980048746224,Moto,Windy,High,Metropolitian,False,0,1,0,855.5358163547935,1017.9373659753184,Aumento_Velocidade,0
pedido_893.0247851023208_459,133.783626981442,131.3674114295747,116.3674114295747,13.252121824536223,10,4.6163424967426945,Scooter,Windy,High,Metropolitian,False,0,1,0,893.0247851023208,1019.3921965318955,Aumento_Velocidade,1
pedido_860.2431021516594_447,170.44128794399364,169.73039667805205,154.73039667805205,3.2075264018634817,5,4.260311400886321,Scooter,Sandstorms,Medium,Urban,False,0,0,0,860.2431021516594,1019.9734988297114,Rota_Reduzida,0
pedido_898.4677826544249_465,134.395863166035,109.2901957885482,109.2901957885482,20.04346725853201,15,4.73754306650227,Van,Stormy,Medium,Metropolitian,True,0,0,0,898.4677826544249,1022.7579784429731,Nenhuma,1
pedido_881.8526525512682_453,140.5760645902447,126.38211855751476,126.38211855751476,17.226105155269288,15,5.0,Van,Windy,High,Metropolitian,True,0,1,0,881.8526525512682,1023.234771108783,Nenhuma,0
pedido_880.1702117552445_451,146.77570586243507,139.75949234538908,139.75949234538908,6.2903283265374865,5,4.303663562204695,Scooter,Sunny,Low,Metropolitian,False,0,0,1,880.1702117552445,1024.9297041006337,Nenhuma,0
pedido_972.0332341327655_497,43.85497891856925,43.430089810262146,43.430089810262146,11.560962989402054,10,4.801581979456913,Van,Foggy,High,Urban,False,1,1,0,972.0332341327655,1025.4633239430277,Nenhuma,1
pedido_853.2471627123336_440,187.88483810410622,183.6376527227781,168.6376527227781,19.938317455649326,5,4.406934933013618,Moto,Windy,Medium,Metropolitian,False,0,0,0,853.2471627123336,1026.8848154351117,Rota_Reduzida,0
pedido_914.4242426780262_472,128.68577041953824,123.62312422970956,108.62312422970956,3.4542692171354563,5,4.980606796615519,Moto,Sandstorms,Jam,Metropolitian,False,0,1,0,914.4242426780262,1028.0473669077357,Aumento_Velocidade,1
pedido_930.5683801406574_481,129.59319809971052,98.59360786241209,83.59360786241209,9.14318725535355,15,4.698988712688018,Scooter,Stormy,High,Urban,False,0,1,0,930.5683801406574,1029.1619880030694,Aumento_Velocidade,1
pedido_897.6313892913734_464,122.31790679284381,141.55833152484936,126.55833152484936,0.0,5,4.925516663695869,Scooter,Stormy,Jam,Metropolitian,False,0,1,0,897.6313892913734,1029.1897208162227,Aumento_Velocidade,0
pedido_915.3542075459916_475,105.85070482378444,99.40981588068374,99.40981588068374,16.903566273928373,15,4.752838496507164,Moto,Windy,Low,Metropolitian,True,0,0,0,915.3542075459916,1029.7640234266753,Nenhuma,1
pedido_947.0467476188394_487,99.52735105208863,88.66534627200619,73.66534627200619,5.377894191172131,10,5.0,Moto,Sunny,High,Metropolitian,False,0,1,1,947.0467476188394,1030.7120938908456,Aumento_Velocidade,1
pedido_910.0010182796253_471,136.7489216016646,120.9512188963551,105.9512188963551,14.486164546971168,15,4.634973260340282,Moto,Sandstorms,Medium,Metropolitian,True,0,0,0,910.0010182796253,1030.9522371759804,Rota_Reduzida,1
pedido_939.1173789631196_483,104.08820945440155,94.52645681197293,79.52645681197293,10.50298712416576,15,4.749848257859295,Scooter,Sunny,High,Metropolitian,True,0,1,1,939.1173789631196,1033.6438357750926,Aumento_Velocidade,1
pedido_926.3891941558797_480,103.5545053379759,94.89060104298645,94.89060104298645,12.36947140603992,15,4.8220362750356776,Moto,Windy,Low,Metropolitian,False,0,0,0,926.3891941558797,1036.2797951988662,Nenhuma,1
pedido_991.2266617791399_506,47.00386692238746,35.83869408357236,35.83869408357236,5.33975007229692,10,4.660939269649492,Moto,Stormy,Jam,Metropolitian,True,1,1,0,991.2266617791399,1037.0653558627123,Nenhuma,1
pedido_917.8201308505425_477,135.66621676078677,130.84206615894422,115.84206615894422,14.878469545102892,5,5.0,Moto,Stormy,Medium,Metropolitian,True,0,0,0,917.8201308505425,1038.6621970094866,Rota_Reduzida,1
pedido_917.2852392181259_476,125.48553855802142,127.13969320768024,107.13969320768024,20.287162279048392,15,4.637455004472885,Moto,Windy,High,Other,False,0,1,0,917.2852392181259,1039.4249324258062,Rota_Reduzida,1
pedido_965.3152330801568_493,101.84043561517271,81.3711338335509,66.3711338335509,15.124134619228922,15,4.771858624094767,Moto,Sunny,High,Urban,False,0,1,1,965.3152330801568,1046.6863669137076,Aumento_Velocidade,1
pedido_956.9556947977163_490,102.97077709614244,96.00841926863085,81.00841926863085,17.2537957174211,10,4.806498951607196,Moto,Sunny,High,Metropolitian,False,0,1,1,956.9556947977163,1047.964114066347,Aumento_Velocidade,1
pedido_897.210392986825_463,141.02275848587644,162.03102581145333,147.03102581145333,11.931970133277746,5,4.683628438892317,Moto,Foggy,High,Urban,False,0,1,0,897.210392986825,1049.2414187982783,Aumento_Velocidade,0
pedido_898.8616162393193_466,167.57780128567896,160.6517593973012,145.6517593973012,16.775779669739464,5,4.426863489406581,Scooter,Sunny,Medium,Metropolitian,True,0,0,1,898.8616162393193,1049.5133756366206,Rota_Reduzida,0
pedido_941.6378844146946_485,131.40379734675707,110.74409928310733,95.74409928310733,6.47995052106554,15,4.895218857749929,Scooter,Windy,High,Metropolitian,False,0,1,0,941.6378844146946,1052.3819836978018,Aumento_Velocidade,1
pedido_903.9442327463288_468,169.0929187714829,149.07455698299995,134.07455698299995,0.48824909186341436,15,4.421619032305935,Moto,Windy,High,Urban,True,0,1,0,903.9442327463288,1053.0187897293288,Aumento_Velocidade,0
pedido_951.6118354767738_488,100.71890639815673,86.44097771478941,86.44097771478941,2.62585141613015,15,4.95788172476956,Moto,Stormy,Low,Metropolitian,False,0,0,0,951.6118354767738,1053.0528131915632,Nenhuma,1
pedido_942.1135070191048_486,133.6914941813261,116.21479798199596,101.21479798199596,9.707080654086331,15,4.575939337385817,Moto,Windy,High,Metropolitian,False,0,1,0,942.1135070191048,1058.3283050011007,Aumento_Velocidade,1
pedido_980.3085735855543_501,96.91904156204706,83.7235427711452,68.7235427711452,0.0,10,4.582084577486947,Moto,Sunny,Medium,Metropolitian,True,0,0,1,980.3085735855543,1059.0321163566996,Rota_Reduzida,1
pedido_957.0620428359337_491,133.04012929077166,108.03936027682248,93.03936027682248,0.0,10,4.583101465773835,Moto,Foggy,High,Metropolitian,True,0,1,0,957.0620428359337,1060.101403112756,Aumento_Velocidade,1
pedido_962.3995929728554_492,95.26763965649413,93.83865616676822,93.83865616676822,6.581528121279435,5,4.688210296940456,Van,Sunny,Medium,Metropolitian,False,0,0,1,962.3995929728554,1061.2382491396236,Nenhuma,1
pedido_969.3089119572699_495,96.38748474856747,103.61167885667395,88.61167885667395,6.060576106341829,5,4.67978045253644,Scooter,Sunny,High,Metropolitian,False,0,1,1,969.3089119572699,1062.9205908139438,Aumento_Velocidade,1
pedido_997.058006033469_509,99.16415110617865,79.98751832619843,64.98751832619843,3.921387278627958,5,4.671972366067811,Moto,Sunny,Jam,Metropolitian,False,0,1,1,997.058006033469,1067.0455243596675,Aumento_Velocidade,1
pedido_937.7494826184702_482,133.3254587288559,140.03618899541684,125.03618899541684,17.481298192411188,5,5.0,Scooter,Stormy,High,Metropolitian,False,0,1,0,937.7494826184702,1067.785671613887,Aumento_Velocidade,0
pedido_1038.9234298448803_533,53.50335420226253,35.180216681614326,35.180216681614326,5.412294876750368,10,4.7506887117332885,Moto,Sandstorms,Medium,Metropolitian,False,1,0,0,1038.9234298448803,1084.1036465264947,Nenhuma,1
pedido_978.5456795017737_498,131.5982592454037,108.1284452905504,93.1284452905504,7.951638026788647,15,4.739371546077787,Moto,Windy,High,Metropolitian,True,0,1,0,978.5456795017737,1086.6741247923242,Aumento_Velocidade,1
pedido_956.5424039255969_489,141.8150411933179,130.3337827619795,115.3337827619795,14.43099785083207,15,5.0,Moto,Sandstorms,Jam,Metropolitian,False,0,1,0,956.5424039255969,1086.8761866875764,Aumento_Velocidade,1
pedido_969.778188907322_496,142.6369205155541,128.1169992316612,113.1169992316612,20.396064703806765,5,4.7890460864225215,Moto,Windy,Jam,Metropolitian,True,0,1,0,969.778188907322,1087.8951881389833,Aumento_Velocidade,1
pedido_1039.4111743596186_534,50.734999138050355,39.11782083331793,39.11782083331793,18.60160403701029,10,4.560872529156843,Moto,Sandstorms,Medium,Metropolitian,False,1,0,0,1039.4111743596186,1088.5289951929365,Nenhuma,1
pedido_968.6864121923777_494,134.4927399598692,131.83459145038378,116.83459145038378,15.016968299508076,5,4.648054487087448,Moto,Windy,High,Metropolitian,True,0,1,0,968.6864121923777,1090.5210036427616,Aumento_Velocidade,1
pedido_1013.5579554390704_523,99.3936246260722,70.95542256919776,70.95542256919776,4.6936564602650055,10,4.6323493363579855,Moto,Foggy,Low,Urban,False,0,0,0,1013.5579554390704,1094.513378008268,Nenhuma,1
pedido_979.6552672267134_500,124.8071018528391,125.55320880574612,110.55320880574612,2.196555883950577,5,4.598220945781041,Scooter,Sandstorms,Jam,Metropolitian,True,0,1,0,979.6552672267134,1095.2084760324594,Aumento_Velocidade,1
pedido_1016.6489905048128_525,99.62715641296285,78.6459776575361,63.64597765753609,4.508329193611602,15,4.6666557755072215,Moto,Sunny,High,Metropolitian,True,0,1,1,1016.6489905048128,1095.294968162349,Aumento_Velocidade,1
pedido_939.734376348674_484,173.93678857889682,161.38677226080253,146.38677226080253,7.5432474399383205,10,4.412659129713678,Moto,Windy,High,Metropolitian,True,0,1,0,939.734376348674,1096.1211486094764,Aumento_Velocidade,0
pedido_925.579330938561_479,188.7465265966113,177.73923552093117,162.73923552093117,13.76602224732476,10,4.370369190901917,Scooter,Foggy,Medium,Metropolitian,True,0,0,0,925.579330938561,1098.318566459492,Rota_Reduzida,0
pedido_979.257289733106_499,132.8083525729057,130.76153081509366,115.76153081509366,7.379904283797297,10,4.667896020219589,Scooter,Foggy,High,Urban,False,0,1,0,979.257289733106,1105.0188205481995,Aumento_Velocidade,1
pedido_1005.8576418230614_517,135.5156847378686,104.86347322477414,89.86347322477414,6.443849610271057,10,4.9246640162434945,Scooter,Windy,Medium,Urban,False,0,0,0,1005.8576418230614,1105.7211150478356,Rota_Reduzida,1
pedido_987.6157219942233_504,133.6377061471819,128.73091492183065,113.73091492183065,11.727202930752282,5,4.923367849795287,Moto,Windy,Medium,Metropolitian,False,0,0,0,987.6157219942233,1106.346636916054,Rota_Reduzida,1
pedido_983.2603904161011_502,141.7036425933285,133.18685341797837,118.18685341797837,10.804888809356083,5,4.923701605667143,Scooter,Foggy,Medium,Metropolitian,False,0,0,0,983.2603904161011,1106.4472438340795,Rota_Reduzida,1
pedido_998.2997682801152_510,127.62446094524606,110.77891242023605,95.77891242023605,5.38409456739047,15,4.554404530286432,Scooter,Stormy,Jam,Urban,False,0,1,0,998.2997682801152,1109.0786807003512,Aumento_Velocidade,1
pedido_992.1965915294193_507,129.6757071529337,122.66544916795911,107.66544916795911,2.8224024706026327,10,4.722081066419189,Moto,Windy,Jam,Urban,True,0,1,0,992.1965915294193,1109.8620406973785,Aumento_Velocidade,1
pedido_986.5184978465174_503,135.06402524673766,138.1699274135351,123.1699274135351,3.626699271159395,5,4.9736361215327385,Moto,Foggy,High,Metropolitian,True,0,1,0,986.5184978465174,1114.6884252600526,Aumento_Velocidade,0
pedido_1004.162912941855_516,134.63699119992754,115.92692191585559,100.92692191585559,3.031679514132301,10,4.900585973825892,Moto,Windy,Medium,Urban,True,0,0,0,1004.162912941855,1115.0898348577107,Rota_Reduzida,1
pedido_1007.6960127612708_518,130.29316619952073,114.51712117671015,99.51712117671015,0.22960981069258768,10,4.765193125553468,Moto,Windy,High,Metropolitian,True,0,1,0,1007.6960127612708,1117.213133937981,Aumento_Velocidade,1
pedido_1003.7321890807847_515,152.77327422364127,113.57711488219033,98.57711488219033,13.840555269537813,15,4.48576028943837,Moto,Foggy,Jam,Metropolitian,False,0,1,0,1003.7321890807847,1117.309303962975,Aumento_Velocidade,1
pedido_1089.6059577580838_561,46.12235319657247,23.038048646314394,23.038048646314394,5.240237517053391,5,4.997812714372625,Moto,Stormy,Jam,Metropolitian,True,1,1,0,1089.6059577580838,1117.6440064043982,Nenhuma,1
pedido_992.4479917410231_508,136.70894907419208,124.44655855582178,124.44655855582178,16.547389674764915,5,4.625876577685306,Van,Sandstorms,Medium,Urban,True,0,0,0,992.4479917410231,1121.894550296845,Nenhuma,0
pedido_1001.0016888469248_511,135.0582334265027,125.95643643908633,110.95643643908633,13.02892256026297,10,4.58824135527052,Moto,Sandstorms,High,Urban,True,0,1,0,1001.0016888469248,1121.9581252860112,Aumento_Velocidade,1
pedido_1001.344611259351_513,144.5843861078225,136.93203407020428,121.93203407020428,21.57092653051635,5,4.557109863224746,Scooter,Foggy,Medium,Urban,False,0,0,0,1001.344611259351,1128.2766453295553,Rota_Reduzida,0
pedido_1086.820236107489_559,45.198357705500136,33.19833668861831,33.19833668861831,11.299647559641986,10,4.474484503182797,Moto,Foggy,High,Metropolitian,False,1,1,0,1086.820236107489,1130.0185727961075,Nenhuma,1
pedido_1045.349683217617_536,109.28223328653203,97.26950987027232,82.26950987027232,13.656181122104408,5,4.512211386498425,Scooter,Sunny,High,Metropolitian,True,0,1,1,1045.349683217617,1132.6191930878892,Aumento_Velocidade,1
pedido_1011.207103522471_521,133.18234810890326,122.9361493520972,107.9361493520972,0.0,15,5.0,Scooter,Windy,High,Urban,True,0,1,0,1011.207103522471,1134.1432528745681,Aumento_Velocidade,1
pedido_1012.5728807537799_522,135.15657944547533,122.94014665329664,107.94014665329664,13.210078297999997,15,4.503250533385583,Scooter,Windy,High,Metropolitian,True,0,1,0,1012.5728807537799,1135.5130274070764,Aumento_Velocidade,1
pedido_1024.2002075614548_528,132.63736341820768,113.41218625574137,98.41218625574137,7.773985702543525,15,4.924262461072839,Scooter,Foggy,High,Metropolitian,True,0,1,0,1024.2002075614548,1137.612393817196,Aumento_Velocidade,1
pedido_1045.7892032394593_537,111.56662640565581,97.39933924869153,82.39933924869153,11.713922668484502,10,4.4834645471925825,Moto,Sunny,Jam,Metropolitian,False,0,1,1,1045.7892032394593,1138.188542488151,Aumento_Velocidade,1
pedido_1019.5748493351331_527,130.74602073963726,124.920540051409,109.920540051409,5.493234103491596,10,4.732460114277849,Scooter,Foggy,Jam,Urban,True,0,1,0,1019.5748493351331,1139.495389386542,Aumento_Velocidade,1
pedido_1001.1537290364635_512,138.05626810268987,151.5503251708489,136.5503251708489,9.929119347471152,5,4.501546257664267,Scooter,Windy,Medium,Urban,True,0,0,0,1001.1537290364635,1142.7040542073123,Rota_Reduzida,0
pedido_1030.0811287737292_531,129.75235611527398,112.67297585083428,97.67297585083428,5.067841564281155,15,4.491496055676366,Moto,Windy,Jam,Metropolitian,True,0,1,0,1030.0811287737292,1142.7541046245635,Aumento_Velocidade,1
pedido_1002.1890171089254_514,137.40436269258382,126.07243100770611,126.07243100770611,15.33835663602841,15,4.668257513823903,Van,Sandstorms,Medium,Urban,True,0,0,0,1002.1890171089254,1143.2614481166315,Nenhuma,0
pedido_1010.1409798671168_520,132.8917403824662,129.56055706727375,129.56055706727375,10.169806721462425,5,5.0,Van,Stormy,High,Metropolitian,True,0,1,0,1010.1409798671168,1144.7015369343906,Nenhuma,0
pedido_1028.6651244328_530,132.29790205228943,121.84323583795597,106.84323583795597,4.280136433626755,10,4.45260059451365,Scooter,Stormy,Medium,Urban,False,0,0,0,1028.6651244328,1145.508360270756,Rota_Reduzida,1
pedido_1016.571574259672_524,133.54357882311947,135.52985066098978,120.52985066098978,1.5160040910242616,10,4.910695592415006,Moto,Foggy,High,Metropolitian,False,0,1,0,1016.571574259672,1147.1014249206619,Aumento_Velocidade,0
pedido_1068.273160943413_548,97.49009431361574,93.75806425949138,78.75806425949138,3.8339380027014265,10,4.660957077566299,Scooter,Sunny,High,Urban,False,0,1,1,1068.273160943413,1157.0312252029044,Aumento_Velocidade,1
pedido_1073.6378728679363_552,101.13372221980404,96.63086655315409,81.63086655315409,7.111334206326815,5,4.965128665840319,Moto,Sunny,Jam,Metropolitian,False,0,1,1,1073.6378728679363,1160.2687394210905,Aumento_Velocidade,1
pedido_990.4201907377492_505,185.55392759527257,177.45435023265048,162.45435023265048,16.638962004507924,10,4.227333898268491,Moto,Windy,High,Metropolitian,False,0,1,0,990.4201907377492,1162.8745409703997,Aumento_Velocidade,0
pedido_1017.6217912365836_526,139.64950243773126,148.49400611206127,133.49400611206127,10.386373548103025,15,4.588323046066159,Moto,Windy,Medium,Metropolitian,True,0,0,0,1017.6217912365836,1166.115797348645,Rota_Reduzida,0
pedido_1027.8052451771307_529,142.69880885257305,144.63383586084137,129.63383586084137,14.500479841991138,10,4.671889103372338,Moto,Foggy,Medium,Metropolitian,False,0,0,0,1027.8052451771307,1167.439081037972,Rota_Reduzida,0
pedido_1061.1880826620838_540,132.7393207758664,119.23350887127381,104.23350887127381,5.069013829199867,5,4.748873470144339,Moto,Foggy,High,Urban,True,0,1,0,1061.1880826620838,1170.4215915333577,Aumento_Velocidade,1
pedido_1071.1261237207002_550,132.99765031696862,105.90956888809524,90.90956888809524,16.975935219657025,10,4.8355359438837535,Scooter,Stormy,Jam,Metropolitian,False,0,1,0,1071.1261237207002,1172.0356926087954,Aumento_Velocidade,1
pedido_1062.8421142890702_542,102.9681988151689,107.34757066643724,107.34757066643724,16.450684037518233,5,4.566931430353184,Scooter,Windy,Low,Metropolitian,False,0,0,0,1062.8421142890702,1175.1896849555073,Nenhuma,1
pedido_1043.9904908369303_535,132.73371722237644,126.39193128678707,126.39193128678707,7.940841544039621,5,4.3046419119009105,Scooter,Windy,Low,Metropolitian,False,0,0,0,1043.9904908369303,1175.3824221237173,Nenhuma,0
pedido_1051.435311159868_539,132.0143942073065,129.62308270997187,114.62308270997187,5.431921971950217,10,4.668293622679865,Moto,Sandstorms,High,Metropolitian,False,0,1,0,1051.435311159868,1176.0583938698398,Aumento_Velocidade,1
pedido_1064.399221502895_543,133.051824642882,120.79324824908093,105.79324824908093,6.29866245939672,10,4.621256861903046,Moto,Stormy,Medium,Metropolitian,False,0,0,0,1064.399221502895,1180.192469751976,Rota_Reduzida,1
pedido_1068.1394829893352_547,135.08796485254985,122.4014247722109,107.4014247722109,11.33794619566953,5,4.719806969448658,Scooter,Sandstorms,High,Metropolitian,True,0,1,0,1068.1394829893352,1180.5409077615461,Aumento_Velocidade,1
pedido_1031.7062188084358_532,170.1809880773246,153.90943959775342,138.90943959775342,2.583458940727901,10,4.316153358597545,Moto,Stormy,Medium,Metropolitian,False,0,0,0,1031.7062188084358,1180.6156584061891,Rota_Reduzida,0
pedido_1088.8081815016492_560,99.27905819169862,97.97636644307278,82.97636644307278,6.89119626856898,10,4.782356224325293,Moto,Sunny,Jam,Metropolitian,False,0,1,1,1088.8081815016492,1181.784547944722,Aumento_Velocidade,1
pedido_1067.456562951772_546,136.20554377668626,125.28952100747216,110.28952100747216,15.932078167123352,5,4.553648944641727,Scooter,Sandstorms,Medium,Metropolitian,False,0,0,0,1067.456562951772,1182.746083959244,Rota_Reduzida,1
pedido_1009.1791210493122_519,192.63562263350377,178.3348821830313,163.3348821830313,7.24279980958103,15,4.3226911999081725,Scooter,Sunny,High,Metropolitian,False,0,1,1,1009.1791210493122,1187.5140032323436,Aumento_Velocidade,0
pedido_1068.7798616636562_549,128.3806184982172,124.74356238347968,109.74356238347968,9.678378530136278,10,4.789882122703953,Moto,Stormy,High,Metropolitian,False,0,1,0,1068.7798616636562,1188.523424047136,Aumento_Velocidade,1
pedido_1050.1994700491248_538,132.29790205228943,139.97111550332608,124.97111550332608,3.3162635884937157,15,4.469758584808438,Scooter,Stormy,Medium,Metropolitian,False,0,0,0,1050.1994700491248,1190.1705855524508,Rota_Reduzida,0
pedido_1072.9071742765861_551,134.0073452356432,133.22227352753924,118.22227352753924,10.804292652216294,5,4.482024494218159,Scooter,Windy,High,Metropolitian,False,0,1,0,1072.9071742765861,1196.1294478041254,Aumento_Velocidade,1
pedido_1064.4721620423502_544,132.37916115113907,137.43933701163172,122.43933701163172,2.3729346437495322,10,4.834826734193096,Moto,Stormy,Medium,Urban,False,0,0,0,1064.4721620423502,1196.911499053982,Rota_Reduzida,0
pedido_1126.001426940879_576,102.72064245037974,83.26380251753946,68.26380251753946,17.19410517898602,5,4.65000304245773,Moto,Sunny,High,Metropolitian,False,0,1,1,1126.001426940879,1199.2652294584184,Aumento_Velocidade,1
pedido_1079.8066220298567_554,128.95425763357312,131.4226892013849,116.42268920138491,6.1680388373979955,5,4.855391209189373,Scooter,Windy,High,Urban,True,0,1,0,1079.8066220298567,1201.2293112312416,Aumento_Velocidade,1
pedido_1078.8859753409076_553,133.51436495609533,132.8085446179214,117.8085446179214,14.712654461874475,5,4.907017316124756,Moto,Stormy,Jam,Metropolitian,False,0,1,0,1078.8859753409076,1201.694519958829,Aumento_Velocidade,1
pedido_1082.4455146795701_555,127.23885038823175,125.92440621559211,110.92440621559211,0.0,10,4.853270271994449,Moto,Stormy,High,Metropolitian,False,0,1,0,1082.4455146795701,1203.3699208951623,Aumento_Velocidade,1
pedido_1115.8552453313496_570,110.0477102253381,89.52936126206421,74.52936126206421,19.458096501893532,15,4.456616864752826,Moto,Sunny,Jam,Metropolitian,False,0,1,1,1115.8552453313496,1205.3846065934138,Aumento_Velocidade,1
pedido_1189.168928566304_598,41.277211004939886,6.257192570222593,6.257192570222593,17.549672779749507,10,4.455332057542734,Moto,Sunny,Medium,Metropolitian,False,1,0,1,1189.168928566304,1205.4261211365265,Nenhuma,1
pedido_1090.0991939303806_562,132.0280916498577,128.9027339027696,113.9027339027696,7.447881177292143,5,4.907995479750905,Scooter,Foggy,High,Metropolitian,False,0,1,0,1090.0991939303806,1209.0019278331501,Aumento_Velocidade,1
pedido_1086.0512054982603_557,136.31837882984166,125.38901207388565,110.38901207388565,24.33613448485124,15,4.962710042727733,Moto,Stormy,High,Metropolitian,True,0,1,0,1086.0512054982603,1211.440217572146,Aumento_Velocidade,1
pedido_1082.7130348910982_556,135.56342651820458,131.36508691581315,116.36508691581315,14.365684813916669,15,4.7577552324570895,Scooter,Windy,Jam,Metropolitian,False,0,1,0,1082.7130348910982,1214.0781218069114,Aumento_Velocidade,1
pedido_1129.8193241215015_577,100.6227932117119,93.45043728852018,78.45043728852018,3.0421122611677975,10,4.651126033385878,Moto,Sunny,Jam,Metropolitian,True,0,1,1,1129.8193241215015,1218.2697614100216,Aumento_Velocidade,1
pedido_1110.9855154914721_568,130.1686531737684,117.80252844924516,102.80252844924516,5.9208623521381565,5,4.5554268709135375,Moto,Windy,Jam,Urban,True,0,1,0,1110.9855154914721,1218.7880439407172,Aumento_Velocidade,1
pedido_1134.3124692954432_579,99.51876533257081,85.13579961277055,70.13579961277055,5.988845356247641,15,4.744858101223924,Moto,Sunny,Jam,Metropolitian,False,0,1,1,1134.3124692954432,1219.4482689082138,Aumento_Velocidade,1
pedido_1092.8290994640906_563,131.40379734675707,119.41298091310108,119.41298091310108,7.302170780760505,10,4.931920885483777,Van,Windy,High,Metropolitian,False,0,1,0,1092.8290994640906,1222.2420803771918,Nenhuma,1
pedido_1102.239783614971_565,124.21029387847321,130.34275585361155,115.34275585361155,0.0,5,4.58276920851487,Scooter,Foggy,Medium,Metropolitian,True,0,0,0,1102.239783614971,1222.5825394685826,Rota_Reduzida,1
pedido_1109.7609744497458_567,138.70822293509397,117.82443624983675,102.82443624983675,12.126656602981042,10,4.46854079984191,Scooter,Windy,Jam,Metropolitian,False,0,1,0,1109.7609744497458,1222.5854106995826,Aumento_Velocidade,1
pedido_1112.1328509205932_569,140.899747969443,116.81175650560535,101.81175650560535,17.02997374383919,10,4.519961647377821,Moto,Windy,Jam,Metropolitian,True,0,1,0,1112.1328509205932,1223.9446074261987,Aumento_Velocidade,1
pedido_1122.7459053895368_572,127.33139165326985,118.47096069995524,98.47096069995524,13.380743026490062,5,4.952957116453625,Scooter,Stormy,Jam,Other,False,0,1,0,1122.7459053895368,1226.216866089492,Rota_Reduzida,1
pedido_1061.8605228865679_541,179.5439652253966,175.8563198023047,160.8563198023047,6.516658249585703,5,4.401497777434424,Moto,Foggy,Jam,Metropolitian,False,0,1,0,1061.8605228865679,1227.7168426888725,Aumento_Velocidade,0
pedido_1125.9433208657513_575,101.88829686335765,88.5683149720953,88.5683149720953,6.593369853321474,15,4.924687722403014,Scooter,Sandstorms,Low,Metropolitian,True,0,0,0,1125.9433208657513,1229.5116358378466,Nenhuma,1
pedido_1099.7363263390657_564,144.74014195234716,140.00358235303847,125.00358235303847,12.11366149344779,5,4.530950241876263,Moto,Sandstorms,Jam,Metropolitian,False,0,1,0,1099.7363263390657,1229.739908692104,Aumento_Velocidade,0
pedido_1149.3043410176888_583,95.5788166304276,91.09973115604012,76.09973115604012,6.322057546312805,5,4.643050939948362,Moto,Sunny,High,Urban,False,0,1,1,1149.3043410176888,1230.404072173729,Aumento_Velocidade,1
pedido_1124.840911908611_574,119.89834045772885,105.8347058916083,105.8347058916083,18.37922813089118,5,4.911174654606871,Moto,Sunny,Low,Metropolitian,False,0,0,1,1124.840911908611,1235.6756178002192,Nenhuma,1
pedido_1106.453881762763_566,124.67640011250998,130.4885541809409,115.4885541809409,2.9321777158576103,15,4.929419124734485,Moto,Sandstorms,Jam,Urban,False,0,1,0,1106.453881762763,1236.942435943704,Aumento_Velocidade,1
pedido_1123.6223236173312_573,137.29668499458867,119.98013923069962,104.98013923069962,12.897972670713225,10,4.667210986687974,Moto,Stormy,Jam,Urban,True,0,1,0,1123.6223236173312,1238.6024628480309,Aumento_Velocidade,1
pedido_1144.70695713576_581,133.34633060185962,114.57585948922012,99.57585948922012,8.256007512280206,5,4.589144091699441,Moto,Foggy,High,Metropolitian,True,0,1,0,1144.70695713576,1249.2828166249801,Aumento_Velocidade,1
pedido_1130.3435357498638_578,132.141537028009,124.39086048780871,109.39086048780871,6.954733395658672,10,4.909485154905224,Moto,Foggy,High,Metropolitian,False,0,1,0,1130.3435357498638,1249.7343962376726,Aumento_Velocidade,1
pedido_1156.6412770829702_584,132.0845784625362,103.53455179800241,88.53455179800241,0.9342514166555,10,4.8891288930770065,Moto,Windy,High,Metropolitian,False,0,1,0,1156.6412770829702,1255.1758288809726,Aumento_Velocidade,1
pedido_1086.1649359140422_558,183.53480275235214,172.37900887101898,157.37900887101898,12.271126297038123,15,4.421921801150115,Scooter,Stormy,Medium,Urban,True,0,0,0,1086.1649359140422,1258.5439447850613,Rota_Reduzida,0
pedido_1121.6371316410307_571,130.32550897874847,122.31476737603339,122.31476737603339,7.491648666086797,15,4.427601162433184,Moto,Sandstorms,Low,Metropolitian,False,0,0,0,1121.6371316410307,1258.951899017064,Nenhuma,0
pedido_1161.113794917786_588,96.75969646458327,100.45618209677147,85.45618209677147,7.845158205083605,15,4.512378178603126,Scooter,Sunny,Medium,Metropolitian,False,0,0,1,1161.113794917786,1261.5699770145575,Rota_Reduzida,1
pedido_1066.7763279577207_545,178.065081235807,185.98116176466024,185.98116176466024,7.706984400185712,10,4.239343559583283,Van,Windy,Jam,Metropolitian,True,0,1,0,1066.7763279577207,1262.757489722381,Nenhuma,0
pedido_1157.0312176776304_585,99.78375638801197,111.2733758584892,96.2733758584892,0.4463583120469057,10,4.59430439872389,Moto,Sunny,High,Metropolitian,True,0,1,1,1157.0312176776304,1263.3045935361197,Aumento_Velocidade,1
pedido_1187.3565854493909_595,99.17088575986794,93.06285821291215,78.06285821291215,7.971787197242255,5,4.620400198271593,Moto,Sunny,High,Metropolitian,True,0,1,1,1187.3565854493909,1270.419443662303,Aumento_Velocidade,1
pedido_1158.4988275165522_586,127.0044567968632,118.17180715976394,103.17180715976394,2.4793575482007957,10,4.879650264902678,Moto,Windy,Jam,Metropolitian,False,0,1,0,1158.4988275165522,1271.6706346763162,Aumento_Velocidade,1
pedido_1181.8931337851257_592,103.55790866051183,95.12925097773298,80.12925097773298,13.798736043483473,10,4.796210246494316,Moto,Sunny,High,Metropolitian,True,0,1,1,1181.8931337851257,1272.0223847628586,Aumento_Velocidade,1
pedido_1191.0095172542167_600,94.35821918440207,79.17301035168794,79.17301035168794,2.7423726265848107,5,4.902564818112723,Scooter,Windy,Low,Other,False,0,0,0,1191.0095172542167,1275.1825276059046,Nenhuma,1
pedido_1191.8375722197388_601,105.24489040650703,93.84966293678345,78.84966293678345,18.132316275627034,10,5.0,Scooter,Sunny,High,Metropolitian,True,0,1,1,1191.8375722197388,1280.6872351565223,Aumento_Velocidade,1
pedido_1159.5572964811822_587,133.02963930756187,121.8894306461359,106.8894306461359,11.313259443733813,15,4.747232795381357,Moto,Windy,High,Metropolitian,False,0,1,0,1159.5572964811822,1281.4467271273181,Aumento_Velocidade,1
pedido_1175.719454761054_591,124.88630376556037,117.06081537028665,102.06081537028665,2.2087950340070064,5,4.966730065836854,Moto,Foggy,Medium,Metropolitian,False,0,0,0,1175.719454761054,1282.7802701313408,Rota_Reduzida,1
pedido_1137.5397411098463_580,154.01352948372173,150.93035670646202,135.93035670646202,16.050938836136666,10,4.543781133999077,Moto,Foggy,Jam,Metropolitian,True,0,1,0,1137.5397411098463,1283.4700978163082,Aumento_Velocidade,0
pedido_1162.9010526463878_589,130.22115973519726,127.51074193277174,112.51074193277174,14.024705615057691,10,4.751667810025196,Moto,Stormy,High,Metropolitian,True,0,1,0,1162.9010526463878,1285.4117945791595,Aumento_Velocidade,1
pedido_1187.7363489403976_596,95.86193917624409,107.7669168466845,92.7669168466845,1.1751205784436944,5,4.5832894556211174,Moto,Sunny,High,Metropolitian,False,0,1,1,1187.7363489403976,1285.5032657870822,Aumento_Velocidade,1
pedido_1187.2367708989004_594,127.330902920737,104.54882502786299,89.54882502786299,2.8695519133118155,10,4.649140441036152,Moto,Windy,Jam,Metropolitian,False,0,1,0,1187.2367708989004,1286.7855959267633,Aumento_Velocidade,1
pedido_1195.8208950720573_605,110.16260416368422,97.41370832007026,82.41370832007026,11.422936372413584,10,4.682574932910983,Moto,Sunny,Jam,Metropolitian,False,0,1,1,1195.8208950720573,1288.2346033921276,Aumento_Velocidade,1
pedido_1190.8969959520664_599,126.12933340011176,102.65724560081284,87.65724560081284,4.965104406041748,15,4.488826233945272,Scooter,Sandstorms,Jam,Metropolitian,False,0,1,0,1190.8969959520664,1293.5542415528791,Aumento_Velocidade,1
pedido_1174.5961177335757_590,134.97474675330386,122.12495877840078,107.12495877840078,16.945266931753416,15,4.648297749107825,Moto,Sandstorms,High,Metropolitian,True,0,1,0,1174.5961177335757,1296.7210765119764,Aumento_Velocidade,1
pedido_1199.5675675230889_607,124.56494712229518,110.21167695820381,95.21167695820381,2.7410624499538794,5,4.787857772813878,Moto,Sandstorms,Jam,Urban,False,0,1,0,1199.5675675230889,1299.7792444812926,Aumento_Velocidade,1
pedido_1197.3553204675293_606,132.37640653175018,113.5425685083362,98.5425685083362,4.806719309557472,10,4.829881579041007,Scooter,Sandstorms,High,Metropolitian,False,0,1,0,1197.3553204675293,1305.8978889758655,Aumento_Velocidade,1
pedido_1202.683329357136_609,100.04006590881319,95.65020544040199,95.65020544040199,6.515814133429975,10,4.577696105987719,Van,Sunny,Jam,Metropolitian,True,0,1,1,1202.683329357136,1308.333534797538,Nenhuma,1
pedido_1187.928654104761_597,132.4886587340063,120.50323515969939,105.50323515969939,3.8150132950794626,15,4.581967230774446,Moto,Sandstorms,High,Metropolitian,False,0,1,0,1187.928654104761,1308.4318892644606,Aumento_Velocidade,1
pedido_1148.492126630559_582,181.97053783247065,173.52299089286302,158.52299089286302,0.6271220857833644,5,4.438115182109228,Moto,Sunny,Jam,Urban,False,0,1,1,1148.492126630559,1312.0151175234218,Aumento_Velocidade,0
pedido_1205.1158020446856_612,104.42635679056579,103.30178373118318,103.30178373118318,12.951696900535898,5,4.959594787466491,Moto,Windy,Low,Metropolitian,True,0,0,0,1205.1158020446856,1313.4175857758687,Nenhuma,1
pedido_1209.0794555862108_614,136.2440292806127,116.6311331549976,101.6311331549976,11.81124761123531,5,5.0,Scooter,Stormy,Medium,Metropolitian,True,0,0,0,1209.0794555862108,1315.7105887412083,Rota_Reduzida,1
pedido_1195.554555678307_604,144.59048368476047,124.57100001638693,109.57100001638693,12.394214914434464,15,4.961454811928523,Scooter,Foggy,Medium,Metropolitian,False,0,0,0,1195.554555678307,1320.125555694694,Rota_Reduzida,1
pedido_1186.8458102946138_593,131.63377386629992,145.47013536293355,130.47013536293355,6.360254635553663,5,4.6755166562023005,Moto,Sandstorms,High,Urban,False,0,1,0,1186.8458102946138,1322.3159456575472,Aumento_Velocidade,0
pedido_1224.047514681141_619,111.656403005909,83.68270308089524,83.68270308089524,14.943290657965415,15,4.613146880440831,Van,Sunny,Jam,Metropolitian,False,0,1,1,1224.047514681141,1322.730217762036,Nenhuma,1
pedido_1203.733446513538_611,137.93393587869883,124.09329614999831,109.09329614999831,17.265463520732297,10,4.915375852977248,Moto,Sandstorms,Medium,Metropolitian,False,0,0,0,1203.733446513538,1322.8267426635362,Rota_Reduzida,1
pedido_1193.2287219773873_602,138.86876301932836,131.2908441185949,116.29084411859489,16.70396406635657,15,5.0,Scooter,Windy,Medium,Metropolitian,False,0,0,0,1193.2287219773873,1324.519566095982,Rota_Reduzida,1
pedido_1251.7021845996167_628,98.38283235255479,77.90889134780598,62.90889134780598,7.752469065642236,10,4.673929211079112,Scooter,Sunny,High,Metropolitian,True,0,1,1,1251.7021845996167,1324.6110759474227,Aumento_Velocidade,1
pedido_1219.8874432387827_617,127.0109653739065,107.5077435907183,92.5077435907183,6.65899953388918,15,4.495246189227993,Moto,Stormy,High,Metropolitian,False,0,1,0,1219.8874432387827,1327.395186829501,Aumento_Velocidade,1
pedido_1242.7053455036362_625,104.93819249913895,93.44062317879133,78.44062317879133,10.431347283227325,10,4.907194036621375,Scooter,Sunny,High,Metropolitian,True,0,1,1,1242.7053455036362,1331.1459686824276,Aumento_Velocidade,1
pedido_1201.2372106216174_608,139.66215885312468,140.39373665077994,125.39373665077994,14.735068768701106,5,4.954080877233072,Moto,Windy,High,Urban,True,0,1,0,1201.2372106216174,1331.6309472723974,Aumento_Velocidade,0
pedido_1215.6854037784367_616,136.01012688244865,119.30767140911269,104.30767140911269,11.056879850157138,15,4.9708082432277125,Moto,Windy,High,Metropolitian,False,0,1,0,1215.6854037784367,1334.9930751875495,Aumento_Velocidade,1
pedido_1203.3484217234575_610,141.51126008258848,132.44434356353267,117.44434356353267,11.886472876250318,15,4.632577639345476,Moto,Sandstorms,Jam,Metropolitian,False,0,1,0,1203.3484217234575,1335.79276528699,Aumento_Velocidade,1
pedido_1254.0190218950133_630,95.54621114191794,84.80428329031285,69.80428329031285,8.232080172587455,15,4.560141602262323,Moto,Sunny,High,Metropolitian,False,0,1,1,1254.0190218950133,1338.8233051853263,Aumento_Velocidade,1
pedido_1224.074547646599_620,136.05095226808302,119.42328870542588,104.42328870542588,16.980474211721624,15,4.548364912443548,Moto,Sandstorms,High,Metropolitian,False,0,1,0,1224.074547646599,1343.497836352025,Aumento_Velocidade,1
pedido_1222.1209886682225_618,129.01666075656678,126.75608615702208,111.75608615702208,4.179360060634228,10,4.4762265134301344,Moto,Windy,High,Metropolitian,False,0,1,0,1222.1209886682225,1343.8770748252446,Aumento_Velocidade,1
pedido_1257.8049400766342_632,104.28411853047639,86.43920684793976,71.43920684793976,13.084901920063713,15,4.733026947869687,Moto,Sunny,High,Urban,True,0,1,1,1257.8049400766342,1344.244146924574,Aumento_Velocidade,1
pedido_1230.705372369846_621,131.68252913169783,118.88575020199883,103.88575020199883,3.902194437080166,10,4.611531812626441,Scooter,Windy,High,Metropolitian,False,0,1,0,1230.705372369846,1344.5911225718448,Aumento_Velocidade,1
pedido_1252.2626321404075_629,102.5621343279752,103.09130125737732,88.09130125737732,10.182806894261219,5,4.574729314696009,Scooter,Sunny,Medium,Metropolitian,True,0,0,1,1252.2626321404075,1345.3539333977849,Rota_Reduzida,1
pedido_1281.1320280538_641,54.44077250486005,49.77699154941787,49.77699154941787,5.948648432527979,15,4.530796313774297,Moto,Sandstorms,Medium,Metropolitian,False,1,0,0,1281.1320280538,1345.909019603218,Nenhuma,1
pedido_1214.8983292244732_615,128.09910493591923,127.5733151272299,127.5733151272299,5.718824174127241,5,4.831292424577487,Van,Foggy,Medium,Metropolitian,True,0,0,0,1214.8983292244732,1347.4716443517032,Nenhuma,0
pedido_1237.4717885637904_624,134.12547944357516,119.08574639839875,104.08574639839875,4.6729196475112476,10,4.680291144851563,Scooter,Foggy,High,Urban,False,0,1,0,1237.4717885637904,1351.557534962189,Aumento_Velocidade,1
pedido_1251.5029138575978_627,131.2992965484083,105.89659386493821,90.89659386493821,8.986682654957203,10,4.677477423034483,Moto,Sandstorms,High,Metropolitian,False,0,1,0,1251.5029138575978,1352.399507722536,Aumento_Velocidade,1
pedido_1234.0698743356616_623,140.19943154947018,128.3646546291763,113.3646546291763,15.968886154551754,10,4.878357873842687,Scooter,Foggy,High,Metropolitian,False,0,1,0,1234.0698743356616,1357.434528964838,Aumento_Velocidade,1
pedido_1280.9194338225407_640,100.88758047184753,86.63002377714112,66.63002377714112,12.191315957476476,10,4.986014661886704,Moto,Sunny,High,Other,False,0,1,1,1280.9194338225407,1357.5494575996818,Rota_Reduzida,1
pedido_1263.333400222985_635,99.43119603207764,81.48828869496498,81.48828869496498,1.8675051203793775,15,4.966346608503561,Scooter,Foggy,Low,Metropolitian,False,0,0,0,1263.333400222985,1359.8216889179498,Nenhuma,1
pedido_1232.0246100896802_622,137.83493407673066,133.82060591838794,118.82060591838794,11.409284912712259,10,4.552612074415856,Scooter,Stormy,Jam,Metropolitian,True,0,1,0,1232.0246100896802,1360.845216008068,Aumento_Velocidade,1
pedido_1268.4082800205042_637,129.5334947354207,104.3233901096529,89.3233901096529,4.536923266035211,10,4.6988423533848005,Moto,Windy,High,Urban,True,0,1,0,1268.4082800205042,1367.731670130157,Aumento_Velocidade,1
pedido_1193.6209106318424_603,177.86306299838407,184.9844590590601,169.9844590590601,19.31843436590341,5,4.371558322420145,Scooter,Sunny,High,Metropolitian,True,0,1,1,1193.6209106318424,1368.6053696909025,Aumento_Velocidade,0
pedido_1270.9631419952386_638,132.22962665275085,108.32701748977911,93.32701748977911,5.817549202886962,5,4.8451537032924445,Moto,Foggy,High,Metropolitian,True,0,1,0,1270.9631419952386,1369.2901594850177,Aumento_Velocidade,1
pedido_1258.2628792727521_633,133.16684047474135,120.20617505491185,105.20617505491185,11.3416306149709,10,4.709769816899067,Moto,Windy,Medium,Metropolitian,False,0,0,0,1258.2628792727521,1373.469054327664,Rota_Reduzida,1
pedido_1205.3402210890263_613,203.78726403545195,170.439417256666,155.439417256666,20.899350629320423,15,4.384480223395551,Moto,Stormy,Jam,Metropolitian,False,0,1,0,1205.3402210890263,1375.7796383456923,Aumento_Velocidade,0
pedido_1245.8346176262546_626,152.93264694632018,134.90440785430064,119.90440785430064,16.217414343306782,15,4.499134425999431,Moto,Foggy,Jam,Urban,False,0,1,0,1245.8346176262546,1380.7390254805553,Aumento_Velocidade,1
pedido_1291.684827843221_648,99.79572449747498,87.57000512245837,87.57000512245837,3.1520613188327298,5,4.464469595612641,Scooter,Foggy,Low,Urban,False,0,0,0,1291.684827843221,1384.2548329656793,Nenhuma,1
pedido_1306.6199038290583_652,94.63158532354707,84.27467583636792,69.27467583636792,6.333903902398656,10,4.657005068537865,Moto,Sunny,High,Metropolitian,False,0,1,1,1306.6199038290583,1385.8945796654261,Aumento_Velocidade,1
pedido_1257.2250970252164_631,131.53821711690532,134.3918433940305,119.3918433940305,12.97481862160283,10,4.9174274970688225,Scooter,Windy,Medium,Other,True,0,0,0,1257.2250970252164,1386.616940419247,Rota_Reduzida,1
pedido_1283.6503690383645_643,129.9684466239904,109.92109470382739,94.92109470382739,8.388926053593359,10,4.738518126629791,Moto,Stormy,High,Metropolitian,False,0,1,0,1283.6503690383645,1388.5714637421918,Aumento_Velocidade,1
pedido_1276.245644184036_639,128.11277391432864,122.4773993924558,107.4773993924558,5.258592279609127,5,4.560818837628431,Moto,Foggy,Medium,Metropolitian,False,0,0,0,1276.245644184036,1388.7230435764918,Rota_Reduzida,1
pedido_1281.7846677048065_642,105.97519597675338,94.55919400468017,94.55919400468017,15.4046203571626,15,5.0,Van,Sunny,Medium,Urban,True,0,0,1,1281.7846677048065,1391.3438617094866,Nenhuma,1
pedido_1311.0206699553523_655,97.21798027955808,93.15123859874029,78.15123859874029,3.384397362196436,5,4.8110304126865095,Moto,Sunny,High,Metropolitian,False,0,1,1,1311.0206699553523,1394.1719085540926,Aumento_Velocidade,1
pedido_1315.902718413425_656,95.01658614267033,89.27765847838005,74.27765847838005,9.331425731351874,10,4.784882403384092,Scooter,Sunny,Medium,Metropolitian,False,0,0,1,1315.902718413425,1400.180376891805,Rota_Reduzida,1
pedido_1268.3079470875577_636,139.7153085249541,132.1557467963134,117.1557467963134,14.256593312630015,15,4.7963173975942945,Moto,Sandstorms,Jam,Metropolitian,False,0,1,0,1268.3079470875577,1400.4636938838712,Aumento_Velocidade,1
pedido_1357.3825046455559_679,43.39960663770061,39.93939217198074,39.93939217198074,5.518517328483844,5,4.527272075426089,Moto,Sunny,High,Urban,True,1,1,1,1357.3825046455559,1402.3218968175365,Nenhuma,1
pedido_1336.9920565446705_667,99.62808302081272,66.79460153316006,51.79460153316006,6.7806799374714135,15,4.948851175521851,Moto,Sunny,Jam,Metropolitian,False,0,1,1,1336.9920565446705,1403.7866580778305,Aumento_Velocidade,1
pedido_1328.5059536184378_665,101.49749713167857,81.34024048264429,66.34024048264429,4.442707834654963,10,4.754198937704382,Moto,Sunny,Jam,Metropolitian,True,0,1,1,1328.5059536184378,1404.8461941010821,Aumento_Velocidade,1
pedido_1298.1595496650843_649,124.8071018528391,108.70545801359313,93.70545801359313,2.92137061792371,15,4.617029935593036,Scooter,Sandstorms,Jam,Metropolitian,True,0,1,0,1298.1595496650843,1406.8650076786776,Aumento_Velocidade,1
pedido_1322.3231762327223_664,98.71650902594666,95.01779492732875,80.01779492732875,5.3451496467546145,5,4.640018492015836,Moto,Sunny,High,Metropolitian,False,0,1,1,1322.3231762327223,1407.3409711600511,Aumento_Velocidade,1
pedido_1319.1337030259283_660,99.66854640351646,88.23028161388507,73.23028161388507,8.529061233509141,15,5.0,Scooter,Sunny,Medium,Urban,True,0,0,1,1319.1337030259283,1407.3639846398135,Rota_Reduzida,1
pedido_1299.385476551483_651,129.74544518860114,115.30207359883023,100.30207359883023,3.4988736515084167,10,4.523566149555951,Moto,Sandstorms,High,Metropolitian,True,0,1,0,1299.385476551483,1409.6875501503132,Aumento_Velocidade,1
pedido_1289.558235838777_647,124.9225092727546,122.8648378569493,107.8648378569493,4.16726050042409,15,4.888806644439635,Scooter,Sandstorms,Jam,Metropolitian,False,0,1,0,1289.558235838777,1412.423073695726,Aumento_Velocidade,1
pedido_1342.2892639994038_670,95.6097359921753,73.14820782485033,58.14820782485033,7.698836071088765,15,4.624409247005206,Moto,Sunny,High,Urban,False,0,1,1,1342.2892639994038,1415.437471824254,Aumento_Velocidade,1
pedido_1320.8309121555512_661,132.9792662132593,107.9248847060183,92.9248847060183,5.723659648217822,5,4.990161507719237,Moto,Foggy,Jam,Urban,False,0,1,0,1320.8309121555512,1418.7557968615695,Aumento_Velocidade,1
pedido_1336.9839297680223_666,102.77100945330601,76.39516862362414,76.39516862362414,6.102434851395071,15,4.845983033518254,Moto,Windy,Low,Metropolitian,False,0,0,0,1336.9839297680223,1428.3790983916465,Nenhuma,1
pedido_1361.4266979903457_681,99.40036610675655,67.72063369672327,52.72063369672327,5.165266141094048,15,4.774723245310991,Scooter,Sunny,Jam,Metropolitian,False,0,1,1,1361.4266979903457,1429.147331687069,Aumento_Velocidade,1
pedido_1317.7293352486536_658,136.10521818025663,116.96057984324791,101.96057984324791,10.584326809675925,10,5.0,Moto,Stormy,Medium,Urban,False,0,0,0,1317.7293352486536,1429.6899150919014,Rota_Reduzida,1
pedido_1351.8318248690578_676,101.76341635504228,88.88542960138547,73.88542960138547,3.5569297380477005,5,4.526524780730051,Moto,Sunny,Jam,Metropolitian,False,0,1,1,1351.8318248690578,1430.7172544704433,Aumento_Velocidade,1
pedido_1310.0507453985908_654,128.0005474843919,126.48196087645101,111.48196087645101,4.200347326515621,10,4.923838036736644,Scooter,Stormy,High,Metropolitian,False,0,1,0,1310.0507453985908,1431.5327062750418,Aumento_Velocidade,1
pedido_1306.7768855732866_653,137.37193346031697,130.0749798860401,115.0749798860401,5.508987060705611,10,4.599037276426353,Scooter,Windy,Medium,Metropolitian,False,0,0,0,1306.7768855732866,1431.8518654593267,Rota_Reduzida,1
pedido_1262.9689155832054_634,187.34968763630775,179.00676083092293,164.00676083092293,14.536716097972796,5,4.310795313438382,Scooter,Stormy,High,Metropolitian,False,0,1,0,1262.9689155832054,1431.9756764141284,Aumento_Velocidade,0
pedido_1299.163833825458_650,136.99193436176435,138.51122776173196,123.51122776173196,7.388537408416049,10,4.989746637523274,Scooter,Sandstorms,High,Metropolitian,False,0,1,0,1299.163833825458,1432.67506158719,Aumento_Velocidade,0
pedido_1337.110936861399_668,135.31430919127558,109.06230362287971,94.06230362287971,9.245685433881224,10,5.0,Moto,Sandstorms,High,Metropolitian,True,0,1,0,1337.110936861399,1441.1732404842787,Aumento_Velocidade,1
pedido_1387.0653375737547_696,100.8109973395042,55.2291672201664,40.2291672201664,8.023370920841518,15,5.0,Scooter,Sunny,Jam,Metropolitian,False,0,1,1,1387.0653375737547,1442.294504793921,Aumento_Velocidade,1
pedido_1364.9684040854602_682,96.08746725228299,85.05323340039521,70.05323340039521,4.282589142830876,10,4.4535674631957525,Scooter,Sunny,Medium,Metropolitian,False,0,0,1,1364.9684040854602,1445.0216374858553,Rota_Reduzida,1
pedido_1322.0800020062622_662,138.3000173921562,128.07554541447405,113.07554541447405,9.969386674654626,10,4.847574910906463,Moto,Foggy,High,Metropolitian,True,0,1,0,1322.0800020062622,1445.1555474207362,Aumento_Velocidade,1
pedido_1284.1895784443657_644,166.47253714387213,158.93491114225864,158.93491114225864,10.991320320972164,5,4.4017758892197225,Moto,Sunny,Low,Urban,True,0,0,1,1284.1895784443657,1448.1244895866243,Nenhuma,0
pedido_1322.304569563147_663,131.12923098957708,136.77469229931071,121.77469229931071,3.9450860021479937,5,4.531838637768865,Moto,Sandstorms,High,Metropolitian,False,0,1,0,1322.304569563147,1449.0792618624578,Aumento_Velocidade,0
pedido_1349.044162223087_675,129.60197145463619,100.83186792360058,85.83186792360058,7.594102109984153,15,4.6937670543513175,Scooter,Foggy,Jam,Metropolitian,False,0,1,0,1349.044162223087,1449.8760301466875,Aumento_Velocidade,1
pedido_1316.6846199662682_657,145.17322761122423,135.4501808396914,120.4501808396914,17.307853923891795,15,4.568412941455475,Moto,Foggy,High,Metropolitian,True,0,1,0,1316.6846199662682,1452.1348008059597,Aumento_Velocidade,0
pedido_1285.6777711723496_645,173.96567870563263,177.93765268888959,162.93765268888959,7.982269984892364,5,4.306594143894834,Scooter,Windy,Medium,Metropolitian,False,0,0,0,1285.6777711723496,1453.6154238612392,Rota_Reduzida,0
pedido_1420.1007563933472_711,50.68544744191056,23.331529985667906,23.331529985667906,15.70557574846585,15,4.7822537267429714,Scooter,Sandstorms,Medium,Metropolitian,True,1,0,0,1420.1007563933472,1458.432286379015,Nenhuma,1
pedido_1374.591472987236_690,103.51779957801696,79.45126352735579,79.45126352735579,14.65112657700538,5,4.789361644669849,Van,Sandstorms,Low,Urban,True,0,0,0,1374.591472987236,1459.042736514592,Nenhuma,1
pedido_1344.0143188332047_672,134.5142525570483,116.0066802124106,101.0066802124106,3.992817163093475,15,4.8099400996222315,Scooter,Foggy,High,Metropolitian,False,0,1,0,1344.0143188332047,1460.0209990456153,Aumento_Velocidade,1
pedido_1318.2850672759914_659,151.63549024713765,153.95602021190714,138.95602021190714,16.901164550739065,5,4.614711503500028,Moto,Foggy,Jam,Metropolitian,True,0,1,0,1318.2850672759914,1462.2410874878985,Aumento_Velocidade,0
pedido_1288.0046986318316_646,172.63909639204303,183.69527230452744,168.69527230452744,0.27368076221655624,10,4.355121013386864,Scooter,Foggy,Jam,Urban,False,0,1,0,1288.0046986318316,1466.699970936359,Aumento_Velocidade,0
pedido_1388.7015387077429_697,99.003947290643,79.69465782003955,64.69465782003955,3.6749075615764797,15,5.0,Scooter,Sunny,High,Metropolitian,False,0,1,1,1388.7015387077429,1468.3961965277824,Aumento_Velocidade,1
pedido_1355.8355852093525_678,132.5995064518903,117.71940998611935,102.71940998611935,14.257699842976567,10,5.0,Scooter,Stormy,High,Urban,False,0,1,0,1355.8355852093525,1468.554995195472,Aumento_Velocidade,1
pedido_1344.203687326346_673,130.38854535943085,127.32708618970906,112.32708618970906,17.055877662518434,15,4.523421599286313,Scooter,Stormy,High,Metropolitian,False,0,1,0,1344.203687326346,1471.530773516055,Aumento_Velocidade,1
pedido_1371.5830856965215_686,99.44446497463301,90.25116189928569,90.25116189928569,6.1045630700214835,10,4.700901701591975,Van,Sunny,Medium,Metropolitian,True,0,0,1,1371.5830856965215,1471.8342475958073,Nenhuma,1
pedido_1343.5046033588276_671,135.08231148926365,129.4559485763139,114.45594857631389,9.686273130946208,15,4.608091960636878,Moto,Windy,Medium,Urban,False,0,0,0,1343.5046033588276,1472.9605519351414,Rota_Reduzida,1
pedido_1360.7219478819206_680,99.26946616191229,104.144761745077,104.144761745077,7.603601153273697,10,4.781942090039023,Moto,Foggy,Low,Metropolitian,False,0,0,0,1360.7219478819206,1474.8667096269976,Nenhuma,1
pedido_1337.17157786011_669,149.93469309973682,142.7417845425569,127.7417845425569,18.274754500911595,10,4.813271475148866,Scooter,Foggy,Jam,Urban,False,0,1,0,1337.17157786011,1474.9133624026667,Aumento_Velocidade,0
pedido_1371.378669753339_685,122.17004013863209,111.42907869261303,96.42907869261303,1.3093522071773496,10,4.473298141847811,Moto,Stormy,Jam,Metropolitian,False,0,1,0,1371.378669753339,1477.807748445952,Aumento_Velocidade,1
pedido_1354.0170261917592_677,127.77893736758784,125.14362629953558,110.14362629953558,6.51369840582231,15,4.647357557417866,Moto,Sandstorms,Jam,Metropolitian,False,0,1,0,1354.0170261917592,1479.1606524912947,Aumento_Velocidade,1
pedido_1373.7037469263955_689,137.8688679228403,115.96765518018347,100.96765518018347,12.990931844754519,10,5.0,Moto,Windy,Medium,Urban,False,0,0,0,1373.7037469263955,1484.671402106579,Rota_Reduzida,1
pedido_1379.8961156372293_694,102.40025861228636,93.8675194949771,93.8675194949771,5.228317173417255,15,4.5163036336407645,Moto,Sandstorms,Low,Metropolitian,False,0,0,0,1379.8961156372293,1488.7636351322064,Nenhuma,1
pedido_1414.6428521307041_707,98.14802361612992,74.62680385562392,59.62680385562392,3.868837508564694,15,4.638936112780286,Moto,Sunny,High,Metropolitian,False,0,1,1,1414.6428521307041,1489.269655986328,Aumento_Velocidade,1
pedido_1386.50661343289_695,130.79169243585847,108.4673855151154,93.4673855151154,11.438863560856696,10,4.663303320148814,Moto,Stormy,High,Metropolitian,False,0,1,0,1386.50661343289,1489.9739989480054,Aumento_Velocidade,1
pedido_1366.6092852366191_683,136.51656282755894,133.91546335530708,118.91546335530708,15.843373536762355,5,4.733647293564596,Moto,Stormy,Jam,Metropolitian,True,0,1,0,1366.6092852366191,1490.5247485919263,Aumento_Velocidade,1
pedido_1379.4030213731364_693,130.81297581314038,113.16469314235249,98.16469314235249,6.458598380660646,15,4.947905223554967,Moto,Windy,High,Metropolitian,True,0,1,0,1379.4030213731364,1492.567714515489,Aumento_Velocidade,1
pedido_1391.030227580858_698,125.56502018282045,113.79907501316524,98.79907501316524,0.0,5,4.932567832209456,Scooter,Foggy,Medium,Urban,False,0,0,0,1391.030227580858,1494.8293025940234,Rota_Reduzida,1
pedido_1379.047493793771_692,137.5319011526609,116.75079203778449,101.75079203778449,5.332254140239441,15,5.0,Scooter,Sandstorms,High,Metropolitian,False,0,1,0,1379.047493793771,1495.7982858315556,Aumento_Velocidade,1
pedido_1396.2393332086506_701,103.24281399163942,89.96604343437113,89.96604343437113,8.945330880975678,10,4.7255031504225675,Moto,Stormy,Low,Metropolitian,False,0,0,0,1396.2393332086506,1496.2053766430217,Nenhuma,1
pedido_1372.5489810806662_687,134.2830911167039,130.31766849944083,115.31766849944083,20.821182308024323,10,4.613054505744729,Moto,Stormy,High,Urban,False,0,1,0,1372.5489810806662,1497.866649580107,Aumento_Velocidade,1
pedido_1377.241447334362_691,103.52225229191295,106.52908558418636,106.52908558418636,11.455009643776602,15,4.4791665048222855,Moto,Stormy,Low,Metropolitian,False,0,0,0,1377.241447334362,1498.7705329185483,Nenhuma,1
pedido_1393.9316470781202_700,136.34491385489824,116.4709736931269,101.4709736931269,13.981407595700379,5,4.991456801039472,Moto,Sandstorms,High,Metropolitian,True,0,1,0,1393.9316470781202,1500.4026207712473,Aumento_Velocidade,1
pedido_1391.7945482808598_699,133.05266559932767,115.16216704041055,100.16216704041055,4.194738083764472,10,5.0,Moto,Sandstorms,Medium,Metropolitian,True,0,0,0,1391.7945482808598,1501.9567153212704,Rota_Reduzida,1
pedido_1414.7222834641416_708,109.89635398808134,104.08956495568232,89.08956495568232,14.483938970465864,5,4.814071458384153,Scooter,Sunny,Jam,Metropolitian,False,0,1,1,1414.7222834641416,1508.811848419824,Aumento_Velocidade,1
pedido_1426.6578847777018_714,97.73645979857947,88.61713067694284,73.61713067694284,5.023319764379289,10,4.76856356047971,Scooter,Sunny,High,Metropolitian,False,0,1,1,1426.6578847777018,1510.2750154546447,Aumento_Velocidade,1
pedido_1416.9297550640888_709,124.56494712229518,95.76886336007867,80.76886336007867,2.4213505327749507,15,4.780961255624301,Moto,Sandstorms,Jam,Urban,False,0,1,0,1416.9297550640888,1512.6986184241675,Aumento_Velocidade,1
pedido_1348.8671881644402_674,170.36591674499635,151.69831047084247,151.69831047084247,15.953828418676146,15,4.446774767088305,Moto,Foggy,Low,Urban,False,0,0,0,1348.8671881644402,1515.5654986352827,Nenhuma,0
pedido_1410.5977117698146_705,133.83287794928606,120.62391625302348,105.62391625302348,12.211807010161213,5,4.8635409066300435,Moto,Stormy,Medium,Metropolitian,True,0,0,0,1410.5977117698146,1521.221628022838,Rota_Reduzida,1
pedido_1402.0817031006234_702,133.81839565085713,130.35074104276217,115.35074104276217,18.662351343204985,5,4.76566299688416,Moto,Stormy,Medium,Metropolitian,False,0,0,0,1402.0817031006234,1522.4324441433855,Rota_Reduzida,1
pedido_1412.9742901407435_706,132.44326302474514,112.42821952926919,97.42821952926919,9.040753036936017,15,4.492522071289376,Scooter,Sandstorms,Medium,Metropolitian,False,0,0,0,1412.9742901407435,1525.4025096700127,Rota_Reduzida,1
pedido_1418.4893118321536_710,140.9742370610932,118.47825877110012,103.47825877110012,11.063108277509539,10,4.598259473656954,Moto,Foggy,High,Metropolitian,False,0,1,0,1418.4893118321536,1531.9675706032538,Aumento_Velocidade,1
pedido_1423.4814753434293_712,133.34913206797495,119.0176267167303,104.0176267167303,14.220967319890077,5,4.814981624832574,Scooter,Windy,High,Metropolitian,False,0,1,0,1423.4814753434293,1532.4991020601597,Aumento_Velocidade,1
pedido_1410.2224432800883_704,133.2363352086379,129.2022141527426,114.20221415274261,10.723014097733284,10,4.6889267033598365,Moto,Sandstorms,High,Metropolitian,False,0,1,0,1410.2224432800883,1534.4246574328308,Aumento_Velocidade,1
pedido_1430.0910874265946_717,134.82355132939293,122.25566247285694,107.25566247285694,4.5683545748737115,5,4.6025967467858955,Moto,Sandstorms,Medium,Urban,False,0,0,0,1430.0910874265946,1542.3467498994517,Rota_Reduzida,1
pedido_1433.7983282098708_720,127.93486229971279,120.12105612044806,105.12105612044806,7.4704575941057625,10,4.882399514917951,Moto,Stormy,High,Metropolitian,False,0,1,0,1433.7983282098708,1548.9193843303187,Aumento_Velocidade,1
pedido_1428.2271869765775_715,127.4645983255548,131.08019277207285,116.08019277207285,0.27234160968142973,5,4.629095921128551,Moto,Stormy,High,Urban,False,0,1,0,1428.2271869765775,1549.3073797486504,Aumento_Velocidade,1
pedido_1373.364929489229_688,170.0721633079404,186.7703203934,171.7703203934,5.291796921528691,5,4.389490900729101,Moto,Sandstorms,Medium,Urban,True,0,0,0,1373.364929489229,1550.135249882629,Rota_Reduzida,0
pedido_1459.894074907662_735,95.18733229388945,91.46511856672939,76.46511856672939,2.701870456879408,15,4.740405419386878,Moto,Sunny,High,Metropolitian,False,0,1,1,1459.894074907662,1551.3591934743913,Aumento_Velocidade,1
pedido_1430.112966966019_718,134.21504553323146,133.61180327638604,118.61180327638604,14.43093280595366,5,4.949607426942605,Moto,Sandstorms,High,Metropolitian,False,0,1,0,1430.112966966019,1553.7247702424052,Aumento_Velocidade,1
pedido_1434.7399298272314_721,150.51960965993712,124.77600239929762,109.77600239929762,13.833432491529313,10,4.820095524861173,Moto,Foggy,Jam,Urban,True,0,1,0,1434.7399298272314,1554.515932226529,Aumento_Velocidade,1
pedido_1447.0337377798237_725,110.77046046684883,107.96372723358537,92.96372723358537,17.165294333760322,15,4.509946960278686,Moto,Sunny,Jam,Metropolitian,False,0,1,1,1447.0337377798237,1554.997465013409,Aumento_Velocidade,1
pedido_1429.0414313636263_716,127.22633727826113,122.64998084494877,122.64998084494877,3.284978478450785,5,4.6093437673955036,Van,Windy,Jam,Urban,False,0,1,0,1429.0414313636263,1556.691412208575,Nenhuma,0
pedido_1446.0547617584884_724,132.77901003241487,120.958311467821,105.958311467821,17.31722820352127,10,4.928924685732459,Moto,Stormy,High,Urban,True,0,1,0,1446.0547617584884,1562.0130732263094,Aumento_Velocidade,1
pedido_1409.8039251090681_703,154.52809137516624,152.91716917360125,137.91716917360125,17.59241499996644,15,4.950451320107664,Moto,Foggy,Jam,Metropolitian,True,0,1,0,1409.8039251090681,1562.7210942826694,Aumento_Velocidade,0
pedido_1452.885321887944_731,132.49103640531567,120.08373868825682,105.08373868825682,8.737284979453458,5,4.874661005275725,Scooter,Foggy,High,Urban,False,0,1,0,1452.885321887944,1562.9690605762007,Aumento_Velocidade,1
pedido_1440.2098303103587_722,133.7029245104078,128.3865694790755,113.38656947907549,19.93205315138922,10,4.607056786861906,Moto,Windy,High,Metropolitian,False,0,1,0,1440.2098303103587,1563.5963997894341,Aumento_Velocidade,1
pedido_1369.5990069266077_684,200.66929266040495,207.92844802333207,192.92844802333207,16.37771574727668,5,4.409627621682501,Scooter,Stormy,Jam,Metropolitian,False,0,1,0,1369.5990069266077,1567.5274549499397,Aumento_Velocidade,0
pedido_1448.0504779176872_726,132.16322789244947,129.80865267490506,114.80865267490506,0.3953736280974818,5,4.815796347246938,Scooter,Stormy,Medium,Metropolitian,False,0,0,0,1448.0504779176872,1567.8591305925922,Rota_Reduzida,1
pedido_1442.93501572679_723,137.25633215795858,125.47836786701848,110.47836786701848,10.775124816868962,15,4.598501993145244,Scooter,Stormy,Jam,Metropolitian,True,0,1,0,1442.93501572679,1568.4133835938085,Aumento_Velocidade,1
pedido_1451.1046180651679_728,133.97566805035234,123.04157905680421,108.04157905680421,15.284565249570194,10,4.499766186129383,Moto,Stormy,Medium,Metropolitian,False,0,0,0,1451.1046180651679,1569.1461971219721,Rota_Reduzida,1
pedido_1451.8958881864728_729,135.35273384526806,128.65181938771076,113.65181938771076,15.528611979736114,10,4.753681319357335,Scooter,Windy,Medium,Urban,False,0,0,0,1451.8958881864728,1575.5477075741835,Rota_Reduzida,1
pedido_1455.5454013611504_733,141.6415378706462,141.4990072499821,126.4990072499821,13.49921143124073,5,4.53647998522498,Moto,Stormy,Jam,Metropolitian,True,0,1,0,1455.5454013611504,1587.0444086111324,Aumento_Velocidade,0
pedido_1459.5680889217479_734,139.81822587391676,128.79818089700925,113.79818089700925,15.12507805077114,15,4.629142162866749,Moto,Windy,Jam,Metropolitian,True,0,1,0,1459.5680889217479,1588.366269818757,Aumento_Velocidade,1
pedido_1433.0755432531844_719,130.8156491729172,141.15193207112316,141.15193207112316,7.630258576816709,15,4.623430990921948,Van,Sandstorms,High,Urban,True,0,1,0,1433.0755432531844,1589.2274753243075,Nenhuma,0
pedido_1426.4114871327668_713,184.59076295071864,176.43433003807053,161.43433003807053,19.48639000769259,5,4.434243812136329,Scooter,Windy,High,Metropolitian,False,0,1,0,1426.4114871327668,1592.8458171708373,Aumento_Velocidade,0
pedido_1452.7474433537266_730,134.85640868071445,145.381755989851,130.381755989851,12.795908355962318,10,4.741886000373121,Scooter,Sandstorms,High,Metropolitian,False,0,1,0,1452.7474433537266,1593.1291993435775,Aumento_Velocidade,0
pedido_1453.874948307015_732,166.93408772211424,163.27069441026416,148.27069441026416,6.577253000641447,15,4.321586080716749,Moto,Sunny,Medium,Metropolitian,False,0,0,1,1453.874948307015,1617.1456427172793,Rota_Reduzida,0
pedido_1449.9128359639017_727,186.34106316592337,172.91855451018137,157.91855451018137,21.32794446822667,10,4.397254746912957,Scooter,Windy,High,Urban,False,0,1,0,1449.9128359639017,1617.831390474083,Aumento_Velocidade,0
pedido_2885.4843351767445_5,44.69122416623965,50.94617351108292,50.94617351108292,6.685848242515456,5,4.737463960819284,Scooter,Stormy,High,Metropolitian,True,1,1,0,2885.4843351767445,2941.4305086878276,Nenhuma,1
pedido_2887.191012994046_8,95.50688453219448,80.63957354334421,65.63957354334421,9.192378632335478,5,4.837161560329375,Scooter,Sunny,Medium,Metropolitian,False,0,0,1,2887.191012994046,2957.8305865373904,Rota_Reduzida,1
pedido_2880.9254137017306_0,100.08347468573285,101.21440291325783,86.21440291325783,1.2968473379392975,5,4.5243779837152225,Scooter,Sunny,High,Urban,False,0,1,1,2880.9254137017306,2972.1398166149884,Aumento_Velocidade,1
pedido_2883.6722405268592_3,101.40797453446916,91.37550631110174,76.37550631110174,3.2494059730929314,15,5.0,Moto,Sunny,High,Metropolitian,True,0,1,1,2883.6722405268592,2975.047746837961,Aumento_Velocidade,1
pedido_2900.563389763486_11,100.27886472916231,87.21834454836768,72.21834454836768,9.689608054931849,10,5.0,Moto,Sunny,Medium,Metropolitian,True,0,0,1,2900.563389763486,2982.781734311854,Rota_Reduzida,1
pedido_2931.255805994416_19,38.133841638653394,45.96945887461776,45.96945887461776,16.636705604999737,10,4.733791276993699,Scooter,Sandstorms,Low,Urban,False,1,0,0,2931.255805994416,2987.2252648690337,Nenhuma,1
pedido_2890.0202344696136_9,101.85067578837038,119.3198659822667,104.3198659822667,14.907763994007716,5,4.995602721275828,Scooter,Sunny,High,Urban,False,0,1,1,2890.0202344696136,2999.34010045188,Aumento_Velocidade,1
pedido_2886.208647918708_6,131.31869192456597,130.0122463551674,115.0122463551674,7.771506703048211,5,4.711781840648135,Scooter,Sandstorms,High,Metropolitian,False,0,1,0,2886.208647918708,3006.2208942738753,Aumento_Velocidade,1
pedido_2910.004570898188_13,132.22962665275085,117.21412381110838,102.21412381110838,5.528563246553773,5,4.834027724383903,Scooter,Foggy,High,Metropolitian,True,0,1,0,2910.004570898188,3017.2186947092964,Aumento_Velocidade,1
pedido_2973.00446854455_38,38.207493720282876,35.943725133981175,35.943725133981175,12.047479676420789,10,4.945636408100337,Scooter,Stormy,Low,Metropolitian,False,1,0,0,2973.00446854455,3018.9481936785314,Nenhuma,1
pedido_2940.990365767459_25,94.8433070415094,63.06092535603332,63.06092535603332,2.6835742782182925,15,4.730374563014,Scooter,Sunny,Low,Metropolitian,False,0,0,1,2940.990365767459,3019.0512911234923,Nenhuma,1
pedido_2881.695162984408_1,134.91971951552105,142.45753537649335,127.45753537649335,11.535066570170034,10,4.4651548097504135,Moto,Sandstorms,High,Metropolitian,False,0,1,0,2881.695162984408,3019.1526983609015,Aumento_Velocidade,0
pedido_2884.2698500422953_4,136.7996284226886,148.45810199767922,133.45810199767922,16.88892557557721,5,4.976347720201395,Moto,Stormy,Jam,Metropolitian,False,0,1,0,2884.2698500422953,3022.7279520399743,Aumento_Velocidade,0
pedido_2941.465474576608_26,95.25023207545257,83.51300469355846,68.51300469355846,1.028161333098912,15,4.676819670116699,Moto,Sunny,High,Metropolitian,False,0,1,1,2941.465474576608,3024.978479270166,Aumento_Velocidade,1
pedido_2890.691581196945_10,137.04857517162844,146.95060320410659,131.95060320410659,10.237036678585358,5,4.886569753985452,Moto,Windy,Jam,Metropolitian,False,0,1,0,2890.691581196945,3027.642184401052,Aumento_Velocidade,0
pedido_2913.7790446129725_14,137.53113518932153,126.62232501479644,111.62232501479644,11.160940561714918,5,4.792611839968979,Moto,Windy,Jam,Metropolitian,False,0,1,0,2913.7790446129725,3030.401369627769,Aumento_Velocidade,1
pedido_2927.0921237507055_17,107.17060195513707,113.39850037418387,98.39850037418387,19.648238185459398,5,4.823901357239186,Moto,Sunny,Medium,Metropolitian,True,0,0,1,2927.0921237507055,3030.490624124889,Rota_Reduzida,1
pedido_2902.223989003419_12,134.92887838272162,132.70263773099657,117.70263773099657,9.832975970382709,15,4.729579565653801,Scooter,Windy,High,Metropolitian,True,0,1,0,2902.223989003419,3034.9266267344155,Aumento_Velocidade,1
pedido_2933.5359920104916_20,125.9069267250954,114.43503577578983,99.43503577578983,7.1922621551935535,5,4.716447091850483,Moto,Foggy,Medium,Metropolitian,False,0,0,0,2933.5359920104916,3037.9710277862814,Rota_Reduzida,1
pedido_2936.4525742628944_23,101.17663549600017,97.73741980844588,97.73741980844588,7.186208620199637,5,4.750700518971987,Scooter,Sandstorms,Low,Metropolitian,False,0,0,0,2936.4525742628944,3039.18999407134,Nenhuma,1
pedido_2883.2797130634567_2,172.405369836529,162.21734726108278,147.21734726108278,0.0,10,4.348494646416839,Moto,Sandstorms,High,Metropolitian,True,0,1,0,2883.2797130634567,3040.4970603245397,Aumento_Velocidade,0
pedido_2936.2212474836465_22,134.39833402897818,109.79581629906593,94.79581629906593,15.713105698275442,15,4.551752864477374,Scooter,Windy,Medium,Metropolitian,False,0,0,0,2936.2212474836465,3046.0170637827123,Rota_Reduzida,1
pedido_2945.8458297535353_29,130.92499823761014,110.2629441259185,95.2629441259185,8.520563376438732,10,4.460037507962022,Moto,Sandstorms,High,Urban,False,0,1,0,2945.8458297535353,3051.108773879454,Aumento_Velocidade,1
pedido_2939.4749430947927_24,124.56306293160415,115.4432674596101,100.4432674596101,5.536411606820869,15,4.545359189978993,Moto,Stormy,High,Metropolitian,False,0,1,0,2939.4749430947927,3054.918210554403,Aumento_Velocidade,1
pedido_2886.53112778329_7,177.24154729455327,174.20953369932803,159.20953369932803,5.83823280949435,10,4.366125536638406,Scooter,Stormy,Jam,Metropolitian,False,0,1,0,2886.53112778329,3055.7406614826177,Aumento_Velocidade,0
pedido_2969.74095873059_35,102.52498893972042,97.2942034185235,82.2942034185235,16.959952167316555,5,4.8271924628289655,Moto,Sunny,High,Metropolitian,False,0,1,1,2969.74095873059,3057.0351621491136,Aumento_Velocidade,1
pedido_2920.7566758864223_15,150.4110111218997,141.99469954638636,126.99469954638636,12.57048543685193,15,4.87276305077607,Scooter,Foggy,Jam,Metropolitian,False,0,1,0,2920.7566758864223,3062.751375432809,Aumento_Velocidade,0
pedido_3009.090410911242_54,43.7671123424685,44.324783763154485,44.324783763154485,6.797155799431653,10,4.743452422200392,Moto,Foggy,High,Metropolitian,False,1,1,0,3009.090410911242,3063.4151946743964,Nenhuma,1
pedido_2985.5628440978744_43,98.90884907823967,90.102117301251,75.102117301251,6.607395304509823,5,4.605705397169972,Scooter,Sunny,Jam,Urban,False,0,1,1,2985.5628440978744,3065.6649613991253,Aumento_Velocidade,1
pedido_2925.5456940310573_16,149.71219517012563,147.30538630938787,132.30538630938787,12.020780634416985,10,4.850184594553798,Moto,Foggy,Jam,Urban,False,0,1,0,2925.5456940310573,3067.851080340445,Aumento_Velocidade,0
pedido_2955.988850650998_31,133.49846318068467,123.28918132699101,108.28918132699101,14.22883655564127,5,4.869683134477012,Moto,Windy,High,Urban,False,0,1,0,2955.988850650998,3069.278031977989,Aumento_Velocidade,1
pedido_2951.2495398138844_30,133.3487363258664,131.28729385471755,116.28729385471755,11.967049658630149,5,5.0,Moto,Stormy,High,Urban,True,0,1,0,2951.2495398138844,3072.536833668602,Aumento_Velocidade,1
pedido_2934.525366603587_21,135.6361929006826,138.31477091036396,123.31477091036396,5.50798926925376,15,4.7321287333073,Scooter,Stormy,Medium,Metropolitian,False,0,0,0,2934.525366603587,3072.840137513951,Rota_Reduzida,0
pedido_2967.6613495940614_34,135.5492452260106,113.53803221708702,98.53803221708702,9.883175253705039,15,4.485475150148545,Moto,Foggy,High,Metropolitian,False,0,1,0,2967.6613495940614,3081.1993818111487,Aumento_Velocidade,1
pedido_2982.952231121797_40,99.58758920257063,87.37023946309723,87.37023946309723,8.400295486038667,15,4.965502700535383,Scooter,Stormy,Low,Metropolitian,False,0,0,0,2982.952231121797,3085.3224705848943,Nenhuma,1
pedido_2969.895509621974_36,103.48592549724246,103.16582403266102,103.16582403266102,10.738498933773101,15,4.860279735021763,Moto,Sandstorms,Low,Metropolitian,False,0,0,0,2969.895509621974,3088.061333654635,Nenhuma,1
pedido_2993.142601026487_46,102.58775036566331,81.14531132249034,81.14531132249034,3.1902952092171124,15,4.630733329108659,Moto,Windy,Low,Urban,True,0,0,0,2993.142601026487,3089.287912348977,Nenhuma,1
pedido_2993.5155444970355_47,122.7454514597761,105.0389430025496,85.0389430025496,4.486142216659118,15,4.615744181401483,Moto,Windy,High,Other,False,0,1,0,2993.5155444970355,3093.5544874995853,Rota_Reduzida,1
pedido_2930.519724947232_18,176.73319939861875,169.35542053581523,154.35542053581523,2.88290501273621,10,4.353023239227971,Moto,Sandstorms,High,Metropolitian,True,0,1,0,2930.519724947232,3094.875145483047,Aumento_Velocidade,0
pedido_2942.0224853747036_27,175.73809677052236,163.22185314580284,148.22185314580284,2.6566829997160792,5,3.9851971611563455,Scooter,Stormy,High,Metropolitian,True,0,1,0,2942.0224853747036,3095.2443385205065,Aumento_Velocidade,0
pedido_2977.7869240843543_39,128.10338629484463,122.72746213213915,107.72746213213915,4.044632418383099,15,4.628417340786758,Scooter,Stormy,High,Metropolitian,False,0,1,0,2977.7869240843543,3100.514386216493,Aumento_Velocidade,1
pedido_2965.183838540313_32,139.7153085249541,141.71896624130954,126.71896624130954,14.466949821182395,10,4.759271516646318,Moto,Sandstorms,Jam,Urban,False,0,1,0,2965.183838540313,3101.9028047816228,Aumento_Velocidade,0
pedido_2983.2276267596026_42,135.34709514368646,119.15877156674492,104.15877156674492,5.733244012845631,15,4.909804672564002,Moto,Stormy,Medium,Urban,False,0,0,0,2983.2276267596026,3102.3863983263473,Rota_Reduzida,1
pedido_3065.2550182447917_89,47.27208831029607,29.07844911360784,29.07844911360784,6.715866458464579,10,4.470398247477008,Moto,Sandstorms,Jam,Metropolitian,True,1,1,0,3065.2550182447917,3104.3334673583995,Nenhuma,1
pedido_3009.089807672162_53,99.9275863311799,91.43064121181914,91.43064121181914,11.83538757719418,5,4.787475451420032,Van,Sunny,Medium,Metropolitian,False,0,0,1,3009.089807672162,3105.520448883981,Nenhuma,1
pedido_3071.90359779259_94,45.49126610040894,26.19876642296738,26.19876642296738,2.547738544816499,10,4.963461528698864,Scooter,Sandstorms,High,Metropolitian,False,1,1,0,3071.90359779259,3108.1023642155574,Nenhuma,1
pedido_2989.5595419409206_45,124.21029387847321,129.23842696456717,114.23842696456717,0.8232530938017559,5,4.550809911794936,Scooter,Foggy,Medium,Metropolitian,True,0,0,0,2989.5595419409206,3108.797968905488,Rota_Reduzida,1
pedido_3030.419205337285_69,99.26578125011531,80.4583527988772,65.4583527988772,7.647785413643126,15,4.566787371290267,Scooter,Sunny,High,Metropolitian,True,0,1,1,3030.419205337285,3110.877558136162,Aumento_Velocidade,1
pedido_3005.7017930559787_50,134.35836150150567,120.64069035536431,105.64069035536431,16.416015045093033,5,4.603519530202554,Scooter,Windy,Medium,Metropolitian,False,0,0,0,3005.7017930559787,3116.342483411343,Rota_Reduzida,1
pedido_2989.370040446019_44,132.36481215780856,132.25381617852278,117.25381617852278,4.1550448408708265,10,4.663687801228215,Scooter,Sandstorms,High,Metropolitian,False,0,1,0,2989.370040446019,3116.623856624542,Aumento_Velocidade,1
pedido_3042.0285474115467_80,112.36431529147616,76.95219164397356,61.95219164397356,15.366993265064398,15,4.520558664964128,Moto,Sunny,Jam,Urban,False,0,1,1,3042.0285474115467,3118.98073905552,Aumento_Velocidade,1
pedido_3025.744594677453_67,98.71650902594666,95.83122983578028,80.83122983578028,5.718726264176227,15,4.62339460962048,Moto,Sunny,High,Metropolitian,False,0,1,1,3025.744594677453,3121.575824513233,Aumento_Velocidade,1
pedido_3009.9051673402596_55,123.04442606971529,124.33177720812597,104.33177720812597,1.1429830410575645,10,4.706700231802943,Moto,Windy,High,Other,False,0,1,0,3009.9051673402596,3124.2369445483855,Rota_Reduzida,1
pedido_3024.2252437704374_64,129.4306379683732,110.11281057240264,95.11281057240264,14.931209858374672,5,4.852665863078604,Moto,Stormy,High,Metropolitian,False,0,1,0,3024.2252437704374,3124.33805434284,Aumento_Velocidade,1
pedido_3034.475500438565_74,95.20899903936339,91.44336305049106,76.44336305049106,9.336213867400193,15,4.677389295083146,Moto,Sunny,High,Metropolitian,False,0,1,1,3034.475500438565,3125.918863489056,Aumento_Velocidade,1
pedido_3007.218862455982_51,133.49846318068467,123.79348032963685,108.79348032963685,14.529411285789923,10,4.93834029895624,Moto,Windy,High,Urban,False,0,1,0,3007.218862455982,3126.012342785619,Aumento_Velocidade,1
pedido_3034.6902416252747_75,104.06907833608427,91.55876733956798,76.55876733956798,16.499302783048954,15,4.548500369850054,Scooter,Sunny,Medium,Metropolitian,False,0,0,1,3034.6902416252747,3126.2490089648427,Rota_Reduzida,1
pedido_2983.0661078376743_41,132.0143942073065,133.5719046855373,133.5719046855373,5.3592756139519295,10,4.715844744666564,Van,Sandstorms,High,Metropolitian,False,0,1,0,2983.0661078376743,3126.6380125232117,Nenhuma,0
pedido_3016.6924745961537_60,134.89077910663988,116.83582148237062,101.83582148237062,15.6806247436504,10,4.642111603344233,Scooter,Sandstorms,High,Metropolitian,True,0,1,0,3016.6924745961537,3128.5282960785244,Aumento_Velocidade,1
pedido_3004.418535900193_49,136.2716292499163,134.1215310880652,119.12153108806521,6.491821595326126,10,5.0,Moto,Sandstorms,Medium,Metropolitian,False,0,0,0,3004.418535900193,3133.5400669882583,Rota_Reduzida,1
pedido_3030.583717834545_70,110.8665129399027,88.3014052621732,88.3014052621732,14.384138140861122,15,4.715732909500502,Moto,Foggy,Low,Metropolitian,False,0,0,0,3030.583717834545,3133.8851230967184,Nenhuma,1
pedido_3037.488716756338_78,127.68098561990368,96.47930951629644,81.47930951629644,3.286141910796881,15,4.484709382994804,Moto,Windy,High,Urban,True,0,1,0,3037.488716756338,3133.9680262726342,Aumento_Velocidade,1
pedido_3013.46417946665_56,133.68357605391355,131.22191112982983,116.22191112982983,4.282655003014098,5,5.0,Scooter,Windy,High,Metropolitian,False,0,1,0,3013.46417946665,3134.68609059648,Aumento_Velocidade,1
pedido_2967.320514387426_33,186.2947009010636,173.6718192942233,158.6718192942233,16.591159270481825,10,4.435314552633158,Moto,Windy,Medium,Metropolitian,True,0,0,0,2967.320514387426,3135.9923336816496,Rota_Reduzida,0
pedido_2943.1538728971013_28,189.04209250034577,188.16010334172591,188.16010334172591,13.907463975303411,5,4.254933718022958,Van,Foggy,High,Metropolitian,True,0,1,0,2943.1538728971013,3136.3139762388273,Nenhuma,0
pedido_3042.4229354354184_81,101.4471000441293,79.51058708649701,79.51058708649701,0.040870679817762934,15,5.0,Van,Sunny,High,Metropolitian,True,0,1,1,3042.4229354354184,3136.933522521915,Nenhuma,1
pedido_3007.3320721129016_52,136.50469175854383,139.91104346602677,124.91104346602677,10.909956139124441,5,4.530970067442831,Scooter,Sandstorms,High,Metropolitian,True,0,1,0,3007.3320721129016,3137.2431155789286,Aumento_Velocidade,0
pedido_2971.547447473099_37,197.74559019366487,176.5260154582918,161.5260154582918,15.743312830078594,5,4.390637983092876,Moto,Windy,Jam,Urban,False,0,1,0,2971.547447473099,3138.073462931391,Aumento_Velocidade,0
pedido_3034.9237430390767_76,103.36983236614864,95.24037571724317,95.24037571724317,16.272583992044563,10,4.635881369480508,Van,Stormy,Low,Metropolitian,False,0,0,0,3034.9237430390767,3140.16411875632,Nenhuma,1
pedido_3112.328436285442_122,43.50087138602514,25.840081325127095,25.840081325127095,16.921992121198556,5,4.652017831625672,Moto,Stormy,Jam,Metropolitian,False,1,1,0,3112.328436285442,3143.168517610569,Nenhuma,1
pedido_3038.2472279867065_79,123.40083122371925,111.12982232819745,96.12982232819745,1.400300019681533,10,4.66089158123607,Moto,Stormy,Jam,Metropolitian,False,0,1,0,3038.2472279867065,3144.377050314904,Aumento_Velocidade,1
pedido_3029.3007669442704_68,105.43391422437541,110.18749112958905,110.18749112958905,16.167358574631372,5,4.612271032567679,Moto,Stormy,Low,Urban,True,0,0,0,3029.3007669442704,3144.4882580738595,Nenhuma,1
pedido_3015.749819564177_59,135.1903512904867,140.41093747245776,125.41093747245776,4.629626867450491,5,4.7985362423483275,Scooter,Stormy,Medium,Metropolitian,False,0,0,0,3015.749819564177,3146.1607570366345,Rota_Reduzida,0
pedido_3025.2211600539144_66,139.538315008214,131.90695047406263,116.90695047406263,10.324265834946209,5,4.649990336709082,Scooter,Windy,Medium,Metropolitian,True,0,0,0,3025.2211600539144,3147.1281105279772,Rota_Reduzida,1
pedido_3046.434368703864_82,134.88795732177473,108.67453020811095,93.67453020811095,19.75661105123735,10,4.654889600556471,Scooter,Sandstorms,High,Urban,False,0,1,0,3046.434368703864,3150.108898911975,Aumento_Velocidade,1
pedido_3020.4847052213654_63,134.50358565486462,140.9894603695827,125.9894603695827,13.965372293115777,5,4.900426482861591,Moto,Sandstorms,High,Urban,True,0,1,0,3020.4847052213654,3151.474165590948,Aumento_Velocidade,0
pedido_3076.012349719254_101,98.73068190264077,86.05459087681467,71.05459087681467,10.105704459915795,5,4.661733644257007,Moto,Sunny,Medium,Metropolitian,False,0,0,1,3076.012349719254,3152.0669405960684,Rota_Reduzida,1
pedido_3033.4818516740947_73,128.70232770650387,109.08923711365075,109.08923711365075,7.766366555506771,15,4.708968470865938,Van,Stormy,Jam,Metropolitian,False,0,1,0,3033.4818516740947,3157.5710887877453,Nenhuma,1
pedido_3117.0029024944397_124,45.98887880320173,28.080662826843174,28.080662826843174,18.832051305648335,15,4.782515057806318,Moto,Windy,High,Metropolitian,False,1,1,0,3117.0029024944397,3160.083565321283,Nenhuma,1
pedido_3062.476271527448_86,102.68296989328013,88.16135185983404,88.16135185983404,11.686313723002334,10,5.0,Scooter,Windy,Low,Metropolitian,False,0,0,0,3062.476271527448,3160.637623387282,Nenhuma,1
pedido_3072.2294096470423_95,104.80928965537505,90.71310183454626,75.71310183454626,4.0749662154317585,15,4.479576252485025,Scooter,Sunny,High,Metropolitian,False,0,1,1,3072.2294096470423,3162.9425114815886,Aumento_Velocidade,1
pedido_3031.0377152222363_71,135.91310385515797,133.11241583552115,118.11241583552115,16.460171681862683,15,4.533030134070212,Moto,Sandstorms,Medium,Metropolitian,True,0,0,0,3031.0377152222363,3164.1501310577573,Rota_Reduzida,1
pedido_3071.710363271787_93,105.95567356939611,88.87831908908414,88.87831908908414,12.471586592334432,5,4.514254439763275,Van,Sunny,High,Metropolitian,False,0,1,1,3071.710363271787,3165.588682360871,Nenhuma,1
pedido_3050.7333404694755_84,134.61447776040401,120.36635753785285,105.36635753785285,9.815237410656916,10,4.500926297468029,Moto,Windy,High,Metropolitian,False,0,1,0,3050.7333404694755,3166.0996980073282,Aumento_Velocidade,1
pedido_3056.866198126411_85,125.82945348277117,115.19813856356683,100.19813856356683,7.91943836189291,10,5.0,Scooter,Foggy,Medium,Metropolitian,False,0,0,0,3056.866198126411,3167.0643366899776,Rota_Reduzida,1
pedido_3024.621754575032_65,135.35758024500464,147.54738750685962,132.54738750685962,19.61137058189749,10,4.657649622996559,Moto,Windy,Jam,Metropolitian,False,0,1,0,3024.621754575032,3167.1691420818916,Aumento_Velocidade,0
pedido_3077.271866774096_103,101.61481017132195,100.4028540875406,85.4028540875406,15.45669590476632,5,4.6740065541053,Moto,Sunny,High,Metropolitian,False,0,1,1,3077.271866774096,3167.6747208616366,Aumento_Velocidade,1
pedido_3032.3036432596327_72,142.21026714683398,145.6573754548705,130.6573754548705,10.303354773232662,5,4.704772095523892,Scooter,Foggy,High,Metropolitian,True,0,1,0,3032.3036432596327,3167.961018714503,Aumento_Velocidade,0
pedido_3081.543709944061_104,102.72064245037974,92.22024713379811,77.22024713379811,17.483806531490536,10,4.67001431294477,Moto,Sunny,High,Metropolitian,False,0,1,1,3081.543709944061,3168.7639570778592,Aumento_Velocidade,1
pedido_3000.2131529370895_48,177.15871764088558,174.4590412739209,159.4590412739209,7.594030003936276,10,4.392672156191867,Scooter,Sandstorms,High,Metropolitian,True,0,1,0,3000.2131529370895,3169.6721942110103,Aumento_Velocidade,0
pedido_3015.3421875544373_58,132.54907833083777,145.88189054612232,145.88189054612232,16.55707628526673,10,4.564589426979864,Van,Windy,High,Urban,False,0,1,0,3015.3421875544373,3171.2240781005594,Nenhuma,0
pedido_3071.551333679549_92,98.33889860129989,93.93330095933625,93.93330095933625,0.0,10,4.73200960511875,Scooter,Foggy,Low,Urban,False,0,0,0,3071.551333679549,3175.484634638885,Nenhuma,1
pedido_3074.749056231564_98,132.995615172204,117.00245740317102,102.00245740317102,15.962668255231737,5,4.703824680267065,Scooter,Stormy,Jam,Metropolitian,False,0,1,0,3074.749056231564,3181.7515136347347,Aumento_Velocidade,1
pedido_3017.2372218043397_61,171.10206563240558,179.6893197039861,159.6893197039861,2.476582494997079,5,4.348135862413232,Moto,Windy,High,Other,True,0,1,0,3017.2372218043397,3181.926541508326,Rota_Reduzida,0
pedido_3072.7438625735235_96,132.19334455705842,119.5762662365192,104.5762662365192,10.213683184570153,5,4.521377448430915,Scooter,Sandstorms,High,Metropolitian,False,0,1,0,3072.7438625735235,3182.3201288100427,Aumento_Velocidade,1
pedido_3075.5345997700774_99,103.43536807439561,98.0948406122393,98.0948406122393,3.64767155721238,10,4.869489020546755,Scooter,Sandstorms,Low,Metropolitian,False,0,0,0,3075.5345997700774,3183.6294403823167,Nenhuma,1
pedido_3062.707340836112_87,126.48885661689617,131.08533616454406,116.08533616454406,2.194431259123526,5,4.49496482022874,Scooter,Foggy,Jam,Metropolitian,False,0,1,0,3062.707340836112,3183.792677000656,Aumento_Velocidade,1
pedido_3075.8261325302883_100,133.5212356353991,118.5000355767333,103.5000355767333,7.615722996424098,5,4.83910437025956,Moto,Sandstorms,Medium,Urban,False,0,0,0,3075.8261325302883,3184.3261681070217,Rota_Reduzida,1
pedido_3081.671809726901_105,127.18407034260261,109.24372543941054,94.24372543941054,6.77950197543397,10,4.848389664448873,Moto,Sandstorms,Jam,Urban,False,0,1,0,3081.671809726901,3185.915535166311,Aumento_Velocidade,1
pedido_3064.2736836383456_88,137.68236432619864,133.2529147808883,118.25291478088829,10.122105385588522,5,4.611711280849696,Moto,Foggy,High,Metropolitian,False,0,1,0,3064.2736836383456,3187.526598419234,Aumento_Velocidade,1
pedido_3013.6658892085247_57,188.00732153993738,181.7293367525959,166.7293367525959,16.8811747438345,10,4.394424102332686,Moto,Foggy,High,Metropolitian,True,0,1,0,3013.6658892085247,3190.3952259611206,Aumento_Velocidade,0
pedido_3104.692246566616_116,102.96140195964212,97.27442031813544,82.27442031813544,4.840247553175047,5,4.537686018723867,Scooter,Sunny,Jam,Metropolitian,False,0,1,1,3104.692246566616,3191.9666668847517,Aumento_Velocidade,1
pedido_3150.842123656395_138,48.88917923773652,27.971787529345704,27.971787529345704,18.35433066460679,15,4.5520606572754465,Scooter,Foggy,Medium,Metropolitian,True,1,0,0,3150.842123656395,3193.813911185741,Nenhuma,1
pedido_3110.7180997222526_120,98.17959385598225,69.0839909576484,69.0839909576484,7.956829437670873,15,4.866546151345345,Moto,Foggy,Low,Metropolitian,False,0,0,0,3110.7180997222526,3194.802090679901,Nenhuma,1
pedido_3117.320726142491_125,99.09272445697489,87.98797811580727,72.98797811580727,0.0,5,4.71694026571843,Moto,Sunny,Jam,Metropolitian,False,0,1,1,3117.320726142491,3195.3087042582983,Aumento_Velocidade,1
pedido_3073.299810507825_97,132.5508659775986,117.02996442582224,117.02996442582224,3.441844125474783,5,4.756665404423962,Van,Stormy,Medium,Metropolitian,False,0,0,0,3073.299810507825,3195.329774933647,Nenhuma,1
pedido_3035.209437224347_77,180.2718998473442,160.18301226957826,145.18301226957826,12.98564577302309,15,4.186063626878268,Moto,Sunny,High,Metropolitian,True,0,1,1,3035.209437224347,3195.392449493925,Aumento_Velocidade,0
pedido_3069.619778513192_91,151.8422995248946,139.26430467580516,124.26430467580516,10.783561022177237,5,4.64232085921527,Moto,Foggy,Jam,Metropolitian,False,0,1,0,3069.619778513192,3198.8840831889975,Aumento_Velocidade,0
pedido_3085.3077656198493_107,130.22040801448227,126.44911592107908,111.44911592107908,6.571983200482114,5,4.817180641737949,Moto,Sandstorms,High,Urban,True,0,1,0,3085.3077656198493,3201.7568815409286,Aumento_Velocidade,1
pedido_3017.370861636261_62,179.7628651725771,179.85443631342744,179.85443631342744,17.495805894940343,5,4.306826911340705,Van,Sunny,High,Metropolitian,False,0,1,1,3017.370861636261,3202.2252979496884,Nenhuma,0
pedido_3106.7955655398505_118,109.05416205221078,87.05838054098244,87.05838054098244,15.970809114671967,10,4.543582827451782,Van,Sunny,High,Metropolitian,True,0,1,1,3106.7955655398505,3203.853946080833,Nenhuma,1
pedido_3088.73564381424_109,127.05048793851435,126.0075241905987,111.0075241905987,7.326677443544544,5,4.4982388843816725,Moto,Stormy,Jam,Metropolitian,False,0,1,0,3088.73564381424,3204.743168004839,Aumento_Velocidade,1
pedido_3087.558644083319_108,128.42390397577498,113.87711373587912,113.87711373587912,2.2560951165844587,5,4.557842864136593,Van,Stormy,High,Metropolitian,False,0,1,0,3087.558644083319,3206.435757819198,Nenhuma,1
pedido_3121.064367186016_127,102.84198900603003,87.49813264310448,72.49813264310448,7.942088027707301,15,4.507878079816559,Scooter,Sunny,High,Urban,False,0,1,1,3121.064367186016,3208.5624998291205,Aumento_Velocidade,1
pedido_3096.3514037797972_113,128.50363790523832,119.68953136588087,104.68953136588087,1.402447937675165,10,4.75073546800338,Moto,Stormy,High,Urban,True,0,1,0,3096.3514037797972,3211.0409351456783,Aumento_Velocidade,1
pedido_3118.091550449508_126,98.4741218806905,98.43685345375198,83.43685345375198,8.549372414555597,10,4.789834280169419,Moto,Sunny,Jam,Metropolitian,False,0,1,1,3118.091550449508,3211.52840390326,Aumento_Velocidade,1
pedido_3092.083994075141_110,134.21504553323146,126.59773029312319,111.59773029312319,15.726210432897748,10,4.859354135618992,Moto,Sandstorms,High,Metropolitian,False,0,1,0,3092.083994075141,3213.6817243682644,Aumento_Velocidade,1
pedido_3065.861590195072_90,136.340453812225,158.14393151913396,143.14393151913396,12.377936222557105,5,4.532821458871356,Moto,Sandstorms,High,Metropolitian,False,0,1,0,3065.861590195072,3214.005521714206,Aumento_Velocidade,0
pedido_3151.571128916809_139,51.706356679985426,59.50376096716815,59.50376096716815,8.38199176178646,5,4.611571096459799,Moto,Sandstorms,Medium,Metropolitian,True,1,0,0,3151.571128916809,3216.074889883977,Nenhuma,1
pedido_3183.4308660589377_160,39.37674875139419,17.72653397931451,17.72653397931451,15.7774613679481,15,4.8185227472365755,Moto,Sunny,Medium,Metropolitian,True,1,0,1,3183.4308660589377,3216.157400038252,Nenhuma,1
pedido_3140.1671649765485_133,94.22330710528537,81.39196943188367,66.39196943188367,7.768093193854238,10,4.80975187768942,Scooter,Sunny,High,Metropolitian,False,0,1,1,3140.1671649765485,3216.5591344084323,Aumento_Velocidade,1
pedido_3099.3224561495153_114,102.50875583707625,110.14790049240335,110.14790049240335,15.312949944357596,10,4.977934615499443,Moto,Stormy,Low,Metropolitian,False,0,0,0,3099.3224561495153,3219.470356641919,Nenhuma,1
pedido_3101.8332991131815_115,132.07878980085906,118.24934259384696,118.24934259384696,5.456059040465236,5,4.360746965298805,Moto,Windy,Low,Urban,True,0,0,0,3101.8332991131815,3225.0826417070284,Nenhuma,1
pedido_3155.0814540553097_142,97.86460107041489,76.84152107138712,61.84152107138712,6.556854360320914,10,4.758943555017482,Scooter,Sunny,High,Metropolitian,True,0,1,1,3155.0814540553097,3226.9229751266967,Aumento_Velocidade,1
pedido_3096.1321225784777_112,123.62640924806604,125.99691788350427,125.99691788350427,2.2042812439225696,5,4.626611158635146,Van,Foggy,Medium,Urban,True,0,0,0,3096.1321225784777,3227.129040461982,Nenhuma,0
pedido_3130.247418106867_130,103.95994351791434,89.23928536529031,89.23928536529031,9.444120958279605,10,4.61119884405764,Moto,Sunny,Low,Metropolitian,False,0,0,1,3130.247418106867,3229.4867034721574,Nenhuma,1
pedido_3046.744136086641_83,200.75607570429503,192.7836984074904,177.7836984074904,14.115148692193518,5,4.403785716350605,Moto,Foggy,Jam,Metropolitian,True,0,1,0,3046.744136086641,3229.527834494131,Aumento_Velocidade,0
pedido_3127.2501100624468_128,129.32861144876867,114.10820915468386,99.10820915468386,13.706382272149632,5,4.72224602994641,Moto,Stormy,High,Metropolitian,False,0,1,0,3127.2501100624468,3231.3583192171304,Aumento_Velocidade,1
pedido_3108.774810060731_119,120.6960983939242,121.37335564205794,121.37335564205794,16.935872660791762,5,4.838049312500825,Scooter,Sunny,Low,Metropolitian,False,0,0,1,3108.774810060731,3235.148165702789,Nenhuma,0
pedido_3111.2593622548857_121,130.44988961041798,130.38498391408814,115.38498391408814,14.872605957986368,10,4.498290653399774,Moto,Stormy,High,Metropolitian,False,0,1,0,3111.2593622548857,3236.6443461689737,Aumento_Velocidade,1
pedido_3200.831515713283_170,49.12316384642794,33.0267450676743,33.0267450676743,14.015875823735653,5,4.739165941022813,Moto,Windy,Medium,Metropolitian,True,1,0,0,3200.831515713283,3238.858260780957,Nenhuma,1
pedido_3127.648048378441_129,130.98082566287044,120.29641879309739,105.29641879309739,8.910482084368553,10,4.508619574810215,Moto,Sandstorms,High,Metropolitian,True,0,1,0,3127.648048378441,3242.9444671715387,Aumento_Velocidade,1
pedido_3190.2573308355327_164,45.04653707917286,43.15494725843324,43.15494725843324,2.2372233123138696,10,4.7229236741181,Scooter,Stormy,High,Metropolitian,False,1,1,0,3190.2573308355327,3243.412278093966,Nenhuma,1
pedido_3143.6591386529153_135,133.84444198160432,106.56468358625246,91.56468358625246,13.332972909892494,10,4.679244895269848,Moto,Windy,High,Metropolitian,False,0,1,0,3143.6591386529153,3245.223822239168,Aumento_Velocidade,1
pedido_3156.099971420127_145,100.79882407916267,84.92097877192337,84.92097877192337,5.213084006375848,5,5.0,Moto,Windy,Low,Metropolitian,True,0,0,0,3156.099971420127,3246.0209501920503,Nenhuma,1
pedido_3176.840200356588_156,110.25714720894022,75.27439183111221,60.27439183111221,10.296439774632944,10,4.963196669710816,Scooter,Sunny,Jam,Urban,False,0,1,1,3176.840200356588,3247.1145921877,Aumento_Velocidade,1
pedido_3076.853799855432_102,200.37518443109178,180.17801745738208,165.17801745738208,12.134771389892174,10,4.368343710001076,Moto,Stormy,Jam,Metropolitian,False,0,1,0,3076.853799855432,3252.031817312814,Aumento_Velocidade,0
pedido_3155.3977166273908_144,130.18878918194852,107.46046894465917,92.46046894465917,6.140617321407019,5,5.0,Moto,Stormy,High,Metropolitian,False,0,1,0,3155.3977166273908,3252.85818557205,Aumento_Velocidade,1
pedido_3082.579738280097_106,173.57742893146414,175.4133603881353,160.4133603881353,2.6393899512005654,10,4.350220339086926,Scooter,Foggy,Medium,Metropolitian,False,0,0,0,3082.579738280097,3252.993098668232,Rota_Reduzida,0
pedido_3141.7780622133296_134,134.31615932826077,116.2932668443324,101.2932668443324,0.8442093308619123,10,4.608503930280748,Moto,Windy,Medium,Metropolitian,False,0,0,0,3141.7780622133296,3253.071329057662,Rota_Reduzida,1
pedido_3105.413251914271_117,135.34709514368646,133.36757789122595,133.36757789122595,5.705506841025162,15,4.8938575072618855,Van,Stormy,Medium,Metropolitian,False,0,0,0,3105.413251914271,3253.780829805497,Nenhuma,0
pedido_3131.9366035115927_131,136.59840318207358,127.95267055617037,112.95267055617037,11.42072267566186,10,4.554786630832015,Moto,Windy,Medium,Metropolitian,True,0,0,0,3131.9366035115927,3254.889274067763,Rota_Reduzida,1
pedido_3158.4524581256237_147,136.2875146519965,98.99122477251755,83.99122477251755,14.938583268941185,15,4.9280531309068945,Scooter,Sandstorms,Medium,Metropolitian,False,0,0,0,3158.4524581256237,3257.443682898141,Rota_Reduzida,1
pedido_3156.2532850694824_146,124.67640011250998,120.4244280666232,105.4244280666232,2.3641405075103537,5,4.870060454155907,Scooter,Sandstorms,Jam,Metropolitian,False,0,1,0,3156.2532850694824,3266.6777131361055,Aumento_Velocidade,1
pedido_3165.807382206144_150,109.6460660454455,108.52991509074006,93.52991509074006,13.426874937878358,10,4.837766816852593,Moto,Sunny,Jam,Urban,False,0,1,1,3165.807382206144,3269.337297296884,Aumento_Velocidade,1
pedido_3093.443126347004_111,185.7167580423363,181.74639343872258,166.74639343872258,13.15762668236955,10,4.365569219082802,Scooter,Sandstorms,High,Metropolitian,True,0,1,0,3093.443126347004,3270.1895197857266,Aumento_Velocidade,0
pedido_3164.5114009070185_149,127.59987883508448,112.2460515617803,97.2460515617803,4.541410008600048,10,4.4606238849630655,Scooter,Windy,High,Metropolitian,True,0,1,0,3164.5114009070185,3271.757452468799,Aumento_Velocidade,1
pedido_3178.5946442759055_157,99.19097087214648,78.30506747346845,78.30506747346845,6.146058786276429,15,4.86983912090912,Scooter,Stormy,Low,Metropolitian,False,0,0,0,3178.5946442759055,3271.899711749374,Nenhuma,1
pedido_3112.8192448298064_123,178.77559795105773,159.6538852013645,144.6538852013645,6.870780848692162,15,4.393275846021752,Moto,Foggy,Jam,Metropolitian,True,0,1,0,3112.8192448298064,3272.473130031171,Aumento_Velocidade,0
pedido_3153.1974067441074_141,129.02093614320492,127.17285084313059,112.17285084313059,4.017699320118705,10,4.634854230832172,Moto,Windy,High,Metropolitian,True,0,1,0,3153.1974067441074,3275.370257587238,Aumento_Velocidade,1
pedido_3150.2206868296503_137,125.28956694435125,131.17249803041656,116.17249803041656,4.409502790238898,10,4.53013461204382,Moto,Stormy,High,Metropolitian,False,0,1,0,3150.2206868296503,3276.393184860067,Aumento_Velocidade,1
pedido_3149.437343167462_136,134.87988846989217,132.31088127241807,117.31088127241807,0.837726481846043,10,4.763153509366073,Scooter,Foggy,High,Metropolitian,False,0,1,0,3149.437343167462,3276.7482244398802,Aumento_Velocidade,1
pedido_3160.903847174272_148,132.52681447819114,129.03097274772742,114.03097274772742,7.680687028125204,5,4.6616735556500695,Moto,Foggy,High,Metropolitian,True,0,1,0,3160.903847174272,3279.9348199219994,Aumento_Velocidade,1
pedido_3232.8546919615674_184,52.0127823434296,45.02086117261755,45.02086117261755,6.498145586385599,5,4.682353792823917,Scooter,Sandstorms,Medium,Metropolitian,False,1,0,0,3232.8546919615674,3282.875553134185,Nenhuma,1
pedido_3152.119210087389_140,127.35201629064014,138.36382081094519,123.36382081094519,6.8329477808065295,10,5.0,Moto,Foggy,Medium,Metropolitian,True,0,0,0,3152.119210087389,3285.483030898334,Rota_Reduzida,0
pedido_3191.9367722404854_166,105.33842761933478,96.23950253520628,81.23950253520628,16.374447705393944,15,4.588203512411544,Moto,Sunny,High,Metropolitian,True,0,1,1,3191.9367722404854,3288.1762747756916,Aumento_Velocidade,1
pedido_3191.0150563872203_165,132.29755921459653,108.67288375242723,93.67288375242723,3.090302214294638,5,4.556610696513509,Scooter,Sandstorms,High,Urban,False,0,1,0,3191.0150563872203,3289.6879401396477,Aumento_Velocidade,1
pedido_3195.8048738187626_167,102.05999656397222,79.16724342526187,79.16724342526187,6.5771314842025665,15,4.542254673365493,Van,Sunny,Jam,Urban,True,0,1,1,3195.8048738187626,3289.9721172440245,Nenhuma,1
pedido_3211.641005698075_173,101.32538225821338,78.85833049393416,63.85833049393416,11.350325018176592,15,4.698420653332722,Moto,Sunny,High,Metropolitian,False,0,1,1,3211.641005698075,3290.499336192009,Aumento_Velocidade,1
pedido_3174.0256752039527_154,135.58933855345487,130.86656414494934,115.86656414494934,14.823999160443243,5,4.659203780122823,Moto,Windy,High,Metropolitian,True,0,1,0,3174.0256752039527,3294.892239348902,Aumento_Velocidade,1
pedido_3137.4164622932326_132,184.13219759991796,168.2803838597274,153.2803838597274,20.42508514420501,5,4.341587518637081,Moto,Windy,High,Metropolitian,False,0,1,0,3137.4164622932326,3295.69684615296,Aumento_Velocidade,0
pedido_3201.2565555142337_171,98.3873813638068,85.4249974859226,85.4249974859226,8.514982454191989,10,4.957640727170474,Scooter,Windy,Low,Metropolitian,False,0,0,0,3201.2565555142337,3296.6815530001563,Nenhuma,1
pedido_3216.9778017029275_176,97.01961496543177,85.17786473509602,70.17786473509602,0.0,10,5.0,Scooter,Sunny,High,Metropolitian,False,0,1,1,3216.9778017029275,3297.1556664380237,Aumento_Velocidade,1
pedido_3170.7778690392593_153,131.51674031147215,112.20051883898,112.20051883898,1.0097611011028391,15,4.629750118485186,Van,Windy,High,Metropolitian,False,0,1,0,3170.7778690392593,3297.978387878239,Nenhuma,1
pedido_3170.17099115063_152,134.25139742806155,138.11267882199587,123.11267882199587,10.649068028401656,5,4.952429926613263,Moto,Sandstorms,High,Metropolitian,False,0,1,0,3170.17099115063,3298.283669972626,Aumento_Velocidade,0
pedido_3174.3422612374516_155,135.0953073582902,131.03590204066037,116.03590204066037,9.97659038761055,10,4.667813170989558,Moto,Sandstorms,Medium,Urban,False,0,0,0,3174.3422612374516,3300.378163278112,Rota_Reduzida,1
pedido_3200.57702643773_169,99.25953004060266,96.10756967348823,96.10756967348823,5.697909659489863,5,4.752395784232084,Van,Sunny,High,Metropolitian,True,0,1,1,3200.57702643773,3301.6845961112185,Nenhuma,1
pedido_3225.717927610412_180,95.95469655866764,82.04163748110514,67.04163748110514,1.8301163245088987,10,4.599614780660919,Scooter,Sunny,High,Metropolitian,False,0,1,1,3225.717927610412,3302.7595650915173,Aumento_Velocidade,1
pedido_3263.4845505215876_199,39.41714763318898,37.79486862749341,37.79486862749341,6.187963356652464,5,4.479286720166273,Moto,Sunny,High,Metropolitian,False,1,1,1,3263.4845505215876,3306.279419149081,Nenhuma,1
pedido_3186.808794081131_162,133.65875631530523,120.77569299667488,105.77569299667488,16.531374158178757,15,4.905589560293766,Moto,Stormy,Medium,Urban,False,0,0,0,3186.808794081131,3307.584487077806,Rota_Reduzida,1
pedido_3198.8448814794597_168,111.84030799847294,93.96140645206019,93.96140645206019,12.820029626119249,15,4.580061417258179,Scooter,Sunny,Low,Other,False,0,0,1,3198.8448814794597,3307.80628793152,Nenhuma,1
pedido_3155.330483585831_143,173.90746271059282,159.55955176687522,144.55955176687522,5.877631636010728,10,4.267582110740917,Moto,Windy,High,Metropolitian,False,0,1,0,3155.330483585831,3309.8900353527065,Aumento_Velocidade,0
pedido_3220.8453684384376_178,103.43522374624038,100.72080009057964,85.72080009057964,6.563705585083132,5,4.494160691630584,Scooter,Sunny,High,Metropolitian,False,0,1,1,3220.8453684384376,3311.5661685290174,Aumento_Velocidade,1
pedido_3178.9567332609145_158,117.61284835408132,128.18901623542493,128.18901623542493,17.8957299188951,5,5.0,Scooter,Sunny,Low,Metropolitian,False,0,0,1,3178.9567332609145,3312.1457494963392,Nenhuma,0
pedido_3280.612928865659_215,44.63945267126081,16.65973052315036,16.65973052315036,5.369043512371328,15,4.551674532365958,Van,Foggy,High,Metropolitian,True,1,1,0,3280.612928865659,3312.272659388809,Nenhuma,1
pedido_3179.3993781146796_159,134.7118948686243,147.00482382676432,132.00482382676432,17.718302681466977,5,4.560389314886292,Moto,Windy,Medium,Urban,False,0,0,0,3179.3993781146796,3316.4042019414437,Rota_Reduzida,0
pedido_3201.949842946038_172,134.8892163978526,122.93085465690228,107.93085465690228,15.46924810055803,10,4.684891046664281,Scooter,Windy,Jam,Metropolitian,False,0,1,0,3201.949842946038,3319.8806976029405,Aumento_Velocidade,1
pedido_3227.5964368891223_181,104.7851826951676,105.27220036950982,90.27220036950982,10.960338442078308,5,4.59570803852313,Moto,Sunny,High,Urban,True,0,1,1,3227.5964368891223,3322.868637258632,Aumento_Velocidade,1
pedido_3189.2502923236043_163,135.31850075111322,141.91467571165686,126.91467571165686,15.568713584010974,10,4.9818522344520275,Moto,Sandstorms,High,Metropolitian,False,0,1,0,3189.2502923236043,3326.164968035261,Aumento_Velocidade,0
pedido_3240.6570968480064_189,101.66987435071617,91.56346281621802,76.56346281621802,10.979310606668268,10,4.976756189935703,Scooter,Sunny,Medium,Metropolitian,False,0,0,1,3240.6570968480064,3327.2205596642243,Rota_Reduzida,1
pedido_3219.688412272797_177,131.68252913169783,110.92592802987973,95.92592802987973,3.2933467743560176,15,4.6488660398517965,Moto,Windy,High,Metropolitian,False,0,1,0,3219.688412272797,3330.6143403026767,Aumento_Velocidade,1
pedido_3212.1222104172452_174,127.4117464960537,123.8706994908407,108.8706994908407,6.285650888832091,10,4.846405989365562,Scooter,Stormy,Jam,Metropolitian,False,0,1,0,3212.1222104172452,3330.992909908086,Aumento_Velocidade,1
pedido_3233.5184509679043_186,106.364720236472,110.01861011255579,95.01861011255579,19.05781546862405,5,4.5405376928416885,Moto,Sunny,High,Metropolitian,False,0,1,1,3233.5184509679043,3333.5370610804603,Aumento_Velocidade,1
pedido_3253.312570389411_190,107.78080294969345,90.36093942387375,75.36093942387375,16.098113465630973,10,4.67346706513018,Scooter,Sunny,Medium,Metropolitian,True,0,0,1,3253.312570389411,3338.673509813285,Rota_Reduzida,1
pedido_3186.040628343618_161,146.2628663115006,138.75882431128522,138.75882431128522,12.85281434323596,15,4.464921695706284,Van,Foggy,High,Metropolitian,True,0,1,0,3186.040628343618,3339.7994526549032,Nenhuma,0
pedido_3264.8820258474107_201,99.27905819169862,86.752217364231,71.752217364231,6.743329117161592,5,4.789993322393627,Moto,Sunny,Jam,Metropolitian,False,0,1,1,3264.8820258474107,3341.6342432116417,Aumento_Velocidade,1
pedido_3318.4807934207456_242,37.531900544638845,8.536657995669593,8.536657995669593,1.1629168667685192,15,4.459720923245954,Van,Windy,Low,Metropolitian,True,1,0,0,3318.4807934207456,3342.017451416415,Nenhuma,1
pedido_3229.3318417424016_183,132.94039621514858,123.04737236271552,108.04737236271552,0.9946303054878749,5,4.673507372889349,Moto,Stormy,Medium,Metropolitian,False,0,0,0,3229.3318417424016,3342.379214105117,Rota_Reduzida,1
pedido_3221.970447143817_179,141.3178313642075,126.7646479815611,111.7646479815611,15.744807243360702,10,4.630081440732072,Moto,Foggy,High,Metropolitian,False,0,1,0,3221.970447143817,3343.7350951253784,Aumento_Velocidade,1
pedido_3213.42103020483_175,130.41185929980793,131.58856045469773,116.58856045469773,6.912819930256359,15,4.73261154398183,Moto,Foggy,Jam,Metropolitian,True,0,1,0,3213.42103020483,3345.009590659528,Aumento_Velocidade,1
pedido_3166.047121622276_151,185.21448245278816,189.76571169628852,174.76571169628852,12.340714765120559,5,4.415103921707578,Scooter,Sandstorms,High,Metropolitian,False,0,1,0,3166.047121622276,3345.8128333185646,Aumento_Velocidade,0
pedido_3300.875629886306_227,38.43221330176611,40.26719691200573,40.26719691200573,11.706319407049454,5,4.855370905107907,Moto,Sunny,Jam,Metropolitian,False,1,1,1,3300.875629886306,3346.1428267983115,Nenhuma,1
pedido_3297.067309729364_224,51.212337266920564,42.02505556878604,42.02505556878604,15.333928693274776,10,4.855553765827678,Scooter,Sandstorms,Medium,Metropolitian,False,1,0,0,3297.067309729364,3349.09236529815,Nenhuma,1
pedido_3232.869026737676_185,132.5890508583103,117.62555500813932,102.62555500813932,14.66670763627407,15,4.604979220696259,Scooter,Windy,High,Metropolitian,False,0,1,0,3232.869026737676,3350.494581745815,Aumento_Velocidade,1
pedido_3253.3333909525563_191,104.7548123409815,87.7180937322201,87.7180937322201,14.118664312150013,10,5.0,Moto,Windy,Low,Metropolitian,True,0,0,0,3253.3333909525563,3351.0514846847764,Nenhuma,1
pedido_3233.6412527351026_187,133.82277271237638,131.92322811161256,116.92322811161256,3.107635847788007,5,4.868952065469737,Scooter,Windy,Medium,Urban,False,0,0,0,3233.6412527351026,3355.564480846715,Rota_Reduzida,1
pedido_3257.489759942364_196,114.23524385702062,103.23864034535028,83.23864034535028,9.249715220764616,15,4.795539872522433,Scooter,Stormy,Jam,Other,False,0,1,0,3257.489759942364,3355.728400287714,Rota_Reduzida,1
pedido_3271.265049301785_206,95.764150171325,83.04455837172767,83.04455837172767,1.5090835655517747,10,4.6931208451346755,Scooter,Sunny,Low,Metropolitian,False,0,0,1,3271.265049301785,3364.309607673513,Nenhuma,1
pedido_3324.1984860691314_244,37.878192115730315,31.445040297797973,31.445040297797973,3.4174334257707666,10,4.657947857668774,Moto,Sunny,High,Metropolitian,False,1,1,1,3324.1984860691314,3365.6435263669296,Nenhuma,1
pedido_3272.8183718640125_207,103.6476276851721,106.60309308449675,91.60309308449675,12.491503582031747,5,4.8162851765341825,Moto,Sunny,High,Urban,True,0,1,1,3272.8183718640125,3369.4214649485093,Aumento_Velocidade,1
pedido_3235.8333879871_188,131.26231805250347,145.61981489765327,130.61981489765327,9.109008819540568,5,4.620470812485096,Moto,Foggy,Jam,Metropolitian,False,0,1,0,3235.8333879871,3371.4532028847534,Aumento_Velocidade,0
pedido_3286.6212642722267_218,94.59897983503738,90.14408336119384,75.14408336119384,8.968733411502841,10,4.663635206353946,Moto,Sunny,High,Metropolitian,False,0,1,1,3286.6212642722267,3371.7653476334203,Aumento_Velocidade,1
pedido_3254.168723812426_192,132.0449905616062,123.37400426648384,108.37400426648384,3.810291822100381,10,4.503365273694383,Moto,Stormy,Medium,Urban,False,0,0,0,3254.168723812426,3372.54272807891,Rota_Reduzida,1
pedido_3255.78785875261_194,135.50455766345638,123.3374842003044,108.3374842003044,15.595075355671076,10,4.488203999622441,Moto,Sandstorms,High,Urban,False,0,1,0,3255.78785875261,3374.1253429529147,Aumento_Velocidade,1
pedido_3258.416998667408_197,131.19275837410942,123.46074445628801,108.46074445628801,14.059470443494588,10,4.860029813727905,Moto,Stormy,High,Urban,True,0,1,0,3258.416998667408,3376.877743123696,Aumento_Velocidade,1
pedido_3269.510231952291_205,134.5142525570483,118.74980963586877,103.74980963586877,3.674022377112202,5,4.751832224833114,Moto,Foggy,High,Metropolitian,False,0,1,0,3269.510231952291,3378.2600415881598,Aumento_Velocidade,1
pedido_3296.5969605782047_223,99.62808302081272,95.91256653819687,80.91256653819687,6.301452319676319,5,4.882264657550265,Moto,Sunny,Jam,Metropolitian,False,0,1,1,3296.5969605782047,3382.509527116402,Aumento_Velocidade,1
pedido_3259.815495002943_198,136.54692876326445,132.95045718593457,117.95045718593457,22.04508223987943,5,4.759988087367177,Moto,Windy,High,Metropolitian,False,0,1,0,3259.815495002943,3382.7659521888777,Aumento_Velocidade,1
pedido_3281.2172012405135_216,112.75320776516062,112.02954661657333,97.02954661657333,13.59874952601301,5,4.498568155919467,Moto,Sunny,Jam,Metropolitian,False,0,1,1,3281.2172012405135,3383.246747857087,Aumento_Velocidade,1
pedido_3274.3877787037572_208,105.33978499306842,96.79529505667139,96.79529505667139,13.890003373348463,15,4.672137638964641,Moto,Stormy,Low,Metropolitian,True,0,0,0,3274.3877787037572,3386.1830737604287,Nenhuma,1
pedido_3269.3189433473062_204,128.45915457085135,117.1549168903349,102.1549168903349,5.771088524358348,15,5.0,Moto,Foggy,Medium,Metropolitian,False,0,0,0,3269.3189433473062,3386.473860237641,Rota_Reduzida,1
pedido_3281.2504511442053_217,129.67799242937988,107.80471848552983,92.80471848552983,6.2505739986526505,15,4.580273480047271,Scooter,Stormy,High,Metropolitian,False,0,1,0,3281.2504511442053,3389.0551696297352,Aumento_Velocidade,1
pedido_3275.1157721429445_209,123.52302490263729,129.24494690243276,109.24494690243276,2.972191098369687,5,4.471088500107335,Moto,Foggy,High,Other,False,0,1,0,3275.1157721429445,3389.360719045377,Rota_Reduzida,1
pedido_3277.732139043368_211,130.22040801448227,115.87850153633494,100.87850153633494,6.544707113512565,15,4.8473699423255106,Scooter,Sandstorms,High,Metropolitian,True,0,1,0,3277.732139043368,3393.610640579703,Aumento_Velocidade,1
pedido_3227.900916689029_182,171.1291529615763,166.54848721936096,151.54848721936096,2.9480880651865635,15,4.350552585021845,Moto,Foggy,Medium,Metropolitian,True,0,0,0,3227.900916689029,3394.44940390839,Rota_Reduzida,0
pedido_3301.895811813843_229,96.45092969835939,103.17441953747175,88.17441953747175,9.567459305517964,5,4.57968334785915,Moto,Sunny,High,Urban,False,0,1,1,3301.895811813843,3395.0702313513148,Aumento_Velocidade,1
pedido_3264.1132317428983_200,134.6154842922761,131.95455458416365,116.95455458416365,18.282683681527317,15,4.907300965860401,Scooter,Windy,High,Metropolitian,False,0,1,0,3264.1132317428983,3396.067786327062,Aumento_Velocidade,1
pedido_3265.4955702579127_203,136.2875146519965,140.98466475970892,125.98466475970892,15.044024816930081,10,4.901512346454971,Moto,Sandstorms,Medium,Urban,False,0,0,0,3265.4955702579127,3401.4802350176215,Rota_Reduzida,0
pedido_3291.695378518745_220,130.2318883716006,110.37607155220375,95.37607155220375,7.332938284878128,15,4.578950359438886,Moto,Foggy,Jam,Metropolitian,False,0,1,0,3291.695378518745,3402.071450070949,Aumento_Velocidade,1
pedido_3265.3384408688084_202,145.3277631312896,142.1610773224123,127.1610773224123,12.475679292765147,10,4.700011273117304,Moto,Foggy,High,Metropolitian,True,0,1,0,3265.3384408688084,3402.499518191221,Aumento_Velocidade,0
pedido_3280.5149559410293_213,134.8892163978526,128.1501432116809,113.1501432116809,14.887937103639908,10,4.713441241124072,Scooter,Windy,Jam,Metropolitian,False,0,1,0,3280.5149559410293,3403.6650991527104,Aumento_Velocidade,1
pedido_3311.4886449711025_237,127.54396087641952,104.91276475303349,89.91276475303349,2.864580802966684,5,4.614127604929923,Scooter,Foggy,Jam,Metropolitian,False,0,1,0,3311.4886449711025,3406.401409724136,Aumento_Velocidade,1
pedido_3299.9121998843048_226,126.51228810129697,111.72462295042841,96.72462295042841,5.611105172909617,10,4.517036907753556,Moto,Stormy,Jam,Metropolitian,False,0,1,0,3299.9121998843048,3406.6368228347333,Aumento_Velocidade,1
pedido_3255.4757766001762_193,173.62758364666993,156.84176781116946,141.84176781116946,2.983914580215766,10,4.431681007617674,Moto,Stormy,Jam,Metropolitian,False,0,1,0,3255.4757766001762,3407.317544411346,Aumento_Velocidade,0
pedido_3301.7584174203785_228,103.25719614272063,95.98471407250835,95.98471407250835,15.435316704657266,10,4.88441975193689,Moto,Sandstorms,Low,Urban,True,0,0,0,3301.7584174203785,3407.7431314928867,Nenhuma,1
pedido_3298.356544708921_225,131.63377386629992,114.55508906603364,99.55508906603364,6.7350306548356595,10,4.71844074944245,Scooter,Sandstorms,High,Metropolitian,False,0,1,0,3298.356544708921,3407.9116337749547,Aumento_Velocidade,1
pedido_3256.2084429742035_195,181.73133494712113,157.88450101534295,142.88450101534295,9.685079029640704,10,4.400623416912782,Moto,Windy,Jam,Metropolitian,False,0,1,0,3256.2084429742035,3409.0929439895463,Aumento_Velocidade,0
pedido_3309.869594206312_236,127.59980392749029,111.12485726335473,96.12485726335473,4.761350438535026,10,4.7411846049096695,Moto,Windy,Jam,Metropolitian,False,0,1,0,3309.869594206312,3415.9944514696667,Aumento_Velocidade,1
pedido_3314.3683582382237_239,119.48057049806869,108.58557558880393,93.58557558880393,2.4444331197416354,10,4.6590750741000395,Scooter,Foggy,Medium,Other,False,0,0,0,3314.3683582382237,3417.9539338270274,Rota_Reduzida,1
pedido_3319.1777947104183_243,133.56244620912418,110.1411509764084,95.1411509764084,11.772730111672049,5,4.702042366791291,Moto,Sandstorms,High,Metropolitian,False,0,1,0,3319.1777947104183,3419.3189456868267,Aumento_Velocidade,1
pedido_3289.406508231062_219,141.8939224478908,143.5195642855398,128.5195642855398,14.559226813765969,5,4.7955731815916245,Moto,Sandstorms,Jam,Metropolitian,True,0,1,0,3289.406508231062,3422.926072516602,Aumento_Velocidade,0
pedido_3306.7694523831706_232,127.24979815619531,127.04548885793369,112.04548885793369,4.782221483295127,5,4.8590803515465,Moto,Stormy,High,Metropolitian,False,0,1,0,3306.7694523831706,3423.8149412411044,Aumento_Velocidade,1
pedido_3326.2363584501436_245,124.73756481759862,102.60052442131517,87.60052442131517,1.7638167239487221,10,4.574096601040248,Scooter,Sandstorms,Jam,Metropolitian,False,0,1,0,3326.2363584501436,3423.836882871459,Aumento_Velocidade,1
pedido_3295.1946550252314_222,137.04881964132423,119.0329862357774,119.0329862357774,3.064186607618661,10,4.234417277562978,Moto,Windy,Low,Metropolitian,False,0,0,0,3295.1946550252314,3424.227641261009,Nenhuma,1
pedido_3307.3780464466668_233,131.36458648449545,122.50471566905452,107.50471566905452,12.3984624727394,15,4.87642397673941,Scooter,Stormy,High,Urban,True,0,1,0,3307.3780464466668,3429.882762115721,Aumento_Velocidade,1
pedido_3314.333222895006_238,134.3751210934883,117.1697247046855,102.1697247046855,0.0,15,4.728592023214705,Moto,Foggy,High,Metropolitian,False,0,1,0,3314.333222895006,3431.5029475996917,Aumento_Velocidade,1
pedido_3348.3919526756185_264,105.27138771980763,94.76997057032183,79.76997057032183,10.783203169908013,5,4.822913113722225,Scooter,Sunny,Medium,Metropolitian,True,0,0,1,3348.3919526756185,3433.16192324594,Rota_Reduzida,1
pedido_3308.3855938519664_234,110.28947323869778,111.15510331537563,111.15510331537563,20.281742816439166,15,4.835549754071036,Moto,Foggy,Low,Metropolitian,True,0,0,0,3308.3855938519664,3434.540697167342,Nenhuma,1
pedido_3280.0585895791014_212,173.78259900673345,166.70854037609166,151.70854037609166,9.073188803253695,5,4.365910509905496,Moto,Windy,Medium,Metropolitian,False,0,0,0,3280.0585895791014,3436.767129955193,Rota_Reduzida,0
pedido_3401.6091718351377_294,44.48981363814887,25.617150382107262,25.617150382107262,5.245591465161916,10,4.582605976678165,Scooter,Foggy,High,Urban,False,1,1,0,3401.6091718351377,3437.226322217245,Nenhuma,1
pedido_3340.7343596411997_259,131.18065416706818,103.03475855053625,83.03475855053625,14.351063282608022,15,4.786657388619704,Moto,Foggy,High,Other,False,0,1,0,3340.7343596411997,3438.769118191736,Rota_Reduzida,1
pedido_3309.5786680672586_235,136.6937216114187,134.20871001321734,119.20871001321734,6.676914063459254,10,4.914214109851825,Moto,Windy,Medium,Urban,True,0,0,0,3309.5786680672586,3438.7873780804757,Rota_Reduzida,1
pedido_3315.600581053746_240,144.01683495248568,124.309900412269,109.309900412269,13.86349826724721,15,4.557209206810439,Scooter,Foggy,High,Metropolitian,True,0,1,0,3315.600581053746,3439.910481466015,Aumento_Velocidade,1
pedido_3329.1593116180634_248,123.33772277780575,116.17999845333502,101.17999845333502,2.0624462378749677,10,4.626940235095193,Moto,Stormy,Jam,Metropolitian,False,0,1,0,3329.1593116180634,3440.3393100713984,Aumento_Velocidade,1
pedido_3358.799286683477_268,98.14802361612992,92.27815335597029,77.27815335597029,3.399274543136235,5,4.627072122369451,Scooter,Sunny,High,Metropolitian,False,0,1,1,3358.799286683477,3441.0774400394475,Aumento_Velocidade,1
pedido_3331.1487055776743_252,130.04916054423072,121.15490485613681,106.15490485613681,0.0,5,4.850424109884843,Moto,Windy,Jam,Urban,True,0,1,0,3331.1487055776743,3442.303610433811,Aumento_Velocidade,1
pedido_3334.73990793751_255,127.1357323273853,119.80726910445469,104.80726910445469,5.566440148890379,5,4.538122704596799,Scooter,Windy,Jam,Metropolitian,False,0,1,0,3334.73990793751,3444.5471770419645,Aumento_Velocidade,1
pedido_3280.5377829025974_214,163.65759130911286,152.46175405411927,152.46175405411927,12.859094163226068,15,4.268190254468241,Moto,Windy,Low,Urban,False,0,0,0,3280.5377829025974,3447.999536956717,Nenhuma,0
pedido_3331.113869357862_251,128.53879175017417,125.1738147406756,110.1738147406756,6.48459616407857,10,4.583863132325169,Scooter,Windy,Jam,Metropolitian,False,0,1,0,3331.113869357862,3451.2876840985373,Aumento_Velocidade,1
pedido_3345.231378682208_262,129.4306379683732,109.73639722647016,94.73639722647016,14.390423884249783,15,4.854619078877214,Scooter,Stormy,High,Metropolitian,False,0,1,0,3345.231378682208,3454.967775908678,Aumento_Velocidade,1
pedido_3327.722728204095_247,131.03979234049356,127.63774762444015,112.63774762444015,4.994428513630565,15,4.704311888566604,Scooter,Windy,High,Metropolitian,False,0,1,0,3327.722728204095,3455.360475828535,Aumento_Velocidade,1
pedido_3417.3740313278195_300,71.03216785291315,49.426623114543276,34.426623114543276,18.423057947746027,5,4.448022699590775,Moto,Sunny,High,Metropolitian,False,1,1,1,3417.3740313278195,3456.800654442363,Aumento_Velocidade,1
pedido_3330.4733518309004_250,130.07391154917005,136.457929537757,121.457929537757,0.0,5,4.8370602115677634,Moto,Sandstorms,High,Metropolitian,True,0,1,0,3330.4733518309004,3456.9312813686574,Aumento_Velocidade,0
pedido_3317.946353859829_241,152.2628286924769,139.19803403591197,124.19803403591197,21.918357354228654,15,4.665348764476163,Scooter,Foggy,Jam,Metropolitian,False,0,1,0,3317.946353859829,3457.1443878957407,Aumento_Velocidade,0
pedido_3337.7018705989076_257,131.7050683826161,131.070921440201,116.070921440201,9.534981899112402,5,4.534141374659249,Moto,Foggy,High,Metropolitian,False,0,1,0,3337.7018705989076,3458.7727920391085,Aumento_Velocidade,1
pedido_3276.7945324225366_210,189.80831969343745,183.01083263468237,168.01083263468237,12.686833065280933,15,4.425492787188886,Moto,Foggy,High,Metropolitian,False,0,1,0,3276.7945324225366,3459.8053650572188,Aumento_Velocidade,0
pedido_3302.493482999945_230,130.6580430495067,142.3631918890055,142.3631918890055,7.231916233804842,15,4.724268840774582,Van,Sandstorms,High,Metropolitian,True,0,1,0,3302.493482999945,3459.8566748889507,Nenhuma,0
pedido_3334.6955634355004_254,137.08749649031364,135.29881433571842,120.29881433571842,12.001031701210186,5,4.724795637191365,Scooter,Sandstorms,Medium,Metropolitian,False,0,0,0,3334.6955634355004,3459.9943777712188,Rota_Reduzida,0
pedido_3358.34011579015_267,103.17663310975108,93.97132018535532,93.97132018535532,11.16130874048493,10,4.456971645782201,Moto,Sandstorms,Low,Metropolitian,False,0,0,0,3358.34011579015,3462.311435975505,Nenhuma,1
pedido_3338.3221140854284_258,138.9420434426088,124.05577727268283,109.05577727268283,15.339321574914722,15,5.0,Scooter,Windy,Medium,Metropolitian,False,0,0,0,3338.3221140854284,3462.3778913581114,Rota_Reduzida,1
pedido_3344.2774361206684_261,129.59430586216735,128.88073879850134,113.88073879850134,9.400638385598036,5,4.569751594940577,Moto,Stormy,High,Metropolitian,False,0,1,0,3344.2774361206684,3463.1581749191696,Aumento_Velocidade,1
pedido_3294.327863560844_221,189.96759296796435,169.95583762778207,154.95583762778207,6.507251649504427,15,4.332805438715775,Moto,Sunny,Jam,Metropolitian,True,0,1,1,3294.327863560844,3464.283701188626,Aumento_Velocidade,0
pedido_3345.5668164496765_263,137.94867038915584,124.62043117224363,109.62043117224363,9.92547904032443,10,4.619706520334454,Moto,Windy,Jam,Metropolitian,False,0,1,0,3345.5668164496765,3465.18724762192,Aumento_Velocidade,1
pedido_3368.6835312036487_273,132.42341625007936,112.80346082315377,97.80346082315377,6.89090673879979,5,4.713627440789999,Moto,Foggy,High,Metropolitian,True,0,1,0,3368.6835312036487,3471.4869920268025,Aumento_Velocidade,1
pedido_3368.3187695257707_272,105.19975107848433,108.41226799893153,93.41226799893153,14.702413098664682,10,4.629997668919365,Moto,Sunny,High,Urban,True,0,1,1,3368.3187695257707,3471.731037524702,Aumento_Velocidade,1
pedido_3386.9669186377882_284,100.07971795535175,91.27607193590016,71.27607193590016,9.826708148624164,15,4.962847024507324,Moto,Sunny,High,Other,False,0,1,1,3386.9669186377882,3473.2429905736885,Rota_Reduzida,1
pedido_3361.0027802454106_270,136.96324113301074,123.70123792907503,108.70123792907503,12.675437165988154,5,4.68182981311697,Moto,Sandstorms,Medium,Urban,False,0,0,0,3361.0027802454106,3474.7040181744856,Rota_Reduzida,1
pedido_3375.0080788231153_280,102.97077709614244,110.61489498474663,95.61489498474663,17.655103940129713,5,4.8303342810805825,Moto,Sunny,High,Metropolitian,False,0,1,1,3375.0080788231153,3475.622973807862,Aumento_Velocidade,1
pedido_3369.329689769023_274,132.65520812979105,116.9184680927258,101.9184680927258,7.209409171108865,5,4.63945959496121,Moto,Windy,High,Metropolitian,False,0,1,0,3369.329689769023,3476.248157861749,Aumento_Velocidade,1
pedido_3342.2908572673855_260,138.31099215575512,135.84149484742332,120.84149484742332,19.21882356894633,15,4.874507884894629,Moto,Sandstorms,Medium,Urban,False,0,0,0,3342.2908572673855,3478.132352114809,Rota_Reduzida,0
pedido_3362.4568248501137_271,129.69102038931783,125.7120801340428,110.7120801340428,0.2987109765693807,5,4.6099896484007115,Moto,Windy,High,Metropolitian,True,0,1,0,3362.4568248501137,3478.1689049841566,Aumento_Velocidade,1
pedido_3336.178277903352_256,142.01743019643538,152.3987086267241,137.3987086267241,15.177504866982881,5,4.456938493488593,Scooter,Foggy,Medium,Urban,True,0,0,0,3336.178277903352,3478.5769865300763,Rota_Reduzida,0
pedido_3303.608127478704_231,186.57424190428625,176.36585963360568,161.36585963360568,13.891774394809321,15,4.434744109991177,Moto,Stormy,High,Metropolitian,False,0,1,0,3303.608127478704,3479.9739871123097,Aumento_Velocidade,0
pedido_3356.981772503336_266,131.21559757745345,134.32861996291427,119.32861996291427,3.1945420007332133,5,5.0,Moto,Stormy,High,Urban,False,0,1,0,3356.981772503336,3481.31039246625,Aumento_Velocidade,1
pedido_3374.762851429895_278,102.2700532622006,92.16327467200148,92.16327467200148,0.7159301509397604,15,4.785846461812804,Van,Sandstorms,Low,Metropolitian,False,0,0,0,3374.762851429895,3481.9261261018964,Nenhuma,1
pedido_3327.6163009001384_246,177.51496791454804,164.66367379668455,149.66367379668455,2.115011461435236,5,4.36338797134382,Scooter,Foggy,High,Urban,False,0,1,0,3327.6163009001384,3482.279974696823,Aumento_Velocidade,0
pedido_3432.524849569981_312,36.180215018328134,35.16914164215054,35.16914164215054,2.1923728942309033,15,4.69327220534313,Moto,Sunny,Medium,Metropolitian,False,1,0,1,3432.524849569981,3482.6939912121316,Nenhuma,1
pedido_3392.2664198003863_290,104.2092707176054,96.84799395882153,81.84799395882153,18.465384843785195,10,4.909511241834012,Scooter,Sunny,Medium,Metropolitian,False,0,0,1,3392.2664198003863,3484.1144137592078,Rota_Reduzida,1
pedido_3371.2823218649933_275,132.94062056821969,118.18372732833248,103.18372732833248,13.83688225580236,10,4.767658914551787,Moto,Stormy,Medium,Urban,True,0,0,0,3371.2823218649933,3484.466049193326,Rota_Reduzida,1
pedido_3380.0996643971757_282,129.01666075656678,110.14212361257091,95.14212361257091,3.6882840628789504,10,4.477826173642431,Scooter,Windy,High,Metropolitian,False,0,1,0,3380.0996643971757,3485.2417880097464,Aumento_Velocidade,1
pedido_3329.5668360285026_249,178.4165804503747,161.88964307437413,146.88964307437413,4.789152346775267,10,4.251049402724479,Scooter,Foggy,High,Urban,False,0,1,0,3329.5668360285026,3486.456479102877,Aumento_Velocidade,0
pedido_3432.8536258677764_313,46.909139396570545,50.399092644174964,50.399092644174964,0.016743158610564635,10,4.609562769510004,Scooter,Windy,Jam,Metropolitian,False,1,1,0,3432.8536258677764,3493.252718511951,Nenhuma,1
pedido_3374.395369244631_277,129.96401498083839,119.52050910138655,104.52050910138655,6.242015260568813,15,4.9044647469040346,Scooter,Foggy,Jam,Metropolitian,True,0,1,0,3374.395369244631,3493.915878346018,Aumento_Velocidade,1
pedido_3377.93937453809_281,133.28348391376278,116.92824935565875,101.92824935565875,7.290532626864938,15,4.594390235390563,Moto,Foggy,High,Metropolitian,False,0,1,0,3377.93937453809,3494.8676238937487,Aumento_Velocidade,1
pedido_3348.4411137497773_265,135.56342651820458,151.62371153585426,136.62371153585426,14.068994736633586,10,4.755717354447387,Moto,Windy,Jam,Metropolitian,False,0,1,0,3348.4411137497773,3495.0648252856317,Aumento_Velocidade,0
pedido_3391.979370412509_289,134.28592466943962,108.5939141140361,93.5939141140361,17.115389478667925,10,5.0,Moto,Stormy,High,Urban,True,0,1,0,3391.979370412509,3495.573284526545,Aumento_Velocidade,1
pedido_3382.492986363251_283,132.62410172513793,118.80143887720044,103.80143887720044,3.889447200969468,10,4.49333497022969,Moto,Foggy,High,Urban,False,0,1,0,3382.492986363251,3496.2944252404513,Aumento_Velocidade,1
pedido_3375.0058552037185_279,137.01051664263287,127.29343660418209,112.29343660418209,13.580077316875936,10,4.57687661615949,Scooter,Sandstorms,Medium,Urban,True,0,0,0,3375.0058552037185,3497.2992918079008,Rota_Reduzida,1
pedido_3371.5555010957955_276,132.65986019653798,136.6129275006917,121.61292750069171,4.392605472271822,5,4.8319591154887895,Moto,Sandstorms,High,Metropolitian,False,0,1,0,3371.5555010957955,3498.168428596487,Aumento_Velocidade,0
pedido_3360.2918887257492_269,140.05915895354076,123.28539000498066,123.28539000498066,16.644954929129568,15,4.95122660875553,Van,Sandstorms,Medium,Metropolitian,True,0,0,0,3360.2918887257492,3498.57727873073,Nenhuma,0
pedido_3388.5631256897727_286,102.81618790849531,100.58878792185965,100.58878792185965,19.47339086934777,10,5.0,Moto,Windy,Low,Metropolitian,False,0,0,0,3388.5631256897727,3499.151913611632,Nenhuma,1
pedido_3388.463806963508_285,130.77464878307057,121.96938517424135,106.96938517424135,5.759550943604349,5,4.658561317998328,Scooter,Windy,High,Metropolitian,False,0,1,0,3388.463806963508,3500.4331921377493,Aumento_Velocidade,1
pedido_3408.3003924227355_298,100.5250843378469,82.16889808517226,82.16889808517226,2.5005237683265915,10,5.0,Moto,Stormy,Low,Metropolitian,True,0,0,0,3408.3003924227355,3500.4692905079078,Nenhuma,1
pedido_3390.936662427213_288,134.77932349390852,110.02977574114173,95.02977574114173,11.535214303787782,15,4.719083673749435,Moto,Sandstorms,High,Metropolitian,True,0,1,0,3390.936662427213,3500.9664381683547,Aumento_Velocidade,1
pedido_3395.060300474093_292,111.61984282016276,107.49300484327173,92.49300484327173,16.288661026450573,15,4.743952991580208,Scooter,Sunny,Jam,Metropolitian,True,0,1,1,3395.060300474093,3502.5533053173644,Aumento_Velocidade,1
pedido_3390.8613514576446_287,129.2922408826794,113.61273857972154,98.61273857972154,3.7739020184069347,15,4.664156074689926,Scooter,Stormy,High,Urban,False,0,1,0,3390.8613514576446,3504.4740900373663,Aumento_Velocidade,1
pedido_3333.537844343935_253,188.95289808378982,185.54674260897912,170.54674260897912,12.763230518438792,5,4.366878383403362,Scooter,Foggy,Medium,Metropolitian,True,0,0,0,3333.537844343935,3509.084586952914,Rota_Reduzida,0
pedido_3419.087026161823_303,98.40654167894269,90.78154764787132,75.78154764787132,6.949023591241491,15,4.654129723699353,Scooter,Sunny,High,Metropolitian,True,0,1,1,3419.087026161823,3509.868573809694,Aumento_Velocidade,1
pedido_3403.1451520412534_295,104.01664035978551,103.55774021116555,103.55774021116555,11.223858722546957,10,4.89306628682264,Moto,Windy,Low,Metropolitian,False,0,0,0,3403.1451520412534,3516.702892252419,Nenhuma,1
pedido_3427.495650444055_306,99.0155242483077,99.71299987644224,84.71299987644224,5.788411729010178,5,4.58094488022057,Scooter,Sunny,Jam,Metropolitian,False,0,1,1,3427.495650444055,3517.2086503204973,Aumento_Velocidade,1
pedido_3428.3665911067533_308,99.40036610675655,94.33568132280597,79.33568132280597,5.488996691396459,10,4.768798762173747,Scooter,Sunny,Jam,Metropolitian,False,0,1,1,3428.3665911067533,3517.7022724295593,Aumento_Velocidade,1
pedido_3472.7546260228555_335,37.41320255934322,44.875926662635834,44.875926662635834,9.172644804364477,5,4.979225580476534,Scooter,Windy,Low,Urban,False,1,0,0,3472.7546260228555,3522.6305526854912,Nenhuma,1
pedido_3437.969503529884_316,100.73423028654184,97.16727934430105,82.16727934430105,3.5218168466291924,5,4.716818222407029,Scooter,Sunny,Jam,Metropolitian,True,0,1,1,3437.969503529884,3525.136782874185,Aumento_Velocidade,1
pedido_3393.261347404642_291,133.68357605391355,128.7251295157463,128.7251295157463,3.4868584681138906,5,4.9676352783041535,Van,Windy,High,Metropolitian,False,0,1,0,3393.261347404642,3526.986476920388,Nenhuma,0
pedido_3490.264505423535_349,47.2226885329791,28.708846175215974,28.708846175215974,12.84752956437585,10,4.50753649754903,Moto,Windy,High,Metropolitian,False,1,1,0,3490.264505423535,3528.973351598751,Nenhuma,1
pedido_3397.986006059898_293,132.5890508583103,131.06720811196806,116.06720811196806,14.839414420122626,15,4.631869255919659,Moto,Windy,High,Metropolitian,False,0,1,0,3397.986006059898,3529.053214171866,Aumento_Velocidade,1
pedido_3438.2729600542866_317,107.72056836973077,84.40313016841905,84.40313016841905,9.971805612848911,10,4.626175716091735,Van,Sunny,Jam,Urban,True,0,1,1,3438.2729600542866,3532.6760902227056,Nenhuma,1
pedido_3420.7889321260395_304,130.3229842711921,124.02078055104488,109.02078055104488,11.570783459826469,5,4.878832035580606,Scooter,Stormy,High,Metropolitian,False,0,1,0,3420.7889321260395,3534.8097126770845,Aumento_Velocidade,1
pedido_3403.325679046832_296,142.17825131975653,136.7273906221337,121.7273906221337,16.640904922047643,10,4.507540754997528,Scooter,Foggy,Medium,Metropolitian,True,0,0,0,3403.325679046832,3535.0530696689657,Rota_Reduzida,0
pedido_3431.0412144992256_309,132.36481215780856,112.82397276887747,97.82397276887747,4.451041737010229,10,4.658286224038805,Moto,Sandstorms,High,Metropolitian,False,0,1,0,3431.0412144992256,3538.865187268103,Aumento_Velocidade,1
pedido_3452.2969100590904_325,101.38770292247811,93.18742324609111,78.18742324609111,14.355091848046468,10,4.862892092154188,Moto,Sunny,Medium,Urban,False,0,0,1,3452.2969100590904,3540.4843333051813,Rota_Reduzida,1
pedido_3403.592353684736_297,178.4165804503747,142.4835410313482,127.48354103134821,5.870808459855441,10,4.335521701987875,Moto,Foggy,High,Urban,False,0,1,0,3403.592353684736,3541.075894716084,Aumento_Velocidade,0
pedido_3425.5045247156213_305,129.91233184454615,122.86673983619175,107.86673983619175,5.673393896134887,10,4.589828175093725,Scooter,Sandstorms,High,Metropolitian,True,0,1,0,3425.5045247156213,3543.371264551813,Aumento_Velocidade,1
pedido_3418.8876172466817_302,138.9420434426088,125.9993856130902,110.9993856130902,16.359403405496707,15,4.958033191870203,Moto,Windy,Medium,Urban,False,0,0,0,3418.8876172466817,3544.8870028597717,Rota_Reduzida,1
pedido_3441.2963846358602_319,130.89360658764892,114.28994718911801,99.28994718911801,8.257620742546834,5,4.493058036300623,Moto,Foggy,Jam,Metropolitian,False,0,1,0,3441.2963846358602,3545.586331824978,Aumento_Velocidade,1
pedido_3437.7454996590454_315,110.96649076751632,98.56526948019116,98.56526948019116,11.702175686452204,10,4.7958733266929405,Moto,Foggy,Low,Metropolitian,False,0,0,0,3437.7454996590454,3546.3107691392365,Nenhuma,1
pedido_3417.26222698457_299,128.79852146034818,140.53324331536228,125.53324331536228,7.971305881797548,5,4.8336028368813215,Moto,Stormy,High,Urban,False,0,1,0,3417.26222698457,3547.7954702999323,Aumento_Velocidade,0
pedido_3434.1460760333784_314,133.87638909820663,116.35341361442909,101.35341361442909,16.25882421261539,15,4.48083460669446,Scooter,Windy,High,Metropolitian,True,0,1,0,3434.1460760333784,3550.4994896478074,Aumento_Velocidade,1
pedido_3439.701530885442_318,135.25644568069123,115.81312364971333,100.81312364971333,10.052865285917807,15,4.722378168857748,Scooter,Foggy,Medium,Metropolitian,False,0,0,0,3439.701530885442,3555.5146545351554,Rota_Reduzida,1
pedido_3521.5095480989257_358,38.6784339939563,19.57510907482648,19.57510907482648,13.74484537619518,15,5.0,Moto,Stormy,Low,Metropolitian,False,1,0,0,3521.5095480989257,3556.084657173752,Nenhuma,1
pedido_3431.091437156602_310,130.82602286753024,139.80128095719792,124.80128095719792,4.744946629391979,5,4.808206926454539,Scooter,Windy,High,Metropolitian,False,0,1,0,3431.091437156602,3560.8927181137997,Aumento_Velocidade,0
pedido_3460.861045069549_328,141.447258969116,106.29036136256265,91.29036136256265,16.570970244925487,10,5.0,Scooter,Foggy,High,Urban,False,0,1,0,3460.861045069549,3562.151406432112,Aumento_Velocidade,1
pedido_3428.210675950201_307,137.6031674961396,144.14482096965602,129.14482096965602,16.857805447977114,5,4.976089738845683,Moto,Sandstorms,Medium,Metropolitian,False,0,0,0,3428.210675950201,3562.355496919857,Rota_Reduzida,0
pedido_3443.177599549072_320,137.57410150474087,121.2057109779638,106.2057109779638,11.027741275781278,15,4.908644104973338,Moto,Stormy,Jam,Urban,True,0,1,0,3443.177599549072,3564.383310527036,Aumento_Velocidade,1
pedido_3465.5477068476303_331,132.8012961717584,107.07972841963276,92.07972841963276,21.28321849406838,10,4.871719191273775,Scooter,Stormy,High,Metropolitian,False,0,1,0,3465.5477068476303,3567.627435267263,Aumento_Velocidade,1
pedido_3417.79087019262_301,174.82899422744438,151.65201501802395,136.65201501802395,8.989626323555305,15,4.370595823797514,Moto,Stormy,High,Urban,True,0,1,0,3417.79087019262,3569.442885210644,Aumento_Velocidade,0
pedido_3447.9164355794137_323,142.6595976896881,135.14606116001872,120.14606116001872,13.792928473356875,5,4.874677424142685,Scooter,Foggy,Medium,Metropolitian,False,0,0,0,3447.9164355794137,3573.0624967394324,Rota_Reduzida,0
pedido_3443.761477463071_321,152.24312390022155,129.85934420924798,114.85934420924798,18.321071306028472,15,4.7596868257644935,Scooter,Foggy,Jam,Metropolitian,True,0,1,0,3443.761477463071,3573.620821672319,Aumento_Velocidade,1
pedido_3493.2454303325094_352,101.92106332080041,90.60515173432124,75.60515173432124,14.050245470716169,5,4.844149150396704,Scooter,Sunny,High,Metropolitian,False,0,1,1,3493.2454303325094,3573.8505820668306,Aumento_Velocidade,1
pedido_3465.584640631229_332,101.94713433934972,110.67655069614709,95.67655069614709,16.72421471462509,15,4.635291438197558,Moto,Sunny,High,Urban,False,0,1,1,3465.584640631229,3576.261191327376,Aumento_Velocidade,1
pedido_3461.035418017656_329,120.6557094389369,125.53573479823996,110.53573479823996,0.0,5,4.666965896355268,Moto,Foggy,Medium,Other,True,0,0,0,3461.035418017656,3576.571152815896,Rota_Reduzida,1
pedido_3445.7657087379835_322,130.0930376995333,136.80389197929355,121.80389197929355,12.153288125475541,10,4.636597199315919,Scooter,Stormy,High,Metropolitian,False,0,1,0,3445.7657087379835,3577.569600717277,Aumento_Velocidade,0
pedido_3526.9302854021585_363,49.29187719661454,41.165781123023024,41.165781123023024,0.0,10,4.792310770354074,Moto,Foggy,High,Metropolitian,True,1,1,0,3526.9302854021585,3578.0960665251814,Nenhuma,1
pedido_3469.546847155403_333,132.4741772184434,115.31332020031896,100.31332020031896,5.604103057968651,10,4.668653282373276,Scooter,Foggy,High,Metropolitian,True,0,1,0,3469.546847155403,3579.8601673557223,Aumento_Velocidade,1
pedido_3474.4005818746546_336,134.8051288603242,111.2051489363277,96.2051489363277,10.41505348501114,10,4.8139301257993345,Moto,Stormy,Jam,Metropolitian,False,0,1,0,3474.4005818746546,3580.605730810982,Aumento_Velocidade,1
pedido_3485.1654287296624_343,102.99583120292121,104.39285547191061,89.39285547191061,11.991129631950905,10,5.0,Moto,Sunny,High,Metropolitian,False,0,1,1,3485.1654287296624,3584.558284201573,Aumento_Velocidade,1
pedido_3465.229464891886_330,131.47357163045365,126.65483462227562,111.65483462227562,3.6767392040692313,10,4.762636413811164,Scooter,Windy,High,Metropolitian,False,0,1,0,3465.229464891886,3586.8842995141617,Aumento_Velocidade,1
pedido_3474.670546250888_338,102.9809959597591,98.03436965022844,98.03436965022844,12.851753850219318,15,4.467204547335292,Van,Windy,Low,Metropolitian,False,0,0,0,3474.670546250888,3587.7049159011167,Nenhuma,1
pedido_3452.427130099522_326,142.64515989566567,149.6516310220781,134.6516310220781,13.14483250266833,5,4.711100559049863,Moto,Foggy,Medium,Metropolitian,False,0,0,0,3452.427130099522,3592.0787611216,Rota_Reduzida,0
pedido_3534.6710713783623_367,104.6834303859763,62.462933259703846,47.462933259703846,18.294492187753377,10,4.732622046365375,Scooter,Sunny,Medium,Metropolitian,False,0,0,1,3534.6710713783623,3592.134004638066,Rota_Reduzida,1
pedido_3469.8260965162444_334,143.14791830872178,129.48976695958788,114.48976695958788,13.797158821337256,10,4.589518907965968,Moto,Foggy,Medium,Metropolitian,True,0,0,0,3469.8260965162444,3594.3158634758324,Rota_Reduzida,1
pedido_3488.961848007265_347,130.99358547775296,116.15791041110364,101.15791041110364,7.766858580098342,5,4.949697637601091,Moto,Sandstorms,High,Metropolitian,False,0,1,0,3488.961848007265,3595.1197584183687,Aumento_Velocidade,1
pedido_3483.889462575782_342,127.7884242792408,111.92248897028603,96.92248897028603,6.088909137884568,15,4.567460438574428,Moto,Foggy,Medium,Urban,False,0,0,0,3483.889462575782,3595.811951546068,Rota_Reduzida,1
pedido_3459.8020977072306_327,142.0808223565322,141.6102265097217,126.61022650972171,18.506032489811044,10,4.69280024096832,Moto,Foggy,High,Metropolitian,False,0,1,0,3459.8020977072306,3596.412324216952,Aumento_Velocidade,0
pedido_3474.468057217597_337,127.4645983255548,124.00394974321748,109.00394974321748,0.0,15,4.605415110707639,Moto,Stormy,High,Metropolitian,False,0,1,0,3474.468057217597,3598.4720069608147,Aumento_Velocidade,1
pedido_3432.2645592797135_311,181.06028343933517,171.97474220958162,156.97474220958162,10.069131838985559,10,4.349501578782714,Moto,Windy,High,Metropolitian,False,0,1,0,3432.2645592797135,3599.239301489295,Aumento_Velocidade,0
pedido_3476.973187596804_340,119.5098896697714,119.43812452492726,119.43812452492726,16.681267897556697,5,4.513665334638111,Moto,Sunny,Low,Metropolitian,False,0,0,1,3476.973187596804,3601.4113121217315,Nenhuma,1
pedido_3486.604102245568_345,130.5623212017891,100.6056324535182,100.6056324535182,3.0775262256064146,15,4.763671795412312,Van,Sandstorms,Medium,Metropolitian,False,0,0,0,3486.604102245568,3602.2097346990863,Nenhuma,1
pedido_3475.454367438667_339,132.6685663675884,113.89035756287274,113.89035756287274,14.601712862997752,15,4.804475031143717,Van,Stormy,Medium,Metropolitian,False,0,0,0,3475.454367438667,3604.3447250015397,Nenhuma,1
pedido_3485.3899261444676_344,99.65208687952504,114.00195795304319,114.00195795304319,5.603279365876536,5,4.908373003194468,Scooter,Stormy,Low,Urban,False,0,0,0,3485.3899261444676,3604.3918840975107,Nenhuma,1
pedido_3487.7922560057073_346,128.10224929954254,124.1249952576255,109.1249952576255,7.887047959970509,10,4.68726560117985,Moto,Stormy,High,Metropolitian,True,0,1,0,3487.7922560057073,3606.9172512633327,Aumento_Velocidade,1
pedido_3519.2729928680105_357,102.57911321272154,89.48354141316997,74.48354141316997,17.29469067357931,15,4.605864758220204,Scooter,Sunny,High,Metropolitian,False,0,1,1,3519.2729928680105,3608.7565342811804,Aumento_Velocidade,1
pedido_3491.4688798365282_350,136.1770531240838,125.06099504950231,110.06099504950231,9.06920450461568,10,5.0,Moto,Sandstorms,High,Metropolitian,False,0,1,0,3491.4688798365282,3611.5298748860305,Aumento_Velocidade,1
pedido_3481.887098203977_341,136.7096823767359,141.25356734493903,126.25356734493903,12.03335773449331,5,5.0,Moto,Windy,Medium,Metropolitian,False,0,0,0,3481.887098203977,3613.1406655489163,Rota_Reduzida,0
pedido_3451.1684067416963_324,187.3226113434092,170.30897610298572,155.30897610298572,14.8203150024612,10,4.354058414382001,Moto,Stormy,High,Urban,False,0,1,0,3451.1684067416963,3616.477382844682,Aumento_Velocidade,0
pedido_3512.288113955588_355,124.138109347723,114.76724022819943,99.76724022819943,1.6717199774792997,5,4.71904995858344,Moto,Sandstorms,Jam,Metropolitian,False,0,1,0,3512.288113955588,3617.0553541837876,Aumento_Velocidade,1
pedido_3529.1999660718275_365,111.96904916936911,102.99881259565161,87.99881259565161,15.835579003986183,5,4.70271532720424,Scooter,Sunny,Jam,Metropolitian,True,0,1,1,3529.1999660718275,3622.198778667479,Aumento_Velocidade,1
pedido_3572.557282344679_382,45.775274621191556,34.91550033109138,34.91550033109138,12.987167527975332,15,4.7965929805029885,Scooter,Windy,High,Metropolitian,False,1,1,0,3572.557282344679,3622.4727826757708,Nenhuma,1
pedido_3497.5858044366905_353,131.43632545858222,130.2575221108557,115.25752211085569,6.059771802959181,10,4.61360348095475,Moto,Foggy,High,Metropolitian,True,0,1,0,3497.5858044366905,3622.843326547546,Aumento_Velocidade,1
pedido_3561.320462682928_377,58.4323388598702,51.76232723202315,51.76232723202315,11.608130468097816,10,4.262971322932103,Moto,Foggy,Medium,Metropolitian,False,1,0,0,3561.320462682928,3623.082789914951,Nenhuma,1
pedido_3575.159224093578_384,44.288598084530875,33.74577237436064,33.74577237436064,4.84540915279933,15,4.599950881608893,Moto,Stormy,High,Metropolitian,False,1,1,0,3575.159224093578,3623.9049964679384,Nenhuma,1
pedido_3522.8652632651383_359,130.8626028675974,111.77779829006039,96.77779829006039,14.021164166345637,10,4.646597689341568,Scooter,Stormy,High,Metropolitian,True,0,1,0,3522.8652632651383,3629.6430615551985,Aumento_Velocidade,1
pedido_3511.6324876781314_354,132.95607279993519,120.86679339792846,105.86679339792846,5.96778693929398,15,4.963292627640538,Scooter,Windy,High,Metropolitian,False,0,1,0,3511.6324876781314,3632.49928107606,Aumento_Velocidade,1
pedido_3551.1628214986727_371,96.35305260623419,88.31091967145129,68.31091967145129,4.352688935070729,15,4.9305203776837745,Moto,Sunny,High,Other,True,0,1,1,3551.1628214986727,3634.473741170124,Rota_Reduzida,1
pedido_3575.144203592707_383,101.90112410285856,60.60777187369541,60.60777187369541,5.0847785987018295,15,4.722673785788344,Moto,Windy,Low,Metropolitian,False,0,0,0,3575.144203592707,3650.7519754664027,Nenhuma,1
pedido_3549.2123461825554_370,130.17847072221292,105.26305689828529,90.26305689828529,2.877339971917199,15,4.831386030777341,Scooter,Sandstorms,High,Metropolitian,True,0,1,0,3549.2123461825554,3654.475403080841,Aumento_Velocidade,1
pedido_3526.1537264313247_362,136.1220671958234,114.75846348216265,114.75846348216265,13.036034350439964,15,4.8911845376162235,Van,Sandstorms,Medium,Metropolitian,False,0,0,0,3526.1537264313247,3655.9121899134875,Nenhuma,1
pedido_3518.211364829163_356,133.02963930756187,142.7183601618877,127.71836016188769,11.438249623730263,10,4.680156379629148,Moto,Windy,High,Metropolitian,False,0,1,0,3518.211364829163,3655.9297249910505,Aumento_Velocidade,0
pedido_3491.7476185592_351,180.85209896603263,174.31947573473485,154.31947573473485,3.6236445253060436,10,4.309192839095431,Moto,Sunny,Jam,Other,False,0,1,1,3491.7476185592,3656.067094293935,Rota_Reduzida,0
pedido_3527.1984780811526_364,132.75290817707386,130.4559891066144,115.4559891066144,6.7259427688316205,15,4.75021369561843,Scooter,Windy,High,Metropolitian,False,0,1,0,3527.1984780811526,3657.654467187767,Aumento_Velocidade,1
pedido_3544.1629671269898_369,129.58043363698226,118.62333133840914,103.62333133840914,12.623601234040208,10,4.79432503394715,Moto,Stormy,High,Metropolitian,False,0,1,0,3544.1629671269898,3657.786298465399,Aumento_Velocidade,1
pedido_3538.42368454369_368,132.60327334217564,109.9581452287532,109.9581452287532,17.000516324156223,15,4.577705666997882,Van,Windy,High,Metropolitian,False,0,1,0,3538.42368454369,3663.381829772443,Nenhuma,1
pedido_3534.420197370071_366,122.80988043308066,115.02425878331283,115.02425878331283,3.1841971844669894,15,4.5369512516060695,Van,Stormy,Jam,Urban,True,0,1,0,3534.420197370071,3664.4444561533837,Nenhuma,1
pedido_3559.5326822713228_376,130.992527115471,108.4958066735936,93.4958066735936,1.68818267107914,15,4.623087617780731,Moto,Windy,High,Metropolitian,False,0,1,0,3559.5326822713228,3668.0284889449163,Aumento_Velocidade,1
pedido_3579.8989984812074_388,116.70158057733262,95.4018953664855,75.4018953664855,7.5019720887639565,15,4.822754922702809,Scooter,Sandstorms,Jam,Other,False,0,1,0,3579.8989984812074,3670.300893847693,Rota_Reduzida,1
pedido_3556.8119666858975_373,133.79506586975825,124.41350774790152,109.41350774790152,12.850679596615487,5,4.716043506950813,Moto,Stormy,Medium,Urban,False,0,0,0,3556.8119666858975,3671.225474433799,Rota_Reduzida,1
pedido_3591.1888897422455_396,95.5788166304276,90.67546515878512,75.67546515878512,6.697725572432875,5,4.628351207919123,Scooter,Sunny,High,Metropolitian,False,0,1,1,3591.1888897422455,3671.8643549010308,Aumento_Velocidade,1
pedido_3526.014382744293_361,168.31855013380988,147.55598933044763,132.55598933044763,12.793147729902618,15,4.3190372624142395,Moto,Sunny,Medium,Metropolitian,True,0,0,1,3526.014382744293,3673.5703720747406,Rota_Reduzida,0
pedido_3523.818839671816_360,175.7607079872853,150.46374287768265,135.46374287768265,2.317604906782163,15,4.14664661235223,Scooter,Sandstorms,High,Metropolitian,False,0,1,0,3523.818839671816,3674.282582549499,Aumento_Velocidade,0
pedido_3489.5808029101963_348,185.49231969590218,192.74078769947366,177.74078769947366,13.494347486524388,10,4.4385901205700335,Scooter,Windy,High,Metropolitian,True,0,1,0,3489.5808029101963,3677.32159060967,Aumento_Velocidade,0
pedido_3570.347114619181_379,132.31440819520418,120.27622149066588,105.27622149066588,7.866295170864861,5,4.602507903962262,Scooter,Stormy,Medium,Metropolitian,False,0,0,0,3570.347114619181,3680.6233361098466,Rota_Reduzida,1
pedido_3570.3583347307576_380,132.69592060057397,120.81822314103049,105.81822314103049,17.03753011590333,5,4.703977807313631,Scooter,Stormy,Jam,Metropolitian,False,0,1,0,3570.3583347307576,3681.176557871788,Aumento_Velocidade,1
pedido_3625.1704058369214_413,49.19892097210938,42.27139002006793,42.27139002006793,0.1394419382904637,15,4.605746117902682,Scooter,Windy,High,Metropolitian,False,1,1,0,3625.1704058369214,3682.4417958569893,Nenhuma,1
pedido_3553.5479444609427_372,135.7975343682578,134.6963175619646,119.6963175619646,15.625476394750685,10,4.771487158040805,Moto,Windy,High,Metropolitian,True,0,1,0,3553.5479444609427,3683.244262022907,Aumento_Velocidade,1
pedido_3557.518728182771_374,140.62704366312087,130.38479692934186,115.38479692934186,15.274495745857697,15,4.622149442459758,Scooter,Sandstorms,Jam,Urban,False,0,1,0,3557.518728182771,3687.903525112113,Aumento_Velocidade,1
pedido_3589.2539976408702_394,134.8892163978526,100.17417893708412,85.17417893708412,14.772507695858522,15,4.706911501574476,Scooter,Windy,Jam,Metropolitian,False,0,1,0,3589.2539976408702,3689.428176577954,Aumento_Velocidade,1
pedido_3577.81429742934_387,129.26080653668706,122.62760516521348,107.62760516521348,4.856144625632908,5,5.0,Scooter,Stormy,Jam,Metropolitian,False,0,1,0,3577.81429742934,3690.4419025945535,Aumento_Velocidade,1
pedido_3575.7985661483235_385,136.09877132762816,116.29282006627338,101.29282006627338,12.294593852263036,15,4.682283999872555,Scooter,Windy,Jam,Metropolitian,False,0,1,0,3575.7985661483235,3692.0913862145967,Aumento_Velocidade,1
pedido_3559.1902751418525_375,127.18407034260261,138.1186448341227,123.1186448341227,6.473375299798306,10,4.796814279383926,Moto,Sandstorms,Jam,Metropolitian,False,0,1,0,3559.1902751418525,3692.308919975975,Aumento_Velocidade,0
pedido_3592.7826454649767_397,143.05945443782988,102.01209261895852,87.01209261895852,16.018234014900486,15,4.781587236649276,Scooter,Foggy,Medium,Metropolitian,False,0,0,0,3592.7826454649767,3694.794738083935,Rota_Reduzida,1
pedido_3582.671599267737_391,134.10685412939617,117.34796065781437,102.34796065781437,17.361634783241666,10,4.6990720093592975,Moto,Stormy,Medium,Metropolitian,False,0,0,0,3582.671599267737,3695.019559925551,Rota_Reduzida,1
pedido_3581.8263792527464_389,131.64209897786156,117.41404340527629,102.41404340527629,0.0,15,4.69068669196283,Moto,Windy,High,Metropolitian,False,0,1,0,3581.8263792527464,3699.240422658023,Aumento_Velocidade,1
pedido_3570.9146674147623_381,132.0813584930208,134.17408024113035,119.17408024113035,5.031326162120711,10,4.66810267115927,Scooter,Sandstorms,High,Metropolitian,False,0,1,0,3570.9146674147623,3700.088747655893,Aumento_Velocidade,1
pedido_3582.236538396101_390,137.1732497899251,128.15107700374227,113.15107700374227,14.855117234480483,5,5.0,Moto,Windy,High,Metropolitian,False,0,1,0,3582.236538396101,3700.387615399843,Aumento_Velocidade,1
pedido_3617.3048353185277_409,96.36851159125553,94.12320716179252,79.12320716179252,7.1244243926851025,10,4.465524074047486,Moto,Sunny,Medium,Metropolitian,False,0,0,1,3617.3048353185277,3706.42804248032,Rota_Reduzida,1
pedido_3600.365427708256_402,105.12405048287177,101.74606485000427,101.74606485000427,8.92006003199824,5,4.667810108331336,Moto,Stormy,Low,Metropolitian,True,0,0,0,3600.365427708256,3707.11149255826,Nenhuma,1
pedido_3595.9776772527707_399,132.33602794515008,115.29580893126916,100.29580893126916,0.0,15,4.771918969444213,Scooter,Sandstorms,Medium,Metropolitian,True,0,0,0,3595.9776772527707,3711.27348618404,Rota_Reduzida,1
pedido_3630.4089905180217_416,102.39379340670354,94.45239484066634,79.45239484066634,12.915965473433198,5,5.0,Moto,Sunny,High,Urban,False,0,1,1,3630.4089905180217,3714.861385358688,Aumento_Velocidade,1
pedido_3604.937126508903_403,130.41464231538032,116.74255709929376,101.74255709929376,9.616769446209581,10,4.594315729745919,Moto,Windy,Jam,Urban,False,0,1,0,3604.937126508903,3716.6796836081967,Aumento_Velocidade,1
pedido_3566.8083444755734_378,147.98950135969315,135.68232030474363,135.68232030474363,9.413845253592715,15,4.313774631696021,Moto,Foggy,Low,Metropolitian,False,0,0,0,3566.8083444755734,3717.4906647803173,Nenhuma,0
pedido_3606.006135790078_404,110.50897060591545,101.70680634937148,101.70680634937148,16.004373088211796,10,4.936595579365423,Moto,Foggy,Low,Metropolitian,False,0,0,0,3606.006135790078,3717.7129421394498,Nenhuma,1
pedido_3588.820467334621_393,142.0808223565322,134.5017886347871,119.50178863478709,18.949292499678812,10,4.694028926868632,Scooter,Foggy,High,Metropolitian,False,0,1,0,3588.820467334621,3718.3222559694077,Aumento_Velocidade,1
pedido_3653.5003420646235_430,59.79329124456448,61.4695025640724,61.4695025640724,14.772822633186653,5,4.27198311947971,Scooter,Stormy,High,Urban,True,1,1,0,3653.5003420646235,3719.9698446286957,Nenhuma,1
pedido_3589.9777250442557_395,135.71084824131245,134.9954858005468,119.99548580054679,6.918956584589505,10,4.760812225208064,Moto,Windy,Medium,Urban,False,0,0,0,3589.9777250442557,3719.9732108448025,Rota_Reduzida,1
pedido_3594.35458119018_398,134.55206443212992,135.81751089417116,120.81751089417116,17.42938643985396,5,4.610858416754919,Scooter,Stormy,Medium,Urban,False,0,0,0,3594.35458119018,3720.172092084351,Rota_Reduzida,0
pedido_3599.6860055430143_401,141.77936513003894,124.75357302525387,109.75357302525387,19.43531333658423,15,4.806178360111141,Scooter,Foggy,High,Urban,False,0,1,0,3599.6860055430143,3724.439578568268,Aumento_Velocidade,1
pedido_3630.1703363473002_415,101.46907718661929,80.51476134731782,80.51476134731782,0.0,15,4.594076437334435,Moto,Sandstorms,Low,Metropolitian,False,0,0,0,3630.1703363473002,3725.685097694618,Nenhuma,1
pedido_3607.984507554868_406,136.3599578390772,124.40692637981408,109.40692637981408,6.651656607922432,10,4.596135439379369,Moto,Windy,Medium,Metropolitian,False,0,0,0,3607.984507554868,3727.391433934682,Rota_Reduzida,1
pedido_3576.899720138055_386,176.07291549667664,161.86300934148525,146.86300934148525,4.421271727327984,5,4.334771573603209,Moto,Sandstorms,High,Metropolitian,False,0,1,0,3576.899720138055,3728.76272947954,Aumento_Velocidade,0
pedido_3624.2681429912227_411,134.91811521706714,116.15905337424404,101.15905337424404,4.25213988593657,5,4.951389069561997,Moto,Sandstorms,High,Metropolitian,True,0,1,0,3624.2681429912227,3730.427196365467,Aumento_Velocidade,1
pedido_3596.6634137767637_400,128.81443924462351,120.48905421461126,120.48905421461126,4.98961509045472,15,4.64058791024667,Van,Windy,High,Metropolitian,True,0,1,0,3596.6634137767637,3732.152467991375,Nenhuma,0
pedido_3612.0615630807724_408,137.1839358184262,127.55091257394426,112.55091257394426,14.578768755815098,10,4.487987003413719,Moto,Windy,Jam,Metropolitian,False,0,1,0,3612.0615630807724,3734.6124756547165,Aumento_Velocidade,1
pedido_3623.719467666965_410,140.9742370610932,116.91016390098673,101.91016390098673,11.421370158157254,10,4.562594341336498,Moto,Foggy,High,Metropolitian,False,0,1,0,3623.719467666965,3735.629631567952,Aumento_Velocidade,1
pedido_3635.3278836998907_419,132.24012204548762,102.42209518574066,87.42209518574066,2.4929638242117393,15,4.5843245816817575,Moto,Sandstorms,High,Metropolitian,False,0,1,0,3635.3278836998907,3737.749978885631,Aumento_Velocidade,1
pedido_3649.762662253884_423,104.96903110401438,93.31134331345693,78.31134331345693,13.588188947536342,10,4.616971937585626,Scooter,Sunny,High,Metropolitian,True,0,1,1,3649.762662253884,3738.074005567341,Aumento_Velocidade,1
pedido_3630.6253400578844_417,102.77100945330601,102.6032606701063,102.6032606701063,6.917028528849825,5,4.811179997633946,Moto,Windy,Low,Urban,False,0,0,0,3630.6253400578844,3738.228600727991,Nenhuma,1
pedido_3608.2029774199345_407,134.7819228160967,134.2175372918181,119.2175372918181,13.86737590280585,15,4.846885262468992,Moto,Sandstorms,High,Metropolitian,False,0,1,0,3608.2029774199345,3742.4205147117527,Aumento_Velocidade,1
pedido_3625.1593692988995_412,141.32008033116873,122.63189284401918,107.63189284401918,15.66589998262797,10,4.68045279639597,Moto,Foggy,High,Metropolitian,False,0,1,0,3625.1593692988995,3742.7912621429186,Aumento_Velocidade,1
pedido_3644.1044179393894_421,125.45238562010738,110.10043575756654,95.10043575756654,4.501493514606985,5,4.571647250736532,Moto,Stormy,Jam,Metropolitian,False,0,1,0,3644.1044179393894,3744.204853696956,Aumento_Velocidade,1
pedido_3651.165269470767_426,99.8869645997601,101.38920054700404,86.38920054700404,5.655813108524344,10,4.856707695553663,Moto,Sunny,Jam,Urban,False,0,1,1,3651.165269470767,3747.5544700177707,Aumento_Velocidade,1
pedido_3651.9307650424903_429,111.56662640565581,109.07604639585097,94.07604639585097,11.741245624956626,5,4.543888238935115,Scooter,Sunny,Jam,Metropolitian,False,0,1,1,3651.9307650424903,3751.006811438341,Aumento_Velocidade,1
pedido_3632.234774663877_418,125.71935633372034,125.06638407231793,110.06638407231793,4.473559582333725,10,4.528607880808459,Moto,Stormy,Jam,Metropolitian,True,0,1,0,3632.234774663877,3752.301158736195,Aumento_Velocidade,1
pedido_3586.3301941559866_392,175.15367917018912,166.41027800557234,151.41027800557234,6.352734022067176,15,4.361256455765117,Moto,Windy,High,Metropolitian,False,0,1,0,3586.3301941559866,3752.740472161559,Aumento_Velocidade,0
pedido_3715.5977655883858_480,37.976688244636314,23.950347175675397,23.950347175675397,3.377887165760929,15,4.576527860488136,Scooter,Windy,Low,Metropolitian,True,1,0,0,3715.5977655883858,3754.548112764061,Nenhuma,1
pedido_3650.558266155701_424,130.87443567764447,114.7934495318056,99.7934495318056,16.752555545316763,5,4.562065821831652,Scooter,Stormy,High,Metropolitian,True,0,1,0,3650.558266155701,3755.3517156875064,Aumento_Velocidade,1
pedido_3629.1232537580954_414,130.84873455447226,111.74507243290367,111.74507243290367,17.96586361821007,15,4.530713096141116,Van,Stormy,High,Metropolitian,False,0,1,0,3629.1232537580954,3755.868326190999,Nenhuma,1
pedido_3651.2389534595814_427,129.01666075656678,116.93908443062811,101.93908443062811,3.5500336318643857,5,4.464096812747693,Scooter,Windy,High,Metropolitian,False,0,1,0,3651.2389534595814,3758.1780378902095,Aumento_Velocidade,1
pedido_3607.762051415152_405,145.46135275153117,154.9188055247351,139.9188055247351,13.462355038871012,15,4.471194005497006,Moto,Foggy,High,Urban,True,0,1,0,3607.762051415152,3762.6808569398872,Aumento_Velocidade,0
pedido_3654.5452607677776_431,134.25910762095836,118.0447318098532,103.0447318098532,18.544151349428308,10,4.766301060793527,Moto,Windy,High,Urban,False,0,1,0,3654.5452607677776,3767.5899925776307,Aumento_Velocidade,1
pedido_3668.8831654222195_440,99.2572314090256,91.2506124256421,91.2506124256421,2.9013971122952817,15,4.9160056047355525,Moto,Stormy,Low,Metropolitian,False,0,0,0,3668.8831654222195,3775.1337778478614,Nenhuma,1
pedido_3651.2974197417952_428,136.68257080813416,129.9415524491183,114.94155244911829,12.997630030013596,10,4.851974709060326,Scooter,Windy,High,Metropolitian,True,0,1,0,3651.2974197417952,3776.2389721909135,Aumento_Velocidade,1
pedido_3701.1228482481615_464,98.3942738599613,80.57677901603134,65.57677901603134,12.718641511263211,10,4.623027641394248,Scooter,Sunny,Medium,Metropolitian,False,0,0,1,3701.1228482481615,3776.6996272641927,Rota_Reduzida,1
pedido_3662.8338202830137_433,138.03102130555772,121.44676514608935,106.44676514608935,13.298378553015985,10,5.0,Moto,Windy,High,Metropolitian,False,0,1,0,3662.8338202830137,3779.280585429103,Aumento_Velocidade,1
pedido_3697.7021548657767_462,104.56763904245726,94.22788983179152,79.22788983179152,11.598509473201943,5,4.730853304529586,Scooter,Sunny,High,Urban,True,0,1,1,3697.7021548657767,3781.930044697568,Aumento_Velocidade,1
pedido_3666.2707379441936_436,131.45885747458362,128.00666747987918,113.00666747987918,11.060781980567743,5,4.546877297514135,Moto,Stormy,High,Metropolitian,False,0,1,0,3666.2707379441936,3784.2774054240726,Aumento_Velocidade,1
pedido_3663.376811825737_435,134.20702046845372,131.374779222654,116.37477922265401,15.173160426952522,5,4.670635010038305,Scooter,Sandstorms,High,Metropolitian,False,0,1,0,3663.376811825737,3784.751591048391,Aumento_Velocidade,1
pedido_3708.6999130893105_471,102.97077709614244,77.63994054139542,62.63994054139542,17.44607934627637,15,4.788393076312905,Scooter,Sunny,High,Metropolitian,False,0,1,1,3708.6999130893105,3786.339853630706,Aumento_Velocidade,1
pedido_3739.8326425227547_495,39.949266911364504,42.2893317490391,42.2893317490391,13.19616299323136,5,4.6609744193733675,Moto,Sunny,Medium,Metropolitian,False,1,0,1,3739.8326425227547,3787.121974271794,Nenhuma,1
pedido_3645.6546911982437_422,138.94035783716586,146.91390425417651,131.91390425417651,12.333638445548921,10,5.0,Moto,Windy,High,Urban,True,0,1,0,3645.6546911982437,3787.56859545242,Aumento_Velocidade,0
pedido_3650.843678087182_425,141.4625009756297,137.1286532246068,122.12865322460681,19.18785739532769,15,4.789610432053021,Scooter,Foggy,High,Metropolitian,False,0,1,0,3650.843678087182,3787.972331311789,Aumento_Velocidade,0
pedido_3710.747472422966_474,95.86618252432808,83.51286614504426,68.51286614504426,0.7674863101772811,10,4.519184127530252,Moto,Sunny,Medium,Metropolitian,False,0,0,1,3710.747472422966,3789.2603385680104,Rota_Reduzida,1
pedido_3696.4029057036637_460,97.73645979857947,93.02109437079243,78.02109437079243,5.714933371600472,15,4.758921900676233,Moto,Sunny,High,Metropolitian,False,0,1,1,3696.4029057036637,3789.424000074456,Aumento_Velocidade,1
pedido_3674.3430711618316_446,124.913073812866,121.09160980851294,106.09160980851294,4.308350863947088,10,4.5820049566507155,Moto,Sandstorms,Jam,Metropolitian,False,0,1,0,3674.3430711618316,3790.4346809703447,Aumento_Velocidade,1
pedido_3673.7719224482144_445,130.35740604748983,117.2415525329958,102.2415525329958,4.649414419723837,15,4.5730513576728615,Scooter,Foggy,Jam,Metropolitian,False,0,1,0,3673.7719224482144,3791.01347498121,Aumento_Velocidade,1
pedido_3679.1164644634932_447,95.99261195434228,103.62721357376968,103.62721357376968,6.211604378990046,10,4.756027012524178,Moto,Foggy,Low,Other,False,0,0,0,3679.1164644634932,3792.7436780372627,Nenhuma,1
pedido_3708.6722814223076_470,99.25953004060266,84.49598213262144,69.49598213262144,5.7172901089026285,15,4.7887791170176435,Scooter,Sunny,High,Metropolitian,True,0,1,1,3708.6722814223076,3793.168263554929,Aumento_Velocidade,1
pedido_3668.3196075617107_438,131.03979234049356,126.97506287990629,111.97506287990629,4.957847143538898,15,4.687191848265339,Scooter,Windy,High,Urban,False,0,1,0,3668.3196075617107,3795.2946704416167,Aumento_Velocidade,1
pedido_3693.3065063142044_458,101.97165732626148,87.91872596643204,87.91872596643204,2.4265759583431072,15,4.724135166650536,Moto,Sandstorms,Low,Metropolitian,False,0,0,0,3693.3065063142044,3796.2252322806366,Nenhuma,1
pedido_3681.482861059751_450,135.3060443793462,115.16139817111096,100.16139817111096,15.274699258130427,15,4.703729906426119,Moto,Sandstorms,High,Urban,True,0,1,0,3681.482861059751,3796.644259230862,Aumento_Velocidade,1
pedido_3669.295783516976_441,142.18461699938933,137.551985950119,122.55198595011899,17.960651634485046,5,4.738627521553248,Moto,Foggy,High,Metropolitian,False,0,1,0,3669.295783516976,3796.847769467095,Aumento_Velocidade,0
pedido_3681.6126177714063_451,133.8603358861522,118.0926598956136,103.0926598956136,5.674458261460193,15,4.714626411172148,Moto,Foggy,High,Metropolitian,False,0,1,0,3681.6126177714063,3799.70527766702,Aumento_Velocidade,1
pedido_3671.7587734596755_442,128.16847489935887,133.1829017702207,118.1829017702207,3.479407921176213,10,4.820173606611374,Scooter,Stormy,High,Metropolitian,True,0,1,0,3671.7587734596755,3799.941675229896,Aumento_Velocidade,1
pedido_3673.5931861057916_444,120.27505402194242,116.5728389501481,116.5728389501481,17.69303842432662,10,4.872111826630249,Moto,Sunny,Low,Metropolitian,False,0,0,1,3673.5931861057916,3800.16602505594,Nenhuma,1
pedido_3679.829549331049_448,126.98465459877232,131.2710817613937,116.2710817613937,5.855651712552083,5,4.943147855082054,Moto,Stormy,High,Metropolitian,False,0,1,0,3679.829549331049,3801.1006310924427,Aumento_Velocidade,1
pedido_3688.9722032860527_456,129.33526019081916,112.38063812505474,97.38063812505474,3.441231610870172,15,4.731758509489841,Scooter,Windy,High,Metropolitian,True,0,1,0,3688.9722032860527,3801.3528414111074,Aumento_Velocidade,1
pedido_3672.216379435871_443,136.7618253180355,134.82100482475371,119.82100482475371,12.34440915691922,10,4.610466416029185,Scooter,Stormy,Jam,Metropolitian,True,0,1,0,3672.216379435871,3802.037384260625,Aumento_Velocidade,1
pedido_3668.799012156125_439,137.98688427404485,139.69991733209244,124.69991733209244,11.564496942405329,10,4.841228979364778,Moto,Sandstorms,Medium,Metropolitian,True,0,0,0,3668.799012156125,3803.4989294882175,Rota_Reduzida,0
pedido_3687.0438888769895_454,134.20702046845372,124.77100549139311,109.77100549139311,15.342149202249784,10,4.701510575425859,Scooter,Sandstorms,High,Metropolitian,False,0,1,0,3687.0438888769895,3806.8148943683827,Aumento_Velocidade,1
pedido_3700.353697639985_463,103.28836211074689,99.03900448301916,99.03900448301916,17.411443203498877,10,4.517223894422119,Moto,Sandstorms,Low,Metropolitian,False,0,0,0,3700.353697639985,3809.3927021230043,Nenhuma,1
pedido_3710.086705866056_473,98.34072699748812,92.09535176661096,92.09535176661096,8.772449695263818,10,4.937379247560189,Scooter,Foggy,Low,Metropolitian,True,0,0,0,3710.086705866056,3812.182057632667,Nenhuma,1
pedido_3692.9116822714936_457,135.0392319513342,131.81841905721907,116.81841905721907,5.9472989915561385,5,5.0,Moto,Foggy,High,Urban,True,0,1,0,3692.9116822714936,3814.730101328713,Aumento_Velocidade,1
pedido_3697.2658701579126_461,134.08867760545337,127.58454526462683,112.58454526462683,9.791966655880211,5,5.0,Moto,Foggy,Jam,Metropolitian,False,0,1,0,3697.2658701579126,3814.8504154225393,Aumento_Velocidade,1
pedido_3682.4570798877226_452,125.63783351878111,120.5272297207375,120.5272297207375,4.1196672942255805,15,4.507344984058123,Van,Windy,Jam,Metropolitian,False,0,1,0,3682.4570798877226,3817.98430960846,Nenhuma,0
pedido_3728.7891931107206_490,94.34577866027905,100.03839058495429,85.03839058495429,8.329029057292091,5,4.820178909224647,Moto,Sunny,High,Urban,False,0,1,1,3728.7891931107206,3818.827583695675,Aumento_Velocidade,1
pedido_3726.527763075978_487,101.4451700281988,98.53345763174092,83.53345763174092,16.59453742787937,10,4.923970769341069,Scooter,Sunny,High,Metropolitian,False,0,1,1,3726.527763075978,3820.061220707719,Aumento_Velocidade,1
pedido_3684.4226082646737_453,131.5838888211861,145.70249594185373,130.70249594185373,8.013536207998946,5,4.763436455134808,Moto,Sandstorms,High,Metropolitian,False,0,1,0,3684.4226082646737,3820.1251042065273,Aumento_Velocidade,0
pedido_3728.650715654682_489,99.09272445697489,93.3799581979502,78.3799581979502,1.2313437359203192,15,4.721094840210685,Scooter,Sunny,Jam,Metropolitian,False,0,1,1,3728.650715654682,3822.030673852632,Aumento_Velocidade,1
pedido_3687.3328054392045_455,144.3020970793362,140.20511756551946,125.20511756551946,14.012251069213718,15,4.6979421474338565,Moto,Foggy,High,Urban,True,0,1,0,3687.3328054392045,3827.537923004724,Aumento_Velocidade,0
pedido_3666.845418412028_437,179.37621324040492,170.81888311482848,155.81888311482848,15.241703306731472,5,4.347415051016091,Moto,Sunny,High,Metropolitian,False,0,1,1,3666.845418412028,3827.6643015268564,Aumento_Velocidade,0
pedido_3701.759158242091_465,120.33666555581611,120.90579260615783,120.90579260615783,10.937163682605226,5,4.788848579913652,Moto,Sunny,Low,Metropolitian,True,0,0,1,3701.759158242091,3827.6649508482487,Nenhuma,0
pedido_3712.119164966292_475,130.84873455447226,120.85310281325548,105.85310281325548,17.17913747740014,10,4.534229492858054,Scooter,Stormy,High,Metropolitian,False,0,1,0,3712.119164966292,3827.9722677795476,Aumento_Velocidade,1
pedido_3702.920356788731_466,132.61895272995193,120.80198230752916,120.80198230752916,1.459193993317594,5,4.756939174954442,Van,Sandstorms,High,Metropolitian,False,0,1,0,3702.920356788731,3828.7223390962604,Nenhuma,0
pedido_3741.273420065948_497,95.91245594072267,92.60378902652138,77.60378902652138,3.5529718442936993,10,4.786369773867778,Moto,Sunny,Medium,Metropolitian,True,0,0,1,3741.273420065948,3828.8772090924695,Rota_Reduzida,1
pedido_3706.441569772881_468,133.250164137177,127.90366202623306,112.90366202623306,9.089656703704254,10,4.821019205804489,Moto,Windy,High,Metropolitian,False,0,1,0,3706.441569772881,3829.345231799114,Aumento_Velocidade,1
pedido_3716.314121601773_481,124.58304580415489,113.66261716698591,98.66261716698591,3.3844492830902047,15,4.805072781661936,Scooter,Sandstorms,Jam,Metropolitian,False,0,1,0,3716.314121601773,3829.976738768759,Aumento_Velocidade,1
pedido_3723.0448830260984_486,132.02274868357563,113.58858320740431,98.58858320740431,2.5958844432107924,10,4.679853494890485,Moto,Sandstorms,High,Metropolitian,False,0,1,0,3723.0448830260984,3831.6334662335025,Aumento_Velocidade,1
pedido_3695.3711888090847_459,140.82995587917088,143.0079857525193,128.0079857525193,18.533076359594343,10,4.680551262804631,Moto,Sandstorms,Jam,Metropolitian,False,0,1,0,3695.3711888090847,3833.379174561604,Aumento_Velocidade,0
pedido_3715.375639133325_479,103.72837505366307,109.29635578193559,109.29635578193559,11.631314780328484,10,4.924028450421985,Moto,Windy,Low,Urban,False,0,0,0,3715.375639133325,3834.6719949152607,Nenhuma,1
pedido_3719.344618041991_484,141.02275848587644,117.0410640858181,102.0410640858181,12.079597504729156,15,4.667799102506296,Moto,Foggy,High,Urban,False,0,1,0,3719.344618041991,3836.385682127809,Aumento_Velocidade,1
pedido_3719.3244068146446_483,133.329238728557,129.99211026154336,114.99211026154336,16.71245072294109,5,4.761663851353774,Scooter,Stormy,Jam,Urban,False,0,1,0,3719.3244068146446,3839.316517076188,Aumento_Velocidade,1
pedido_3726.6293801963498_488,134.03880756087088,123.22997738633336,108.22997738633336,11.944647447584318,5,4.618244548403936,Moto,Sandstorms,High,Metropolitian,False,0,1,0,3726.6293801963498,3839.859357582683,Aumento_Velocidade,1
pedido_3713.461357659837_476,134.5142525570483,131.89292264149944,116.89292264149944,3.986990163773774,10,4.801737593803583,Moto,Foggy,High,Urban,False,0,1,0,3713.461357659837,3840.3542803013365,Aumento_Velocidade,1
pedido_3734.0377781075285_494,95.62662330744624,102.41729087639399,102.41729087639399,7.505648933593978,5,4.553322237566557,Van,Sunny,High,Metropolitian,False,0,1,1,3734.0377781075285,3841.4550689839225,Nenhuma,1
pedido_3732.1315000763_491,133.68102890284644,121.11896422288105,106.11896422288105,15.050276391103834,5,4.546792639705447,Moto,Windy,High,Urban,True,0,1,0,3732.1315000763,3843.250464299181,Aumento_Velocidade,1
pedido_3659.2584001062737_432,188.41475675815133,194.4815629037065,179.4815629037065,16.71690261173303,5,4.412901981843823,Scooter,Foggy,High,Metropolitian,False,0,1,0,3659.2584001062737,3843.7399630099803,Aumento_Velocidade,0
pedido_3742.409398704526_498,127.92165708467564,107.57494471235078,92.57494471235078,3.0596073196409237,10,4.757482604495991,Moto,Stormy,High,Metropolitian,False,0,1,0,3742.409398704526,3844.984343416877,Aumento_Velocidade,1
pedido_3769.9272031729265_515,99.14338318226692,75.55603723222146,60.556037232221456,6.329688979923108,15,4.6712025220532425,Moto,Sunny,Medium,Metropolitian,True,0,0,1,3769.9272031729265,3845.483240405148,Rota_Reduzida,1
pedido_3734.022794287345_493,127.74865931486852,116.92533254802424,101.92533254802424,7.159711803679704,10,4.683276029932826,Moto,Windy,Jam,Metropolitian,False,0,1,0,3734.022794287345,3845.9481268353693,Aumento_Velocidade,1
pedido_3663.3059320731218_434,202.3427839434352,193.19898321375422,178.19898321375422,15.421922175411106,5,4.272835554817554,Moto,Foggy,Jam,Metropolitian,False,0,1,0,3663.3059320731218,3846.504915286876,Aumento_Velocidade,0
pedido_3718.218333146087_482,139.45896988801982,133.48352483491433,118.48352483491433,10.07959992581393,10,5.0,Moto,Foggy,High,Metropolitian,True,0,1,0,3718.218333146087,3846.7018579810015,Aumento_Velocidade,1
pedido_3635.3290452433384_420,200.61222385244318,203.1820626705258,203.1820626705258,15.183622643514903,10,4.414883498738258,Van,Foggy,Jam,Metropolitian,True,0,1,0,3635.3290452433384,3848.511107913864,Nenhuma,0
pedido_3759.3945036074015_508,95.7534846130962,99.471262330244,84.471262330244,8.263356672013431,5,5.0,Scooter,Sunny,High,Metropolitian,False,0,1,1,3759.3945036074015,3848.8657659376454,Aumento_Velocidade,1
pedido_3754.5308091712022_506,129.97929613026042,98.39626118390295,83.39626118390295,5.102033037468876,15,4.633273720478839,Moto,Sandstorms,High,Metropolitian,True,0,1,0,3754.5308091712022,3852.927070355105,Aumento_Velocidade,1
pedido_3704.2242530496346_467,145.10180668824276,150.0894679818839,135.0894679818839,15.290418096402782,15,5.0,Scooter,Foggy,Medium,Metropolitian,False,0,0,0,3704.2242530496346,3854.3137210315185,Rota_Reduzida,0
pedido_3752.1826111956316_503,103.97336047372409,93.96670274399102,93.96670274399102,15.39849725692468,10,4.745689819836839,Scooter,Stormy,Low,Semi-Urban,False,0,0,0,3752.1826111956316,3856.1493139396225,Nenhuma,1
pedido_3746.8632710364873_499,102.02713730133733,105.64580451120463,105.64580451120463,9.841327913529875,5,4.824850356779039,Moto,Foggy,Low,Metropolitian,False,0,0,0,3746.8632710364873,3857.5090755476917,Nenhuma,1
pedido_3733.502747118886_492,124.99981354299071,119.09768171750827,119.09768171750827,4.5082020593940495,5,4.455945337109176,Van,Stormy,High,Urban,False,0,1,0,3733.502747118886,3857.6004288363943,Nenhuma,1
pedido_3746.9369902130397_500,133.6964329244104,119.4494649363179,104.4494649363179,15.306834324706127,10,4.859574078357243,Scooter,Stormy,Medium,Metropolitian,False,0,0,0,3746.9369902130397,3861.3864551493575,Rota_Reduzida,1
pedido_3760.207669610694_509,102.31730649553023,115.74182585533522,100.74182585533522,15.814881155026962,5,4.590549438747047,Moto,Sunny,Medium,Metropolitian,False,0,0,1,3760.207669610694,3865.9494954660295,Rota_Reduzida,1
pedido_3749.1787067715595_502,131.5982592454037,121.99460393467476,106.99460393467476,8.231827653198128,10,4.650561020050367,Moto,Windy,High,Urban,True,0,1,0,3749.1787067715595,3866.173310706234,Aumento_Velocidade,1
pedido_3741.128912184891_496,130.40050506916506,125.10966166187072,110.10966166187072,4.3179731067675915,15,4.8856080405174716,Moto,Sandstorms,High,Metropolitian,True,0,1,0,3741.128912184891,3866.2385738467615,Aumento_Velocidade,1
pedido_3708.1198331107676_469,178.64119323461597,169.29230201682614,154.29230201682614,4.416808999491282,5,4.412683406339083,Moto,Foggy,High,Metropolitian,False,0,1,0,3708.1198331107676,3867.4121351275935,Aumento_Velocidade,0
pedido_3752.920853007396_504,123.26926639092318,124.2699990451637,109.2699990451637,2.5812378347125997,15,4.606207724815802,Moto,Foggy,Medium,Metropolitian,True,0,0,0,3752.920853007396,3877.19085205256,Rota_Reduzida,1
pedido_3714.587935106306_478,141.32008033116873,157.9575546837521,157.9575546837521,14.917965573819302,5,4.702302049574534,Van,Foggy,High,Metropolitian,False,0,1,0,3714.587935106306,3877.545489790058,Nenhuma,0
pedido_3766.2417920334437_513,103.93047488350528,96.9883720265355,96.9883720265355,12.62405974262809,15,5.0,Moto,Stormy,Low,Metropolitian,True,0,0,0,3766.2417920334437,3878.2301640599794,Nenhuma,1
pedido_3713.471532734183_477,182.68489682675158,176.5377298758573,161.5377298758573,10.57645559539003,5,4.349565177444842,Moto,Sandstorms,High,Metropolitian,False,0,1,0,3713.471532734183,3880.00926261004,Aumento_Velocidade,0
pedido_3709.5285565283334_472,171.36160110569477,175.62516143112265,160.62516143112265,1.0156043518522262,10,4.308160020346782,Scooter,Foggy,High,Urban,False,0,1,0,3709.5285565283334,3880.153717959456,Aumento_Velocidade,0
pedido_3784.8209732256173_522,124.75989381478189,95.4835977537445,80.4835977537445,2.4920319851944517,15,4.602021245960922,Scooter,Foggy,Medium,Metropolitian,False,0,0,0,3784.8209732256173,3880.304570979362,Rota_Reduzida,1
pedido_3837.8571821321943_545,38.62257926896509,27.766267221108933,27.766267221108933,13.932692038790037,15,4.652983836636005,Scooter,Stormy,Low,Metropolitian,False,1,0,0,3837.8571821321943,3880.6234493533034,Nenhuma,1
pedido_3748.614301058375_501,150.17955772540836,145.17619092826655,130.17619092826655,10.518677338902087,5,4.611446424157596,Moto,Foggy,Jam,Urban,False,0,1,0,3748.614301058375,3883.7904919866414,Aumento_Velocidade,0
pedido_3681.274175804483_449,202.94679194700458,187.85465880941095,187.85465880941095,13.9838065840423,15,4.436311166494481,Van,Foggy,Jam,Metropolitian,False,0,1,0,3681.274175804483,3884.128834613894,Nenhuma,0
pedido_3862.3295971793614_569,43.191280443448896,10.467971905906616,10.467971905906616,4.298654745813057,15,4.75377455429002,Moto,Stormy,High,Urban,False,1,1,0,3862.3295971793614,3887.797569085268,Nenhuma,1
pedido_3763.321656417777_512,128.81254279618523,124.55400820563108,109.55400820563108,2.4017185059003867,15,4.626779123741956,Moto,Windy,High,Metropolitian,True,0,1,0,3763.321656417777,3887.875664623408,Aumento_Velocidade,1
pedido_3753.1307198507875_505,129.76486193434457,125.51710944298048,125.51710944298048,16.136719372758346,10,4.592537121954218,Van,Stormy,High,Metropolitian,False,0,1,0,3753.1307198507875,3888.647829293768,Nenhuma,0
pedido_3768.089187012178_514,127.89176257409241,122.2847968179131,107.2847968179131,6.3173308040590355,15,4.778005774737018,Scooter,Stormy,High,Metropolitian,True,0,1,0,3768.089187012178,3890.373983830091,Aumento_Velocidade,1
pedido_3719.9009656103276_485,186.34106316592337,173.20679550939622,158.20679550939622,21.981727465247687,15,4.377445886279586,Moto,Windy,High,Metropolitian,False,0,1,0,3719.9009656103276,3893.107761119724,Aumento_Velocidade,0
pedido_3778.5453899958006_520,129.74868843934777,120.1907442698523,105.1907442698523,1.4129488378572193,10,4.721590755480388,Scooter,Windy,Jam,Urban,True,0,1,0,3778.5453899958006,3893.736134265653,Aumento_Velocidade,1
pedido_3762.9409225400914_511,130.15108880196638,125.8307400866722,125.8307400866722,1.9536048093368343,5,4.611956259469566,Van,Sandstorms,High,Metropolitian,True,0,1,0,3762.9409225400914,3893.7716626267634,Nenhuma,0
pedido_3848.2416301692497_555,64.19972876579754,59.4662382763365,44.4662382763365,6.723609694262554,5,4.334723908219023,Scooter,Stormy,High,Metropolitian,False,1,1,0,3848.2416301692497,3897.707868445586,Aumento_Velocidade,1
pedido_3792.2174421793716_527,102.68085853965917,100.82858155778816,100.82858155778816,12.542044853965171,5,4.6764036974489676,Moto,Windy,Low,Metropolitian,False,0,0,0,3792.2174421793716,3898.04602373716,Nenhuma,1
pedido_3827.64233695544_539,101.2125361871347,86.84576794270566,71.84576794270566,10.601464153620162,5,4.499480535076754,Moto,Sunny,Medium,Metropolitian,False,0,0,1,3827.64233695544,3904.4881048981456,Rota_Reduzida,1
pedido_3760.6121924060653_510,151.26777877522332,150.45916453394707,135.45916453394707,18.410909421916664,10,4.69363349748903,Moto,Foggy,Jam,Metropolitian,True,0,1,0,3760.6121924060653,3906.0713569400123,Aumento_Velocidade,0
pedido_3782.2124438942296_521,135.17790609396323,134.57209014684122,119.57209014684122,17.23817539695495,5,4.580348599045478,Scooter,Sandstorms,High,Metropolitian,True,0,1,0,3782.2124438942296,3906.784534041071,Aumento_Velocidade,1
pedido_3770.340482768187_516,141.234304302999,147.02957863005057,132.02957863005057,17.887765199274234,5,4.895493139990332,Moto,Foggy,High,Metropolitian,False,0,1,0,3770.340482768187,3907.370061398238,Aumento_Velocidade,0
pedido_3796.9586614566133_529,135.31850075111322,124.2967942511957,109.2967942511957,14.083850308098626,5,5.0,Moto,Sandstorms,High,Urban,False,0,1,0,3796.9586614566133,3911.2554557078092,Aumento_Velocidade,1
pedido_3772.035001023652_518,130.8626028675974,149.96306197264303,134.96306197264303,16.351339778083787,5,4.62094213186993,Scooter,Stormy,High,Metropolitian,True,0,1,0,3772.035001023652,3911.998062996295,Aumento_Velocidade,0
pedido_3801.4646236142926_530,135.78175526201267,114.06299781759841,99.06299781759841,17.420402082756347,15,4.755336507776815,Moto,Windy,Medium,Metropolitian,False,0,0,0,3801.4646236142926,3915.527621431891,Rota_Reduzida,1
pedido_3852.5512839065373_559,49.004105599771066,55.37469034139713,55.37469034139713,0.0,10,4.666286855823757,Moto,Windy,High,Metropolitian,False,1,1,0,3852.5512839065373,3917.9259742479344,Nenhuma,1
pedido_3770.5337058900336_517,141.2625011195438,135.33221088319092,135.33221088319092,10.946634349873284,15,4.5896364201992785,Van,Sandstorms,Jam,Metropolitian,False,0,1,0,3770.5337058900336,3920.8659167732244,Nenhuma,0
pedido_3878.5074703723503_576,39.37674875139419,27.8329443875012,27.8329443875012,15.656257980867792,15,4.801441366296289,Moto,Sunny,Medium,Urban,True,1,0,1,3878.5074703723503,3921.3404147598517,Nenhuma,1
pedido_3791.8072798285107_526,128.77294857909376,140.61642469061596,125.61642469061596,7.28842685627497,5,4.521884121642607,Scooter,Windy,High,Metropolitian,True,0,1,0,3791.8072798285107,3922.4237045191267,Aumento_Velocidade,0
pedido_3819.561843705773_536,102.18006446448985,88.44927097989068,88.44927097989068,14.35954522382012,15,4.6470631240890805,Moto,Sandstorms,Low,Metropolitian,False,0,0,0,3819.561843705773,3923.0111146856634,Nenhuma,1
pedido_3812.259053038062_533,130.29456186252992,117.05895213386833,102.05895213386833,1.4870241837751657,10,4.971573633581123,Moto,Foggy,Jam,Urban,False,0,1,0,3812.259053038062,3924.3180051719305,Aumento_Velocidade,1
pedido_3796.4631661340454_528,134.8819635623919,133.78230218496233,118.78230218496233,15.516677602701417,10,4.709904393656676,Moto,Windy,Medium,Metropolitian,False,0,0,0,3796.4631661340454,3925.2454683190076,Rota_Reduzida,1
pedido_3806.4192168989275_531,124.138109347723,134.12038521338576,119.12038521338576,2.1841132005584134,5,4.72976229951661,Moto,Sandstorms,Jam,Metropolitian,False,0,1,0,3806.4192168989275,3930.5396021123133,Aumento_Velocidade,1
pedido_3809.6606348967875_532,134.22156031072382,129.49054209220944,114.49054209220944,6.233468771082026,10,4.761161594566096,Moto,Sandstorms,Medium,Metropolitian,False,0,0,0,3809.6606348967875,3934.151176988997,Rota_Reduzida,1
pedido_3841.1112376760198_550,101.23901358470617,92.80745110680664,92.80745110680664,10.534016080965426,5,4.996829723199733,Van,Sunny,Medium,Urban,False,0,0,1,3841.1112376760198,3938.9186887828264,Nenhuma,1
pedido_3835.9349421680213_542,131.59983734834836,115.21229985186095,100.21229985186095,8.350892005822272,5,4.5960887555633,Scooter,Windy,High,Metropolitian,True,0,1,0,3835.9349421680213,3941.147242019882,Aumento_Velocidade,1
pedido_3755.6704032844445_507,194.043361394242,185.6127196359883,170.6127196359883,5.588216470084329,15,4.4359006983707205,Scooter,Sunny,High,Metropolitian,False,0,1,1,3755.6704032844445,3941.283122920433,Aumento_Velocidade,0
pedido_3837.561672194428_544,103.76799059323476,91.68416112223845,91.68416112223845,5.092034095679191,15,4.723697134705824,Scooter,Windy,Low,Metropolitian,True,0,0,0,3837.561672194428,3944.2458333166664,Nenhuma,1
pedido_3847.2461625450114_554,98.48219891325857,92.05010556864661,92.05010556864661,8.136711895187966,5,4.570214460366007,Scooter,Sunny,Low,Metropolitian,False,0,0,1,3847.2461625450114,3944.2962681136582,Nenhuma,1
pedido_3788.178612437677_524,173.70532599386283,170.5030552771698,155.5030552771698,6.973211103274135,5,4.405050806957948,Scooter,Windy,High,Urban,True,0,1,0,3788.178612437677,3948.681667714847,Aumento_Velocidade,0
pedido_3816.35457076384_535,134.20702046845372,139.0684173314032,124.0684173314032,16.015715908329803,10,4.727431383316702,Moto,Sandstorms,High,Urban,False,0,1,0,3816.35457076384,3950.422988095243,Aumento_Velocidade,0
pedido_3831.3456085292205_540,133.02963930756187,125.0766121458266,110.0766121458266,11.151864440598471,10,4.746422977669122,Moto,Windy,High,Metropolitian,False,0,1,0,3831.3456085292205,3951.422220675047,Aumento_Velocidade,1
pedido_3840.3512513254404_549,127.01107379449536,106.36295267416561,106.36295267416561,15.22098240104208,5,4.72439362642342,Van,Sandstorms,High,Other,False,0,1,0,3840.3512513254404,3951.714203999606,Nenhuma,1
pedido_3777.850771398776_519,178.64119323461597,174.1313901151014,159.1313901151014,3.352361380550688,15,4.377058361008578,Scooter,Foggy,High,Urban,False,0,1,0,3777.850771398776,3951.9821615138776,Aumento_Velocidade,0
pedido_3833.061986977887_541,129.87425336404098,129.21696820855382,114.21696820855382,12.085812295757686,5,4.661415707758374,Scooter,Stormy,High,Metropolitian,False,0,1,0,3833.061986977887,3952.2789551864407,Aumento_Velocidade,1
pedido_3896.603818156088_590,48.22534676625337,47.44859004503418,47.44859004503418,1.3595776820629517,10,4.737247106879065,Moto,Foggy,High,Metropolitian,False,1,1,0,3896.603818156088,3954.052408201122,Nenhuma,1
pedido_3883.382684163972_579,102.48014090178124,70.92388041536123,55.923880415361225,19.841444219980534,15,4.590775555363018,Scooter,Sunny,High,Metropolitian,False,0,1,1,3883.382684163972,3954.306564579333,Aumento_Velocidade,1
pedido_3917.4209153103106_602,41.00685100232945,22.765202307443133,22.765202307443133,11.479858616911695,15,4.6495625073868965,Moto,Foggy,Low,Metropolitian,False,1,0,0,3917.4209153103106,3955.1861176177536,Nenhuma,1
pedido_3932.0179198336796_610,44.60410532717617,20.418847701682097,20.418847701682097,2.5163941334365223,5,4.6786181903636,Van,Windy,Medium,Urban,False,1,0,0,3932.0179198336796,3957.4367675353615,Nenhuma,1
pedido_3790.6480598797084_525,174.2748637615803,167.43312043488885,152.43312043488885,2.5729588361318787,15,4.428720747096524,Moto,Windy,High,Metropolitian,False,0,1,0,3790.6480598797084,3958.081180314597,Aumento_Velocidade,0
pedido_3870.0081776724073_570,102.9809959597591,74.35921788828414,74.35921788828414,13.292022294670298,15,4.491988356959859,Moto,Windy,Low,Urban,False,0,0,0,3870.0081776724073,3959.3673955606914,Nenhuma,1
pedido_3825.881228657952_537,136.8305186992407,144.37386551367268,129.37386551367268,16.446554693248764,5,4.755525804162381,Moto,Sandstorms,Medium,Metropolitian,False,0,0,0,3825.881228657952,3960.2550941716245,Rota_Reduzida,0
pedido_3859.76395722434_566,96.4945111434494,85.49632073180415,85.49632073180415,8.559602716653856,15,4.972816512548642,Moto,Sunny,Low,Urban,False,0,0,1,3859.76395722434,3960.2602779561444,Nenhuma,1
pedido_3839.3429607109665_548,132.76644456466673,131.2277591133183,116.22775911331831,4.488482294103007,5,4.8808347971421755,Moto,Sandstorms,High,Metropolitian,False,0,1,0,3839.3429607109665,3960.570719824285,Aumento_Velocidade,1
pedido_3786.997603384245_523,176.73319939861875,183.96258719021486,168.96258719021486,2.3810749700085374,5,4.3839905811171676,Moto,Sandstorms,High,Metropolitian,True,0,1,0,3786.997603384245,3960.96019057446,Aumento_Velocidade,0
pedido_3846.4046610061723_553,122.36087347196543,111.50061301527961,111.50061301527961,1.4966755669645506,5,4.450830509552629,Van,Stormy,Jam,Metropolitian,False,0,1,0,3846.4046610061723,3962.905274021452,Nenhuma,1
pedido_3857.417769567179_562,127.79907336895444,111.69688834185999,96.69688834185999,6.069306513510909,10,4.7584658404760685,Scooter,Sandstorms,Jam,Metropolitian,False,0,1,0,3857.417769567179,3964.114657909039,Aumento_Velocidade,1
pedido_3815.9950144802374_534,174.23989059094237,160.3848061761252,145.3848061761252,4.260696880344472,5,4.434252502624561,Moto,Windy,Jam,Metropolitian,False,0,1,0,3815.9950144802374,3966.3798206563624,Aumento_Velocidade,0
pedido_3838.9705042149017_547,145.30455397072836,130.00112273585245,115.00112273585245,15.845274090691996,15,4.519729933587583,Moto,Sandstorms,Jam,Metropolitian,True,0,1,0,3838.9705042149017,3968.971626950754,Aumento_Velocidade,1
pedido_3826.656644757983_538,135.41940274021803,147.43393067867612,132.43393067867612,6.622185768533637,10,4.658989841778096,Moto,Windy,Medium,Metropolitian,False,0,0,0,3826.656644757983,3969.090575436659,Rota_Reduzida,0
pedido_3856.5712144650915_561,101.34890079123261,107.69880687209098,107.69880687209098,5.323683502262417,5,5.0,Van,Sunny,Jam,Urban,False,0,1,1,3856.5712144650915,3969.2700213371827,Nenhuma,1
pedido_3858.4668706546927_565,135.31850075111322,121.78481765164003,106.78481765164003,14.20861182595941,5,4.956342485916264,Moto,Sandstorms,High,Metropolitian,False,0,1,0,3858.4668706546927,3970.2516883063327,Aumento_Velocidade,1
pedido_3859.971318511617_567,130.7399514505476,117.05713674688509,102.05713674688509,8.96599771454737,10,4.84799763483809,Moto,Stormy,Medium,Metropolitian,False,0,0,0,3859.971318511617,3972.028455258502,Rota_Reduzida,1
pedido_3858.4592771659004_564,128.13153539187118,124.02058667422017,109.02058667422017,6.14666459389371,5,4.483546451524009,Moto,Windy,High,Metropolitian,False,0,1,0,3858.4592771659004,3972.4798638401207,Aumento_Velocidade,1
pedido_3852.1542534102477_557,135.67920625948244,130.35534619853595,115.35534619853595,10.48201770920422,5,4.717870141657411,Moto,Windy,High,Urban,False,0,1,0,3852.1542534102477,3972.509599608784,Aumento_Velocidade,1
pedido_3851.766159214695_556,130.53799327759472,121.72405222200899,106.72405222200899,13.51713933438405,15,4.829032247646378,Moto,Stormy,High,Metropolitian,True,0,1,0,3851.766159214695,3973.490211436704,Aumento_Velocidade,1
pedido_3837.244905885547_543,175.43030116636646,148.03125102484046,133.03125102484046,4.066453304078811,5,4.398876151884242,Scooter,Stormy,High,Metropolitian,False,0,1,0,3837.244905885547,3975.2761569103873,Aumento_Velocidade,0
pedido_3935.4065638876145_612,41.570569967922346,31.130280630434633,31.130280630434633,15.18996401105477,10,4.65529858025239,Moto,Windy,Low,Metropolitian,True,1,0,0,3935.4065638876145,3976.5368445180493,Nenhuma,1
pedido_3860.926554515706_568,130.22115973519726,118.78979053444206,103.78979053444206,15.41210712852048,15,4.76711196577982,Scooter,Stormy,High,Metropolitian,True,0,1,0,3860.926554515706,3979.716345050148,Aumento_Velocidade,1
pedido_3879.7527938866715_578,102.05103420200642,95.35431248939554,95.35431248939554,20.927652957034617,5,5.0,Moto,Sandstorms,Low,Metropolitian,False,0,0,0,3879.7527938866715,3980.107106376067,Nenhuma,1
pedido_3872.8146080794795_571,132.31169203335554,108.06141130813555,93.06141130813555,7.368733695023067,15,4.599360790135792,Moto,Sandstorms,High,Metropolitian,False,0,1,0,3872.8146080794795,3980.876019387615,Aumento_Velocidade,1
pedido_3879.025752706899_577,103.64871864064442,101.95328180913242,86.95328180913242,15.435527913194527,15,4.867166386503165,Moto,Sunny,High,Urban,True,0,1,1,3879.025752706899,3980.9790345160313,Aumento_Velocidade,1
pedido_3838.542950929733_546,131.63377386629992,128.31513669924834,128.31513669924834,6.733505245256373,15,4.738673969575999,Van,Sandstorms,High,Urban,False,0,1,0,3838.542950929733,3981.858087628981,Nenhuma,0
pedido_3877.9354450719925_575,129.78896486355157,104.02735827886913,89.02735827886913,7.045922852950005,15,4.824030525106703,Scooter,Foggy,Jam,Metropolitian,False,0,1,0,3877.9354450719925,3981.9628033508616,Aumento_Velocidade,1
pedido_3959.068985057759_631,44.585518267330556,13.289873697145953,13.289873697145953,6.66038940616314,10,4.825373541130071,Moto,Foggy,Jam,Metropolitian,False,1,1,0,3959.068985057759,3982.358858754905,Nenhuma,1
pedido_3940.7599292209443_618,45.50460265908469,27.939614171382118,27.939614171382118,18.143943775174897,15,4.487207645455512,Moto,Foggy,High,Other,False,1,1,0,3940.7599292209443,3983.6995433923266,Nenhuma,1
pedido_3912.9794604540575_598,101.94713433934972,83.80078413114776,68.80078413114776,16.73329995847758,10,4.629585507708973,Moto,Sunny,High,Metropolitian,False,0,1,1,3912.9794604540575,3991.7802445852053,Aumento_Velocidade,1
pedido_3872.8958228066685_572,129.63912410347098,130.19896116966964,115.19896116966964,4.636801412376699,5,4.90376534609817,Moto,Foggy,Jam,Metropolitian,False,0,1,0,3872.8958228066685,3993.094783976338,Aumento_Velocidade,1
pedido_3873.6783328434763_573,100.53309902992069,105.55473421995521,105.55473421995521,7.2818474528577815,15,5.0,Van,Sandstorms,Low,Metropolitian,False,0,0,0,3873.6783328434763,3994.2330670634315,Nenhuma,1
pedido_3885.7775111503256_583,110.16260416368422,108.87478090445725,93.87478090445725,11.127121485855627,15,4.661493423866068,Moto,Sunny,Jam,Metropolitian,False,0,1,1,3885.7775111503256,3994.6522920547827,Aumento_Velocidade,1
pedido_3852.5267077744634_558,173.02763946222925,149.97023201862356,134.97023201862356,8.946179005251878,10,4.387842799628138,Moto,Foggy,Medium,Metropolitian,False,0,0,0,3852.5267077744634,3997.4969397930868,Rota_Reduzida,0
pedido_3887.31260530649_585,134.6709605524764,110.2073301936959,95.2073301936959,11.130735222183425,15,4.5031789216144755,Moto,Sandstorms,High,Urban,False,0,1,0,3887.31260530649,3997.5199355001855,Aumento_Velocidade,1
pedido_3906.4220139559907_592,102.59804693424064,88.33322660718198,88.33322660718198,1.2111514342447052,5,4.930744106133927,Scooter,Sandstorms,Low,Metropolitian,False,0,0,0,3906.4220139559907,3999.7552405631727,Nenhuma,1
pedido_3857.515061411363_563,131.87216154762902,127.96560506183769,127.96560506183769,8.40118195708225,15,4.461775895114269,Van,Windy,High,Urban,False,0,1,0,3857.515061411363,4000.480666473201,Nenhuma,0
pedido_3940.241382377708_617,50.16027768229735,45.47365161990135,45.47365161990135,13.497925717825867,15,4.678220775979955,Scooter,Sandstorms,Medium,Urban,False,1,0,0,3940.241382377708,4000.715033997609,Nenhuma,1
pedido_3914.9417945870173_599,127.83034834829658,86.97509280147429,71.97509280147429,6.794740351253775,15,4.883637250992972,Moto,Stormy,High,Urban,True,0,1,0,3914.9417945870173,4001.9168873884914,Aumento_Velocidade,1
pedido_3855.805491802771_560,133.32404655118648,132.56189154793768,132.56189154793768,9.162595831587991,15,4.710709221898376,Van,Foggy,High,Urban,True,0,1,0,3855.805491802771,4003.3673833507087,Nenhuma,0
pedido_3895.2796657604763_589,129.55930572708635,118.49908464272796,103.49908464272796,5.501915881247825,5,4.661788671471012,Moto,Foggy,Jam,Metropolitian,False,0,1,0,3895.2796657604763,4003.7787504032044,Aumento_Velocidade,1
pedido_3886.6796025146373_584,137.30617105898028,126.43065202753996,111.43065202753996,10.41478744365904,10,4.578429870281141,Moto,Windy,High,Urban,True,0,1,0,3886.6796025146373,4008.1102545421772,Aumento_Velocidade,1
pedido_3877.205943111622_574,130.96223913529008,138.766064106692,123.766064106692,4.014032439910713,10,4.698846035608711,Moto,Sandstorms,Medium,Metropolitian,False,0,0,0,3877.205943111622,4010.972007218314,Rota_Reduzida,0
pedido_3884.423643814975_582,127.57638294732693,128.84991647763687,113.84991647763687,8.218042788988159,15,4.572540240657042,Moto,Stormy,Jam,Urban,False,0,1,0,3884.423643814975,4013.273560292612,Aumento_Velocidade,1
pedido_3883.735469927596_580,124.33193936968115,131.62541609476202,116.62541609476202,3.2435869123103336,15,4.832477662889237,Scooter,Stormy,Jam,Metropolitian,True,0,1,0,3883.735469927596,4015.360886022358,Aumento_Velocidade,1
pedido_3890.0235292097104_586,144.3193226154171,135.58991151712237,120.58991151712237,17.095346379273092,5,4.692480336222042,Scooter,Foggy,Medium,Urban,False,0,0,0,3890.0235292097104,4015.613440726833,Rota_Reduzida,0
pedido_3893.4448267218627_588,141.32008033116873,124.25286863523164,109.25286863523164,15.386068570808494,15,4.73513078899889,Moto,Foggy,High,Metropolitian,False,0,1,0,3893.4448267218627,4017.6976953570943,Aumento_Velocidade,1
pedido_3907.4014685824345_593,130.76923128442797,121.70490489942343,106.70490489942343,2.2042168322316695,5,4.828478166618988,Scooter,Windy,High,Metropolitian,False,0,1,0,3907.4014685824345,4019.106373481858,Aumento_Velocidade,1
pedido_3844.055250403235_552,197.74437900265715,188.25844710189645,173.25844710189645,13.196527287610001,5,4.378457218685967,Moto,Windy,Jam,Urban,False,0,1,0,3844.055250403235,4022.313697505131,Aumento_Velocidade,0
pedido_3841.140005353671_551,185.80579720239197,168.3940467965847,168.3940467965847,16.496816584307073,15,4.437475246399307,Van,Windy,High,Metropolitian,False,0,1,0,3841.140005353671,4024.534052150256,Nenhuma,0
pedido_3939.668840732025_616,104.07082915916385,85.34047463002149,70.34047463002149,17.354173234677003,15,4.905107032801947,Moto,Sunny,Medium,Metropolitian,False,0,0,1,3939.668840732025,4025.0093153620464,Rota_Reduzida,1
pedido_3884.194643798938_581,131.95979834333633,152.1421571853767,137.1421571853767,8.792369858324413,5,4.884560136138287,Scooter,Windy,High,Metropolitian,False,0,1,0,3884.194643798938,4026.336800984315,Aumento_Velocidade,0
pedido_3916.8017581009904_601,124.58304580415489,109.63583021639752,94.63583021639752,3.7391502714785854,15,4.782843174727832,Moto,Sandstorms,Jam,Metropolitian,False,0,1,0,3916.8017581009904,4026.437588317388,Aumento_Velocidade,1
pedido_3960.4520301559364_632,94.44982424601581,67.65890463357744,52.658904633577436,2.2440685498273725,15,4.8331848089184515,Moto,Sunny,Medium,Metropolitian,False,0,0,1,3960.4520301559364,4028.110934789514,Rota_Reduzida,1
pedido_3918.05863640738_603,127.24367888595586,120.39064048298421,105.39064048298421,5.877927219385715,5,4.760092576878521,Moto,Stormy,Jam,Metropolitian,False,0,1,0,3918.05863640738,4028.449276890364,Aumento_Velocidade,1
pedido_3904.051411342017_591,143.4271964342765,130.5402077910979,115.54020779109791,18.190865909087847,10,4.479944213815352,Moto,Foggy,Medium,Metropolitian,False,0,0,0,3904.051411342017,4029.5916191331153,Rota_Reduzida,1
pedido_3915.3373333367317_600,139.66215885312468,120.37195238847585,105.37195238847585,14.550037217089349,10,4.990878128330018,Moto,Windy,High,Metropolitian,True,0,1,0,3915.3373333367317,4030.7092857252073,Aumento_Velocidade,1
pedido_3954.042575832461_627,101.61481017132195,83.58410511231865,68.58410511231865,14.179472047611906,10,4.6558012685532315,Scooter,Sunny,High,Metropolitian,False,0,1,1,3954.042575832461,4032.6266809447798,Aumento_Velocidade,1
pedido_4009.0821626436186_660,46.04105243269854,14.425176841212473,14.425176841212473,8.378991688394246,10,4.5604383665301444,Van,Sandstorms,High,Metropolitian,True,1,1,0,4009.0821626436186,4033.507339484831,Nenhuma,1
pedido_3927.806773046375_609,103.20909716482109,101.91547791402692,101.91547791402692,12.791342624594623,5,5.0,Moto,Sandstorms,Low,Metropolitian,True,0,0,0,3927.806773046375,4034.7222509604017,Nenhuma,1
pedido_3947.6865289878187_623,98.39054714848842,87.34829400560157,72.34829400560157,7.321523681440438,15,4.829666096844373,Moto,Sunny,Medium,Metropolitian,True,0,0,1,3947.6865289878187,4035.03482299342,Rota_Reduzida,1
pedido_3910.9091102843295_595,140.23541902215143,135.71418446247694,120.71418446247694,13.811515953910526,5,4.855579314872145,Moto,Foggy,High,Urban,False,0,1,0,3910.9091102843295,4036.6232947468066,Aumento_Velocidade,0
pedido_3932.8915271929413_611,131.95979834333633,114.22531913372808,99.22531913372808,8.666061958386319,5,4.887573147206687,Moto,Windy,High,Metropolitian,False,0,1,0,3932.8915271929413,4037.1168463266695,Aumento_Velocidade,1
pedido_3911.1623261164077_596,132.65488063328652,134.58474084812244,119.58474084812244,3.5562416912317043,10,4.863625511764478,Scooter,Sandstorms,High,Metropolitian,False,0,1,0,3911.1623261164077,4040.74706696453,Aumento_Velocidade,1
pedido_3951.6678189131_625,100.03687969222999,79.7346529416127,79.7346529416127,5.058727485185905,10,4.453091456674075,Moto,Foggy,Low,Metropolitian,False,0,0,0,3951.6678189131,4041.4024718547125,Nenhuma,1
pedido_3924.8893010363777_606,131.64848052002316,121.67823626134927,106.67823626134927,10.779436273578314,10,4.704204700055028,Moto,Stormy,High,Metropolitian,True,0,1,0,3924.8893010363777,4041.567537297727,Aumento_Velocidade,1
pedido_3939.0865511252064_614,127.87984620643726,114.90260236746083,99.90260236746083,0.31730489744078216,5,4.761693504194315,Scooter,Foggy,Jam,Urban,False,0,1,0,3939.0865511252064,4043.9891534926674,Aumento_Velocidade,1
pedido_3925.0739025072326_607,131.7025454518257,129.94619496261157,114.94619496261157,0.6371429755029139,5,4.815232207134338,Scooter,Windy,High,Metropolitian,False,0,1,0,3925.0739025072326,4045.020097469844,Aumento_Velocidade,1
pedido_3891.948540745426_587,175.58629826660686,158.6217800599277,143.6217800599277,9.142634167999963,10,4.290769405222312,Scooter,Windy,High,Metropolitian,False,0,1,0,3891.948540745426,4045.5703208053537,Aumento_Velocidade,0
pedido_3922.8030294375135_605,138.68374344101244,136.12501829823051,121.12501829823051,4.518378951240684,5,4.598427777369342,Moto,Windy,Medium,Metropolitian,True,0,0,0,3922.8030294375135,4048.928047735744,Rota_Reduzida,0
pedido_4005.731311686166_655,43.214811984790124,39.87247886368267,39.87247886368267,4.048554707366095,5,4.60663736273881,Scooter,Stormy,Medium,Urban,True,1,0,0,4005.731311686166,4050.603790549849,Nenhuma,1
pedido_3920.4795854477125_604,131.21559757745345,125.61772196586628,125.61772196586628,3.3397141678539715,5,5.0,Van,Stormy,High,Urban,False,0,1,0,3920.4795854477125,4051.0973074135786,Nenhuma,0
pedido_4007.8304882130883_658,38.054545089232725,33.633629831208935,33.633629831208935,9.874624642203209,10,4.858190718651962,Van,Sunny,High,Metropolitian,False,1,1,1,4007.8304882130883,4051.4641180442973,Nenhuma,1
pedido_3943.097830767374_620,133.18459838649693,123.26721715699671,108.26721715699671,2.840638658277,5,4.905904572765943,Moto,Windy,Medium,Metropolitian,False,0,0,0,3943.097830767374,4056.3650479243706,Rota_Reduzida,1
pedido_3999.3205057078117_651,38.118296230552644,42.138537977001185,42.138537977001185,11.016998668363104,15,4.76018462274665,Moto,Sunny,Jam,Urban,False,1,1,1,3999.3205057078117,4056.459043684813,Nenhuma,1
pedido_3936.2636924974304_613,132.11331772948233,122.27685394621582,107.27685394621582,8.775340179623562,15,4.704386683392,Moto,Stormy,Medium,Metropolitian,False,0,0,0,3936.2636924974304,4058.5405464436462,Rota_Reduzida,1
pedido_3939.3367839508555_615,138.48459852888558,129.67842776849525,114.67842776849525,18.322902214481893,5,4.7907777494208945,Moto,Sandstorms,Medium,Metropolitian,True,0,0,0,3939.3367839508555,4059.0152117193506,Rota_Reduzida,1
pedido_3955.74566789512_628,111.656403005909,108.39015060439077,93.39015060439077,15.395819555130032,10,4.590959776684943,Moto,Sunny,Jam,Metropolitian,False,0,1,1,3955.74566789512,4059.1358184995106,Aumento_Velocidade,1
pedido_3942.0763800609216_619,138.49438970592976,127.45773815984887,112.45773815984887,10.09727307679617,5,4.647531520722258,Scooter,Windy,Medium,Urban,True,0,0,0,3942.0763800609216,4059.5341182207703,Rota_Reduzida,1
pedido_3948.540107755915_624,140.11079745283524,117.61336906666315,102.61336906666315,12.644320633422499,10,4.7721430226365,Scooter,Sandstorms,Jam,Metropolitian,False,0,1,0,3948.540107755915,4061.1534768225783,Aumento_Velocidade,1
pedido_3943.5749756884134_621,127.73783541667713,120.44536646394982,105.44536646394982,4.694326750496517,15,4.7273026731203185,Moto,Stormy,High,Metropolitian,True,0,1,0,3943.5749756884134,4064.0203421523634,Aumento_Velocidade,1
pedido_3957.188070138032_629,128.27666756351218,117.9638948869927,102.9638948869927,8.102153202854726,5,4.860261506320737,Scooter,Stormy,High,Metropolitian,False,0,1,0,3957.188070138032,4065.1519650250248,Aumento_Velocidade,1
pedido_3945.643021281679_622,127.47269185925416,125.06046422965437,110.06046422965437,5.35193245827531,15,4.670511356129163,Scooter,Stormy,High,Metropolitian,True,0,1,0,3945.643021281679,4070.7034855113334,Aumento_Velocidade,1
pedido_3953.3651710086747_626,141.3178313642075,118.33036301576055,103.33036301576055,15.556628671767191,15,4.607567436947996,Scooter,Foggy,High,Urban,False,0,1,0,3953.3651710086747,4071.6955340244353,Aumento_Velocidade,1
pedido_3981.734649538361_640,95.39972886521163,110.024522416164,95.024522416164,0.31524024805957396,5,4.821160403585604,Moto,Sunny,High,Metropolitian,False,0,1,1,3981.734649538361,4081.759171954525,Aumento_Velocidade,1
pedido_3990.436480732418_645,99.62808302081272,86.75522673275547,86.75522673275547,6.122007474348349,5,4.89833018394746,Van,Sunny,Jam,Metropolitian,False,0,1,1,3990.436480732418,4082.1917074651737,Nenhuma,1
pedido_3907.708555251375_594,185.44281729286078,185.30650542727219,170.30650542727219,13.655018662857533,5,4.291640191584121,Moto,Sandstorms,High,Urban,False,0,1,0,3907.708555251375,4083.015060678647,Aumento_Velocidade,0
pedido_3979.894314293499_638,98.09455266861596,98.45432152027773,98.45432152027773,5.613655436434735,5,4.703308565833753,Van,Sunny,High,Urban,False,0,1,1,3979.894314293499,4083.3486358137766,Nenhuma,1
pedido_3964.2435844855186_634,132.71950295366054,128.59228085018776,113.59228085018776,4.452120722500311,10,4.8171817775725305,Moto,Foggy,High,Metropolitian,True,0,1,0,3964.2435844855186,4087.8358653357063,Aumento_Velocidade,1
pedido_3992.0033661018506_646,130.4816563736236,101.56780237172953,86.56780237172953,0.0,10,5.0,Scooter,Stormy,High,Metropolitian,False,0,1,0,3992.0033661018506,4088.57116847358,Aumento_Velocidade,1
pedido_3989.460863913565_644,98.08290956679957,84.55632720733452,84.55632720733452,2.8101473134034745,15,4.89877786935404,Scooter,Foggy,Low,Urban,False,0,0,0,3989.460863913565,4089.0171911208995,Nenhuma,1
pedido_3912.797043350814_597,183.6474884767843,186.28962418022692,171.28962418022692,18.93584164485671,5,4.205476013524661,Moto,Sandstorms,High,Urban,True,0,1,0,3912.797043350814,4089.086667531041,Aumento_Velocidade,0
pedido_3965.9138031282423_635,135.42097870994112,128.64249543364437,113.64249543364437,3.9855564634293774,10,5.0,Scooter,Foggy,High,Metropolitian,True,0,1,0,3965.9138031282423,4089.5562985618867,Aumento_Velocidade,1
pedido_3998.876243469487_650,97.70385677473216,76.49316754510306,76.49316754510306,6.128512957225117,15,4.860976089165382,Scooter,Sunny,Low,Urban,False,0,0,1,3998.876243469487,4090.36941101459,Nenhuma,1
pedido_3973.1303305220176_636,130.55458507504278,119.42379612200082,104.42379612200082,0.0,15,4.828297299720628,Scooter,Stormy,Medium,Metropolitian,True,0,0,0,3973.1303305220176,4092.5541266440187,Rota_Reduzida,1
pedido_3984.707652154562_641,128.23841603244833,109.67951917140184,94.67951917140184,1.9008569823469967,15,4.866434756367504,Scooter,Stormy,High,Metropolitian,False,0,1,0,3984.707652154562,4094.3871713259637,Aumento_Velocidade,1
pedido_4050.071196658164_698,37.76887731734719,34.65922882989651,34.65922882989651,3.194877969672789,10,4.791719624618537,Moto,Sunny,High,Metropolitian,False,1,1,1,4050.071196658164,4094.7304254880605,Nenhuma,1
pedido_4000.678913958809_652,125.22248207151604,94.78906807068027,79.78906807068027,8.549181596492073,15,4.849892508590647,Scooter,Foggy,Medium,Metropolitian,False,0,0,0,4000.678913958809,4095.467982029489,Rota_Reduzida,1
pedido_4045.2284317984722_689,102.38665475488781,52.21636460899748,37.21636460899748,14.960662784398162,15,4.612756235065404,Moto,Sunny,High,Metropolitian,False,0,1,1,4045.2284317984722,4097.44479640747,Aumento_Velocidade,1
pedido_3994.8820979180623_647,102.32357167097241,89.6184749611641,89.6184749611641,3.963282323784185,15,4.6448180714349805,Scooter,Stormy,Low,Urban,False,0,0,0,3994.8820979180623,4099.500572879227,Nenhuma,1
pedido_4004.8739407413614_653,104.85627689033635,95.61500879156873,80.61500879156873,16.302452618638064,15,4.662806185296202,Moto,Sunny,High,Urban,True,0,1,1,4004.8739407413614,4100.48894953293,Aumento_Velocidade,1
pedido_4015.076749867898_662,99.39479860951099,87.72172633736004,72.72172633736004,9.80807867757417,15,4.561981730468356,Moto,Sunny,High,Metropolitian,True,0,1,1,4015.076749867898,4102.798476205258,Aumento_Velocidade,1
pedido_4027.8421411405066_669,99.27006902583167,77.34637326860505,62.34637326860505,7.042991778216087,15,4.608441819445462,Moto,Sunny,High,Metropolitian,True,0,1,1,4027.8421411405066,4105.188514409112,Aumento_Velocidade,1
pedido_3998.6297946352283_648,126.45168003734996,117.5352898021447,102.5352898021447,8.608037157212491,5,4.844079076819116,Moto,Sandstorms,Jam,Urban,False,0,1,0,3998.6297946352283,4106.1650844373735,Aumento_Velocidade,1
pedido_3925.229098291353_608,195.4154578327563,187.4451603303858,172.4451603303858,18.06228524818885,10,4.34764994742387,Moto,Sandstorms,Jam,Metropolitian,False,0,1,0,3925.229098291353,4107.674258621739,Aumento_Velocidade,0
pedido_3981.4372131711866_639,144.02794238865354,133.86978185530978,118.86978185530978,16.80497489626758,10,4.871377153417984,Moto,Foggy,High,Metropolitian,True,0,1,0,3981.4372131711866,4110.306995026496,Aumento_Velocidade,1
pedido_3998.777925259684_649,99.14908689083734,102.0721974279262,102.0721974279262,2.7305800955267703,10,4.681198363880968,Van,Sunny,Jam,Metropolitian,False,0,1,1,3998.777925259684,4110.85012268761,Nenhuma,1
pedido_4012.466930722405_661,102.33648815479106,104.51695150596815,89.51695150596815,16.920492722047623,10,4.779091307504836,Moto,Sunny,High,Metropolitian,False,0,1,1,4012.466930722405,4111.983882228373,Aumento_Velocidade,1
pedido_4006.615940997134_656,132.11706043010713,112.82948419855745,97.82948419855745,9.402710597585202,10,4.930622829830725,Moto,Foggy,High,Urban,False,0,1,0,4006.615940997134,4114.445425195691,Aumento_Velocidade,1
pedido_3989.3544517952896_643,134.22746220139024,131.17225794428234,116.17225794428234,11.91024977057113,10,4.994150721296788,Moto,Sandstorms,High,Metropolitian,False,0,1,0,3989.3544517952896,4115.526709739572,Aumento_Velocidade,1
pedido_3977.021306243693_637,173.0829866744055,144.8037883952081,129.8037883952081,1.5864080735257238,10,4.410953958877561,Moto,Sandstorms,Jam,Metropolitian,True,0,1,0,3977.021306243693,4116.825094638901,Aumento_Velocidade,0
pedido_3958.5687823831063_630,162.18025818123292,159.56315392631737,159.56315392631737,13.459245975839186,5,4.298306152705122,Van,Sandstorms,Low,Urban,False,0,0,0,3958.5687823831063,4123.1319363094235,Nenhuma,0
pedido_4036.1170956161855_681,103.69045639070877,82.23991999385225,82.23991999385225,7.706694575789157,5,4.45963956641375,Moto,Sandstorms,Low,Metropolitian,False,0,0,0,4036.1170956161855,4123.357015610038,Nenhuma,1
pedido_3985.5886963712537_642,135.19176237228353,134.46494909674757,134.46494909674757,0.0,5,4.970953482898168,Van,Foggy,High,Metropolitian,True,0,1,0,3985.5886963712537,4125.053645468001,Nenhuma,0
pedido_4019.6489232112053_663,103.28130601796153,95.4532913510233,95.4532913510233,4.231954070334,10,4.79817632894188,Moto,Sandstorms,Low,Metropolitian,False,0,0,0,4019.6489232112053,4125.102214562228,Nenhuma,1
pedido_4028.7674206334723_672,136.60354200352634,106.8458398955797,91.8458398955797,9.839863187211314,5,4.571393013239669,Moto,Foggy,Medium,Metropolitian,True,0,0,0,4028.7674206334723,4125.613260529052,Rota_Reduzida,1
pedido_4038.0582037054573_682,101.36583710228906,93.59034473247735,78.59034473247735,2.982839822081489,10,4.532385466132058,Scooter,Sunny,High,Urban,False,0,1,1,4038.0582037054573,4126.648548437935,Aumento_Velocidade,1
pedido_4039.8585968185916_683,95.54621114191794,88.88999172920613,73.88999172920613,7.870730446055349,15,4.615458675980327,Moto,Sunny,High,Metropolitian,False,0,1,1,4039.8585968185916,4128.748588547798,Aumento_Velocidade,1
pedido_4022.1328634712672_666,133.23382719633193,107.83036000655927,92.83036000655927,15.990874654225417,15,5.0,Moto,Stormy,High,Metropolitian,True,0,1,0,4022.1328634712672,4129.963223477826,Aumento_Velocidade,1
pedido_4082.163203379363_714,43.51538800054836,35.49140792646795,35.49140792646795,14.931429426742142,15,4.774849558256779,Moto,Stormy,High,Metropolitian,False,1,1,0,4082.163203379363,4132.654611305831,Nenhuma,1
pedido_4022.077909340176_665,135.24290700434494,111.94605357607347,96.94605357607347,12.355406695587698,15,4.587420611205647,Scooter,Stormy,Medium,Metropolitian,True,0,0,0,4022.077909340176,4134.02396291625,Rota_Reduzida,1
pedido_4031.7474446830847_677,128.79146588073377,113.4945494064315,98.4945494064315,7.266049447028524,5,4.795919794683836,Moto,Sandstorms,Jam,Metropolitian,True,0,1,0,4031.7474446830847,4135.241994089516,Aumento_Velocidade,1
pedido_4096.873112600092_721,48.22534676625337,35.87944472635104,35.87944472635104,0.0,5,4.722971379243463,Moto,Foggy,High,Metropolitian,False,1,1,0,4096.873112600092,4137.752557326443,Nenhuma,1
pedido_4030.462769794592_675,127.13187057559078,103.32785398502429,103.32785398502429,0.0,5,4.574019554189611,Van,Stormy,High,Metropolitian,True,0,1,0,4030.462769794592,4138.790623779616,Nenhuma,1
pedido_4026.506181374513_668,127.86805201718359,124.3906163691507,109.3906163691507,5.523221338505382,5,4.532375456136954,Moto,Foggy,Medium,Metropolitian,False,0,0,0,4026.506181374513,4140.896797743663,Rota_Reduzida,1
pedido_4043.1998995130957_686,104.69554965201667,103.72252606532763,88.72252606532763,13.36427430508353,10,5.0,Moto,Sunny,Medium,Metropolitian,True,0,0,1,4043.1998995130957,4141.922425578423,Rota_Reduzida,1
pedido_4034.357863365541_679,125.74057415655277,122.19009761093447,107.19009761093447,6.377901151532816,5,4.940113679882164,Scooter,Foggy,Medium,Metropolitian,False,0,0,0,4034.357863365541,4146.547960976475,Rota_Reduzida,1
pedido_3963.352388983011_633,170.13244800600333,168.23870725639597,168.23870725639597,4.484984505348705,15,4.398691943622511,Van,Stormy,Medium,Metropolitian,True,0,0,0,3963.352388983011,4146.591096239407,Nenhuma,0
pedido_4007.3838106471776_657,153.19731876099198,144.980098106673,129.980098106673,16.428977262321467,10,4.503253286465014,Moto,Foggy,Jam,Metropolitian,False,0,1,0,4007.3838106471776,4147.36390875385,Aumento_Velocidade,0
pedido_4022.6931106924385_667,133.58657172708638,129.76273314218798,114.76273314218798,10.732506565963877,10,4.676166132421197,Scooter,Sandstorms,High,Metropolitian,False,0,1,0,4022.6931106924385,4147.455843834627,Aumento_Velocidade,1
pedido_4030.109061364822_673,133.91879709294437,118.08929920819233,103.08929920819233,20.648485540841975,15,4.509666062390846,Scooter,Stormy,High,Metropolitian,False,0,1,0,4030.109061364822,4148.198360573015,Aumento_Velocidade,1
pedido_4020.164463580779_664,138.47368290849994,133.05167227371737,118.05167227371737,17.666479257113217,10,4.695196639664152,Moto,Sandstorms,Medium,Metropolitian,False,0,0,0,4020.164463580779,4148.216135854496,Rota_Reduzida,1
pedido_4028.235029886046_670,103.30377260891242,105.05782569567309,105.05782569567309,14.144390259107912,15,4.570611882325072,Moto,Stormy,Low,Metropolitian,False,0,0,0,4028.235029886046,4148.292855581719,Nenhuma,1
pedido_4045.8910936352127_692,130.11106812481032,102.62301169615512,87.62301169615512,1.6367056730043696,15,4.750864265199519,Moto,Sandstorms,High,Metropolitian,True,0,1,0,4045.8910936352127,4148.514105331367,Aumento_Velocidade,1
pedido_4028.3826433889526_671,142.06520698957937,131.53611839209202,116.53611839209202,12.266502091431025,5,4.517322880141609,Moto,Foggy,High,Metropolitian,False,0,1,0,4028.3826433889526,4149.918761781045,Aumento_Velocidade,1
pedido_4042.3448388804554_685,134.95534409295462,118.147145996464,103.147145996464,13.884788498995125,5,4.616057405465901,Moto,Sandstorms,High,Metropolitian,False,0,1,0,4042.3448388804554,4150.49198487692,Aumento_Velocidade,1
pedido_4033.9021658758675_678,140.4871397671035,126.72163123816105,111.72163123816105,15.607913054671759,5,4.832194163664694,Moto,Foggy,High,Metropolitian,False,0,1,0,4033.9021658758675,4150.623797114028,Aumento_Velocidade,1
pedido_4030.112238591955_674,135.3091974680962,121.6984785405536,106.6984785405536,14.069721961300727,15,4.477441975062199,Moto,Sandstorms,High,Urban,False,0,1,0,4030.112238591955,4151.810717132508,Aumento_Velocidade,1
pedido_4052.3458309258235_700,106.65221548234197,95.34788370675201,95.34788370675201,14.063118729496585,5,4.5481252286845315,Van,Sunny,High,Metropolitian,False,0,1,1,4052.3458309258235,4152.693714632575,Nenhuma,1
pedido_4067.9046690730283_709,100.41766519890545,89.95832877825143,74.95832877825143,3.873582688028055,10,4.75612363253211,Moto,Sunny,Jam,Urban,True,0,1,1,4067.9046690730283,4152.86299785128,Aumento_Velocidade,1
pedido_4046.951498139331_694,102.7075661031137,101.24107753205115,101.24107753205115,9.945076208788059,5,4.52402352950237,Moto,Foggy,Low,Metropolitian,False,0,0,0,4046.951498139331,4153.192575671382,Nenhuma,1
pedido_4048.8292548493455_696,128.48238401496502,109.4698434287421,94.4698434287421,2.9022551147202607,10,4.834489597431451,Moto,Stormy,High,Metropolitian,False,0,1,0,4048.8292548493455,4153.2990982780875,Aumento_Velocidade,1
pedido_4047.172570289125_695,130.992527115471,117.93289967256963,102.93289967256963,1.927344833207428,5,4.645811583074778,Moto,Windy,High,Urban,False,0,1,0,4047.172570289125,4155.105469961694,Aumento_Velocidade,1
pedido_4005.6378141606433_654,174.60244205142726,151.86296803569186,136.86296803569186,7.689180301474898,15,4.325614169176369,Moto,Stormy,High,Metropolitian,False,0,1,0,4005.6378141606433,4157.500782196335,Aumento_Velocidade,0
pedido_4031.3811693944_676,121.74628261301659,121.40084177746259,121.40084177746259,11.958840598319965,5,4.551927462731536,Moto,Sunny,Low,Metropolitian,False,0,0,1,4031.3811693944,4157.782011171863,Nenhuma,0
pedido_4045.6682427399364_691,110.28222339982908,107.81991528394326,107.81991528394326,17.22834315788629,5,4.782770072689916,Moto,Foggy,Low,Urban,False,0,0,0,4045.6682427399364,4158.48815802388,Nenhuma,1
pedido_4041.1373565736894_684,130.26873466544774,122.8254092307819,107.8254092307819,4.2166809991944145,15,4.81541874750056,Moto,Sandstorms,High,Urban,True,0,1,0,4041.1373565736894,4163.962765804471,Aumento_Velocidade,1
pedido_4063.3814372634088_705,132.92623280173254,113.15153738064713,98.15153738064713,1.3713543525396883,5,4.51354022660201,Moto,Windy,Medium,Metropolitian,False,0,0,0,4063.3814372634088,4166.532974644056,Rota_Reduzida,1
pedido_4045.1173200339413_688,134.72789271582934,135.80784697924273,120.80784697924273,13.636002896678134,5,4.575956075962106,Scooter,Sandstorms,High,Urban,False,0,1,0,4045.1173200339413,4170.925167013184,Aumento_Velocidade,0
pedido_4097.217334860463_722,101.65845697273576,79.11026405859805,64.11026405859805,13.475154246279313,10,4.913822291187562,Moto,Sunny,High,Metropolitian,False,0,1,1,4097.217334860463,4171.327598919061,Aumento_Velocidade,1
pedido_4051.0608853278786_699,137.8355113450816,125.66109560868827,110.66109560868827,11.831694600025726,10,4.470899535631355,Moto,Windy,Jam,Urban,False,0,1,0,4051.0608853278786,4171.721980936567,Aumento_Velocidade,1
pedido_4067.572530414267_708,133.17641874363258,110.99847357709433,95.99847357709433,14.484333586279186,10,4.656826953391097,Moto,Stormy,Jam,Metropolitian,False,0,1,0,4067.572530414267,4173.571003991361,Aumento_Velocidade,1
pedido_4045.5147598487074_690,136.71681532193537,134.36995119312712,119.36995119312712,12.369047872938506,10,5.0,Moto,Sandstorms,High,Urban,True,0,1,0,4045.5147598487074,4174.884711041835,Aumento_Velocidade,1
pedido_4049.8652312559752_697,140.7282343202478,135.44251775220945,120.44251775220945,17.681371658607784,10,4.559747272271838,Moto,Windy,Jam,Metropolitian,True,0,1,0,4049.8652312559752,4180.307749008185,Aumento_Velocidade,0
pedido_4057.5569572448867_702,136.46900156537944,128.54982169760615,113.54982169760615,19.105534304075242,15,4.750298023500458,Moto,Windy,High,Metropolitian,True,0,1,0,4057.5569572448867,4186.106778942492,Aumento_Velocidade,1
pedido_4153.837179790773_760,47.902378516817556,22.423264402446293,22.423264402446293,13.779959658841861,10,4.517845499697079,Moto,Sandstorms,High,Metropolitian,False,1,1,0,4153.837179790773,4186.260444193219,Nenhuma,1
pedido_4034.997953894987_680,130.72705760359693,136.42833046606827,136.42833046606827,7.473222633682974,15,4.350288526717855,Moto,Stormy,Low,Metropolitian,False,0,0,0,4034.997953894987,4186.426284361055,Nenhuma,0
pedido_4054.497069908323_701,143.6911399179889,138.54806303535807,118.54806303535807,11.054618723666719,15,4.871763440558143,Moto,Foggy,High,Semi-Urban,True,0,1,0,4054.497069908323,4188.045132943681,Rota_Reduzida,1
pedido_4007.969074776031_659,198.2646701869621,191.55961565526007,176.55961565526007,16.69533367558428,5,4.262786622125183,Scooter,Foggy,Jam,Metropolitian,True,0,1,0,4007.969074776031,4189.528690431291,Aumento_Velocidade,0
pedido_4059.2451927706243_704,133.58094620698648,135.55334990465389,120.55334990465389,4.555559221124639,10,4.528050422707432,Moto,Sandstorms,Medium,Metropolitian,False,0,0,0,4059.2451927706243,4189.798542675278,Rota_Reduzida,0
pedido_4073.335735730965_713,93.6286080477593,127.30289648624495,112.30289648624495,1.5196630582536739,5,4.5697436766422115,Moto,Sunny,Medium,Urban,False,0,0,1,4073.335735730965,4190.63863221721,Rota_Reduzida,1
pedido_4154.382228873918_762,46.67491478286908,24.728425833565574,24.728425833565574,2.8691794749495814,15,4.70755285934228,Moto,Windy,High,Urban,False,1,1,0,4154.382228873918,4194.110654707484,Nenhuma,1
pedido_4065.723856964149_707,131.96847542436004,125.31336457042755,125.31336457042755,2.7374352484569027,5,4.97705692114589,Van,Stormy,High,Metropolitian,False,0,1,0,4065.723856964149,4196.037221534577,Nenhuma,0
pedido_4070.3902749646672_711,129.95441739333202,110.79862372850594,110.79862372850594,7.732865134375729,15,4.569520691434558,Van,Stormy,High,Metropolitian,False,0,1,0,4070.3902749646672,4196.1888986931735,Nenhuma,1
pedido_4063.404958052445_706,135.85149653992949,145.70728938085205,130.70728938085205,10.441551016642435,5,4.7985678508161165,Moto,Windy,High,Urban,False,0,1,0,4063.404958052445,4199.112247433297,Aumento_Velocidade,0
pedido_4100.728068922123_724,109.14385759502225,108.39839701542607,93.39839701542607,13.123474800297375,5,4.9339857742878594,Moto,Sunny,Jam,Metropolitian,True,0,1,1,4100.728068922123,4199.126465937549,Aumento_Velocidade,1
pedido_4149.6877409927965_757,45.850323785385584,40.113341168989336,40.113341168989336,9.956772668709231,10,4.498776784141514,Scooter,Windy,High,Metropolitian,True,1,1,0,4149.6877409927965,4199.801082161786,Nenhuma,1
pedido_4068.5794581804853_710,130.80428664175128,138.13047327706758,123.13047327706758,4.917703286450603,10,4.565068362801246,Scooter,Windy,High,Metropolitian,False,0,1,0,4068.5794581804853,4201.709931457553,Aumento_Velocidade,0
pedido_4132.005032630046_741,95.86193917624409,83.81617368741537,68.81617368741537,0.703943898835643,5,4.643701878204579,Moto,Sunny,High,Urban,False,0,1,1,4132.005032630046,4205.8212063174615,Aumento_Velocidade,1
pedido_4103.430927224847_726,130.40502396169498,115.9838092642758,100.9838092642758,8.397297504442598,5,4.600091804602267,Scooter,Windy,Jam,Urban,False,0,1,0,4103.430927224847,4209.414736489123,Aumento_Velocidade,1
pedido_4083.6412526045583_715,131.11294560379613,132.16290738078644,117.16290738078644,8.28822826680543,10,4.862752492960397,Moto,Sandstorms,High,Metropolitian,False,0,1,0,4083.6412526045583,4210.804159985345,Aumento_Velocidade,1
pedido_4093.5219457311437_719,131.64843290848387,123.16212178027237,108.16212178027237,3.030526577000403,10,5.0,Scooter,Sandstorms,Medium,Metropolitian,True,0,0,0,4093.5219457311437,4211.684067511415,Rota_Reduzida,1
pedido_4090.442167852289_716,126.19002097564969,123.21433552822197,108.21433552822197,7.576682953436632,15,4.820796662180834,Moto,Foggy,Medium,Metropolitian,True,0,0,0,4090.442167852289,4213.656503380511,Rota_Reduzida,1
pedido_4102.566620942522_725,135.06828144650794,116.97585168513265,101.97585168513265,14.438988195742258,10,4.875698698184371,Moto,Windy,Jam,Metropolitian,False,0,1,0,4102.566620942522,4214.542472627654,Aumento_Velocidade,1
pedido_4092.1189883632505_718,126.9973737632367,135.75578989967107,120.75578989967107,6.936532603591365,5,4.873568602390038,Moto,Stormy,Jam,Metropolitian,False,0,1,0,4092.1189883632505,4217.874778262922,Aumento_Velocidade,0
pedido_4058.8831998790984_703,183.69618991058647,164.65389788014335,149.65389788014335,10.722786435880044,10,4.262765877661544,Scooter,Sandstorms,High,Urban,False,0,1,0,4058.8831998790984,4218.537097759242,Aumento_Velocidade,0
pedido_4118.900910711415_736,134.50358565486462,110.42705438346093,95.42705438346093,14.421587610460543,5,4.887952726535474,Moto,Sandstorms,High,Metropolitian,True,0,1,0,4118.900910711415,4219.327965094876,Aumento_Velocidade,1
pedido_4100.114689619785_723,141.3178313642075,125.48681330220887,110.48681330220887,14.784497281373106,10,4.61312063846666,Scooter,Foggy,High,Metropolitian,False,0,1,0,4100.114689619785,4220.601502921994,Aumento_Velocidade,1
pedido_4043.336742338928_687,183.26141380784102,177.47164480678788,162.47164480678788,13.86674117599171,15,4.430186269699099,Moto,Stormy,Medium,Metropolitian,True,0,0,0,4043.336742338928,4220.808387145716,Rota_Reduzida,0
pedido_4137.08844855057_743,101.0257440087157,94.82326984369296,79.82326984369296,6.080528820575372,5,4.565847085865072,Moto,Sunny,High,Metropolitian,True,0,1,1,4137.08844855057,4221.9117183942635,Aumento_Velocidade,1
pedido_4139.901189527275_746,102.31730649553023,87.3751505806946,72.3751505806946,15.621420193825637,15,4.63079967514693,Scooter,Sunny,Medium,Urban,False,0,0,1,4139.901189527275,4227.27634010797,Rota_Reduzida,1
pedido_4091.060529802791_717,119.35694505691296,122.72544947538452,122.72544947538452,16.624324911989937,15,4.479114863906336,Moto,Sunny,Low,Metropolitian,False,0,0,1,4091.060529802791,4228.785979278176,Nenhuma,0
pedido_4071.315918357708_712,153.13205941964304,162.8302444584057,147.8302444584057,14.209314180408214,10,4.953537349098056,Moto,Foggy,Jam,Metropolitian,True,0,1,0,4071.315918357708,4229.146162816114,Aumento_Velocidade,0
pedido_4106.367107645472_729,142.2548310866153,123.86280414449249,108.86280414449249,17.427493588747424,15,4.633473796746568,Scooter,Foggy,High,Metropolitian,False,0,1,0,4106.367107645472,4230.229911789965,Aumento_Velocidade,1
pedido_4145.107187998182_754,102.66433283230836,90.76739426168184,75.76739426168184,10.867510377220118,10,4.826216997417611,Moto,Sunny,High,Metropolitian,False,0,1,1,4145.107187998182,4230.874582259864,Aumento_Velocidade,1
pedido_4045.9302183964955_693,196.13126313712712,186.23057651149148,171.23057651149148,5.219000339140707,15,4.296460556809391,Moto,Sunny,High,Metropolitian,True,0,1,1,4045.9302183964955,4232.160794907987,Aumento_Velocidade,0
pedido_4141.154625159962_748,102.67543762184755,97.2312904876452,82.2312904876452,18.058845931152014,10,4.9047940044707286,Scooter,Sunny,High,Metropolitian,False,0,1,1,4141.154625159962,4233.385915647607,Aumento_Velocidade,1
pedido_4117.214330381372_734,136.9978561042447,121.2261076839606,106.2261076839606,10.886896983111695,10,4.683131890198806,Moto,Sandstorms,Medium,Metropolitian,False,0,0,0,4117.214330381372,4233.440438065332,Rota_Reduzida,1
pedido_4140.543613330666_747,98.09455266861596,104.63993050508468,89.63993050508468,4.757635419663266,5,4.690918495218111,Moto,Sunny,High,Metropolitian,False,0,1,1,4140.543613330666,4235.18354383575,Aumento_Velocidade,1
pedido_4118.807282583614_735,130.3454732914513,126.47719440211145,111.47719440211145,7.5410440565222805,5,4.7479810112319765,Scooter,Windy,High,Metropolitian,True,0,1,0,4118.807282583614,4235.284476985726,Aumento_Velocidade,1
pedido_4142.470864226084_750,98.50169293094085,93.95441534689803,78.95441534689803,3.1145673201979496,15,4.856597238705456,Scooter,Sunny,High,Urban,True,0,1,1,4142.470864226084,4236.425279572982,Aumento_Velocidade,1
pedido_4113.095737100434_731,132.9614633812891,123.53359119451747,108.53359119451747,9.163587267631499,15,4.796912628724796,Moto,Windy,Jam,Metropolitian,True,0,1,0,4113.095737100434,4236.629328294952,Aumento_Velocidade,1
pedido_4103.5505336745855_728,146.43981626852917,118.39138848050428,118.39138848050428,5.303295369579426,15,4.340258174471815,Scooter,Sunny,Low,Urban,False,0,0,1,4103.5505336745855,4236.94192215509,Nenhuma,1
pedido_4114.701533445085_733,132.2070388870399,127.62445809975503,112.62445809975503,7.491817985451688,10,4.694933916598494,Moto,Windy,High,Metropolitian,False,0,1,0,4114.701533445085,4237.325991544841,Aumento_Velocidade,1
pedido_4191.164076204456_782,45.17349700216773,42.7663489588174,42.7663489588174,6.059995529078093,5,4.679362784510313,Moto,Foggy,Jam,Other,True,1,1,0,4191.164076204456,4238.930425163274,Nenhuma,1
pedido_4202.163573782072_790,39.49340792140317,29.356311372506546,29.356311372506546,12.930749574399941,10,4.658001254920966,Moto,Sunny,High,Metropolitian,False,1,1,1,4202.163573782072,4241.519885154578,Nenhuma,1
pedido_4103.453849687029_727,144.020368276628,143.1567890538944,128.1567890538944,17.478193126952796,10,4.628139335654818,Scooter,Foggy,Medium,Metropolitian,False,0,0,0,4103.453849687029,4241.610638740924,Rota_Reduzida,0
pedido_4094.3425758293697_720,136.08537462421472,132.45976001280437,132.45976001280437,7.564182642956718,15,5.0,Van,Foggy,High,Metropolitian,True,0,1,0,4094.3425758293697,4241.802335842174,Nenhuma,0
pedido_4131.243314787614_740,136.02788426278818,117.64792690759522,102.64792690759522,10.514603513750068,10,4.579821544660117,Scooter,Windy,Medium,Metropolitian,False,0,0,0,4131.243314787614,4243.891241695209,Rota_Reduzida,1
pedido_4143.6531502212065_751,125.55883068395417,112.9564764816681,97.9564764816681,6.8063385819302065,5,4.774235809479318,Moto,Foggy,Medium,Metropolitian,False,0,0,0,4143.6531502212065,4246.609626702874,Rota_Reduzida,1
pedido_4114.102952362228_732,149.17183593665106,145.03410001011963,130.03410001011963,10.534204309379788,5,4.858601487860379,Moto,Foggy,Jam,Metropolitian,False,0,1,0,4114.102952362228,4249.137052372348,Aumento_Velocidade,0
pedido_4128.848814988776_738,125.34377844518907,124.87573097200817,109.87573097200817,0.3458894740039842,15,4.565989964904125,Moto,Foggy,Medium,Metropolitian,False,0,0,0,4128.848814988776,4253.724545960785,Rota_Reduzida,1
pedido_4158.79919492915_764,128.05143121085416,100.96126845524576,85.96126845524576,8.32401947044543,10,4.625998250904116,Moto,Stormy,Jam,Metropolitian,True,0,1,0,4158.79919492915,4254.760463384396,Aumento_Velocidade,1
pedido_4139.228463496911_745,129.75177068621898,127.54056254708496,112.54056254708496,0.0,5,4.584191350682639,Moto,Sandstorms,Medium,Urban,False,0,0,0,4139.228463496911,4256.769026043996,Rota_Reduzida,1
pedido_4144.428794142345_753,124.98298808383193,114.48293657911353,99.48293657911353,1.207680640141855,15,4.909536252622024,Scooter,Sandstorms,Jam,Metropolitian,False,0,1,0,4144.428794142345,4258.911730721459,Aumento_Velocidade,1
pedido_4135.612325728769_742,134.14109550680436,125.77047716144034,110.77047716144034,5.007986543536714,15,4.62459577786926,Moto,Foggy,High,Urban,False,0,1,0,4135.612325728769,4261.38280289021,Aumento_Velocidade,1
pedido_4123.727673547282_737,135.68232385306356,137.8725586981838,122.87255869818381,4.746909506640504,15,4.695715595596254,Moto,Stormy,Medium,Metropolitian,False,0,0,0,4123.727673547282,4261.600232245466,Rota_Reduzida,0
pedido_4149.204834541891_755,140.88700841524522,113.51052956624042,98.51052956624042,17.022747844406062,15,4.7606660148622035,Scooter,Foggy,High,Metropolitian,False,0,1,0,4149.204834541891,4262.715364108131,Aumento_Velocidade,1
pedido_4177.42990616433_771,97.21798027955808,85.75928875470095,70.75928875470095,3.7880501383662515,15,4.803821788836894,Moto,Sunny,High,Metropolitian,False,0,1,1,4177.42990616433,4263.18919491903,Aumento_Velocidade,1
pedido_4144.397572255564_752,143.5283257557421,131.14041709531,116.14041709531,14.589755575726446,5,4.663302510716876,Moto,Foggy,Medium,Metropolitian,True,0,0,0,4144.397572255564,4265.537989350874,Rota_Reduzida,1
pedido_4130.746337537934_739,139.7153085249541,146.2073372425791,131.2073372425791,14.232437262873786,5,4.772190058024187,Scooter,Sandstorms,Jam,Metropolitian,False,0,1,0,4130.746337537934,4266.953674780513,Aumento_Velocidade,0
pedido_4164.893096186853_766,129.6706449473451,113.73129261234371,98.73129261234371,5.539198196532527,5,4.730244919197126,Moto,Stormy,Jam,Metropolitian,True,0,1,0,4164.893096186853,4268.624388799197,Aumento_Velocidade,1
pedido_4149.53493152304_756,143.1792794400257,130.11641968263325,115.11641968263325,16.798957838610573,5,4.761056957797436,Moto,Foggy,Medium,Metropolitian,False,0,0,0,4149.53493152304,4269.651351205673,Rota_Reduzida,1
pedido_4138.243603746808_744,140.58333922900198,143.07309547282395,128.07309547282395,14.467250585927099,5,4.464391950692463,Moto,Foggy,High,Metropolitian,False,0,1,0,4138.243603746808,4271.316699219632,Aumento_Velocidade,0
pedido_4153.519395059801_759,130.14412327669478,119.92881284831518,104.92881284831518,17.40576943153547,15,4.668290497279636,Moto,Stormy,High,Urban,False,0,1,0,4153.519395059801,4273.448207908116,Aumento_Velocidade,1
pedido_4109.245295687606_730,185.67946327560475,174.49908703059236,159.49908703059236,16.497108044151542,5,4.381417114849437,Scooter,Sandstorms,High,Metropolitian,False,0,1,0,4109.245295687606,4273.744382718198,Aumento_Velocidade,0
pedido_4153.191406870122_758,132.141537028009,133.09446811516986,118.09446811516986,6.7883002370677605,5,4.91044760802054,Scooter,Foggy,High,Metropolitian,False,0,1,0,4153.191406870122,4276.285874985291,Aumento_Velocidade,1
pedido_4181.790823065576_774,94.44490732301207,91.96158599591979,91.96158599591979,3.791297645983575,5,4.673287548959923,Moto,Sunny,Low,Metropolitian,False,0,0,1,4181.790823065576,4278.752409061495,Nenhuma,1
pedido_4154.10893488406_761,131.6143683538132,131.91499486863412,116.91499486863412,4.50098922867529,10,4.517818560101108,Moto,Foggy,High,Metropolitian,True,0,1,0,4154.10893488406,4281.023929752694,Aumento_Velocidade,1
pedido_4142.342331177781_749,144.76837691784374,144.08687337901733,129.08687337901733,17.404075693598518,10,4.891410691576456,Scooter,Foggy,Medium,Metropolitian,False,0,0,0,4142.342331177781,4281.429204556798,Rota_Reduzida,0
pedido_4177.825161135949_772,127.77831719594116,107.31154077294751,92.31154077294751,7.349891784164995,15,4.761932932175062,Scooter,Stormy,High,Metropolitian,True,0,1,0,4177.825161135949,4285.136701908897,Aumento_Velocidade,1
pedido_4193.368330794781_784,104.86206168454494,102.69268692702171,87.69268692702171,13.886116408114807,5,4.571786199958541,Moto,Sunny,High,Urban,True,0,1,1,4193.368330794781,4286.061017721803,Aumento_Velocidade,1
pedido_4172.121514776886_768,130.65383996663937,101.64318889109605,101.64318889109605,5.91558339121672,15,4.6568510135172865,Van,Sandstorms,High,Metropolitian,True,0,1,0,4172.121514776886,4288.764703667982,Nenhuma,1
pedido_4187.4213495736_779,133.50339584046284,112.65082986240111,97.65082986240111,9.527147076959029,5,4.648552835219414,Moto,Sandstorms,Medium,Metropolitian,False,0,0,0,4187.4213495736,4290.0721794360015,Rota_Reduzida,1
pedido_4173.72485467861_769,130.22115973519726,126.88185770848031,111.88185770848031,14.603478545969,5,4.839284635211311,Moto,Stormy,High,Metropolitian,True,0,1,0,4173.72485467861,4290.606712387091,Aumento_Velocidade,1
pedido_4175.002542969764_770,132.4345812077915,127.00692618891944,112.00692618891944,17.02116739141646,10,5.0,Moto,Stormy,High,Metropolitian,False,0,1,0,4175.002542969764,4297.009469158684,Aumento_Velocidade,1
pedido_4161.876566353193_765,175.0769410428194,145.15662969488358,130.15662969488358,5.285386698149424,5,4.305847467405559,Scooter,Foggy,Medium,Metropolitian,False,0,0,0,4161.876566353193,4297.033196048076,Rota_Reduzida,0
pedido_4171.249013436176_767,124.36936181758252,127.0861382014576,112.0861382014576,1.7111891698312633,15,4.779331934647813,Scooter,Foggy,Medium,Urban,True,0,0,0,4171.249013436176,4298.335151637633,Rota_Reduzida,1
pedido_4178.020116438694_773,134.21504553323146,124.51447238402312,109.51447238402312,14.325536581783945,15,4.919851445024424,Moto,Sandstorms,High,Urban,False,0,1,0,4178.020116438694,4302.534588822717,Aumento_Velocidade,1
pedido_4186.597353511638_778,127.28458771476352,121.75154481855506,106.75154481855506,6.619623566737256,10,4.547921619354122,Moto,Windy,Jam,Metropolitian,False,0,1,0,4186.597353511638,4303.348898330193,Aumento_Velocidade,1
pedido_4190.833217710705_781,129.26080653668706,119.98937745959856,104.98937745959856,5.438722413885835,10,4.967699979286999,Moto,Stormy,Jam,Metropolitian,False,0,1,0,4190.833217710705,4305.822595170303,Aumento_Velocidade,1
pedido_4182.239606925287_775,134.2473113886897,136.83340326207113,121.83340326207113,10.562518060036414,5,4.821781053838188,Moto,Sandstorms,High,Metropolitian,False,0,1,0,4182.239606925287,4309.073010187359,Aumento_Velocidade,0
pedido_4222.565015919523_799,129.76486193434457,86.82942582923829,71.82942582923829,15.020289857193807,15,4.566202138682019,Scooter,Stormy,High,Metropolitian,False,0,1,0,4222.565015919523,4309.394441748761,Aumento_Velocidade,1
pedido_4193.353168992297_783,133.0721418378299,126.145441250152,111.145441250152,16.646630104841666,5,4.66214130494367,Moto,Windy,High,Metropolitian,False,0,1,0,4193.353168992297,4309.498610242448,Aumento_Velocidade,1
pedido_4216.932418047579_795,101.6828143591631,77.60648821925538,77.60648821925538,13.989959284488007,15,4.70777860173144,Van,Sunny,High,Metropolitian,False,0,1,1,4216.932418047579,4309.538906266834,Nenhuma,1
pedido_4193.535664104982_785,135.4400105374369,127.51265946360124,112.51265946360124,13.84738971456082,5,4.971270739061668,Moto,Stormy,Medium,Metropolitian,False,0,0,0,4193.535664104982,4311.048323568583,Rota_Reduzida,1
pedido_4188.1192326077235_780,140.19943154947018,123.49605053711721,108.49605053711721,14.914711431028582,15,4.871648505276359,Moto,Foggy,High,Urban,False,0,1,0,4188.1192326077235,4311.615283144841,Aumento_Velocidade,1
pedido_4200.379243664088_789,124.913073812866,124.83872794307004,109.83872794307004,3.194904679240525,5,4.58459409759983,Scooter,Sandstorms,Jam,Metropolitian,False,0,1,0,4200.379243664088,4315.217971607158,Aumento_Velocidade,1
pedido_4198.869066341665_788,133.92299353077976,126.68520245497962,111.68520245497962,17.236140313477826,5,4.661528106496063,Scooter,Windy,High,Urban,False,0,1,0,4198.869066341665,4315.5542687966445,Aumento_Velocidade,1
pedido_4184.919657562836_776,143.05945443782988,143.14472053434218,128.14472053434218,14.662206867272344,5,4.755267094479975,Moto,Foggy,Medium,Metropolitian,False,0,0,0,4184.919657562836,4318.064378097178,Rota_Reduzida,0
pedido_4186.470563658005_777,140.77869942436217,137.08094380254602,122.08094380254602,16.04895775739364,10,4.542454065412862,Moto,Foggy,High,Urban,False,0,1,0,4186.470563658005,4318.551507460551,Aumento_Velocidade,0
pedido_4220.671605510604_798,124.52723363323112,117.39350366000896,97.39350366000896,2.1180786217505667,10,4.787598595264217,Moto,Foggy,High,Other,False,0,1,0,4220.671605510604,4328.065109170613,Rota_Reduzida,1
pedido_4215.132293720738_794,134.7118948686243,116.40263277253746,101.40263277253746,17.784727150902608,15,4.59627674165826,Moto,Windy,Medium,Metropolitian,False,0,0,0,4215.132293720738,4331.534926493276,Rota_Reduzida,1
pedido_4218.546070001916_797,134.27560968202334,123.48202905809106,108.48202905809106,8.143103109149466,5,5.0,Moto,Windy,Jam,Metropolitian,False,0,1,0,4218.546070001916,4332.028099060007,Aumento_Velocidade,1
pedido_4197.588061642947_787,137.5032438998719,143.14558459437936,128.14558459437936,22.684659861120025,10,4.675525852861965,Moto,Stormy,Medium,Metropolitian,False,0,0,0,4197.588061642947,4335.733646237326,Rota_Reduzida,0
pedido_4229.035310866323_804,132.5995064518903,111.8877811349433,96.8877811349433,14.020483853970276,10,4.957341614684865,Moto,Stormy,High,Metropolitian,False,0,1,0,4229.035310866323,4335.923092001266,Aumento_Velocidade,1
pedido_4225.821305755177_802,132.42341625007936,116.5569511256159,101.5569511256159,6.676074848049956,10,4.650239730808306,Scooter,Foggy,High,Metropolitian,True,0,1,0,4225.821305755177,4337.378256880793,Aumento_Velocidade,1
pedido_4222.849023823609_800,127.75341724911756,128.434209562208,113.434209562208,4.595583936595134,5,4.84446966308942,Moto,Stormy,High,Metropolitian,False,0,1,0,4222.849023823609,4341.283233385817,Aumento_Velocidade,1
pedido_4224.419401811176_801,102.90145912888836,107.72666682189919,107.72666682189919,12.842944088909519,10,4.515929571758119,Moto,Sandstorms,Low,Metropolitian,False,0,0,0,4224.419401811176,4342.146068633075,Nenhuma,1
pedido_4207.239987053232_792,133.23382719633193,132.59640554837665,132.59640554837665,16.23424874545089,5,4.998965571962332,Van,Stormy,High,Urban,True,0,1,0,4207.239987053232,4344.836392601608,Nenhuma,0
pedido_4243.137275652101_811,135.06828144650794,113.68566569224028,98.68566569224028,14.535908575276606,5,4.865042273845484,Scooter,Windy,Jam,Metropolitian,False,0,1,0,4243.137275652101,4346.822941344341,Aumento_Velocidade,1
pedido_4155.488940536089_763,186.1728709725168,191.52558931443437,176.52558931443437,14.147995327823969,15,4.378281089339607,Scooter,Windy,High,Urban,True,0,1,0,4155.488940536089,4347.014529850523,Aumento_Velocidade,0
pedido_4230.77413908596_806,133.07794788556467,108.49101044742824,108.49101044742824,7.105081579363199,10,4.73417222907092,Van,Stormy,Medium,Metropolitian,True,0,0,0,4230.77413908596,4349.2651495333885,Nenhuma,1
pedido_4227.303327874402_803,134.01173920623864,122.44091203887373,107.44091203887373,3.2568435543686323,15,4.899966471015504,Scooter,Foggy,High,Metropolitian,False,0,1,0,4227.303327874402,4349.744239913276,Aumento_Velocidade,1
pedido_4238.519939930695_809,126.9973737632367,131.2381067548668,116.2381067548668,7.395251685921558,5,4.878768867247534,Moto,Stormy,Jam,Metropolitian,False,0,1,0,4238.519939930695,4359.758046685562,Aumento_Velocidade,1
pedido_4242.898219895535_810,132.31169203335554,137.97340977602587,122.97340977602587,7.389655882185041,5,4.572515783130663,Moto,Sandstorms,High,Urban,False,0,1,0,4242.898219895535,4370.87162967156,Aumento_Velocidade,0
pedido_4337.109432114378_10,43.658102715217574,25.540972250807137,25.540972250807137,16.036098892044944,10,4.60143308389118,Moto,Sunny,High,Urban,True,1,1,1,4337.109432114378,4372.650404365186,Nenhuma,1
pedido_4209.495304901523_793,165.57745822342335,151.28836941118942,151.28836941118942,17.76303495338669,15,4.248211079545941,Van,Windy,Low,Urban,False,0,0,0,4209.495304901523,4375.783674312713,Nenhuma,0
pedido_4229.367219372674_805,175.78431218486296,154.63872090942587,139.63872090942587,8.407761616899506,10,4.383275962220083,Moto,Windy,High,Metropolitian,False,0,1,0,4229.367219372674,4379.0059402821,Aumento_Velocidade,0
pedido_4197.14419945471_786,175.29157599558596,196.33620143837985,181.33620143837985,6.40834741673499,5,4.406043463951118,Moto,Windy,High,Urban,False,0,1,0,4197.14419945471,4383.4804008930905,Aumento_Velocidade,0
pedido_4202.935752204192_791,190.28755615454781,182.41146800985422,167.41146800985422,8.857165892751794,15,4.2626219066009465,Moto,Sunny,High,Urban,False,0,1,1,4202.935752204192,4385.3472202140465,Aumento_Velocidade,0
pedido_4320.357544029229_0,94.34577866027905,66.46685389650412,51.46685389650412,9.133240430255583,15,4.7739881920719105,Scooter,Sunny,High,Metropolitian,False,0,1,1,4320.357544029229,4386.824397925733,Aumento_Velocidade,1
pedido_4231.19035825412_807,171.73559787066887,157.07826405777269,157.07826405777269,19.779285459060844,5,4.350686480947876,Scooter,Foggy,Low,Urban,False,0,0,0,4231.19035825412,4393.268622311893,Nenhuma,0
pedido_4237.137001796916_808,171.93694473801636,170.96588826081384,155.96588826081384,8.038401292138685,5,4.39616386948392,Moto,Stormy,Medium,Metropolitian,False,0,0,0,4237.137001796916,4398.102890057729,Rota_Reduzida,0
pedido_4362.51189783906_27,40.92606055968664,27.76872197704565,27.76872197704565,7.186192845273066,10,4.724908565643371,Scooter,Sunny,High,Metropolitian,True,1,1,1,4362.51189783906,4400.280619816106,Nenhuma,1
pedido_4218.1689534770985_796,196.99126482591092,196.4839507984753,181.4839507984753,14.379566498891313,10,4.414204674769466,Moto,Windy,Jam,Urban,False,0,1,0,4218.1689534770985,4409.652904275574,Aumento_Velocidade,0
pedido_4343.452037782876_16,98.26096723244603,83.25485869378869,68.25485869378869,4.129929653022026,5,4.540402658246951,Moto,Sunny,Medium,Metropolitian,True,0,0,1,4343.452037782876,4416.706896476664,Rota_Reduzida,1
pedido_4418.770509402768_58,38.158735296615674,0.6672387072470194,0.6672387072470194,3.4805341493563793,10,4.576225064969884,Scooter,Sunny,High,Metropolitian,False,1,1,1,4418.770509402768,4429.437748110015,Nenhuma,1
pedido_4329.955153925993_4,133.41178331890254,106.38175540151167,91.38175540151167,9.132638038107862,10,4.7610702782016725,Scooter,Foggy,High,Urban,False,0,1,0,4329.955153925993,4431.336909327504,Aumento_Velocidade,1
pedido_4337.622402340407_12,94.98537123241373,106.17015365417635,91.17015365417635,9.254087494221483,5,4.787709917791718,Scooter,Sunny,High,Metropolitian,False,0,1,1,4337.622402340407,4433.7925559945825,Aumento_Velocidade,1
pedido_4334.798458073406_8,101.88829686335765,84.09195279495492,84.09195279495492,6.348928459025825,15,4.852052827529089,Moto,Sandstorms,Low,Metropolitian,True,0,0,0,4334.798458073406,4433.890410868361,Nenhuma,1
pedido_4329.513859919334_3,128.6410898239589,110.25070832325996,95.25070832325996,9.012723184721096,15,4.790219401454634,Scooter,Stormy,High,Metropolitian,True,0,1,0,4329.513859919334,4439.764568242595,Aumento_Velocidade,1
pedido_4349.911546483098_20,97.56480591209817,99.9817423826947,84.9817423826947,5.188762894372431,5,4.873445995945329,Scooter,Sunny,High,Metropolitian,False,0,1,1,4349.911546483098,4439.893288865793,Aumento_Velocidade,1
pedido_4330.7394191210105_6,134.2881616760687,123.08239964162351,108.08239964162351,13.59583672836424,5,4.457038933452954,Moto,Windy,High,Metropolitian,True,0,1,0,4330.7394191210105,4443.821818762634,Aumento_Velocidade,1
pedido_4327.46692062565_2,111.5554954982479,123.95884080583076,108.95884080583076,11.954387633573724,10,4.578352582530404,Moto,Sunny,Jam,Metropolitian,False,0,1,1,4327.46692062565,4446.425761431481,Aumento_Velocidade,1
pedido_4393.801036311173_44,45.216017321024836,43.11641048840579,43.11641048840579,2.9507660866837178,10,4.62720460214632,Moto,Stormy,High,Metropolitian,True,1,1,0,4393.801036311173,4446.917446799579,Nenhuma,1
pedido_4336.540894625485_9,128.12434972935893,119.264137360056,104.264137360056,6.297234613546209,10,4.78928846100642,Moto,Windy,Jam,Metropolitian,False,0,1,0,4336.540894625485,4450.805031985541,Aumento_Velocidade,1
pedido_4325.05671586601_1,137.37193346031697,138.78507652904005,123.78507652904005,5.352210508679527,5,4.628786405882819,Moto,Windy,Medium,Urban,False,0,0,0,4325.05671586601,4453.84179239505,Rota_Reduzida,0
pedido_4356.26980821903_21,99.003947290643,102.58027608471127,87.58027608471127,4.447619986580937,10,5.0,Scooter,Sunny,High,Urban,False,0,1,1,4356.26980821903,4453.850084303741,Aumento_Velocidade,1
pedido_4332.223128092383_7,140.19943154947018,132.36471300171812,117.36471300171812,14.483991199146159,10,4.861832810196646,Moto,Foggy,High,Metropolitian,False,0,1,0,4332.223128092383,4459.587841094101,Aumento_Velocidade,1
pedido_4438.91081969811_70,38.61076317639836,18.67477157148888,18.67477157148888,7.973480638255571,5,4.494303609825769,Scooter,Sunny,Low,Other,True,1,0,1,4438.91081969811,4462.585591269599,Nenhuma,1
pedido_4342.66818114317_15,136.1325265349548,120.14646205741619,105.14646205741619,16.803470082590316,15,4.939089904103606,Moto,Sandstorms,Medium,Semi-Urban,False,0,0,0,4342.66818114317,4462.814643200586,Rota_Reduzida,1
pedido_4347.007197606527_19,135.60375800284794,115.89974770259661,100.89974770259661,8.452403895123439,15,5.0,Moto,Windy,Medium,Urban,False,0,0,0,4347.007197606527,4462.906945309124,Rota_Reduzida,1
pedido_4337.410077421295_11,135.09796174715842,131.4067918303885,116.4067918303885,17.57500117400631,10,4.825469480121374,Moto,Sandstorms,High,Urban,True,0,1,0,4337.410077421295,4463.816869251683,Aumento_Velocidade,1
pedido_4344.830029936436_18,135.8622181823529,129.27095644559128,114.27095644559128,13.235391305826292,10,4.683557209844059,Moto,Windy,Jam,Metropolitian,False,0,1,0,4344.830029936436,4469.100986382027,Aumento_Velocidade,1
pedido_4344.7352928271375_17,131.75292699830712,134.9748362389694,119.9748362389694,7.962665119014895,5,4.948963376601177,Moto,Windy,High,Metropolitian,False,0,1,0,4344.7352928271375,4469.710129066107,Aumento_Velocidade,1
pedido_4387.718224060833_40,95.87510461492036,92.20992700882329,77.20992700882329,3.413875391839072,5,4.4759193512234905,Moto,Sunny,Medium,Metropolitian,False,0,0,1,4387.718224060833,4469.9281510696555,Rota_Reduzida,1
pedido_4361.899769746674_24,124.59475385135707,110.01155288550335,95.01155288550335,2.755340935175039,15,4.849837178811468,Moto,Stormy,Jam,Metropolitian,True,0,1,0,4361.899769746674,4471.911322632177,Aumento_Velocidade,1
pedido_4330.413266798283_5,169.27765035793198,147.57606101581064,132.57606101581064,12.100067997703018,10,4.4373354116984185,Moto,Sunny,Medium,Metropolitian,False,0,0,1,4330.413266798283,4472.9893278140935,Rota_Reduzida,0
pedido_4380.217468856041_37,131.41791955886126,98.52629156456248,78.52629156456248,15.71757523740073,15,4.855179720538945,Scooter,Foggy,High,Other,False,0,1,0,4380.217468856041,4473.743760420603,Rota_Reduzida,1
pedido_4359.257683283654_23,138.93296637745684,121.49641643419096,106.49641643419096,4.550433093139733,10,4.6390555370127755,Scooter,Windy,Medium,Metropolitian,True,0,0,0,4359.257683283654,4475.754099717845,Rota_Reduzida,1
pedido_4339.786901121986_13,142.18461699938933,137.6412748954604,122.64127489546041,17.146255621535712,15,4.671162568425329,Scooter,Foggy,High,Urban,False,0,1,0,4339.786901121986,4477.428176017447,Aumento_Velocidade,0
pedido_4393.881109591127_45,96.82844080979285,93.77147969183069,78.77147969183069,4.274311274662092,5,4.74942145796346,Scooter,Sunny,Medium,Metropolitian,True,0,0,1,4393.881109591127,4477.652589282958,Rota_Reduzida,1
pedido_4375.765780140656_34,134.7366504334015,102.37825915222783,87.37825915222783,6.78646133755367,15,4.876615143765416,Scooter,Sandstorms,Medium,Urban,False,0,0,0,4375.765780140656,4478.1440392928835,Rota_Reduzida,1
pedido_4340.178621981204_14,130.76110616373245,134.48426668813755,134.48426668813755,6.918112064280206,5,4.440417336757179,Scooter,Stormy,Low,Metropolitian,False,0,0,0,4340.178621981204,4479.662888669342,Nenhuma,0
pedido_4356.301098555436_22,129.80108567018078,131.6729132662037,116.6729132662037,17.859355333013575,10,4.849225926091234,Moto,Stormy,High,Metropolitian,False,0,1,0,4356.301098555436,4482.97401182164,Aumento_Velocidade,1
pedido_4416.537421853027_57,94.93444902906255,69.2318051161603,54.2318051161603,2.952901269408447,15,4.791585331520785,Moto,Sunny,High,Urban,False,0,1,1,4416.537421853027,4485.769226969187,Aumento_Velocidade,1
pedido_4362.123118557372_25,134.8819635623919,129.54232132897096,114.54232132897096,15.029105063763936,10,4.7175745019356095,Moto,Windy,Medium,Metropolitian,False,0,0,0,4362.123118557372,4486.665439886343,Rota_Reduzida,1
pedido_4369.967563960038_31,132.76211608902713,118.91482715500493,103.91482715500493,3.484651061963537,15,4.879674944149098,Scooter,Stormy,Medium,Metropolitian,False,0,0,0,4369.967563960038,4488.882391115043,Rota_Reduzida,1
pedido_4382.086538067223_39,134.06561286390615,118.41484162408554,103.41484162408554,9.473952311410685,5,4.604940049918567,Scooter,Foggy,High,Metropolitian,False,0,1,0,4382.086538067223,4490.501379691309,Aumento_Velocidade,1
pedido_4376.726421467978_35,130.22115973519726,123.98925783829813,108.98925783829813,15.589136400041774,5,4.827516143857865,Moto,Stormy,High,Metropolitian,True,0,1,0,4376.726421467978,4490.715679306276,Aumento_Velocidade,1
pedido_4419.852079347556_60,96.62078763977861,71.21700353308238,56.21700353308238,4.107606771594625,15,4.917030132813996,Scooter,Sunny,Medium,Urban,False,0,0,1,4419.852079347556,4491.069082880639,Rota_Reduzida,1
pedido_4406.135251769407_48,99.12519491799806,96.0467599720242,81.0467599720242,13.489409711773693,5,4.620951436230161,Moto,Sunny,Medium,Urban,False,0,0,1,4406.135251769407,4492.182011741431,Rota_Reduzida,1
pedido_4364.784457324526_28,133.83641657073412,139.00821572114512,124.00821572114512,16.565759523474284,5,4.533004435991587,Moto,Windy,High,Metropolitian,True,0,1,0,4364.784457324526,4493.792673045671,Aumento_Velocidade,0
pedido_4370.2861874334485_32,132.3315057005934,124.0006768669472,109.0006768669472,0.0,15,5.0,Moto,Sandstorms,Medium,Metropolitian,True,0,0,0,4370.2861874334485,4494.286864300396,Rota_Reduzida,1
pedido_4362.344633716594_26,133.78875920058348,136.98008490572107,121.98008490572107,9.11332382397686,10,4.589386949239106,Moto,Windy,High,Metropolitian,False,0,1,0,4362.344633716594,4494.324718622315,Aumento_Velocidade,0
pedido_4403.36909997436_47,102.51867825344816,86.3483591351933,86.3483591351933,12.877627039271513,5,4.640393773140091,Scooter,Sandstorms,Low,Metropolitian,False,0,0,0,4403.36909997436,4494.717459109554,Nenhuma,1
pedido_4419.408958813812_59,104.85627689033635,89.15055591371592,74.15055591371592,16.28645197957371,5,4.738307560197601,Scooter,Sunny,High,Metropolitian,True,0,1,1,4419.408958813812,4498.559514727528,Aumento_Velocidade,1
pedido_4381.335508646516_38,124.913073812866,117.27046162271654,102.27046162271654,3.3975328413199346,15,4.636676671572627,Scooter,Sandstorms,Jam,Metropolitian,False,0,1,0,4381.335508646516,4498.605970269233,Aumento_Velocidade,1
pedido_4369.846222231092_30,136.495532914919,134.39845435923618,119.39845435923618,14.233974389432253,10,4.687417913241428,Moto,Sandstorms,Medium,Metropolitian,False,0,0,0,4369.846222231092,4499.244676590328,Rota_Reduzida,1
pedido_4393.088746168126_42,102.86471427689914,102.20424995283031,102.20424995283031,17.742785758223466,5,4.819625404109223,Moto,Sandstorms,Low,Urban,False,0,0,0,4393.088746168126,4500.292996120957,Nenhuma,1
pedido_4421.190786338496_62,94.83795869279585,89.25679023151595,74.25679023151595,8.467210341346664,5,4.551899567552767,Scooter,Sunny,Medium,Urban,False,0,0,1,4421.190786338496,4500.447576570012,Rota_Reduzida,1
pedido_4378.1165169678625_36,133.26001537785646,123.0149554581514,108.0149554581514,4.876702522235108,15,4.922097177459834,Scooter,Foggy,High,Metropolitian,False,0,1,0,4378.1165169678625,4501.131472426014,Aumento_Velocidade,1
pedido_4388.886220449624_41,133.3851175247344,123.19071932034242,108.19071932034242,7.050532949406361,5,5.0,Moto,Windy,Jam,Metropolitian,False,0,1,0,4388.886220449624,4502.076939769966,Aumento_Velocidade,1
pedido_4369.829728297301_29,146.4975878833443,117.46218442433837,117.46218442433837,7.2604827842832815,15,4.444104630830666,Scooter,Sunny,Low,Metropolitian,True,0,0,1,4369.829728297301,4502.291912721639,Nenhuma,1
pedido_4443.264544207103_74,45.23772957702357,44.9629565703246,44.9629565703246,1.9593934479033672,15,4.572728471692035,Moto,Windy,Jam,Metropolitian,False,1,1,0,4443.264544207103,4503.227500777428,Nenhuma,1
pedido_4466.390691323645_89,45.91953284612208,22.621836689296984,22.621836689296984,16.646264560862033,15,4.873810112805599,Moto,Windy,Jam,Metropolitian,False,1,1,0,4466.390691323645,4504.012528012942,Nenhuma,1
pedido_4374.479916239042_33,133.92299353077976,140.25353235321063,125.25353235321063,18.010199958483724,5,4.672976174463776,Moto,Windy,High,Metropolitian,False,0,1,0,4374.479916239042,4504.733448592253,Aumento_Velocidade,0
pedido_4409.796197764351_51,124.87626390052795,107.65077850898923,92.65077850898923,0.0,5,4.9035747694463065,Moto,Stormy,Jam,Metropolitian,True,0,1,0,4409.796197764351,4507.44697627334,Aumento_Velocidade,1
pedido_4428.551316605779_68,98.82193025794518,87.8004219163328,72.8004219163328,3.1772096213015906,10,4.618045411121502,Moto,Sunny,Jam,Metropolitian,False,0,1,1,4428.551316605779,4511.351738522112,Aumento_Velocidade,1
pedido_4432.996182867832_69,96.15154090323864,83.9967119155474,68.9967119155474,5.8585187112102135,10,4.70032823674438,Scooter,Sunny,Medium,Metropolitian,False,0,0,1,4432.996182867832,4511.99289478338,Rota_Reduzida,1
pedido_4408.313703078278_49,96.62019848641415,89.90025044761639,89.90025044761639,2.0727925683560366,15,4.682787416980284,Moto,Windy,Low,Other,True,0,0,0,4408.313703078278,4513.213953525895,Nenhuma,1
pedido_4408.835333848157_50,130.5840820227643,109.43011531294349,94.43011531294349,3.9334510925828026,10,4.893989853610656,Moto,Windy,High,Urban,False,0,1,0,4408.835333848157,4513.2654491611,Aumento_Velocidade,1
pedido_4426.893177553541_67,102.35835505279411,94.6163861498132,79.6163861498132,15.560982783062084,10,4.887181984167682,Scooter,Sunny,Medium,Urban,False,0,0,1,4426.893177553541,4516.509563703355,Rota_Reduzida,1
pedido_4451.315068415619_82,100.90298526224777,65.47094878152248,50.47094878152248,15.699984501963339,15,4.813921628558239,Scooter,Sunny,Medium,Metropolitian,False,0,0,1,4451.315068415619,4516.7860171971415,Rota_Reduzida,1
pedido_4466.694417452027_90,51.592363025225694,41.74021802469301,41.74021802469301,7.513918321026235,10,4.77115780281692,Scooter,Sandstorms,Medium,Metropolitian,False,1,0,0,4466.694417452027,4518.434635476719,Nenhuma,1
pedido_4420.205646974154_61,97.56338706682484,98.35112872959506,83.35112872959506,1.0055074656281082,15,4.7361335164841805,Moto,Sunny,Medium,Metropolitian,True,0,0,1,4420.205646974154,4518.556775703749,Rota_Reduzida,1
pedido_4396.344844626824_46,120.35610629725981,114.69782306521519,114.69782306521519,14.507417288880179,10,4.58508101118409,Moto,Sunny,Low,Metropolitian,False,0,0,1,4396.344844626824,4521.042667692039,Nenhuma,1
pedido_4416.098267308418_54,101.29891785103054,98.9066647485481,98.9066647485481,8.984755515288231,15,4.753149663028934,Scooter,Stormy,Low,Metropolitian,False,0,0,0,4416.098267308418,4530.004932056966,Nenhuma,1
pedido_4393.5420313689_43,132.52653517314405,141.98413300523003,126.98413300523003,14.571454254535025,10,4.518874423264122,Moto,Windy,High,Urban,False,0,1,0,4393.5420313689,4530.5261643741305,Aumento_Velocidade,0
pedido_4424.397715248657_65,135.35098541391193,111.49674931074108,96.49674931074108,5.394183674102155,15,4.560363837809491,Moto,Stormy,Medium,Urban,False,0,0,0,4424.397715248657,4535.894464559398,Rota_Reduzida,1
pedido_4448.453230089133_77,94.59897983503738,87.60533356212356,72.60533356212356,8.246798189658488,15,4.675910182317366,Scooter,Sunny,High,Metropolitian,False,0,1,1,4448.453230089133,4536.058563651257,Aumento_Velocidade,1
pedido_4416.184660055064_56,134.82985775917936,132.92748467527105,117.92748467527105,4.361951069514985,5,4.57332136791316,Moto,Foggy,High,Metropolitian,False,0,1,0,4416.184660055064,4539.112144730336,Aumento_Velocidade,1
pedido_4413.17310234586_53,110.77268526063118,123.08634671400716,123.08634671400716,21.50913924713771,5,4.559530433835264,Moto,Foggy,Low,Urban,True,0,0,0,4413.17310234586,4541.259449059867,Nenhuma,0
pedido_4421.5287461562975_63,128.35655595703986,126.44429962585093,111.44429962585093,2.921049080388674,10,4.939178571108746,Moto,Stormy,High,Metropolitian,False,0,1,0,4421.5287461562975,4542.973045782149,Aumento_Velocidade,1
pedido_4426.343168279009_66,141.5653798675711,118.79014502279949,103.79014502279949,17.3380990480424,15,4.7981733464111604,Moto,Foggy,High,Urban,False,0,1,0,4426.343168279009,4545.133313301808,Aumento_Velocidade,1
pedido_4448.891389918745_79,103.28130601796153,88.97834928288245,88.97834928288245,4.079698847865388,10,4.795676045227978,Scooter,Sandstorms,Low,Metropolitian,False,0,0,0,4448.891389918745,4547.869739201627,Nenhuma,1
pedido_4416.138652546212_55,131.1076535770451,126.98707447638361,126.98707447638361,3.928608507907783,5,4.667348906102057,Van,Stormy,Medium,Metropolitian,True,0,0,0,4416.138652546212,4548.125727022596,Nenhuma,0
pedido_4440.062554761618_71,127.91695778587751,115.59511352474753,100.59511352474753,1.5183936195505763,10,4.633371210601535,Scooter,Stormy,High,Metropolitian,False,0,1,0,4440.062554761618,4550.657668286366,Aumento_Velocidade,1
pedido_4443.762084318466_75,132.16322789244947,112.39844275836585,97.39844275836585,1.1117838611524462,10,4.824872413485071,Scooter,Stormy,Medium,Metropolitian,False,0,0,0,4443.762084318466,4551.160527076831,Rota_Reduzida,1
pedido_4450.024622765261_81,127.1357323273853,116.2715149868821,101.2715149868821,5.272610483397347,10,4.5284606800165506,Scooter,Windy,Jam,Urban,False,0,1,0,4450.024622765261,4561.296137752142,Aumento_Velocidade,1
pedido_4411.356607112742_52,189.80831969343745,151.82086950028784,136.82086950028784,13.009635257084478,15,4.449451113908912,Moto,Foggy,High,Urban,False,0,1,0,4411.356607112742,4563.177476613029,Aumento_Velocidade,0
pedido_4465.78018064188_87,128.45671619654885,108.19545139056669,93.19545139056669,7.4178681544924405,10,4.836512373486055,Moto,Stormy,High,Metropolitian,False,0,1,0,4465.78018064188,4568.975632032447,Aumento_Velocidade,1
pedido_4440.407474849559_72,129.74365118615847,135.50558976345843,120.50558976345843,4.249132054506006,10,4.54005239044826,Moto,Sandstorms,Medium,Metropolitian,False,0,0,0,4440.407474849559,4570.913064613017,Rota_Reduzida,0
pedido_4492.327216699761_99,95.81752941121117,78.7425624434085,63.7425624434085,6.872059326306403,15,4.969635259496786,Moto,Sunny,Medium,Urban,False,0,0,1,4492.327216699761,4571.069779143169,Rota_Reduzida,1
pedido_4466.021179421251_88,136.29102248169872,105.46169254120754,90.46169254120754,15.664149796848097,15,4.587819574983256,Scooter,Stormy,Jam,Metropolitian,True,0,1,0,4466.021179421251,4571.482871962458,Aumento_Velocidade,1
pedido_4423.890940134674_64,141.89238840796494,153.21346706483843,138.21346706483843,12.730829865016222,10,4.625631509885262,Scooter,Sandstorms,Jam,Urban,True,0,1,0,4423.890940134674,4572.104407199512,Aumento_Velocidade,0
pedido_4446.948758217787_76,132.00271944808503,131.58367256526478,116.58367256526478,2.06775921678004,10,4.621089200732208,Moto,Sandstorms,High,Metropolitian,False,0,1,0,4446.948758217787,4573.5324307830515,Aumento_Velocidade,1
pedido_4449.268299577497_80,131.89740985108187,134.8287102429527,119.8287102429527,6.977386651718776,5,4.942051388594887,Scooter,Foggy,High,Metropolitian,True,0,1,0,4449.268299577497,4574.09700982045,Aumento_Velocidade,1
pedido_4474.314268424568_92,129.53562480237284,100.91819773294336,85.91819773294336,16.973680473667464,15,4.853108092121915,Moto,Stormy,High,Urban,False,0,1,0,4474.314268424568,4575.232466157511,Aumento_Velocidade,1
pedido_4448.767890187773_78,140.19943154947018,131.967379040056,116.96737904005599,15.824649219946222,10,4.879905967121823,Scooter,Foggy,High,Metropolitian,False,0,1,0,4448.767890187773,4575.735269227829,Aumento_Velocidade,1
pedido_4465.418730808954_86,144.90221453113728,115.48413342586838,100.48413342586838,17.324653627174722,10,4.873694573465737,Moto,Foggy,High,Urban,True,0,1,0,4465.418730808954,4575.902864234822,Aumento_Velocidade,1
pedido_4460.652309478237_85,141.56598072257148,130.36888656213634,115.36888656213634,15.65979549009998,5,4.584594792232966,Moto,Sandstorms,Jam,Urban,True,0,1,0,4460.652309478237,4581.021196040373,Aumento_Velocidade,1
pedido_4532.200705985296_110,45.43248952001948,38.72539062785392,38.72539062785392,12.221719353347845,15,4.768665816828199,Scooter,Stormy,High,Metropolitian,True,1,1,0,4532.200705985296,4585.92609661315,Nenhuma,1
pedido_4457.985676545893_83,135.06828144650794,128.07064304957578,113.07064304957578,15.981269357717233,15,4.902138922811434,Moto,Windy,Jam,Metropolitian,False,0,1,0,4457.985676545893,4586.056319595468,Aumento_Velocidade,1
pedido_4517.035481963683_103,103.64871864064442,70.98613442518885,55.98613442518885,15.320286908229678,15,4.892209497702505,Moto,Sunny,High,Metropolitian,True,0,1,1,4517.035481963683,4588.021616388872,Aumento_Velocidade,1
pedido_4474.717486017299_93,137.3605550489667,124.06851198263911,109.06851198263911,17.052051007114233,5,4.646430382141876,Scooter,Sandstorms,Medium,Urban,False,0,0,0,4474.717486017299,4588.785997999938,Rota_Reduzida,1
pedido_4555.468038459883_124,40.96431531047677,23.578167748621013,23.578167748621013,6.61268623963702,10,4.55366460877824,Moto,Windy,Medium,Metropolitian,True,1,0,0,4555.468038459883,4589.046206208504,Nenhuma,1
pedido_4483.17452400271_96,128.79591118080657,117.57317514167316,102.57317514167316,14.316332450061635,5,4.818024329166346,Moto,Stormy,High,Metropolitian,False,0,1,0,4483.17452400271,4590.747699144384,Aumento_Velocidade,1
pedido_4470.628198270547_91,124.58304580415489,122.63652266295392,107.63652266295392,3.2321399785322775,15,4.813347493873996,Scooter,Sandstorms,Jam,Metropolitian,False,0,1,0,4470.628198270547,4593.264720933501,Aumento_Velocidade,1
pedido_4500.481162097099_100,106.37186309361485,92.05172310455315,92.05172310455315,19.464499774454424,5,4.458058108314908,Van,Sunny,High,Metropolitian,False,0,1,1,4500.481162097099,4597.532885201652,Nenhuma,1
pedido_4443.069000335033_73,181.97053783247065,155.90299854735807,140.90299854735807,0.22497827276005733,15,4.442965274123972,Moto,Sunny,Jam,Metropolitian,False,0,1,1,4443.069000335033,4598.971998882391,Aumento_Velocidade,0
pedido_4477.796330573186_94,132.71950295366054,123.71730977324,108.71730977324,4.167915379692865,15,4.757876604505864,Moto,Foggy,High,Metropolitian,True,0,1,0,4477.796330573186,4601.513640346427,Aumento_Velocidade,1
pedido_4571.547643523929_135,45.343820244332505,22.99536648058845,22.99536648058845,17.06582580885345,10,4.727395835117664,Moto,Sandstorms,High,Metropolitian,True,1,1,0,4571.547643523929,4604.543010004517,Nenhuma,1
pedido_4460.27371447629_84,177.5258859348205,144.67192593733282,129.67192593733282,3.9110734850429476,15,4.328870714065798,Moto,Sandstorms,High,Urban,True,0,1,0,4460.27371447629,4604.945640413623,Aumento_Velocidade,0
pedido_4491.03414820097_98,134.94826940247617,114.10252747917701,99.10252747917701,14.696091154381069,15,4.801195223095083,Scooter,Sandstorms,High,Metropolitian,True,0,1,0,4491.03414820097,4605.136675680147,Aumento_Velocidade,1
pedido_4536.041582094388_113,94.58990353618861,75.24125825997186,60.24125825997186,7.930664862182855,15,4.859289136233343,Scooter,Sunny,High,Metropolitian,False,0,1,1,4536.041582094388,4611.28284035436,Aumento_Velocidade,1
pedido_4484.556706160336_97,133.74416914213347,136.8792179128509,121.87921791285089,12.214694799246109,5,4.788863097760012,Scooter,Sandstorms,Medium,Other,False,0,0,0,4484.556706160336,4611.4359240731865,Rota_Reduzida,0
pedido_4516.869634183945_102,131.21559757745345,107.17138539250413,92.17138539250413,3.415806680965087,10,5.0,Moto,Stormy,High,Metropolitian,False,0,1,0,4516.869634183945,4619.041019576449,Aumento_Velocidade,1
pedido_4531.079607554339_108,102.32355742919415,96.13028183580491,81.13028183580491,14.438881400334115,10,4.739256907303126,Moto,Sunny,Medium,Metropolitian,False,0,0,1,4531.079607554339,4622.209889390144,Rota_Reduzida,1
pedido_4483.013253783151_95,133.56339101511844,134.96909991804512,134.96909991804512,13.628443989618866,5,4.6722601113538795,Van,Windy,High,Urban,False,0,1,0,4483.013253783151,4622.982353701196,Nenhuma,0
pedido_4556.9616353164765_125,97.29600965750735,71.83806259742808,56.83806259742808,1.7850217039253176,10,4.729101814317343,Moto,Sunny,Medium,Metropolitian,True,0,0,1,4556.9616353164765,4623.799697913904,Rota_Reduzida,1
pedido_4532.656090106203_111,101.23077282885339,82.307870647836,82.307870647836,7.070653216184155,10,4.573310669158677,Scooter,Sandstorms,Low,Metropolitian,True,0,0,0,4532.656090106203,4624.963960754039,Nenhuma,1
pedido_4529.835371966331_107,128.16107825198154,116.33277742863152,101.33277742863152,2.4745218630726793,5,4.480245960916903,Scooter,Foggy,Jam,Metropolitian,True,0,1,0,4529.835371966331,4636.168149394963,Aumento_Velocidade,1
pedido_4532.12608029154_109,142.44564351259285,121.31153770433946,106.31153770433946,12.485685126858407,10,4.478458112158477,Moto,Foggy,High,Metropolitian,False,0,1,0,4532.12608029154,4648.43761799588,Aumento_Velocidade,1
pedido_4548.275918976897_121,132.24162150115285,101.74329344894687,86.74329344894687,7.944607064570692,15,4.454236153856868,Moto,Foggy,High,Urban,False,0,1,0,4548.275918976897,4650.019212425844,Aumento_Velocidade,1
pedido_4535.043561774273_112,134.62259130516344,125.3396380635428,110.3396380635428,13.745596915637076,5,4.870580984435141,Moto,Sandstorms,High,Metropolitian,False,0,1,0,4535.043561774273,4650.383199837816,Aumento_Velocidade,1
pedido_4540.701738327299_114,131.10782984051733,109.7662819512286,94.7662819512286,8.953373300910815,15,4.581772270750945,Moto,Foggy,Jam,Metropolitian,False,0,1,0,4540.701738327299,4650.468020278528,Aumento_Velocidade,1
pedido_4527.250908961775_106,136.2875146519965,133.6549581714728,118.6549581714728,16.267093696377955,5,4.870868808366154,Scooter,Sandstorms,Medium,Urban,False,0,0,0,4527.250908961775,4650.905867133248,Rota_Reduzida,1
pedido_4515.698081673484_101,131.82501815745678,146.7010034162468,131.7010034162468,14.630672839200566,5,4.922197586020718,Moto,Windy,Medium,Other,True,0,0,0,4515.698081673484,4652.399085089731,Rota_Reduzida,0
pedido_4545.446930171815_118,133.4970198385849,113.96397441101584,98.96397441101584,12.582497613457233,10,4.638486876502989,Moto,Windy,High,Urban,False,0,1,0,4545.446930171815,4654.410904582831,Aumento_Velocidade,1
pedido_4545.816115915197_119,99.10054067021497,104.69211244769757,104.69211244769757,7.3296227310952755,5,4.940381361840468,Moto,Stormy,Low,Metropolitian,False,0,0,0,4545.816115915197,4655.508228362894,Nenhuma,1
pedido_4565.77142324353_132,102.66752374222357,82.74350912799434,82.74350912799434,15.711385710701904,10,5.0,Moto,Sandstorms,Low,Urban,False,0,0,0,4565.77142324353,4658.514932371524,Nenhuma,1
pedido_4554.831426442155_123,133.4537554321526,109.0120310855224,94.0120310855224,18.748089284061752,10,4.993661949215898,Scooter,Stormy,High,Metropolitian,False,0,1,0,4554.831426442155,4658.843457527678,Aumento_Velocidade,1
pedido_4520.857688706749_104,140.94959928408446,142.65111311972302,127.65111311972302,18.803636933829555,15,4.796607942360665,Moto,Sandstorms,Jam,Metropolitian,False,0,1,0,4520.857688706749,4663.508801826472,Aumento_Velocidade,0
pedido_4608.562777103102_153,49.147845267259264,50.50857058555858,50.50857058555858,17.05492720666954,5,4.664093050654485,Scooter,Windy,Medium,Metropolitian,True,1,0,0,4608.562777103102,4664.071347688661,Nenhuma,1
pedido_4548.812972252531_122,128.14531783803307,116.82799194590908,101.82799194590908,2.5496749990442984,15,4.477864481534468,Moto,Windy,High,Metropolitian,False,0,1,0,4548.812972252531,4665.64096419844,Aumento_Velocidade,1
pedido_4575.496377858761_138,111.33710478219223,95.27505139425605,80.27505139425605,16.577140598327897,10,5.0,Moto,Sunny,Jam,Metropolitian,False,0,1,1,4575.496377858761,4665.771429253017,Aumento_Velocidade,1
pedido_4557.258072670745_126,125.77429792628996,109.511689570469,94.511689570469,0.8307407349470921,15,4.456186188462309,Scooter,Foggy,Medium,Metropolitian,False,0,0,0,4557.258072670745,4666.769762241213,Rota_Reduzida,1
pedido_4562.853495886795_129,110.60486487540379,110.28052323775013,95.28052323775013,20.796335406532442,10,4.743588793900953,Scooter,Sunny,Jam,Metropolitian,False,0,1,1,4562.853495886795,4668.134019124545,Aumento_Velocidade,1
pedido_4642.374381914842_167,38.46049251484529,21.267782153738434,21.267782153738434,9.838280272822066,5,4.708093688846042,Scooter,Sunny,High,Urban,False,1,1,1,4642.374381914842,4668.64216406858,Nenhuma,1
pedido_4563.557033665289_130,100.08399498094188,90.66004770151093,90.66004770151093,3.762331711359938,15,5.0,Scooter,Foggy,Low,Metropolitian,False,0,0,0,4563.557033665289,4669.2170813668,Nenhuma,1
pedido_4569.559249559781_134,121.87642857659809,108.53848300543989,88.53848300543989,3.42659339964247,15,4.901905148861759,Scooter,Stormy,High,Other,False,0,1,0,4569.559249559781,4673.097732565221,Rota_Reduzida,1
pedido_4575.793604026392_139,102.81029242468924,93.4518611229141,93.4518611229141,13.84637406279013,5,4.768657529599338,Scooter,Stormy,Low,Metropolitian,False,0,0,0,4575.793604026392,4674.245465149306,Nenhuma,1
pedido_4548.006640727733_120,135.89637094743486,111.74829645098788,111.74829645098788,5.863208787869011,15,4.746257427253102,Van,Sandstorms,Medium,Metropolitian,False,0,0,0,4548.006640727733,4674.754937178721,Nenhuma,1
pedido_4559.312052995863_128,136.04222086277127,125.95746322898637,110.95746322898637,12.265603036422798,5,4.457522453932296,Scooter,Sandstorms,High,Urban,False,0,1,0,4559.312052995863,4675.269516224849,Aumento_Velocidade,1
pedido_4558.068626915461_127,129.45575750847308,128.27041759663453,113.27041759663453,1.2304472330382632,5,4.479673013548,Moto,Windy,High,Metropolitian,False,0,1,0,4558.068626915461,4676.339044512096,Aumento_Velocidade,1
pedido_4545.193371615235_115,129.11916480217997,122.8638958956025,122.8638958956025,18.654868300802637,10,4.482605899945664,Van,Stormy,Jam,Other,False,0,1,0,4545.193371615235,4678.057267510838,Nenhuma,0
pedido_4574.646251317758_137,94.53840908232574,96.0525404824535,96.0525404824535,2.008661978925909,10,4.7480301091792825,Scooter,Sunny,Low,Urban,False,0,0,1,4574.646251317758,4680.698791800211,Nenhuma,1
pedido_4564.925622987594_131,130.5357302082129,117.80496438718038,102.80496438718038,17.402972632896926,15,4.567104234945921,Moto,Stormy,High,Urban,False,0,1,0,4564.925622987594,4682.730587374774,Aumento_Velocidade,1
pedido_4574.440627674311_136,134.7974215953007,122.62242277657775,107.62242277657775,3.6070364990246446,5,4.713305419088221,Scooter,Foggy,High,Metropolitian,False,0,1,0,4574.440627674311,4687.063050450889,Aumento_Velocidade,1
pedido_4545.196256355078_116,133.2898046758884,151.69341251288188,136.69341251288188,4.2004512519699855,10,4.653924977882807,Moto,Sandstorms,Medium,Urban,True,0,0,0,4545.196256355078,4691.88966886796,Rota_Reduzida,0
pedido_4568.519850134848_133,133.58601540864973,123.44331228867296,108.44331228867296,8.32199126550374,15,4.580110792819499,Moto,Sandstorms,Medium,Urban,False,0,0,0,4568.519850134848,4691.963162423521,Rota_Reduzida,1
pedido_4581.501651621005_142,98.30494629602148,97.4101770711867,97.4101770711867,1.7101004620001485,15,4.836270073936895,Moto,Foggy,Low,Metropolitian,False,0,0,0,4581.501651621005,4693.911828692192,Nenhuma,1
pedido_4594.078902012046_146,124.88630376556037,113.94621382363461,98.94621382363461,2.539037003485522,5,5.0,Moto,Foggy,Medium,Metropolitian,False,0,0,0,4594.078902012046,4698.0251158356805,Rota_Reduzida,1
pedido_4545.4179352692945_117,174.1152546207447,163.54477632059266,148.54477632059266,2.5652396679722824,5,4.353846447727894,Moto,Windy,Medium,Urban,False,0,0,0,4545.4179352692945,4698.9627115898875,Rota_Reduzida,0
pedido_4611.5609545039515_154,98.90884907823967,72.43051953940625,72.43051953940625,6.953252745954634,15,4.60867515102911,Van,Sunny,Jam,Urban,False,0,1,1,4611.5609545039515,4698.991474043358,Nenhuma,1
pedido_4606.5874851615445_152,108.84474384942699,91.48815380629665,91.48815380629665,19.24151769133543,5,4.702554898034817,Van,Sunny,Jam,Metropolitian,False,0,1,1,4606.5874851615445,4703.075638967841,Nenhuma,1
pedido_4576.797441323437_140,133.16684047474135,131.65565626343462,116.65565626343462,11.692481162199869,10,4.689741989464273,Scooter,Windy,Medium,Metropolitian,False,0,0,0,4576.797441323437,4703.453097586872,Rota_Reduzida,1
pedido_4600.068524850532_150,129.67799242937988,107.0279165557789,92.0279165557789,6.383016269560217,15,4.597962721159035,Scooter,Stormy,High,Urban,False,0,1,0,4600.068524850532,4707.096441406311,Aumento_Velocidade,1
pedido_4586.619156709102_144,131.40379734675707,131.06228152430037,116.06228152430037,6.894713674509133,5,4.8990132381518725,Moto,Windy,High,Urban,False,0,1,0,4586.619156709102,4707.681438233402,Aumento_Velocidade,1
pedido_4580.715678692342_141,117.8605169750135,122.96231757530268,122.96231757530268,21.546046743936866,5,4.570025914383967,Moto,Sunny,Low,Metropolitian,False,0,0,1,4580.715678692342,4708.677996267645,Nenhuma,0
pedido_4596.643197343335_148,135.54936602598232,123.96346665956864,108.96346665956864,16.54853642336203,5,4.6907331405798764,Moto,Windy,High,Metropolitian,True,0,1,0,4596.643197343335,4710.606664002903,Aumento_Velocidade,1
pedido_4525.587463868486_105,187.5718718211104,175.69008156078397,175.69008156078397,14.1312881104505,10,4.102621925215225,Van,Foggy,Medium,Metropolitian,True,0,0,0,4525.587463868486,4711.2775454292705,Nenhuma,0
pedido_4588.476266522172_145,134.9604124898684,129.00263961314417,114.00263961314417,19.480715783624095,10,4.62543734126985,Moto,Stormy,Medium,Metropolitian,False,0,0,0,4588.476266522172,4712.478906135317,Rota_Reduzida,1
pedido_4584.080804664888_143,141.58633905870272,141.49450407070916,126.49450407070916,12.917397728572006,5,4.774582643623902,Moto,Sandstorms,Jam,Metropolitian,True,0,1,0,4584.080804664888,4715.575308735597,Aumento_Velocidade,0
pedido_4617.626305072772_156,127.01107379449536,115.83599880642419,95.83599880642419,14.83636756816602,10,4.688432609284756,Moto,Sandstorms,High,Other,False,0,1,0,4617.626305072772,4723.462303879196,Rota_Reduzida,1
pedido_4633.446718736251_164,102.10917137638677,101.89857393346068,86.89857393346068,16.83500987757398,5,4.621091935722563,Scooter,Sunny,High,Metropolitian,False,0,1,1,4633.446718736251,4725.345292669711,Aumento_Velocidade,1
pedido_4596.453342970401_147,130.6259691696806,136.3343099460386,121.33430994603859,3.2301898814714898,10,4.79374040230896,Moto,Sandstorms,Medium,Metropolitian,False,0,0,0,4596.453342970401,4727.78765291644,Rota_Reduzida,0
pedido_4597.505163934938_149,144.16394298893064,135.44313185819058,120.44313185819058,18.641338508927742,10,5.0,Moto,Sandstorms,Jam,Metropolitian,True,0,1,0,4597.505163934938,4727.948295793129,Aumento_Velocidade,0
pedido_4604.594308717006_151,141.67941332302524,134.9613321757383,119.9613321757383,16.164105212231565,5,4.458903281865884,Moto,Foggy,Medium,Metropolitian,False,0,0,0,4604.594308717006,4729.555640892744,Rota_Reduzida,1
pedido_4646.681093451086_172,97.73645979857947,95.13082971906756,80.13082971906756,5.25672895019771,5,4.765098549260301,Moto,Sunny,High,Urban,False,0,1,1,4646.681093451086,4731.811923170153,Aumento_Velocidade,1
pedido_4619.364323091528_158,128.1250441868888,119.0244392400999,104.0244392400999,8.523579513671564,10,4.872872136198486,Scooter,Stormy,High,Metropolitian,False,0,1,0,4619.364323091528,4733.388762331628,Aumento_Velocidade,1
pedido_4632.823701350721_163,106.364720236472,105.68430794625728,90.68430794625728,19.414620518555836,10,4.474337329618316,Moto,Sunny,High,Urban,False,0,1,1,4632.823701350721,4733.508009296978,Aumento_Velocidade,1
pedido_4627.336834207675_161,127.54396087641952,109.71928558757945,94.71928558757945,2.7388648549910024,15,4.628326493877718,Moto,Foggy,Jam,Metropolitian,False,0,1,0,4627.336834207675,4737.056119795254,Aumento_Velocidade,1
pedido_4618.913436592119_157,142.15577369681645,125.71008551705214,110.71008551705214,22.624910382641513,15,4.972432919076332,Moto,Windy,Medium,Urban,False,0,0,0,4618.913436592119,4744.623522109171,Rota_Reduzida,1
pedido_4624.146996978206_159,131.42027128187917,125.91085360582744,110.91085360582744,6.803637665938325,10,4.485353949420082,Moto,Foggy,High,Metropolitian,False,0,1,0,4624.146996978206,4745.057850584033,Aumento_Velocidade,1
pedido_4613.2916023070775_155,128.04830767786407,126.80887828264892,126.80887828264892,6.710842469096788,5,4.94797249582853,Van,Stormy,High,Urban,False,0,1,0,4613.2916023070775,4745.100480589726,Nenhuma,0
pedido_4645.162948722473_170,135.3091974680962,100.64166329302441,85.64166329302441,14.292336004232713,15,4.463226598939594,Scooter,Sandstorms,High,Metropolitian,False,0,1,0,4645.162948722473,4745.804612015497,Aumento_Velocidade,1
pedido_4646.96616267389_173,101.41405234383306,84.92128758557419,84.92128758557419,4.642411864182295,15,5.0,Van,Stormy,Low,Metropolitian,True,0,0,0,4646.96616267389,4746.8874502594645,Nenhuma,1
pedido_4642.820363080411_169,137.39020687378715,104.39246316657697,89.39246316657697,12.676457261499946,15,4.986594041287934,Moto,Sandstorms,Medium,Metropolitian,False,0,0,0,4642.820363080411,4747.212826246988,Rota_Reduzida,1
pedido_4625.158063951872_160,132.63720583415972,126.16627160088882,111.16627160088882,7.134618987443633,15,4.48696772276849,Moto,Stormy,Medium,Metropolitian,False,0,0,0,4625.158063951872,4751.32433555276,Rota_Reduzida,1
pedido_4668.716931539405_182,98.90884907823967,90.63864197298321,75.63864197298321,7.180720243798296,10,4.630314199226718,Moto,Sunny,Jam,Urban,False,0,1,1,4668.716931539405,4754.355573512388,Aumento_Velocidade,1
pedido_4636.710729658223_165,133.04012929077166,127.78617371129332,112.78617371129332,0.0,5,4.648123612779316,Moto,Foggy,High,Metropolitian,True,0,1,0,4636.710729658223,4754.496903369516,Aumento_Velocidade,1
pedido_4627.707498564706_162,131.49514947789356,137.86798592921937,122.86798592921937,3.113376534349735,5,4.835284632585962,Moto,Windy,High,Metropolitian,False,0,1,0,4627.707498564706,4755.575484493926,Aumento_Velocidade,0
pedido_4687.287710584379_194,99.09272445697489,85.80301351298579,70.80301351298579,0.0,5,4.665545121051607,Moto,Sunny,Jam,Metropolitian,False,0,1,1,4687.287710584379,4763.090724097365,Aumento_Velocidade,1
pedido_4684.102943705805_191,101.8544257070725,84.38518777883216,69.38518777883216,12.977290840271273,10,4.772682965241789,Moto,Sunny,High,Urban,False,0,1,1,4684.102943705805,4763.488131484637,Aumento_Velocidade,1
pedido_4646.28979153265_171,130.77464878307057,117.59627105313297,102.59627105313297,5.421572596936145,15,4.686332627370216,Moto,Windy,High,Metropolitian,False,0,1,0,4646.28979153265,4763.886062585783,Aumento_Velocidade,1
pedido_4734.405686960575_225,52.5974977363376,14.927795933727655,14.927795933727655,5.626075397058636,15,4.455484397757118,Moto,Sandstorms,Medium,Other,False,1,0,0,4734.405686960575,4764.3334828943025,Nenhuma,1
pedido_4640.159504042113_166,131.68252913169783,128.51780096855984,113.51780096855984,4.150974236396025,15,4.583897607929528,Moto,Windy,High,Urban,False,0,1,0,4640.159504042113,4768.677305010673,Aumento_Velocidade,1
pedido_4679.656909475812_188,101.29554141607021,96.89010613285119,81.89010613285119,14.69408234632725,10,4.937353566342742,Scooter,Sunny,High,Urban,False,0,1,1,4679.656909475812,4771.547015608664,Aumento_Velocidade,1
pedido_4665.02320600849_179,130.142437491438,114.11149992683096,99.11149992683096,6.742854006697513,10,4.483685783505685,Scooter,Windy,High,Metropolitian,False,0,1,0,4665.02320600849,4774.134705935321,Aumento_Velocidade,1
pedido_4674.859774183946_186,101.45767383698293,104.39152023538914,89.39152023538914,2.5853663290483127,10,4.520599099113205,Moto,Sunny,High,Metropolitian,False,0,1,1,4674.859774183946,4774.251294419335,Aumento_Velocidade,1
pedido_4667.82367381408_180,129.1477315054536,117.04465218092639,102.04465218092639,2.566587062252367,5,4.740607849130043,Moto,Windy,High,Metropolitian,True,0,1,0,4667.82367381408,4774.868325995007,Aumento_Velocidade,1
pedido_4710.9502253974915_210,101.13372221980404,75.13828033585669,60.13828033585669,6.110540407760665,5,4.967317327198683,Scooter,Sunny,Jam,Urban,False,0,1,1,4710.9502253974915,4776.088505733348,Aumento_Velocidade,1
pedido_4700.803895197264_203,101.29554141607021,76.33850630825418,61.33850630825418,14.706889047742136,15,4.892499251249556,Moto,Sunny,High,Urban,False,0,1,1,4700.803895197264,4777.142401505518,Aumento_Velocidade,1
pedido_4656.032099922243_176,136.9024974005576,123.46072127078617,108.46072127078617,14.556794779546681,15,4.951686017788631,Moto,Stormy,Jam,Metropolitian,False,0,1,0,4656.032099922243,4779.492821193029,Aumento_Velocidade,1
pedido_4664.212228302131_178,127.31479556131167,120.62214592698948,105.62214592698948,7.896852724127764,10,4.4791329470211165,Scooter,Stormy,High,Metropolitian,False,0,1,0,4664.212228302131,4779.83437422912,Aumento_Velocidade,1
pedido_4696.149289079729_202,104.8836889502191,92.29362944912974,77.29362944912974,10.60615060733547,10,4.559393490479001,Moto,Sunny,High,Metropolitian,True,0,1,1,4696.149289079729,4783.442918528859,Aumento_Velocidade,1
pedido_4692.969104942773_198,100.89875896024635,85.67579984842234,85.67579984842234,6.06855269753841,5,4.894532560647668,Moto,Stormy,Low,Metropolitian,True,0,0,0,4692.969104942773,4783.644904791196,Nenhuma,1
pedido_4669.780046520072_183,127.30402884439016,120.34457916892029,105.34457916892029,3.159494253054506,10,4.855045504067088,Moto,Sandstorms,Jam,Urban,True,0,1,0,4669.780046520072,4785.124625688992,Aumento_Velocidade,1
pedido_4671.757013894598_185,134.87988846989217,119.14258500888172,104.14258500888172,0.0,10,4.831904586850732,Moto,Foggy,High,Metropolitian,False,0,1,0,4671.757013894598,4785.899598903479,Aumento_Velocidade,1
pedido_4670.27838798745_184,132.141537028009,127.54780639902123,112.54780639902123,6.913642307601253,5,4.924642351148973,Scooter,Foggy,High,Metropolitian,False,0,1,0,4670.27838798745,4787.826194386471,Aumento_Velocidade,1
pedido_4755.408041470055_235,41.395263290750364,22.594808316793028,22.594808316793028,5.360366083159234,15,4.713454564125676,Scooter,Sunny,High,Metropolitian,True,1,1,1,4755.408041470055,4793.002849786848,Nenhuma,1
pedido_4706.930883836149_206,98.46884860164056,75.21001573050108,75.21001573050108,2.7591160353301896,15,4.669797394529525,Van,Sunny,High,Metropolitian,True,0,1,1,4706.930883836149,4797.140899566651,Nenhuma,1
pedido_4687.0592213057735_193,130.83913607998662,121.34387547856029,106.34387547856029,8.624903398671933,5,4.932771871049798,Moto,Sandstorms,High,Metropolitian,False,0,1,0,4687.0592213057735,4798.403096784334,Aumento_Velocidade,1
pedido_4667.970663197347_181,127.39112761191271,117.73952530646014,117.73952530646014,5.074655563472472,15,4.577496406232578,Van,Stormy,Jam,Metropolitian,False,0,1,0,4667.970663197347,4800.710188503807,Nenhuma,1
pedido_4647.649237241468_174,151.25659107391527,139.30933799937753,139.30933799937753,15.694598769294352,15,4.608316578509926,Van,Foggy,Jam,Metropolitian,True,0,1,0,4647.649237241468,4801.958575240846,Nenhuma,0
pedido_4734.60130404128_226,101.13833093960928,74.57620682231376,59.576206822313765,10.174645496382439,10,4.670266351260154,Moto,Sunny,High,Urban,False,0,1,1,4734.60130404128,4804.177510863594,Aumento_Velocidade,1
pedido_4678.423561497713_187,136.7996284226886,130.81728743322424,115.81728743322424,16.8938866560031,10,5.0,Moto,Stormy,Jam,Metropolitian,False,0,1,0,4678.423561497713,4804.240848930937,Aumento_Velocidade,1
pedido_4722.089097430737_217,98.84633501984995,87.88842966167073,72.88842966167073,4.108407447282109,10,4.577349755818575,Moto,Sunny,Jam,Metropolitian,False,0,1,1,4722.089097430737,4804.977527092407,Aumento_Velocidade,1
pedido_4753.30035525597_234,44.72090799832236,38.254397671462655,38.254397671462655,2.934652943899945,15,4.906042636280668,Moto,Foggy,Medium,Metropolitian,False,1,0,0,4753.30035525597,4806.554752927433,Nenhuma,1
pedido_4719.124211951886_214,101.61481017132195,98.79761235463533,83.79761235463533,15.53739129605713,5,4.744934758520578,Moto,Sunny,High,Metropolitian,False,0,1,1,4719.124211951886,4807.921824306521,Aumento_Velocidade,1
pedido_4691.663703929853_196,134.89077910663988,116.53855063042025,101.53855063042025,14.006266267011968,15,4.56186275188785,Moto,Sandstorms,High,Metropolitian,True,0,1,0,4691.663703929853,4808.202254560273,Aumento_Velocidade,1
pedido_4694.547024068393_199,110.44838788967907,110.21053981813613,110.21053981813613,16.3372315194058,5,4.603480116933819,Scooter,Foggy,Low,Metropolitian,False,0,0,0,4694.547024068393,4809.757563886529,Nenhuma,1
pedido_4708.71949463337_207,109.56963814281572,108.03404271079226,93.03404271079226,20.81603415726418,10,4.748222521723537,Moto,Sunny,Medium,Metropolitian,False,0,0,1,4708.71949463337,4811.753537344162,Rota_Reduzida,1
pedido_4709.299063780592_208,128.54841830311835,109.00701568134251,94.00701568134251,1.918597838822488,10,4.613545047542834,Moto,Stormy,High,Urban,False,0,1,0,4709.299063780592,4813.306079461935,Aumento_Velocidade,1
pedido_4772.468923375244_247,39.08123110725624,31.25243768432798,31.25243768432798,15.691178321687532,10,4.921642232393395,Moto,Sunny,High,Metropolitian,False,1,1,1,4772.468923375244,4813.721361059572,Nenhuma,1
pedido_4692.941931086545_197,141.38030865534944,126.38390716472458,111.38390716472458,13.44041850876745,10,4.879543690028755,Moto,Sandstorms,Jam,Urban,True,0,1,0,4692.941931086545,4814.3258382512695,Aumento_Velocidade,1
pedido_4721.543547560291_216,94.18962083018891,96.569762686783,81.569762686783,7.742349872701274,15,4.603047244684329,Scooter,Sunny,Medium,Metropolitian,False,0,0,1,4721.543547560291,4818.113310247074,Rota_Reduzida,1
pedido_4651.802683564087_175,175.5998241153939,181.71828917170214,166.71828917170214,2.956019951346025,5,4.351885406868153,Moto,Windy,High,Metropolitian,True,0,1,0,4651.802683564087,4823.520972735789,Aumento_Velocidade,0
pedido_4702.289849596337_204,133.49846318068467,121.47578000804808,106.47578000804808,15.168975460395028,15,4.895837789691583,Scooter,Windy,High,Metropolitian,False,0,1,0,4702.289849596337,4823.765629604385,Aumento_Velocidade,1
pedido_4680.915591210871_189,144.90221453113728,129.585053698203,129.585053698203,17.517618257050575,15,4.868869192275165,Van,Foggy,High,Metropolitian,True,0,1,0,4680.915591210871,4825.500644909074,Nenhuma,0
pedido_4705.414824405539_205,127.43887853040428,120.76038398785587,105.76038398785587,5.544665544097743,15,4.778018595815941,Scooter,Stormy,High,Urban,False,0,1,0,4705.414824405539,4826.175208393394,Aumento_Velocidade,1
pedido_4642.644681635501_168,186.05418133670648,188.86332102419976,173.86332102419976,14.419575004544821,10,4.436298746948818,Scooter,Stormy,High,Urban,True,0,1,0,4642.644681635501,4826.508002659701,Aumento_Velocidade,0
pedido_4720.512610181949_215,130.63353659701423,106.02067261477461,91.02067261477461,0.0,15,4.978568031297665,Moto,Stormy,High,Urban,True,0,1,0,4720.512610181949,4826.533282796723,Aumento_Velocidade,1
pedido_4716.75593869903_212,131.31007929737657,121.22673896444344,106.22673896444344,8.723938719458515,5,4.788249206535232,Moto,Sandstorms,High,Metropolitian,False,0,1,0,4716.75593869903,4827.982677663473,Aumento_Velocidade,1
pedido_4717.794354886566_213,134.51104555526933,111.58969345028908,96.58969345028908,14.346275665242093,15,4.808453235136391,Scooter,Sandstorms,High,Metropolitian,False,0,1,0,4717.794354886566,4829.384048336855,Aumento_Velocidade,1
pedido_4696.0019028650195_201,141.25305367296414,144.19177578743742,129.19177578743742,10.212792812862073,5,4.901175917586965,Scooter,Foggy,Jam,Metropolitian,False,0,1,0,4696.0019028650195,4830.193678652457,Aumento_Velocidade,0
pedido_4691.128179727802_195,151.6789809196422,139.55880885044243,124.55880885044243,16.88297502656533,15,5.0,Moto,Foggy,Jam,Metropolitian,False,0,1,0,4691.128179727802,4830.686988578244,Aumento_Velocidade,0
pedido_4722.5305579623855_218,134.08162485380558,115.17707357118658,100.17707357118658,2.1132242635824694,10,5.0,Moto,Sandstorms,High,Metropolitian,True,0,1,0,4722.5305579623855,4832.707631533572,Aumento_Velocidade,1
pedido_4724.497646615098_221,127.11336922736857,115.09745022638215,100.09745022638215,7.404645526036393,10,4.53748288008638,Scooter,Windy,Jam,Metropolitian,False,0,1,0,4724.497646615098,4834.595096841481,Aumento_Velocidade,1
pedido_4732.848152475646_224,126.77917466406375,112.41371327640869,97.41371327640869,3.283769431208711,5,4.708383647333935,Moto,Foggy,Jam,Metropolitian,False,0,1,0,4732.848152475646,4835.261865752055,Aumento_Velocidade,1
pedido_4686.092504679535_192,148.39722025567093,145.16668997700543,145.16668997700543,10.25906664177084,5,4.606354008318473,Van,Foggy,Jam,Metropolitian,True,0,1,0,4686.092504679535,4836.25919465654,Nenhuma,0
pedido_4751.072880734027_232,107.36378663267715,89.07348848855386,74.07348848855386,14.97839257778068,15,4.666157773404474,Moto,Sunny,Medium,Metropolitian,True,0,0,1,4751.072880734027,4840.146369222582,Rota_Reduzida,1
pedido_4751.578128969041_233,99.52735105208863,98.82739297754082,83.82739297754082,5.049534093638764,5,5.0,Moto,Sunny,High,Metropolitian,False,0,1,1,4751.578128969041,4840.405521946582,Aumento_Velocidade,1
pedido_4723.203018926391_219,130.12720727181323,118.60617452886916,103.60617452886916,5.82107761892661,15,5.0,Scooter,Stormy,High,Metropolitian,False,0,1,0,4723.203018926391,4841.80919345526,Aumento_Velocidade,1
pedido_4695.674335376423_200,170.37589257765666,151.415617394123,136.415617394123,3.7806561583816443,10,4.401739744009051,Moto,Sandstorms,Medium,Metropolitian,False,0,0,0,4695.674335376423,4842.089952770546,Rota_Reduzida,0
pedido_4660.755120515277_177,201.22444924834934,181.46686609787108,166.46686609787108,18.356838035399488,15,4.2369222307021674,Moto,Foggy,Jam,Metropolitian,False,0,1,0,4660.755120515277,4842.221986613148,Aumento_Velocidade,0
pedido_4744.792872903299_230,94.7760576264949,88.0853926383053,88.0853926383053,4.177347550274847,10,4.805457106560105,Moto,Sunny,Low,Metropolitian,False,0,0,1,4744.792872903299,4842.878265541604,Nenhuma,1
pedido_4710.68294310379_209,141.2845186519025,143.14119917727956,128.14119917727956,13.64741268306511,5,4.600238314037503,Scooter,Foggy,High,Metropolitian,False,0,1,0,4710.68294310379,4843.82414228107,Aumento_Velocidade,0
pedido_4716.489638151378_211,129.16300390794464,137.77201307706187,122.77201307706187,5.560918684505811,5,4.939900366827806,Scooter,Windy,High,Metropolitian,True,0,1,0,4716.489638151378,4844.26165122844,Aumento_Velocidade,0
pedido_4727.028968841233_223,127.01107379449536,112.58709611675803,112.58709611675803,15.487214139911261,5,4.675187499838905,Van,Sandstorms,High,Other,False,0,1,0,4727.028968841233,4844.6160649579915,Nenhuma,1
pedido_4762.433593608257_241,91.77582834287077,82.45300370449479,67.45300370449479,3.525202666881186,15,4.761780515009356,Scooter,Sunny,Medium,Other,False,0,0,1,4762.433593608257,4844.886597312752,Rota_Reduzida,1
pedido_4804.9373314369495_263,48.21676253031461,31.71801194171949,31.71801194171949,12.94127556142823,10,4.735505444384518,Scooter,Windy,Medium,Other,False,1,0,0,4804.9373314369495,4846.655343378669,Nenhuma,1
pedido_4750.2257385505045_231,104.17125901605172,106.66838129917255,91.66838129917255,20.69059310457488,5,4.745316612098749,Moto,Sunny,High,Metropolitian,False,0,1,1,4750.2257385505045,4846.894119849677,Aumento_Velocidade,1
pedido_4738.7148765998145_227,131.64846086956666,110.8994186148484,95.8994186148484,2.077954129300918,15,4.528104941258747,Moto,Foggy,High,Metropolitian,True,0,1,0,4738.7148765998145,4849.614295214663,Aumento_Velocidade,1
pedido_4757.60371875983_237,126.75376679803882,102.11048856880599,87.11048856880599,5.221232988768728,5,4.496271668070846,Scooter,Stormy,Jam,Metropolitian,False,0,1,0,4757.60371875983,4849.714207328637,Aumento_Velocidade,1
pedido_4681.752226697442_190,177.4715841195258,178.0907920897028,163.0907920897028,13.995596573884225,5,4.4277566583473735,Scooter,Sunny,High,Metropolitian,False,0,1,1,4681.752226697442,4849.8430187871445,Aumento_Velocidade,0
pedido_4762.429681027717_240,109.05416205221078,97.68458290545118,82.68458290545118,15.227835402622981,5,4.467516473242245,Moto,Sunny,High,Urban,True,0,1,1,4762.429681027717,4850.114263933168,Aumento_Velocidade,1
pedido_4762.736529180851_242,101.93496739372,99.29624536480136,84.29624536480136,13.411957759557346,5,4.5908037968296265,Scooter,Sunny,High,Urban,False,0,1,1,4762.736529180851,4852.0327745456525,Aumento_Velocidade,1
pedido_4740.702362665139_228,134.82258544930943,116.44739028446213,101.44739028446213,17.641456643527555,15,4.866762713423748,Moto,Sandstorms,High,Urban,False,0,1,0,4740.702362665139,4857.149752949601,Aumento_Velocidade,1
pedido_4770.971042598289_245,96.64106261484396,85.74992125997312,85.74992125997312,5.1112205107876685,5,4.682389318179629,Moto,Sunny,Low,Metropolitian,False,0,0,1,4770.971042598289,4861.720963858263,Nenhuma,1
pedido_4725.328902993802_222,138.4271828112557,135.93292723995495,135.93292723995495,20.74280224098796,5,5.0,Van,Windy,High,Metropolitian,False,0,1,0,4725.328902993802,4866.261830233757,Nenhuma,0
pedido_4778.8196338024445_253,107.55553836029262,100.94531424346573,85.94531424346573,20.425866473054427,10,4.483522584966337,Moto,Sunny,High,Urban,False,0,1,1,4778.8196338024445,4874.76494804591,Aumento_Velocidade,1
pedido_4743.064821728054_229,133.11912780635134,134.38560065175736,119.38560065175736,6.934874450973025,15,4.477769407326773,Moto,Stormy,Medium,Metropolitian,True,0,0,0,4743.064821728054,4877.450422379811,Rota_Reduzida,1
pedido_4766.134924411818_243,140.15727878894708,121.4382146874068,106.4382146874068,15.55460135139311,5,4.743641316621852,Scooter,Sandstorms,Jam,Urban,False,0,1,0,4766.134924411818,4877.573139099225,Aumento_Velocidade,1
pedido_4772.914348378988_248,129.9885948301682,104.73581670094164,89.73581670094164,7.166592564562125,15,4.6630360373254724,Scooter,Windy,Jam,Metropolitian,True,0,1,0,4772.914348378988,4877.650165079929,Aumento_Velocidade,1
pedido_4806.146428910566_265,95.10100449740374,71.51291975928373,56.51291975928373,3.05881811726708,15,4.760547839829136,Moto,Sunny,High,Metropolitian,False,0,1,1,4806.146428910566,4877.65934866985,Aumento_Velocidade,1
pedido_4775.301101842871_252,132.35741618573067,108.98863001332224,93.98863001332224,4.747473806907031,10,4.565656482852986,Moto,Foggy,High,Urban,True,0,1,0,4775.301101842871,4879.289731856193,Aumento_Velocidade,1
pedido_4759.15231852002_239,137.43561228395953,131.74594550626026,116.74594550626026,13.22644706919919,5,4.763630790123595,Moto,Windy,Medium,Metropolitian,True,0,0,0,4759.15231852002,4880.89826402628,Rota_Reduzida,1
pedido_4775.0295960980075_251,130.57241264366692,117.42940001449725,102.42940001449725,3.2797196990585125,10,4.564980950729124,Moto,Sandstorms,Medium,Metropolitian,False,0,0,0,4775.0295960980075,4887.458996112505,Rota_Reduzida,1
pedido_4788.758464424568_255,130.53914308432832,98.91989875232298,83.91989875232298,5.490906455868056,15,4.579470559633009,Moto,Windy,High,Metropolitian,False,0,1,0,4788.758464424568,4887.678363176891,Aumento_Velocidade,1
pedido_4782.501265383931_254,103.07169704528708,102.51638103663626,102.51638103663626,11.187440374088586,5,4.845404714948269,Scooter,Sandstorms,Low,Urban,False,0,0,0,4782.501265383931,4890.017646420568,Nenhuma,1
pedido_4799.073528424889_260,102.58424060468982,91.02782152494521,76.02782152494521,16.340268536440366,15,5.0,Moto,Sunny,Medium,Metropolitian,False,0,0,1,4799.073528424889,4890.101349949835,Rota_Reduzida,1
pedido_4773.330019300788_249,143.87999213971185,125.69254911920939,110.69254911920939,15.36130694846469,10,4.776389714045536,Scooter,Foggy,High,Metropolitian,True,0,1,0,4773.330019300788,4894.022568419998,Aumento_Velocidade,1
pedido_4774.890821641813_250,134.76274197091894,124.32326663252391,109.32326663252391,7.125042606538865,10,4.665217098320508,Scooter,Sandstorms,Medium,Metropolitian,False,0,0,0,4774.890821641813,4894.214088274337,Rota_Reduzida,1
pedido_4766.741747944452_244,125.05957027558483,114.18635774982687,114.18635774982687,1.9239172246903702,15,4.938700730074125,Van,Foggy,Medium,Metropolitian,False,0,0,0,4766.741747944452,4895.928105694279,Nenhuma,1
pedido_4724.13717590475_220,185.40619466332296,172.1772226461892,157.1772226461892,14.580329318736686,15,4.347018355705717,Scooter,Sandstorms,High,Metropolitian,True,0,1,0,4724.13717590475,4896.314398550939,Aumento_Velocidade,0
pedido_4845.293413157824_289,44.60982543153522,50.42112851613129,50.42112851613129,14.60172774903096,5,4.820632243649113,Moto,Foggy,High,Metropolitian,False,1,1,0,4845.293413157824,4900.714541673955,Nenhuma,1
pedido_4798.774826456109_259,101.47261135437054,92.11522985827337,92.11522985827337,7.971376375717524,10,4.499825234734194,Van,Windy,Low,Metropolitian,True,0,0,0,4798.774826456109,4900.8900563143825,Nenhuma,1
pedido_4815.0414919455525_269,97.49009431361574,87.15420849674172,72.15420849674172,3.53293708728415,15,4.724355407251265,Moto,Sunny,High,Metropolitian,False,0,1,1,4815.0414919455525,4902.195700442294,Aumento_Velocidade,1
pedido_4756.97975237988_236,141.56950049627972,152.80109212927002,137.80109212927002,12.239407491825686,10,4.457324399494471,Scooter,Foggy,High,Metropolitian,False,0,1,0,4756.97975237988,4904.78084450915,Aumento_Velocidade,0
pedido_4867.180491650553_302,44.424922395711654,39.02632690704548,39.02632690704548,5.628145113196898,5,5.0,Moto,Windy,High,Other,False,1,1,0,4867.180491650553,4911.206818557599,Nenhuma,1
pedido_4862.699595542634_298,44.011062101688346,34.58643255350193,34.58643255350193,3.2752707609054204,15,4.66609378821124,Moto,Stormy,High,Urban,False,1,1,0,4862.699595542634,4912.286028096136,Nenhuma,1
pedido_4771.279758098985_246,144.1801885397399,141.71862962990807,126.71862962990807,14.363776130853584,15,4.546368745869611,Moto,Foggy,High,Metropolitian,True,0,1,0,4771.279758098985,4912.998387728893,Aumento_Velocidade,0
pedido_4822.499521861582_274,98.7904708398106,98.51760792966769,83.51760792966769,1.691429801193319,10,4.818984549731037,Moto,Sunny,Jam,Metropolitian,False,0,1,1,4822.499521861582,4916.01712979125,Aumento_Velocidade,1
pedido_4798.768217133643_258,140.58333922900198,124.51586288947351,109.51586288947351,14.775220080455265,10,4.517823880616224,Moto,Foggy,High,Metropolitian,False,0,1,0,4798.768217133643,4918.284080023116,Aumento_Velocidade,1
pedido_4795.901194252254_257,120.45867868828326,117.67390007179026,117.67390007179026,16.51921677016124,5,4.772081931857948,Scooter,Sunny,Low,Metropolitian,False,0,0,1,4795.901194252254,4918.575094324044,Nenhuma,1
pedido_4828.444883536858_275,106.40989105187758,95.80946016274822,80.80946016274822,18.48899809861843,10,4.635624056059681,Scooter,Sunny,High,Metropolitian,True,0,1,1,4828.444883536858,4919.254343699606,Aumento_Velocidade,1
pedido_4808.721051945791_266,136.399642350554,121.5323608376913,106.5323608376913,16.802086181593296,5,4.620965729201332,Moto,Sandstorms,Medium,Metropolitian,False,0,0,0,4808.721051945791,4920.253412783482,Rota_Reduzida,1
pedido_4800.024450355636_261,135.6007374360061,116.9797325998143,116.9797325998143,7.456605419714629,5,4.953344855980712,Van,Foggy,High,Metropolitian,True,0,1,0,4800.024450355636,4922.00418295545,Nenhuma,1
pedido_4758.8968709968485_238,178.64119323461597,165.82732738846022,150.82732738846022,3.5588671966200787,15,4.372117058900128,Scooter,Foggy,High,Metropolitian,False,0,1,0,4758.8968709968485,4924.724198385309,Aumento_Velocidade,0
pedido_4839.620700590732_280,100.37514196433915,95.15707078128365,80.15707078128365,11.433116096043754,5,4.899041454774407,Moto,Sunny,Medium,Metropolitian,False,0,0,1,4839.620700590732,4924.777771372015,Rota_Reduzida,1
pedido_4802.726775764023_262,132.5096053689441,122.44633444335201,107.44633444335201,6.4867260580182595,15,4.577311407971268,Moto,Foggy,High,Metropolitian,True,0,1,0,4802.726775764023,4925.1731102073745,Aumento_Velocidade,1
pedido_4839.006596025505_279,101.61481017132195,93.17067891659582,78.17067891659582,15.850716250362455,10,4.684163113258944,Moto,Sunny,High,Urban,False,0,1,1,4839.006596025505,4927.177274942101,Aumento_Velocidade,1
pedido_4822.240491030774_273,128.1243542344259,111.4351984050538,96.4351984050538,10.177247682370897,15,4.506594649380246,Scooter,Stormy,High,Metropolitian,False,0,1,0,4822.240491030774,4933.675689435828,Aumento_Velocidade,1
pedido_4855.522213934599_294,98.4741218806905,82.0225086046207,67.0225086046207,8.662576155474607,15,4.806008968760995,Scooter,Sunny,Jam,Metropolitian,False,0,1,1,4855.522213934599,4937.544722539219,Aumento_Velocidade,1
pedido_4815.037331258218_268,140.5168290583327,124.11086962595556,109.11086962595556,10.694896407003746,15,4.956981310726466,Scooter,Foggy,High,Metropolitian,False,0,1,0,4815.037331258218,4939.148200884173,Aumento_Velocidade,1
pedido_4845.27561898752_288,108.56243341973216,105.70189024260421,90.70189024260421,12.917780542953054,5,4.525166753274505,Scooter,Sunny,High,Metropolitian,True,0,1,1,4845.27561898752,4940.977509230124,Aumento_Velocidade,1
pedido_4818.465954068416_272,127.59980392749029,123.9006557091138,108.9006557091138,5.700362365963752,15,4.692555873655359,Moto,Windy,Jam,Metropolitian,False,0,1,0,4818.465954068416,4942.366609777529,Aumento_Velocidade,1
pedido_4843.3792783706895_286,131.33142127918396,106.18476255135614,91.18476255135614,7.727822747675786,10,4.965553654227244,Moto,Sandstorms,Jam,Metropolitian,False,0,1,0,4843.3792783706895,4944.564040922046,Aumento_Velocidade,1
pedido_4835.815565653348_278,131.29585262278061,115.08897211054958,100.08897211054958,8.45480086272665,10,4.55438457032235,Scooter,Sandstorms,High,Metropolitian,True,0,1,0,4835.815565653348,4945.904537763898,Aumento_Velocidade,1
pedido_4875.227494654881_310,94.70227698786206,77.15833540533339,62.15833540533339,3.421647747775153,10,5.0,Moto,Sunny,Medium,Metropolitian,False,0,0,1,4875.227494654881,4947.385830060215,Rota_Reduzida,1
pedido_4834.257856947133_276,133.34913206797495,119.28921386416894,104.28921386416894,14.503671287348205,15,4.784217153407047,Moto,Windy,High,Metropolitian,False,0,1,0,4834.257856947133,4953.547070811303,Aumento_Velocidade,1
pedido_4835.359924776827_277,128.7582345717014,129.41462590049676,114.41462590049676,16.59658620365013,5,4.7687584359246875,Scooter,Stormy,High,Urban,False,0,1,0,4835.359924776827,4954.7745506773235,Aumento_Velocidade,1
pedido_4853.4657447637255_293,130.64524980577818,116.71510466451619,96.71510466451619,15.622095894715212,5,4.490989061441396,Scooter,Stormy,High,Semi-Urban,False,0,1,0,4853.4657447637255,4955.180849428241,Rota_Reduzida,1
pedido_4857.056254346841_295,135.5747097034046,103.4648160001738,88.4648160001738,19.039362917544622,10,4.80165775844869,Moto,Windy,Medium,Urban,False,0,0,0,4857.056254346841,4955.521070347015,Rota_Reduzida,1
pedido_4863.33234067403_300,102.90242220563151,90.09782943916753,90.09782943916753,17.90608314141557,5,4.635233721725859,Scooter,Windy,Low,Metropolitian,False,0,0,0,4863.33234067403,4958.430170113197,Nenhuma,1
pedido_4844.998939208413_287,99.10286635211625,108.53403680344542,108.53403680344542,4.391921565613221,5,4.540248883961018,Scooter,Sunny,Low,Metropolitian,True,0,0,1,4844.998939208413,4958.532976011858,Nenhuma,1
pedido_4917.896701206208_335,61.04407985722407,42.657872066487855,27.657872066487855,19.17311758437788,15,4.403908871581588,Moto,Sandstorms,High,Metropolitian,False,1,1,0,4917.896701206208,4960.554573272695,Aumento_Velocidade,1
pedido_4868.475870132789_305,133.05266559932767,103.02190518834229,88.02190518834229,4.3410976002641135,5,4.977834053406826,Scooter,Sandstorms,Medium,Metropolitian,True,0,0,0,4868.475870132789,4961.4977753211315,Rota_Reduzida,1
pedido_4840.591070871426_283,127.95282843978039,121.37601113473124,106.37601113473124,5.848773360854863,15,4.457905008148051,Moto,Windy,High,Urban,False,0,1,0,4840.591070871426,4961.967082006157,Aumento_Velocidade,1
pedido_4817.088847354355_271,141.8569403418226,155.82467536251207,140.82467536251207,13.676534629890043,5,4.537224187775545,Moto,Foggy,Medium,Urban,False,0,0,0,4817.088847354355,4962.913522716866,Rota_Reduzida,0
pedido_4793.480244940633_256,185.4344730888647,179.69666984447878,164.69666984447878,14.31667225617935,5,4.310797265886037,Moto,Windy,High,Metropolitian,False,0,1,0,4793.480244940633,4963.176914785112,Aumento_Velocidade,0
pedido_4840.889408315398_284,135.17790609396323,132.30728651663372,117.30728651663372,17.95269722228738,5,4.561318474763946,Scooter,Sandstorms,High,Metropolitian,True,0,1,0,4840.889408315398,4963.196694832032,Aumento_Velocidade,1
pedido_4875.852513747241_311,114.83691756088297,95.73600668039401,75.73600668039401,5.353225234156615,15,4.778180497660188,Moto,Stormy,Jam,Other,False,0,1,0,4875.852513747241,4966.588520427635,Rota_Reduzida,1
pedido_4850.251631221278_291,128.46781494158418,117.40587390965092,102.40587390965092,3.7537322167265814,15,4.740306666142401,Moto,Foggy,Jam,Urban,True,0,1,0,4850.251631221278,4967.657505130929,Aumento_Velocidade,1
pedido_4839.664714250377_281,133.0339255837259,139.4754405103009,124.4754405103009,7.8150104556994275,5,4.771543691714194,Scooter,Windy,High,Metropolitian,False,0,1,0,4839.664714250377,4969.140154760678,Aumento_Velocidade,0
pedido_4805.4666298856055_264,177.14381649931983,168.97444944553828,153.97444944553828,13.779920289361621,10,4.436960013516646,Moto,Sunny,High,Urban,False,0,1,1,4805.4666298856055,4969.441079331144,Aumento_Velocidade,0
pedido_4842.40236742939_285,128.79852146034818,132.68684532934842,117.68684532934842,8.42918464297777,10,4.790513075406062,Scooter,Stormy,High,Metropolitian,False,0,1,0,4842.40236742939,4970.0892127587385,Aumento_Velocidade,1
pedido_4812.781167287684_267,175.3088695710238,163.0004256084314,148.0004256084314,4.940319662889486,10,4.391259683551637,Scooter,Windy,High,Metropolitian,True,0,1,0,4812.781167287684,4970.781592896115,Aumento_Velocidade,0
pedido_4845.844515114728_290,141.3263222732468,129.1135509291029,114.1135509291029,10.787722391914258,15,4.585478567243595,Moto,Foggy,High,Metropolitian,False,0,1,0,4845.844515114728,4974.9580660438305,Aumento_Velocidade,1
pedido_4840.06707814419_282,136.08984807027971,145.68772904972803,130.68772904972803,18.44088465999227,5,4.477855502990985,Moto,Stormy,Medium,Metropolitian,False,0,0,0,4840.06707814419,4975.754807193918,Rota_Reduzida,0
pedido_4868.089725300719_303,123.989511917913,118.77924382245352,103.77924382245352,0.0,5,4.523357942699539,Moto,Foggy,Medium,Metropolitian,True,0,0,0,4868.089725300719,4976.868969123172,Rota_Reduzida,1
pedido_4902.384879482797_328,95.95469655866764,84.74862433714202,69.74862433714202,1.6284676637250954,10,4.62508888870814,Moto,Sunny,High,Metropolitian,False,0,1,1,4902.384879482797,4982.1335038199395,Aumento_Velocidade,1
pedido_4857.495986340294_296,136.05537415395855,129.75888018808564,114.75888018808564,13.483770556584137,10,4.8494868086136105,Moto,Windy,High,Metropolitian,True,0,1,0,4857.495986340294,4982.254866528379,Aumento_Velocidade,1
pedido_4898.651628906608_327,101.58218816432631,83.97441550666497,68.97441550666497,1.6836801143755915,15,4.53202960308333,Scooter,Sunny,High,Metropolitian,False,0,1,1,4898.651628906608,4982.626044413272,Aumento_Velocidade,1
pedido_4862.861542720402_299,135.8251700970151,122.067580117949,107.067580117949,14.119875366881226,15,4.63569277852537,Scooter,Windy,Jam,Metropolitian,False,0,1,0,4862.861542720402,4984.929122838351,Aumento_Velocidade,1
pedido_4816.065216876321_270,185.67191124029134,179.07480197440927,164.07480197440927,16.81916641001532,5,4.449928240855675,Moto,Sandstorms,Medium,Metropolitian,True,0,0,0,4816.065216876321,4985.1400188507305,Rota_Reduzida,0
pedido_4864.042271850427_301,130.43318313225754,127.01668207800404,112.01668207800404,3.63199616135552,10,4.954244967834397,Moto,Foggy,Jam,Metropolitian,True,0,1,0,4864.042271850427,4986.058953928431,Aumento_Velocidade,1
pedido_4869.535684693262_306,128.86708058067612,127.85000356283652,112.85000356283652,0.6341048060114556,5,4.714145467731937,Moto,Stormy,High,Metropolitian,True,0,1,0,4869.535684693262,4987.385688256099,Aumento_Velocidade,1
pedido_4879.937648856833_314,131.52112385349545,118.16763448695188,103.16763448695188,9.072583688267091,5,4.776851234855153,Moto,Sandstorms,High,Metropolitian,False,0,1,0,4879.937648856833,4988.105283343785,Aumento_Velocidade,1
pedido_4871.109559328647_307,140.64598169072192,122.8509016980172,107.8509016980172,16.915594466185382,10,4.9086778328654885,Scooter,Foggy,High,Urban,False,0,1,0,4871.109559328647,4988.960461026664,Aumento_Velocidade,1
pedido_4857.798588703591_297,134.0293638312794,132.60232005997418,117.60232005997418,7.816086906945381,15,4.649342044439132,Moto,Foggy,High,Metropolitian,False,0,1,0,4857.798588703591,4990.400908763565,Aumento_Velocidade,1
pedido_4886.253310159623_319,124.4591938839851,109.9718810641496,94.9718810641496,5.115284969374631,10,4.5213253073907875,Moto,Stormy,High,Metropolitian,False,0,1,0,4886.253310159623,4991.2251912237725,Aumento_Velocidade,1
pedido_4874.590344606625_309,137.5319011526609,122.73482221911641,107.73482221911641,5.407300115088884,10,5.0,Scooter,Sandstorms,High,Urban,False,0,1,0,4874.590344606625,4992.325166825742,Aumento_Velocidade,1
pedido_4876.946569565009_312,151.58747396505365,126.23787582380777,111.23787582380777,16.35448632929362,5,5.0,Moto,Foggy,Jam,Metropolitian,False,0,1,0,4876.946569565009,4993.184445388816,Aumento_Velocidade,1
pedido_4910.722950586214_334,98.66723304363478,94.84758282618608,79.84758282618608,12.969499832749882,5,4.578919323923407,Moto,Sunny,Medium,Urban,False,0,0,1,4910.722950586214,4995.5705334124,Rota_Reduzida,1
pedido_4880.7542089379795_315,128.99373840194562,115.23120212514561,100.23120212514561,3.4454266171779704,15,4.826220040589556,Moto,Windy,High,Metropolitian,True,0,1,0,4880.7542089379795,4995.985411063125,Aumento_Velocidade,1
pedido_4898.458923253007_326,111.04340742701856,102.91060549029557,87.91060549029557,11.613152421669698,10,4.6679002945812815,Moto,Sunny,Jam,Metropolitian,False,0,1,1,4898.458923253007,4996.369528743303,Aumento_Velocidade,1
pedido_4923.252375862623_338,102.08635350902836,84.77707475223704,69.77707475223704,16.912049241911898,5,4.66111452395916,Moto,Sunny,High,Urban,False,0,1,1,4923.252375862623,4998.02945061486,Aumento_Velocidade,1
pedido_4903.435704477468_329,101.17663549600017,89.77598226283058,89.77598226283058,6.225234935485556,5,4.754721786675924,Moto,Sandstorms,Low,Metropolitian,False,0,0,0,4903.435704477468,4998.211686740298,Nenhuma,1
pedido_4883.347524014735_316,136.495532914919,126.86223816522804,111.86223816522804,15.429139433523513,5,4.7085892288290205,Moto,Sandstorms,Medium,Metropolitian,False,0,0,0,4883.347524014735,5000.209762179963,Rota_Reduzida,1
pedido_4887.0613791721025_320,133.30656773963878,118.92758209266933,103.92758209266933,17.353759300004654,10,4.764032180281722,Scooter,Stormy,Medium,Metropolitian,False,0,0,0,4887.0613791721025,5000.988961264772,Rota_Reduzida,1
pedido_4879.848124251417_313,134.94826940247617,121.57750555326112,106.57750555326112,15.807147514359727,15,4.788684014734665,Moto,Sandstorms,High,Metropolitian,True,0,1,0,4879.848124251417,5001.4256298046785,Aumento_Velocidade,1
pedido_4895.330950523299_323,131.42027128187917,109.24494494989459,94.24494494989459,6.7518696800774345,15,4.47068020262984,Moto,Foggy,High,Metropolitian,False,0,1,0,4895.330950523299,5004.575895473194,Aumento_Velocidade,1
pedido_4920.944589449468_336,102.72064245037974,88.63186824639305,73.63186824639305,17.629220113136633,15,4.743960349421369,Moto,Sunny,High,Urban,False,0,1,1,4920.944589449468,5009.576457695862,Aumento_Velocidade,1
pedido_4868.229844664932_304,150.43756798365342,142.05969739308713,127.05969739308713,12.573497908293703,15,4.750452075001488,Scooter,Foggy,Jam,Metropolitian,False,0,1,0,4868.229844664932,5010.289542058019,Aumento_Velocidade,0
pedido_4887.8665792301745_321,137.58065988454095,134.15345011433232,119.15345011433232,17.34494028848913,5,4.642685787192969,Moto,Windy,Medium,Metropolitian,True,0,0,0,4887.8665792301745,5012.020029344507,Rota_Reduzida,1
pedido_4883.899465322884_317,134.63498629071023,139.95872182406487,124.95872182406487,11.021177887441205,5,4.6815509062940315,Moto,Stormy,Medium,Metropolitian,True,0,0,0,4883.899465322884,5013.858187146949,Rota_Reduzida,0
pedido_4928.125000868413_339,101.62886116662526,91.43245366706002,76.43245366706002,12.629665037410696,10,4.65981337955936,Moto,Sunny,High,Metropolitian,False,0,1,1,4928.125000868413,5014.557454535473,Aumento_Velocidade,1
pedido_4909.720590756663_333,134.19398245017592,105.21695453797128,90.21695453797128,10.668151802449653,15,4.568195012390886,Moto,Stormy,Medium,Metropolitian,False,0,0,0,4909.720590756663,5014.937545294634,Rota_Reduzida,1
pedido_4953.931238247268_352,36.29884891830767,56.19835492742915,56.19835492742915,7.825043902047801,5,4.469554194385938,Scooter,Sunny,Medium,Metropolitian,False,1,0,1,4953.931238247268,5015.129593174697,Nenhuma,1
pedido_4896.264773999699_324,119.9852105449858,110.72779272687313,110.72779272687313,14.38372786261954,10,4.857515216768539,Van,Sunny,Low,Metropolitian,False,0,0,1,4896.264773999699,5016.9925667265725,Nenhuma,1
pedido_4897.509919721653_325,144.8432548311962,128.0310069814743,113.03100698147429,10.80059876054443,10,5.0,Moto,Windy,Jam,Urban,True,0,1,0,4897.509919721653,5020.540926703127,Aumento_Velocidade,1
pedido_4904.296762681133_331,133.58094620698648,122.86709582133858,107.86709582133858,4.570180502788888,15,4.455893373925441,Moto,Sandstorms,Medium,Metropolitian,False,0,0,0,4904.296762681133,5027.163858502472,Rota_Reduzida,1
pedido_4853.3476530787175_292,175.04138716581375,183.98595753705865,168.98595753705865,1.7073327120663646,5,4.392444227701301,Moto,Windy,High,Metropolitian,False,0,1,0,4853.3476530787175,5027.333610615776,Aumento_Velocidade,0
pedido_4932.738153833363_341,99.82552266105598,87.27119201221137,87.27119201221137,4.995420489631791,10,4.791462575607977,Scooter,Foggy,Low,Metropolitian,True,0,0,0,4932.738153833363,5030.009345845574,Nenhuma,1
pedido_4928.967013660538_340,134.216246866602,109.13877184235307,94.13877184235307,13.446209660027039,10,4.67551526499499,Moto,Windy,Medium,Urban,False,0,0,0,4928.967013660538,5033.105785502891,Rota_Reduzida,1
pedido_4906.157790326622_332,151.5256386929629,135.40357179226672,120.40357179226672,16.51276762738038,10,4.6365782336395345,Moto,Foggy,Jam,Metropolitian,True,0,1,0,4906.157790326622,5036.561362118889,Aumento_Velocidade,0
pedido_4903.834770269121_330,134.41578154217095,133.6854257405379,118.68542574053791,1.2470888907620576,15,4.648056043356889,Moto,Foggy,High,Metropolitian,False,0,1,0,4903.834770269121,5037.520196009658,Aumento_Velocidade,1
pedido_4922.984987048046_337,144.0183482695683,131.0755509584436,116.07555095844361,13.209246295314067,5,4.800864869646679,Moto,Foggy,Medium,Metropolitian,True,0,0,0,4922.984987048046,5044.060538006489,Rota_Reduzida,1
pedido_4969.3417391755_359,100.09444160993549,86.01843601222664,71.01843601222664,11.310730374555435,5,4.588471062038699,Scooter,Sunny,Medium,Urban,False,0,0,1,4969.3417391755,5045.360175187727,Rota_Reduzida,1
pedido_4872.923169995246_308,175.43608880082084,166.76756770255813,166.76756770255813,3.3904490870941535,10,4.330872043459759,Van,Stormy,High,Urban,False,0,1,0,4872.923169995246,5049.690737697804,Nenhuma,0
pedido_4951.22602895868_350,112.39024358092003,107.44167424364933,92.44167424364933,12.450481560269125,10,4.497918967673465,Moto,Sunny,Jam,Metropolitian,False,0,1,1,4951.22602895868,5053.66770320233,Aumento_Velocidade,1
pedido_4937.544881746779_343,132.95064740854312,126.23266703050464,111.23266703050464,10.976204523066945,5,4.865207642228868,Moto,Windy,High,Metropolitian,False,0,1,0,4937.544881746779,5053.777548777283,Aumento_Velocidade,1
pedido_4949.997743205014_348,133.32736708556072,109.5917327145315,94.5917327145315,2.518509810283903,10,4.8535702355238435,Moto,Foggy,High,Metropolitian,False,0,1,0,4949.997743205014,5054.589475919545,Aumento_Velocidade,1
pedido_4961.061793993107_355,99.77114096584833,105.3691872166969,90.3691872166969,4.556935289753472,5,4.681440685064392,Moto,Sunny,High,Metropolitian,True,0,1,1,4961.061793993107,5056.430981209804,Aumento_Velocidade,1
pedido_4884.882160848736_318,164.48490063306414,161.70707905661902,161.70707905661902,13.563899123819045,10,4.298758326148519,Scooter,Windy,Low,Urban,False,0,0,0,4884.882160848736,5056.5892399053555,Nenhuma,0
pedido_4954.49738309057_353,96.17499998747542,94.40296106089006,94.40296106089006,2.840671105067708,10,4.664987003253716,Moto,Sunny,Low,Metropolitian,True,0,0,1,4954.49738309057,5058.900344151461,Nenhuma,1
pedido_4950.0827995510435_349,129.34163027927568,115.52271984546095,100.52271984546095,4.90879120274641,10,4.867352355346294,Scooter,Foggy,Jam,Metropolitian,False,0,1,0,4950.0827995510435,5060.605519396505,Aumento_Velocidade,1
pedido_4952.132034381935_351,131.09709452684876,116.87379490483364,101.87379490483364,5.463118334862048,10,4.833095564508707,Moto,Foggy,Jam,Metropolitian,True,0,1,0,4952.132034381935,5064.005829286769,Aumento_Velocidade,1
pedido_4992.383758796275_374,99.65603512819388,82.31440903030726,67.31440903030726,4.3769794962794375,5,4.8765826160632395,Scooter,Sunny,Jam,Metropolitian,False,0,1,1,4992.383758796275,5064.698167826583,Aumento_Velocidade,1
pedido_4955.9440200828085_354,134.52457831880213,114.259752312782,99.259752312782,16.543164142809086,10,4.84737847371397,Scooter,Sandstorms,High,Metropolitian,False,0,1,0,4955.9440200828085,5065.203772395591,Aumento_Velocidade,1
pedido_5019.569618037419_390,49.88765574167503,32.32610699957298,32.32610699957298,14.085443960785327,15,4.829411731202021,Moto,Windy,Medium,Metropolitian,False,1,0,0,5019.569618037419,5066.895725036992,Nenhuma,1
pedido_4943.940918594989_344,119.9852105449858,120.04556148346941,120.04556148346941,14.82750460690993,5,4.904488901558275,Moto,Sunny,Low,Metropolitian,False,0,0,1,4943.940918594989,5068.986480078458,Nenhuma,0
pedido_4894.2166021721505_322,189.17333303350722,182.91707168465427,167.91707168465427,14.046114529345802,10,4.400231023021623,Moto,Foggy,High,Metropolitian,True,0,1,0,4894.2166021721505,5072.133673856804,Aumento_Velocidade,0
pedido_4949.647886969424_347,141.3178313642075,124.90776967205983,109.90776967205983,15.007774224459832,15,4.637195631296457,Moto,Foggy,High,Metropolitian,False,0,1,0,4949.647886969424,5074.555656641483,Aumento_Velocidade,1
pedido_4966.782875297627_356,137.1354156300284,118.42611627516027,103.42611627516027,4.6583357050597005,5,4.776644075964471,Scooter,Windy,Medium,Urban,False,0,0,0,4966.782875297627,5075.2089915727865,Rota_Reduzida,1
pedido_4974.677364475575_363,137.72017921631883,118.92893623472406,103.92893623472406,18.40571230043072,5,4.954262034607814,Moto,Windy,High,Metropolitian,False,0,1,0,4974.677364475575,5083.606300710299,Aumento_Velocidade,1
pedido_4976.161363153143_364,136.25019710443954,114.16346457997493,99.16346457997493,1.8459480935792105,10,5.0,Scooter,Sandstorms,High,Metropolitian,False,0,1,0,4976.161363153143,5085.324827733118,Aumento_Velocidade,1
pedido_4968.691451767938_358,139.61306227269156,123.3777653995287,108.3777653995287,12.020495954439479,10,4.878662792717469,Scooter,Foggy,High,Urban,False,0,1,0,4968.691451767938,5087.069217167466,Aumento_Velocidade,1
pedido_4985.08008585626_371,103.3402232443271,87.86898684265513,87.86898684265513,7.120840346854921,15,4.837903031718204,Scooter,Stormy,Low,Metropolitian,True,0,0,0,4985.08008585626,5087.949072698915,Nenhuma,1
pedido_4974.486781719517_362,129.42766501532498,115.90748030638991,100.90748030638991,2.5537073987693226,15,4.698319732609434,Moto,Stormy,High,Urban,False,0,1,0,4974.486781719517,5090.394262025907,Aumento_Velocidade,1
pedido_5041.317742844469_409,42.208048467533956,41.68671098630481,41.68671098630481,10.590292856739847,10,4.570114524679591,Moto,Foggy,Low,Metropolitian,True,1,0,0,5041.317742844469,5093.004453830774,Nenhuma,1
pedido_4969.5811874228575_360,129.12186397506426,134.1354309785644,119.13543097856439,0.5856428659642612,5,4.530105682614429,Moto,Windy,Jam,Metropolitian,True,0,1,0,4969.5811874228575,5093.716618401422,Aumento_Velocidade,1
pedido_4967.359584973176_357,132.27652465985173,127.42788881121123,112.42788881121123,7.8086058155404,15,4.734953188858679,Moto,Stormy,Medium,Metropolitian,False,0,0,0,4967.359584973176,5094.787473784388,Rota_Reduzida,1
pedido_5018.489099134829_386,101.61481017132195,87.68484793626374,72.68484793626374,15.303127733826647,5,4.702233410587917,Scooter,Sunny,High,Metropolitian,False,0,1,1,5018.489099134829,5096.173947071093,Aumento_Velocidade,1
pedido_4976.8633725150385_365,127.92242772486368,125.08199031619728,110.08199031619728,4.657203255039495,10,4.553580161296796,Moto,Windy,Jam,Urban,False,0,1,0,4976.8633725150385,5096.945362831236,Aumento_Velocidade,1
pedido_4977.36511624875_366,140.15727878894708,119.93099461213882,104.93099461213882,15.442408457717194,15,4.703194566162421,Moto,Sandstorms,Jam,Metropolitian,False,0,1,0,4977.36511624875,5097.296110860889,Aumento_Velocidade,1
pedido_4984.583612093645_370,122.93270548620566,122.8564100968184,102.8564100968184,9.271354449502867,10,4.703379012656435,Moto,Stormy,High,Other,False,0,1,0,4984.583612093645,5097.440022190463,Rota_Reduzida,1
pedido_4933.884325180747_342,181.513527172034,173.97981362931245,158.97981362931245,9.7483320175457,5,4.443748189991884,Moto,Sunny,High,Metropolitian,True,0,1,1,4933.884325180747,5097.864138810059,Aumento_Velocidade,0
pedido_5003.76323363875_381,97.69524953457484,85.20867541693782,85.20867541693782,8.48164522712721,10,4.837461507379524,Moto,Sunny,Low,Urban,False,0,0,1,5003.76323363875,5098.971909055687,Nenhuma,1
pedido_4996.131236653845_377,128.48875841771687,102.89025010144096,87.89025010144096,2.000752330657383,15,4.766353466842841,Scooter,Stormy,High,Metropolitian,False,0,1,0,4996.131236653845,5099.021486755286,Aumento_Velocidade,1
pedido_4987.590670853997_372,134.77932349390852,123.0653192445184,108.0653192445184,11.868723308082096,5,4.72898047047139,Scooter,Sandstorms,High,Metropolitian,True,0,1,0,4987.590670853997,5100.655990098516,Aumento_Velocidade,1
pedido_5019.021544986423_387,95.54621114191794,86.7089471611496,71.7089471611496,7.892255510693935,10,4.556828640609141,Moto,Sunny,High,Metropolitian,False,0,1,1,5019.021544986423,5100.7304921475725,Aumento_Velocidade,1
pedido_4984.014673080498_369,130.18332513041472,124.81978354897598,109.81978354897598,6.1607119299595965,10,4.61272072200601,Scooter,Windy,High,Urban,False,0,1,0,4984.014673080498,5103.8344566294745,Aumento_Velocidade,1
pedido_4973.0620942969_361,137.53517711083103,136.0299972413029,121.02999724130291,17.14717147860958,10,4.82228031807673,Moto,Stormy,Jam,Metropolitian,True,0,1,0,4973.0620942969,5104.092091538203,Aumento_Velocidade,0
pedido_4995.86437405712_376,127.68520722627241,109.62035972685852,94.62035972685852,5.9740734500720745,15,4.818550483677676,Scooter,Stormy,High,Metropolitian,False,0,1,0,4995.86437405712,5105.484733783978,Aumento_Velocidade,1
pedido_5052.927147871405_416,46.03506265553036,43.55258834136459,43.55258834136459,12.035134014445651,15,4.556004700474867,Scooter,Foggy,High,Metropolitian,True,1,1,0,5052.927147871405,5111.47973621277,Nenhuma,1
pedido_5036.930808603765_403,105.95567356939611,84.93099761590027,69.93099761590027,12.865374966956745,5,4.548635714760584,Moto,Sunny,High,Urban,False,0,1,1,5036.930808603765,5111.861806219666,Aumento_Velocidade,1
pedido_4994.482913633793_375,144.3020970793362,119.09514169569991,104.09514169569991,14.246531507837375,15,4.661061647256557,Scooter,Foggy,High,Urban,True,0,1,0,4994.482913633793,5113.578055329493,Aumento_Velocidade,1
pedido_5006.83998642887_383,129.58043363698226,117.00831228352021,102.00831228352021,12.508904902127568,5,4.847167094477452,Scooter,Stormy,High,Metropolitian,False,0,1,0,5006.83998642887,5113.848298712391,Aumento_Velocidade,1
pedido_5084.1424725299485_434,38.320061014672504,20.874840478667434,20.874840478667434,14.843355184994904,10,4.820892937205924,Moto,Stormy,Low,Urban,True,1,0,0,5084.1424725299485,5115.017313008616,Nenhuma,1
pedido_4944.879742810885_346,185.36361594600757,170.332398443873,155.332398443873,13.986113974407727,15,4.290048826411757,Scooter,Windy,High,Urban,False,0,1,0,4944.879742810885,5115.212141254758,Aumento_Velocidade,0
pedido_5045.553340486794_412,101.92106332080041,82.91247480254009,67.91247480254009,14.780516816775858,5,4.763156623384817,Moto,Sunny,High,Metropolitian,False,0,1,1,5045.553340486794,5118.4658152893335,Aumento_Velocidade,1
pedido_4944.624665467421_345,195.5340060071784,176.55189880894048,161.55189880894048,17.57340137923184,15,4.37355799386354,Scooter,Windy,Jam,Urban,False,0,1,0,4944.624665467421,5121.176564276362,Aumento_Velocidade,0
pedido_5044.7035956177615_411,93.75956042871167,77.29824570694073,62.29824570694073,2.8110939794127128,15,4.5981104184765025,Moto,Sunny,Medium,Metropolitian,False,0,0,1,5044.7035956177615,5122.001841324703,Rota_Reduzida,1
pedido_5000.607737989208_379,138.25438508776574,122.3449578950902,107.3449578950902,14.176035467609246,15,4.922957854778829,Scooter,Windy,Medium,Metropolitian,True,0,0,0,5000.607737989208,5122.952695884298,Rota_Reduzida,1
pedido_4982.159556848301_367,141.97346936170933,141.5890518466643,126.58905184666429,13.195243763237523,15,4.537291728810727,Moto,Foggy,Medium,Metropolitian,False,0,0,0,4982.159556848301,5123.748608694965,Rota_Reduzida,0
pedido_5039.019168901104_406,102.658559118447,85.82157570230586,70.82157570230586,2.1207303737490326,15,4.514668474538129,Moto,Sunny,Jam,Metropolitian,True,0,1,1,5039.019168901104,5124.840744603411,Aumento_Velocidade,1
pedido_5008.222350834457_384,126.68847870331928,107.08086574490173,107.08086574490173,9.796505909522423,10,4.455316858011152,Van,Stormy,High,Metropolitian,False,0,1,0,5008.222350834457,5125.303216579358,Nenhuma,1
pedido_5006.038131450258_382,140.20326941467613,120.44815712116394,105.44815712116394,14.586328686700773,15,4.793071478826508,Moto,Windy,Jam,Metropolitian,True,0,1,0,5006.038131450258,5126.486288571422,Aumento_Velocidade,1
pedido_5051.0285761942205_414,96.6209904593523,75.97199074887669,60.97199074887669,5.915852838479504,15,4.799966420852636,Moto,Sunny,Medium,Metropolitian,False,0,0,1,5051.0285761942205,5127.0005669430975,Rota_Reduzida,1
pedido_5040.201556442831_407,104.48241935848236,91.9068946667722,76.9068946667722,19.127162197886157,10,4.763718578398138,Scooter,Sunny,High,Metropolitian,True,0,1,1,5040.201556442831,5127.108451109603,Aumento_Velocidade,1
pedido_5021.149017735279_392,127.16041010866479,113.9958098411918,98.9958098411918,6.818742503712878,10,4.6096002064245925,Moto,Stormy,High,Metropolitian,True,0,1,0,5021.149017735279,5130.144827576471,Aumento_Velocidade,1
pedido_5000.46079538254_378,133.17641874363258,142.53253953087022,127.53253953087022,15.1852416159733,5,4.661884451264567,Moto,Stormy,Jam,Urban,False,0,1,0,5000.46079538254,5132.99333491341,Aumento_Velocidade,0
pedido_5025.276372699808_394,127.54068791102743,113.75624012549973,98.75624012549973,4.364913114409013,10,4.804376610645718,Scooter,Foggy,Jam,Metropolitian,False,0,1,0,5025.276372699808,5134.032612825308,Aumento_Velocidade,1
pedido_5020.1273489544055_391,102.71264224712915,100.08234106055517,100.08234106055517,15.876469762104515,15,4.607623717383897,Moto,Windy,Low,Metropolitian,False,0,0,0,5020.1273489544055,5135.209690014961,Nenhuma,1
pedido_5019.30203374211_388,128.64689808372484,121.27403736426359,106.27403736426359,8.55737191928324,10,4.793193141503359,Scooter,Stormy,High,Metropolitian,False,0,1,0,5019.30203374211,5135.576071106374,Aumento_Velocidade,1
pedido_5019.514782233367_389,133.1700385356115,116.69174697811368,101.69174697811368,7.5782908511026745,15,4.555121583249991,Moto,Foggy,High,Metropolitian,False,0,1,0,5019.514782233367,5136.206529211481,Aumento_Velocidade,1
pedido_5018.037323621431_385,137.08587988469804,123.519977743868,108.519977743868,16.83669450378587,10,4.953896022806868,Moto,Windy,High,Metropolitian,False,0,1,0,5018.037323621431,5136.557301365299,Aumento_Velocidade,1
pedido_4990.27584113565_373,131.24959913617099,132.07496549137727,132.07496549137727,7.039287002126475,15,4.470235898536217,Van,Sandstorms,High,Metropolitian,False,0,1,0,4990.27584113565,5137.350806627027,Nenhuma,0
pedido_5028.133971070705_397,133.84240919911142,119.2871514009974,104.2871514009974,11.188626128614999,5,4.776796642627395,Moto,Sandstorms,Medium,Other,False,0,0,0,5028.133971070705,5137.421122471703,Rota_Reduzida,1
pedido_5095.169973581625_441,47.502373298174724,31.200081602060045,31.200081602060045,9.144758201425608,15,4.978275381662582,Moto,Sandstorms,Jam,Urban,False,1,1,0,5095.169973581625,5141.370055183685,Nenhuma,1
pedido_5027.2412843150205_396,135.3091974680962,115.30968293305523,100.30968293305523,14.131936175124848,15,4.453088498780907,Moto,Sandstorms,High,Metropolitian,False,0,1,0,5027.2412843150205,5142.550967248076,Aumento_Velocidade,1
pedido_5028.694533887721_398,133.60637322109795,124.29387202665467,109.29387202665467,4.23379473701098,5,4.889572431690821,Scooter,Windy,Medium,Metropolitian,False,0,0,0,5028.694533887721,5142.988405914376,Rota_Reduzida,1
pedido_5031.1998216150205_401,130.7399514505476,113.11596503474394,98.11596503474394,8.971683130990966,15,4.8422923338764035,Moto,Stormy,Medium,Metropolitian,False,0,0,0,5031.1998216150205,5144.315786649764,Rota_Reduzida,1
pedido_5116.250342488127_456,44.34380201012421,16.208752135382312,16.208752135382312,9.499088239835485,15,4.55010596346023,Moto,Foggy,High,Metropolitian,False,1,1,0,5116.250342488127,5147.459094623509,Nenhuma,1
pedido_5057.237553736219_417,97.40991113148627,101.01023672690076,86.01023672690076,1.0169722338383504,5,4.884823565239702,Moto,Sunny,Medium,Urban,True,0,0,1,5057.237553736219,5148.24779046312,Rota_Reduzida,1
pedido_5038.765846433513_405,137.82397385917596,116.75362589756764,101.75362589756764,18.12652747514801,10,4.96549458322813,Moto,Windy,High,Metropolitian,False,0,1,0,5038.765846433513,5150.519472331081,Aumento_Velocidade,1
pedido_5029.281427044079_400,123.11791832226211,126.60545027265354,111.60545027265354,3.791781106831203,10,4.5268775447908505,Scooter,Sandstorms,Jam,Metropolitian,False,0,1,0,5029.281427044079,5150.886877316732,Aumento_Velocidade,1
pedido_5035.226693446649_402,135.6233338840697,115.88020522259689,100.88020522259689,2.5604602417271907,15,5.0,Moto,Foggy,High,Metropolitian,True,0,1,0,5035.226693446649,5151.106898669245,Aumento_Velocidade,1
pedido_4983.545264881753_368,167.6154572107359,163.2340695752985,163.2340695752985,18.454396927463808,5,4.418609464584251,Moto,Sunny,Low,Urban,False,0,0,1,4983.545264881753,5151.779334457051,Nenhuma,0
pedido_5022.147119842865_393,129.59430586216735,136.32834235454342,121.32834235454342,9.500584541655432,15,4.588067505978,Scooter,Stormy,High,Metropolitian,False,0,1,0,5022.147119842865,5158.475462197409,Aumento_Velocidade,0
pedido_5059.462583564953_420,97.0016514528127,94.6405771190035,94.6405771190035,1.4137037289654337,5,4.941297649073689,Van,Sunny,Low,Metropolitian,False,0,0,1,5059.462583564953,5159.103160683957,Nenhuma,1
pedido_5058.734809958022_419,130.09787991565176,105.44935436692141,90.44935436692141,5.680617006784188,10,4.467197756995777,Moto,Sandstorms,High,Metropolitian,True,0,1,0,5058.734809958022,5159.184164324944,Aumento_Velocidade,1
pedido_5037.822699314226_404,127.53162732466447,131.79796467376008,116.79796467376008,6.691557308555468,5,4.717122175569356,Moto,Sandstorms,Jam,Metropolitian,False,0,1,0,5037.822699314226,5159.6206639879865,Aumento_Velocidade,1
pedido_5089.083640668942_437,94.06032009246773,76.7566921493993,56.7566921493993,4.151512248567318,15,4.872640701576862,Moto,Sunny,High,Other,False,0,1,1,5089.083640668942,5160.840332818341,Rota_Reduzida,1
pedido_5101.210867366106_444,102.67270895318188,65.98366101527479,50.98366101527479,19.434287745820374,10,4.753944878153273,Moto,Sunny,Medium,Metropolitian,False,0,0,1,5101.210867366106,5162.194528381381,Rota_Reduzida,1
pedido_5000.621935424074_380,174.74106983817833,162.61224777474212,147.61224777474212,5.234069278258247,15,4.4497015227478425,Moto,Foggy,Medium,Metropolitian,False,0,0,0,5000.621935424074,5163.234183198816,Rota_Reduzida,0
pedido_5028.9151101706675_399,129.76486193434457,130.218406111043,130.218406111043,15.553200738971686,5,4.575042998939564,Van,Stormy,High,Metropolitian,False,0,1,0,5028.9151101706675,5164.13351628171,Nenhuma,0
pedido_5057.995331485716_418,131.44586427633337,117.09339165741045,102.09339165741045,8.18523799833661,5,4.544592515529095,Moto,Sandstorms,High,Urban,False,0,1,0,5057.995331485716,5165.088723143126,Aumento_Velocidade,1
pedido_5062.776095382907_422,132.88450681793535,118.57936743832947,98.57936743832947,13.96201814965465,5,4.730328933718786,Scooter,Foggy,High,Other,True,0,1,0,5062.776095382907,5166.355462821237,Rota_Reduzida,1
pedido_5047.507315571713_413,134.41285472956213,129.8541989220689,114.85419892206889,6.193189543378522,5,4.7901890172947965,Scooter,Sandstorms,Medium,Metropolitian,False,0,0,0,5047.507315571713,5167.361514493781,Rota_Reduzida,1
pedido_5065.129529930434_423,133.50287630574877,114.31496691009615,99.31496691009615,18.216543224887626,5,4.567594779429524,Scooter,Windy,High,Metropolitian,False,0,1,0,5065.129529930434,5169.44449684053,Aumento_Velocidade,1
pedido_5026.0715145985705_395,136.1175815833966,144.22796631564603,129.22796631564603,13.766712546542484,15,4.865732359145866,Moto,Sandstorms,Medium,Metropolitian,False,0,0,0,5026.0715145985705,5170.2994809142165,Rota_Reduzida,0
pedido_5066.376282942901_425,132.7393207758664,115.46793799179619,100.46793799179619,5.011804336936682,10,4.667875583274211,Scooter,Foggy,High,Metropolitian,True,0,1,0,5066.376282942901,5176.844220934697,Aumento_Velocidade,1
pedido_5067.3622104061_426,102.2700532622006,95.01039954718819,95.01039954718819,0.0,15,4.769499566808963,Moto,Sandstorms,Low,Metropolitian,False,0,0,0,5067.3622104061,5177.372609953288,Nenhuma,1
pedido_5060.241851558567_421,129.36101408685738,117.53188849346327,102.53188849346327,16.3259840308549,15,4.665436057854864,Moto,Stormy,High,Urban,False,0,1,0,5060.241851558567,5177.77374005203,Aumento_Velocidade,1
pedido_5052.212386192603_415,129.47527490682356,137.58094289627846,122.58094289627846,13.429143942438614,5,4.784933537055946,Moto,Stormy,High,Metropolitian,False,0,1,0,5052.212386192603,5179.793329088881,Aumento_Velocidade,0
pedido_5069.583347685856_427,134.41578154217095,119.1621273902052,104.1621273902052,0.0,10,4.588860822442343,Moto,Foggy,High,Metropolitian,False,0,1,0,5069.583347685856,5183.745475076062,Aumento_Velocidade,1
pedido_5076.853122576614_430,132.75290817707386,119.3942553287519,104.3942553287519,7.180638813264932,5,4.84030238074286,Scooter,Windy,High,Metropolitian,False,0,1,0,5076.853122576614,5186.247377905365,Aumento_Velocidade,1
pedido_5065.459520947709_424,131.4826588935049,121.75781554422258,106.75781554422258,1.8438323289256338,15,4.457904201210627,Scooter,Sandstorms,Medium,Metropolitian,True,0,0,0,5065.459520947709,5187.217336491932,Rota_Reduzida,1
pedido_5071.857205950362_428,137.4394380123491,118.81321422532002,103.81321422532002,13.552726037713256,15,4.757881907595595,Scooter,Stormy,Jam,Metropolitian,True,0,1,0,5071.857205950362,5190.670420175682,Aumento_Velocidade,1
pedido_5131.600683484965_468,45.13967759970166,45.56317093050822,45.56317093050822,15.360644658032674,15,4.72331243548546,Scooter,Windy,High,Urban,False,1,1,0,5131.600683484965,5192.163854415473,Nenhuma,1
pedido_5040.504399676808_408,184.0941791808179,163.5365722457259,148.5365722457259,11.905697659888101,5,4.436016103848151,Scooter,Sandstorms,High,Urban,False,0,1,0,5040.504399676808,5194.040971922534,Aumento_Velocidade,0
pedido_5119.660334211176_461,99.2408284192175,89.43414138697742,74.43414138697742,0.0,5,4.723383691565635,Moto,Sunny,High,Metropolitian,True,0,1,1,5119.660334211176,5199.094475598153,Aumento_Velocidade,1
pedido_5091.2743964732035_439,108.59339895123473,109.62115844747335,94.62115844747335,10.444149942112523,15,4.470707755081004,Scooter,Sunny,High,Metropolitian,True,0,1,1,5091.2743964732035,5200.895554920677,Aumento_Velocidade,1
pedido_5044.703534361901_410,150.54515122381375,157.19450754446876,142.19450754446876,15.160873489365011,15,4.852500048398948,Scooter,Foggy,Jam,Metropolitian,True,0,1,0,5044.703534361901,5201.89804190637,Aumento_Velocidade,0
pedido_5163.257950920999_491,41.29446311169099,26.33409475592253,26.33409475592253,15.560484055887486,15,4.486352204587659,Scooter,Sunny,High,Urban,False,1,1,1,5163.257950920999,5204.592045676922,Nenhuma,1
pedido_5073.65970598195_429,141.76738250563173,136.97022561369178,121.97022561369178,11.904650784162824,10,4.649725968125142,Moto,Foggy,Medium,Metropolitian,False,0,0,0,5073.65970598195,5205.629931595641,Rota_Reduzida,0
pedido_5125.830962112652_464,93.82106347204243,85.02435481142342,70.02435481142342,0.6417193426477281,10,4.633328111810319,Scooter,Sunny,Medium,Metropolitian,False,0,0,1,5125.830962112652,5205.855316924075,Rota_Reduzida,1
pedido_5088.729346436236_436,133.77803134343924,120.38432756696284,105.38432756696284,16.90028133957074,15,4.946807277393136,Scooter,Windy,High,Metropolitian,False,0,1,0,5088.729346436236,5209.113674003198,Aumento_Velocidade,1
pedido_5077.811824615129_431,141.63245201355764,137.67624827529826,122.67624827529826,16.95071204386183,10,4.642807785298517,Moto,Foggy,High,Metropolitian,False,0,1,0,5077.811824615129,5210.488072890427,Aumento_Velocidade,0
pedido_5081.3300031443605_432,141.71757948054648,129.37395249230343,114.37395249230343,10.412025320375106,15,5.0,Scooter,Foggy,High,Urban,False,0,1,0,5081.3300031443605,5210.7039556366635,Aumento_Velocidade,1
pedido_5095.950297088167_442,128.98809249507812,117.9050645923036,102.9050645923036,7.907550977985538,15,4.706849678114217,Moto,Stormy,Jam,Metropolitian,True,0,1,0,5095.950297088167,5213.85536168047,Aumento_Velocidade,1
pedido_5089.92868360925_438,145.3647913293961,131.95015712039236,116.95015712039236,18.111039257657772,10,4.8748381659957865,Scooter,Foggy,Medium,Metropolitian,True,0,0,0,5089.92868360925,5216.878840729642,Rota_Reduzida,1
pedido_5092.203476760432_440,125.80123043040042,115.38174217335943,115.38174217335943,8.902156772524332,10,4.570099217098979,Van,Foggy,Medium,Metropolitian,True,0,0,0,5092.203476760432,5217.585218933791,Nenhuma,1
pedido_5087.526590108556_435,136.61340222153535,141.1651175090758,126.1651175090758,13.267907623035718,5,4.577746102865277,Scooter,Sandstorms,Medium,Metropolitian,False,0,0,0,5087.526590108556,5218.691707617631,Rota_Reduzida,0
pedido_5140.325328686986_477,95.86854740525581,88.99904052070583,73.99904052070583,7.800154911563647,5,4.706085833437919,Scooter,Sunny,Medium,Metropolitian,False,0,0,1,5140.325328686986,5219.324369207691,Rota_Reduzida,1
pedido_5102.505852339493_446,136.23552099516772,127.94537279211667,112.94537279211667,13.750480541246061,5,4.58842853720017,Moto,Sandstorms,Medium,Urban,False,0,0,0,5102.505852339493,5220.451225131609,Rota_Reduzida,1
pedido_5109.37079635361_450,127.96734585844821,111.7889402585629,96.7889402585629,1.4907915067712691,15,4.8766750903214255,Moto,Windy,Jam,Metropolitian,False,0,1,0,5109.37079635361,5221.159736612173,Aumento_Velocidade,1
pedido_5113.570832788733_455,105.85049909944776,93.27483594380749,93.27483594380749,11.701472469349595,15,4.824801381995813,Scooter,Foggy,Low,Other,False,0,0,0,5113.570832788733,5221.845668732541,Nenhuma,1
pedido_5082.967767698686_433,140.20326941467613,148.95844507197447,133.95844507197447,15.467123932098417,5,4.760332122270774,Moto,Windy,Jam,Metropolitian,True,0,1,0,5082.967767698686,5221.926212770661,Aumento_Velocidade,0
pedido_5189.986506127626_511,44.30762680539408,23.206695378140154,23.206695378140154,22.19953869624766,10,4.695252733356863,Van,Stormy,High,Urban,False,1,1,0,5189.986506127626,5223.193201505766,Nenhuma,1
pedido_5118.286949091394_457,128.10338629484463,116.23522242589392,101.23522242589392,3.2635326529177786,5,4.626702548026435,Scooter,Stormy,High,Urban,False,0,1,0,5118.286949091394,5224.5221715172875,Aumento_Velocidade,1
pedido_5110.363837523346_451,127.23676774088358,126.32219048143119,111.32219048143119,4.243589539903072,5,4.807161680805723,Moto,Windy,Jam,Metropolitian,False,0,1,0,5110.363837523346,5226.686028004777,Aumento_Velocidade,1
pedido_5107.906678513392_449,134.68446683212727,104.24001404462363,104.24001404462363,15.51486884628626,15,4.5777071632478075,Van,Sandstorms,High,Urban,False,0,1,0,5107.906678513392,5227.146692558015,Nenhuma,1
pedido_5129.582036632857_467,110.90426435361613,102.79930671928983,87.79930671928983,11.28437171986528,10,4.558700610651595,Moto,Sunny,Jam,Urban,False,0,1,1,5129.582036632857,5227.381343352147,Aumento_Velocidade,1
pedido_5111.173666999043_452,129.91233184454615,116.77520369021809,101.77520369021809,5.614402911959067,15,4.602509129307799,Moto,Sandstorms,High,Metropolitian,True,0,1,0,5111.173666999043,5227.948870689262,Aumento_Velocidade,1
pedido_5102.353233522595_445,133.68810100274246,135.78972778875317,115.78972778875317,6.0172818373761965,10,4.681842548284529,Moto,Foggy,High,Semi-Urban,False,0,1,0,5102.353233522595,5228.142961311348,Rota_Reduzida,1
pedido_5100.188826903763_443,136.96134962934704,133.27413105518136,118.27413105518136,11.574603994935682,10,4.807173184277981,Scooter,Windy,Medium,Metropolitian,True,0,0,0,5100.188826903763,5228.462957958944,Rota_Reduzida,1
pedido_5119.411300657764_460,127.99443759296194,115.99330005969243,100.99330005969243,5.632827008433201,10,4.939300848884317,Moto,Stormy,High,Metropolitian,True,0,1,0,5119.411300657764,5230.404600717456,Aumento_Velocidade,1
pedido_5118.5070027498905_458,131.96847542436004,124.94521620168766,109.94521620168766,2.5389524370737484,5,5.0,Scooter,Stormy,High,Metropolitian,False,0,1,0,5118.5070027498905,5233.452218951578,Aumento_Velocidade,1
pedido_5106.99657771361_448,133.79104047427344,132.5139540751088,117.51395407510881,5.324581881236867,10,4.816208529943259,Moto,Foggy,High,Urban,False,0,1,0,5106.99657771361,5234.510531788719,Aumento_Velocidade,1
pedido_5111.5665970086975_454,131.42479428771028,124.23176929019516,109.23176929019516,11.384562386021058,15,4.707629059082898,Moto,Stormy,High,Metropolitian,False,0,1,0,5111.5665970086975,5235.798366298893,Aumento_Velocidade,1
pedido_5123.34069275995_463,132.4947702101738,113.29456539710148,98.29456539710148,5.175368150949733,15,4.805637794854049,Moto,Foggy,High,Urban,True,0,1,0,5123.34069275995,5236.635258157052,Aumento_Velocidade,1
pedido_5134.157039088924_473,127.54068791102743,113.83896821004856,98.83896821004856,3.9332875360138124,5,4.821839215035733,Scooter,Foggy,Jam,Metropolitian,False,0,1,0,5134.157039088924,5237.9960072989725,Aumento_Velocidade,1
pedido_5161.025322689518_488,100.76094883782666,82.27819622022321,67.27819622022321,11.918195176999527,10,4.643691171069787,Scooter,Sunny,Medium,Metropolitian,False,0,0,1,5161.025322689518,5238.303518909742,Rota_Reduzida,1
pedido_5147.476229620257_479,91.45580554393875,99.0505585003331,84.0505585003331,4.721579030530499,10,4.629247801306116,Moto,Sunny,Medium,Other,False,0,0,1,5147.476229620257,5241.52678812059,Rota_Reduzida,1
pedido_5172.4321535941945_496,106.07624584430141,80.8603050617134,65.8603050617134,13.629413198049981,5,4.544776864888272,Scooter,Sunny,High,Metropolitian,False,0,1,1,5172.4321535941945,5243.2924586559075,Aumento_Velocidade,1
pedido_5131.79794184782_469,135.17825152987615,126.60543077796777,111.60543077796777,3.5860725361970633,5,4.900600932279125,Moto,Windy,Medium,Metropolitian,True,0,0,0,5131.79794184782,5248.403372625788,Rota_Reduzida,1
pedido_5127.427904786372_466,136.07765899363275,113.9046984225785,113.9046984225785,5.472646918310507,10,4.982955471153298,Van,Foggy,High,Urban,False,0,1,0,5127.427904786372,5251.332603208951,Nenhuma,1
pedido_5136.715639648917_474,132.54299494031875,124.88371328566362,109.88371328566362,4.54728077496364,5,4.463072450184556,Scooter,Foggy,High,Metropolitian,False,0,1,0,5136.715639648917,5251.599352934581,Aumento_Velocidade,1
pedido_5152.599228620663_485,103.28130601796153,98.59825702207871,98.59825702207871,4.29870688432412,5,4.849761537117378,Scooter,Sandstorms,Low,Metropolitian,False,0,0,0,5152.599228620663,5256.197485642741,Nenhuma,1
pedido_5133.606345314083_471,129.76486193434457,122.66727014700342,107.66727014700342,15.71611509509313,15,4.583571265804151,Scooter,Stormy,High,Metropolitian,False,0,1,0,5133.606345314083,5256.273615461087,Aumento_Velocidade,1
pedido_5165.06954967964_492,106.65158004202893,101.40665950895985,86.40665950895985,10.043109762489674,5,4.489278011507333,Moto,Sunny,High,Urban,False,0,1,1,5165.06954967964,5256.4762091886,Aumento_Velocidade,1
pedido_5139.502904113943_476,110.50897060591545,109.54384686692629,109.54384686692629,14.127719847899389,10,4.877767734812351,Scooter,Foggy,Low,Metropolitian,False,0,0,0,5139.502904113943,5259.04675098087,Nenhuma,1
pedido_5111.319930786433_453,163.74297079077624,154.52810409417955,139.52810409417955,19.784461799214196,10,4.3741465428588455,Moto,Sunny,Jam,Metropolitian,True,0,1,1,5111.319930786433,5260.848034880613,Aumento_Velocidade,0
pedido_5150.633366734983_482,132.65986019653798,117.07972974413265,102.07972974413265,3.6187823239829693,10,4.829334888283129,Moto,Sandstorms,High,Metropolitian,False,0,1,0,5150.633366734983,5262.713096479115,Aumento_Velocidade,1
pedido_5138.597024186938_475,130.64658772735189,134.19758888339493,119.19758888339493,15.100417713891664,5,4.709663155891381,Moto,Stormy,High,Metropolitian,True,0,1,0,5138.597024186938,5262.794613070333,Aumento_Velocidade,1
pedido_5126.19557286575_465,136.40555314967318,142.61289898986837,127.61289898986837,13.568299584499108,10,4.70240403105908,Moto,Windy,Jam,Metropolitian,False,0,1,0,5126.19557286575,5263.808471855618,Aumento_Velocidade,0
pedido_5148.830631056141_480,105.99457934882014,106.63410598233122,106.63410598233122,6.553007668976271,10,4.6291856128191595,Moto,Stormy,Low,Metropolitian,True,0,0,0,5148.830631056141,5265.464737038472,Nenhuma,1
pedido_5218.761968013082_529,44.52558285523688,42.11485623949937,42.11485623949937,7.292015447154246,5,4.674647999811878,Moto,Sandstorms,Jam,Metropolitian,False,1,1,0,5218.761968013082,5265.876824252581,Nenhuma,1
pedido_5134.118407717003_472,136.1655712492137,137.16115334867456,122.16115334867456,16.41086929818732,10,4.6314538715594376,Scooter,Sandstorms,Medium,Metropolitian,False,0,0,0,5134.118407717003,5266.279561065678,Rota_Reduzida,0
pedido_5105.9624962325925_447,173.8699869696841,165.40753596168017,150.40753596168017,7.673056192747089,10,4.259881003363123,Moto,Windy,High,Metropolitian,False,0,1,0,5105.9624962325925,5266.370032194272,Aumento_Velocidade,0
pedido_5168.415386738442_494,131.7515131589048,103.91446071512338,88.91446071512338,1.10099052754639,10,4.675171112814874,Moto,Sandstorms,High,Urban,False,0,1,0,5168.415386738442,5267.329847453566,Aumento_Velocidade,1
pedido_5176.991161638842_503,102.52560702811523,100.43558740175958,85.43558740175958,18.676955183938325,5,4.751860841334042,Scooter,Sunny,High,Metropolitian,False,0,1,1,5176.991161638842,5267.426749040601,Aumento_Velocidade,1
pedido_5142.009077926926_478,132.56731139521898,136.02039416857752,121.02039416857752,3.292858280583381,5,4.754029262600588,Moto,Foggy,High,Metropolitian,True,0,1,0,5142.009077926926,5268.0294720955035,Aumento_Velocidade,0
pedido_5120.978645504381_462,137.3976473499776,147.3288155665266,132.3288155665266,13.22225118147356,15,4.973458649504498,Moto,Sandstorms,Medium,Metropolitian,False,0,0,0,5120.978645504381,5268.307461070908,Rota_Reduzida,0
pedido_5176.496893342331_502,102.74894698034856,77.23172535409049,77.23172535409049,10.822484155328763,15,4.857612434807626,Scooter,Sandstorms,Low,Urban,True,0,0,0,5176.496893342331,5268.728618696421,Nenhuma,1
pedido_5174.319235238254_499,111.88791675647046,106.22809501858251,91.22809501858251,13.313262791485988,5,4.508244393881135,Moto,Sunny,Jam,Urban,False,0,1,1,5174.319235238254,5270.547330256836,Aumento_Velocidade,1
pedido_5178.031454959226_504,102.54825787877742,82.53256650618933,82.53256650618933,16.766064343012182,10,4.989995330635714,Scooter,Stormy,Low,Metropolitian,False,0,0,0,5178.031454959226,5270.564021465415,Nenhuma,1
pedido_5151.525824200246_484,140.5820936493151,122.83450804370713,107.83450804370713,13.859449527369323,15,4.789738198365373,Moto,Foggy,High,Urban,False,0,1,0,5151.525824200246,5274.360332243953,Aumento_Velocidade,1
pedido_5133.029468740613_470,137.5796349767595,127.58659964815388,127.58659964815388,21.360846981040147,15,4.773107567112702,Van,Sandstorms,High,Urban,False,0,1,0,5133.029468740613,5275.6160683887665,Nenhuma,0
pedido_5193.95389201769_514,102.31730649553023,82.49330491621453,67.49330491621453,16.244444380180433,15,4.574458034588167,Moto,Sunny,Medium,Metropolitian,False,0,0,1,5193.95389201769,5276.447196933905,Rota_Reduzida,1
pedido_5174.9959669403715_500,103.28836211074689,97.2655483139267,97.2655483139267,18.042441174849046,5,4.503688153976835,Moto,Sandstorms,Low,Metropolitian,False,0,0,0,5174.9959669403715,5277.2615152542985,Nenhuma,1
pedido_5161.350422195891_489,140.19943154947018,117.33167494215346,102.33167494215346,15.071198247541737,15,4.937710388033439,Moto,Foggy,High,Metropolitian,False,0,1,0,5161.350422195891,5278.682097138045,Aumento_Velocidade,1
pedido_5161.79620646421_490,132.49103640531567,118.57532193916461,103.57532193916461,7.842395643990611,15,4.86739674886708,Scooter,Foggy,High,Urban,False,0,1,0,5161.79620646421,5280.371528403374,Aumento_Velocidade,1
pedido_5184.7163445322185_510,99.0649265580208,93.46004728335465,93.46004728335465,4.738660349314755,5,4.5347648379464776,Moto,Sunny,Low,Metropolitian,True,0,0,1,5184.7163445322185,5283.176391815573,Nenhuma,1
pedido_5172.606443766503_497,132.6685663675884,117.27609696467357,102.27609696467357,14.25052278845127,10,4.780311933944839,Scooter,Stormy,Medium,Metropolitian,False,0,0,0,5172.606443766503,5284.882540731176,Rota_Reduzida,1
pedido_5119.002932806677_459,188.3423346280819,172.4528669894525,157.4528669894525,11.947066962533283,10,4.396745262238202,Moto,Sandstorms,Medium,Metropolitian,False,0,0,0,5119.002932806677,5286.455799796129,Rota_Reduzida,0
pedido_5159.026313127975_487,131.96847542436004,136.72460213229516,121.72460213229516,2.5268211391703344,10,4.963799151983992,Moto,Stormy,High,Metropolitian,False,0,1,0,5159.026313127975,5290.750915260271,Aumento_Velocidade,0
pedido_5158.760178884017_486,136.2620825798698,143.0092079422373,128.0092079422373,20.468685031020613,5,4.904390473566547,Scooter,Sandstorms,Medium,Urban,False,0,0,0,5158.760178884017,5291.769386826254,Rota_Reduzida,0
pedido_5168.655937952151_495,132.5508659775986,128.1840783756496,113.18407837564959,4.230196296739364,10,4.822507773998037,Moto,Stormy,Medium,Metropolitian,False,0,0,0,5168.655937952151,5291.840016327801,Rota_Reduzida,1
pedido_5201.947158420467_518,109.63381915993759,100.31192885306314,85.31192885306314,16.27640957241522,5,4.772053018166037,Scooter,Sunny,Jam,Metropolitian,True,0,1,1,5201.947158420467,5292.25908727353,Aumento_Velocidade,1
pedido_5195.894657413583_516,99.72803538259335,108.4270084889609,93.4270084889609,12.552191549195786,5,4.52082488462898,Moto,Sunny,Medium,Metropolitian,False,0,0,1,5195.894657413583,5294.321665902545,Rota_Reduzida,1
pedido_5192.520595741295_512,128.10224929954254,102.72718047216432,87.72718047216432,7.9563555502903895,15,4.70748267757433,Scooter,Stormy,High,Metropolitian,True,0,1,0,5192.520595741295,5295.2477762134595,Aumento_Velocidade,1
pedido_5150.949560822062_483,132.28786070911391,131.95516109911094,131.95516109911094,2.3584290891283275,15,5.0,Van,Stormy,Medium,Urban,False,0,0,0,5150.949560822062,5297.904721921173,Nenhuma,0
pedido_5174.301460551401_498,134.4927399598692,129.6877314378651,114.6877314378651,16.180605231756246,10,4.603295999023893,Moto,Windy,High,Urban,True,0,1,0,5174.301460551401,5298.989191989266,Aumento_Velocidade,1
pedido_5195.083555209524_515,130.3229842711921,107.65210039453355,92.65210039453355,11.610916126399324,15,4.879031359056936,Moto,Stormy,High,Metropolitian,False,0,1,0,5195.083555209524,5302.735655604058,Aumento_Velocidade,1
pedido_5209.233014794385_522,102.67543762184755,95.16595426519399,80.16595426519399,17.722187925817998,15,4.865775323440352,Moto,Sunny,High,Metropolitian,False,0,1,1,5209.233014794385,5304.398969059579,Aumento_Velocidade,1
pedido_5193.09012506373_513,137.27987733431817,118.53142787749462,103.53142787749462,22.647371778586304,10,4.599412921538808,Moto,Sandstorms,High,Metropolitian,False,0,1,0,5193.09012506373,5306.621552941225,Aumento_Velocidade,1
pedido_5149.996086023456_481,185.71047892259375,156.66675130522856,141.66675130522856,14.465398675416251,15,4.277315258849285,Moto,Sandstorms,High,Metropolitian,False,0,1,0,5149.996086023456,5306.662837328685,Aumento_Velocidade,0
pedido_5212.743803250168_524,105.866426225985,99.68365159342653,84.68365159342653,17.367937645036605,10,4.6678923436680675,Moto,Sunny,High,Urban,True,0,1,1,5212.743803250168,5307.427454843594,Aumento_Velocidade,1
pedido_5216.181794235814_527,109.05416205221078,101.67085373884197,86.67085373884197,14.454642066142007,5,4.537185541035831,Scooter,Sunny,High,Urban,True,0,1,1,5216.181794235814,5307.852647974656,Aumento_Velocidade,1
pedido_5184.5562678384595_509,131.86635978324088,123.59362838660047,108.59362838660047,8.256170135473663,15,4.95101432560182,Scooter,Sandstorms,Jam,Metropolitian,False,0,1,0,5184.5562678384595,5308.14989622506,Aumento_Velocidade,1
pedido_5182.679730222546_506,129.11958363100635,135.5207059012861,120.5207059012861,5.924151700740428,5,4.798000265225185,Moto,Windy,High,Metropolitian,True,0,1,0,5182.679730222546,5308.200436123832,Aumento_Velocidade,0
pedido_5228.615922834581_534,103.67709191331319,86.27064768409804,71.27064768409804,22.158174527862414,10,4.72566079746357,Moto,Sunny,High,Metropolitian,False,0,1,1,5228.615922834581,5309.886570518679,Aumento_Velocidade,1
pedido_5184.226388034062_508,111.66763012156272,116.02814356873424,116.02814356873424,14.131253778344126,10,4.485290413649457,Moto,Sunny,Low,Other,True,0,0,1,5184.226388034062,5310.254531602796,Nenhuma,1
pedido_5205.655168987552_521,134.20702046845372,109.79939992369681,94.79939992369681,14.326607156887446,15,4.734379822372822,Scooter,Sandstorms,High,Metropolitian,False,0,1,0,5205.655168987552,5315.454568911249,Aumento_Velocidade,1
pedido_5215.654194495581_526,134.45861533434834,100.12690517062012,85.12690517062012,7.706956640342459,15,4.503146258186687,Moto,Windy,Medium,Metropolitian,False,0,0,0,5215.654194495581,5315.781099666201,Rota_Reduzida,1
pedido_5204.585656971735_520,133.944148828124,122.71942453427235,107.71942453427235,12.784434741577531,5,4.808826442837204,Scooter,Windy,High,Urban,False,0,1,0,5204.585656971735,5317.305081506008,Aumento_Velocidade,1
pedido_5214.2541957876165_525,124.39659146185957,103.36198162679997,88.36198162679997,4.427737667004922,15,4.6674088352744025,Moto,Foggy,Medium,Metropolitian,True,0,0,0,5214.2541957876165,5317.616177414417,Rota_Reduzida,1
pedido_5222.210346218838_531,102.21018304483954,87.32985818306952,87.32985818306952,1.7545522751775575,10,4.89968934031803,Moto,Sandstorms,Low,Metropolitian,True,0,0,0,5222.210346218838,5319.540204401907,Nenhuma,1
pedido_5280.003927754999_580,44.062056595343066,34.7008493608305,34.7008493608305,11.153786972835528,5,4.742042923443539,Moto,Stormy,High,Metropolitian,False,1,1,0,5280.003927754999,5319.7047771158295,Nenhuma,1
pedido_5198.720474180355_517,133.54052809759443,131.00603451854792,116.00603451854792,8.91238865433969,5,4.699348649305814,Moto,Foggy,High,Metropolitian,False,0,1,0,5198.720474180355,5319.726508698903,Aumento_Velocidade,1
pedido_5219.584835456244_530,102.97077709614244,90.5531189470152,90.5531189470152,17.213526851883596,10,4.843667440079044,Van,Sunny,High,Metropolitian,False,0,1,1,5219.584835456244,5320.137954403259,Nenhuma,1
pedido_5247.65298835335_546,96.29972951920548,73.71898654352826,58.71898654352826,4.946138011461087,15,4.766651175220937,Moto,Sunny,Medium,Urban,False,0,0,1,5247.65298835335,5321.371974896879,Rota_Reduzida,1
pedido_5209.601350877823_523,132.36481215780856,111.92559148156715,96.92559148156715,3.908902081236675,15,4.674076303302676,Scooter,Sandstorms,High,Urban,False,0,1,0,5209.601350877823,5321.526942359391,Aumento_Velocidade,1
pedido_5202.239155703373_519,131.23907270943297,125.17003946753096,105.17003946753096,13.655496712634012,15,4.780516495570458,Moto,Foggy,High,Other,False,0,1,0,5202.239155703373,5322.409195170904,Rota_Reduzida,1
pedido_5181.831036157122_505,149.1076947561497,159.72075386800427,144.72075386800427,16.14634244972921,5,4.716078571086343,Moto,Foggy,Jam,Metropolitian,False,0,1,0,5181.831036157122,5331.551790025126,Aumento_Velocidade,0
pedido_5224.920508606521_533,131.33843019433047,112.363500881746,97.363500881746,14.904960242841371,10,4.477471157993479,Scooter,Stormy,High,Metropolitian,True,0,1,0,5224.920508606521,5332.284009488268,Aumento_Velocidade,1
pedido_5256.380359427461_555,98.14802361612992,77.41674550233213,62.416745502332134,3.4559350831145776,15,4.630090483847175,Moto,Sunny,High,Metropolitian,False,0,1,1,5256.380359427461,5333.797104929794,Aumento_Velocidade,1
pedido_5239.305227046824_544,130.23375860557692,95.07869327284115,80.07869327284115,6.3280725289307735,15,4.690864004998624,Moto,Windy,High,Metropolitian,True,0,1,0,5239.305227046824,5334.383920319666,Aumento_Velocidade,1
pedido_5175.372600861749_501,181.77291732372916,170.02586670762966,155.02586670762966,10.125710522502892,5,4.286230783217686,Moto,Sandstorms,High,Metropolitian,False,0,1,0,5175.372600861749,5335.398467569378,Aumento_Velocidade,0
pedido_5167.316035812509_493,176.7964630555687,179.2583767442913,164.2583767442913,9.660071162736598,5,4.2674292047246976,Moto,Windy,High,Metropolitian,True,0,1,0,5167.316035812509,5336.5744125568,Aumento_Velocidade,0
pedido_5218.655093364477_528,134.21504553323146,127.88983621689295,112.88983621689295,16.02497779578798,10,4.8856579090894785,Moto,Sandstorms,High,Urban,False,0,1,0,5218.655093364477,5341.54492958137,Aumento_Velocidade,1
pedido_5235.192368766251_540,132.36481215780856,111.45506944355901,96.45506944355901,3.3188059396702663,10,4.68442505889091,Scooter,Sandstorms,High,Urban,False,0,1,0,5235.192368766251,5341.64743820981,Aumento_Velocidade,1
pedido_5266.454845808249_565,98.46884860164056,62.29515462570801,62.29515462570801,2.913401721241774,15,4.732168313782051,Van,Sunny,High,Metropolitian,True,0,1,1,5266.454845808249,5343.750000433957,Nenhuma,1
pedido_5230.194209670975_535,133.64542714196853,115.5850448217289,100.5850448217289,1.2332851216658245,15,4.906227654681646,Moto,Windy,Medium,Metropolitian,False,0,0,0,5230.194209670975,5345.779254492704,Rota_Reduzida,1
pedido_5238.400800664825_543,127.0109653739065,107.71357862841764,92.71357862841764,6.895097441527078,15,4.549420208583733,Moto,Stormy,High,Urban,False,0,1,0,5238.400800664825,5346.114379293243,Aumento_Velocidade,1
pedido_5231.089599330106_536,135.84998604760034,125.61741150824591,110.61741150824591,8.007928659285515,5,5.0,Scooter,Foggy,High,Metropolitian,True,0,1,0,5231.089599330106,5346.707010838351,Aumento_Velocidade,1
pedido_5224.7128473025305_532,133.71594797217173,123.28806717671463,108.28806717671463,18.806949469653244,15,4.708920811581631,Moto,Windy,High,Metropolitian,False,0,1,0,5224.7128473025305,5348.000914479245,Aumento_Velocidade,1
pedido_5235.031253793002_539,135.58933855345487,119.26294434933399,104.26294434933399,15.101677221110755,10,4.710463127379015,Moto,Windy,High,Urban,True,0,1,0,5235.031253793002,5349.294198142336,Aumento_Velocidade,1
pedido_5237.52416538648_542,134.22401271399391,122.58437952073058,102.58437952073058,18.10936386292415,10,4.734852902829846,Moto,Foggy,High,Other,True,0,1,0,5237.52416538648,5350.10854490721,Rota_Reduzida,1
pedido_5233.18498631566_538,138.30527577447322,118.11612888748894,103.11612888748894,13.94304441654193,15,4.727457159644387,Scooter,Windy,Medium,Urban,True,0,0,0,5233.18498631566,5351.3011152031495,Rota_Reduzida,1
pedido_5264.769324269737_562,100.30542149649752,86.62089633552787,71.62089633552787,8.981442990321373,15,4.979381159030613,Moto,Sunny,Jam,Metropolitian,False,0,1,1,5264.769324269737,5351.390220605264,Aumento_Velocidade,1
pedido_5253.596976456394_553,125.60652864237228,108.56435104209167,93.56435104209167,4.445278290653629,5,4.657774518875179,Moto,Foggy,Medium,Metropolitian,False,0,0,0,5253.596976456394,5352.161327498486,Rota_Reduzida,1
pedido_5251.99054592759_551,128.77294857909376,110.68106668524432,95.68106668524432,6.439113149838643,5,4.528086164280884,Scooter,Windy,High,Metropolitian,True,0,1,0,5251.99054592759,5352.671612612834,Aumento_Velocidade,1
pedido_5232.762530624812_537,133.08537194633473,130.0907142708408,115.0907142708408,4.9299094889664286,5,5.0,Scooter,Windy,Jam,Metropolitian,False,0,1,0,5232.762530624812,5352.853244895653,Aumento_Velocidade,1
pedido_5257.173677265549_556,124.21029387847321,101.00010080701534,86.00010080701534,1.1786400148659304,10,4.561839669916634,Scooter,Foggy,Medium,Urban,True,0,0,0,5257.173677265549,5353.173778072564,Rota_Reduzida,1
pedido_5241.832594871428_545,131.63377386629992,124.10445300448191,109.10445300448191,6.361650806807519,10,4.732276219213166,Moto,Sandstorms,High,Metropolitian,False,0,1,0,5241.832594871428,5360.93704787591,Aumento_Velocidade,1
pedido_5261.168928430292_560,132.62410172513793,113.21011348039406,98.21011348039406,4.257865274345355,5,4.512979223573459,Scooter,Foggy,High,Metropolitian,False,0,1,0,5261.168928430292,5364.379041910686,Aumento_Velocidade,1
pedido_5249.83969881763_549,124.605202409553,119.89654693136808,99.89654693136808,15.434205449232246,15,4.514117967379157,Scooter,Windy,High,Other,False,0,1,0,5249.83969881763,5364.736245748998,Rota_Reduzida,1
pedido_5183.748283089304_507,171.44385153182623,167.14275473449513,167.14275473449513,6.701715940516192,15,4.280393283812706,Van,Sandstorms,Medium,Urban,False,0,0,0,5183.748283089304,5365.891037823799,Nenhuma,0
pedido_5279.235682916792_577,105.8662279948134,100.54190812240715,85.54190812240715,5.119059121336998,5,4.460508650036314,Moto,Sunny,High,Metropolitian,False,0,1,1,5279.235682916792,5369.777591039199,Aumento_Velocidade,1
pedido_5268.176325711895_569,103.6632065600228,91.97813296635258,91.97813296635258,13.9005837343704,10,4.662995559392626,Moto,Stormy,Low,Metropolitian,False,0,0,0,5268.176325711895,5370.1544586782475,Nenhuma,1
pedido_5296.4562210381655_595,102.84503513369219,79.12898012446638,64.12898012446638,19.434294366888434,10,4.984039203022658,Moto,Sunny,High,Metropolitian,False,0,1,1,5296.4562210381655,5370.585201162632,Aumento_Velocidade,1
pedido_5265.738447462627_563,99.48796489778088,96.02651734975288,96.02651734975288,11.655360560757511,10,4.967041066243437,Moto,Windy,Low,Other,False,0,0,0,5265.738447462627,5371.76496481238,Nenhuma,1
pedido_5273.159550131454_570,125.24440535307305,104.83024748889652,89.83024748889652,2.1881339929101764,10,4.68989587941268,Moto,Foggy,Medium,Urban,False,0,0,0,5273.159550131454,5372.989797620351,Rota_Reduzida,1
pedido_5266.506133912447_566,133.67951336798444,107.69074554528842,92.69074554528842,20.110319866159724,15,4.607083268069645,Scooter,Windy,High,Metropolitian,False,0,1,0,5266.506133912447,5374.196879457735,Aumento_Velocidade,1
pedido_5301.906318704747_600,94.63158532354707,73.20332600891712,58.20332600891712,6.416527834088745,15,4.72509122742997,Scooter,Sunny,High,Urban,False,0,1,1,5301.906318704747,5375.109644713664,Aumento_Velocidade,1
pedido_5310.24680032057_604,95.74685009053184,76.10168077550158,61.10168077550158,6.675462069317093,5,4.980266943053998,Scooter,Sunny,Medium,Metropolitian,False,0,0,1,5310.24680032057,5376.348481096072,Rota_Reduzida,1
pedido_5250.395793272716_550,135.3060443793462,136.77794853332585,121.77794853332585,14.592991600237982,5,4.664178336356867,Moto,Sandstorms,High,Metropolitian,True,0,1,0,5250.395793272716,5377.173741806042,Aumento_Velocidade,0
pedido_5248.703201273672_548,132.3166833226386,138.52442160007965,123.52442160007965,16.523463155377172,5,5.0,Moto,Stormy,High,Metropolitian,False,0,1,0,5248.703201273672,5377.227622873751,Aumento_Velocidade,0
pedido_5258.466337796397_557,135.71084824131245,129.92411058734825,114.92411058734825,7.055131029003994,5,4.800102494697792,Moto,Windy,Medium,Metropolitian,False,0,0,0,5258.466337796397,5378.390448383745,Rota_Reduzida,1
pedido_5248.072017532377_547,132.92179795105696,135.5827862189542,120.5827862189542,7.135330422800465,10,4.687346194025005,Moto,Foggy,High,Metropolitian,False,0,1,0,5248.072017532377,5378.654803751331,Aumento_Velocidade,0
pedido_5260.112087191326_559,128.93982935838574,129.14179390890462,114.14179390890462,4.477715144484671,5,4.593806322806393,Moto,Windy,High,Metropolitian,True,0,1,0,5260.112087191326,5379.2538811002305,Aumento_Velocidade,1
pedido_5261.950862909497_561,127.18407034260261,109.42081967534988,109.42081967534988,7.154800399143934,10,4.81210581958821,Van,Sandstorms,Jam,Metropolitian,False,0,1,0,5261.950862909497,5381.371682584847,Nenhuma,1
pedido_5295.570927355458_594,103.64871864064442,96.69171856138568,81.69171856138568,15.218692419668724,5,4.856502493693336,Moto,Sunny,High,Metropolitian,True,0,1,1,5295.570927355458,5382.262645916843,Aumento_Velocidade,1
pedido_5279.311626503986_578,127.66682772276332,113.17615394480424,98.17615394480424,8.007041716507985,5,4.7092377617724495,Moto,Stormy,Jam,Metropolitian,False,0,1,0,5279.311626503986,5382.4877804487905,Aumento_Velocidade,1
pedido_5256.121874010143_554,132.58302145556152,132.39034582804055,117.39034582804055,9.865082663697457,10,4.926464340404444,Moto,Sandstorms,High,Urban,False,0,1,0,5256.121874010143,5383.512219838183,Aumento_Velocidade,1
pedido_5305.726168429623_602,102.44671652151087,73.48451507945806,73.48451507945806,19.78173507848447,10,4.763426564775193,Van,Sunny,High,Metropolitian,False,0,1,1,5305.726168429623,5389.210683509081,Nenhuma,1
pedido_5277.761565484858_576,133.09159733098105,118.09470633424888,103.09470633424888,2.599123823943651,10,4.715356020001167,Scooter,Stormy,Medium,Metropolitian,False,0,0,0,5277.761565484858,5390.856271819107,Rota_Reduzida,1
pedido_5273.186805394979_571,133.68532923575702,123.19902453953978,108.19902453953978,12.045184569527041,10,4.843565698261714,Moto,Sandstorms,High,Metropolitian,False,0,1,0,5273.186805394979,5391.385829934519,Aumento_Velocidade,1
pedido_5235.384602630271_541,153.13205941964304,166.5623112598888,151.5623112598888,15.628647978239167,5,5.0,Scooter,Foggy,Jam,Metropolitian,True,0,1,0,5235.384602630271,5391.9469138901595,Aumento_Velocidade,0
pedido_5296.872274869973_596,99.14162129507952,100.11770903294186,85.11770903294186,9.333730536000875,10,4.9328521011865885,Moto,Sunny,Jam,Urban,False,0,1,1,5296.872274869973,5391.989983902915,Aumento_Velocidade,1
pedido_5279.901746233786_579,132.37702296551757,113.352411944871,98.352411944871,6.213167127495126,15,4.862561794614455,Scooter,Foggy,High,Metropolitian,False,0,1,0,5279.901746233786,5393.254158178657,Aumento_Velocidade,1
pedido_5273.295549605214_572,140.72448743529725,130.29304710722963,115.29304710722963,11.255848680273978,5,4.814096526407427,Scooter,Windy,Jam,Metropolitian,True,0,1,0,5273.295549605214,5393.588596712443,Aumento_Velocidade,1
pedido_5267.124234944839_568,136.09019083060704,134.22226091821977,119.22226091821977,12.920123934344836,10,4.665616042035108,Moto,Sandstorms,High,Metropolitian,True,0,1,0,5267.124234944839,5396.346495863059,Aumento_Velocidade,1
pedido_5266.4276840249695_564,151.58747396505365,131.12868256849248,116.12868256849248,14.828701329689311,15,5.0,Scooter,Foggy,Jam,Metropolitian,False,0,1,0,5266.4276840249695,5397.556366593462,Aumento_Velocidade,1
pedido_5282.128854014673_582,137.06961208488232,121.15154609720764,106.15154609720764,13.586433395889069,10,4.596362333265153,Moto,Windy,Medium,Metropolitian,True,0,0,0,5282.128854014673,5398.280400111881,Rota_Reduzida,1
pedido_5282.570172399302_583,128.2225744463269,126.13143615283491,111.13143615283491,3.18643909994803,5,4.77050819408865,Scooter,Stormy,High,Metropolitian,False,0,1,0,5282.570172399302,5398.701608552136,Aumento_Velocidade,1
pedido_5274.311349354517_573,125.54654096375224,125.45200067610494,110.45200067610494,7.66330015641862,15,4.75889337950033,Scooter,Foggy,Medium,Metropolitian,False,0,0,0,5274.311349354517,5399.763350030622,Rota_Reduzida,1
pedido_5295.509097758058_593,129.32861144876867,109.63626495560486,94.63626495560486,13.789269185361318,10,4.681979272916329,Moto,Stormy,High,Metropolitian,False,0,1,0,5295.509097758058,5400.1453627136625,Aumento_Velocidade,1
pedido_5287.249514255784_587,134.83879956659203,118.29042153180885,103.29042153180885,4.957948396050415,10,4.726549971185975,Moto,Stormy,Medium,Metropolitian,True,0,0,0,5287.249514255784,5400.539935787592,Rota_Reduzida,1
pedido_5324.309380340088_612,95.86854740525581,87.21606515146031,72.21606515146031,8.553141793389086,5,4.663322258255337,Moto,Sunny,Medium,Metropolitian,False,0,0,1,5324.309380340088,5401.525445491548,Rota_Reduzida,1
pedido_5275.263842378016_574,131.1491165034564,128.46322118913224,113.46322118913224,2.4328514679978914,15,4.957707285504715,Scooter,Sandstorms,Medium,Metropolitian,False,0,0,0,5275.263842378016,5403.727063567148,Rota_Reduzida,1
pedido_5283.412140765456_585,134.82985775917936,132.86970148718032,117.86970148718032,4.4117117927024445,5,4.563528269702717,Moto,Foggy,High,Metropolitian,False,0,1,0,5283.412140765456,5406.281842252636,Aumento_Velocidade,1
pedido_5314.7478708262_605,119.35264261606478,88.31422802492392,88.31422802492392,11.12444107015725,5,4.70845389515257,Moto,Sunny,Low,Metropolitian,True,0,0,1,5314.7478708262,5408.062098851124,Nenhuma,1
pedido_5291.178710910408_589,136.69784069337285,117.86623731816155,102.86623731816155,10.257583090472089,15,4.617596830390818,Moto,Windy,High,Metropolitian,True,0,1,0,5291.178710910408,5409.044948228569,Aumento_Velocidade,1
pedido_5305.800689514647_603,136.8869949671455,108.2445596718911,93.2445596718911,21.271235229746825,10,4.646197557695843,Moto,Stormy,Jam,Metropolitian,False,0,1,0,5305.800689514647,5409.045249186538,Aumento_Velocidade,1
pedido_5285.488018521758_586,131.51674031147215,129.47344513284253,114.47344513284253,0.7525544021459938,10,4.612477073798835,Moto,Windy,High,Urban,False,0,1,0,5285.488018521758,5409.9614636546,Aumento_Velocidade,1
pedido_5276.69874095699_575,140.680112465324,143.92235352603674,128.92235352603674,16.285543791138867,5,4.457290335182408,Moto,Stormy,Jam,Metropolitian,True,0,1,0,5276.69874095699,5410.621094483027,Aumento_Velocidade,0
pedido_5364.361858354249_624,43.67083009420707,44.793071118193645,44.793071118193645,2.0180966068572164,5,4.564395648558082,Moto,Foggy,Medium,Metropolitian,False,1,0,0,5364.361858354249,5414.154929472443,Nenhuma,1
pedido_5388.294977009981_634,44.343619264090194,24.22659870871452,24.22659870871452,11.932758760888742,5,4.948999711961767,Moto,Foggy,High,Metropolitian,False,1,1,0,5388.294977009981,5417.521575718696,Nenhuma,1
pedido_5315.234303988663_606,132.37142696849875,102.44162906216857,87.44162906216857,5.185098900407395,15,4.927407648613906,Moto,Sandstorms,High,Urban,False,0,1,0,5315.234303988663,5417.675933050831,Aumento_Velocidade,1
pedido_5281.999703799144_581,144.90221453113728,146.783555499031,131.783555499031,17.889064490029067,5,4.87142649999746,Moto,Foggy,High,Metropolitian,True,0,1,0,5281.999703799144,5418.783259298175,Aumento_Velocidade,0
pedido_5266.8472045868275_567,174.57018797790997,152.81346904512077,137.81346904512077,3.198629504279716,15,4.315592379982482,Moto,Windy,Medium,Metropolitian,False,0,0,0,5266.8472045868275,5419.660673631948,Rota_Reduzida,0
pedido_5303.986610178303_601,133.57019960096127,116.58426615009668,101.58426615009668,2.475478933655736,15,4.690861279434345,Moto,Windy,Medium,Metropolitian,False,0,0,0,5303.986610178303,5420.570876328399,Rota_Reduzida,1
pedido_5298.758141453958_597,130.0762541954929,128.29338529096725,113.29338529096725,2.672583368540104,10,4.620115201607251,Moto,Windy,Jam,Metropolitian,True,0,1,0,5298.758141453958,5422.0515267449255,Aumento_Velocidade,1
pedido_5320.61820809675_608,95.54425992016698,87.6631995647128,87.6631995647128,4.271795790380082,15,4.885762995085642,Moto,Sunny,Low,Urban,True,0,0,1,5320.61820809675,5423.281407661463,Nenhuma,1
pedido_5260.008799446597_558,141.45016439604086,158.81395992192685,158.81395992192685,13.976036410151828,5,4.592970419805227,Van,Sandstorms,Jam,Metropolitian,True,0,1,0,5260.008799446597,5423.822759368523,Nenhuma,0
pedido_5323.6590225311775_611,120.05015237293475,111.5306141529385,91.5306141529385,5.222326495707808,10,4.500062828621185,Moto,Windy,High,Other,True,0,1,0,5323.6590225311775,5425.189636684116,Rota_Reduzida,1
pedido_5332.853001346356_613,133.43657027271232,100.55159103154475,85.55159103154475,11.17021809113875,10,4.845274308958351,Moto,Sandstorms,High,Metropolitian,False,0,1,0,5332.853001346356,5428.4045923779,Aumento_Velocidade,1
pedido_5253.469105347765_552,172.43660822861767,176.4163567577506,161.4163567577506,4.547939664707205,15,4.389027245710131,Moto,Sandstorms,Medium,Metropolitian,False,0,0,0,5253.469105347765,5429.885462105516,Rota_Reduzida,0
pedido_5289.032044227299_588,154.9636626686886,143.76496500356797,128.76496500356797,13.023409957449504,15,4.507291403447747,Moto,Foggy,Jam,Metropolitian,True,0,1,0,5289.032044227299,5432.797009230867,Aumento_Velocidade,0
pedido_5321.076539063221_610,135.3060443793462,120.53636058090325,105.53636058090325,16.17390129376333,10,4.654492111339357,Moto,Sandstorms,High,Metropolitian,True,0,1,0,5321.076539063221,5436.612899644125,Aumento_Velocidade,1
pedido_5335.746413737977_616,133.1700385356115,111.97976674645044,96.97976674645044,7.4839637161188755,5,4.613043544664308,Moto,Foggy,High,Urban,False,0,1,0,5335.746413737977,5437.7261804844275,Aumento_Velocidade,1
pedido_5355.779861441298_621,93.88825425472693,87.32279062091776,72.32279062091776,3.3990896783503595,10,4.635312889405757,Moto,Sunny,Medium,Metropolitian,False,0,0,1,5355.779861441298,5438.102652062215,Rota_Reduzida,1
pedido_5361.324933961963_623,102.05999656397222,87.86809997955481,72.86809997955481,7.390251679468385,5,4.50096352844117,Moto,Sunny,Jam,Metropolitian,True,0,1,1,5361.324933961963,5439.1930339415185,Aumento_Velocidade,1
pedido_5318.230204187002_607,136.33722137597354,134.66537071948215,119.66537071948215,16.92075270747218,5,4.996591176700377,Moto,Sandstorms,High,Metropolitian,True,0,1,0,5318.230204187002,5442.8955749064835,Aumento_Velocidade,1
pedido_5320.625608510216_609,136.35906307153513,127.55608421330822,112.55608421330822,16.709513335627317,10,4.767495191863903,Moto,Sandstorms,Medium,Metropolitian,False,0,0,0,5320.625608510216,5443.181692723524,Rota_Reduzida,1
pedido_5333.371861722194_614,130.52936496929763,110.7098161711845,95.7098161711845,6.128547414585537,15,4.475783129506455,Scooter,Foggy,High,Metropolitian,True,0,1,0,5333.371861722194,5444.081677893379,Aumento_Velocidade,1
pedido_5394.151089833992_638,39.35860429628972,38.47116396758222,38.47116396758222,14.984520681820722,15,4.734265985930489,Moto,Sunny,High,Urban,False,1,1,1,5394.151089833992,5447.6222538015745,Nenhuma,1
pedido_5333.641376751094_615,110.28222339982908,113.88300339913079,113.88300339913079,17.97690861388482,5,4.8333735276417045,Moto,Foggy,Low,Metropolitian,False,0,0,0,5333.641376751094,5452.524380150225,Nenhuma,1
pedido_5346.06987891491_618,126.51694053425892,115.74830887449453,100.74830887449453,8.68174559050331,10,4.515078854096737,Scooter,Stormy,High,Metropolitian,True,0,1,0,5346.06987891491,5456.818187789405,Aumento_Velocidade,1
pedido_5283.329046990913_584,190.45550090363542,183.61681335465488,168.61681335465488,11.851901558457019,5,4.359712098676267,Moto,Foggy,Medium,Metropolitian,False,0,0,0,5283.329046990913,5456.945860345569,Rota_Reduzida,0
pedido_5342.738393540647_617,134.17086296971436,122.26727196190001,107.26727196190001,11.78407064843195,10,5.0,Moto,Stormy,High,Metropolitian,True,0,1,0,5342.738393540647,5460.005665502547,Aumento_Velocidade,1
pedido_5415.328808968422_653,43.88584146367547,39.84440605212901,39.84440605212901,5.679616091658455,5,4.696629819218154,Scooter,Sandstorms,High,Metropolitian,False,1,1,0,5415.328808968422,5460.173215020551,Nenhuma,1
pedido_5292.403685757959_591,186.08615434524913,174.415038969905,159.415038969905,15.79781085789811,10,4.40943211854066,Scooter,Windy,High,Metropolitian,False,0,1,0,5292.403685757959,5461.818724727864,Aumento_Velocidade,0
pedido_5388.825301867392_635,112.05193342179523,87.38754576566457,72.38754576566457,16.45186031364276,5,4.5784463308599115,Scooter,Sunny,Jam,Metropolitian,True,0,1,1,5388.825301867392,5466.212847633057,Aumento_Velocidade,1
pedido_5300.322378049709_599,184.73960885950095,177.36049599842895,162.36049599842895,12.137595977629195,5,4.1974090294193855,Moto,Sandstorms,High,Metropolitian,False,0,1,0,5300.322378049709,5467.682874048138,Aumento_Velocidade,0
pedido_5299.627582223589_598,175.84839019317369,168.22485968748217,153.22485968748217,5.35914465098352,15,4.269759267082321,Moto,Sandstorms,High,Metropolitian,False,0,1,0,5299.627582223589,5467.852441911072,Aumento_Velocidade,0
pedido_5346.23370941688_619,128.04421318737042,127.48575079353313,112.48575079353313,7.749272279706359,10,4.65206332775752,Moto,Stormy,High,Urban,True,0,1,0,5346.23370941688,5468.719460210413,Aumento_Velocidade,1
pedido_5294.764284723073_592,174.58626827397765,179.37451266687907,164.37451266687907,3.9842096466697967,10,4.264727954772743,Scooter,Foggy,Medium,Metropolitian,False,0,0,0,5294.764284723073,5469.138797389952,Rota_Reduzida,0
pedido_5436.480301985588_667,45.98474132906965,24.252347227694827,24.252347227694827,4.30141254441564,10,4.987954493845193,Moto,Windy,High,Metropolitian,False,1,1,0,5436.480301985588,5470.732649213283,Nenhuma,1
pedido_5432.8602854886485_666,47.83312896826033,28.958746544248335,28.958746544248335,5.91503338019178,10,4.551547486137437,Moto,Windy,Jam,Metropolitian,True,1,1,0,5432.8602854886485,5471.819032032897,Nenhuma,1
pedido_5373.269227304012_627,138.29634575638403,108.72970149482686,93.72970149482686,14.954996864108644,10,4.850032866946359,Moto,Sandstorms,Medium,Metropolitian,True,0,0,0,5373.269227304012,5476.998928798839,Rota_Reduzida,1
pedido_5444.158100604549_671,44.93231090507932,29.764622590580665,29.764622590580665,15.940358642053353,5,4.618065399541103,Scooter,Sandstorms,Jam,Metropolitian,False,1,1,0,5444.158100604549,5478.92272319513,Nenhuma,1
pedido_5374.508155645797_628,130.09109578921237,104.51522684044595,89.51522684044595,6.2544013366702735,15,4.936788761604873,Moto,Windy,Jam,Metropolitian,True,0,1,0,5374.508155645797,5479.0233824862435,Aumento_Velocidade,1
pedido_5359.066291997066_622,141.67941332302524,120.78937764325684,105.78937764325684,14.09835039948863,15,4.543908963441173,Moto,Foggy,Medium,Metropolitian,False,0,0,0,5359.066291997066,5479.855669640323,Rota_Reduzida,1
pedido_5291.956710752152_590,195.46203131108004,183.53140106433912,183.53140106433912,2.967947907360611,5,4.377680364047583,Van,Sunny,High,Metropolitian,True,0,1,1,5291.956710752152,5480.48811181649,Nenhuma,0
pedido_5403.567057262491_645,101.61481017132195,87.07274329652925,72.07274329652925,15.967794166823698,5,4.717640837816831,Scooter,Sunny,High,Metropolitian,False,0,1,1,5403.567057262491,5480.639800559021,Aumento_Velocidade,1
pedido_5396.538693771529_640,103.06967781949596,72.1287570399596,72.1287570399596,3.3811595736971363,15,4.729356397101035,Scooter,Sandstorms,Low,Urban,True,0,0,0,5396.538693771529,5483.667450811489,Nenhuma,1
pedido_5386.828245935228_633,127.59980392749029,97.18142161436633,82.18142161436633,4.677185494536644,15,4.698530569984094,Moto,Windy,Jam,Metropolitian,False,0,1,0,5386.828245935228,5484.009667549594,Aumento_Velocidade,1
pedido_5428.824433505961_661,43.96205484493614,42.90344986270953,42.90344986270953,14.074088808268478,15,4.794952633734021,Van,Sunny,Low,Metropolitian,False,1,0,1,5428.824433505961,5486.7278833686705,Nenhuma,1
pedido_5352.176305266116_620,138.74564366051592,149.9017170531648,134.9017170531648,16.58884993504872,5,4.475340514314388,Moto,Stormy,Jam,Urban,False,0,1,0,5352.176305266116,5492.078022319281,Aumento_Velocidade,0
pedido_5389.713297976116_636,123.27465377624324,119.01983493737991,104.01983493737991,0.0,5,4.478472824367561,Scooter,Sandstorms,Jam,Metropolitian,False,0,1,0,5389.713297976116,5498.733132913496,Aumento_Velocidade,1
pedido_5391.664305923134_637,134.21504553323146,112.64540138521588,97.64540138521588,14.482388552353541,10,4.895819921534344,Moto,Sandstorms,High,Urban,False,0,1,0,5391.664305923134,5499.30970730835,Aumento_Velocidade,1
pedido_5400.255427182906_642,125.62039616425396,105.95955615969726,90.95955615969726,2.4438822967004263,10,4.538594169528145,Moto,Windy,Jam,Metropolitian,False,0,1,0,5400.255427182906,5501.214983342603,Aumento_Velocidade,1
pedido_5374.768396611029_629,122.52972559946092,126.7079097108597,111.7079097108597,4.251581936335358,15,4.4879949377951665,Scooter,Stormy,Jam,Metropolitian,False,0,1,0,5374.768396611029,5501.476306321889,Aumento_Velocidade,1
pedido_5451.838753550012_674,45.215355141274976,45.07509296120389,45.07509296120389,11.357734785881245,5,4.482018431202787,Moto,Sunny,High,Metropolitian,True,1,1,1,5451.838753550012,5501.913846511216,Nenhuma,1
pedido_5415.166186603215_652,102.38665475488781,89.81064648954441,74.81064648954441,15.272980804829828,15,4.5810923730209065,Moto,Sunny,High,Metropolitian,False,0,1,1,5415.166186603215,5504.976833092759,Aumento_Velocidade,1
pedido_5396.120936037442_639,130.78116501634756,114.92814632013524,99.92814632013524,4.802666025774715,10,4.452951244989023,Moto,Sandstorms,High,Metropolitian,False,0,1,0,5396.120936037442,5506.049082357577,Aumento_Velocidade,1
pedido_5368.651372339687_625,140.42219060064247,138.2391391389729,123.23913913897289,10.563936216119602,15,4.582636734548512,Moto,Foggy,High,Metropolitian,False,0,1,0,5368.651372339687,5506.89051147866,Aumento_Velocidade,0
pedido_5382.704341235523_631,132.60897704509705,132.0171949705155,117.0171949705155,2.5309616427772577,10,4.526653819230673,Scooter,Windy,Medium,Metropolitian,False,0,0,0,5382.704341235523,5509.721536206039,Rota_Reduzida,1
pedido_5416.834498412871_656,101.62886116662526,107.75904945465798,92.75904945465798,13.380832003099448,5,4.744474167159969,Moto,Sunny,High,Urban,False,0,1,1,5416.834498412871,5514.593547867528,Aumento_Velocidade,1
pedido_5444.243861184503_672,100.7405940183315,81.57872082526558,66.57872082526558,3.7295102944758565,5,4.629592750439305,Moto,Sunny,Jam,Metropolitian,True,0,1,1,5444.243861184503,5515.822582009769,Aumento_Velocidade,1
pedido_5456.372235157063_679,47.35455899399554,51.81031084194437,51.81031084194437,8.39997951460812,10,5.0,Scooter,Sandstorms,Jam,Urban,False,1,1,0,5456.372235157063,5518.182545999008,Nenhuma,1
pedido_5406.6170222121655_646,127.49296138384193,124.29373994462901,109.29373994462901,2.361963796306682,5,4.799708875190201,Moto,Windy,Jam,Urban,False,0,1,0,5406.6170222121655,5520.910762156795,Aumento_Velocidade,1
pedido_5422.464645355607_658,100.52551238629248,99.22734198549252,84.22734198549252,3.7713638285992834,15,4.611477873377909,Moto,Sunny,High,Metropolitian,True,0,1,1,5422.464645355607,5521.6919873411,Aumento_Velocidade,1
pedido_5412.535130511323_650,129.87852048954355,115.15720663626162,100.15720663626162,0.0,10,4.786183349761404,Moto,Sandstorms,Medium,Metropolitian,False,0,0,0,5412.535130511323,5522.692337147584,Rota_Reduzida,1
pedido_5396.907242439567_641,136.6452187494612,127.95007589140693,112.95007589140693,2.7549741582203136,15,5.0,Moto,Sandstorms,High,Metropolitian,False,0,1,0,5396.907242439567,5524.8573183309745,Aumento_Velocidade,1
pedido_5411.457837384003_649,130.73095929840062,124.6384012026817,109.6384012026817,5.516194891161903,5,4.781371218231927,Moto,Windy,Jam,Metropolitian,True,0,1,0,5411.457837384003,5526.096238586685,Aumento_Velocidade,1
pedido_5438.56634080736_669,103.33266471083887,99.74664207107675,84.74664207107675,12.897846731484478,5,4.829020409539414,Moto,Sunny,Medium,Metropolitian,True,0,0,1,5438.56634080736,5528.312982878437,Rota_Reduzida,1
pedido_5413.193655485322_651,129.2922408826794,122.61226268272844,107.61226268272844,3.733943599493557,10,4.702325985079292,Moto,Stormy,High,Metropolitian,False,0,1,0,5413.193655485322,5530.80591816805,Aumento_Velocidade,1
pedido_5409.084238809607_648,133.49846318068467,126.8716981373455,111.8716981373455,14.940178045397726,10,4.93680546084479,Moto,Windy,High,Metropolitian,False,0,1,0,5409.084238809607,5530.9559369469525,Aumento_Velocidade,1
pedido_5403.564635690741_644,140.4871397671035,129.49595185019498,114.49595185019498,14.187036046719607,15,4.835150363861863,Moto,Foggy,High,Metropolitian,False,0,1,0,5403.564635690741,5533.060587540936,Aumento_Velocidade,1
pedido_5442.013619784736_670,134.87988846989217,106.42259622621374,91.42259622621374,0.0,5,4.779341410276158,Scooter,Foggy,High,Urban,False,0,1,0,5442.013619784736,5538.4362160109495,Aumento_Velocidade,1
pedido_5415.911311504815_654,133.5546445664898,134.06454897562998,119.06454897562998,11.322449045004227,5,4.8017384555526,Scooter,Stormy,Medium,Metropolitian,True,0,0,0,5415.911311504815,5539.975860480445,Rota_Reduzida,1
pedido_5427.644535504458_660,129.9684466239904,122.47895608050779,107.47895608050779,8.372132857709193,5,4.7340579509382765,Moto,Stormy,High,Metropolitian,False,0,1,0,5427.644535504458,5540.123491584965,Aumento_Velocidade,1
pedido_5423.220493651686_659,140.80381085995367,123.70358380100726,108.70358380100726,11.683556055743582,15,4.490703004588145,Moto,Foggy,High,Metropolitian,False,0,1,0,5423.220493651686,5546.924077452693,Aumento_Velocidade,1
pedido_5408.022563897421_647,134.69845625663322,144.4328074013136,129.4328074013136,6.750245276641314,10,4.70773904927364,Moto,Sandstorms,Medium,Metropolitian,False,0,0,0,5408.022563897421,5547.4553712987345,Rota_Reduzida,0
pedido_5369.100654645392_626,187.3226113434092,178.76002429830146,163.76002429830146,14.135293865133676,15,4.435070526990576,Scooter,Stormy,High,Metropolitian,False,0,1,0,5369.100654645392,5547.8606789436935,Aumento_Velocidade,0
pedido_5478.004230582605_692,99.14908689083734,74.91260863600198,59.91260863600198,1.8980879166284002,10,4.661571517362976,Scooter,Sunny,Jam,Metropolitian,False,0,1,1,5478.004230582605,5547.916839218607,Aumento_Velocidade,1
pedido_5382.906412757229_632,174.66047183338273,158.15194689807322,158.15194689807322,1.6649651895333228,10,4.418891768423482,Van,Sandstorms,Jam,Metropolitian,False,0,1,0,5382.906412757229,5551.058359655302,Nenhuma,0
pedido_5430.012432110577_665,124.9225092727546,110.02007187623398,110.02007187623398,3.8740783303798434,15,4.923992231999661,Van,Sandstorms,Jam,Metropolitian,False,0,1,0,5430.012432110577,5555.032503986811,Nenhuma,1
pedido_5377.85969054253_630,188.8313309417152,186.4106216957637,171.4106216957637,14.961541277647676,10,4.437661127962553,Moto,Sandstorms,Medium,Metropolitian,False,0,0,0,5377.85969054253,5559.270312238294,Rota_Reduzida,0
pedido_5453.347000755173_675,131.16424252679963,107.59386735529903,92.59386735529903,8.36207381761503,15,4.723325786257833,Scooter,Sandstorms,High,Metropolitian,False,0,1,0,5453.347000755173,5560.940868110472,Aumento_Velocidade,1
pedido_5467.61743792047_687,132.65986019653798,106.5318204929351,91.5318204929351,4.159804423735348,5,4.821746433894556,Scooter,Sandstorms,High,Urban,False,0,1,0,5467.61743792047,5564.149258413406,Aumento_Velocidade,1
pedido_5455.679615394973_677,141.1565283554223,114.66996214830533,99.66996214830533,12.768379805364496,10,4.591086439169755,Moto,Sandstorms,Jam,Metropolitian,False,0,1,0,5455.679615394973,5565.349577543278,Aumento_Velocidade,1
pedido_5458.735579779711_681,134.61040331618534,107.58759821150477,92.58759821150477,10.511856946500977,15,4.532845752111977,Scooter,Sandstorms,High,Metropolitian,False,0,1,0,5458.735579779711,5566.323177991216,Aumento_Velocidade,1
pedido_5470.00905672808_689,102.58072795013815,87.0793246401099,87.0793246401099,4.142406217452674,10,4.727256101300158,Moto,Windy,Low,Metropolitian,False,0,0,0,5470.00905672808,5567.08838136819,Nenhuma,1
pedido_5454.386643027466_676,128.48238401496502,120.8995723203908,105.8995723203908,2.4461653019321288,10,4.8049059981903115,Scooter,Stormy,High,Metropolitian,False,0,1,0,5454.386643027466,5570.286215347856,Aumento_Velocidade,1
pedido_5459.38797430772_683,133.8468207273119,112.28982125505418,97.28982125505418,12.756564078228836,15,4.564132439461002,Scooter,Windy,Medium,Metropolitian,False,0,0,0,5459.38797430772,5571.677795562774,Rota_Reduzida,1
pedido_5450.441304706046_673,132.0578098715746,131.59687709527742,116.59687709527742,0.37837086440764534,5,5.0,Moto,Stormy,Medium,Metropolitian,False,0,0,0,5450.441304706046,5572.038181801324,Rota_Reduzida,1
pedido_5460.132685492529_684,133.25281920050452,122.32920785191763,107.32920785191763,11.514099175031332,5,4.780449436334662,Moto,Stormy,Medium,Metropolitian,False,0,0,0,5460.132685492529,5572.461893344447,Rota_Reduzida,1
pedido_5456.110494167767_678,140.94982110347863,123.39995824580438,108.39995824580438,12.519253993572747,10,4.911140947742674,Moto,Sandstorms,Jam,Metropolitian,False,0,1,0,5456.110494167767,5574.510452413571,Aumento_Velocidade,1
pedido_5467.226475456978_686,112.07426533661638,99.42751141160043,99.42751141160043,16.24516666288158,10,4.562528489185861,Moto,Foggy,Low,Metropolitian,True,0,0,0,5467.226475456978,5576.653986868579,Nenhuma,1
pedido_5437.48395150866_668,167.91003853696094,151.74506918887036,136.74506918887036,16.781024385729136,5,4.399449965498906,Moto,Sunny,Jam,Metropolitian,False,0,1,1,5437.48395150866,5579.22902069753,Aumento_Velocidade,0
pedido_5468.272521979523_688,123.24908689399665,114.33864926008224,99.33864926008224,3.489348797362911,15,4.4563678721288555,Moto,Foggy,Medium,Metropolitian,True,0,0,0,5468.272521979523,5582.611171239605,Rota_Reduzida,1
pedido_5429.247533522934_662,176.7488281613606,167.3146605849921,152.3146605849921,3.4462155650795347,5,4.439460302765998,Moto,Sandstorms,High,Urban,False,0,1,0,5429.247533522934,5586.562194107926,Aumento_Velocidade,0
pedido_5457.9920149697655_680,134.77190443665125,129.06788786148752,114.06788786148752,13.480745947751565,15,4.560468602110573,Scooter,Stormy,Medium,Metropolitian,True,0,0,0,5457.9920149697655,5587.059902831253,Rota_Reduzida,1
pedido_5403.508382216724_643,198.02838610354578,185.57960108046805,170.57960108046805,13.380982795755976,15,4.383938895137795,Scooter,Windy,Jam,Metropolitian,True,0,1,0,5403.508382216724,5589.087983297192,Aumento_Velocidade,0
pedido_5461.3494009988635_685,136.81698593570798,138.68172760791202,123.68172760791202,16.252559481979553,5,4.848769373820504,Moto,Sandstorms,Medium,Metropolitian,False,0,0,0,5461.3494009988635,5590.031128606775,Rota_Reduzida,0
pedido_5415.942388158464_655,190.18905784312662,177.76896928944555,162.76896928944555,7.982141905796594,15,4.444420749724273,Moto,Sunny,High,Metropolitian,False,0,1,1,5415.942388158464,5593.71135744791,Aumento_Velocidade,0
pedido_5421.435792616131_657,188.4320361054396,181.81634211102713,166.81634211102713,15.736951714669631,10,4.408264986544392,Scooter,Windy,Medium,Urban,False,0,0,0,5421.435792616131,5598.252134727159,Rota_Reduzida,0
pedido_5477.12206900843_691,127.22633727826113,116.2985702182792,116.2985702182792,3.2339781803415333,5,4.567949776848171,Van,Windy,Jam,Metropolitian,False,0,1,0,5477.12206900843,5598.42063922671,Nenhuma,1
pedido_5472.56855826395_690,129.93397795511652,132.9070415087283,117.9070415087283,5.357384034821437,10,4.793106411321082,Scooter,Sandstorms,Jam,Metropolitian,True,0,1,0,5472.56855826395,5600.475599772678,Aumento_Velocidade,1
pedido_5521.285931502684_708,99.21460501885294,79.29223399603941,64.29223399603941,3.359500870705064,15,4.890533528348342,Scooter,Sunny,High,Metropolitian,True,0,1,1,5521.285931502684,5600.578165498724,Aumento_Velocidade,1
pedido_5458.818484729354_682,149.1076947561497,148.87762705462728,133.87762705462728,15.982516975972507,10,4.719982638939332,Moto,Foggy,Jam,Urban,False,0,1,0,5458.818484729354,5602.696111783982,Aumento_Velocidade,0
pedido_5544.475364933206_723,59.21579335728702,43.834615725916684,43.834615725916684,10.786579133544798,15,4.439393243917818,Moto,Sandstorms,High,Metropolitian,True,1,1,0,5544.475364933206,5603.309980659123,Nenhuma,1
pedido_5495.399546264808_698,134.11805094838238,117.2869042639531,102.2869042639531,8.676951363156693,10,5.0,Moto,Sandstorms,Jam,Metropolitian,True,0,1,0,5495.399546264808,5607.686450528761,Aumento_Velocidade,1
pedido_5522.246118266342_709,100.2831966292029,86.95236008884427,71.95236008884427,13.44930218532923,15,4.724069005457262,Moto,Sunny,Medium,Metropolitian,False,0,0,1,5522.246118266342,5609.198478355186,Rota_Reduzida,1
pedido_5555.275273918911_729,44.93341086077808,45.568220721953,45.568220721953,6.771554855080171,10,4.464390767078311,Moto,Windy,High,Metropolitian,True,1,1,0,5555.275273918911,5610.843494640864,Nenhuma,1
pedido_5429.651108023447_663,189.13234649507797,181.38855331655682,166.38855331655682,12.185840551310303,15,4.344132589205969,Moto,Foggy,High,Metropolitian,True,0,1,0,5429.651108023447,5611.0396613400035,Aumento_Velocidade,0
pedido_5430.008925310957_664,183.5240728886885,186.42710483737125,171.42710483737125,10.642445481757257,10,4.2637579016455245,Scooter,Windy,High,Metropolitian,False,0,1,0,5430.008925310957,5611.436030148328,Aumento_Velocidade,0
pedido_5495.198808095417_697,132.3094422460359,117.67321998545256,102.67321998545256,5.572792711576468,15,4.835336119789888,Scooter,Sandstorms,High,Metropolitian,False,0,1,0,5495.198808095417,5612.872028080869,Aumento_Velocidade,1
pedido_5574.616504088965_737,46.23839423779823,28.777171304074898,28.777171304074898,17.446056069703673,10,4.5660611338779615,Moto,Windy,High,Metropolitian,True,1,1,0,5574.616504088965,5613.393675393039,Nenhuma,1
pedido_5493.750679233961_696,124.57490473764652,120.65164901085456,105.65164901085456,4.072969927856184,15,4.823935477005284,Moto,Stormy,Jam,Metropolitian,True,0,1,0,5493.750679233961,5614.402328244815,Aumento_Velocidade,1
pedido_5508.999821843852_704,133.0414176924107,115.58001341058174,100.58001341058174,16.04283920817491,5,4.70664995862798,Scooter,Stormy,Medium,Urban,False,0,0,0,5508.999821843852,5614.579835254434,Rota_Reduzida,1
pedido_5534.884549315474_716,109.04725505516431,89.90937651871904,74.90937651871904,15.159485183526467,5,4.873436347026869,Moto,Sunny,Jam,Urban,False,0,1,1,5534.884549315474,5614.793925834193,Aumento_Velocidade,1
pedido_5541.9249424758955_721,100.99694833655983,78.03506800476758,63.03506800476758,9.802585568196342,10,4.498531433518958,Moto,Sunny,Jam,Metropolitian,True,0,1,1,5541.9249424758955,5614.960010480663,Aumento_Velocidade,1
pedido_5539.520813218913_720,94.59897983503738,81.51094267101416,66.51094267101416,9.082824244699369,10,4.6783540939603245,Moto,Sunny,High,Urban,False,0,1,1,5539.520813218913,5616.031755889927,Aumento_Velocidade,1
pedido_5524.2212344969175_710,94.63158532354707,102.00365148951116,87.00365148951116,6.242222080169011,5,4.749127145101669,Scooter,Sunny,High,Metropolitian,False,0,1,1,5524.2212344969175,5616.2248859864285,Aumento_Velocidade,1
pedido_5505.887088800842_702,132.96881234173745,115.6787902019956,100.6787902019956,6.719371454852643,10,4.659043684521576,Moto,Stormy,Medium,Metropolitian,False,0,0,0,5505.887088800842,5616.565879002838,Rota_Reduzida,1
pedido_5582.567523350061_740,38.460101981139104,22.468172114038914,22.468172114038914,15.390303203142821,15,4.864218142194539,Scooter,Stormy,Low,Metropolitian,False,1,0,0,5582.567523350061,5620.035695464099,Nenhuma,1
pedido_5499.840285321881_699,132.174221001379,116.04668333517263,116.04668333517263,0.0,5,4.50714708767265,Van,Stormy,Medium,Urban,False,0,0,0,5499.840285321881,5620.886968657054,Nenhuma,1
pedido_5500.378396874699_700,132.43964273295543,138.9740455394824,123.9740455394824,9.24556805778836,5,4.760392843228317,Moto,Sandstorms,High,Metropolitian,False,0,1,0,5500.378396874699,5629.3524424141815,Aumento_Velocidade,0
pedido_5530.275179103193_714,101.03696453025391,89.8698228381644,89.8698228381644,4.535156664878683,10,4.606061708883258,Moto,Sandstorms,Low,Urban,False,0,0,0,5530.275179103193,5630.145001941358,Nenhuma,1
pedido_5506.703535781905_703,132.64583440524717,131.78046444005227,116.78046444005227,6.235843558334718,15,4.6899007960022105,Moto,Windy,High,Metropolitian,False,0,1,0,5506.703535781905,5638.484000221957,Aumento_Velocidade,1
pedido_5504.701330749984_701,141.7685320389888,128.92586696226903,128.92586696226903,13.405679951723101,5,4.594190612448295,Van,Foggy,High,Metropolitian,False,0,1,0,5504.701330749984,5638.627197712252,Nenhuma,0
pedido_5527.978650501124_713,127.50871515206823,111.07442445294582,96.07442445294582,0.24982155892159508,15,4.610993544836724,Scooter,Windy,Jam,Metropolitian,False,0,1,0,5527.978650501124,5639.05307495407,Aumento_Velocidade,1
pedido_5510.621901591518_705,134.97063030020087,128.84046589479576,113.84046589479576,5.971739787723697,15,4.628277818569666,Moto,Stormy,Medium,Metropolitian,True,0,0,0,5510.621901591518,5639.462367486313,Rota_Reduzida,1
pedido_5484.198509633212_693,140.97705725529406,165.40214409537703,150.40214409537703,16.976040723269005,5,4.765307636683651,Moto,Foggy,High,Metropolitian,False,0,1,0,5484.198509633212,5639.600653728588,Aumento_Velocidade,0
pedido_5570.897253036438_733,99.25953004060266,80.62938607839844,65.62938607839844,5.024683232706424,5,4.8120159137248715,Moto,Sunny,High,Metropolitian,True,0,1,1,5570.897253036438,5641.526639114836,Aumento_Velocidade,1
pedido_5538.939093629633_719,128.48875841771687,102.89488563648652,87.89488563648652,1.9324790930615943,15,4.767064459800126,Scooter,Stormy,High,Metropolitian,False,0,1,0,5538.939093629633,5641.83397926612,Aumento_Velocidade,1
pedido_5536.810955771395_717,135.1510607300275,120.69592290152944,105.69592290152944,5.110015530767794,5,5.0,Scooter,Stormy,Medium,Urban,False,0,0,0,5536.810955771395,5647.506878672924,Rota_Reduzida,1
pedido_5521.047573776602_707,129.5167709899816,111.83408820568374,111.83408820568374,1.0635480506135506,15,4.6408204317984,Van,Foggy,Jam,Metropolitian,True,0,1,0,5521.047573776602,5647.881661982286,Nenhuma,1
pedido_5488.252902094398_694,195.87484323068006,169.80536589365178,154.80536589365178,2.1604664684683996,5,4.322102208678152,Moto,Sunny,High,Metropolitian,True,0,1,1,5488.252902094398,5648.05826798805,Aumento_Velocidade,0
pedido_5543.316536340186_722,129.33488907110112,104.84498091883918,89.84498091883918,6.198877219437561,15,4.941668507389036,Scooter,Windy,High,Metropolitian,True,0,1,0,5543.316536340186,5648.1615172590255,Aumento_Velocidade,1
pedido_5525.704094878705_711,132.23883538428598,129.54948615064257,114.54948615064257,15.596130706082242,10,4.842368592331846,Moto,Stormy,Medium,Metropolitian,False,0,0,0,5525.704094878705,5650.2535810293475,Rota_Reduzida,1
pedido_5538.589711394448_718,129.55930572708635,124.05446235161403,109.05446235161403,5.802279372691592,5,4.712996522292879,Moto,Foggy,Jam,Metropolitian,False,0,1,0,5538.589711394448,5652.644173746063,Aumento_Velocidade,1
pedido_5533.361290146466_715,132.52653517314405,124.73496532721163,109.73496532721163,14.476006060959024,10,4.467636432171272,Scooter,Windy,High,Metropolitian,False,0,1,0,5533.361290146466,5653.096255473677,Aumento_Velocidade,1
pedido_5546.483010419269_725,108.56243341973216,97.31402862484502,97.31402862484502,12.958572173721818,10,4.532971607282416,Van,Sunny,High,Metropolitian,True,0,1,1,5546.483010419269,5653.797039044114,Nenhuma,1
pedido_5597.780855403603_749,99.13226216411756,61.74364951752858,46.74364951752858,5.120368014807825,15,4.89201516688332,Scooter,Sunny,High,Urban,True,0,1,1,5597.780855403603,5659.524504921132,Aumento_Velocidade,1
pedido_5546.219349084181_724,136.54065265011644,114.21016102105358,99.21016102105358,17.388952245999857,15,4.797407707518278,Moto,Windy,Jam,Metropolitian,False,0,1,0,5546.219349084181,5660.429510105235,Aumento_Velocidade,1
pedido_5550.715449428421_727,130.80428664175128,113.87853640341137,98.87853640341137,5.172920967839833,15,4.635262606664504,Scooter,Windy,High,Metropolitian,False,0,1,0,5550.715449428421,5664.5939858318325,Aumento_Velocidade,1
pedido_5571.203334846285_734,105.09432025022268,79.50874923651288,79.50874923651288,15.162611951504257,15,4.797108936303938,Moto,Windy,Low,Metropolitian,True,0,0,0,5571.203334846285,5665.712084082797,Nenhuma,1
pedido_5550.599894117506_726,134.33045026072563,121.95894470340781,106.95894470340781,12.910149883082129,10,4.670596771472783,Scooter,Windy,Medium,Metropolitian,False,0,0,0,5550.599894117506,5667.5588388209135,Rota_Reduzida,1
pedido_5512.946586981601_706,145.36327450138475,147.79963336916578,147.79963336916578,19.802703438010248,10,4.849979252825643,Van,Foggy,High,Metropolitian,True,0,1,0,5512.946586981601,5670.746220350767,Nenhuma,0
pedido_5553.364940702603_728,134.26524228980983,118.65337103216373,103.65337103216373,3.7656150525846916,15,4.778259716360137,Scooter,Windy,Medium,Metropolitian,False,0,0,0,5553.364940702603,5672.018311734767,Rota_Reduzida,1
pedido_5490.684511265992_695,200.6266124648727,182.89794504114982,167.89794504114982,16.402734349998504,15,4.229418851190034,Moto,Stormy,Jam,Metropolitian,False,0,1,0,5490.684511265992,5673.582456307142,Aumento_Velocidade,0
pedido_5592.050728004046_748,101.83865903440335,94.52043494279656,79.52043494279656,12.757131902028142,5,4.879510482201038,Scooter,Sunny,High,Metropolitian,False,0,1,1,5592.050728004046,5676.571162946842,Aumento_Velocidade,1
pedido_5633.626851677239_777,46.032575430804776,43.33203763378669,43.33203763378669,11.534965360580825,5,4.593851014952993,Moto,Sandstorms,Jam,Urban,True,1,1,0,5633.626851677239,5681.958889311026,Nenhuma,1
pedido_5598.6302881789725_751,93.83555598871527,83.43492194392043,68.43492194392043,4.570424911390362,15,4.594887346700294,Scooter,Sunny,Medium,Urban,False,0,0,1,5598.6302881789725,5682.0652101228925,Rota_Reduzida,1
pedido_5605.20117160142_756,94.56930387439498,63.19046522321614,63.19046522321614,2.540679569192413,15,4.85586991203603,Scooter,Sunny,Low,Metropolitian,False,0,0,1,5605.20117160142,5683.391636824636,Nenhuma,1
pedido_5555.461898570214_730,134.7974215953007,133.03469911903855,118.03469911903855,4.331474904118396,10,4.688788016749997,Scooter,Foggy,High,Metropolitian,False,0,1,0,5555.461898570214,5683.496597689252,Aumento_Velocidade,1
pedido_5643.455455911851_782,38.03966626327588,30.361093590139546,30.361093590139546,5.946695285869243,10,4.666280218449153,Moto,Sunny,High,Metropolitian,False,1,1,1,5643.455455911851,5683.81654950199,Nenhuma,1
pedido_5571.983393557125_735,134.20702046845372,113.47434125952438,98.47434125952438,14.368504135934032,15,4.744663347742208,Moto,Sandstorms,High,Metropolitian,False,0,1,0,5571.983393557125,5685.4577348166495,Aumento_Velocidade,1
pedido_5570.008758598661_732,136.22174173460158,118.55947675379329,103.55947675379329,18.956027028136972,15,4.8986675088908616,Moto,Windy,Medium,Metropolitian,False,0,0,0,5570.008758598661,5688.568235352454,Rota_Reduzida,1
pedido_5526.604362027732_712,177.86948640883256,161.97899258935803,146.97899258935803,3.289707248040677,15,4.278290964887068,Moto,Foggy,High,Urban,False,0,1,0,5526.604362027732,5688.583354617091,Aumento_Velocidade,0
pedido_5573.435729664174_736,140.71652477374622,115.66114248561712,100.66114248561712,13.686093441760244,15,4.817272028944584,Moto,Foggy,High,Metropolitian,False,0,1,0,5573.435729664174,5689.096872149791,Aumento_Velocidade,1
pedido_5558.727133644359_731,137.0401775347903,144.23165891485274,129.23165891485274,4.9779635311751225,5,4.762795124744837,Scooter,Windy,Medium,Metropolitian,False,0,0,0,5558.727133644359,5692.958792559212,Rota_Reduzida,0
pedido_5607.474232025831_759,112.36431529147616,96.31511421936628,81.31511421936628,14.315131893801311,5,4.470676410733619,Moto,Sunny,Jam,Urban,False,0,1,1,5607.474232025831,5693.7893462451975,Aumento_Velocidade,1
pedido_5584.045560465037_742,138.9420434426088,109.966989381238,94.966989381238,14.606757072621555,15,5.0,Moto,Windy,Medium,Metropolitian,False,0,0,0,5584.045560465037,5694.012549846275,Rota_Reduzida,1
pedido_5583.932458675728_741,131.97946265762135,115.4733505789505,100.4733505789505,9.61645627868836,10,4.796745561905502,Moto,Windy,High,Metropolitian,True,0,1,0,5583.932458675728,5694.405809254679,Aumento_Velocidade,1
pedido_5586.58146758148_743,129.2922408826794,108.67067761301726,93.67067761301726,3.420054099118577,15,4.685496375154076,Scooter,Stormy,High,Metropolitian,False,0,1,0,5586.58146758148,5695.252145194498,Aumento_Velocidade,1
pedido_5601.447383351223_754,125.00850856495069,109.16513003238214,89.16513003238214,0.5387545399867815,10,5.0,Scooter,Foggy,Jam,Other,False,0,1,0,5601.447383351223,5700.612513383605,Rota_Reduzida,1
pedido_5603.933765053299_755,102.75137233423769,104.36536167745504,89.36536167745504,18.425904317567667,10,4.840302129371646,Moto,Sunny,High,Metropolitian,False,0,1,1,5603.933765053299,5703.299126730754,Aumento_Velocidade,1
pedido_5610.40520741207_763,96.47934768657458,103.87200161475297,88.87200161475297,4.668053886124213,5,4.95929250308542,Moto,Sunny,Medium,Metropolitian,False,0,0,1,5610.40520741207,5704.277209026823,Rota_Reduzida,1
pedido_5587.620489797092_744,129.50487436259647,117.65358369056887,102.65358369056887,2.116459457912199,15,4.738332898751519,Moto,Windy,High,Metropolitian,True,0,1,0,5587.620489797092,5705.274073487661,Aumento_Velocidade,1
pedido_5588.519906339605_745,130.42082561058794,122.87381112091188,107.87381112091188,7.118016232206314,10,4.528543567875877,Moto,Sandstorms,High,Metropolitian,True,0,1,0,5588.519906339605,5706.393717460517,Aumento_Velocidade,1
pedido_5588.910038193951_747,135.68232385306356,121.06096264123406,106.06096264123406,4.8423597997644485,15,4.73139345863825,Moto,Stormy,Medium,Urban,False,0,0,0,5588.910038193951,5709.971000835185,Rota_Reduzida,1
pedido_5580.683874668686_739,144.21975274826923,129.3406071784899,114.3406071784899,15.635420075637846,15,5.0,Scooter,Foggy,High,Metropolitian,True,0,1,0,5580.683874668686,5710.0244818471765,Aumento_Velocidade,1
pedido_5576.525413507221_738,141.3178313642075,144.02739767383326,129.02739767383326,15.431365709044057,5,4.588125301904481,Moto,Foggy,High,Metropolitian,False,0,1,0,5576.525413507221,5710.5528111810545,Aumento_Velocidade,0
pedido_5608.0743382568235_761,127.07090912942448,117.96813850698076,97.96813850698076,3.9816909472566464,5,5.0,Moto,Sandstorms,High,Other,False,0,1,0,5608.0743382568235,5711.042476763804,Rota_Reduzida,1
pedido_5678.035137439411_802,46.01440541078879,23.953485854139963,23.953485854139963,5.458356400323871,10,4.480250380824244,Scooter,Foggy,Jam,Metropolitian,False,1,1,0,5678.035137439411,5711.988623293551,Nenhuma,1
pedido_5607.804127497124_760,112.39024358092003,115.23346722993891,100.23346722993891,12.524751111685543,5,4.542897550996096,Moto,Sunny,Jam,Metropolitian,False,0,1,1,5607.804127497124,5713.037594727062,Aumento_Velocidade,1
pedido_5619.4752823136205_769,99.22062707717556,84.5884449229201,84.5884449229201,7.673319840123787,10,4.969885664129969,Moto,Foggy,Low,Urban,False,0,0,0,5619.4752823136205,5714.06372723654,Nenhuma,1
pedido_5599.451191400772_752,140.4871397671035,120.1266565571635,105.1266565571635,15.42033442493119,10,4.8442931482511895,Moto,Foggy,High,Metropolitian,False,0,1,0,5599.451191400772,5714.577847957935,Aumento_Velocidade,1
pedido_5598.604278514886_750,129.20526932100512,123.18943445305655,108.18943445305655,0.0,10,4.4727676270572445,Moto,Windy,High,Metropolitian,True,0,1,0,5598.604278514886,5716.793712967942,Aumento_Velocidade,1
pedido_5622.983932432913_771,101.44064911044903,89.98483303002496,89.98483303002496,10.252778749366982,5,4.743248085906287,Scooter,Sandstorms,Low,Metropolitian,True,0,0,0,5622.983932432913,5717.968765462938,Nenhuma,1
pedido_5625.356725221688_774,94.59897983503738,78.66007212033615,78.66007212033615,8.171112392803348,15,4.7165310729791186,Van,Sunny,High,Metropolitian,False,0,1,1,5625.356725221688,5719.016797342024,Nenhuma,1
pedido_5588.8660983844065_746,136.99193436176435,133.51302337074173,118.51302337074173,7.3817444476368514,15,5.0,Scooter,Sandstorms,High,Urban,False,0,1,0,5588.8660983844065,5722.379121755148,Aumento_Velocidade,1
pedido_5620.451588700497_770,134.84355452194856,112.55457361948281,97.55457361948281,7.865570633842763,5,5.0,Moto,Sandstorms,Medium,Metropolitian,False,0,0,0,5620.451588700497,5723.00616231998,Rota_Reduzida,1
pedido_5642.7037511734625_781,104.80928965537505,86.73963867680106,71.73963867680106,3.6001456700203063,10,4.463737441432851,Scooter,Sunny,High,Metropolitian,False,0,1,1,5642.7037511734625,5724.443389850264,Aumento_Velocidade,1
pedido_5606.968746949104_758,133.49810283236778,108.31674775669838,108.31674775669838,2.5545338028927915,10,4.8091207735742785,Van,Foggy,High,Urban,False,0,1,0,5606.968746949104,5725.285494705802,Nenhuma,1
pedido_5608.301489938763_762,132.2070388870399,117.38708673389851,102.38708673389851,7.5555643532628824,15,4.747084182798483,Moto,Windy,High,Metropolitian,False,0,1,0,5608.301489938763,5725.688576672661,Aumento_Velocidade,1
pedido_5610.948687764098_765,128.68577041953824,121.48373322977875,106.48373322977875,4.329204864734541,10,4.954669252480211,Moto,Sandstorms,Jam,Urban,False,0,1,0,5610.948687764098,5727.432420993877,Aumento_Velocidade,1
pedido_5616.89952012046_767,123.39882070508894,122.43362905074291,107.43362905074291,4.334775347793628,5,4.6741481853388915,Moto,Stormy,Jam,Metropolitian,False,0,1,0,5616.89952012046,5729.333149171202,Aumento_Velocidade,1
pedido_5600.602940510275_753,130.3150239244158,136.1325524006259,121.13255240062591,5.282888041687672,10,4.552683651528469,Moto,Foggy,Jam,Metropolitian,False,0,1,0,5600.602940510275,5731.7354929109015,Aumento_Velocidade,0
pedido_5612.849408258414_766,131.98738227142172,129.22255688653203,114.22255688653203,2.6282845509072144,5,4.53411205596067,Scooter,Foggy,High,Metropolitian,False,0,1,0,5612.849408258414,5732.071965144946,Aumento_Velocidade,1
pedido_5606.182121579888_757,137.76282945931598,137.81194607059248,122.81194607059248,3.071358828354309,5,4.99446986051368,Moto,Foggy,High,Metropolitian,False,0,1,0,5606.182121579888,5733.99406765048,Aumento_Velocidade,0
pedido_5659.265687761457_790,98.30735841297896,83.49790495053446,68.49790495053446,8.042361448733502,10,4.7395236179026625,Moto,Sunny,High,Metropolitian,True,0,1,1,5659.265687761457,5737.763592711992,Aumento_Velocidade,1
pedido_5627.350200866807_775,134.29408168729051,115.83770092298204,100.83770092298204,4.611642076233228,10,4.640537369534657,Moto,Foggy,High,Metropolitian,False,0,1,0,5627.350200866807,5738.187901789789,Aumento_Velocidade,1
pedido_5624.9719254493875_773,128.10338629484463,113.28452296315666,98.28452296315666,4.133367334360622,15,4.604643476260427,Moto,Stormy,High,Metropolitian,False,0,1,0,5624.9719254493875,5738.256448412544,Aumento_Velocidade,1
pedido_5634.417369992199_779,118.83486280680837,95.50308621774664,95.50308621774664,1.5502639172534578,10,5.0,Van,Stormy,Jam,Other,True,0,1,0,5634.417369992199,5739.920456209946,Nenhuma,1
pedido_5655.770853865508_787,106.28957811970461,89.88256220513482,74.88256220513482,16.582219033004623,15,4.504973915178619,Scooter,Sunny,High,Metropolitian,False,0,1,1,5655.770853865508,5745.653416070642,Aumento_Velocidade,1
pedido_5610.549024814771_764,145.0612112589374,141.42786955762432,126.42786955762432,18.360935271304683,10,4.578236960385917,Moto,Foggy,Medium,Urban,True,0,0,0,5610.549024814771,5746.976894372395,Rota_Reduzida,0
pedido_5655.743383940847_786,100.4980170913318,103.44435938380002,88.44435938380002,11.31616991361932,5,4.499821678626404,Moto,Sunny,Medium,Metropolitian,False,0,0,1,5655.743383940847,5749.187743324646,Rota_Reduzida,1
pedido_5624.13747613454_772,136.495532914919,137.76634871618708,122.76634871618708,14.958815289822496,5,4.743250554096092,Scooter,Sandstorms,Medium,Metropolitian,False,0,0,0,5624.13747613454,5751.903824850727,Rota_Reduzida,0
pedido_5687.133785487246_809,60.59807939417511,69.98136003526811,54.98136003526811,13.40979978537557,10,4.443361888875843,Scooter,Stormy,Jam,Metropolitian,False,1,1,0,5687.133785487246,5752.1151455225145,Aumento_Velocidade,1
pedido_5618.5689827823935_768,137.66908686099026,143.66671957251882,128.66671957251882,12.530284480277196,5,5.0,Scooter,Windy,Medium,Urban,False,0,0,0,5618.5689827823935,5752.235702354912,Rota_Reduzida,0
pedido_5645.075303786164_783,130.03305297604035,117.83884949637445,102.83884949637445,3.520481599372668,10,4.97034930912708,Scooter,Sandstorms,Jam,Metropolitian,True,0,1,0,5645.075303786164,5757.914153282539,Aumento_Velocidade,1
pedido_5628.144134787643_776,141.70696013460235,141.1974118114192,126.19741181141919,10.866722757689109,5,4.763561270280615,Scooter,Windy,Jam,Urban,True,0,1,0,5628.144134787643,5759.341546599063,Aumento_Velocidade,0
pedido_5635.219995785642_780,137.2776997089783,135.363834057255,120.36383405725499,10.00130035564328,5,4.65023938831495,Moto,Foggy,High,Metropolitian,False,0,1,0,5635.219995785642,5760.583829842897,Aumento_Velocidade,0
pedido_5656.023623612539_788,128.79591118080657,105.2626968691558,90.2626968691558,14.954781824434587,15,4.845831064000518,Moto,Stormy,High,Metropolitian,False,0,1,0,5656.023623612539,5761.286320481695,Aumento_Velocidade,1
pedido_5649.341227754479_784,124.9225092727546,113.03254291092276,98.03254291092276,3.467298173190117,15,4.91501917210354,Moto,Sandstorms,Jam,Metropolitian,False,0,1,0,5649.341227754479,5762.373770665402,Aumento_Velocidade,1
pedido_5654.875002092593_785,129.93397795511652,116.35653333804554,101.35653333804554,5.8040156591075425,10,4.793617045716779,Moto,Sandstorms,Jam,Metropolitian,True,0,1,0,5654.875002092593,5766.231535430638,Aumento_Velocidade,1
pedido_5730.033651343122_827,49.1364701174536,28.000433250561706,28.000433250561706,1.489282494894026,10,4.745756013299716,Moto,Foggy,High,Urban,True,1,1,0,5730.033651343122,5768.0340845936835,Nenhuma,1
pedido_5671.961108561978_797,127.43887853040428,97.70979504129795,82.70979504129795,5.703782613808868,15,4.76950806663641,Moto,Stormy,High,Metropolitian,False,0,1,0,5671.961108561978,5769.670903603276,Aumento_Velocidade,1
pedido_5659.304986923806_791,135.20296211182148,116.5346363866523,101.5346363866523,3.3149411502319377,10,4.746158832876196,Moto,Windy,Medium,Urban,True,0,0,0,5659.304986923806,5770.839623310458,Rota_Reduzida,1
pedido_5660.726916461058_792,130.99058250938995,119.00208067879834,104.00208067879834,3.091770484777632,15,4.671878750216515,Moto,Sandstorms,Medium,Metropolitian,False,0,0,0,5660.726916461058,5779.728997139856,Rota_Reduzida,1
pedido_5656.151770911198_789,135.33385504438797,130.97915761166757,115.97915761166757,12.443738335100223,10,4.578743682225864,Moto,Sandstorms,High,Urban,False,0,1,0,5656.151770911198,5782.130928522865,Aumento_Velocidade,1
pedido_5665.939526679658_793,133.4939360579514,109.81326997526814,109.81326997526814,6.285919141490943,10,4.538049356379876,Van,Sandstorms,Medium,Metropolitian,False,0,0,0,5665.939526679658,5785.752796654926,Nenhuma,1
pedido_5675.057600893684_799,122.51002003681302,101.60508771514696,101.60508771514696,2.2443481691401277,10,4.822222447906715,Van,Stormy,Jam,Metropolitian,False,0,1,0,5675.057600893684,5786.662688608831,Nenhuma,1
pedido_5666.124513647991_794,145.04336640530877,124.42923631767346,109.42923631767346,17.129200865037884,15,4.709184800143093,Scooter,Foggy,High,Metropolitian,True,0,1,0,5666.124513647991,5790.553749965665,Aumento_Velocidade,1
pedido_5633.719486390427_778,174.23989059094237,162.10728227010262,147.10728227010262,4.029512747366435,10,4.376087416951095,Moto,Windy,Jam,Metropolitian,False,0,1,0,5633.719486390427,5790.8267686605295,Aumento_Velocidade,0
pedido_5666.981980486933_795,149.8314206251839,137.98034221373365,122.98034221373365,10.692627102180507,5,4.848043057778004,Moto,Foggy,Jam,Urban,False,0,1,0,5666.981980486933,5794.962322700667,Aumento_Velocidade,0
pedido_5677.896041365011_801,130.61835736647015,118.22433234713017,103.22433234713017,5.206985268496507,15,5.0,Moto,Stormy,High,Metropolitian,True,0,1,0,5677.896041365011,5796.120373712141,Aumento_Velocidade,1
pedido_5672.7031343276885_798,133.02963930756187,123.47379787561607,108.47379787561607,11.353680391918278,15,4.663035635942064,Moto,Windy,High,Metropolitian,False,0,1,0,5672.7031343276885,5796.176932203304,Aumento_Velocidade,1
pedido_5682.950448745527_806,137.22899511776922,123.81582126237322,108.81582126237322,20.163398954096568,5,4.832700514226287,Scooter,Windy,High,Urban,True,0,1,0,5682.950448745527,5796.7662700079,Aumento_Velocidade,1
pedido_5714.921305530038_822,94.49594367259826,89.21489297321286,74.21489297321286,6.4896610143396405,15,4.7605359410800165,Moto,Sunny,High,Metropolitian,False,0,1,1,5714.921305530038,5804.136198503251,Aumento_Velocidade,1
pedido_5703.650853748269_817,129.2922408826794,113.63185373254632,98.63185373254632,3.8929008272022916,5,4.679832292366759,Scooter,Stormy,High,Metropolitian,False,0,1,0,5703.650853748269,5807.282707480815,Aumento_Velocidade,1
pedido_5687.017957720966_808,101.65212664988378,111.21281068092226,111.21281068092226,13.837695804697246,10,5.0,Moto,Windy,Low,Metropolitian,False,0,0,0,5687.017957720966,5808.230768401888,Nenhuma,1
pedido_5695.261600464557_812,135.4555102732682,119.51997951628314,104.51997951628314,5.720685720436111,10,4.602890357213582,Moto,Sandstorms,Medium,Metropolitian,False,0,0,0,5695.261600464557,5809.78157998084,Rota_Reduzida,1
pedido_5680.40226997801_803,140.89819328805015,133.74231737721297,118.74231737721297,15.301965586212859,15,4.856577847309126,Scooter,Sandstorms,Jam,Urban,False,0,1,0,5680.40226997801,5814.144587355223,Aumento_Velocidade,1
pedido_5706.597726040093_819,135.3060443793462,118.30022343552706,103.30022343552706,15.448919242365132,5,4.665027522356107,Moto,Sandstorms,High,Metropolitian,True,0,1,0,5706.597726040093,5814.89794947562,Aumento_Velocidade,1
pedido_5682.378322439071_804,135.87397560093197,138.13125604739182,123.13125604739182,8.913151374276817,10,5.0,Scooter,Sandstorms,High,Metropolitian,False,0,1,0,5682.378322439071,5815.5095784864625,Aumento_Velocidade,0
pedido_5670.205323449842_796,130.27601834400573,140.6377046671641,140.6377046671641,4.341149952628348,5,5.0,Van,Sandstorms,Jam,Urban,True,0,1,0,5670.205323449842,5815.843028117006,Nenhuma,0
pedido_5689.730966395892_810,134.20702046845372,133.23965023513307,118.23965023513307,16.135056316671964,10,4.7248485680999215,Moto,Sandstorms,High,Metropolitian,False,0,1,0,5689.730966395892,5817.970616631025,Aumento_Velocidade,1
pedido_5700.29233329116_815,130.9099479111377,119.862584314135,104.862584314135,6.005040992181419,15,5.0,Scooter,Stormy,Jam,Metropolitian,True,0,1,0,5700.29233329116,5820.154917605295,Aumento_Velocidade,1
pedido_5698.934790007019_813,140.4902268134081,121.76484511047005,106.76484511047005,20.042447566960824,15,4.608348655024196,Scooter,Windy,Jam,Metropolitian,True,0,1,0,5698.934790007019,5820.6996351174885,Aumento_Velocidade,1
pedido_5700.787178941457_816,133.24079692875515,120.24684890931226,105.24684890931226,8.856870367082225,15,4.772608304635869,Scooter,Windy,High,Urban,False,0,1,0,5700.787178941457,5821.034027850769,Aumento_Velocidade,1
pedido_5748.453872588327_841,95.5788166304276,75.37184145590928,60.371841455909276,6.645053235566156,15,4.590258687089834,Scooter,Sunny,High,Metropolitian,False,0,1,1,5748.453872588327,5823.825714044236,Aumento_Velocidade,1
pedido_5706.415820260929_818,126.39472361073528,118.53240159239806,103.53240159239806,6.2052617623527375,15,4.809358745725911,Moto,Foggy,Medium,Metropolitian,True,0,0,0,5706.415820260929,5824.948221853327,Rota_Reduzida,1
pedido_5717.246491918967_824,129.7547289384046,109.17073157881853,94.17073157881853,8.732148426855943,15,4.628176310470079,Scooter,Stormy,High,Metropolitian,False,0,1,0,5717.246491918967,5826.417223497786,Aumento_Velocidade,1
pedido_5708.485747308802_820,149.2246576811014,119.00679872033334,104.00679872033334,15.979707509391854,15,4.772332624876054,Moto,Foggy,Jam,Metropolitian,False,0,1,0,5708.485747308802,5827.492546029136,Aumento_Velocidade,1
pedido_5685.677314042511_807,137.1732497899251,140.01801695061155,140.01801695061155,14.469782448254424,5,4.9634647404783365,Van,Windy,High,Metropolitian,False,0,1,0,5685.677314042511,5830.695330993122,Nenhuma,0
pedido_5691.724520253012_811,154.2225153772265,139.08397881954272,124.08397881954272,13.558277667858947,15,4.497725503348231,Scooter,Foggy,Jam,Metropolitian,False,0,1,0,5691.724520253012,5830.808499072555,Aumento_Velocidade,0
pedido_5699.854645860472_814,131.3283193778849,137.23223879920994,122.23223879920994,3.2041427854001943,10,4.88762470069719,Moto,Stormy,Medium,Metropolitian,True,0,0,0,5699.854645860472,5832.086884659682,Rota_Reduzida,0
pedido_5713.23947897266_821,141.67887272572975,120.00756684420978,105.00756684420978,15.12886469876226,15,5.0,Moto,Foggy,High,Metropolitian,False,0,1,0,5713.23947897266,5833.24704581687,Aumento_Velocidade,1
pedido_5718.0115466866055_826,132.3099708719281,125.66377088070053,110.66377088070053,7.465828184698905,5,4.707351333964383,Scooter,Foggy,High,Metropolitian,True,0,1,0,5718.0115466866055,5833.675317567306,Aumento_Velocidade,1
pedido_5735.993950860071_828,133.94368076158997,109.11030585162212,94.11030585162212,18.843893620187387,5,4.605407270815689,Moto,Stormy,Jam,Metropolitian,False,0,1,0,5735.993950860071,5835.104256711693,Aumento_Velocidade,1
pedido_5717.8840073741985_825,129.36101408685738,117.92946104568912,102.92946104568912,15.259190641259112,15,4.731857900684168,Moto,Stormy,High,Metropolitian,False,0,1,0,5717.8840073741985,5835.813468419888,Aumento_Velocidade,1
pedido_5737.097076699665_832,131.42027128187917,105.6797106202775,90.6797106202775,6.906171810401253,10,4.478179461632612,Moto,Foggy,High,Metropolitian,False,0,1,0,5737.097076699665,5837.776787319943,Aumento_Velocidade,1
pedido_5677.44384640364_800,179.22511396195785,172.59797508146238,157.59797508146238,9.505755873007768,5,4.281021967675649,Moto,Foggy,High,Metropolitian,False,0,1,0,5677.44384640364,5840.041821485102,Aumento_Velocidade,0
pedido_5743.2273817636515_836,128.1243542344259,112.71324087237909,97.71324087237909,10.021292397802497,5,4.490050199962505,Moto,Stormy,High,Metropolitian,False,0,1,0,5743.2273817636515,5845.940622636031,Aumento_Velocidade,1
pedido_5682.53406174878_805,195.20361812984316,169.19847024826865,154.19847024826865,19.57360654775042,10,4.403903797019325,Moto,Sandstorms,Jam,Urban,False,0,1,0,5682.53406174878,5846.732531997049,Aumento_Velocidade,0
pedido_5742.555578554796_834,142.0808223565322,110.85216264415948,95.85216264415948,18.502540606189907,10,4.679491561698982,Scooter,Foggy,High,Metropolitian,False,0,1,0,5742.555578554796,5848.407741198956,Aumento_Velocidade,1
pedido_5736.864622381222_830,144.89594787341818,111.74579540983461,96.74579540983461,19.307919364617703,15,4.589239828335743,Moto,Foggy,High,Metropolitian,True,0,1,0,5736.864622381222,5848.6104177910565,Aumento_Velocidade,1
pedido_5744.613730566028_837,127.4117464960537,114.20049712507017,99.20049712507017,6.23189761059754,10,4.757939041422646,Moto,Stormy,Jam,Metropolitian,False,0,1,0,5744.613730566028,5853.814227691098,Aumento_Velocidade,1
pedido_5745.527575256913_838,125.86657962528155,108.61401017442735,93.61401017442735,6.210235372202974,15,4.799750012301526,Moto,Foggy,Medium,Metropolitian,False,0,0,0,5745.527575256913,5854.141585431341,Rota_Reduzida,1
pedido_5761.109999184224_845,132.4886587340063,98.59973187475958,83.59973187475958,3.571572161110713,15,4.576509489229134,Scooter,Sandstorms,High,Metropolitian,False,0,1,0,5761.109999184224,5859.709731058983,Aumento_Velocidade,1
pedido_5737.010397726719_831,134.94826940247617,128.82307327227105,113.82307327227105,15.123991536993724,10,4.78785640649719,Scooter,Sandstorms,High,Metropolitian,True,0,1,0,5737.010397726719,5860.83347099899,Aumento_Velocidade,1
pedido_5746.088075572866_839,130.43581245774737,114.7829047296375,99.7829047296375,17.917154566270444,15,4.8798835447410704,Moto,Stormy,High,Metropolitian,False,0,1,0,5746.088075572866,5860.870980302503,Aumento_Velocidade,1
pedido_5743.156336313804_835,136.43888068078516,125.9733240748134,110.9733240748134,9.304596336142678,10,4.837432176831286,Moto,Windy,Medium,Metropolitian,False,0,0,0,5743.156336313804,5864.129660388618,Rota_Reduzida,1
pedido_5736.038269623507_829,134.35381306323993,135.68319968215036,120.68319968215036,10.49362528383767,10,4.5884143236156625,Moto,Sandstorms,High,Metropolitian,False,0,1,0,5736.038269623507,5866.721469305658,Aumento_Velocidade,0
pedido_5715.391668203528_823,140.9648651259532,143.41227093842085,143.41227093842085,10.706348680290642,10,4.872208108462151,Van,Windy,Jam,Urban,True,0,1,0,5715.391668203528,5868.803939141949,Nenhuma,0
pedido_5747.371115202602_840,133.944148828124,129.9895767406854,114.98957674068541,12.448221598524398,10,4.771216141109911,Moto,Windy,High,Metropolitian,False,0,1,0,5747.371115202602,5872.360691943287,Aumento_Velocidade,1
pedido_5753.616168825382_842,110.44838788967907,110.26018186055515,110.26018186055515,14.05464859383412,10,4.550474601734416,Moto,Foggy,Low,Metropolitian,False,0,0,0,5753.616168825382,5873.876350685938,Nenhuma,1
pedido_5761.577004706737_846,135.09796174715842,126.95749506480749,111.95749506480749,19.02795205057795,5,4.764331807610279,Moto,Sandstorms,High,Metropolitian,True,0,1,0,5761.577004706737,5878.534499771545,Aumento_Velocidade,1
pedido_5753.959545994986_843,131.20393258492732,138.32012704900168,123.32012704900168,6.2003143558316465,5,4.797976338052191,Scooter,Foggy,High,Metropolitian,True,0,1,0,5753.959545994986,5882.279673043988,Aumento_Velocidade,0
pedido_5741.264162344855_833,130.22040801448227,138.03136547027785,138.03136547027785,6.680849257835513,15,4.754208294559919,Van,Sandstorms,High,Metropolitian,True,0,1,0,5741.264162344855,5894.295527815133,Nenhuma,0
pedido_5773.314980116963_849,142.2548310866153,130.8775875254919,115.87758752549189,18.070848087578945,15,4.566209272108506,Moto,Foggy,High,Metropolitian,False,0,1,0,5773.314980116963,5904.192567642454,Aumento_Velocidade,1
pedido_5767.778075892617_848,129.76486193434457,135.00558917324028,135.00558917324028,14.10841958867768,5,4.602700328299082,Van,Stormy,High,Metropolitian,False,0,1,0,5767.778075892617,5907.783665065857,Nenhuma,0
pedido_5764.455955403959_847,179.37621324040492,163.4956254339365,148.4956254339365,14.010908097567597,5,4.312172898999621,Moto,Sunny,High,Urban,False,0,1,1,5764.455955403959,5917.951580837896,Aumento_Velocidade,0
pedido_5754.048515662618_844,197.61062377059852,179.3734991921247,164.3734991921247,12.239376053243422,5,4.274460788864547,Scooter,Stormy,Jam,Metropolitian,True,0,1,0,5754.048515662618,5923.422014854743,Aumento_Velocidade,0
pedido_7215.26615167047_6,61.440821519633445,52.1276681803831,37.1276681803831,15.421014418830666,10,4.358894436481255,Scooter,Sandstorms,High,Metropolitian,False,1,1,0,7215.26615167047,7262.393819850853,Aumento_Velocidade,1
pedido_7231.438045060882_21,41.37406495744546,37.656189729762175,37.656189729762175,12.809207266107054,5,5.0,Moto,Sunny,Jam,Metropolitian,False,1,1,1,7231.438045060882,7274.094234790645,Nenhuma,1
pedido_7239.686422329234_30,44.70117377087429,30.63509374526329,30.63509374526329,3.123955065345191,15,4.921534015257156,Moto,Foggy,High,Metropolitian,False,1,1,0,7239.686422329234,7285.321516074498,Nenhuma,1
pedido_7254.1390635682355_39,48.42281644860164,34.94281383565521,34.94281383565521,12.565249441094641,5,4.830040572634765,Moto,Foggy,Medium,Metropolitian,False,1,0,0,7254.1390635682355,7294.081877403891,Nenhuma,1
pedido_7217.215331085957_10,99.34234425945806,95.01756561873363,80.01756561873363,10.383176200352567,5,4.6979059983699605,Scooter,Sunny,Medium,Metropolitian,False,0,0,1,7217.215331085957,7302.232896704691,Rota_Reduzida,1
pedido_7215.3385574688355_7,95.86854740525581,97.2323127603459,82.2323127603459,8.355489773128731,5,4.6554472113022785,Moto,Sunny,Medium,Metropolitian,False,0,0,1,7215.3385574688355,7302.570870229181,Rota_Reduzida,1
pedido_7212.873056459765_4,131.55356453290258,106.53086623955278,86.53086623955278,13.299563036656314,5,4.641358527205693,Moto,Stormy,High,Semi-Urban,True,0,1,0,7212.873056459765,7304.403922699318,Rota_Reduzida,1
pedido_7268.723139926373_48,34.403196099152254,21.74267649255613,21.74267649255613,5.442983605639265,15,4.519394365678993,Scooter,Sunny,Low,Urban,True,1,0,1,7268.723139926373,7305.465816418929,Nenhuma,1
pedido_7256.53878862993_42,48.60820040478245,44.040943009897305,44.040943009897305,14.154210372958119,5,4.868125466853944,Moto,Foggy,Medium,Metropolitian,False,1,0,0,7256.53878862993,7305.5797316398275,Nenhuma,1
pedido_7229.602073294776_19,95.06688632851748,81.72465060794212,66.72465060794212,0.0,10,4.602676831240783,Moto,Sunny,Medium,Other,True,0,0,1,7229.602073294776,7306.326723902718,Rota_Reduzida,1
pedido_7203.1096554715705_1,130.8626028675974,115.81763765240036,100.81763765240036,14.186750077133786,10,4.6406434403822825,Moto,Stormy,High,Metropolitian,True,0,1,0,7203.1096554715705,7313.927293123971,Aumento_Velocidade,1
pedido_7235.47727754604_26,103.43522374624038,89.93108396825525,74.93108396825525,6.308513625395998,5,4.466232436837704,Scooter,Sunny,High,Urban,False,0,1,1,7235.47727754604,7315.4083615142945,Aumento_Velocidade,1
pedido_7231.613120449602_22,100.34458430708159,85.17909464340798,70.17909464340798,4.854859102383164,15,4.6121469513276265,Moto,Sunny,Jam,Metropolitian,True,0,1,1,7231.613120449602,7316.79221509301,Aumento_Velocidade,1
pedido_7220.176424882987_12,106.58412499837675,108.45264810670541,93.45264810670541,17.30179167622254,5,4.504184072486853,Scooter,Sunny,High,Metropolitian,False,0,1,1,7220.176424882987,7318.629072989692,Aumento_Velocidade,1
pedido_7267.087187165537_47,63.07232634057855,57.539816745833804,42.539816745833804,3.6739053903191197,15,4.394704391775639,Scooter,Stormy,High,Metropolitian,True,1,1,0,7267.087187165537,7324.627003911371,Aumento_Velocidade,1
pedido_7212.350749817751_3,131.47357163045365,117.4894133084093,102.4894133084093,3.9798110533880102,10,4.811474390262566,Moto,Windy,High,Metropolitian,False,0,1,0,7212.350749817751,7324.84016312616,Aumento_Velocidade,1
pedido_7202.230823242932_0,144.16933654679073,133.40050112560007,118.40050112560007,11.394149264609508,5,4.764858023428451,Scooter,Foggy,High,Metropolitian,True,0,1,0,7202.230823242932,7325.631324368533,Aumento_Velocidade,1
pedido_7215.668940345521_8,134.21504553323146,111.67225870265275,96.67225870265275,14.363015931675166,15,4.929700136232242,Scooter,Sandstorms,High,Metropolitian,False,0,1,0,7215.668940345521,7327.341199048174,Aumento_Velocidade,1
pedido_7216.168650458376_9,102.41542050749148,96.74188704770299,96.74188704770299,11.94894157504354,15,4.499144773310915,Moto,Sandstorms,Low,Metropolitian,False,0,0,0,7216.168650458376,7327.910537506079,Nenhuma,1
pedido_7241.016674518185_31,94.27841153683677,96.39890420652827,81.39890420652827,7.1754811419489215,10,4.633146541845788,Moto,Sunny,Medium,Urban,False,0,0,1,7241.016674518185,7332.415578724714,Rota_Reduzida,1
pedido_7205.571315178267_2,136.11804812989126,132.16932550103593,117.16932550103593,6.4811362121047225,10,5.0,Moto,Foggy,High,Metropolitian,False,0,1,0,7205.571315178267,7332.7406406793025,Aumento_Velocidade,1
pedido_7228.7561596876585_18,102.52883810559999,92.69958330372145,92.69958330372145,7.551254116895914,15,4.631395867943176,Moto,Stormy,Low,Metropolitian,False,0,0,0,7228.7561596876585,7336.45574299138,Nenhuma,1
pedido_7224.856115250888_17,128.38993636279594,122.26357244447554,107.26357244447554,5.387412132418237,5,4.631825327526138,Moto,Windy,Jam,Metropolitian,False,0,1,0,7224.856115250888,7337.119687695364,Aumento_Velocidade,1
pedido_7241.816936034942_32,100.02972482430123,85.54068138607754,85.54068138607754,11.192259206680504,10,4.752956199851859,Van,Windy,Low,Other,False,0,0,0,7241.816936034942,7337.357617421019,Nenhuma,1
pedido_7242.917083601487_33,98.09455266861596,105.94985881757798,90.94985881757798,5.504441348106018,5,4.665459384529877,Scooter,Sunny,High,Metropolitian,False,0,1,1,7242.917083601487,7338.866942419066,Aumento_Velocidade,1
pedido_7246.226784509986_35,110.73858246793999,106.94852681750862,91.94852681750862,10.63384019145893,5,4.6699424965188365,Moto,Sunny,Jam,Urban,False,0,1,1,7246.226784509986,7343.1753113274945,Aumento_Velocidade,1
pedido_7221.901338441343_14,131.59140551472498,133.85209468880862,118.85209468880862,6.6281966928913745,5,4.853359587441701,Moto,Sandstorms,High,Metropolitian,False,0,1,0,7221.901338441343,7345.753433130151,Aumento_Velocidade,1
pedido_7236.271940510448_28,134.7366504334015,120.18232748429293,105.18232748429293,6.737146222739238,5,4.870382043984282,Moto,Sandstorms,Medium,Metropolitian,False,0,0,0,7236.271940510448,7346.454267994741,Rota_Reduzida,1
pedido_7232.034161634619_23,123.83339903623634,119.80332969797735,104.80332969797735,3.452851323773768,10,4.630278293438324,Moto,Foggy,Medium,Metropolitian,True,0,0,0,7232.034161634619,7346.837491332596,Rota_Reduzida,1
pedido_7239.2611025965525_29,132.65520812979105,116.31810648571701,101.31810648571701,6.738627161935428,10,4.591318783646312,Moto,Windy,High,Metropolitian,False,0,1,0,7239.2611025965525,7350.57920908227,Aumento_Velocidade,1
pedido_7236.08928756318_27,134.33481253643853,125.44529925507851,110.44529925507851,17.066246333919693,5,4.882804394568963,Scooter,Sandstorms,High,Metropolitian,True,0,1,0,7236.08928756318,7351.5345868182585,Aumento_Velocidade,1
pedido_7234.519049512778_25,144.3680341510567,127.54091554400662,112.54091554400662,13.143768018040696,5,4.818514987254023,Scooter,Foggy,High,Metropolitian,True,0,1,0,7234.519049512778,7352.059965056785,Aumento_Velocidade,1
pedido_7280.724485350566_59,99.62715641296285,78.46304987112653,63.46304987112653,4.203133889140293,10,4.734688194755626,Moto,Sunny,High,Metropolitian,True,0,1,1,7280.724485350566,7354.187535221693,Aumento_Velocidade,1
pedido_7244.283667134416_34,128.53879175017417,120.52416681868607,105.52416681868607,7.059957091635789,5,4.575942582415907,Moto,Windy,Jam,Metropolitian,False,0,1,0,7244.283667134416,7354.807833953102,Aumento_Velocidade,1
pedido_7232.03498757476_24,142.47025943631772,122.884169338697,107.884169338697,19.016380937712885,15,5.0,Scooter,Foggy,High,Urban,False,0,1,0,7232.03498757476,7354.919156913456,Aumento_Velocidade,1
pedido_7306.366581133916_78,41.34415993163825,44.523725118606734,44.523725118606734,14.025530289689437,5,4.913350086017001,Moto,Foggy,Low,Urban,True,1,0,0,7306.366581133916,7355.890306252522,Nenhuma,1
pedido_7251.982695055523_38,122.07664796693722,114.86570633358022,94.86570633358022,5.804627809389711,10,4.8094647091374885,Moto,Windy,High,Other,False,0,1,0,7251.982695055523,7356.848401389104,Rota_Reduzida,1
pedido_7221.490282784793_13,133.68532923575702,137.20503800937203,122.20503800937203,11.94069450673473,15,4.771032832008198,Scooter,Sandstorms,High,Metropolitian,False,0,1,0,7221.490282784793,7358.695320794165,Aumento_Velocidade,0
pedido_7230.382127887701_20,135.328599457068,114.43181640103705,114.43181640103705,19.626856053292883,15,4.583012086184675,Van,Sandstorms,High,Metropolitian,False,0,1,0,7230.382127887701,7359.813944288739,Nenhuma,1
pedido_7224.121757248234_16,133.77483873398543,140.70386986287218,125.70386986287218,15.172376719838649,10,4.643202730343072,Scooter,Stormy,Medium,Urban,False,0,0,0,7224.121757248234,7359.825627111106,Rota_Reduzida,0
pedido_7247.6593381019675_36,132.54907833083777,113.11667394055772,98.11667394055772,16.478275656460326,15,4.553513033653477,Moto,Windy,High,Metropolitian,False,0,1,0,7247.6593381019675,7360.7760120425255,Aumento_Velocidade,1
pedido_7250.846224709738_37,129.76486193434457,117.50007657557998,102.50007657557998,16.01498289999831,10,4.556225814881147,Moto,Stormy,High,Metropolitian,False,0,1,0,7250.846224709738,7363.346301285318,Aumento_Velocidade,1
pedido_7214.092212546769_5,152.7022639820542,162.86203173590073,147.86203173590073,12.758191234413239,5,5.0,Moto,Foggy,Jam,Metropolitian,False,0,1,0,7214.092212546769,7366.95424428267,Aumento_Velocidade,0
pedido_7276.453317053966_55,104.7897023401856,100.72062156129226,85.72062156129226,12.718641919350182,5,4.625775526315967,Moto,Sunny,High,Urban,True,0,1,1,7276.453317053966,7367.1739386152585,Aumento_Velocidade,1
pedido_7273.625854332076_53,100.46252054678261,108.60355201665602,93.60355201665602,9.262608265885994,5,4.674954351728368,Moto,Sunny,Jam,Metropolitian,True,0,1,1,7273.625854332076,7372.2294063487325,Aumento_Velocidade,1
pedido_7255.088229233697_41,133.62420774403108,123.9196871583961,108.9196871583961,13.829077345845143,10,4.617782771050156,Scooter,Windy,High,Metropolitian,False,0,1,0,7255.088229233697,7374.007916392094,Aumento_Velocidade,1
pedido_7306.947217430461_79,97.56480591209817,78.85973063412297,63.85973063412297,5.465569651958837,5,4.899605977647003,Moto,Sunny,High,Metropolitian,False,0,1,1,7306.947217430461,7375.806948064584,Aumento_Velocidade,1
pedido_7254.868416345498_40,131.53379038969067,126.240982979216,111.240982979216,16.03848964033121,10,4.5441967023102015,Scooter,Stormy,High,Metropolitian,True,0,1,0,7254.868416345498,7376.109399324714,Aumento_Velocidade,1
pedido_7270.436500681111_51,128.68577041953824,115.98251616544967,100.98251616544967,3.8769054266869416,5,5.0,Scooter,Sandstorms,Jam,Metropolitian,False,0,1,0,7270.436500681111,7376.419016846561,Aumento_Velocidade,1
pedido_7266.947211564629_46,128.1514454261406,115.82956775562486,100.82956775562486,4.721064998172139,10,4.761424128852439,Scooter,Foggy,Medium,Metropolitian,False,0,0,0,7266.947211564629,7377.776779320254,Rota_Reduzida,1
pedido_7278.174396235235_56,104.21593062910203,91.24232065974222,91.24232065974222,11.085080183230016,10,4.677583368049827,Moto,Windy,Low,Metropolitian,False,0,0,0,7278.174396235235,7379.416716894977,Nenhuma,1
pedido_7269.057469070846_49,126.19002097564969,110.95434479451292,95.95434479451292,7.4981138204569255,15,4.756968085054825,Scooter,Foggy,Medium,Metropolitian,True,0,0,0,7269.057469070846,7380.011813865359,Rota_Reduzida,1
pedido_7261.862884029583_43,132.5890508583103,125.57785700588562,110.57785700588562,15.57195190419956,10,4.648257145038392,Moto,Windy,High,Metropolitian,False,0,1,0,7261.862884029583,7382.440741035469,Aumento_Velocidade,1
pedido_7293.556398361842_65,99.05590523092877,92.58109381645139,77.58109381645139,1.288385863203085,15,4.56494115459966,Moto,Sunny,Jam,Metropolitian,False,0,1,1,7293.556398361842,7386.1374921782935,Aumento_Velocidade,1
pedido_7264.946368586826_44,132.3272512953978,131.96291694499766,116.96291694499766,6.472661054037429,5,4.913067287484219,Scooter,Stormy,Medium,Metropolitian,False,0,0,0,7264.946368586826,7386.909285531823,Rota_Reduzida,1
pedido_7281.408535247341_60,124.58304580415489,111.40265658141358,96.40265658141358,3.4557097577342093,15,4.762237041164929,Scooter,Sandstorms,Jam,Metropolitian,False,0,1,0,7281.408535247341,7392.811191828755,Aumento_Velocidade,1
pedido_7275.084663225012_54,136.33722137597354,124.25264161326663,109.25264161326663,16.908597461128174,10,4.964667079704111,Scooter,Sandstorms,High,Metropolitian,True,0,1,0,7275.084663225012,7394.337304838279,Aumento_Velocidade,1
pedido_7278.2804698396085_57,134.21504553323146,124.47292591971066,109.47292591971066,16.153966782308416,10,4.867262869413628,Scooter,Sandstorms,High,Metropolitian,False,0,1,0,7278.2804698396085,7397.75339575932,Aumento_Velocidade,1
pedido_7271.511417307748_52,141.41503421338032,126.70211239688126,111.70211239688126,13.871174851871064,15,4.744269400546558,Moto,Foggy,High,Metropolitian,False,0,1,0,7271.511417307748,7398.21352970463,Aumento_Velocidade,1
pedido_7270.161794965216_50,140.7428599896515,131.6398634826579,116.63986348265789,15.9800818473891,15,4.590675605885245,Moto,Sandstorms,Jam,Metropolitian,False,0,1,0,7270.161794965216,7401.801658447875,Aumento_Velocidade,1
pedido_7295.392768619929_70,127.22946564043976,113.12714786749038,98.12714786749038,4.4802391682940845,10,4.8595365841439495,Moto,Stormy,Jam,Metropolitian,True,0,1,0,7295.392768619929,7403.519916487419,Aumento_Velocidade,1
pedido_7217.805759599741_11,199.6759307012993,194.37572815623383,179.37572815623383,15.126201074873801,10,4.389429804215449,Moto,Stormy,Jam,Metropolitian,True,0,1,0,7217.805759599741,7407.181487755975,Aumento_Velocidade,0
pedido_7373.416324909986_116,38.69474914485352,18.887784181739946,18.887784181739946,12.520208545382904,15,4.616550809727819,Moto,Sunny,Medium,Urban,False,1,0,1,7373.416324909986,7407.304109091726,Nenhuma,1
pedido_7283.751973141109_61,125.70712936722668,113.77142404925276,113.77142404925276,1.126453286563465,10,4.757013094311467,Van,Foggy,Medium,Urban,False,0,0,0,7283.751973141109,7407.523397190362,Nenhuma,1
pedido_7301.99091662105_75,126.64662516673184,112.91319342537642,97.91319342537642,1.5236004906278549,10,4.79731805756921,Moto,Sandstorms,Jam,Metropolitian,True,0,1,0,7301.99091662105,7409.9041100464265,Aumento_Velocidade,1
pedido_7366.718328912616_110,45.24590762805034,29.60718434867767,29.60718434867767,10.305530203120604,15,4.678979081167386,Scooter,Windy,High,Other,False,1,1,0,7366.718328912616,7411.325513261294,Nenhuma,1
pedido_7223.329866290626_15,192.94203487839206,195.00527234075753,180.00527234075753,3.9778095900606987,10,4.4408996437705985,Scooter,Sunny,High,Metropolitian,False,0,1,1,7223.329866290626,7413.335138631384,Aumento_Velocidade,0
pedido_7295.059812799936_68,133.28348391376278,118.68518349755186,103.68518349755186,6.2902097076724175,15,4.623763881285716,Scooter,Foggy,High,Metropolitian,False,0,1,0,7295.059812799936,7413.744996297488,Aumento_Velocidade,1
pedido_7297.363738661581_72,133.79104047427344,129.15623400700008,114.15623400700008,5.318242897332889,5,4.7613108592527205,Scooter,Foggy,High,Urban,False,0,1,0,7297.363738661581,7416.519972668581,Aumento_Velocidade,1
pedido_7295.3756729951065_69,135.7975343682578,131.57718190980586,116.57718190980586,14.763956682005757,5,4.805097502511611,Scooter,Windy,High,Metropolitian,True,0,1,0,7295.3756729951065,7416.952854904912,Aumento_Velocidade,1
pedido_7298.673787317784_74,148.94596451333177,123.39376511148131,108.39376511148131,10.330459871807138,10,4.599772792204635,Moto,Foggy,Jam,Metropolitian,False,0,1,0,7298.673787317784,7417.067552429266,Aumento_Velocidade,1
pedido_7315.655343448347_83,102.33308935414034,93.95495664451536,93.95495664451536,13.488466218233937,15,4.784651429213551,Moto,Stormy,Low,Metropolitian,False,0,0,0,7315.655343448347,7424.610300092862,Nenhuma,1
pedido_7296.196015882885_71,134.85247937810988,128.99193665718175,113.99193665718175,0.0,15,4.954707726300383,Moto,Windy,High,Metropolitian,False,0,1,0,7296.196015882885,7425.187952540067,Aumento_Velocidade,1
pedido_7284.126601338928_62,171.49268033993258,151.21411580679194,136.21411580679194,6.6338461074568995,5,4.2462477195628345,Moto,Sandstorms,Medium,Metropolitian,False,0,0,0,7284.126601338928,7425.340717145719,Rota_Reduzida,0
pedido_7302.730218328447_77,143.72161743942561,135.42088190061037,120.42088190061037,14.119548390234433,5,4.477815736813449,Scooter,Sandstorms,Jam,Metropolitian,False,0,1,0,7302.730218328447,7428.151100229058,Aumento_Velocidade,0
pedido_7290.959371411236_64,135.27831051114404,142.4718844095189,127.4718844095189,19.042190345737737,10,4.631745036565748,Moto,Sandstorms,High,Metropolitian,False,0,1,0,7290.959371411236,7428.431255820755,Aumento_Velocidade,0
pedido_7319.553888169926_85,132.0813584930208,109.80992979022363,94.80992979022363,4.958830274534394,15,4.677388583442722,Scooter,Sandstorms,High,Metropolitian,False,0,1,0,7319.553888169926,7429.363817960149,Aumento_Velocidade,1
pedido_7343.706720714107_94,94.8433070415094,81.83235671661103,81.83235671661103,2.6195895355634025,5,4.6839642359991345,Scooter,Sunny,Low,Metropolitian,False,0,0,1,7343.706720714107,7430.539077430718,Nenhuma,1
pedido_7318.934829509023_84,132.8295864841734,117.15976865911134,102.15976865911134,11.729512836174454,10,4.892591701816393,Moto,Windy,High,Urban,False,0,1,0,7318.934829509023,7431.094598168134,Aumento_Velocidade,1
pedido_7341.456862843596_92,103.23256476729377,87.5678985408001,87.5678985408001,12.95046180274372,5,4.741056004495134,Moto,Sandstorms,Low,Metropolitian,False,0,0,0,7341.456862843596,7434.024761384397,Nenhuma,1
pedido_7322.335148539088_86,100.70083564225351,112.39129425477859,97.39129425477859,12.85359416393444,15,5.0,Scooter,Sunny,Medium,Urban,False,0,0,1,7322.335148539088,7434.726442793866,Rota_Reduzida,1
pedido_7309.039531926582_81,133.54167802044813,135.97991415170355,120.97991415170355,8.395028239307209,5,4.6584758901682894,Scooter,Windy,High,Metropolitian,False,0,1,0,7309.039531926582,7435.019446078285,Aumento_Velocidade,0
pedido_7351.808930194616_102,100.2898818099933,88.76038031909106,73.76038031909106,10.797184813508238,10,4.757602780360355,Moto,Sunny,Medium,Metropolitian,False,0,0,1,7351.808930194616,7435.569310513707,Rota_Reduzida,1
pedido_7361.419452916468_108,102.35970845081678,84.27913155600498,69.27913155600498,18.709086953746727,5,4.646412621997439,Moto,Sunny,High,Metropolitian,False,0,1,1,7361.419452916468,7435.698584472473,Aumento_Velocidade,1
pedido_7345.5813852694155_96,101.13833093960928,98.10432473591267,83.10432473591267,9.985457088842448,10,4.7436236397007505,Scooter,Sunny,High,Urban,False,0,1,1,7345.5813852694155,7438.6857100053285,Aumento_Velocidade,1
pedido_7370.146113742396_112,48.430613315237615,54.133742821780544,54.133742821780544,19.79663788071322,15,4.720125264415947,Scooter,Foggy,Medium,Metropolitian,False,1,0,0,7370.146113742396,7439.279856564176,Nenhuma,1
pedido_7315.428803713953_82,135.13478763312108,128.64249952961822,113.64249952961822,4.902449596638968,15,5.0,Moto,Foggy,High,Urban,True,0,1,0,7315.428803713953,7444.0713032435715,Aumento_Velocidade,1
pedido_7298.396646815254_73,152.72826601705643,159.62834821559835,144.62834821559835,10.961410767096602,5,5.0,Moto,Foggy,Jam,Metropolitian,True,0,1,0,7298.396646815254,7448.024995030853,Aumento_Velocidade,0
pedido_7359.690708741389_106,101.17663549600017,78.3404768155032,78.3404768155032,6.537087854549716,15,4.750726117811389,Moto,Sandstorms,Low,Metropolitian,False,0,0,0,7359.690708741389,7453.0311855568925,Nenhuma,1
pedido_7352.2268557623065_103,132.5995064518903,110.83144641439466,95.83144641439466,15.778544869185607,5,5.0,Moto,Stormy,High,Metropolitian,False,0,1,0,7352.2268557623065,7453.0583021767015,Aumento_Velocidade,1
pedido_7285.507363291637_63,186.90224448119412,177.99416041969715,162.99416041969715,16.85762049690756,5,4.332987347706592,Moto,Foggy,High,Metropolitian,False,0,1,0,7285.507363291637,7453.501523711335,Aumento_Velocidade,0
pedido_7336.702613947918_91,103.4586377624342,107.4759266891961,107.4759266891961,5.190557964593929,10,4.651013847118205,Moto,Stormy,Low,Metropolitian,False,0,0,0,7336.702613947918,7454.178540637114,Nenhuma,1
pedido_7331.8567075761885_87,135.39823089047906,122.5024369909197,107.5024369909197,17.806973840586597,15,4.716714528144908,Scooter,Sandstorms,High,Metropolitian,True,0,1,0,7331.8567075761885,7454.359144567108,Aumento_Velocidade,1
pedido_7333.157899166273_88,133.02331570544942,126.90044487299261,111.90044487299261,6.136620851297067,10,4.482009554557154,Moto,Stormy,Medium,Metropolitian,True,0,0,0,7333.157899166273,7455.058344039266,Rota_Reduzida,1
pedido_7294.340498861511_66,170.23412154084093,160.89709512081848,145.89709512081848,4.444604150549542,15,4.445737188393484,Moto,Stormy,Medium,Other,False,0,0,0,7294.340498861511,7455.23759398233,Rota_Reduzida,0
pedido_7346.900615342606_98,133.8603358861522,108.69854141974508,93.69854141974508,5.459773738617605,15,4.731327902713067,Scooter,Foggy,High,Metropolitian,False,0,1,0,7346.900615342606,7455.599156762351,Aumento_Velocidade,1
pedido_7278.383499860891_58,184.6451886869828,189.65648143801113,174.65648143801113,10.937027925458658,5,4.309238983404872,Moto,Sandstorms,High,Metropolitian,True,0,1,0,7278.383499860891,7458.039981298902,Aumento_Velocidade,0
pedido_7412.028493579379_148,45.75633511696263,37.54453653517121,37.54453653517121,10.710829953859868,10,4.728150635785113,Moto,Sandstorms,High,Metropolitian,False,1,1,0,7412.028493579379,7459.57303011455,Nenhuma,1
pedido_7344.794054342689_95,134.2016008242373,116.81138266834228,101.81138266834228,7.0417178582256135,15,5.0,Moto,Windy,High,Urban,True,0,1,0,7344.794054342689,7461.605437011031,Aumento_Velocidade,1
pedido_7351.08938487202_101,132.4946085953814,111.1427097287948,96.1427097287948,6.283727972726185,15,4.761218923714357,Moto,Foggy,High,Metropolitian,True,0,1,0,7351.08938487202,7462.232094600815,Aumento_Velocidade,1
pedido_7347.657057895414_99,129.39348802870478,124.82105303245908,109.82105303245908,14.595101578428483,5,4.83755534075913,Scooter,Stormy,Medium,Other,True,0,0,0,7347.657057895414,7462.478110927874,Rota_Reduzida,1
pedido_7266.238452853888_45,177.42550218212185,182.09521047148678,182.09521047148678,5.932897214595962,15,4.380240269624559,Van,Sandstorms,High,Metropolitian,True,0,1,0,7266.238452853888,7463.333663325375,Nenhuma,0
pedido_7346.301082248738_97,128.27832649604173,123.30787107356366,108.30787107356366,1.8420555370437386,10,4.466815233624278,Moto,Windy,High,Metropolitian,False,0,1,0,7346.301082248738,7464.608953322301,Aumento_Velocidade,1
pedido_7343.321633274571_93,144.33881639408133,133.39579778796744,118.39579778796744,13.754504448189817,5,4.890033991952171,Scooter,Foggy,High,Urban,True,0,1,0,7343.321633274571,7466.717431062538,Aumento_Velocidade,1
pedido_7382.5150796339785_125,103.08329828040188,96.71211999693973,81.71211999693973,7.454615334060685,5,4.4840070398110665,Moto,Sunny,High,Metropolitian,False,0,1,1,7382.5150796339785,7469.227199630918,Aumento_Velocidade,1
pedido_7308.381745641688_80,172.93433992309943,162.23397426971326,147.23397426971326,4.249640943063229,15,4.387650448975483,Moto,Windy,Medium,Metropolitian,True,0,0,0,7308.381745641688,7470.615719911401,Rota_Reduzida,0
pedido_7392.613415136675_134,98.14802361612992,78.95778927777354,63.95778927777354,3.2577111047014546,15,4.582706775910853,Scooter,Sunny,High,Metropolitian,False,0,1,1,7392.613415136675,7471.571204414448,Aumento_Velocidade,1
pedido_7294.460048702237_67,184.4192918676476,182.79622377394165,167.79622377394165,15.618497207836585,10,4.310345544825972,Moto,Stormy,Medium,Metropolitian,False,0,0,0,7294.460048702237,7472.256272476179,Rota_Reduzida,0
pedido_7421.711691847409_157,44.103064814026446,35.64125956880844,35.64125956880844,3.4278597898324454,15,4.9438113128635655,Moto,Stormy,Jam,Urban,False,1,1,0,7421.711691847409,7472.352951416218,Nenhuma,1
pedido_7350.535302062966_100,130.62714448352773,122.82030305553161,107.82030305553161,2.2078982516633268,15,4.705519893112375,Moto,Sandstorms,High,Metropolitian,True,0,1,0,7350.535302062966,7473.355605118498,Aumento_Velocidade,1
pedido_7371.65436846206_114,100.91124785665357,98.81915436666516,98.81915436666516,5.12011620203353,5,5.0,Scooter,Stormy,Low,Metropolitian,True,0,0,0,7371.65436846206,7475.473522828725,Nenhuma,1
pedido_7372.658061172831_115,99.00658124219235,88.56573560818038,88.56573560818038,8.683661307800907,15,4.855243814798063,Moto,Windy,Low,Urban,False,0,0,0,7372.658061172831,7476.2237967810115,Nenhuma,1
pedido_7384.596945183278_127,104.57363651468671,98.4055446818699,83.4055446818699,16.04796735077922,10,5.0,Scooter,Sunny,High,Urban,True,0,1,1,7384.596945183278,7478.002489865148,Aumento_Velocidade,1
pedido_7396.493350888498_137,108.31787795250523,87.39913217525556,72.39913217525556,20.724306977665158,10,4.847145177551579,Moto,Sunny,Medium,Metropolitian,False,0,0,1,7396.493350888498,7478.892483063753,Rota_Reduzida,1
pedido_7382.927093091457_126,101.61481017132195,97.3758803087852,82.3758803087852,15.947115330657503,15,4.722785524585956,Moto,Sunny,High,Metropolitian,False,0,1,1,7382.927093091457,7480.302973400242,Aumento_Velocidade,1
pedido_7376.919059070405_119,129.60196663970186,114.64833152964785,99.64833152964785,13.696295257900927,5,4.941035133045829,Moto,Stormy,High,Metropolitian,False,0,1,0,7376.919059070405,7481.567390600053,Aumento_Velocidade,1
pedido_7359.116803437153_105,134.21504553323146,132.70108220911587,117.70108220911587,15.089298746169094,5,4.864625810225194,Scooter,Sandstorms,High,Metropolitian,False,0,1,0,7359.116803437153,7481.817885646269,Aumento_Velocidade,1
pedido_7335.837108495261_90,167.06282369547978,157.29732214985486,142.29732214985486,3.3546658218497734,5,4.436438708068138,Scooter,Sandstorms,Medium,Urban,True,0,0,0,7335.837108495261,7483.1344306451165,Rota_Reduzida,0
pedido_7432.142977921305_167,46.65019185609486,42.87449432904702,42.87449432904702,4.058663696318681,10,4.782085562071982,Van,Windy,High,Metropolitian,False,1,1,0,7432.142977921305,7485.017472250352,Nenhuma,1
pedido_7400.717322074574_142,109.57868177606653,84.8732363771186,69.8732363771186,17.5325882773983,15,4.807349602270263,Moto,Sunny,Jam,Metropolitian,True,0,1,1,7400.717322074574,7485.590558451693,Aumento_Velocidade,1
pedido_7448.48630504312_180,44.929312534747645,23.179553272587924,23.179553272587924,9.230929173502808,15,4.611237477459757,Moto,Sandstorms,High,Metropolitian,False,1,1,0,7448.48630504312,7486.665858315709,Nenhuma,1
pedido_7374.698289153_118,131.08049843383515,114.89988245745118,99.89988245745118,4.586531315036001,15,4.55387209919252,Moto,Windy,High,Metropolitian,False,0,1,0,7374.698289153,7489.598171610451,Aumento_Velocidade,1
pedido_7416.201849554952_151,100.75863504844659,86.11328220877743,71.11328220877743,4.020824045044657,5,4.691249462593482,Scooter,Sunny,Jam,Metropolitian,True,0,1,1,7416.201849554952,7492.315131763729,Aumento_Velocidade,1
pedido_7459.349513108153_191,43.78490465819741,23.848848666549856,23.848848666549856,2.9649917652686186,10,4.748666299570884,Moto,Stormy,Jam,Urban,False,1,1,0,7459.349513108153,7493.198361774703,Nenhuma,1
pedido_7402.119410429023_143,97.59251631714302,96.18792282143515,81.18792282143515,6.004931568016333,10,4.854279207476152,Scooter,Sunny,High,Metropolitian,False,0,1,1,7402.119410429023,7493.307333250458,Aumento_Velocidade,1
pedido_7302.662499047526_76,184.0941791808179,200.7369512063726,185.7369512063726,11.05556573379832,5,4.426706673491268,Moto,Sandstorms,High,Metropolitian,False,0,1,0,7302.662499047526,7493.399450253898,Aumento_Velocidade,0
pedido_7378.745456849397_122,133.0414176924107,114.70661507753846,99.70661507753846,15.480843798595771,15,4.68651698286246,Moto,Stormy,Medium,Metropolitian,False,0,0,0,7378.745456849397,7493.452071926935,Rota_Reduzida,1
pedido_7399.944220544168_140,102.98396420915626,79.5544204932302,79.5544204932302,12.826678477389038,15,4.923010486362455,Van,Sandstorms,Low,Metropolitian,False,0,0,0,7399.944220544168,7494.498641037399,Nenhuma,1
pedido_7412.51874411323_149,102.79556585409803,93.31251792693925,78.31251792693925,7.630680820381772,5,4.535053817255874,Scooter,Sunny,High,Metropolitian,False,0,1,1,7412.51874411323,7495.831262040169,Aumento_Velocidade,1
pedido_7388.470936817942_131,98.38002936765146,101.71672072922934,101.71672072922934,6.300694041690681,10,4.585162618843078,Moto,Sunny,Low,Metropolitian,False,0,0,1,7388.470936817942,7500.1876575471715,Nenhuma,1
pedido_7378.419237845913_121,133.8715255393343,131.79224674091142,116.79224674091142,20.604786098181517,5,4.6697300793916705,Moto,Stormy,High,Metropolitian,False,0,1,0,7378.419237845913,7500.211484586825,Aumento_Velocidade,1
pedido_7388.115174551696_130,125.3417144319022,118.36252941567795,103.36252941567795,3.3108824631643445,10,4.535249088200301,Moto,Stormy,High,Metropolitian,True,0,1,0,7388.115174551696,7501.4777039673745,Aumento_Velocidade,1
pedido_7374.311232228197_117,137.21118265823273,139.11919314929781,124.11919314929781,4.6077005293339885,5,5.0,Scooter,Sandstorms,Medium,Urban,False,0,0,0,7374.311232228197,7503.430425377494,Rota_Reduzida,0
pedido_7420.265639029481_153,107.32777629153766,95.4746181498098,80.4746181498098,17.140315798839524,5,4.5102097590470995,Scooter,Sunny,Medium,Metropolitian,True,0,0,1,7420.265639029481,7505.74025717929,Rota_Reduzida,1
pedido_7385.171732441878_128,141.64360413874897,131.62150634165485,116.62150634165485,13.721998685487963,5,4.804845242710957,Moto,Sandstorms,Jam,Urban,True,0,1,0,7385.171732441878,7506.793238783533,Aumento_Velocidade,1
pedido_7381.278819737622_123,134.92887838272162,135.94552270819926,120.94552270819926,9.84543358180036,5,4.696712577779929,Moto,Windy,High,Metropolitian,True,0,1,0,7381.278819737622,7507.224342445821,Aumento_Velocidade,0
pedido_7404.0022644665105_144,125.9577773149387,120.59674873225849,100.59674873225849,11.56876763796743,5,4.554986298773435,Scooter,Stormy,High,Other,False,0,1,0,7404.0022644665105,7509.599013198769,Rota_Reduzida,1
pedido_7371.195672028753_113,176.1074471054979,139.65762495941303,124.65762495941303,9.068933656183448,15,4.408587912199792,Moto,Windy,High,Metropolitian,False,0,1,0,7371.195672028753,7510.853296988165,Aumento_Velocidade,0
pedido_7390.361522070676_133,136.11264911075537,125.52012991810398,110.52012991810398,16.73856114477119,10,4.8487399537081135,Moto,Windy,High,Metropolitian,True,0,1,0,7390.361522070676,7510.8816519887805,Aumento_Velocidade,1
pedido_7364.23653379643_109,175.09467343489,151.74462531607804,136.74462531607804,7.361031769789488,10,4.445794556995825,Moto,Stormy,High,Urban,False,0,1,0,7364.23653379643,7510.981159112508,Aumento_Velocidade,0
pedido_7399.23820011719_139,133.04834682261887,113.14239227979968,98.14239227979968,7.756415404483212,15,4.610435003884107,Moto,Windy,High,Metropolitian,False,0,1,0,7399.23820011719,7512.380592396989,Aumento_Velocidade,1
pedido_7352.505160588355_104,179.38230857484996,171.4371301434231,156.4371301434231,5.162069297774099,5,4.376113946694024,Scooter,Foggy,Jam,Metropolitian,False,0,1,0,7352.505160588355,7513.942290731778,Aumento_Velocidade,0
pedido_7386.824569899582_129,134.67849721496168,132.16125558990817,117.16125558990817,4.465684367661187,10,4.61675940357302,Moto,Foggy,High,Metropolitian,False,0,1,0,7386.824569899582,7513.98582548949,Aumento_Velocidade,1
pedido_7423.794568993131_160,99.2073756361274,87.72859006751035,87.72859006751035,1.765171506623663,5,4.548612792939822,Moto,Foggy,Low,Metropolitian,True,0,0,0,7423.794568993131,7516.523159060642,Nenhuma,1
pedido_7404.094048274148_145,135.35273384526806,118.23560921881565,103.23560921881565,14.882838137151456,10,4.780924717478849,Scooter,Windy,Medium,Urban,False,0,0,0,7404.094048274148,7517.329657492964,Rota_Reduzida,1
pedido_7367.053446248124_111,134.74417810323345,145.85460442674446,145.85460442674446,0.4971393717645274,5,4.174678647716482,Moto,Sandstorms,Low,Metropolitian,False,0,0,0,7367.053446248124,7517.908050674868,Nenhuma,0
pedido_7429.544158084623_164,101.86332648589489,93.42382853802854,78.42382853802854,13.654963469237689,10,4.633056389040615,Moto,Sunny,High,Urban,False,0,1,1,7429.544158084623,7517.967986622652,Aumento_Velocidade,1
pedido_7400.320749976671_141,131.47357163045365,131.7292806184919,116.72928061849191,3.7226599105064047,5,4.750330732627605,Moto,Windy,High,Metropolitian,False,0,1,0,7400.320749976671,7522.050030595164,Aumento_Velocidade,1
pedido_7445.90501635263_176,96.75969646458327,80.09102639070755,65.09102639070755,8.701138746378934,15,4.538748316376508,Scooter,Sunny,Medium,Metropolitian,False,0,0,1,7445.90501635263,7525.996042743337,Rota_Reduzida,1
pedido_7393.448819612408_135,134.134304593667,124.98088969166,124.98088969166,17.138953081079237,10,4.671833883536147,Van,Stormy,Medium,Metropolitian,True,0,0,0,7393.448819612408,7528.429709304069,Nenhuma,0
pedido_7360.544440249063_107,165.70785696562714,173.63415634752545,158.63415634752545,14.096922719520201,10,4.428487725170467,Moto,Sunny,Jam,Metropolitian,True,0,1,1,7360.544440249063,7529.178596596588,Aumento_Velocidade,0
pedido_7422.108222848863_158,124.35479441740907,107.15716520666633,92.15716520666633,0.5551319337301956,15,4.6406112712644765,Moto,Stormy,Medium,Other,False,0,0,0,7422.108222848863,7529.265388055529,Rota_Reduzida,1
pedido_7397.338577595605_138,141.67887272572975,139.1064636038887,124.1064636038887,14.261642116293398,10,4.987659206782133,Moto,Foggy,High,Metropolitian,False,0,1,0,7397.338577595605,7531.445041199494,Aumento_Velocidade,0
pedido_7477.370220315312_197,45.23753850011003,44.123214730743086,44.123214730743086,16.57261947181416,10,4.804565568261498,Scooter,Stormy,Medium,Metropolitian,False,1,0,0,7477.370220315312,7531.493435046054,Nenhuma,1
pedido_7452.222902441193_183,99.57325278717428,90.43882968502972,75.43882968502972,8.896734451775988,5,4.476739317949221,Scooter,Sunny,Medium,Metropolitian,True,0,0,1,7452.222902441193,7532.661732126222,Rota_Reduzida,1
pedido_7454.58180110728_186,95.18733229388945,88.49761373381986,73.49761373381986,2.7742801230330474,5,4.663602968695395,Scooter,Sunny,High,Metropolitian,False,0,1,1,7454.58180110728,7533.0794148411,Aumento_Velocidade,1
pedido_7420.694546582146_155,130.1081869375424,112.4387697126247,97.4387697126247,6.352794638853721,15,4.6189724688051905,Scooter,Windy,High,Metropolitian,True,0,1,0,7420.694546582146,7533.133316294771,Aumento_Velocidade,1
pedido_7333.556043366199_89,199.14309035091895,209.72161165636965,194.72161165636965,12.711572577082322,5,4.302507920563148,Moto,Stormy,Jam,Metropolitian,False,0,1,0,7333.556043366199,7533.277655022569,Aumento_Velocidade,0
pedido_7442.376491484148_174,124.36443532049907,102.64976111935039,87.64976111935039,3.1459374608277595,5,4.697159371028574,Moto,Sandstorms,Jam,Urban,False,0,1,0,7442.376491484148,7535.0262526034985,Aumento_Velocidade,1
pedido_7431.042736071441_166,132.1925051214468,104.38977202805127,89.38977202805127,4.570367049857058,15,4.665313309178766,Moto,Sandstorms,High,Metropolitian,False,0,1,0,7431.042736071441,7535.432508099492,Aumento_Velocidade,1
pedido_7405.75777005789_146,132.725364750451,122.27536603665988,122.27536603665988,6.120592952269926,10,4.378832127842873,Scooter,Windy,Low,Urban,False,0,0,0,7405.75777005789,7538.03313609455,Nenhuma,0
pedido_7395.661856740853_136,152.24312390022155,155.015741058057,140.015741058057,17.49271332319218,5,4.807014307176941,Moto,Foggy,Jam,Urban,True,0,1,0,7395.661856740853,7540.67759779891,Aumento_Velocidade,0
pedido_7457.177899935915_188,99.09272445697489,94.89829298278173,79.89829298278173,0.0,5,4.733347510007753,Scooter,Sunny,Jam,Urban,False,0,1,1,7457.177899935915,7542.0761929186965,Aumento_Velocidade,1
pedido_7381.502859354703_124,173.7379080856112,161.89600012749003,146.89600012749003,5.774090939291015,15,4.235452785425388,Moto,Windy,High,Metropolitian,False,0,1,0,7381.502859354703,7543.398859482193,Aumento_Velocidade,0
pedido_7446.5897726186795_178,103.39529065755055,102.87776479019935,87.87776479019935,13.39474472193846,10,4.894066007076855,Scooter,Sunny,High,Metropolitian,True,0,1,1,7446.5897726186795,7544.467537408879,Aumento_Velocidade,1
pedido_7438.075775634795_171,132.78020851018223,113.44491905003443,98.44491905003443,17.076321273483966,10,4.630546272086084,Moto,Windy,High,Urban,False,0,1,0,7438.075775634795,7546.520694684829,Aumento_Velocidade,1
pedido_7419.839651074042_152,130.23375860557692,139.0258107960703,124.02581079607029,7.1843574487907915,5,4.724938217501729,Moto,Windy,High,Metropolitian,True,0,1,0,7419.839651074042,7548.865461870112,Aumento_Velocidade,0
pedido_7406.556150552328_147,130.7007235508016,137.5692785993898,137.5692785993898,13.694024182505572,5,4.676484807123239,Van,Stormy,High,Urban,True,0,1,0,7406.556150552328,7549.125429151718,Nenhuma,0
pedido_7389.6440232861605_132,185.2499134464033,159.7900934389176,144.7900934389176,15.4090173299839,15,4.335674258267061,Scooter,Sandstorms,High,Metropolitian,False,0,1,0,7389.6440232861605,7549.434116725078,Aumento_Velocidade,0
pedido_7423.4649230379355_159,130.36132455104195,136.88344683195916,121.88344683195916,2.1989260786539417,5,4.885594185535663,Moto,Sandstorms,High,Metropolitian,True,0,1,0,7423.4649230379355,7550.348369869895,Aumento_Velocidade,0
pedido_7424.805281465564_161,129.42766501532498,125.73448675716824,110.73448675716824,2.957931393685627,15,4.7466839866153006,Moto,Stormy,High,Metropolitian,False,0,1,0,7424.805281465564,7550.539768222732,Aumento_Velocidade,1
pedido_7442.009472279936_173,133.87595194938137,118.7645064173689,103.7645064173689,5.59261283316225,5,4.589088510253562,Scooter,Foggy,High,Urban,False,0,1,0,7442.009472279936,7550.773978697304,Aumento_Velocidade,1
pedido_7421.582898629464_156,136.340453812225,135.02766770837184,120.02766770837184,12.736155608072321,10,4.48747640638391,Scooter,Sandstorms,High,Metropolitian,False,0,1,0,7421.582898629464,7551.610566337836,Aumento_Velocidade,0
pedido_7429.031630295673_163,140.7571900413091,133.7847134569262,118.7847134569262,16.984927548017417,5,4.608989416411624,Scooter,Sandstorms,Jam,Urban,False,0,1,0,7429.031630295673,7552.816343752599,Aumento_Velocidade,1
pedido_7433.562795853477_169,132.30446268278448,115.66630188152733,115.66630188152733,5.653101660146219,5,4.91781874815889,Van,Sandstorms,High,Metropolitian,False,0,1,0,7433.562795853477,7554.229097735004,Nenhuma,1
pedido_7376.943279438349_120,166.87297352842614,174.9185300222926,174.9185300222926,7.553910915964918,5,4.307495878077124,Van,Sunny,Medium,Metropolitian,False,0,0,1,7376.943279438349,7556.861809460642,Nenhuma,0
pedido_7441.639333991996_172,134.50484931001625,130.0698558538237,115.0698558538237,18.998932145095292,5,4.559104625866405,Moto,Windy,Medium,Metropolitian,False,0,0,0,7441.639333991996,7561.709189845819,Rota_Reduzida,1
pedido_7432.665404444678_168,134.95534409295462,130.8482540679717,115.84825406797171,13.889346713696353,15,4.584151751985252,Moto,Sandstorms,High,Urban,False,0,1,0,7432.665404444678,7563.513658512649,Aumento_Velocidade,1
pedido_7489.493100825158_204,93.88825425472693,75.4529038830373,60.452903883037294,3.566452593517897,15,4.603009452692371,Moto,Sunny,Medium,Urban,False,0,0,1,7489.493100825158,7564.946004708195,Rota_Reduzida,1
pedido_7436.16749111215_170,142.28836843628997,131.59753194454134,116.59753194454134,14.00252598265857,15,4.865094288021873,Moto,Sandstorms,Jam,Metropolitian,True,0,1,0,7436.16749111215,7567.7650230566915,Aumento_Velocidade,1
pedido_7451.17027395221_181,132.61895272995193,118.67580139243006,103.67580139243006,0.0,15,4.800537393185481,Moto,Sandstorms,High,Metropolitian,False,0,1,0,7451.17027395221,7569.84607534464,Aumento_Velocidade,1
pedido_7446.055600063942_177,143.91163808820735,133.79064741137296,118.79064741137296,14.303471474848354,5,4.621825566203446,Moto,Foggy,High,Metropolitian,True,0,1,0,7446.055600063942,7569.846247475315,Aumento_Velocidade,1
pedido_7451.930943616404_182,134.86926224443962,118.53669107310071,103.53669107310071,18.81725131397988,15,4.462363970900744,Scooter,Windy,Medium,Urban,False,0,0,0,7451.930943616404,7570.467634689505,Rota_Reduzida,1
pedido_7414.084762523807_150,169.14953612557028,167.1076116242339,152.1076116242339,17.390201281075633,5,4.3175353934006155,Moto,Sunny,Medium,Metropolitian,False,0,0,1,7414.084762523807,7571.1923741480405,Rota_Reduzida,0
pedido_7460.820273863467_192,124.93750180519955,122.33000517643474,107.33000517643474,2.859443970992723,5,4.539910453574509,Moto,Foggy,Medium,Metropolitian,False,0,0,0,7460.820273863467,7573.150279039902,Rota_Reduzida,1
pedido_7448.287264047391_179,133.8715255393343,136.61712473233794,121.61712473233794,20.605470622726713,5,4.714021554583995,Moto,Stormy,High,Metropolitian,False,0,1,0,7448.287264047391,7574.904388779729,Aumento_Velocidade,0
pedido_7427.099375914166_162,174.15269966404952,148.10758329522778,133.10758329522778,6.716554884931291,15,4.264209491932352,Moto,Foggy,Medium,Metropolitian,False,0,0,0,7427.099375914166,7575.206959209393,Rota_Reduzida,0
pedido_7457.246189462841_189,127.77468333692268,133.4686298314538,118.4686298314538,8.36608888607126,5,4.550735946785057,Scooter,Stormy,High,Metropolitian,True,0,1,0,7457.246189462841,7580.714819294295,Aumento_Velocidade,1
pedido_7484.134268234662_200,95.27060461688802,85.11967520797089,85.11967520797089,7.969406643515004,15,4.977914105234273,Moto,Sunny,Low,Metropolitian,True,0,0,1,7484.134268234662,7584.253943442633,Nenhuma,1
pedido_7464.417757333876_194,133.57252064713242,120.46665004562803,105.46665004562803,8.297529521925963,15,4.5754406897029325,Moto,Windy,High,Metropolitian,False,0,1,0,7464.417757333876,7584.8844073795035,Aumento_Velocidade,1
pedido_7430.183340451294_165,177.31684771241711,165.73003225901246,150.73003225901246,9.57678674238481,5,4.374652150120967,Moto,Sandstorms,High,Urban,False,0,1,0,7430.183340451294,7585.913372710306,Aumento_Velocidade,0
pedido_7452.338311738005_184,136.0524465936416,143.61701262142068,128.61701262142068,18.345897069828947,5,4.611032215882511,Scooter,Stormy,Medium,Metropolitian,True,0,0,0,7452.338311738005,7585.955324359426,Rota_Reduzida,0
pedido_7454.72565036454_187,134.20702046845372,141.3022405426981,126.30224054269809,14.780428104675037,5,4.651782838208039,Moto,Sandstorms,High,Metropolitian,False,0,1,0,7454.72565036454,7586.0278909072385,Aumento_Velocidade,0
pedido_7482.721587141716_198,134.47070584180076,104.72126726930621,89.72126726930621,13.126276327396255,15,4.8751775526625245,Scooter,Sandstorms,High,Metropolitian,True,0,1,0,7482.721587141716,7587.4428544110215,Aumento_Velocidade,1
pedido_7464.811591551853_195,135.1890658433381,123.59953959047897,108.59953959047897,8.672190551852566,15,4.705343885663432,Moto,Windy,Medium,Urban,False,0,0,0,7464.811591551853,7588.411131142332,Rota_Reduzida,1
pedido_7459.198069808403_190,132.24162150115285,139.96115985989726,124.96115985989726,8.826627631945453,5,4.521477948019088,Scooter,Foggy,High,Urban,False,0,1,0,7459.198069808403,7589.1592296683,Aumento_Velocidade,0
pedido_7489.221023341272_203,127.59980392749029,100.56890367407752,85.56890367407752,5.821713701032457,15,4.713371632818811,Scooter,Windy,Jam,Metropolitian,False,0,1,0,7489.221023341272,7589.789927015349,Aumento_Velocidade,1
pedido_7499.888827757328_209,101.5378021381389,85.18058571239558,85.18058571239558,9.828806662102721,5,5.0,Scooter,Windy,Low,Urban,True,0,0,0,7499.888827757328,7590.069413469723,Nenhuma,1
pedido_7460.872573186871_193,132.22962665275085,130.22273778313658,115.22273778313658,5.308913536184683,15,4.816671481397648,Moto,Foggy,High,Metropolitian,True,0,1,0,7460.872573186871,7591.095310970008,Aumento_Velocidade,1
pedido_7487.017304802081_201,124.82272182135546,117.48572005200292,97.48572005200292,11.500367071370398,10,4.778719645138651,Scooter,Sandstorms,High,Other,True,0,1,0,7487.017304802081,7594.503024854083,Rota_Reduzida,1
pedido_7420.330483858745_154,186.08615434524913,174.19788711779879,159.19788711779879,16.04319637897046,15,4.4063271392034125,Moto,Windy,High,Metropolitian,False,0,1,0,7420.330483858745,7594.528370976544,Aumento_Velocidade,0
pedido_7472.882965840707_196,134.81107241013814,131.82489516893202,116.82489516893202,17.62279011382077,5,4.485358125999156,Moto,Windy,High,Metropolitian,True,0,1,0,7472.882965840707,7594.707861009639,Aumento_Velocidade,1
pedido_7528.1406900989_230,53.50335420226253,64.07269918949572,64.07269918949572,5.530492582618021,5,4.827883447863569,Scooter,Sandstorms,Medium,Urban,False,1,0,0,7528.1406900989,7597.213389288396,Nenhuma,1
pedido_7521.928169398557_225,100.00171326255364,85.9007850712831,70.9007850712831,5.759922505085086,10,4.679065233070576,Moto,Sunny,High,Metropolitian,True,0,1,1,7521.928169398557,7602.82895446984,Aumento_Velocidade,1
pedido_7484.047653133037_199,131.84661392724482,114.89746468352661,114.89746468352661,5.594093928342503,5,4.377311906435568,Moto,Sandstorms,Low,Metropolitian,False,0,0,0,7484.047653133037,7603.945117816564,Nenhuma,1
pedido_7510.139329910383_217,128.12055621042748,100.72643169474338,85.72643169474338,5.941751090776408,10,4.780881448903686,Moto,Stormy,High,Metropolitian,True,0,1,0,7510.139329910383,7605.865761605126,Aumento_Velocidade,1
pedido_7514.741944969714_222,108.7164726582714,91.67166072880286,76.67166072880286,13.840386120666832,15,4.485013604725365,Moto,Sunny,High,Urban,True,0,1,1,7514.741944969714,7606.413605698516,Aumento_Velocidade,1
pedido_7497.364005339637_207,134.4621562139899,114.56433493731741,99.56433493731741,6.116709608112603,10,4.763813703942173,Moto,Sandstorms,Medium,Metropolitian,False,0,0,0,7497.364005339637,7606.928340276954,Rota_Reduzida,1
pedido_7498.798998137032_208,137.54921708255,109.07012646791311,94.07012646791311,19.47467049516998,15,4.539019148586587,Moto,Windy,Jam,Metropolitian,False,0,1,0,7498.798998137032,7607.869124604945,Aumento_Velocidade,1
pedido_7507.483305906854_216,128.71493831595765,113.9803361892163,98.9803361892163,9.290957287371846,5,4.789813215220679,Moto,Stormy,High,Urban,False,0,1,0,7507.483305906854,7611.4636420960705,Aumento_Velocidade,1
pedido_7557.6385000708015_258,45.57133370310232,54.59903882074897,54.59903882074897,2.0168805499282523,5,4.47542385040888,Scooter,Stormy,High,Metropolitian,False,1,1,0,7557.6385000708015,7617.237538891551,Nenhuma,1
pedido_7515.078038572536_223,135.00753087824327,109.62489046867526,94.62489046867526,8.480213693719755,10,4.954049530453713,Moto,Windy,High,Metropolitian,True,0,1,0,7515.078038572536,7619.702929041211,Aumento_Velocidade,1
pedido_7530.271164267535_236,110.93470176597798,99.43521238860355,84.43521238860355,19.93022653243134,5,4.469446838839024,Moto,Sunny,Jam,Urban,True,0,1,1,7530.271164267535,7619.706376656139,Aumento_Velocidade,1
pedido_7487.178437563672_202,166.93408772211424,138.31207103565328,123.31207103565328,7.01116490732516,10,4.346040933330987,Moto,Sunny,Medium,Metropolitian,False,0,0,1,7487.178437563672,7620.490508599325,Rota_Reduzida,0
pedido_7538.0204198776055_241,101.57229113235952,83.08797310838824,68.08797310838824,13.742058856884523,15,4.565194383056561,Moto,Sunny,High,Metropolitian,False,0,1,1,7538.0204198776055,7621.108392985993,Aumento_Velocidade,1
pedido_7494.143694488364_206,142.01743019643538,127.7026269977483,112.7026269977483,16.054189729106366,15,4.5140651862044665,Moto,Foggy,Medium,Metropolitian,True,0,0,0,7494.143694488364,7621.846321486113,Rota_Reduzida,1
pedido_7506.711882240838_215,132.29790205228943,121.72994554473104,106.72994554473104,3.9035194437060174,10,4.485305656105788,Scooter,Stormy,Medium,Metropolitian,False,0,0,0,7506.711882240838,7623.441827785569,Rota_Reduzida,1
pedido_7526.056111431116_227,122.51002003681302,98.32442363531258,83.32442363531258,2.4704074121183273,15,4.7598765895229596,Moto,Stormy,Jam,Metropolitian,False,0,1,0,7526.056111431116,7624.380535066429,Aumento_Velocidade,1
pedido_7492.465561642134_205,129.91233184454615,122.47667988968487,122.47667988968487,5.289068393795188,10,4.612790348876329,Van,Sandstorms,High,Metropolitian,True,0,1,0,7492.465561642134,7624.942241531819,Nenhuma,0
pedido_7445.351095116193_175,185.67473937622736,185.76444892311912,170.76444892311912,12.63404757673224,10,4.385812280797633,Moto,Windy,High,Metropolitian,False,0,1,0,7445.351095116193,7626.115544039312,Aumento_Velocidade,0
pedido_7510.515819252536_219,128.13380113250122,120.91349927778549,105.91349927778549,6.004773764054805,10,4.546989175383052,Scooter,Windy,High,Metropolitian,False,0,1,0,7510.515819252536,7626.429318530321,Aumento_Velocidade,1
pedido_7564.176804723636_267,98.40654167894269,73.6851473951878,58.6851473951878,6.702310610726382,5,4.659586890133755,Moto,Sunny,High,Metropolitian,True,0,1,1,7564.176804723636,7627.861952118824,Aumento_Velocidade,1
pedido_7555.091256876519_255,96.79500816255263,87.8487158901877,67.8487158901877,0.0,5,4.661466614366263,Moto,Sunny,High,Other,True,0,1,1,7555.091256876519,7627.939972766707,Rota_Reduzida,1
pedido_7503.559027967022_213,132.62410172513793,125.41155262667093,110.41155262667093,4.068230386477016,15,4.537536554045502,Moto,Foggy,High,Urban,False,0,1,0,7503.559027967022,7628.970580593693,Aumento_Velocidade,1
pedido_7510.652309951697_220,131.33445229746053,118.9848314738586,103.9848314738586,8.224463419711846,15,4.843774945091449,Moto,Windy,High,Metropolitian,True,0,1,0,7510.652309951697,7629.6371414255555,Aumento_Velocidade,1
pedido_7512.136152996264_221,131.8875472649707,103.90427952766011,103.90427952766011,5.142820113191354,15,4.477113504186153,Van,Foggy,High,Metropolitian,False,0,1,0,7512.136152996264,7631.040432523924,Nenhuma,1
pedido_7515.4895817267525_224,131.28374742673805,126.12660130089625,111.12660130089625,1.498486719073075,5,4.6134673602095795,Moto,Sandstorms,High,Metropolitian,True,0,1,0,7515.4895817267525,7631.616183027649,Aumento_Velocidade,1
pedido_7510.399263347581_218,134.82985775917936,126.54267410881073,111.54267410881073,3.433140618898883,10,4.619422983728288,Moto,Foggy,High,Urban,False,0,1,0,7510.399263347581,7631.941937456391,Aumento_Velocidade,1
pedido_7522.244018699094_226,141.51126008258848,115.2157647727172,100.2157647727172,11.618926784447513,10,4.577261229710029,Scooter,Sandstorms,Jam,Urban,False,0,1,0,7522.244018699094,7632.4597834718115,Aumento_Velocidade,1
pedido_7500.744025410744_210,131.09906871720924,142.03062522656717,127.03062522656717,2.882222876311833,5,4.721133593634152,Moto,Windy,High,Metropolitian,False,0,1,0,7500.744025410744,7632.774650637311,Aumento_Velocidade,0
pedido_7503.888894258145_214,133.29875060170903,138.99918430993233,123.99918430993233,6.155165995761718,5,4.663981223816571,Scooter,Stormy,Medium,Urban,False,0,0,0,7503.888894258145,7632.888078568078,Rota_Reduzida,0
pedido_7526.157358790414_229,123.33772277780575,119.00472355271292,104.00472355271292,2.087941752714996,5,4.600232252890692,Moto,Stormy,Jam,Metropolitian,False,0,1,0,7526.157358790414,7635.162082343127,Aumento_Velocidade,1
pedido_7503.509845109231_212,132.0827558429857,127.07555108523886,127.07555108523886,8.682053860027198,5,4.562587658793634,Van,Sandstorms,High,Urban,False,0,1,0,7503.509845109231,7635.5853961944695,Nenhuma,0
pedido_7530.175609634815_235,133.4537802096126,116.88209335528904,101.88209335528904,9.678239916902244,5,4.674725688166393,Moto,Windy,High,Metropolitian,False,0,1,0,7530.175609634815,7637.057702990104,Aumento_Velocidade,1
pedido_7551.876326910943_253,127.22269432979428,101.22014949346685,86.22014949346685,8.771456408086452,5,4.829316709972875,Scooter,Stormy,Jam,Urban,False,0,1,0,7551.876326910943,7643.09647640441,Aumento_Velocidade,1
pedido_7453.946598886333_185,177.39624348817674,179.16727367026266,179.16727367026266,5.993480618047242,10,4.437587305556879,Van,Sandstorms,High,Metropolitian,False,0,1,0,7453.946598886333,7643.113872556596,Nenhuma,0
pedido_7540.225188044455_244,131.77350381269957,115.49994007803159,100.49994007803159,6.137230700023744,5,4.905469404295613,Scooter,Sandstorms,High,Metropolitian,False,0,1,0,7540.225188044455,7645.725128122486,Aumento_Velocidade,1
pedido_7562.688463555622_264,95.7534846130962,96.75079091231993,81.75079091231993,7.921550190627073,5,5.0,Scooter,Sunny,High,Metropolitian,False,0,1,1,7562.688463555622,7649.439254467941,Aumento_Velocidade,1
pedido_7531.941002094805_237,110.8665129399027,103.12564276316714,103.12564276316714,15.325793971764218,15,4.67475653726593,Moto,Foggy,Low,Metropolitian,False,0,0,0,7531.941002094805,7650.066644857972,Nenhuma,1
pedido_7530.073387095785_234,135.45496281254202,131.7125759497278,116.7125759497278,1.1880462816324506,5,4.930271591247357,Moto,Windy,Medium,Metropolitian,True,0,0,0,7530.073387095785,7651.785963045512,Rota_Reduzida,1
pedido_7580.032453846036_282,102.38665475488781,83.57262502052187,68.57262502052187,16.27826796410805,5,4.568383375636856,Scooter,Sunny,High,Metropolitian,False,0,1,1,7580.032453846036,7653.605078866558,Aumento_Velocidade,1
pedido_7550.386973529464_252,128.7756343105007,113.70536831796191,98.70536831796191,6.1846498193414545,5,4.880972575079097,Scooter,Foggy,Jam,Metropolitian,False,0,1,0,7550.386973529464,7654.092341847426,Aumento_Velocidade,1
pedido_7545.804336989113_248,103.97336047372409,99.43533910993902,99.43533910993902,15.60107929678545,10,4.726511886902473,Moto,Stormy,Low,Metropolitian,False,0,0,0,7545.804336989113,7655.239676099052,Nenhuma,1
pedido_7529.169486103723_231,134.01730244905374,126.72674054647285,111.72674054647285,10.250414285260032,15,4.961571282525548,Scooter,Stormy,Medium,Metropolitian,False,0,0,0,7529.169486103723,7655.896226650196,Rota_Reduzida,1
pedido_7542.707521922491_246,141.17388825281267,123.66825781063719,108.66825781063719,12.114312988336025,5,4.8576590053345985,Scooter,Sandstorms,Jam,Metropolitian,False,0,1,0,7542.707521922491,7656.375779733128,Aumento_Velocidade,1
pedido_7529.192267403468_232,131.53174483464744,117.52029288794873,117.52029288794873,3.914980415174761,15,4.894600191955688,Van,Sandstorms,Medium,Urban,False,0,0,0,7529.192267403468,7661.712560291417,Nenhuma,1
pedido_7553.83230799284_254,134.08867760545337,113.74513489874198,98.74513489874198,9.365191278155027,10,4.978219840229356,Scooter,Foggy,Jam,Metropolitian,False,0,1,0,7553.83230799284,7662.577442891581,Aumento_Velocidade,1
pedido_7545.204203843335_247,130.63353659701423,130.96729153618608,115.96729153618608,0.0,5,5.0,Moto,Stormy,High,Metropolitian,True,0,1,0,7545.204203843335,7666.171495379521,Aumento_Velocidade,1
pedido_7539.902984991748_243,140.9383507766569,136.63877408080137,121.63877408080137,11.171993060927264,5,4.674273556043776,Scooter,Foggy,High,Metropolitian,False,0,1,0,7539.902984991748,7666.541759072549,Aumento_Velocidade,0
pedido_7547.931390544689_250,136.1146267196329,129.11999913375791,114.11999913375791,12.817060783483143,5,4.944693985906785,Moto,Sandstorms,Medium,Metropolitian,False,0,0,0,7547.931390544689,7667.051389678447,Rota_Reduzida,1
pedido_7565.325208868837_270,95.30686924960169,87.30429951845507,87.30429951845507,3.4921153671115013,15,4.8781153027014135,Moto,Sunny,Low,Urban,False,0,0,1,7565.325208868837,7667.629508387292,Nenhuma,1
pedido_7532.528414610826_239,134.12547944357516,120.36205037099924,120.36205037099924,4.740062327100297,15,4.682860642034159,Van,Foggy,High,Metropolitian,False,0,1,0,7532.528414610826,7667.890464981825,Nenhuma,0
pedido_7558.872324759946_263,132.2070388870399,119.53236571759786,104.53236571759786,7.429391984557961,5,4.6983678982912656,Moto,Windy,High,Urban,False,0,1,0,7558.872324759946,7668.404690477544,Aumento_Velocidade,1
pedido_7558.5654480045805_261,132.38429434347648,119.97719145045917,104.97719145045917,6.790667806524388,5,4.534214343878693,Moto,Stormy,Medium,Metropolitian,False,0,0,0,7558.5654480045805,7668.5426394550395,Rota_Reduzida,1
pedido_7558.810249690192_262,132.82695104898272,120.63899205929813,105.63899205929813,12.280439668669928,5,5.0,Moto,Stormy,High,Metropolitian,False,0,1,0,7558.810249690192,7669.44924174949,Aumento_Velocidade,1
pedido_7529.597423592253_233,153.87562508115536,150.83142003272593,135.83142003272593,13.104910034542977,5,4.480572697743145,Moto,Foggy,Jam,Metropolitian,False,0,1,0,7529.597423592253,7670.428843624979,Aumento_Velocidade,0
pedido_7567.215310715817_272,131.73446360968777,113.4677081593814,98.4677081593814,3.454355900836576,5,5.0,Moto,Windy,High,Metropolitian,True,0,1,0,7567.215310715817,7670.683018875199,Aumento_Velocidade,1
pedido_7503.47664787674_211,185.5456836349524,172.88357400069626,157.88357400069626,12.748092017582302,10,4.287128084162262,Scooter,Windy,High,Metropolitian,True,0,1,0,7503.47664787674,7671.360221877436,Aumento_Velocidade,0
pedido_7556.092640165612_256,130.2318883716006,121.37170168193046,106.37170168193046,6.535006705709511,10,4.591081557003166,Scooter,Foggy,Jam,Urban,False,0,1,0,7556.092640165612,7672.464341847542,Aumento_Velocidade,1
pedido_7550.287224306522_251,132.36481215780856,132.41304265091867,117.41304265091867,3.8552613763647177,5,4.70385839008626,Scooter,Sandstorms,High,Metropolitian,False,0,1,0,7550.287224306522,7672.700266957441,Aumento_Velocidade,1
pedido_7546.588536763037_249,130.80870324870847,136.39675983717916,121.39675983717916,6.276689247383095,5,4.570131134756489,Moto,Foggy,Jam,Metropolitian,True,0,1,0,7546.588536763037,7672.985296600216,Aumento_Velocidade,0
pedido_7618.191768198483_305,60.195939225390276,65.57485042583576,50.57485042583576,17.411793283602826,5,4.428850722957809,Scooter,Sandstorms,High,Metropolitian,True,1,1,0,7618.191768198483,7673.766618624319,Aumento_Velocidade,1
pedido_7526.138517804316_228,144.03279396131643,133.93110566423914,133.93110566423914,15.86343292969261,15,4.522769413555912,Van,Sandstorms,Jam,Metropolitian,False,0,1,0,7526.138517804316,7675.069623468555,Nenhuma,0
pedido_7563.089307003231_266,141.381072794161,114.72137666506194,99.72137666506194,18.474216025654272,15,4.637837924444347,Scooter,Sandstorms,Jam,Metropolitian,False,0,1,0,7563.089307003231,7677.810683668293,Aumento_Velocidade,1
pedido_7557.055798346035_257,135.58933855345487,116.06119365507864,116.06119365507864,15.094598588761187,5,4.702173018908748,Van,Windy,High,Metropolitian,True,0,1,0,7557.055798346035,7678.116992001113,Nenhuma,1
pedido_7578.454860435427_281,125.96443736076981,113.02096703381213,98.02096703381213,7.868864712676901,5,4.634359743934149,Scooter,Foggy,Medium,Metropolitian,True,0,0,0,7578.454860435427,7681.4758274692385,Rota_Reduzida,1
pedido_7591.73094635715_287,132.0813584930208,91.95563238316858,76.95563238316858,4.92474725006396,15,4.650747334868082,Moto,Sandstorms,High,Metropolitian,False,0,1,0,7591.73094635715,7683.6865787403185,Aumento_Velocidade,1
pedido_7591.971910173607_288,123.02272277780575,97.23491668887446,82.23491668887446,3.058698078115771,10,4.561153810823308,Moto,Stormy,Jam,Metropolitian,False,0,1,0,7591.971910173607,7684.206826862482,Aumento_Velocidade,1
pedido_7562.848746778588_265,130.23318169774075,123.50071660763098,108.50071660763098,5.075556035189362,15,4.686855903782991,Scooter,Windy,Jam,Metropolitian,True,0,1,0,7562.848746778588,7686.349463386219,Aumento_Velocidade,1
pedido_7584.393229631636_283,144.30025430922743,112.91325621590605,97.91325621590605,20.22951102193654,5,4.560085373422807,Moto,Sandstorms,Jam,Metropolitian,False,0,1,0,7584.393229631636,7687.306485847542,Aumento_Velocidade,1
pedido_7542.27916770815_245,130.8034382419084,135.893538530744,135.893538530744,7.351256133338357,10,4.366467039815363,Scooter,Sandstorms,Low,Metropolitian,False,0,0,0,7542.27916770815,7688.1727062388945,Nenhuma,0
pedido_7532.248337338531_238,177.5258859348205,156.44016283314443,141.44016283314443,4.1080388132298005,15,4.25957755178714,Scooter,Sandstorms,High,Metropolitian,True,0,1,0,7532.248337338531,7688.6885001716755,Aumento_Velocidade,0
pedido_7570.553757801258_276,125.55883068395417,123.28096197033057,108.28096197033057,6.514789959618494,10,4.787784908423603,Moto,Foggy,Medium,Metropolitian,False,0,0,0,7570.553757801258,7688.834719771588,Rota_Reduzida,1
pedido_7567.70301909175_273,128.3877367302703,132.80114305281083,117.80114305281083,6.254179218159662,5,4.893693104003377,Scooter,Stormy,Jam,Metropolitian,True,0,1,0,7567.70301909175,7690.504162144561,Aumento_Velocidade,1
pedido_7570.364024828221_275,138.39592468895933,134.03203967199218,119.03203967199218,10.342575791306597,5,4.678973919365193,Moto,Sandstorms,Medium,Metropolitian,True,0,0,0,7570.364024828221,7694.3960645002135,Rota_Reduzida,1
pedido_7564.219993488414_268,127.78747185950002,143.003205814073,128.003205814073,5.502622450619225,5,4.852259911957269,Scooter,Sandstorms,Jam,Metropolitian,False,0,1,0,7564.219993488414,7697.223199302487,Aumento_Velocidade,0
pedido_7558.483197954398_260,138.48097184584412,144.07868594825305,129.07868594825305,15.514348179788046,10,4.47215987345659,Moto,Stormy,Jam,Urban,False,0,1,0,7558.483197954398,7697.561883902651,Aumento_Velocidade,0
pedido_7588.991234669651_285,134.82985775917936,113.70092338957878,98.70092338957878,3.3212231240630414,10,4.645045319612999,Scooter,Foggy,High,Urban,False,0,1,0,7588.991234669651,7697.69215805923,Aumento_Velocidade,1
pedido_7578.008805832582_279,132.1608583682603,128.94467742611522,113.94467742611522,8.27504761659362,10,4.488267477217654,Moto,Sandstorms,High,Metropolitian,True,0,1,0,7578.008805832582,7701.953483258697,Aumento_Velocidade,1
pedido_7565.547795686148_271,142.10298969877084,141.71245681660264,126.71245681660264,12.31981155333777,10,4.575070011992774,Scooter,Sandstorms,Jam,Metropolitian,False,0,1,0,7565.547795686148,7702.2602525027505,Aumento_Velocidade,0
pedido_7538.749265199598_242,184.37393149096982,171.73446594155033,156.73446594155033,10.931814366102522,10,4.420973133383987,Moto,Sandstorms,High,Metropolitian,True,0,1,0,7538.749265199598,7705.483731141148,Aumento_Velocidade,0
pedido_7657.804578969252_341,43.18392076005162,34.48210918068112,34.48210918068112,6.300366419441283,15,4.467090855421143,Moto,Foggy,Medium,Urban,False,1,0,0,7657.804578969252,7707.286688149933,Nenhuma,1
pedido_7597.805624111965_292,130.4420563508077,115.31180601678477,100.31180601678477,9.599069530486315,10,4.751002703769963,Moto,Stormy,Medium,Metropolitian,False,0,0,0,7597.805624111965,7708.117430128749,Rota_Reduzida,1
pedido_7606.964753968595_299,102.38665475488781,111.45136284899462,96.45136284899462,14.48823818311781,5,4.553424559958309,Moto,Sunny,High,Urban,False,0,1,1,7606.964753968595,7708.41611681759,Aumento_Velocidade,1
pedido_7607.068101213016_300,130.41719925368204,101.98127353428046,86.98127353428046,0.5859785497295853,15,4.9157861532931415,Scooter,Sandstorms,High,Urban,True,0,1,0,7607.068101213016,7709.0493747472965,Aumento_Velocidade,1
pedido_7578.40316942303_280,135.00560599894268,120.71428204363482,120.71428204363482,13.437055476888478,10,4.770858103291618,Van,Sandstorms,High,Metropolitian,True,0,1,0,7578.40316942303,7709.1174514666645,Nenhuma,0
pedido_7594.240328824208_290,125.05957027558483,125.21149160586381,110.21149160586381,1.7489669642952723,5,4.904049995774062,Scooter,Foggy,Medium,Metropolitian,False,0,0,0,7594.240328824208,7709.451820430071,Rota_Reduzida,1
pedido_7570.819048786744_277,131.9012147297906,131.72155948005104,131.72155948005104,3.687478897930191,10,4.701473608514588,Van,Windy,High,Metropolitian,False,0,1,0,7570.819048786744,7712.540608266795,Nenhuma,0
pedido_7600.798512806487_295,128.28734214247,118.35095683090753,103.35095683090753,4.715412854559265,10,4.585222593274916,Scooter,Sandstorms,Jam,Metropolitian,False,0,1,0,7600.798512806487,7714.149469637395,Aumento_Velocidade,1
pedido_7595.164372690202_291,131.47357163045365,119.64835404132009,104.64835404132009,3.583882538742901,15,4.818939696727518,Moto,Windy,High,Urban,False,0,1,0,7595.164372690202,7714.812726731522,Aumento_Velocidade,1
pedido_7620.101828414269_308,134.94826940247617,105.63243023627645,90.63243023627645,15.708964539376186,5,4.843757545177994,Moto,Sandstorms,High,Urban,True,0,1,0,7620.101828414269,7715.734258650546,Aumento_Velocidade,1
pedido_7534.799912674362_240,187.89589678662458,172.6799702459196,172.6799702459196,16.38391474760987,10,4.248274141321712,Van,Sandstorms,Medium,Metropolitian,False,0,0,0,7534.799912674362,7717.479882920281,Nenhuma,0
pedido_7603.957895960025_297,131.52856363684515,119.55578597793922,104.55578597793922,10.391161836398656,10,4.838137947479962,Moto,Stormy,High,Metropolitian,True,0,1,0,7603.957895960025,7718.513681937964,Aumento_Velocidade,1
pedido_7575.004869096428_278,154.01352948372173,148.69804121544402,133.69804121544402,15.895921806599953,10,4.520368986686014,Scooter,Foggy,Jam,Metropolitian,True,0,1,0,7575.004869096428,7718.702910311872,Aumento_Velocidade,0
pedido_7642.235184669097_327,98.09455266861596,83.18738807719276,68.18738807719276,5.785328749456637,10,4.720757869691347,Moto,Sunny,High,Metropolitian,False,0,1,1,7642.235184669097,7720.42257274629,Aumento_Velocidade,1
pedido_7610.071888093273_301,135.4654536118352,113.05810486098858,98.05810486098858,12.188668133926667,15,4.532714809222124,Moto,Sandstorms,High,Metropolitian,False,0,1,0,7610.071888093273,7723.129992954261,Aumento_Velocidade,1
pedido_7590.972937341094_286,136.51656282755894,137.42668420317221,122.42668420317221,15.867817702513038,10,4.678199978960721,Moto,Stormy,Jam,Metropolitian,True,0,1,0,7590.972937341094,7723.399621544266,Aumento_Velocidade,0
pedido_7597.834761271966_293,137.19292557694578,139.26271253976518,124.26271253976518,13.26043313306617,5,4.594483739004948,Moto,Windy,Medium,Metropolitian,True,0,0,0,7597.834761271966,7727.097473811731,Rota_Reduzida,0
pedido_7665.058155575105_344,46.59492089888096,57.17457186385684,57.17457186385684,11.355762692265433,5,4.930018575759953,Moto,Sandstorms,High,Urban,False,1,1,0,7665.058155575105,7727.232727438962,Nenhuma,1
pedido_7592.1850545520665_289,140.7177165741594,145.39780656977817,130.39780656977817,13.376256969273465,5,4.8029918195422,Scooter,Foggy,High,Metropolitian,False,0,1,0,7592.1850545520665,7727.582861121845,Aumento_Velocidade,0
pedido_7603.888394027352_296,134.80558238292366,136.43650529206778,121.43650529206778,5.085423418968257,5,4.7634703949092305,Scooter,Stormy,Medium,Urban,False,0,0,0,7603.888394027352,7730.324899319419,Rota_Reduzida,0
pedido_7598.785024887185_294,135.8251700970151,136.96997957735496,121.96997957735496,16.332851605787294,10,4.599582673203088,Scooter,Windy,Jam,Metropolitian,False,0,1,0,7598.785024887185,7730.7550044645395,Aumento_Velocidade,0
pedido_7619.1402345408505_307,134.7974215953007,112.35972133237976,97.35972133237976,3.7875271045759233,15,4.714866702948065,Scooter,Foggy,High,Metropolitian,False,0,1,0,7619.1402345408505,7731.499955873231,Aumento_Velocidade,1
pedido_7564.604819033401_269,178.1582803440617,174.42027904478212,159.42027904478212,8.604438559399311,10,4.431541578277175,Scooter,Windy,Jam,Metropolitian,False,0,1,0,7564.604819033401,7734.025098078184,Aumento_Velocidade,0
pedido_7628.261860679597_313,112.06790580005433,115.91253136357176,100.91253136357176,16.84135637173717,5,4.709880407060399,Moto,Sunny,Jam,Metropolitian,True,0,1,1,7628.261860679597,7734.174392043168,Aumento_Velocidade,1
pedido_7642.903195920044_328,111.656403005909,96.68844410755686,81.68844410755686,16.21830611518437,10,4.619824802876398,Moto,Sunny,Jam,Metropolitian,False,0,1,1,7642.903195920044,7734.591640027601,Aumento_Velocidade,1
pedido_7690.96861485536_360,38.016213666041985,33.759484555352714,33.759484555352714,7.601288428196654,10,4.747882638036567,Scooter,Sunny,High,Urban,False,1,1,1,7690.96861485536,7734.728099410713,Nenhuma,1
pedido_7628.278994473773_314,129.76486193434457,111.73118089461545,96.73118089461545,16.267110112571324,10,4.612614865888941,Moto,Stormy,High,Metropolitian,False,0,1,0,7628.278994473773,7735.010175368388,Aumento_Velocidade,1
pedido_7701.011593796141_375,43.67017305326018,29.067470604510568,29.067470604510568,11.263438123492728,5,4.783926246041565,Moto,Foggy,Jam,Metropolitian,False,1,1,0,7701.011593796141,7735.079064400651,Nenhuma,1
pedido_7618.79119635518_306,129.4874517492607,121.59168275247433,106.59168275247433,4.374179886912976,10,4.667976214841107,Scooter,Windy,High,Metropolitian,True,0,1,0,7618.79119635518,7735.382879107654,Aumento_Velocidade,1
pedido_7646.612520849575_331,100.53309902992069,84.11371687822962,84.11371687822962,6.934636763889946,5,4.9895526532007635,Moto,Sandstorms,Low,Metropolitian,False,0,0,0,7646.612520849575,7735.726237727805,Nenhuma,1
pedido_7659.394908768358_342,98.77794724109636,76.39254760280886,61.39254760280886,1.8077435326505218,15,4.734034556400282,Moto,Sunny,High,Urban,True,0,1,1,7659.394908768358,7735.787456371167,Aumento_Velocidade,1
pedido_7615.604379189316_302,131.31452148343413,120.53591679990024,105.53591679990024,9.490738758146005,15,4.681121552015764,Scooter,Foggy,Medium,Metropolitian,True,0,0,0,7615.604379189316,7736.140295989217,Rota_Reduzida,1
pedido_7650.052489970917_334,106.65221548234197,97.31420475621715,82.31420475621715,15.321627355162311,5,4.542107003156796,Scooter,Sunny,High,Metropolitian,False,0,1,1,7650.052489970917,7737.366694727134,Aumento_Velocidade,1
pedido_7641.709974888019_326,129.02093614320492,107.08788530559119,92.08788530559119,4.300810525007698,5,4.565614235757714,Scooter,Windy,High,Metropolitian,True,0,1,0,7641.709974888019,7738.79786019361,Aumento_Velocidade,1
pedido_7585.970423221212_284,177.86948640883256,159.04284069638956,144.04284069638956,3.460472653533394,10,4.3158155283580175,Moto,Foggy,High,Metropolitian,False,0,1,0,7585.970423221212,7740.013263917601,Aumento_Velocidade,0
pedido_7628.218601729272_312,101.10845501095476,108.04916359398273,108.04916359398273,5.931102871572432,5,4.811103674375675,Moto,Sandstorms,Low,Metropolitian,False,0,0,0,7628.218601729272,7741.267765323255,Nenhuma,1
pedido_7640.345360900865_325,121.7806371026511,111.22579018304974,91.22579018304974,7.634973004986286,10,4.5025473558636,Moto,Windy,High,Other,False,0,1,0,7640.345360900865,7741.571151083915,Rota_Reduzida,1
pedido_7558.347673299951_259,198.48570814521491,189.20111812636327,174.20111812636327,17.56567846540166,10,4.3557748674331656,Moto,Stormy,Jam,Metropolitian,True,0,1,0,7558.347673299951,7742.548791426314,Aumento_Velocidade,0
pedido_7617.835222236867_303,141.5396974829831,130.12601023532224,115.12601023532224,16.64814907823594,10,5.0,Moto,Foggy,High,Metropolitian,False,0,1,0,7617.835222236867,7742.961232472189,Aumento_Velocidade,1
pedido_7623.559836251771_310,136.00048770446426,125.09686301837198,110.09686301837198,5.029478296820082,10,4.736957901378218,Moto,Sandstorms,Medium,Metropolitian,False,0,0,0,7623.559836251771,7743.656699270143,Rota_Reduzida,1
pedido_7618.130513249328_304,128.8208085269841,130.80429143115836,115.80429143115836,5.380073311184771,10,4.883203030816667,Moto,Stormy,Jam,Metropolitian,True,0,1,0,7618.130513249328,7743.934804680486,Aumento_Velocidade,1
pedido_7628.75268912742_315,133.99354993689516,121.8186314277942,106.8186314277942,9.442088734647118,10,4.807634680225626,Moto,Sandstorms,Medium,Metropolitian,False,0,0,0,7628.75268912742,7745.571320555215,Rota_Reduzida,1
pedido_7567.851890345294_274,188.1723032392236,185.12370862320262,170.12370862320262,14.980114963323054,10,4.3653850795769245,Moto,Sandstorms,Medium,Other,False,0,0,0,7567.851890345294,7747.975598968496,Rota_Reduzida,0
pedido_7640.122560596233_324,113.89215597182937,103.23970744108766,103.23970744108766,11.9401588409344,5,4.767526821623977,Scooter,Sunny,Low,Other,False,0,0,1,7640.122560596233,7748.36226803732,Nenhuma,1
pedido_7656.391627428909_339,95.30686924960169,83.37597329006954,83.37597329006954,3.25692900162732,10,4.878231978248546,Scooter,Sunny,Low,Metropolitian,False,0,0,1,7656.391627428909,7749.767600718978,Nenhuma,1
pedido_7643.932307663731_329,134.05618403169638,106.35245761172231,91.35245761172231,4.859031304763582,15,4.79286974145852,Moto,Foggy,High,Metropolitian,False,0,1,0,7643.932307663731,7750.2847652754535,Aumento_Velocidade,1
pedido_7632.450362721304_320,140.62704366312087,123.32182015804432,108.32182015804432,13.955426860726043,10,4.6018789225239365,Moto,Sandstorms,Jam,Urban,False,0,1,0,7632.450362721304,7750.772182879348,Aumento_Velocidade,1
pedido_7629.035749390694_317,132.4998988847231,128.24196406395797,113.24196406395797,2.953871466920089,10,4.4699799043399135,Moto,Stormy,Medium,Metropolitian,False,0,0,0,7629.035749390694,7752.277713454652,Rota_Reduzida,1
pedido_7631.414764593381_319,103.85136197457334,110.90890892582289,110.90890892582289,18.833409129608405,10,4.667409886285373,Scooter,Windy,Low,Metropolitian,False,0,0,0,7631.414764593381,7752.323673519204,Nenhuma,1
pedido_7695.702332273276_366,46.53397955839276,42.12059616053917,42.12059616053917,7.423803982731819,15,4.782623696206271,Moto,Sandstorms,Jam,Metropolitian,True,1,1,0,7695.702332273276,7752.822928433815,Nenhuma,1
pedido_7672.37001444852_349,98.09455266861596,90.77860444741674,75.77860444741674,4.757533390382848,5,4.723775825819205,Moto,Sunny,High,Metropolitian,False,0,1,1,7672.37001444852,7753.148618895937,Aumento_Velocidade,1
pedido_7695.31697887585_365,42.33698801925478,49.21741104499358,49.21741104499358,5.464040975267556,10,4.562523320626311,Moto,Sunny,High,Metropolitian,True,1,1,1,7695.31697887585,7754.534389920843,Nenhuma,1
pedido_7629.001522283415_316,137.11224460204926,126.90048242010678,111.90048242010678,15.143533600252184,15,4.5501037610636805,Scooter,Windy,Medium,Urban,True,0,0,0,7629.001522283415,7755.902004703522,Rota_Reduzida,1
pedido_7690.435312647225_359,100.08347468573285,67.00472323837192,52.00472323837192,0.40917189389240427,15,4.549054244220132,Moto,Sunny,High,Metropolitian,False,0,1,1,7690.435312647225,7757.440035885597,Aumento_Velocidade,1
pedido_7606.303078624125_298,174.17173182809626,165.25529881244765,150.25529881244765,3.6974257994219863,5,4.402840193332703,Moto,Windy,High,Metropolitian,False,0,1,0,7606.303078624125,7761.558377436573,Aumento_Velocidade,0
pedido_7629.397517329153_318,141.3178313642075,137.41070150686846,122.41070150686846,14.02293876373386,10,4.552928137098572,Moto,Foggy,High,Metropolitian,False,0,1,0,7629.397517329153,7761.808218836021,Aumento_Velocidade,0
pedido_7635.398824422567_322,133.92299353077976,127.07789320801302,112.07789320801302,17.258081287010675,15,4.700029688068746,Moto,Windy,High,Metropolitian,False,0,1,0,7635.398824422567,7762.4767176305795,Aumento_Velocidade,1
pedido_7684.3445411696575_355,109.05416205221078,90.60989020042516,75.60989020042516,14.682538149879363,5,4.499050138087114,Moto,Sunny,High,Metropolitian,True,0,1,1,7684.3445411696575,7764.954431370083,Aumento_Velocidade,1
pedido_7645.660237335043_330,132.3272512953978,129.87760008161638,114.87760008161638,6.232959082270634,5,4.861690822091193,Moto,Stormy,Medium,Urban,False,0,0,0,7645.660237335043,7765.537837416659,Rota_Reduzida,1
pedido_7655.072791269768_337,131.7515131589048,111.70845578781608,96.70845578781608,0.0,15,4.740966827520587,Moto,Sandstorms,High,Metropolitian,False,0,1,0,7655.072791269768,7766.781247057584,Aumento_Velocidade,1
pedido_7648.475190585659_333,141.38030865534944,119.70353709822749,104.70353709822749,13.230794793742879,15,4.864616510265589,Scooter,Sandstorms,Jam,Metropolitian,True,0,1,0,7648.475190585659,7768.178727683887,Aumento_Velocidade,1
pedido_7667.326542320003_346,122.05491356938572,107.84254060523058,92.84254060523058,4.373446212769807,10,4.504427776605814,Moto,Stormy,Jam,Urban,False,0,1,0,7667.326542320003,7770.169082925233,Aumento_Velocidade,1
pedido_7652.342094884512_335,129.59732596432724,119.45430181386439,104.45430181386439,9.969581679886343,15,4.754426695535531,Scooter,Stormy,High,Metropolitian,False,0,1,0,7652.342094884512,7771.796396698377,Aumento_Velocidade,1
pedido_7647.4608823578565_332,133.10882940518644,125.45193707450528,110.45193707450528,7.7456191327405985,15,4.707199240092259,Scooter,Foggy,High,Metropolitian,False,0,1,0,7647.4608823578565,7772.912819432362,Aumento_Velocidade,1
pedido_7676.952979044504_353,133.03987330531243,104.15747027004974,89.15747027004974,15.131724499684104,10,4.606256835575557,Moto,Stormy,Jam,Metropolitian,False,0,1,0,7676.952979044504,7776.110449314554,Aumento_Velocidade,1
pedido_7656.4630050944925_340,130.51003215022882,130.02722105132602,115.02722105132602,2.803269243421717,5,4.84579720289438,Scooter,Windy,High,Metropolitian,False,0,1,0,7656.4630050944925,7776.490226145818,Aumento_Velocidade,1
pedido_7663.970111368992_343,136.09876542914313,123.18759853548801,108.18759853548801,20.31575241465349,5,4.801856623049418,Moto,Windy,High,Metropolitian,False,0,1,0,7663.970111368992,7777.15770990448,Aumento_Velocidade,1
pedido_7696.228544873518_368,104.64321753705634,86.33717023738683,71.33717023738683,10.817999942013603,10,4.96648770752207,Scooter,Sunny,High,Metropolitian,True,0,1,1,7696.228544873518,7777.565715110905,Aumento_Velocidade,1
pedido_7655.5649492163675_338,139.929493425998,128.5481279241812,113.54812792418119,15.681825487515551,10,5.0,Moto,Windy,Jam,Metropolitian,False,0,1,0,7655.5649492163675,7779.113077140549,Aumento_Velocidade,1
pedido_7679.620284960883_354,136.37695337191965,106.38125167643533,91.38125167643533,15.854344613810127,10,4.490652161981332,Scooter,Sandstorms,Medium,Metropolitian,False,0,0,0,7679.620284960883,7781.001536637318,Rota_Reduzida,1
pedido_7669.363792035531_348,129.50487436259647,112.04960617315929,97.04960617315929,2.2243344920614305,15,4.665584945024434,Moto,Windy,High,Urban,True,0,1,0,7669.363792035531,7781.4133982086905,Aumento_Velocidade,1
pedido_7742.67123039571_410,35.29676994124503,29.14226619218556,29.14226619218556,3.558101391034045,10,4.542661990843662,Van,Stormy,Low,Metropolitian,False,1,0,0,7742.67123039571,7781.813496587895,Nenhuma,1
pedido_7668.378430937004_347,132.0280916498577,114.98384788345263,99.98384788345263,7.420329142301988,15,4.943256982218954,Moto,Foggy,High,Metropolitian,False,0,1,0,7668.378430937004,7783.362278820457,Aumento_Velocidade,1
pedido_7622.144600870702_309,185.3723197907864,173.2553405555457,158.2553405555457,18.1050599377431,5,4.3970028604338225,Moto,Stormy,High,Urban,True,0,1,0,7622.144600870702,7785.399941426247,Aumento_Velocidade,0
pedido_7666.23021398067_345,132.4741772184434,126.34678593626009,111.34678593626009,5.801848551553172,10,4.710638521023348,Scooter,Foggy,High,Metropolitian,True,0,1,0,7666.23021398067,7787.57699991693,Aumento_Velocidade,1
pedido_7676.916960848815_352,133.05681345996058,121.15483303576363,106.15483303576363,0.0,5,4.854398172453218,Scooter,Sandstorms,High,Metropolitian,False,0,1,0,7676.916960848815,7788.071793884578,Aumento_Velocidade,1
pedido_7673.829663022117_351,131.7025454518257,114.25098935775179,99.25098935775179,0.0,15,4.830488813205087,Moto,Windy,High,Metropolitian,False,0,1,0,7673.829663022117,7788.080652379868,Aumento_Velocidade,1
pedido_7708.4771106355765_383,95.5788166304276,80.90344502976102,65.90344502976102,7.0594989249666185,15,4.550478729387015,Scooter,Sunny,High,Urban,False,0,1,1,7708.4771106355765,7789.380555665338,Aumento_Velocidade,1
pedido_7697.4766878338005_370,101.83865903440335,98.85126224073129,83.85126224073129,13.375965669260088,10,4.867905455325173,Moto,Sunny,High,Metropolitian,False,0,1,1,7697.4766878338005,7791.327950074532,Aumento_Velocidade,1
pedido_7742.586669091848_409,60.8749306344232,62.573686645063404,47.573686645063404,15.68955846501478,5,4.3211716904147055,Moto,Stormy,High,Metropolitian,False,1,1,0,7742.586669091848,7795.160355736912,Aumento_Velocidade,1
pedido_7624.3424812196845_311,178.32235462636493,176.63513094490577,161.63513094490577,6.354407785784096,10,4.447552521712922,Moto,Foggy,High,Metropolitian,False,0,1,0,7624.3424812196845,7795.97761216459,Aumento_Velocidade,0
pedido_7633.578941406258_321,187.46305540370713,168.24158057455327,153.24158057455327,9.956733046842174,10,4.314649581853169,Moto,Windy,Jam,Metropolitian,True,0,1,0,7633.578941406258,7796.8205219808115,Aumento_Velocidade,0
pedido_7653.815917854077_336,137.6991703477411,143.62597702176532,128.62597702176532,5.622724540387336,15,4.729394230030016,Scooter,Windy,Medium,Metropolitian,True,0,0,0,7653.815917854077,7797.441894875843,Rota_Reduzida,0
pedido_7719.191345401339_392,101.3635911593818,84.12338389140172,69.12338389140172,16.744346774565326,10,4.7941375173771315,Scooter,Sunny,Medium,Urban,False,0,0,1,7719.191345401339,7798.314729292741,Rota_Reduzida,1
pedido_7775.517111845128_432,44.56594284533121,19.298590815211632,19.298590815211632,12.83919992795268,5,4.804041218356779,Moto,Foggy,High,Metropolitian,False,1,1,0,7775.517111845128,7799.815702660339,Nenhuma,1
pedido_7696.536016184686_369,135.58933855345487,115.6074550279267,100.6074550279267,14.197996052603552,5,4.675042582644605,Moto,Windy,High,Metropolitian,True,0,1,0,7696.536016184686,7802.143471212612,Aumento_Velocidade,1
pedido_7692.561460198387_363,130.6600646472938,122.59918339205448,107.59918339205448,1.6187866297823614,5,4.922469918057443,Moto,Windy,High,Metropolitian,False,0,1,0,7692.561460198387,7805.160643590441,Aumento_Velocidade,1
pedido_7685.866461682346_356,128.38993636279594,129.53352329247022,114.53352329247022,4.680478087878103,5,4.5755720594430995,Moto,Windy,Jam,Metropolitian,False,0,1,0,7685.866461682346,7805.399984974816,Aumento_Velocidade,1
pedido_7672.601972752604_350,150.01712195914584,143.14318009038502,128.14318009038502,14.737616960524788,5,4.7477587074284955,Moto,Foggy,Jam,Urban,True,0,1,0,7672.601972752604,7805.745152842988,Aumento_Velocidade,0
pedido_7768.159651585102_426,44.57754108596192,22.84931398357527,22.84931398357527,8.174648981001145,15,4.646206234641766,Moto,Foggy,Jam,Metropolitian,False,1,1,0,7768.159651585102,7806.008965568678,Nenhuma,1
pedido_7687.8361258639125_357,128.2225744463269,118.44068713613751,103.44068713613751,3.4764684264751673,15,4.785162267342869,Moto,Stormy,High,Metropolitian,False,0,1,0,7687.8361258639125,7806.2768130000495,Aumento_Velocidade,1
pedido_7689.71892876318_358,126.60830206115946,117.10377980266662,102.10377980266662,7.897716247088757,15,4.753126999836965,Moto,Sandstorms,Jam,Metropolitian,False,0,1,0,7689.71892876318,7806.822708565846,Aumento_Velocidade,1
pedido_7692.316173226205_362,102.59804693424064,109.59824739065283,109.59824739065283,1.3094476579360945,5,4.89174736660655,Scooter,Sandstorms,Low,Metropolitian,False,0,0,0,7692.316173226205,7806.914420616858,Nenhuma,1
pedido_7705.414658356519_379,132.97412603154743,113.6233150664267,98.6233150664267,0.8366055112303874,5,4.460653678587403,Moto,Foggy,High,Metropolitian,True,0,1,0,7705.414658356519,7809.0379734229455,Aumento_Velocidade,1
pedido_7700.620636760965_373,132.52982290415653,115.47585125626087,100.47585125626087,0.5916278725840662,10,4.944592925774205,Scooter,Sandstorms,Medium,Metropolitian,True,0,0,0,7700.620636760965,7811.096488017226,Rota_Reduzida,1
pedido_7705.852942709871_380,135.31850075111322,115.29975109941533,100.29975109941533,15.754207506397215,5,5.0,Moto,Sandstorms,High,Metropolitian,False,0,1,0,7705.852942709871,7811.152693809287,Aumento_Velocidade,1
pedido_7703.9390232764335_377,133.8468207273119,121.02912268752169,106.02912268752169,12.598730028418593,5,4.601942568580581,Moto,Windy,Medium,Metropolitian,False,0,0,0,7703.9390232764335,7814.968145963955,Rota_Reduzida,1
pedido_7636.664376148491_323,179.3506795975348,188.7881635431378,173.7881635431378,9.024446450775118,5,4.27086340216365,Moto,Sandstorms,Jam,Metropolitian,False,0,1,0,7636.664376148491,7815.452539691629,Aumento_Velocidade,0
pedido_7696.035426108218_367,140.680112465324,129.60289557166067,114.60289557166067,16.326227275468867,5,4.475391756460308,Moto,Stormy,Jam,Metropolitian,True,0,1,0,7696.035426108218,7815.6383216798795,Aumento_Velocidade,1
pedido_7704.302157985563_378,132.42341625007936,118.76401056381499,103.76401056381499,7.295019723297043,10,4.748116512768099,Moto,Foggy,High,Metropolitian,True,0,1,0,7704.302157985563,7818.066168549378,Aumento_Velocidade,1
pedido_7732.787900348761_400,101.45518350046206,85.80975137040733,70.80975137040733,5.800326069129981,15,5.0,Moto,Sunny,High,Metropolitian,True,0,1,1,7732.787900348761,7818.5976517191675,Aumento_Velocidade,1
pedido_7700.847594392825_374,132.3365918961461,125.15699102421911,110.15699102421911,9.11405867404458,10,4.50437743850878,Moto,Foggy,High,Urban,False,0,1,0,7700.847594392825,7821.004585417044,Aumento_Velocidade,1
pedido_7710.936853374484_385,132.92474254065405,110.5818289711773,95.5818289711773,9.424049152849094,15,4.78130118449768,Moto,Foggy,High,Metropolitian,True,0,1,0,7710.936853374484,7821.518682345661,Aumento_Velocidade,1
pedido_7710.786032577484_384,143.05945443782988,116.2909878574273,101.2909878574273,16.007157959878743,10,4.79061529848194,Scooter,Foggy,Medium,Metropolitian,False,0,0,0,7710.786032577484,7822.077020434911,Rota_Reduzida,1
pedido_7711.566739050979_386,132.67833821886688,121.55606903519745,106.55606903519745,7.526623287715767,5,4.653083847032928,Moto,Foggy,High,Metropolitian,True,0,1,0,7711.566739050979,7823.1228080861765,Aumento_Velocidade,1
pedido_7726.758361025104_396,97.81500651352282,106.96462811919234,91.96462811919234,0.0,5,5.0,Moto,Sunny,Medium,Metropolitian,True,0,0,1,7726.758361025104,7823.722989144297,Rota_Reduzida,1
pedido_7715.927032639466_390,131.03979234049356,108.01703264747238,93.01703264747238,4.950151314141308,15,4.698699599960577,Moto,Windy,High,Metropolitian,False,0,1,0,7715.927032639466,7823.944065286939,Aumento_Velocidade,1
pedido_7721.266491708449_393,131.2554352758499,104.36097744293829,89.36097744293829,9.195438974298604,15,4.959663191654357,Moto,Stormy,High,Metropolitian,True,0,1,0,7721.266491708449,7825.627469151388,Aumento_Velocidade,1
pedido_7737.880178111526_406,102.10455393891517,82.92960445121261,82.92960445121261,3.628523377531369,5,5.0,Scooter,Windy,Low,Metropolitian,False,0,0,0,7737.880178111526,7825.809782562739,Nenhuma,1
pedido_7706.090499075761_381,98.00051892310152,115.0979867202939,115.0979867202939,8.051837337978377,5,4.60635948593521,Moto,Windy,Low,Metropolitian,False,0,0,0,7706.090499075761,7826.188485796055,Nenhuma,1
pedido_7723.150800685952_394,130.44988961041798,113.78842112747219,98.78842112747219,14.015795902588899,5,4.478589951219526,Moto,Stormy,High,Metropolitian,False,0,1,0,7723.150800685952,7826.939221813424,Aumento_Velocidade,1
pedido_7700.217255846444_372,139.22660117614151,131.835005011237,116.835005011237,5.764922403924855,10,5.0,Moto,Sandstorms,Medium,Metropolitian,True,0,0,0,7700.217255846444,7827.05226085768,Rota_Reduzida,1
pedido_7701.887650308502_376,141.32008033116873,136.6955704922055,121.69557049220549,16.345841819201144,5,4.691574714715382,Moto,Foggy,High,Urban,False,0,1,0,7701.887650308502,7828.583220800708,Aumento_Velocidade,0
pedido_7714.648868661214_388,131.85230941732516,119.61779887813299,104.61779887813299,6.149093684297566,10,4.57397399195536,Moto,Sandstorms,High,Metropolitian,False,0,1,0,7714.648868661214,7829.266667539347,Aumento_Velocidade,1
pedido_7757.111795523966_420,104.38525540505682,83.21918532611342,68.21918532611342,16.880378810951186,10,4.919391938222414,Moto,Sunny,High,Metropolitian,True,0,1,1,7757.111795523966,7835.33098085008,Aumento_Velocidade,1
pedido_7693.980363280999_364,143.80428958192564,126.63609334255665,126.63609334255665,11.46190638028055,15,4.858388412374869,Van,Foggy,Medium,Metropolitian,True,0,0,0,7693.980363280999,7835.616456623556,Nenhuma,0
pedido_7783.7478620293405_441,60.05903871041625,54.15450784625412,39.15450784625412,5.652660136825371,15,4.295129537967942,Scooter,Sandstorms,High,Metropolitian,False,1,1,0,7783.7478620293405,7837.902369875595,Aumento_Velocidade,1
pedido_7712.532843437912_387,131.5722373586722,137.43102509033224,122.43102509033224,6.089636629813346,5,4.550654068139516,Moto,Windy,High,Metropolitian,False,0,1,0,7712.532843437912,7839.963868528244,Aumento_Velocidade,0
pedido_7744.223841186578_413,100.27111934125689,91.88699835243305,91.88699835243305,1.415991885475318,5,4.881799892838354,Moto,Windy,Low,Metropolitian,False,0,0,0,7744.223841186578,7841.110839539011,Nenhuma,1
pedido_7699.880438358943_371,135.31430919127558,138.31632466172147,138.31632466172147,9.25839865354032,5,4.987743764274749,Van,Sandstorms,High,Metropolitian,True,0,1,0,7699.880438358943,7843.196763020665,Nenhuma,0
pedido_7734.904506251714_404,134.41578154217095,103.81283351989201,103.81283351989201,0.9218878135242985,5,4.6420453263068,Van,Foggy,High,Urban,False,0,1,0,7734.904506251714,7843.717339771606,Nenhuma,1
pedido_7715.898769014756_389,145.00682205131372,136.702634047403,121.702634047403,12.380521111724837,10,4.906869305078324,Moto,Foggy,High,Urban,True,0,1,0,7715.898769014756,7847.601403062159,Aumento_Velocidade,0
pedido_7718.76710889752_391,134.4927399598692,119.11979849618226,119.11979849618226,14.967953556229107,10,4.649467459475512,Van,Windy,High,Urban,True,0,1,0,7718.76710889752,7847.886907393702,Nenhuma,1
pedido_7734.138267285224_402,130.07391154917005,113.97573552066649,98.97573552066649,0.0,15,4.777618843541286,Moto,Sandstorms,High,Metropolitian,True,0,1,0,7734.138267285224,7848.114002805891,Aumento_Velocidade,1
pedido_7769.070213358312_427,98.46884860164056,86.17985425012046,71.17985425012046,2.366928334176955,10,4.74616274032238,Moto,Sunny,High,Metropolitian,True,0,1,1,7769.070213358312,7850.250067608432,Aumento_Velocidade,1
pedido_7762.461365783377_423,101.29554141607021,88.56268983644463,73.56268983644463,16.181029426877608,15,4.861804311287628,Moto,Sunny,High,Metropolitian,False,0,1,1,7762.461365783377,7851.024055619821,Aumento_Velocidade,1
pedido_7724.800728676345_395,134.14109550680436,133.05448906488132,118.05448906488132,5.101162429118222,10,4.603846877980939,Moto,Foggy,High,Metropolitian,False,0,1,0,7724.800728676345,7852.855217741227,Aumento_Velocidade,1
pedido_7691.031734108966_361,173.74530854709568,167.80898246279165,152.80898246279165,7.309322597601169,10,4.425554121870979,Moto,Foggy,Medium,Urban,False,0,0,0,7691.031734108966,7853.840716571757,Rota_Reduzida,0
pedido_7738.971679115243_407,135.565608694292,123.45771146538007,108.45771146538007,22.380849485228072,10,4.5876269377785235,Scooter,Windy,High,Metropolitian,True,0,1,0,7738.971679115243,7857.4293905806235,Aumento_Velocidade,1
pedido_7740.377724244232_408,127.95282843978039,118.61048468624017,103.61048468624017,5.3886231622930545,15,4.540037910293035,Scooter,Windy,High,Urban,False,0,1,0,7740.377724244232,7858.988208930472,Aumento_Velocidade,1
pedido_7733.087609841939_401,133.28348391376278,136.65375999969314,121.65375999969314,6.910146856166126,5,4.581892469111625,Moto,Foggy,High,Metropolitian,False,0,1,0,7733.087609841939,7859.741369841632,Aumento_Velocidade,0
pedido_7772.321017048802_429,110.906950967452,97.85686102485414,82.85686102485414,12.096375967199377,5,4.6852364833891915,Moto,Sunny,Jam,Metropolitian,False,0,1,1,7772.321017048802,7860.177878073656,Aumento_Velocidade,1
pedido_7706.563988671576_382,174.6734277880249,163.7312468929976,148.7312468929976,3.7656074524451233,5,4.418176143797873,Scooter,Stormy,Jam,Urban,False,0,1,0,7706.563988671576,7860.295235564574,Aumento_Velocidade,0
pedido_7752.41526514177_417,133.21986573079815,125.48735769311375,110.48735769311375,16.739485425857186,5,4.572035568521024,Moto,Stormy,Medium,Metropolitian,False,0,0,0,7752.41526514177,7867.902622834884,Rota_Reduzida,1
pedido_7755.777247563676_419,99.48961124836258,107.72406266707016,107.72406266707016,10.198766744027731,5,5.0,Moto,Windy,Low,Metropolitian,False,0,0,0,7755.777247563676,7868.501310230746,Nenhuma,1
pedido_7746.856825731668_415,128.54805071425997,123.95666385391638,108.95666385391638,14.350548840628877,15,4.6686081857527215,Scooter,Stormy,Medium,Other,False,0,0,0,7746.856825731668,7870.813489585585,Rota_Reduzida,1
pedido_7753.471926279687_418,124.87626390052795,122.34707650355202,107.34707650355202,0.719811285916343,10,4.861272749353095,Moto,Stormy,Jam,Urban,True,0,1,0,7753.471926279687,7870.819002783239,Aumento_Velocidade,1
pedido_7767.393599714165_425,135.7975343682578,113.75457466943367,98.75457466943367,14.760095820026486,5,4.762488108787404,Moto,Windy,High,Metropolitian,True,0,1,0,7767.393599714165,7871.148174383599,Aumento_Velocidade,1
pedido_7743.228141459204_411,144.629678848822,136.83811457008656,121.83811457008656,18.384879727582973,10,4.842899222614594,Scooter,Foggy,Medium,Metropolitian,False,0,0,0,7743.228141459204,7875.066256029291,Rota_Reduzida,0
pedido_7765.950067335641_424,129.76486193434457,119.86721077027843,104.86721077027843,14.462925094637072,5,4.638195655396633,Scooter,Stormy,High,Metropolitian,False,0,1,0,7765.950067335641,7875.817278105919,Aumento_Velocidade,1
pedido_7734.5203615216715_403,174.15269966404952,156.63817815282118,141.63817815282118,6.717743827122721,5,4.252252313018007,Moto,Foggy,Medium,Metropolitian,False,0,0,0,7734.5203615216715,7881.158539674492,Rota_Reduzida,0
pedido_7749.731477112211_416,128.9649817732296,143.1986547255412,128.1986547255412,5.900233125483778,5,4.529184406710512,Moto,Foggy,Jam,Urban,False,0,1,0,7749.731477112211,7882.930131837752,Aumento_Velocidade,0
pedido_7821.56286345486_463,93.92897844256981,78.20941568350246,58.209415683502456,3.2027052417533315,5,4.846742569594345,Scooter,Sunny,High,Other,False,0,1,1,7821.56286345486,7884.772279138363,Rota_Reduzida,1
pedido_7729.28856325535_398,173.86188562908373,162.28865106131235,147.28865106131235,4.412359597095965,10,4.415099564235154,Scooter,Windy,High,Metropolitian,True,0,1,0,7729.28856325535,7886.577214316662,Aumento_Velocidade,0
pedido_7833.048669411902_468,96.5744882953516,53.63650614365061,38.63650614365061,1.2517349239514886,15,4.763934120404921,Moto,Sunny,Medium,Urban,True,0,0,1,7833.048669411902,7886.685175555553,Rota_Reduzida,1
pedido_7730.528353791009_399,190.3055330539299,161.94808396135954,146.94808396135954,6.5926470056495505,10,4.162957731916752,Moto,Sunny,Jam,Metropolitian,False,0,1,1,7730.528353791009,7887.476437752369,Aumento_Velocidade,0
pedido_7769.201018567097_428,132.4946085953814,128.34694221881517,108.34694221881517,7.016946388446002,10,4.812953605786822,Moto,Foggy,High,Semi-Urban,True,0,1,0,7769.201018567097,7887.547960785912,Rota_Reduzida,1
pedido_7776.841515206068_433,136.08252337091776,117.19828927417161,102.19828927417161,20.05450016368907,10,4.643418348011813,Moto,Sandstorms,High,Metropolitian,False,0,1,0,7776.841515206068,7889.03980448024,Aumento_Velocidade,1
pedido_7845.121241241924_478,40.62464872879768,34.06752615224131,34.06752615224131,0.735458454350745,10,4.704673340674146,Scooter,Sunny,Jam,Urban,False,1,1,1,7845.121241241924,7889.188767394165,Nenhuma,1
pedido_7773.340107101755_430,131.51674031147215,111.23054725647859,111.23054725647859,0.0,5,4.645004182985047,Van,Windy,High,Metropolitian,False,0,1,0,7773.340107101755,7889.570654358234,Nenhuma,1
pedido_7777.285859003247_434,136.26809010294815,122.8391673850621,107.8391673850621,11.867322817547958,5,5.0,Scooter,Windy,High,Metropolitian,False,0,1,0,7777.285859003247,7890.125026388309,Aumento_Velocidade,1
pedido_7777.79122101002_436,145.16503103549755,123.0823091851351,108.0823091851351,18.94192833377862,10,4.8170554491681,Moto,Foggy,High,Metropolitian,True,0,1,0,7777.79122101002,7895.873530195156,Aumento_Velocidade,1
pedido_7775.495593231598_431,103.64871864064442,121.96803898397104,106.96803898397104,15.813943021515971,15,4.93137312830682,Scooter,Sunny,High,Metropolitian,True,0,1,1,7775.495593231598,7897.463632215569,Aumento_Velocidade,1
pedido_7735.517639040793_405,177.42120854371532,172.45059787581792,157.45059787581792,8.82663987612268,5,4.35371380233692,Moto,Sandstorms,High,Metropolitian,False,0,1,0,7735.517639040793,7897.968236916611,Aumento_Velocidade,0
pedido_7781.585700189662_437,104.6072743164122,117.3819369004932,102.3819369004932,10.633072726965976,15,4.653035469677981,Moto,Sunny,High,Urban,True,0,1,1,7781.585700189662,7898.967637090155,Aumento_Velocidade,1
pedido_7743.822972843716_412,177.9518145913817,160.73072018690817,145.73072018690817,8.007735287894107,10,4.346489587973799,Scooter,Foggy,High,Metropolitian,False,0,1,0,7743.822972843716,7899.553693030624,Aumento_Velocidade,0
pedido_7728.413821919151_397,195.22014710852773,172.31104883332338,157.31104883332338,5.711518140635538,15,4.358061366591011,Scooter,Sunny,High,Metropolitian,False,0,1,1,7728.413821919151,7900.724870752474,Aumento_Velocidade,0
pedido_7789.36044004979_442,124.88630376556037,113.29890387488584,98.29890387488584,3.010562178762037,15,5.0,Moto,Foggy,Medium,Metropolitian,False,0,0,0,7789.36044004979,7902.659343924675,Rota_Reduzida,1
pedido_7822.644123807431_464,102.35970845081678,92.5956532045349,77.5956532045349,18.315979302896434,5,4.603481590017938,Moto,Sunny,High,Urban,False,0,1,1,7822.644123807431,7905.239777011966,Aumento_Velocidade,1
pedido_7783.694839177742_440,109.04725505516431,107.49514115258847,107.49514115258847,16.382943338174485,15,4.855900562518055,Van,Sunny,Jam,Urban,False,0,1,1,7783.694839177742,7906.18998033033,Nenhuma,1
pedido_7798.607180068874_444,134.66470364293724,108.46196335656927,93.46196335656927,12.763084766961162,15,4.656798781704674,Moto,Stormy,Medium,Metropolitian,True,0,0,0,7798.607180068874,7907.069143425443,Rota_Reduzida,1
pedido_7795.736767124486_443,127.68784875238822,118.03465767102168,103.03465767102168,6.918960682460662,10,4.561240722557724,Moto,Stormy,Jam,Metropolitian,False,0,1,0,7795.736767124486,7908.771424795507,Aumento_Velocidade,1
pedido_7761.2616174001105_422,133.87595194938137,143.14288699060697,143.14288699060697,5.698469992280162,5,4.590913754675794,Van,Foggy,High,Metropolitian,False,0,1,0,7761.2616174001105,7909.404504390717,Nenhuma,0
pedido_7840.347029477099_475,101.54513840062712,78.85793037354603,63.857930373546026,7.645420469450947,10,4.467288659792789,Scooter,Sunny,Jam,Metropolitian,False,0,1,1,7840.347029477099,7914.204959850645,Aumento_Velocidade,1
pedido_7759.414492856946_421,173.93875203754268,158.58222171339543,143.58222171339543,3.118477782763565,15,4.434944238289799,Scooter,Stormy,High,Metropolitian,True,0,1,0,7759.414492856946,7917.996714570341,Aumento_Velocidade,0
pedido_7782.681867911901_439,135.9265146170439,136.19627513413639,121.19627513413639,4.022824145430846,15,4.782117922780825,Moto,Windy,Medium,Metropolitian,True,0,0,0,7782.681867911901,7918.878143046037,Rota_Reduzida,0
pedido_7777.55294596604_435,150.22018937557937,142.93765593263686,127.93765593263686,12.6427656287761,15,4.71493918133186,Moto,Foggy,Jam,Urban,False,0,1,0,7777.55294596604,7920.490601898677,Aumento_Velocidade,0
pedido_7800.001561744829_446,130.79169243585847,120.78482979685117,105.78482979685117,11.826519312334053,15,4.667387746223357,Moto,Stormy,High,Metropolitian,False,0,1,0,7800.001561744829,7920.78639154168,Aumento_Velocidade,1
pedido_7803.31359483947_448,134.27615493593825,128.64708343238019,113.64708343238019,20.071845259239296,5,4.683876626869634,Moto,Stormy,Medium,Metropolitian,False,0,0,0,7803.31359483947,7921.96067827185,Rota_Reduzida,1
pedido_7847.041538205986_479,105.95567356939611,80.14298255211679,65.14298255211679,12.920182506442806,10,4.463842004404085,Moto,Sunny,High,Metropolitian,False,0,1,1,7847.041538205986,7922.184520758103,Aumento_Velocidade,1
pedido_7799.661406993432_445,137.90339378441095,134.34295868207644,119.34295868207644,20.236517198052113,5,5.0,Scooter,Sandstorms,High,Metropolitian,False,0,1,0,7799.661406993432,7924.004365675509,Aumento_Velocidade,1
pedido_7818.360184151129_460,130.77464878307057,115.8516738732428,100.8516738732428,5.547483200101994,5,4.748365157649388,Scooter,Windy,High,Urban,False,0,1,0,7818.360184151129,7924.211858024371,Aumento_Velocidade,1
pedido_7745.928377662939_414,195.40095459982473,188.87395636423994,173.87395636423994,6.1225537113331185,5,4.385780359426467,Moto,Sunny,High,Metropolitian,False,0,1,1,7745.928377662939,7924.802334027179,Aumento_Velocidade,0
pedido_7812.29897961626_453,134.62259130516344,118.1969692418341,103.1969692418341,13.76644490624733,10,4.9315790398624255,Scooter,Sandstorms,High,Metropolitian,False,0,1,0,7812.29897961626,7925.495948858094,Aumento_Velocidade,1
pedido_7806.6862872683405_449,134.20702046845372,124.51905280148696,109.51905280148696,15.012417306164737,10,4.692624202700996,Moto,Sandstorms,High,Metropolitian,False,0,1,0,7806.6862872683405,7926.205340069828,Aumento_Velocidade,1
pedido_7840.152142230417_474,95.26358701741418,77.32448455713013,77.32448455713013,9.243913241340511,10,4.897397372016982,Van,Sunny,High,Metropolitian,False,0,1,1,7840.152142230417,7927.476626787547,Nenhuma,1
pedido_7782.4295935045275_438,141.5424031735088,145.3169745752375,130.3169745752375,17.009159255678043,15,4.633454275462946,Moto,Foggy,High,Urban,False,0,1,0,7782.4295935045275,7927.746568079765,Aumento_Velocidade,0
pedido_7861.1044668640525_494,97.8871746517865,70.09612887880402,55.09612887880402,9.945361882975831,15,4.6175206519495795,Moto,Sunny,Medium,Metropolitian,False,0,0,1,7861.1044668640525,7931.200595742856,Rota_Reduzida,1
pedido_7815.897719239642_456,134.38082885625315,123.16232648470313,108.16232648470313,4.196185080525436,10,4.993844516713612,Scooter,Windy,Medium,Metropolitian,False,0,0,0,7815.897719239642,7934.060045724345,Rota_Reduzida,1
pedido_7825.277653301504_466,124.5851231603691,109.98559095546744,94.98559095546744,4.423107562827037,15,4.4891973595215395,Moto,Sandstorms,Jam,Metropolitian,False,0,1,0,7825.277653301504,7935.263244256971,Aumento_Velocidade,1
pedido_7847.12583286626_480,99.17088575986794,88.45275211675991,73.45275211675991,9.145995582054164,15,4.597416680235204,Moto,Sunny,High,Urban,True,0,1,1,7847.12583286626,7935.57858498302,Aumento_Velocidade,1
pedido_7808.526368709733_451,134.37619654620727,137.2874562042571,122.2874562042571,14.789385634960917,5,4.503451288205464,Moto,Stormy,Medium,Metropolitian,True,0,0,0,7808.526368709733,7935.81382491399,Rota_Reduzida,0
pedido_7894.3154309699175_524,45.381696561691044,32.70562988437668,32.70562988437668,8.649988855686066,10,4.987341055298478,Moto,Sandstorms,High,Metropolitian,False,1,1,0,7894.3154309699175,7937.021060854294,Nenhuma,1
pedido_7866.417944727031_499,97.94570474772533,82.37224072227757,67.37224072227757,4.7690664414358555,5,4.8174262862291055,Scooter,Sunny,Medium,Metropolitian,True,0,0,1,7866.417944727031,7938.790185449308,Rota_Reduzida,1
pedido_7800.903547068167_447,178.20218582871783,149.65491885120488,134.65491885120488,9.635544477970061,5,4.18648331694421,Scooter,Sandstorms,High,Metropolitian,True,0,1,0,7800.903547068167,7940.558465919372,Aumento_Velocidade,0
pedido_7836.457814851353_471,136.03302261727933,107.21903637991218,92.21903637991218,5.8182637130495145,15,4.53356646519787,Scooter,Windy,Medium,Metropolitian,False,0,0,0,7836.457814851353,7943.676851231265,Rota_Reduzida,1
pedido_7855.432709760818_486,103.81985237156267,95.09647698025385,80.09647698025385,16.059927197141818,10,4.838615005291501,Moto,Sunny,High,Metropolitian,True,0,1,1,7855.432709760818,7945.529186741072,Aumento_Velocidade,1
pedido_7810.395195677251_452,143.91163808820735,148.46829632947134,133.46829632947134,14.747500499566378,5,4.606095237893728,Moto,Foggy,High,Urban,True,0,1,0,7810.395195677251,7948.8634920067225,Aumento_Velocidade,0
pedido_7839.7149391011735_472,111.05303624372502,99.7853653282345,99.7853653282345,12.58924120634888,10,4.8572807907131725,Moto,Foggy,Low,Metropolitian,True,0,0,0,7839.7149391011735,7949.500304429408,Nenhuma,1
pedido_7834.252035591298_469,135.3091974680962,120.34384036011824,105.34384036011824,14.875900824007253,10,4.520081711680311,Moto,Sandstorms,High,Urban,False,0,1,0,7834.252035591298,7949.595875951417,Aumento_Velocidade,1
pedido_7850.031481463281_483,134.94826940247617,107.27600349218105,92.27600349218105,15.050254341538816,10,4.7695246883955456,Scooter,Sandstorms,High,Metropolitian,True,0,1,0,7850.031481463281,7952.307484955462,Aumento_Velocidade,1
pedido_7823.441320372114_465,140.9742370610932,128.88873844519705,113.88873844519705,11.005887509502504,15,4.620924758280602,Scooter,Foggy,High,Metropolitian,False,0,1,0,7823.441320372114,7952.3300588173115,Aumento_Velocidade,1
pedido_7817.705745559151_458,140.62704366312087,145.74177624191074,130.74177624191074,15.111271098685824,5,4.568733012812572,Moto,Sandstorms,Jam,Metropolitian,False,0,1,0,7817.705745559151,7953.447521801062,Aumento_Velocidade,0
pedido_7851.217192746046_484,101.43117346077058,107.25692142129537,92.25692142129537,13.662709505650131,10,4.740009640136243,Moto,Sunny,High,Urban,False,0,1,1,7851.217192746046,7953.474114167341,Aumento_Velocidade,1
pedido_7857.67629717345_489,98.36114035328379,95.84516185365764,80.84516185365764,8.12341095397619,15,4.679959491081811,Moto,Sunny,Jam,Metropolitian,False,0,1,1,7857.67629717345,7953.521459027107,Aumento_Velocidade,1
pedido_7855.683997524382_487,98.36845660574528,109.52831323700453,94.52831323700453,3.115806512187612,5,4.796851611077717,Scooter,Sunny,High,Metropolitian,True,0,1,1,7855.683997524382,7955.212310761386,Aumento_Velocidade,1
pedido_7862.55290637841_496,98.00822082865007,82.7108717724956,82.7108717724956,7.765961873827067,10,4.602716320883208,Moto,Windy,Low,Metropolitian,False,0,0,0,7862.55290637841,7955.263778150906,Nenhuma,1
pedido_7856.990430077428_488,103.03064534750423,108.73185359967405,93.73185359967405,14.546810055514506,5,4.490026632143657,Moto,Sunny,Medium,Metropolitian,False,0,0,1,7856.990430077428,7955.722283677102,Rota_Reduzida,1
pedido_7840.634582687686_477,134.72139497311895,125.13506405359689,110.13506405359689,19.086502271419796,5,4.873765593494865,Scooter,Sandstorms,High,Metropolitian,False,0,1,0,7840.634582687686,7955.7696467412825,Aumento_Velocidade,1
pedido_7854.599831317241_485,110.21487251898758,103.99285258858062,88.99285258858062,10.866129570004455,15,5.0,Scooter,Sunny,Jam,Metropolitian,False,0,1,1,7854.599831317241,7958.592683905822,Aumento_Velocidade,1
pedido_7813.132335001642_454,137.41241141222392,131.1322045745866,131.1322045745866,6.4067714915479606,15,4.0731715937925195,Moto,Foggy,Low,Urban,False,0,0,0,7813.132335001642,7959.264539576228,Nenhuma,0
pedido_7911.675593575917_539,33.653809041940775,43.2181582977469,43.2181582977469,8.046763702450278,5,4.772604492463075,Moto,Foggy,Low,Metropolitian,True,1,0,0,7911.675593575917,7959.893751873665,Nenhuma,1
pedido_7840.053526727473_473,132.0234887729761,120.37738438287892,105.37738438287892,3.4018651078921502,15,4.875573167279295,Scooter,Foggy,High,Metropolitian,True,0,1,0,7840.053526727473,7960.430911110351,Aumento_Velocidade,1
pedido_7820.992858081544_461,142.0479982145232,146.69992938505942,131.69992938505942,11.577100564317142,10,4.833162424783576,Scooter,Foggy,Medium,Metropolitian,False,0,0,0,7820.992858081544,7962.6927874666035,Rota_Reduzida,0
pedido_7834.7767051259025_470,150.72369751433095,142.5646896443483,127.5646896443483,14.736651352550101,5,4.825263525578255,Moto,Foggy,Jam,Metropolitian,True,0,1,0,7834.7767051259025,7967.341394770251,Aumento_Velocidade,0
pedido_7890.093742701634_519,101.97577899240491,82.96553676033807,67.96553676033807,4.225587875085482,10,4.541769806820988,Moto,Sunny,Jam,Metropolitian,False,0,1,1,7890.093742701634,7968.059279461972,Aumento_Velocidade,1
pedido_7840.457728682599_476,151.83348722168307,137.90192871248925,122.90192871248925,11.9764068669449,10,4.558063634161146,Moto,Foggy,Jam,Metropolitian,False,0,1,0,7840.457728682599,7973.359657395088,Aumento_Velocidade,0
pedido_7807.208515824228_450,175.25306987146882,171.17137944514815,156.17137944514815,5.28881683729318,10,4.225565261473228,Scooter,Stormy,High,Urban,False,0,1,0,7807.208515824228,7973.379895269376,Aumento_Velocidade,0
pedido_7817.763737729133_459,176.3130435063328,156.0594845134119,141.0594845134119,8.289745356376626,15,4.403539205198177,Moto,Sandstorms,High,Metropolitian,True,0,1,0,7817.763737729133,7973.823222242545,Aumento_Velocidade,0
pedido_7860.971356072673_493,130.9099479111377,112.97377994835217,97.97377994835217,4.964728122496045,15,4.974620323314091,Scooter,Stormy,Jam,Urban,True,0,1,0,7860.971356072673,7973.945136021025,Aumento_Velocidade,1
pedido_7871.239872409168_504,126.36164170560143,118.7931465259433,98.7931465259433,21.649660197294615,5,4.678989812522794,Moto,Stormy,Jam,Other,False,0,1,0,7871.239872409168,7975.033018935112,Rota_Reduzida,1
pedido_7859.373071833286_492,135.39823089047906,125.92564124965156,110.92564124965156,18.535107685601137,5,4.728794205963872,Moto,Sandstorms,High,Metropolitian,True,0,1,0,7859.373071833286,7975.298713082938,Aumento_Velocidade,1
pedido_7861.846193695357_495,137.8172827389613,114.20126146557857,99.20126146557857,10.915949145144396,15,4.569774447412418,Moto,Sandstorms,Medium,Metropolitian,True,0,0,0,7861.846193695357,7976.047455160936,Rota_Reduzida,1
pedido_7847.3388593846375_482,142.0479982145232,129.0698120012446,114.0698120012446,11.402412419535203,15,4.846007747165315,Moto,Foggy,Medium,Metropolitian,False,0,0,0,7847.3388593846375,7976.408671385882,Rota_Reduzida,1
pedido_7934.955357186937_563,34.471701153558456,31.838132196112547,31.838132196112547,4.777099582422956,10,4.76141912881182,Scooter,Stormy,Low,Metropolitian,True,1,0,0,7934.955357186937,7976.79348938305,Nenhuma,1
pedido_7886.986520695581_514,98.7904708398106,82.7828625814049,82.7828625814049,2.0987283917886823,10,4.821440292934453,Van,Sunny,Jam,Metropolitian,False,0,1,1,7886.986520695581,7979.7693832769855,Nenhuma,1
pedido_7878.750534616553_511,127.54068791102743,111.12437304800945,96.12437304800945,3.397136020044668,5,4.802178405954902,Scooter,Foggy,Jam,Metropolitian,False,0,1,0,7878.750534616553,7979.874907664562,Aumento_Velocidade,1
pedido_7847.236046771171_481,134.11802551561527,142.80213393705822,127.80213393705822,13.052163067164042,5,4.865230156573297,Moto,Sandstorms,High,Urban,False,0,1,0,7847.236046771171,7980.0381807082285,Aumento_Velocidade,0
pedido_7865.7208020548815_498,127.07266904448173,129.92350488402542,109.92350488402542,18.069480424292262,5,4.891522601168673,Scooter,Sandstorms,High,Other,False,0,1,0,7865.7208020548815,7980.644306938907,Rota_Reduzida,1
pedido_7858.569199700439_491,134.3950241314574,122.1684997819487,107.1684997819487,16.789862805134913,15,4.670068534728952,Scooter,Sandstorms,High,Metropolitian,False,0,1,0,7858.569199700439,7980.737699482387,Aumento_Velocidade,1
pedido_7891.635583459519_520,104.731362251429,100.59207154974169,85.59207154974169,17.506185857694447,5,4.774690347878416,Moto,Sunny,High,Urban,True,0,1,1,7891.635583459519,7982.22765500926,Aumento_Velocidade,1
pedido_7896.90883586906_527,100.00171326255364,95.38725212969733,80.38725212969733,5.400698691178575,5,4.67709147561456,Moto,Sunny,High,Metropolitian,True,0,1,1,7896.90883586906,7982.296087998757,Aumento_Velocidade,1
pedido_7858.484629828498_490,138.46641522191248,129.26933450310935,114.26933450310935,14.855828714988377,10,4.54639307925873,Moto,Stormy,Jam,Metropolitian,False,0,1,0,7858.484629828498,7982.753964331608,Aumento_Velocidade,1
pedido_7895.28854153719_525,94.63158532354707,88.8526250493293,73.8526250493293,6.665520545451783,15,4.690372723066984,Scooter,Sunny,High,Metropolitian,False,0,1,1,7895.28854153719,7984.14116658652,Aumento_Velocidade,1
pedido_7814.23412919421_455,177.2597369245537,170.69973327548956,155.69973327548956,9.73272115623876,15,4.315604063672188,Scooter,Stormy,High,Metropolitian,False,0,1,0,7814.23412919421,7984.9338624697,Aumento_Velocidade,0
pedido_7874.572950012193_508,131.9012147297906,115.90530746753,100.90530746753,4.304579237470444,10,4.6673545584631775,Moto,Windy,High,Metropolitian,False,0,1,0,7874.572950012193,7985.478257479724,Aumento_Velocidade,1
pedido_7871.420749181641_505,131.51674031147215,114.17711679064442,99.17711679064442,0.4939296293178659,15,4.614956426093214,Moto,Windy,High,Metropolitian,False,0,1,0,7871.420749181641,7985.597865972286,Aumento_Velocidade,1
pedido_7888.234180127456_518,101.62886116662526,94.10513770501666,94.10513770501666,12.505088982727482,5,4.717576911532468,Van,Sunny,High,Urban,False,0,1,1,7888.234180127456,7987.339317832473,Nenhuma,1
pedido_7900.370533590963_529,102.50123768847499,97.41203154343596,82.41203154343596,18.73596532707273,5,4.695827201896109,Moto,Sunny,High,Urban,False,0,1,1,7900.370533590963,7987.782565134398,Aumento_Velocidade,1
pedido_7884.226717813557_512,143.05987429709973,105.8375721427555,90.8375721427555,20.035821997830446,15,4.694376577943873,Moto,Foggy,High,Metropolitian,False,0,1,0,7884.226717813557,7990.064289956313,Aumento_Velocidade,1
pedido_7891.859065620371_521,111.26631529042795,84.45346746210606,84.45346746210606,13.517764966912862,15,4.802577591088778,Moto,Foggy,Low,Metropolitian,True,0,0,0,7891.859065620371,7991.312533082478,Nenhuma,1
pedido_7907.8319862054295_535,99.2314168338644,73.70665710471837,73.70665710471837,5.620415929410609,10,4.607712012432797,Moto,Foggy,Low,Metropolitian,False,0,0,0,7907.8319862054295,7991.538643310148,Nenhuma,1
pedido_7868.835097847958_501,133.65962405425594,117.36528580090074,117.36528580090074,6.547870379375535,10,4.634753210386904,Van,Stormy,Medium,Urban,True,0,0,0,7868.835097847958,7996.200383648859,Nenhuma,1
pedido_7893.503656883971_522,134.41578154217095,113.34145378456573,98.34145378456573,0.0,5,4.6211674456962655,Moto,Foggy,High,Metropolitian,False,0,1,0,7893.503656883971,7996.845110668537,Aumento_Velocidade,1
pedido_7923.756261474615_549,99.78375638801197,83.2562495735033,68.2562495735033,1.303011479077525,5,4.556991689268975,Moto,Sunny,High,Urban,True,0,1,1,7923.756261474615,7997.0125110481185,Aumento_Velocidade,1
pedido_7816.609134387303_457,199.89924946477913,185.52403489173412,170.52403489173412,11.415034978284702,10,4.363281906899417,Moto,Stormy,Jam,Metropolitian,False,0,1,0,7816.609134387303,7997.133169279037,Aumento_Velocidade,0
pedido_7909.961484440364_537,100.90298526224777,97.69120029461428,82.69120029461428,15.83605513031431,5,4.803013177622731,Scooter,Sunny,Medium,Metropolitian,False,0,0,1,7909.961484440364,7997.652684734979,Rota_Reduzida,1
pedido_7872.15514866671_506,140.19943154947018,127.95639016172908,112.95639016172908,15.901484834822064,15,4.904592716529803,Moto,Foggy,High,Metropolitian,False,0,1,0,7872.15514866671,8000.11153882844,Aumento_Velocidade,1
pedido_7873.080270900045_507,136.31738672662135,138.1958456901349,123.19584569013489,13.876189677130794,5,4.672661598173136,Moto,Sandstorms,Medium,Metropolitian,False,0,0,0,7873.080270900045,8001.27611659018,Rota_Reduzida,0
pedido_7867.630540321546_500,139.89092564455524,124.62127437728645,124.62127437728645,14.222643905013921,10,4.874242559769968,Van,Windy,Jam,Urban,True,0,1,0,7867.630540321546,8002.251814698832,Nenhuma,0
pedido_7887.111403671696_516,136.37963126716974,127.23833856739154,112.23833856739154,10.608771316993664,5,4.984068434566884,Scooter,Stormy,Medium,Metropolitian,False,0,0,0,7887.111403671696,8004.349742239087,Rota_Reduzida,1
pedido_7868.985798513476_502,151.58747396505365,145.42465239452736,130.42465239452736,14.226197310024556,5,5.0,Scooter,Foggy,Jam,Urban,False,0,1,0,7868.985798513476,8004.410450908003,Aumento_Velocidade,0
pedido_7821.298906647767_462,185.63546391397264,178.96527872097204,178.96527872097204,22.211972718899712,5,4.44602694584822,Van,Sandstorms,High,Metropolitian,False,0,1,0,7821.298906647767,8005.264185368738,Nenhuma,0
pedido_7895.39042156615_526,126.82930615313887,111.8630752451228,96.8630752451228,4.787929139442498,15,4.915767568127955,Scooter,Stormy,Jam,Metropolitian,False,0,1,0,7895.39042156615,8007.253496811272,Aumento_Velocidade,1
pedido_7825.804779084026_467,187.3226113434092,191.55872623821446,176.55872623821446,14.875808179021965,5,4.429254671829109,Moto,Stormy,High,Metropolitian,False,0,1,0,7825.804779084026,8007.363505322241,Aumento_Velocidade,0
pedido_7908.115252593618_536,129.816823247367,107.99050880203374,92.99050880203374,8.799094562671005,10,4.696338081531836,Moto,Stormy,High,Urban,False,0,1,0,7908.115252593618,8011.105761395652,Aumento_Velocidade,1
pedido_7875.211459447945_509,141.3178313642075,122.41293438611373,122.41293438611373,15.740011107809172,15,4.568539735198499,Van,Foggy,High,Metropolitian,False,0,1,0,7875.211459447945,8012.624393834059,Nenhuma,0
pedido_7917.082148566641_544,128.18996069488546,105.85331198412561,90.85331198412561,5.974074152543869,5,4.839014940530676,Scooter,Foggy,Medium,Metropolitian,False,0,0,0,7917.082148566641,8012.935460550767,Rota_Reduzida,1
pedido_7933.495468492211_562,111.656403005909,90.0804497460802,75.0804497460802,15.254215293501764,5,4.572154453327766,Moto,Sunny,Jam,Metropolitian,False,0,1,1,7933.495468492211,8013.575918238292,Aumento_Velocidade,1
pedido_7884.440395562919_513,130.992527115471,139.14306879270026,124.14306879270026,1.6638158131573375,5,4.560322159928782,Moto,Windy,High,Metropolitian,False,0,1,0,7884.440395562919,8013.583464355619,Aumento_Velocidade,0
pedido_7963.328828688407_580,72.19960785649707,60.31115484200741,45.31115484200741,15.63241818270511,5,4.432142532666736,Moto,Sunny,High,Metropolitian,True,1,1,1,7963.328828688407,8013.639983530415,Aumento_Velocidade,1
pedido_7931.316474311273_559,98.41621851506926,93.35814293959227,78.35814293959227,7.785748414969957,5,4.708355596771614,Scooter,Sunny,Jam,Metropolitian,False,0,1,1,7931.316474311273,8014.674617250866,Aumento_Velocidade,1
pedido_7887.513569450894_517,121.44180815150344,119.02870848903373,119.02870848903373,12.115307036109694,10,4.519750516437875,Scooter,Sunny,Low,Metropolitian,False,0,0,1,7887.513569450894,8016.542277939927,Nenhuma,1
pedido_7905.0110798894275_531,132.83225952499396,123.33745673293652,108.33745673293652,6.601911922557267,5,4.8053113257947615,Moto,Foggy,High,Metropolitian,False,0,1,0,7905.0110798894275,8018.348536622364,Aumento_Velocidade,1
pedido_7906.818272970737_533,132.61895272995193,112.70405416070744,97.70405416070744,0.488077540043963,15,4.843005553143147,Moto,Sandstorms,High,Metropolitian,False,0,1,0,7906.818272970737,8019.522327131444,Aumento_Velocidade,1
pedido_7958.664011608468_579,73.7877211268911,74.20003732686821,59.20003732686821,7.50951717031111,5,4.180437506957311,Scooter,Sunny,High,Metropolitian,False,1,1,1,7958.664011608468,8022.8640489353365,Aumento_Velocidade,1
pedido_7906.892212246429_534,134.75456966814028,126.04810494772627,111.04810494772627,17.592307788962916,5,4.657141721436657,Moto,Sandstorms,High,Urban,False,0,1,0,7906.892212246429,8022.940317194156,Aumento_Velocidade,1
pedido_7899.522145727443_528,135.25679260303028,124.38074235093063,109.38074235093063,12.669583467871039,15,4.661230331138798,Scooter,Windy,Jam,Metropolitian,False,0,1,0,7899.522145727443,8023.9028880783735,Aumento_Velocidade,1
pedido_7906.716094366784_532,133.0414176924107,117.9088969102394,102.9088969102394,16.359156370388444,15,4.729200937848594,Scooter,Stormy,Medium,Metropolitian,False,0,0,0,7906.716094366784,8024.624991277024,Rota_Reduzida,1
pedido_7869.804007337457_503,174.66047183338273,161.7441936590067,146.7441936590067,1.9951618026471682,10,4.425122693280245,Moto,Sandstorms,Jam,Metropolitian,False,0,1,0,7869.804007337457,8026.5482009964635,Aumento_Velocidade,0
pedido_7953.571170573398_571,97.01961496543177,73.071841737428,58.071841737428,0.24953725765714108,15,5.0,Moto,Sunny,High,Metropolitian,False,0,1,1,7953.571170573398,8026.643012310827,Aumento_Velocidade,1
pedido_7904.372634679932_530,134.20702046845372,122.30963266505597,107.30963266505597,14.874463279766838,15,4.653366726087836,Moto,Sandstorms,High,Metropolitian,False,0,1,0,7904.372634679932,8026.682267344988,Aumento_Velocidade,1
pedido_7918.3848719275775_546,128.35081082389615,114.7642467251931,99.7642467251931,4.418215333275319,10,4.770359078388802,Scooter,Sandstorms,Jam,Urban,True,0,1,0,7918.3848719275775,8028.149118652771,Aumento_Velocidade,1
pedido_7920.161092349031_547,138.0604075434161,108.90125579708487,93.90125579708487,5.751906018177265,15,4.932758317257957,Scooter,Sandstorms,Medium,Metropolitian,True,0,0,0,7920.161092349031,8029.062348146115,Rota_Reduzida,1
pedido_7939.641450509836_565,101.40668224525552,74.57009585771453,74.57009585771453,9.627529183461693,15,4.828043306880226,Moto,Foggy,Low,Metropolitian,False,0,0,0,7939.641450509836,8029.211546367551,Nenhuma,1
pedido_7910.572037344272_538,131.9012147297906,130.360330593877,115.360330593877,3.5092783801964567,5,4.725167871248378,Moto,Windy,High,Metropolitian,False,0,1,0,7910.572037344272,8030.932367938149,Aumento_Velocidade,1
pedido_7917.934393893983_545,123.3980388630499,115.19935209893106,100.19935209893106,0.6960872988827784,15,4.605499959320783,Scooter,Stormy,Jam,Metropolitian,False,0,1,0,7917.934393893983,8033.133745992914,Aumento_Velocidade,1
pedido_7876.708128942217_510,135.7472862946724,147.1820915064239,147.1820915064239,9.01172476902019,15,4.808330118250195,Van,Sandstorms,Medium,Metropolitian,True,0,0,0,7876.708128942217,8038.89022044864,Nenhuma,0
pedido_7924.301037749989_552,135.58399321509893,125.27048052994357,110.27048052994357,7.861193724282034,5,4.7562938224446105,Scooter,Windy,Medium,Metropolitian,False,0,0,0,7924.301037749989,8039.571518279932,Rota_Reduzida,1
pedido_7916.278005440035_543,128.48875841771687,133.44553432854582,118.44553432854582,1.8378655509481239,5,4.8149648847854625,Scooter,Stormy,High,Urban,False,0,1,0,7916.278005440035,8039.72353976858,Aumento_Velocidade,1
pedido_7947.560388334122_570,98.40904809417228,93.191442061929,78.191442061929,10.423395981035593,15,4.570122062537987,Scooter,Sunny,Medium,Metropolitian,False,0,0,1,7947.560388334122,8040.7518303960505,Rota_Reduzida,1
pedido_8001.046357274659_609,44.60410532717617,30.981157319180618,30.981157319180618,2.607470460749748,10,4.733577159595916,Scooter,Windy,Medium,Urban,False,1,0,0,8001.046357274659,8042.02751459384,Nenhuma,1
pedido_8007.722199728735_618,44.02596829724785,19.4070100841669,19.4070100841669,6.458844588566238,15,4.57185013327794,Van,Stormy,High,Metropolitian,True,1,1,0,8007.722199728735,8042.129209812902,Nenhuma,1
pedido_7928.532481483779_555,128.64689808372484,124.39592257611358,109.39592257611358,8.84939225785172,5,4.793274404051691,Moto,Stormy,High,Metropolitian,False,0,1,0,7928.532481483779,8042.928404059892,Aumento_Velocidade,1
pedido_7923.761660345538_550,135.8762877971936,131.06666485157484,116.06666485157484,12.920847828040474,5,4.818620235323024,Moto,Windy,High,Metropolitian,True,0,1,0,7923.761660345538,8044.828325197113,Aumento_Velocidade,1
pedido_7914.775041372543_542,141.9308575198485,133.79265285763205,118.79265285763205,15.58160926663134,15,4.966393360346907,Moto,Sandstorms,Jam,Metropolitian,False,0,1,0,7914.775041372543,8048.567694230174,Aumento_Velocidade,1
pedido_7924.060622482175_551,128.08318608187415,134.6396166426843,119.6396166426843,9.383272700831075,5,5.0,Moto,Stormy,Jam,Urban,False,0,1,0,7924.060622482175,8048.700239124859,Aumento_Velocidade,1
pedido_7977.9378079638045_592,95.3925029513344,81.62683170418823,66.62683170418823,0.8087055130192287,5,4.947609726871493,Scooter,Sunny,High,Metropolitian,False,0,1,1,7977.9378079638045,8049.564639667993,Aumento_Velocidade,1
pedido_7976.306813564408_591,99.62715641296285,78.84615040101093,63.84615040101093,3.1894848020238658,10,4.6882728458300384,Moto,Sunny,High,Metropolitian,True,0,1,1,7976.306813564408,8050.152963965419,Aumento_Velocidade,1
pedido_7958.107338243927_577,110.96305028416141,104.79889638914732,89.79889638914732,11.836720483664964,5,4.7103557812227175,Scooter,Sunny,Jam,Metropolitian,False,0,1,1,7958.107338243927,8052.906234633075,Aumento_Velocidade,1
pedido_7937.242139166104_564,135.8782771645898,120.84324543182518,105.84324543182518,13.81350615811164,10,4.911549534832272,Moto,Windy,Medium,Metropolitian,False,0,0,0,7937.242139166104,8053.085384597929,Rota_Reduzida,1
pedido_7931.162983597075_557,132.06234873211497,128.116895432506,113.116895432506,6.582123882494118,10,4.792609253919072,Scooter,Sandstorms,High,Urban,False,0,1,0,7931.162983597075,8054.279879029581,Aumento_Velocidade,1
pedido_7887.024152013337_515,176.68627728409834,177.9551979612364,162.9551979612364,18.123845535588895,5,4.443743200716214,Moto,Sunny,High,Metropolitian,True,0,1,1,7887.024152013337,8054.979349974573,Aumento_Velocidade,0
pedido_7932.144371714172_560,141.84023444634641,132.9107076473223,117.91070764732231,16.52270073890363,5,4.516206029493074,Scooter,Foggy,Medium,Semi-Urban,False,0,0,0,7932.144371714172,8055.055079361494,Rota_Reduzida,1
pedido_7925.074489953636_554,135.41933566338625,140.77827867490208,125.77827867490208,0.9026170463495777,5,5.0,Moto,Windy,Medium,Metropolitian,True,0,0,0,7925.074489953636,8055.852768628538,Rota_Reduzida,0
pedido_7862.746639431601_497,197.95904827299117,193.96559198805326,178.96559198805326,17.45244158630725,15,4.347908617789834,Scooter,Windy,Jam,Metropolitian,False,0,1,0,7862.746639431601,8056.712231419654,Aumento_Velocidade,0
pedido_7947.358211286113_569,127.74865931486852,114.57898595504332,94.57898595504332,6.481725472832631,15,4.701892520475923,Scooter,Windy,Jam,Semi-Urban,False,0,1,0,7947.358211286113,8056.937197241156,Rota_Reduzida,1
pedido_7930.446083205057_556,134.73262316249188,137.03318596960807,122.03318596960807,9.658270813028087,5,4.654793842104889,Moto,Windy,Medium,Metropolitian,False,0,0,0,7930.446083205057,8057.479269174665,Rota_Reduzida,0
pedido_7931.201213894106_558,136.17319621730155,131.62861578413046,116.62861578413046,20.06793073130214,10,4.733909465229502,Moto,Sandstorms,High,Metropolitian,True,0,1,0,7931.201213894106,8057.829829678237,Aumento_Velocidade,1
pedido_7953.739557778638_573,133.4939360579514,109.18954186555689,94.18954186555689,6.718069300305098,10,4.525616407856216,Moto,Sandstorms,Medium,Urban,False,0,0,0,7953.739557778638,8057.929099644195,Rota_Reduzida,1
pedido_7969.381023265181_584,126.24359240422112,98.64980780551417,83.64980780551417,7.604680903170122,5,4.838896413649376,Moto,Foggy,Medium,Metropolitian,True,0,0,0,7969.381023265181,8058.030831070695,Rota_Reduzida,1
pedido_7940.077947008964_566,144.7088403458744,118.19787309306747,103.19787309306747,13.714611086238278,15,5.0,Moto,Foggy,High,Metropolitian,True,0,1,0,7940.077947008964,8058.2758201020315,Aumento_Velocidade,1
pedido_7924.770918920953_553,140.9383507766569,143.63764711433444,128.63764711433444,11.364746795616549,5,4.710103350131279,Scooter,Foggy,High,Metropolitian,False,0,1,0,7924.770918920953,8058.408566035288,Aumento_Velocidade,0
pedido_7894.212966031871_523,189.57142984561247,169.51756878976448,154.51756878976448,15.734974923342225,10,4.401122095034206,Moto,Foggy,High,Metropolitian,False,0,1,0,7894.212966031871,8058.730534821635,Aumento_Velocidade,0
pedido_7970.934537363327_587,102.30125904397383,78.04537616098722,78.04537616098722,14.158427767047293,10,4.787536757432073,Scooter,Sandstorms,Low,Metropolitian,False,0,0,0,7970.934537363327,8058.979913524314,Nenhuma,1
pedido_7940.339973617063_567,131.55356453290258,119.90260943641906,104.90260943641906,12.944448340665433,15,4.648646514127589,Moto,Stormy,High,Metropolitian,True,0,1,0,7940.339973617063,8060.242583053482,Aumento_Velocidade,1
pedido_7953.68933825873_572,131.34227329137383,107.4458076211538,92.4458076211538,4.538035928840121,15,4.6045633663069125,Scooter,Windy,Jam,Metropolitian,True,0,1,0,7953.68933825873,8061.135145879884,Aumento_Velocidade,1
pedido_8006.06307053491_615,45.84704201407525,40.73534427183171,40.73534427183171,17.147160423645925,15,5.0,Moto,Sandstorms,High,Urban,True,1,1,0,8006.06307053491,8061.798414806742,Nenhuma,1
pedido_7987.024933086693_598,96.62700428878398,74.82448307908493,59.82448307908493,2.7377021722112604,15,4.615399030297439,Scooter,Sunny,Medium,Metropolitian,True,0,0,1,7987.024933086693,8061.849416165777,Rota_Reduzida,1
pedido_7914.344449188663_541,154.2726395274571,148.36818064162725,133.36818064162725,22.89017507225818,15,4.558049863753032,Scooter,Foggy,Jam,Metropolitian,False,0,1,0,7914.344449188663,8062.71262983029,Aumento_Velocidade,0
pedido_7972.350114435929_588,94.44982424601581,97.8003337175727,82.8003337175727,2.3996412953284105,15,4.806499853985032,Moto,Sunny,Medium,Metropolitian,False,0,0,1,7972.350114435929,8070.150448153501,Rota_Reduzida,1
pedido_7958.601408971257_578,103.16157728319757,96.69528618013997,96.69528618013997,13.537977460675501,15,4.538400764990698,Van,Windy,Low,Metropolitian,False,0,0,0,7958.601408971257,8070.296695151397,Nenhuma,1
pedido_7923.693051530659_548,170.24679074110182,157.1393044128351,142.1393044128351,16.176313303120974,5,4.272952984441719,Scooter,Sunny,Jam,Metropolitian,False,0,1,1,7923.693051530659,8070.832355943495,Aumento_Velocidade,0
pedido_7955.148988818463_575,134.12616390771282,125.79460071157607,110.79460071157607,14.37011408734338,5,4.891917914562162,Scooter,Stormy,Medium,Metropolitian,False,0,0,0,7955.148988818463,8070.943589530039,Rota_Reduzida,1
pedido_7944.344005682869_568,155.15262667750252,140.09597253823452,125.09597253823452,18.528031888554686,5,4.529988982194363,Scooter,Foggy,Jam,Metropolitian,True,0,1,0,7944.344005682869,8074.439978221103,Aumento_Velocidade,0
pedido_7974.956930347724_590,106.6497012713873,91.66849949944114,91.66849949944114,12.461505631145348,15,4.526291859076276,Van,Windy,Low,Metropolitian,True,0,0,0,7974.956930347724,8081.625429847165,Nenhuma,1
pedido_7957.763590591945_576,127.63823923012603,124.99114556178691,109.99114556178691,2.1738118672907136,15,4.811114312255273,Scooter,Foggy,Jam,Urban,False,0,1,0,7957.763590591945,8082.754736153732,Aumento_Velocidade,1
pedido_7972.568090426454_589,131.95632292084653,121.74261998870043,106.74261998870043,6.780621844016702,5,5.0,Moto,Sandstorms,Jam,Metropolitian,False,0,1,0,7972.568090426454,8084.310710415154,Aumento_Velocidade,1
pedido_7967.843050316443_582,134.6154842922761,127.57075599297602,112.57075599297602,17.669952471007008,5,4.871864201158869,Scooter,Windy,High,Metropolitian,False,0,1,0,7967.843050316443,8085.413806309419,Aumento_Velocidade,1
pedido_7996.931596306251_605,106.04986153194727,98.78465622948275,83.78465622948275,11.78908077023298,5,4.6192533156379145,Moto,Sunny,Medium,Urban,True,0,0,1,7996.931596306251,8085.7162525357335,Rota_Reduzida,1
pedido_7968.893083697255_583,132.07162988264426,118.88508519884616,103.88508519884616,9.280432573514544,15,4.719895348232084,Moto,Sandstorms,High,Metropolitian,False,0,1,0,7968.893083697255,8087.778168896101,Aumento_Velocidade,1
pedido_7912.052508181842_540,162.45773619978155,165.79799304577566,165.79799304577566,16.256832578706582,10,4.417502874262257,Moto,Windy,Low,Metropolitian,False,0,0,0,7912.052508181842,8087.850501227618,Nenhuma,0
pedido_7986.117380426862_596,126.78677682127397,102.0269017261471,87.0269017261471,6.062941616375861,15,4.655676160059754,Scooter,Stormy,High,Metropolitian,True,0,1,0,7986.117380426862,8088.144282153009,Aumento_Velocidade,1
pedido_7954.6615517739365_574,132.96881234173745,129.28785857273408,129.28785857273408,7.019955992991181,5,4.697706338217314,Van,Stormy,Medium,Metropolitian,False,0,0,0,7954.6615517739365,8088.94941034667,Nenhuma,0
pedido_7970.71083210303_586,135.1209340785815,126.26743577786098,111.26743577786098,12.77130287645836,10,4.81296767413334,Moto,Sandstorms,High,Metropolitian,False,0,1,0,7970.71083210303,8091.978267880891,Aumento_Velocidade,1
pedido_7981.9029255349315_594,127.05048793851435,115.46683552549939,100.46683552549939,7.05363326843224,10,4.488440407469528,Moto,Stormy,Jam,Metropolitian,False,0,1,0,7981.9029255349315,8092.36976106043,Aumento_Velocidade,1
pedido_7992.794601714203_602,123.41894986164664,112.72294307560611,97.72294307560611,2.7373115814614937,5,4.740364788296387,Moto,Stormy,Jam,Urban,False,0,1,0,7992.794601714203,8095.517544789809,Aumento_Velocidade,1
pedido_7932.744402608969_561,174.20486080309047,165.49934980538046,150.49934980538046,9.341060053417266,15,4.292167388227414,Scooter,Foggy,Medium,Metropolitian,True,0,0,0,7932.744402608969,8098.24375241435,Rota_Reduzida,0
pedido_7970.426861176872_585,142.399854513784,139.90722979517437,124.90722979517437,15.743386194202495,5,4.629579751631224,Scooter,Foggy,Medium,Metropolitian,False,0,0,0,7970.426861176872,8100.334090972046,Rota_Reduzida,0
pedido_7994.109838657481_603,133.34633060185962,111.3721563540341,96.3721563540341,7.94731666527609,10,4.594931179008422,Scooter,Foggy,High,Urban,True,0,1,0,7994.109838657481,8100.481995011515,Aumento_Velocidade,1
pedido_7966.004579376796_581,142.2548310866153,140.27727120292087,125.27727120292087,17.145045590131403,10,4.5541359244902235,Scooter,Foggy,High,Metropolitian,False,0,1,0,7966.004579376796,8101.281850579717,Aumento_Velocidade,0
pedido_8001.9977473837625_610,104.4089941561876,113.28652720669665,98.28652720669665,11.584931406383433,5,4.8703052646825284,Scooter,Sunny,High,Urban,True,0,1,1,8001.9977473837625,8105.284274590459,Aumento_Velocidade,1
pedido_7982.592249311329_595,140.94959928408446,128.30988405587223,113.30988405587223,17.72774322350668,10,4.757144968947977,Moto,Sandstorms,Jam,Metropolitian,False,0,1,0,7982.592249311329,8105.902133367202,Aumento_Velocidade,1
pedido_8027.6526298318795_634,97.86460107041489,85.28316323651902,70.28316323651902,6.847407329802723,10,4.7730161457349745,Moto,Sunny,High,Urban,True,0,1,1,8027.6526298318795,8107.935793068398,Aumento_Velocidade,1
pedido_7989.301569743747_599,128.10338629484463,128.63689644790148,113.63689644790148,4.151760019086778,5,4.561129332427703,Moto,Stormy,High,Urban,False,0,1,0,7989.301569743747,8107.938466191648,Aumento_Velocidade,1
pedido_7981.006851323361_593,132.2103028226152,127.17690312188333,112.17690312188333,2.479722416264797,15,4.647076321327917,Scooter,Foggy,High,Metropolitian,True,0,1,0,7981.006851323361,8108.183754445245,Aumento_Velocidade,1
pedido_8005.633853957019_614,128.28734214247,119.45476766675027,104.45476766675027,4.923579552332101,5,4.620326854636614,Scooter,Sandstorms,Jam,Metropolitian,False,0,1,0,8005.633853957019,8115.088621623769,Aumento_Velocidade,1
pedido_7986.765329551777_597,137.56390118954383,119.01765841492244,119.01765841492244,5.002507017294907,10,4.191972017518055,Moto,Foggy,Low,Urban,False,0,0,0,7986.765329551777,8115.782987966699,Nenhuma,1
pedido_8037.697787880536_648,95.54621114191794,91.49978470852686,76.49978470852686,8.406422707942628,5,4.615617813114065,Scooter,Sunny,High,Metropolitian,False,0,1,1,8037.697787880536,8119.197572589063,Aumento_Velocidade,1
pedido_8043.4321883710845_653,101.30634037996386,87.03050554742435,72.03050554742435,11.330615070246669,5,4.6604891846133745,Scooter,Sunny,Medium,Metropolitian,False,0,0,1,8043.4321883710845,8120.462693918509,Rota_Reduzida,1
pedido_8022.444243292465_631,141.7057328449905,98.48131472262082,83.48131472262082,16.70620677777381,15,4.624478505605086,Scooter,Sandstorms,Jam,Metropolitian,True,0,1,0,8022.444243292465,8120.925558015086,Aumento_Velocidade,1
pedido_8017.751664283549_628,132.0845784625362,103.31102858816176,88.31102858816176,0.706973038011161,15,4.864006045963549,Moto,Windy,High,Urban,False,0,1,0,8017.751664283549,8121.062692871711,Aumento_Velocidade,1
pedido_8012.9576982630715_623,135.3091974680962,109.33686345426769,94.33686345426769,15.319908721582783,15,4.516006387662248,Moto,Sandstorms,High,Metropolitian,False,0,1,0,8012.9576982630715,8122.294561717339,Aumento_Velocidade,1
pedido_8007.59252922619_617,138.26501507256714,120.09089611512138,105.09089611512138,17.854932486283587,10,4.655661651960159,Moto,Windy,Medium,Metropolitian,True,0,0,0,8007.59252922619,8122.683425341312,Rota_Reduzida,1
pedido_8010.048606310545_620,105.65311297392091,97.64555138121638,97.64555138121638,11.997971925922327,15,4.712708625696974,Scooter,Stormy,Low,Metropolitian,True,0,0,0,8010.048606310545,8122.694157691762,Nenhuma,1
pedido_8012.625103066216_622,137.11224460204926,110.3902648143628,95.3902648143628,16.032669661686956,15,4.607664909305323,Moto,Windy,Medium,Urban,True,0,0,0,8012.625103066216,8123.015367880579,Rota_Reduzida,1
pedido_7995.975726523572_604,138.77374868915606,132.54041852015553,117.54041852015553,9.888326514750045,10,4.608703827397845,Scooter,Foggy,High,Metropolitian,True,0,1,0,7995.975726523572,8123.516145043728,Aumento_Velocidade,1
pedido_8005.173741086263_612,138.01061739169953,121.61559048289763,106.61559048289763,14.089774230102712,15,4.769142587084243,Moto,Sandstorms,Medium,Urban,True,0,0,0,8005.173741086263,8126.789331569161,Rota_Reduzida,1
pedido_7998.687550457702_607,129.24031111658357,133.86922794535727,118.86922794535727,2.8808618191392616,10,4.535369658311586,Moto,Sandstorms,Medium,Metropolitian,False,0,0,0,7998.687550457702,8127.556778403059,Rota_Reduzida,1
pedido_8005.39533342936_613,139.9069521965192,133.15953636422253,118.15953636422253,14.409496636689251,5,5.0,Scooter,Windy,Medium,Metropolitian,True,0,0,0,8005.39533342936,8128.554869793583,Rota_Reduzida,1
pedido_8011.969310925576_621,104.76522587473792,107.16632970537687,107.16632970537687,8.885870977432386,10,4.452904016356552,Scooter,Stormy,Low,Metropolitian,True,0,0,0,8011.969310925576,8129.135640630952,Nenhuma,1
pedido_7992.547171076975_601,137.37193346031697,122.17762347412824,122.17762347412824,4.993453439353356,15,4.562258078929734,Van,Windy,Medium,Metropolitian,False,0,0,0,7992.547171076975,8129.7247945511035,Nenhuma,0
pedido_7997.566581303859_606,135.31850075111322,143.43602818729008,128.43602818729008,15.863295117561396,5,4.982988180487549,Moto,Sandstorms,High,Metropolitian,False,0,1,0,7997.566581303859,8131.002609491149,Aumento_Velocidade,0
pedido_7998.726043282941_608,149.87158312707948,142.8276769785366,127.8276769785366,11.18824823797372,5,4.69174881014587,Moto,Foggy,Jam,Metropolitian,False,0,1,0,7998.726043282941,8131.553720261478,Aumento_Velocidade,0
pedido_8007.530670181771_616,132.0449905616062,125.78552941427685,110.78552941427685,4.159862472474696,15,4.5355943450306135,Moto,Stormy,Medium,Urban,False,0,0,0,8007.530670181771,8133.316199596047,Rota_Reduzida,1
pedido_8028.718098222142_637,127.24996755528059,115.39554254076225,95.39554254076225,11.144513176218338,10,4.6720876894057115,Moto,Stormy,High,Other,True,0,1,0,8028.718098222142,8134.113640762904,Rota_Reduzida,1
pedido_8016.869808482844_627,129.6992121346958,117.9014354531457,102.9014354531457,7.623941044919292,15,4.553794507103873,Moto,Stormy,High,Metropolitian,False,0,1,0,8016.869808482844,8134.771243935989,Aumento_Velocidade,1
pedido_8030.739501282007_638,132.58164930903317,104.97858040579754,89.97858040579754,13.970120054383303,15,5.0,Moto,Stormy,High,Metropolitian,False,0,1,0,8030.739501282007,8135.718081687804,Aumento_Velocidade,1
pedido_8016.762529386497_626,130.4936165600516,126.13683187781442,111.13683187781442,2.9149352628868606,10,4.474478940664712,Moto,Sandstorms,High,Metropolitian,True,0,1,0,8016.762529386497,8137.899361264311,Aumento_Velocidade,1
pedido_8032.461578790795_641,130.09048105961844,110.5081731815835,95.5081731815835,2.0559602656893494,10,4.920102523911231,Moto,Windy,Jam,Metropolitian,True,0,1,0,8032.461578790795,8137.969751972379,Aumento_Velocidade,1
pedido_8003.179798350261_611,135.8251700970151,145.1929305429356,130.1929305429356,15.451812901670904,5,4.629206916916584,Moto,Windy,Jam,Metropolitian,False,0,1,0,8003.179798350261,8138.372728893197,Aumento_Velocidade,0
pedido_8031.0342951246375_639,99.61515290702052,93.72365326093477,93.72365326093477,9.43394944097582,15,4.7449358223006834,Moto,Windy,Low,Urban,False,0,0,0,8031.0342951246375,8139.7579483855725,Nenhuma,1
pedido_8028.693126315478_636,125.86359506060624,114.1152812339808,99.1152812339808,9.270024135242215,15,4.746745973304982,Scooter,Stormy,Jam,Metropolitian,False,0,1,0,8028.693126315478,8142.808407549459,Aumento_Velocidade,1
pedido_8019.296919434249_629,137.39648448599425,123.61283284478077,108.61283284478077,4.962974808066215,15,5.0,Moto,Sandstorms,High,Metropolitian,False,0,1,0,8019.296919434249,8142.909752279029,Aumento_Velocidade,1
pedido_8026.863846924527_633,130.65170073063328,127.04192353640943,112.04192353640943,5.825566262895859,5,4.521272737404326,Moto,Sandstorms,High,Metropolitian,False,0,1,0,8026.863846924527,8143.905770460937,Aumento_Velocidade,1
pedido_8038.6702274123245_649,125.55883068395417,105.30004291265125,90.30004291265125,6.630278058225945,15,4.828511505779587,Moto,Foggy,Medium,Urban,False,0,0,0,8038.6702274123245,8143.970270324976,Rota_Reduzida,1
pedido_8082.256876230814_677,49.88765574167503,51.87023012678548,51.87023012678548,13.75189842699951,10,4.769216607685962,Moto,Windy,Medium,Metropolitian,False,1,0,0,8082.256876230814,8144.1271063576,Nenhuma,1
pedido_8014.482506280858_625,136.63148485369322,126.05924176916321,126.05924176916321,1.972620144340329,5,4.166775289879794,Moto,Windy,Low,Metropolitian,False,0,0,0,8014.482506280858,8145.541748050021,Nenhuma,0
pedido_8037.59483945217_647,136.8936701845073,114.26371036976018,99.26371036976018,16.039795445010412,10,4.517314446554379,Scooter,Windy,Jam,Urban,False,0,1,0,8037.59483945217,8146.85854982193,Aumento_Velocidade,1
pedido_8035.7401077156155_645,133.5640230668067,121.33185377058244,106.33185377058244,3.0268435728915866,5,4.5827878729039835,Moto,Foggy,High,Metropolitian,False,0,1,0,8035.7401077156155,8147.071961486198,Aumento_Velocidade,1
pedido_8022.123037322309_630,144.30025430922743,125.55766610466216,110.55766610466216,20.227912272444392,15,4.618485974387487,Moto,Sandstorms,Jam,Metropolitian,False,0,1,0,8022.123037322309,8147.680703426971,Aumento_Velocidade,1
pedido_8033.04474030745_643,139.9069521965192,124.97519393017939,109.97519393017939,14.921715619670518,5,5.0,Moto,Windy,Medium,Metropolitian,True,0,0,0,8033.04474030745,8148.01993423763,Rota_Reduzida,1
pedido_8032.2565001880475_640,134.25910762095836,115.82529712875953,100.82529712875953,18.490757508628345,15,4.759281768086054,Scooter,Windy,High,Metropolitian,False,0,1,0,8032.2565001880475,8148.081797316807,Aumento_Velocidade,1
pedido_8014.268775489961_624,131.56900516479712,129.77321804404664,129.77321804404664,9.263107173076905,5,4.595050023004864,Van,Foggy,Jam,Urban,False,0,1,0,8014.268775489961,8149.041993534007,Nenhuma,0
pedido_8033.378439238587_644,141.57849346217415,117.817874815061,102.817874815061,13.57973521884802,15,5.0,Moto,Windy,Jam,Metropolitian,False,0,1,0,8033.378439238587,8151.196314053648,Aumento_Velocidade,1
pedido_7992.400963388211_600,177.24154729455327,158.89149398127998,143.89149398127998,5.531310608018608,15,4.433164771526156,Moto,Stormy,Jam,Metropolitian,False,0,1,0,7992.400963388211,8151.292457369491,Aumento_Velocidade,0
pedido_8027.785441876823_635,140.9383507766569,125.60558660219968,110.60558660219968,11.039134384002658,15,4.722599345932487,Moto,Foggy,High,Urban,False,0,1,0,8027.785441876823,8153.391028479023,Aumento_Velocidade,1
pedido_8040.848501455751_651,136.72324024746237,118.61511843136515,103.61511843136515,16.708925213925404,10,5.0,Moto,Sandstorms,Medium,Metropolitian,False,0,0,0,8040.848501455751,8154.463619887116,Rota_Reduzida,1
pedido_8035.835485195422_646,127.78004842522951,124.45928012255933,109.45928012255933,7.951311158131984,10,4.580703779047842,Moto,Sandstorms,Jam,Metropolitian,False,0,1,0,8035.835485195422,8155.294765317981,Aumento_Velocidade,1
pedido_8063.8913120927255_665,127.54396087641952,91.67168484432702,76.67168484432702,2.381516987464455,15,4.558176024207614,Moto,Foggy,Jam,Urban,False,0,1,0,8063.8913120927255,8155.562996937052,Aumento_Velocidade,1
pedido_8049.407320121934_655,131.35230761236622,113.62056437299985,98.62056437299985,9.755881372684282,10,4.537651681842289,Moto,Sandstorms,High,Metropolitian,False,0,1,0,8049.407320121934,8158.027884494934,Aumento_Velocidade,1
pedido_8059.82881352697_662,103.49459420146019,93.5404267592412,93.5404267592412,14.002123947461548,5,4.508519018436631,Scooter,Stormy,Low,Metropolitian,False,0,0,0,8059.82881352697,8158.369240286212,Nenhuma,1
pedido_8045.820769283899_654,130.40086551309466,114.55746152206675,99.55746152206675,2.7724334056740005,15,4.930589694239316,Scooter,Windy,High,Metropolitian,False,0,1,0,8045.820769283899,8160.378230805965,Aumento_Velocidade,1
pedido_8042.567750471694_652,132.4886587340063,129.66543509995648,114.66543509995648,3.707890043093923,5,4.619108043442689,Scooter,Sandstorms,High,Metropolitian,False,0,1,0,8042.567750471694,8162.23318557165,Aumento_Velocidade,1
pedido_8055.413759513797_659,133.26001537785646,114.89980635490225,99.89980635490225,4.965664186674283,10,4.88619656146915,Moto,Foggy,High,Metropolitian,False,0,1,0,8055.413759513797,8165.3135658687,Aumento_Velocidade,1
pedido_8054.128173208282_658,121.42827127166719,102.54440072416452,102.54440072416452,12.799788580802783,10,4.8010245321776255,Moto,Sunny,Low,Metropolitian,False,0,0,1,8054.128173208282,8166.6725739324465,Nenhuma,1
pedido_8032.9509091969885_642,135.35169549841987,119.98688066670013,119.98688066670013,5.717520759443443,15,4.7566098464116475,Van,Sandstorms,Medium,Urban,False,0,0,0,8032.9509091969885,8167.9377898636885,Nenhuma,1
pedido_8040.579440544612_650,140.21296431300294,112.42653374377134,112.42653374377134,16.458314607990822,15,4.940802100673698,Van,Foggy,High,Metropolitian,False,0,1,0,8040.579440544612,8168.005974288383,Nenhuma,1
pedido_8059.34004369034_661,129.34163027927568,110.33405194081116,95.33405194081116,5.2207194304779705,15,4.870498207512666,Scooter,Foggy,Jam,Urban,False,0,1,0,8059.34004369034,8169.674095631151,Aumento_Velocidade,1
pedido_8115.797327338511_703,45.38646966467343,39.00096031067866,39.00096031067866,13.769075883252407,15,4.813094001115261,Van,Sandstorms,Jam,Metropolitian,True,1,1,0,8115.797327338511,8169.79828764919,Nenhuma,1
pedido_8096.214729735944_686,100.84321446878413,88.65890444383713,73.65890444383713,13.295974631611097,5,5.0,Moto,Sunny,Medium,Metropolitian,False,0,0,1,8096.214729735944,8174.873634179781,Rota_Reduzida,1
pedido_8009.076226253125_619,166.95256875970185,166.31362364620676,151.31362364620676,0.0,15,4.382553132176477,Moto,Sunny,Medium,Metropolitian,False,0,0,1,8009.076226253125,8175.389849899332,Rota_Reduzida,0
pedido_8080.731933890086_674,102.51867825344816,89.0177044178332,89.0177044178332,12.631350599788542,10,4.584404411162049,Moto,Sandstorms,Low,Metropolitian,False,0,0,0,8080.731933890086,8179.74963830792,Nenhuma,1
pedido_8080.191945417862_673,100.504123069166,100.01957429188029,100.01957429188029,5.639108030806814,5,4.984498419667936,Moto,Sandstorms,Low,Urban,False,0,0,0,8080.191945417862,8185.211519709743,Nenhuma,1
pedido_8060.74420975395_663,132.95912475040615,126.78033621597498,111.78033621597498,7.692950282876859,15,4.839292029580648,Moto,Sandstorms,Medium,Metropolitian,False,0,0,0,8060.74420975395,8187.5245459699245,Rota_Reduzida,1
pedido_8081.9971450890735_676,136.21695452447227,105.93855790028948,90.93855790028948,11.172068894760535,15,4.6112163050712045,Moto,Stormy,Jam,Metropolitian,False,0,1,0,8081.9971450890735,8187.935702989363,Aumento_Velocidade,1
pedido_8130.258223314821_712,46.531455020012544,48.45545435970703,48.45545435970703,2.5356759918523757,10,4.700469482123351,Scooter,Windy,Jam,Urban,True,1,1,0,8130.258223314821,8188.713677674528,Nenhuma,1
pedido_8057.898812409777_660,139.13285477185752,136.0361994046378,121.03619940463781,10.694671791234452,10,5.0,Scooter,Sandstorms,Medium,Metropolitian,True,0,0,0,8057.898812409777,8188.935011814415,Rota_Reduzida,0
pedido_8148.068331818048_728,44.36720100464759,36.16174064383087,36.16174064383087,6.698376923505924,5,4.7097918607369005,Scooter,Stormy,High,Metropolitian,False,1,1,0,8148.068331818048,8189.230072461879,Nenhuma,1
pedido_8077.152633994269_670,132.23883538428598,112.867040590534,97.867040590534,15.858550372378007,15,4.789434243483855,Scooter,Stormy,Medium,Metropolitian,False,0,0,0,8077.152633994269,8190.019674584803,Rota_Reduzida,1
pedido_8073.866106030878_666,138.2951531495596,116.7923188374543,101.7923188374543,11.10330875508168,15,5.0,Scooter,Windy,High,Metropolitian,True,0,1,0,8073.866106030878,8190.658424868332,Aumento_Velocidade,1
pedido_8085.652842769468_681,105.28344851291844,95.60868713298562,95.60868713298562,14.830518460384816,10,4.700762009647597,Moto,Windy,Low,Urban,True,0,0,0,8085.652842769468,8191.261529902454,Nenhuma,1
pedido_8075.412143497829_668,110.3352980181098,107.65001272425279,107.65001272425279,13.126773263516615,10,4.69708043885083,Scooter,Foggy,Low,Metropolitian,False,0,0,0,8075.412143497829,8193.062156222082,Nenhuma,1
pedido_8083.367477894506_680,102.68155953499304,104.75678701959305,104.75678701959305,13.448972153203314,5,4.649300311981388,Moto,Sandstorms,Low,Urban,False,0,0,0,8083.367477894506,8193.124264914099,Nenhuma,1
pedido_8090.3460820149185_684,102.50338512020856,97.83712538862306,97.83712538862306,5.382372413734496,5,4.811051024488711,Moto,Windy,Low,Metropolitian,False,0,0,0,8090.3460820149185,8193.183207403541,Nenhuma,1
pedido_8079.6261583710475_672,112.3442031211226,99.19948164399376,99.19948164399376,13.333275420197847,15,4.517630364960866,Moto,Foggy,Low,Metropolitian,False,0,0,0,8079.6261583710475,8193.825640015042,Nenhuma,1
pedido_8081.241202739346_675,105.5058716246964,108.4692265940889,108.4692265940889,16.66652851699758,5,5.0,Moto,Windy,Low,Metropolitian,True,0,0,0,8081.241202739346,8194.710429333434,Nenhuma,1
pedido_8101.698433718721_691,105.32729072206953,84.76549052515729,84.76549052515729,17.411600742065048,10,4.685896750072403,Moto,Sandstorms,Low,Metropolitian,True,0,0,0,8101.698433718721,8196.463924243879,Nenhuma,1
pedido_8023.154203260945_632,177.84219299184585,158.8885503762585,158.8885503762585,3.5855959664256396,15,4.157008855296718,Van,Foggy,High,Metropolitian,False,0,1,0,8023.154203260945,8197.042753637203,Nenhuma,0
pedido_8074.8084276501595_667,130.57241264366692,124.30350271808081,109.30350271808081,3.7841991215276396,15,4.618565056632261,Scooter,Sandstorms,Medium,Metropolitian,False,0,0,0,8074.8084276501595,8199.11193036824,Rota_Reduzida,1
pedido_8108.61564174477_697,97.93924923262928,82.19324924923335,82.19324924923335,0.0,15,4.791328133970684,Scooter,Foggy,Low,Metropolitian,True,0,0,0,8108.61564174477,8205.808890994003,Nenhuma,1
pedido_8089.997905331611_683,130.37076919163982,125.8671123052402,110.8671123052402,3.7779998675566127,5,4.811905297568291,Scooter,Windy,Jam,Urban,True,0,1,0,8089.997905331611,8205.865017636852,Aumento_Velocidade,1
pedido_8083.28848692091_679,127.31479556131167,119.34182114730157,119.34182114730157,8.191161071071374,5,4.548312013255722,Van,Stormy,High,Urban,False,0,1,0,8083.28848692091,8207.630308068212,Nenhuma,1
pedido_8051.494564265948_656,173.05324975254823,161.67547942095752,146.67547942095752,10.005314623734604,10,4.3332734870180625,Scooter,Sunny,Jam,Metropolitian,True,0,1,1,8051.494564265948,8208.170043686905,Aumento_Velocidade,0
pedido_8075.51673685406_669,135.47335082820388,139.39131442458446,124.39131442458446,9.105332891006787,10,4.901554206339427,Scooter,Windy,Medium,Metropolitian,False,0,0,0,8075.51673685406,8209.908051278644,Rota_Reduzida,0
pedido_8102.222004002917_692,129.906352315028,112.70977501848105,97.70977501848105,8.319300289274445,10,4.5809466615921535,Moto,Stormy,High,Urban,False,0,1,0,8102.222004002917,8209.931779021397,Aumento_Velocidade,1
pedido_8115.236076630337_702,133.66940864739945,103.88143865381548,88.88143865381548,12.376023370732891,10,4.804482499185728,Moto,Stormy,Medium,Metropolitian,True,0,0,0,8115.236076630337,8214.117515284153,Rota_Reduzida,1
pedido_8062.325847865649_664,176.7964630555687,162.65416249314922,147.65416249314922,9.655688949569118,5,4.337723428290932,Moto,Windy,High,Urban,True,0,1,0,8062.325847865649,8214.980010358799,Aumento_Velocidade,0
pedido_8106.627359582393_696,121.53688037207215,119.4362211672057,99.4362211672057,2.737005254902315,10,4.6908773157989065,Moto,Windy,High,Other,False,0,1,0,8106.627359582393,8216.063580749598,Rota_Reduzida,1
pedido_8082.611044616602_678,141.2652166169287,133.74146072907288,118.74146072907288,10.435704496885577,15,4.912177399630775,Scooter,Foggy,Medium,Metropolitian,False,0,0,0,8082.611044616602,8216.352505345674,Rota_Reduzida,1
pedido_8096.495243828824_687,129.36101408685738,125.81773253599226,110.81773253599226,15.309436347348328,10,4.684266489648262,Moto,Stormy,High,Metropolitian,False,0,1,0,8096.495243828824,8217.312976364816,Aumento_Velocidade,1
pedido_8112.82886647772_699,130.72218900809813,105.39794535885717,90.39794535885717,4.5922312844253455,15,4.842000640749464,Scooter,Windy,Medium,Other,False,0,0,0,8112.82886647772,8218.226811836577,Rota_Reduzida,1
pedido_8105.450291012319_694,103.13519592209052,108.97570496882494,108.97570496882494,17.413561556517372,5,4.557886392455089,Moto,Sandstorms,Low,Metropolitian,False,0,0,0,8105.450291012319,8219.425995981144,Nenhuma,1
pedido_8097.63604918898_688,128.39458596569582,132.5808729276067,117.58087292760669,7.657332113365538,5,4.788155921904521,Scooter,Stormy,High,Urban,False,0,1,0,8097.63604918898,8220.216922116586,Aumento_Velocidade,1
pedido_8098.3950602160585_690,133.77803134343924,122.73178960395472,107.73178960395472,16.971407776934168,15,4.938663284904321,Scooter,Windy,High,Metropolitian,False,0,1,0,8098.3950602160585,8221.126849820013,Aumento_Velocidade,1
pedido_8053.976919839442_657,174.6734277880249,167.6164370059422,152.6164370059422,4.3478434021119075,15,4.3602044863810265,Moto,Stormy,Jam,Metropolitian,False,0,1,0,8053.976919839442,8221.593356845384,Aumento_Velocidade,0
pedido_8106.186921097094_695,132.58302145556152,121.98501224681951,106.98501224681951,9.902785216870763,10,4.85405298376334,Moto,Sandstorms,High,Metropolitian,False,0,1,0,8106.186921097094,8223.171933343912,Aumento_Velocidade,1
pedido_8094.746518251996_685,130.4420563508077,138.96936715571266,123.96936715571266,9.557568547616398,5,4.846430844146775,Scooter,Stormy,Medium,Urban,False,0,0,0,8094.746518251996,8223.71588540771,Rota_Reduzida,0
pedido_8140.187804770106_720,102.00599211693107,90.20570041247414,75.20570041247414,11.692210633854565,15,4.581510254457953,Moto,Sunny,High,Metropolitian,False,0,1,1,8140.187804770106,8230.39350518258,Aumento_Velocidade,1
pedido_8128.587206771853_711,102.11770937331092,93.16131272142898,93.16131272142898,7.100569404048872,10,4.749969383107732,Moto,Windy,Low,Metropolitian,False,0,0,0,8128.587206771853,8231.748519493281,Nenhuma,1
pedido_8089.882285300897_682,129.8862147640611,127.823423218921,127.823423218921,6.688789483629536,15,4.851292289878328,Van,Sandstorms,High,Metropolitian,True,0,1,0,8089.882285300897,8232.705708519818,Nenhuma,0
pedido_8127.563608952695_709,128.77294857909376,105.19002778543546,90.19002778543546,6.384970557360736,15,4.508987244825068,Moto,Windy,High,Metropolitian,True,0,1,0,8127.563608952695,8232.75363673813,Aumento_Velocidade,1
pedido_8111.130574148895_698,133.16252520382372,122.14693541438561,107.14693541438561,21.383376757948223,15,4.849782689201734,Moto,Stormy,High,Metropolitian,False,0,1,0,8111.130574148895,8233.27750956328,Aumento_Velocidade,1
pedido_8128.030257211866_710,129.35413274741754,112.35968380808318,97.35968380808318,3.5049358946376046,10,5.0,Moto,Foggy,Jam,Metropolitian,False,0,1,0,8128.030257211866,8235.38994101995,Aumento_Velocidade,1
pedido_8147.995053564713_727,96.19498745517116,83.5730905930154,83.5730905930154,3.3203414033233134,10,4.573880947436114,Scooter,Sunny,Low,Metropolitian,False,0,0,1,8147.995053564713,8241.568144157729,Nenhuma,1
pedido_8078.72255542584_671,176.79186238166716,169.76477324291332,154.76477324291332,4.99644124383586,10,4.365562204096964,Scooter,Sandstorms,High,Urban,False,0,1,0,8078.72255542584,8243.487328668754,Aumento_Velocidade,0
pedido_8115.123540967995_701,131.68252913169783,140.77539560807773,125.77539560807773,3.584090967533482,5,4.550438769973319,Moto,Windy,High,Metropolitian,False,0,1,0,8115.123540967995,8245.898936576072,Aumento_Velocidade,0
pedido_8131.4207142277955_713,126.98465459877232,125.79509626331856,110.79509626331856,5.377232261224942,5,4.859300768529697,Moto,Stormy,High,Urban,False,0,1,0,8131.4207142277955,8247.215810491114,Aumento_Velocidade,1
pedido_8113.329725920016_700,134.5611617538637,130.25361074815626,130.25361074815626,3.5139852730420724,5,5.0,Van,Sandstorms,High,Urban,True,0,1,0,8113.329725920016,8248.583336668173,Nenhuma,0
pedido_8171.890700545797_743,102.84198900603003,86.86117992166535,71.86117992166535,8.432433157251372,5,4.532778453213928,Moto,Sunny,High,Urban,False,0,1,1,8171.890700545797,8248.751880467462,Aumento_Velocidade,1
pedido_8197.987248410465_760,52.60271147154057,46.66748139771953,46.66748139771953,3.620218413882686,5,4.733039298195193,Moto,Sandstorms,Medium,Urban,False,1,0,0,8197.987248410465,8249.654729808184,Nenhuma,1
pedido_8140.574178240577_721,127.87764088294615,115.62664946430331,100.62664946430331,9.58320252266594,10,4.588784889127152,Moto,Stormy,High,Metropolitian,True,0,1,0,8140.574178240577,8251.20082770488,Aumento_Velocidade,1
pedido_8170.844715208111_742,100.84254153624528,91.21355005881578,76.21355005881578,13.849971996254945,5,4.850166264208266,Scooter,Sunny,Medium,Urban,False,0,0,1,8170.844715208111,8252.058265266927,Rota_Reduzida,1
pedido_8134.896582480417_714,132.31779672230505,127.20893191486036,112.20893191486036,2.6812907373084403,5,4.795445592865088,Scooter,Sandstorms,High,Metropolitian,False,0,1,0,8134.896582480417,8252.105514395278,Aumento_Velocidade,1
pedido_8146.374982748736_725,123.11000326517164,116.14442177795995,96.14442177795995,6.684356024034221,10,4.599033817462233,Scooter,Windy,High,Other,False,0,1,0,8146.374982748736,8252.519404526696,Rota_Reduzida,1
pedido_8123.013855865366_705,128.08229272549468,130.24125002633923,115.24125002633923,5.08294840879268,15,4.527709815885492,Moto,Windy,High,Urban,False,0,1,0,8123.013855865366,8253.255105891705,Aumento_Velocidade,1
pedido_8136.151549433194_715,133.3822271486104,117.68090108699047,102.68090108699047,12.340496700717496,15,4.624736662085772,Scooter,Windy,High,Metropolitian,False,0,1,0,8136.151549433194,8253.832450520185,Aumento_Velocidade,1
pedido_8126.732272132319_707,137.16102029581157,134.26324859217172,119.26324859217172,9.841641064740742,10,4.7442175717194575,Moto,Sandstorms,Medium,Metropolitian,True,0,0,0,8126.732272132319,8255.995520724491,Rota_Reduzida,1
pedido_8136.349230128983_716,137.98884857088086,120.48532986559815,105.48532986559815,13.172515839143129,15,4.907300697337406,Scooter,Windy,Medium,Metropolitian,True,0,0,0,8136.349230128983,8256.834559994582,Rota_Reduzida,1
pedido_8176.924298824741_748,62.58266852227723,68.5267382569798,68.5267382569798,10.096663275703325,15,4.289989119159454,Van,Windy,Jam,Metropolitian,False,1,1,0,8176.924298824741,8260.45103708172,Nenhuma,1
pedido_8140.123342450659_719,126.58022328605264,125.98243500795772,110.98243500795772,0.0,10,4.677158071106384,Moto,Windy,Jam,Metropolitian,False,0,1,0,8140.123342450659,8261.105777458617,Aumento_Velocidade,1
pedido_8145.484917675302_724,144.3020970793362,116.23775982474689,101.23775982474689,16.2618165666096,15,4.687772791952463,Scooter,Foggy,High,Metropolitian,True,0,1,0,8145.484917675302,8261.722677500049,Aumento_Velocidade,1
pedido_8140.588949642148_722,136.67451587944564,132.51850090470745,117.51850090470745,5.183428071863754,5,4.9771592429394795,Moto,Sandstorms,Medium,Metropolitian,False,0,0,0,8140.588949642148,8263.107450546855,Rota_Reduzida,1
pedido_8098.222447573367_689,189.23902600685417,166.0634216420612,151.0634216420612,15.430242794053319,15,4.280979470407798,Moto,Foggy,Medium,Metropolitian,False,0,0,0,8098.222447573367,8264.285869215428,Rota_Reduzida,0
pedido_8141.6855502711605_723,142.399854513784,129.07872966133897,114.07872966133897,15.103973707490141,10,4.637076749778948,Moto,Foggy,Medium,Metropolitian,False,0,0,0,8141.6855502711605,8265.7642799325,Rota_Reduzida,1
pedido_8126.7397814837495_708,128.23453465443276,124.50531799252423,124.50531799252423,5.799865750790222,15,4.867353043912883,Van,Foggy,Medium,Metropolitian,False,0,0,0,8126.7397814837495,8266.245099476273,Nenhuma,0
pedido_8105.2622079495995_693,178.43070254243474,166.54188868279385,151.54188868279385,6.0517996329879065,10,4.303031455056116,Scooter,Foggy,High,Metropolitian,False,0,1,0,8105.2622079495995,8266.804096632393,Aumento_Velocidade,0
pedido_8175.843932043255_747,102.05999656397222,92.85134148847813,77.85134148847813,6.265769790559506,15,4.506762947710516,Scooter,Sunny,Jam,Metropolitian,True,0,1,1,8175.843932043255,8268.695273531734,Aumento_Velocidade,1
pedido_8188.539788283487_757,97.25628711649657,90.7240644674551,75.7240644674551,3.88070121272812,5,4.886298670790769,Moto,Sunny,High,Metropolitian,False,0,1,1,8188.539788283487,8269.263852750943,Aumento_Velocidade,1
pedido_8222.519917035488_780,46.157541284652105,38.57016884198011,38.57016884198011,11.606559462731507,10,4.819005865998144,Scooter,Foggy,Medium,Metropolitian,False,1,0,0,8222.519917035488,8271.090085877468,Nenhuma,1
pedido_8216.271232239715_775,45.45552173729035,46.43397152584268,46.43397152584268,2.039347827675875,10,4.503499661506644,Moto,Stormy,High,Metropolitian,False,1,1,0,8216.271232239715,8272.705203765558,Nenhuma,1
pedido_8161.830021117725_735,95.25023207545257,100.88326630819064,100.88326630819064,1.2570131511737621,10,4.6540952699455875,Van,Sunny,High,Metropolitian,False,0,1,1,8161.830021117725,8272.713287425915,Nenhuma,1
pedido_8123.660155839732_706,186.1959475848053,155.19256055500688,140.19256055500688,3.630774060832203,10,4.307108234218643,Scooter,Sunny,Jam,Metropolitian,True,0,1,1,8123.660155839732,8273.85271639474,Aumento_Velocidade,0
pedido_8182.01808214803_752,134.85247937810988,107.970447770584,92.970447770584,1.3943575114609121,5,5.0,Scooter,Windy,High,Metropolitian,False,0,1,0,8182.01808214803,8279.988529918613,Aumento_Velocidade,1
pedido_8158.487620170981_733,120.16388035666932,127.03465558565566,112.03465558565566,3.8234520295519845,10,4.8075236300908735,Moto,Foggy,Medium,Other,False,0,0,0,8158.487620170981,8280.522275756637,Rota_Reduzida,1
pedido_8167.23182394041_738,130.3150239244158,123.454809330078,108.454809330078,5.9907382014349375,5,4.57527495719786,Moto,Foggy,Jam,Metropolitian,False,0,1,0,8167.23182394041,8280.686633270489,Aumento_Velocidade,1
pedido_8153.374973170671_730,133.49810283236778,127.83266676092887,112.83266676092887,2.7061390760662145,15,4.752058046013852,Moto,Foggy,High,Metropolitian,False,0,1,0,8153.374973170671,8281.2076399316,Aumento_Velocidade,1
pedido_8158.891103478017_734,144.629678848822,132.64491012198997,117.64491012198997,18.559171458493037,5,4.755822841269932,Moto,Foggy,Medium,Metropolitian,False,0,0,0,8158.891103478017,8281.536013600007,Rota_Reduzida,1
pedido_8156.112938177473_732,133.0196758514353,138.67833691091818,123.67833691091818,15.800262845810213,5,4.680000150299435,Moto,Windy,High,Metropolitian,False,0,1,0,8156.112938177473,8284.791275088392,Aumento_Velocidade,0
pedido_8153.091633036872_729,131.9012147297906,125.80471062267878,125.80471062267878,3.828816861680074,10,4.696441266535847,Van,Windy,High,Metropolitian,False,0,1,0,8153.091633036872,8288.896343659551,Nenhuma,0
pedido_8174.131401737851_744,135.60078864174193,127.80665592354819,112.80665592354819,9.958788281655618,5,4.675758450960268,Scooter,Windy,High,Metropolitian,False,0,1,0,8174.131401737851,8291.938057661398,Aumento_Velocidade,1
pedido_8116.761279080282_704,189.51265169560898,185.45990360866057,170.45990360866057,10.391218315430766,5,4.416982381371768,Moto,Foggy,Medium,Metropolitian,False,0,0,0,8116.761279080282,8292.221182688943,Rota_Reduzida,0
pedido_8169.769626817021_741,139.93724929656943,123.39361745146886,108.39361745146886,13.487704737319072,15,4.474011682299745,Moto,Windy,Jam,Metropolitian,False,0,1,0,8169.769626817021,8293.16324426849,Aumento_Velocidade,1
pedido_8169.723142043773_740,132.96829130093437,134.14713908192576,119.14713908192576,3.773663674880544,5,4.51230648687778,Moto,Windy,Medium,Metropolitian,False,0,0,0,8169.723142043773,8293.870281125699,Rota_Reduzida,1
pedido_8175.108339114385_745,123.0944990501343,124.37913176582492,109.37913176582492,0.7734854026066778,10,4.475868651498255,Scooter,Stormy,Jam,Metropolitian,True,0,1,0,8175.108339114385,8294.487470880209,Aumento_Velocidade,1
pedido_8180.340811810403_750,137.19292557694578,121.69749837437277,106.69749837437277,12.776172392005806,10,4.608029486530001,Scooter,Windy,Medium,Metropolitian,True,0,0,0,8180.340811810403,8297.038310184775,Rota_Reduzida,1
pedido_8167.179705994653_737,133.18459838649693,130.83980560250706,115.83980560250706,2.919561580639813,15,4.910154233461348,Moto,Windy,Medium,Metropolitian,False,0,0,0,8167.179705994653,8298.01951159716,Rota_Reduzida,1
pedido_8200.41650754166_762,98.97229356687076,93.38165694925557,93.38165694925557,0.7255741398462812,5,4.785115509083215,Van,Sunny,High,Metropolitian,True,0,1,1,8200.41650754166,8298.798164490916,Nenhuma,1
pedido_8147.1679913230855_726,170.56052771261065,162.39258010580303,147.39258010580303,1.7698266367407633,5,4.4463868080082545,Moto,Stormy,Medium,Metropolitian,False,0,0,0,8147.1679913230855,8299.560571428889,Rota_Reduzida,0
pedido_8179.089818415195_749,136.09343248262167,108.42929775591361,108.42929775591361,18.532919849495052,15,4.514361995227832,Van,Stormy,Medium,Metropolitian,True,0,0,0,8179.089818415195,8302.51911617111,Nenhuma,1
pedido_8184.601196987674_755,127.74153742557186,122.93258544172559,107.93258544172559,9.733905124874504,10,4.861920132857927,Scooter,Stormy,High,Metropolitian,False,0,1,0,8184.601196987674,8302.5337824294,Aumento_Velocidade,1
pedido_8182.804282097951_753,124.09546224107763,110.13798740701586,110.13798740701586,3.7421193210307333,10,4.5614273606987155,Van,Stormy,Jam,Metropolitian,True,0,1,0,8182.804282097951,8302.942269504965,Nenhuma,1
pedido_8175.499404387373_746,131.07753339845522,127.48661309798592,112.48661309798592,5.863840816700659,15,4.727563514536074,Scooter,Windy,High,Metropolitian,False,0,1,0,8175.499404387373,8302.986017485358,Aumento_Velocidade,1
pedido_8189.190433432453_758,130.84417958483024,113.84848264847429,98.84848264847429,7.498302248730867,15,5.0,Moto,Stormy,High,Metropolitian,True,0,1,0,8189.190433432453,8303.038916080928,Aumento_Velocidade,1
pedido_8183.4061038666505_754,133.65962405425594,125.57532971782678,110.57532971782678,6.445999987042286,10,4.566028982395533,Moto,Stormy,Medium,Urban,True,0,0,0,8183.4061038666505,8303.981433584479,Rota_Reduzida,1
pedido_8215.55084679223_773,99.8969876818907,94.15588750320211,79.15588750320211,4.643848852645501,10,4.942976663744039,Scooter,Sunny,Jam,Metropolitian,False,0,1,1,8215.55084679223,8304.706734295432,Aumento_Velocidade,1
pedido_8187.441499611894_756,130.22115973519726,128.87895862274877,113.87895862274877,15.885986203366341,5,4.821734749735032,Scooter,Stormy,High,Metropolitian,True,0,1,0,8187.441499611894,8306.320458234643,Aumento_Velocidade,1
pedido_8138.4068432020595_717,176.99529005131834,167.927182785304,152.927182785304,7.586295561386055,15,4.390613124206061,Moto,Sandstorms,High,Metropolitian,False,0,1,0,8138.4068432020595,8306.334025987364,Aumento_Velocidade,0
pedido_8204.930630467248_766,128.64689808372484,106.9989377747481,91.9989377747481,8.533636580354527,10,4.774548436117065,Moto,Stormy,High,Metropolitian,False,0,1,0,8204.930630467248,8306.929568241996,Aumento_Velocidade,1
pedido_8168.5714238115825_739,140.19943154947018,149.7100977170408,134.7100977170408,15.92293536781711,5,4.872465194732001,Moto,Foggy,High,Metropolitian,False,0,1,0,8168.5714238115825,8308.281521528623,Aumento_Velocidade,0
pedido_8198.929664199499_761,128.35974406958636,120.17224982779202,105.17224982779202,5.792601388373452,5,4.722591455744422,Scooter,Stormy,High,Metropolitian,False,0,1,0,8198.929664199499,8309.101914027291,Aumento_Velocidade,1
pedido_8231.01440769506_788,94.87554004418845,85.4465294671585,70.4465294671585,1.9259851275673872,10,4.945981541297736,Moto,Sunny,High,Urban,False,0,1,1,8231.01440769506,8311.46093716222,Aumento_Velocidade,1
pedido_8283.693749329705_828,45.17666164003041,18.491841209741363,18.491841209741363,10.468624576470079,10,4.917516946118266,Van,Stormy,Jam,Other,False,1,1,0,8283.693749329705,8312.185590539446,Nenhuma,1
pedido_8181.78176682928_751,133.03987330531243,141.0013283177522,126.00132831775221,15.043144948885042,5,4.566933872377258,Moto,Stormy,Jam,Urban,False,0,1,0,8181.78176682928,8312.783095147031,Aumento_Velocidade,0
pedido_8200.783995331178_763,126.03355223309437,123.21151796939401,108.21151796939401,6.195628749359423,5,4.6216526244798635,Moto,Stormy,High,Metropolitian,False,0,1,0,8200.783995331178,8313.995513300571,Aumento_Velocidade,1
pedido_8211.349991521036_770,100.23144761705234,117.26026975094841,102.26026975094841,12.987014935680083,5,4.476604682501913,Moto,Sunny,Medium,Metropolitian,False,0,0,1,8211.349991521036,8318.610261271984,Rota_Reduzida,1
pedido_8238.693858429713_793,98.14802361612992,92.62680588354299,77.62680588354299,4.276266317066751,5,4.5599887305380005,Moto,Sunny,High,Urban,False,0,1,1,8238.693858429713,8321.320664313256,Aumento_Velocidade,1
pedido_8200.948265258696_764,133.3348066754189,121.26296003488042,106.26296003488042,8.149551850085134,15,4.650473524112071,Scooter,Windy,High,Metropolitian,False,0,1,0,8200.948265258696,8322.211225293577,Aumento_Velocidade,1
pedido_8211.123734886924_769,129.9885948301682,121.64385726686747,106.64385726686747,7.187847029923189,5,4.704966985225234,Moto,Windy,Jam,Metropolitian,True,0,1,0,8211.123734886924,8322.76759215379,Aumento_Velocidade,1
pedido_8203.348348481186_765,144.5715746239394,119.73144778141085,104.73144778141085,17.067374658346893,15,4.452081245233346,Moto,Sandstorms,Jam,Urban,False,0,1,0,8203.348348481186,8323.079796262597,Aumento_Velocidade,1
pedido_8154.569930316466_731,175.06853157486904,181.21226627330515,166.21226627330515,6.602845018011047,5,4.363705563707949,Moto,Stormy,High,Urban,False,0,1,0,8154.569930316466,8325.782196589771,Aumento_Velocidade,0
pedido_8166.456953777907_736,168.18063315330122,150.88114767923255,150.88114767923255,14.820606954214023,10,4.377334334679648,Van,Sunny,Low,Metropolitian,True,0,0,1,8166.456953777907,8327.33810145714,Nenhuma,0
pedido_8193.16018912193_759,157.90213553128697,123.29161118004794,123.29161118004794,12.320967692685796,15,4.398626794350552,Moto,Sandstorms,Low,Metropolitian,False,0,0,0,8193.16018912193,8331.451800301978,Nenhuma,0
pedido_8246.573261909252_798,98.78113029324714,90.46790284069237,75.46790284069237,3.404902426147359,10,4.767840503236104,Moto,Sunny,Jam,Metropolitian,False,0,1,1,8246.573261909252,8332.041164749944,Aumento_Velocidade,1
pedido_8253.574260996922_808,98.26929132524288,64.47727625239602,64.47727625239602,1.4878444894291096,15,4.506755190135085,Moto,Sunny,Low,Urban,False,0,0,1,8253.574260996922,8333.051537249317,Nenhuma,1
pedido_8139.885929927349_718,202.5485570861263,198.49383324397473,183.49383324397473,13.527987854800154,10,4.297237043181736,Moto,Foggy,Jam,Urban,False,0,1,0,8139.885929927349,8333.379763171324,Aumento_Velocidade,0
pedido_8214.755257958757_772,134.88453655645037,123.86467034565953,108.86467034565953,13.65206634103593,10,4.649120121160703,Moto,Sandstorms,High,Metropolitian,True,0,1,0,8214.755257958757,8333.619928304417,Aumento_Velocidade,1
pedido_8251.613103477597_805,99.00028397177608,67.61644272172215,67.61644272172215,7.02715303504257,15,4.649601970426405,Moto,Foggy,Low,Metropolitian,False,0,0,0,8251.613103477597,8334.22954619932,Nenhuma,1
pedido_8284.057154956732_829,64.64375451789232,50.65771061624619,35.65771061624619,4.419409343780483,15,4.440158528371513,Scooter,Stormy,High,Metropolitian,False,1,1,0,8284.057154956732,8334.714865572978,Aumento_Velocidade,1
pedido_8212.980381942953_771,133.051824642882,132.13566195148672,117.13566195148672,6.483862494040125,5,4.57574422993676,Moto,Stormy,Medium,Metropolitian,False,0,0,0,8212.980381942953,8335.116043894439,Rota_Reduzida,1
pedido_8206.88165831797_768,133.3254587288559,128.534708834909,113.534708834909,17.25528781544709,15,4.97680884999312,Scooter,Stormy,High,Urban,False,0,1,0,8206.88165831797,8335.41636715288,Aumento_Velocidade,1
pedido_8227.838090177373_784,135.8251700970151,107.72523799363316,92.72523799363316,15.188121502974088,15,4.56603599541409,Moto,Windy,Jam,Urban,False,0,1,0,8227.838090177373,8335.563328171005,Aumento_Velocidade,1
pedido_8233.565611274196_790,134.0653279167296,103.70845358645268,88.70845358645268,16.931648230552884,15,4.563173332093327,Moto,Stormy,Medium,Metropolitian,False,0,0,0,8233.565611274196,8337.274064860649,Rota_Reduzida,1
pedido_8217.792470340275_777,140.11079745283524,123.07787087442154,108.07787087442154,12.467130302442506,15,4.783087397978097,Moto,Sandstorms,Jam,Metropolitian,False,0,1,0,8217.792470340275,8340.870341214697,Aumento_Velocidade,1
pedido_8215.977773160996_774,131.40379734675707,110.22588513518296,110.22588513518296,6.360428092182312,15,4.948301477491426,Van,Windy,High,Urban,False,0,1,0,8215.977773160996,8341.20365829618,Nenhuma,1
pedido_8221.293989951824_779,130.2724199799915,122.7447249397423,107.7447249397423,18.56394733901248,15,4.651794891763181,Scooter,Stormy,High,Metropolitian,False,0,1,0,8221.293989951824,8344.038714891567,Aumento_Velocidade,1
pedido_8247.152184197834_799,102.72064245037974,97.97768217362754,82.97768217362754,17.4275561095598,15,4.732109990678135,Scooter,Sunny,High,Urban,False,0,1,1,8247.152184197834,8345.12986637146,Aumento_Velocidade,1
pedido_8298.503545625128_836,45.067697069412986,42.31559258917278,42.31559258917278,10.727692160550506,5,4.782979147850715,Moto,Windy,High,Metropolitian,True,1,1,0,8298.503545625128,8345.819138214301,Nenhuma,1
pedido_8230.753550671732_787,129.05376911106697,120.23480476859217,105.23480476859217,4.447748666745208,10,4.593606201472309,Moto,Foggy,Jam,Urban,False,0,1,0,8230.753550671732,8345.988355440324,Aumento_Velocidade,1
pedido_8218.207316924514_778,137.82397385917596,137.984581458412,122.98458145841201,17.236667995009903,5,5.0,Moto,Windy,High,Metropolitian,False,0,1,0,8218.207316924514,8346.191898382926,Aumento_Velocidade,0
pedido_8226.544474487288_782,132.56731139521898,124.9357279442026,109.9357279442026,3.6919272873308833,10,4.758929304645878,Moto,Foggy,High,Metropolitian,True,0,1,0,8226.544474487288,8346.48020243149,Aumento_Velocidade,1
pedido_8251.327277767094_804,122.38271105326855,106.7605023664933,86.7605023664933,8.257826081905119,10,4.801652839001505,Moto,Stormy,High,Other,False,0,1,0,8251.327277767094,8348.087780133586,Rota_Reduzida,1
pedido_8228.405019288564_785,128.3918875283248,120.46987572011335,105.46987572011335,3.1789148433453507,15,4.48364794868934,Scooter,Windy,Medium,Other,False,0,0,0,8228.405019288564,8348.874895008677,Rota_Reduzida,1
pedido_8253.42182157522_806,125.48525232912223,101.94320288273134,86.94320288273134,4.2977781782971824,10,4.77160497553436,Scooter,Foggy,Medium,Metropolitian,False,0,0,0,8253.42182157522,8350.365024457951,Rota_Reduzida,1
pedido_8224.503943561553_781,137.53165545415752,136.30413409874447,121.30413409874447,10.665051359234944,5,5.0,Scooter,Windy,Medium,Metropolitian,False,0,0,0,8224.503943561553,8350.808077660296,Rota_Reduzida,0
pedido_8226.706531943533_783,127.27301323447846,135.874163868183,120.87416386818299,4.857413806916611,5,4.573478873066413,Moto,Stormy,High,Metropolitian,False,0,1,0,8226.706531943533,8352.580695811715,Aumento_Velocidade,0
pedido_8245.652440234082_797,132.86867926054578,113.47091084860833,98.47091084860833,10.087911511353724,10,4.845166185041715,Moto,Sandstorms,High,Metropolitian,False,0,1,0,8245.652440234082,8354.12335108269,Aumento_Velocidade,1
pedido_8232.887315281694_789,132.18856052777463,131.6972718250737,116.6972718250737,3.0042082751183035,5,4.698392926559916,Moto,Foggy,High,Urban,True,0,1,0,8232.887315281694,8354.584587106769,Aumento_Velocidade,1
pedido_8311.857848619526_847,38.46049251484529,34.52911425190193,34.52911425190193,10.196026986017346,10,4.656631786263056,Moto,Sunny,High,Metropolitian,False,1,1,1,8311.857848619526,8356.386962871427,Nenhuma,1
pedido_8274.385787302326_821,95.74685009053184,83.95312306170091,68.95312306170091,6.722886629785723,15,5.0,Scooter,Sunny,Medium,Metropolitian,False,0,0,1,8274.385787302326,8358.338910364027,Rota_Reduzida,1
pedido_8235.661375289725_791,129.80108567018078,133.1294869572138,118.1294869572138,17.874347973977898,5,4.758129262728171,Scooter,Stormy,High,Metropolitian,False,0,1,0,8235.661375289725,8358.790862246939,Aumento_Velocidade,1
pedido_8251.108967223086_803,132.97970332396278,116.54989164230922,101.54989164230922,16.46682038166096,10,4.656488518809764,Scooter,Windy,High,Metropolitian,False,0,1,0,8251.108967223086,8362.658858865396,Aumento_Velocidade,1
pedido_8228.408000779938_786,139.9387223742941,139.52177579197075,124.52177579197075,12.033721677930087,10,4.735630195364424,Moto,Windy,Jam,Metropolitian,True,0,1,0,8228.408000779938,8362.92977657191,Aumento_Velocidade,0
pedido_8261.071679245937_813,132.85919081787796,103.1833967262137,88.1833967262137,9.25166642198283,15,4.64844683884312,Scooter,Sandstorms,High,Urban,False,0,1,0,8261.071679245937,8364.25507597215,Aumento_Velocidade,1
pedido_8245.029980996005_796,135.16045377687576,125.06050835085756,110.06050835085756,9.717317638806954,10,4.9212449777621945,Scooter,Sandstorms,Medium,Metropolitian,False,0,0,0,8245.029980996005,8365.090489346863,Rota_Reduzida,1
pedido_8326.23749664623_860,71.03216785291315,38.912341236883165,23.912341236883165,19.19838494559793,15,4.429031047064312,Moto,Sunny,High,Metropolitian,False,1,1,1,8326.23749664623,8365.149837883113,Aumento_Velocidade,1
pedido_8237.508558811196_792,135.2432039920182,113.07814249150431,113.07814249150431,10.501554876123963,15,4.674445784770568,Van,Stormy,Medium,Metropolitian,False,0,0,0,8237.508558811196,8365.5867013027,Nenhuma,1
pedido_8256.5886258439_810,135.00520551875329,114.49504526228552,99.49504526228552,10.007046672576749,10,4.9045285023714165,Moto,Windy,Medium,Metropolitian,False,0,0,0,8256.5886258439,8366.083671106186,Rota_Reduzida,1
pedido_8242.689111346766_794,132.2103028226152,128.39559357959592,113.39559357959592,2.759451450317851,10,4.567938649215301,Scooter,Foggy,High,Metropolitian,True,0,1,0,8242.689111346766,8366.084704926363,Aumento_Velocidade,1
pedido_8250.59687795141_802,133.49846318068467,126.43284976818916,111.43284976818916,15.73491163055997,5,4.8843771529611,Moto,Windy,High,Metropolitian,False,0,1,0,8250.59687795141,8367.029727719599,Aumento_Velocidade,1
pedido_8216.312065718228_776,189.57142984561247,151.69890566702804,136.69890566702804,15.33822432532005,15,4.3993486697018716,Moto,Foggy,High,Metropolitian,False,0,1,0,8216.312065718228,8368.010971385256,Aumento_Velocidade,0
pedido_8249.76380725508_801,99.93766956753292,108.41068172618229,108.41068172618229,3.044139558526689,10,4.617122785544967,Moto,Windy,Low,Urban,False,0,0,0,8249.76380725508,8368.174488981262,Nenhuma,1
pedido_8253.457960222075_807,119.89881207147734,117.02461996991184,117.02461996991184,15.045682220195927,5,4.53574168706497,Moto,Sunny,Low,Metropolitian,False,0,0,1,8253.457960222075,8375.482580191987,Nenhuma,1
pedido_8270.857710856597_818,112.15576005571613,95.53736774157153,95.53736774157153,13.631223835075033,10,4.592131108854133,Scooter,Foggy,Low,Metropolitian,True,0,0,0,8270.857710856597,8376.395078598169,Nenhuma,1
pedido_8270.088406186962_816,132.141537028009,107.05985731153285,92.05985731153285,6.892798324003525,15,4.929938480721295,Moto,Foggy,High,Urban,False,0,1,0,8270.088406186962,8377.148263498495,Aumento_Velocidade,1
pedido_8270.53614296141_817,127.88288454076117,116.89599331794784,101.89599331794784,2.8945113790983372,5,4.563203602653679,Moto,Stormy,High,Urban,True,0,1,0,8270.53614296141,8377.432136279358,Aumento_Velocidade,1
pedido_8266.848555153325_814,132.96829130093437,112.51000022633276,97.51000022633276,3.9094000596805314,15,4.4665590354434626,Moto,Windy,Medium,Metropolitian,False,0,0,0,8266.848555153325,8379.358555379658,Rota_Reduzida,1
pedido_8206.03821365581_767,176.29086775800357,178.65605524185747,163.65605524185747,6.3920749290171806,10,4.4104046773986,Scooter,Windy,Jam,Metropolitian,True,0,1,0,8206.03821365581,8379.694268897667,Aumento_Velocidade,0
pedido_8341.446781624625_879,43.78593311490984,28.458309423154468,28.458309423154468,6.171950050441258,10,4.48522858369872,Scooter,Sunny,High,Metropolitian,True,1,1,1,8341.446781624625,8379.90509104778,Nenhuma,1
pedido_8256.938253689252_811,135.2338915937963,133.10192990858232,118.10192990858232,17.143940196350723,5,4.769041775317589,Moto,Sandstorms,High,Metropolitian,False,0,1,0,8256.938253689252,8380.040183597834,Aumento_Velocidade,1
pedido_8332.833486850026_868,45.430166370026456,38.37292385994077,38.37292385994077,12.129023626320583,15,4.665658653259485,Scooter,Sandstorms,High,Metropolitian,True,1,1,0,8332.833486850026,8386.206410709967,Nenhuma,1
pedido_8269.316120026491_815,135.95438256284447,122.01661769888113,107.01661769888113,12.03729643210778,10,4.913277068641891,Scooter,Sandstorms,Medium,Metropolitian,False,0,0,0,8269.316120026491,8386.332737725372,Rota_Reduzida,1
pedido_8274.089663058076_820,132.2070388870399,122.97888036702929,107.97888036702929,7.341263877309043,5,4.67397418269503,Moto,Windy,High,Metropolitian,False,0,1,0,8274.089663058076,8387.068543425105,Aumento_Velocidade,1
pedido_8303.34057504044_840,97.49009431361574,89.6536264045659,74.6536264045659,4.172336230533498,10,4.745447281274422,Moto,Sunny,High,Metropolitian,False,0,1,1,8303.34057504044,8387.994201445006,Aumento_Velocidade,1
pedido_8296.733825211888_835,100.90291239536957,88.40572919529319,88.40572919529319,4.571925192425049,5,4.6683627455408345,Moto,Foggy,Low,Metropolitian,True,0,0,0,8296.733825211888,8390.139554407182,Nenhuma,1
pedido_8279.518128295065_825,93.58434343468757,96.21385912224002,96.21385912224002,1.547155213578904,15,4.736036186988507,Van,Sunny,Low,Other,False,0,0,1,8279.518128295065,8390.731987417304,Nenhuma,1
pedido_8358.913359998438_894,44.02596829724785,27.6458349042584,27.6458349042584,7.273213819650328,5,4.588387597353474,Scooter,Stormy,High,Metropolitian,True,1,1,0,8358.913359998438,8391.559194902697,Nenhuma,1
pedido_8295.963599434792_834,131.24959913617099,106.42222146623453,91.42222146623453,6.998401070764983,5,4.454812105404269,Scooter,Sandstorms,High,Metropolitian,False,0,1,0,8295.963599434792,8392.385820901027,Aumento_Velocidade,1
pedido_8309.837320851753_844,100.9611513986964,70.5271607493428,70.5271607493428,2.2405658506611195,15,4.911291804781349,Moto,Windy,Low,Metropolitian,False,0,0,0,8309.837320851753,8395.364481601096,Nenhuma,1
pedido_8278.884155491198_824,105.0843481246576,102.02485851828051,102.02485851828051,13.625942865469133,15,4.745908292297339,Van,Sunny,High,Metropolitian,True,0,1,1,8278.884155491198,8395.909014009478,Nenhuma,1
pedido_8282.062180948971_827,131.52032848814864,119.33174119165412,104.33174119165412,7.4093642318892545,10,4.719161099632001,Moto,Sandstorms,High,Metropolitian,False,0,1,0,8282.062180948971,8396.393922140625,Aumento_Velocidade,1
pedido_8289.164227783445_831,132.65986019653798,114.29961725477528,99.29961725477528,3.4870906094123217,10,4.826544631738449,Moto,Sandstorms,High,Urban,False,0,1,0,8289.164227783445,8398.46384503822,Aumento_Velocidade,1
pedido_8285.184974329823_830,128.36260269177163,123.76134690927825,108.76134690927825,5.162275037545556,5,4.73615517845268,Scooter,Foggy,Medium,Urban,False,0,0,0,8285.184974329823,8398.9463212391,Rota_Reduzida,1
pedido_8302.12054889808_838,122.51002003681302,98.60909875030096,83.60909875030096,2.2528343117890524,15,4.786680832833874,Moto,Stormy,Jam,Metropolitian,False,0,1,0,8302.12054889808,8400.72964764838,Aumento_Velocidade,1
pedido_8308.394714620994_842,110.65025437083543,92.54043140911878,77.54043140911878,22.38295180923677,15,4.526878851090508,Moto,Sunny,High,Metropolitian,True,0,1,1,8308.394714620994,8400.935146030113,Aumento_Velocidade,1
pedido_8315.59548221865_851,100.7075572962485,71.74535942051844,71.74535942051844,1.6147542575974958,15,4.782915670769831,Moto,Stormy,Low,Metropolitian,False,0,0,0,8315.59548221865,8402.340841639169,Nenhuma,1
pedido_8277.609199174376_822,133.88414428674756,124.90664362044802,109.90664362044802,17.656966806752383,15,4.691447359221443,Moto,Stormy,Jam,Metropolitian,False,0,1,0,8277.609199174376,8402.515842794824,Aumento_Velocidade,1
pedido_8300.031979621148_837,111.656403005909,113.06824519806064,98.06824519806064,15.001882211385515,5,4.62975477964199,Moto,Sunny,Jam,Metropolitian,False,0,1,1,8300.031979621148,8403.100224819209,Aumento_Velocidade,1
pedido_8278.424361312515_823,141.67887272572975,135.2401857218415,120.2401857218415,15.0068137138999,5,4.9606734650977335,Moto,Foggy,High,Urban,False,0,1,0,8278.424361312515,8403.664547034356,Aumento_Velocidade,0
pedido_8321.08052785637_856,103.21384191446903,88.09821597859177,73.09821597859177,17.566367145612013,10,4.976628397896494,Moto,Sunny,High,Urban,False,0,1,1,8321.08052785637,8404.178743834962,Aumento_Velocidade,1
pedido_8272.385874529948_819,130.14412327669478,127.25590713595153,127.25590713595153,17.616083773922384,5,4.725988154384066,Van,Stormy,High,Metropolitian,False,0,1,0,8272.385874529948,8404.6417816659,Nenhuma,0
pedido_8247.788265451023_800,186.1244934104088,169.41274229510475,154.41274229510475,11.798101080033096,5,4.331056591007865,Moto,Stormy,High,Metropolitian,True,0,1,0,8247.788265451023,8407.201007746127,Aumento_Velocidade,0
pedido_8256.516521967455_809,177.55952779927716,165.6528078978924,150.6528078978924,5.785367588463029,10,4.077502191064125,Moto,Sandstorms,Jam,Metropolitian,True,0,1,0,8256.516521967455,8417.169329865346,Aumento_Velocidade,0
pedido_8309.001895912912_843,132.4886587340063,114.00325353472624,99.00325353472624,3.780567591444096,15,4.627379084100239,Moto,Sandstorms,High,Metropolitian,False,0,1,0,8309.001895912912,8423.005149447637,Aumento_Velocidade,1
pedido_8309.877814126055_845,127.09381212290116,124.00662167429249,109.00662167429249,1.1044803085931854,5,4.828701131914344,Moto,Stormy,High,Metropolitian,False,0,1,0,8309.877814126055,8423.884435800348,Aumento_Velocidade,1
pedido_8335.895880768601_871,105.42117075543345,96.67289562079236,81.67289562079236,3.277541579106301,10,4.534613309401847,Scooter,Sunny,High,Metropolitian,True,0,1,1,8335.895880768601,8427.568776389393,Aumento_Velocidade,1
pedido_8258.017996554017_812,179.37621324040492,179.90696297354916,164.90696297354916,15.854696268321618,5,4.288027237747254,Scooter,Sunny,High,Metropolitian,False,0,1,1,8258.017996554017,8427.924959527567,Aumento_Velocidade,0
pedido_8243.950310677952_795,188.2197967577948,171.15845784252087,171.15845784252087,19.41264675081665,15,4.404680062135052,Van,Foggy,High,Urban,False,0,1,0,8243.950310677952,8430.108768520473,Nenhuma,0
pedido_8320.328210013764_855,130.62714448352773,120.60801978957558,105.60801978957558,2.1122483798165104,5,4.66980280525215,Moto,Sandstorms,High,Metropolitian,True,0,1,0,8320.328210013764,8430.93622980334,Aumento_Velocidade,1
pedido_8326.065172077488_859,130.66772885552825,111.0510113857161,96.0510113857161,5.454125381924568,10,4.662040027292195,Scooter,Sandstorms,High,Urban,True,0,1,0,8326.065172077488,8432.116183463204,Aumento_Velocidade,1
pedido_8329.853907232144_865,99.254468592519,87.65099335061743,87.65099335061743,4.14877407715968,15,4.941998406582258,Moto,Foggy,Low,Urban,True,0,0,0,8329.853907232144,8432.50490058276,Nenhuma,1
pedido_8316.675604842705_853,132.5995064518903,116.53973614457763,101.53973614457763,15.359745669874298,15,5.0,Moto,Stormy,High,Urban,False,0,1,0,8316.675604842705,8433.215340987283,Aumento_Velocidade,1
pedido_8311.01973046092_846,129.67799242937988,133.71708709901063,118.71708709901063,7.143302596493916,5,4.602986461388301,Scooter,Stormy,High,Urban,False,0,1,0,8311.01973046092,8434.73681755993,Aumento_Velocidade,1
pedido_8319.982472008101_854,136.7154970346951,120.39977985698124,105.39977985698124,6.689072666576319,10,4.639807032688367,Moto,Sandstorms,Medium,Metropolitian,True,0,0,0,8319.982472008101,8435.382251865083,Rota_Reduzida,1
pedido_8387.957406269135_917,46.858572271058485,34.732089216655865,34.732089216655865,14.885565686278326,15,4.817500540940352,Moto,Sandstorms,High,Metropolitian,False,1,1,0,8387.957406269135,8437.68949548579,Nenhuma,1
pedido_8366.283666484485_899,94.70227698786206,76.7001596874839,61.700159687483904,3.465972163101391,10,4.96128543831008,Moto,Sunny,Medium,Urban,False,0,0,1,8366.283666484485,8437.983826171969,Rota_Reduzida,1
pedido_8339.596466196428_874,102.51630981067213,84.36712058315055,84.36712058315055,9.542226475810402,15,5.0,Moto,Foggy,Low,Metropolitian,True,0,0,0,8339.596466196428,8438.963586779579,Nenhuma,1
pedido_8329.656284840818_864,106.40250934858909,104.54634036640566,104.54634036640566,10.370191355058925,5,4.82949355429049,Scooter,Foggy,Low,Metropolitian,False,0,0,0,8329.656284840818,8439.202625207223,Nenhuma,1
pedido_8294.711291987682_833,177.4715841195258,144.98796076533108,129.98796076533108,14.494710048737124,15,4.449316757315405,Moto,Sunny,High,Urban,False,0,1,1,8294.711291987682,8439.699252753013,Aumento_Velocidade,0
pedido_8344.382580555513_882,94.49594367259826,101.12194551737605,86.12194551737605,6.295852066387432,10,4.821480137036278,Moto,Sunny,High,Metropolitian,False,0,1,1,8344.382580555513,8440.50452607289,Aumento_Velocidade,1
pedido_8313.585374213162_850,131.09709452684876,137.92686286856573,122.92686286856573,4.731203346429963,5,4.808398314843222,Scooter,Foggy,Jam,Metropolitian,True,0,1,0,8313.585374213162,8441.512237081728,Aumento_Velocidade,0
pedido_8339.316576203777_873,100.19709508372326,92.29208362215931,92.29208362215931,8.236087701821273,10,4.756287395429696,Van,Windy,Low,Metropolitian,False,0,0,0,8339.316576203777,8441.608659825937,Nenhuma,1
pedido_8349.030698848754_886,99.41289641464687,93.08690126110758,78.08690126110758,1.553554611887661,15,4.662786794875934,Moto,Sunny,Jam,Metropolitian,False,0,1,1,8349.030698848754,8442.117600109861,Aumento_Velocidade,1
pedido_8344.663433607655_883,100.8109973395042,104.5904045986097,89.5904045986097,7.827322171304298,10,5.0,Scooter,Sunny,Jam,Urban,False,0,1,1,8344.663433607655,8444.253838206265,Aumento_Velocidade,1
pedido_8393.100819788944_926,66.34054205668879,57.106379783868164,42.106379783868164,2.01568251801184,10,3.9968879108773536,Moto,Sandstorms,Medium,Metropolitian,False,1,0,0,8393.100819788944,8445.207199572813,Rota_Reduzida,1
pedido_8332.641305521673_867,134.90411272828453,123.14470553922001,108.14470553922001,13.900453471624955,5,4.633789514856349,Moto,Windy,High,Metropolitian,True,0,1,0,8332.641305521673,8445.786011060893,Aumento_Velocidade,1
pedido_8345.458874128692_884,143.7745844267488,106.85620170669057,91.85620170669057,15.0987405696262,10,4.95122151675279,Moto,Sandstorms,Jam,Metropolitian,True,0,1,0,8345.458874128692,8447.315075835382,Aumento_Velocidade,1
pedido_8338.803198055595_872,132.64140598193228,114.03884930679813,99.03884930679813,7.016681947502301,10,4.847019687205195,Scooter,Sandstorms,Medium,Other,True,0,0,0,8338.803198055595,8447.842047362394,Rota_Reduzida,1
pedido_8325.612252187673_858,126.09520819432915,132.9154283327018,117.9154283327018,1.9570540274587023,5,4.462838669445204,Scooter,Windy,Jam,Metropolitian,False,0,1,0,8325.612252187673,8448.527680520376,Aumento_Velocidade,1
pedido_8327.642262235726_862,133.08537194633473,132.42296799572668,117.42296799572668,4.8998623008132975,5,5.0,Moto,Windy,Jam,Metropolitian,False,0,1,0,8327.642262235726,8450.065230231452,Aumento_Velocidade,1
pedido_8350.804094783034_888,134.75945143054273,100.80521614066804,85.80521614066804,5.486960754831803,15,4.793018500691539,Scooter,Stormy,Medium,Metropolitian,False,0,0,0,8350.804094783034,8451.609310923703,Rota_Reduzida,1
pedido_8303.22454612871_839,177.91281271597302,153.8802335940503,138.8802335940503,8.899528635330231,10,4.222530275200547,Scooter,Stormy,Jam,Metropolitian,False,0,1,0,8303.22454612871,8452.10477972276,Aumento_Velocidade,0
pedido_8280.546871076067_826,169.52760206476083,167.45446654477436,167.45446654477436,11.831222119033175,5,4.3335735936073965,Van,Sunny,Medium,Metropolitian,False,0,0,1,8280.546871076067,8453.00133762084,Nenhuma,0
pedido_8358.875517555634_893,101.13372221980404,94.92049099163653,79.92049099163653,6.732201187334683,15,4.964756649406291,Moto,Sunny,Jam,Metropolitian,False,0,1,1,8358.875517555634,8453.796008547271,Aumento_Velocidade,1
pedido_8341.547718797294_880,129.72488940687205,118.5995100696492,103.5995100696492,16.5610619146844,10,4.597846425341694,Moto,Stormy,High,Metropolitian,False,0,1,0,8341.547718797294,8455.147228866943,Aumento_Velocidade,1
pedido_8329.033447600115_863,133.2374444571589,137.10218988134295,122.10218988134295,0.17784747318123983,5,4.694599122036383,Moto,Foggy,High,Metropolitian,True,0,1,0,8329.033447600115,8456.135637481459,Aumento_Velocidade,0
pedido_8373.153177887398_906,106.364720236472,95.03359154233553,80.03359154233553,18.98079710014273,5,4.453885798651113,Moto,Sunny,High,Metropolitian,False,0,1,1,8373.153177887398,8458.186769429733,Aumento_Velocidade,1
pedido_8369.712067001354_902,100.52551238629248,99.80951855130186,84.80951855130186,4.453038738137624,5,4.5541641261276755,Moto,Sunny,High,Metropolitian,True,0,1,1,8369.712067001354,8459.521585552655,Aumento_Velocidade,1
pedido_8332.454800503214_866,134.8892163978526,138.45391242218818,123.45391242218818,14.645272464290551,5,4.73116336879977,Moto,Windy,Jam,Urban,False,0,1,0,8332.454800503214,8460.908712925402,Aumento_Velocidade,0
pedido_8357.57330347796_892,127.5877953145291,109.13391312627044,94.13391312627044,5.236386464370274,10,4.780032230990284,Moto,Sandstorms,Jam,Metropolitian,False,0,1,0,8357.57330347796,8461.70721660423,Aumento_Velocidade,1
pedido_8315.72109589786_852,174.14117501510097,152.5840173375958,137.5840173375958,7.870340271158217,10,4.218712141496205,Scooter,Foggy,Medium,Urban,False,0,0,0,8315.72109589786,8463.305113235456,Rota_Reduzida,0
pedido_8312.81909167132_848,175.6526224766438,155.77827020607134,140.77827020607134,5.195331768610451,10,4.3788279470888485,Moto,Stormy,High,Urban,False,0,1,0,8312.81909167132,8463.597361877391,Aumento_Velocidade,0
pedido_8324.440218462396_857,150.15570388286176,139.54129833108573,124.54129833108573,10.829200017072168,15,4.762055582361135,Scooter,Foggy,Jam,Metropolitian,False,0,1,0,8324.440218462396,8463.981516793481,Aumento_Velocidade,0
pedido_8333.975931975954_869,134.12547944357516,140.04990070105862,125.04990070105862,4.794336144424074,5,4.681404661224817,Scooter,Foggy,High,Metropolitian,False,0,1,0,8333.975931975954,8464.025832677013,Aumento_Velocidade,0
pedido_8340.659736526466_877,132.77142412791815,124.60084944386912,109.60084944386912,4.553794752624075,15,4.791528838403122,Moto,Sandstorms,High,Metropolitian,False,0,1,0,8340.659736526466,8465.260585970334,Aumento_Velocidade,1
pedido_8293.497185667175_832,172.4775348575467,172.67752725388144,157.67752725388144,5.600123104625105,15,4.442649938361118,Moto,Foggy,Medium,Urban,True,0,0,0,8293.497185667175,8466.174712921056,Rota_Reduzida,0
pedido_8312.900056474034_849,168.3159767311352,154.44555412191306,139.44555412191306,12.014396906237137,15,4.428867982264321,Moto,Sunny,Medium,Metropolitian,True,0,0,1,8312.900056474034,8467.345610595947,Rota_Reduzida,0
pedido_8348.524262189065_885,136.55018229398726,124.16308761142085,109.16308761142085,19.73081338495551,10,4.909727393496799,Moto,Stormy,Medium,Metropolitian,False,0,0,0,8348.524262189065,8467.687349800486,Rota_Reduzida,1
pedido_8364.827095057617_896,135.8129616672736,105.01615258688713,90.01615258688713,5.7880411555682905,15,4.870903820467775,Scooter,Sandstorms,Medium,Urban,False,0,0,0,8364.827095057617,8469.843247644505,Rota_Reduzida,1
pedido_8353.389292933714_890,129.01666075656678,127.43601405292426,112.43601405292426,3.464600785021248,5,4.523485257556146,Moto,Windy,High,Metropolitian,False,0,1,0,8353.389292933714,8470.825306986639,Aumento_Velocidade,1
pedido_8352.68675118102_889,122.98754301010975,125.06545990087074,105.06545990087074,3.4124803840216926,15,4.671355586841491,Scooter,Windy,High,Other,False,0,1,0,8352.68675118102,8472.75221108189,Rota_Reduzida,1
pedido_8342.546544562312_881,136.28143219805156,130.42984807695652,115.42984807695652,7.29281616803623,15,4.616690818281864,Moto,Windy,Medium,Metropolitian,False,0,0,0,8342.546544562312,8472.976392639268,Rota_Reduzida,1
pedido_8356.898781247457_891,135.40158262667725,127.24044862489981,112.24044862489981,1.5140163382056238,5,4.927332445301191,Moto,Foggy,High,Metropolitian,False,0,1,0,8356.898781247457,8474.139229872357,Aumento_Velocidade,1
pedido_8376.046304983469_908,132.42513741150682,104.80632744409188,89.80632744409188,6.929229849614472,10,4.607637133693558,Scooter,Sandstorms,High,Metropolitian,False,0,1,0,8376.046304983469,8475.85263242756,Aumento_Velocidade,1
pedido_8339.823416621997_875,141.234304302999,141.5680878227461,126.5680878227461,17.382049587924676,10,4.862418724301967,Moto,Foggy,High,Metropolitian,False,0,1,0,8339.823416621997,8476.391504444744,Aumento_Velocidade,0
pedido_8379.20396629956_911,100.47912967433685,102.3648619950824,87.3648619950824,12.143754406765767,10,4.502944472775545,Moto,Sunny,Medium,Metropolitian,False,0,0,1,8379.20396629956,8476.568828294641,Rota_Reduzida,1
pedido_8339.973891711059_876,138.42157472887084,125.02581518993944,125.02581518993944,9.574175743124771,15,4.610216653905909,Van,Windy,Medium,Urban,True,0,0,0,8339.973891711059,8479.999706900999,Nenhuma,0
pedido_8378.281662882107_909,135.05009993434138,102.32738863410096,87.32738863410096,16.001347034554726,15,5.0,Scooter,Stormy,Medium,Metropolitian,False,0,0,0,8378.281662882107,8480.609051516209,Rota_Reduzida,1
pedido_8335.548050729883_870,133.57322572338018,158.13259358189276,143.13259358189276,5.059143504104424,5,4.9525921462512885,Moto,Sandstorms,Jam,Metropolitian,True,0,1,0,8335.548050729883,8483.680644311777,Aumento_Velocidade,0
pedido_8389.897783719101_921,100.81716034239206,83.78578030191397,83.78578030191397,10.033125853063215,10,4.810180274850834,Moto,Windy,Low,Metropolitian,False,0,0,0,8389.897783719101,8483.683564021016,Nenhuma,1
pedido_8389.196897860556_919,98.30494629602148,86.39990897458435,86.39990897458435,2.347061508746953,10,4.781449152535983,Moto,Foggy,Low,Urban,False,0,0,0,8389.196897860556,8485.596806835141,Nenhuma,1
pedido_8386.369134976492_915,130.27333573090723,109.71400675810645,94.71400675810645,19.28900494247273,5,4.656254090450649,Moto,Stormy,High,Metropolitian,False,0,1,0,8386.369134976492,8486.083141734598,Aumento_Velocidade,1
pedido_8369.105505070658_901,133.051824642882,117.1759038084434,102.1759038084434,6.841289247842674,15,4.589899736407053,Scooter,Stormy,Medium,Metropolitian,False,0,0,0,8369.105505070658,8486.281408879102,Rota_Reduzida,1
pedido_8408.004967096138_939,102.52560702811523,90.3941084275117,75.3941084275117,18.83618791887853,5,4.821036963588524,Moto,Sunny,High,Metropolitian,False,0,1,1,8408.004967096138,8488.39907552365,Aumento_Velocidade,1
pedido_8436.176737879765_959,40.54477481448677,49.06867844968416,49.06867844968416,7.557996025363128,5,5.0,Moto,Sunny,High,Urban,True,1,1,1,8436.176737879765,8490.24541632945,Nenhuma,1
pedido_8365.648522931786_897,130.8985911673986,124.98338003131141,109.98338003131141,3.084749778295341,15,4.742312846148697,Scooter,Sandstorms,Medium,Metropolitian,False,0,0,0,8365.648522931786,8490.631902963098,Rota_Reduzida,1
pedido_8370.973211759034_903,131.11294560379613,125.01979483865355,110.01979483865355,8.336468809080781,10,4.9041413973440955,Moto,Sandstorms,High,Urban,False,0,1,0,8370.973211759034,8490.993006597688,Aumento_Velocidade,1
pedido_8340.990603833769_878,136.01309964527013,141.46853985812317,141.46853985812317,10.733447770005638,10,4.624678734236778,Van,Stormy,Medium,Metropolitian,True,0,0,0,8340.990603833769,8492.45914369189,Nenhuma,0
pedido_8349.237743316009_887,150.1587248623217,153.73916078286544,138.73916078286544,18.619363700082957,5,4.91909703939691,Moto,Foggy,Jam,Metropolitian,False,0,1,0,8349.237743316009,8492.976904098874,Aumento_Velocidade,0
pedido_8400.564529719843_932,99.97576666065714,88.34965397206363,88.34965397206363,3.0695954760350146,5,4.603604097379339,Moto,Foggy,Low,Metropolitian,True,0,0,0,8400.564529719843,8493.914183691906,Nenhuma,1
pedido_8366.604221139414_900,151.58747396505365,130.25444998604493,115.25444998604493,14.205558429229935,15,5.0,Moto,Foggy,Jam,Metropolitian,False,0,1,0,8366.604221139414,8496.85867112546,Aumento_Velocidade,1
pedido_8387.61550480006_916,131.49381786221812,114.26268216063424,99.26268216063424,16.555030926678768,10,4.491676984628538,Moto,Stormy,High,Metropolitian,True,0,1,0,8387.61550480006,8496.878186960694,Aumento_Velocidade,1
pedido_8366.193528031694_898,132.83225952499396,130.68793286678496,115.68793286678496,7.2107185820249065,15,4.8184799417467294,Moto,Foggy,High,Metropolitian,False,0,1,0,8366.193528031694,8496.88146089848,Aumento_Velocidade,1
pedido_8390.07348541674_922,130.5357302082129,117.52460088279074,102.52460088279074,18.191438927722526,5,4.578971633633721,Moto,Stormy,High,Metropolitian,False,0,1,0,8390.07348541674,8497.598086299531,Aumento_Velocidade,1
pedido_8304.881855760108_841,201.6763776125231,198.09395817740906,183.09395817740906,20.314870581104778,10,4.40798445340486,Moto,Stormy,Jam,Metropolitian,False,0,1,0,8304.881855760108,8497.975813937517,Aumento_Velocidade,0
pedido_8386.145809954098_914,130.35038718624247,113.04417122554852,98.04417122554852,5.174173607186483,15,4.909171900906176,Moto,Sandstorms,High,Urban,True,0,1,0,8386.145809954098,8499.189981179647,Aumento_Velocidade,1
pedido_8378.703159913226_910,143.28821562470304,132.10866088562966,117.10866088562966,10.415058078225547,5,4.944831923591724,Scooter,Windy,Jam,Metropolitian,True,0,1,0,8378.703159913226,8500.811820798855,Aumento_Velocidade,1
pedido_8361.07469134403_895,141.5653798675711,145.52594556400348,130.52594556400348,17.367338886752098,10,4.842685137766632,Scooter,Foggy,High,Metropolitian,False,0,1,0,8361.07469134403,8501.600636908035,Aumento_Velocidade,0
pedido_8416.454363980776_946,102.38665475488781,85.67535006825476,70.67535006825476,14.85169179114352,15,4.561913541753505,Moto,Sunny,High,Metropolitian,False,0,1,1,8416.454363980776,8502.129714049031,Aumento_Velocidade,1
pedido_8390.724049496555_924,128.79852146034818,112.18242588746826,97.18242588746826,8.372678894804201,15,4.814300918834097,Moto,Stormy,High,Metropolitian,False,0,1,0,8390.724049496555,8502.906475384023,Aumento_Velocidade,1
pedido_8401.680815052909_934,103.62956677230113,86.23281721339798,86.23281721339798,18.06061630848611,15,4.928962395243972,Scooter,Windy,Low,Urban,False,0,0,0,8401.680815052909,8502.913632266307,Nenhuma,1
pedido_8408.339752760388_940,102.32357167097241,84.61685026329107,84.61685026329107,3.964867126077934,10,4.610140468647857,Moto,Stormy,Low,Metropolitian,False,0,0,0,8408.339752760388,8502.95660302368,Nenhuma,1
pedido_8401.406565652196_933,134.85247937810988,104.00986343863295,89.00986343863295,0.0,15,5.0,Moto,Windy,High,Metropolitian,False,0,1,0,8401.406565652196,8505.416429090828,Aumento_Velocidade,1
pedido_8390.311100533141_923,136.42993784302712,126.87466614855512,111.87466614855512,10.300521037318752,5,4.5274965720328835,Moto,Windy,High,Metropolitian,False,0,1,0,8390.311100533141,8507.185766681696,Aumento_Velocidade,1
pedido_8412.893370823942_945,99.27006902583167,85.97286983447661,85.97286983447661,6.692180795576448,10,4.6495110604289795,Van,Sunny,High,Metropolitian,True,0,1,1,8412.893370823942,8508.866240658419,Nenhuma,1
pedido_8376.013319838343_907,132.36011814509843,127.94353069934505,127.94353069934505,8.371976577079664,5,4.92516624783156,Van,Foggy,High,Metropolitian,True,0,1,0,8376.013319838343,8508.956850537688,Nenhuma,0
pedido_8393.926596913612_927,102.08554611211174,100.8515738060147,100.8515738060147,12.871927832999976,15,4.793130044451822,Moto,Stormy,Low,Metropolitian,False,0,0,0,8393.926596913612,8509.778170719626,Nenhuma,1
pedido_8326.314802530625_861,200.66929266040495,192.15311961093147,177.15311961093147,15.303893107225589,10,4.433702575787552,Scooter,Stormy,Jam,Urban,False,0,1,0,8326.314802530625,8513.467922141557,Aumento_Velocidade,0
pedido_8380.997213557028_912,128.1882250927811,139.62364235165802,124.62364235165802,5.181802039864882,10,4.673260579221825,Moto,Stormy,Medium,Other,False,0,0,0,8380.997213557028,8515.620855908686,Rota_Reduzida,0
pedido_8400.527408655818_931,130.77464878307057,126.89121617733218,111.89121617733218,5.481534045639049,5,4.675543199805466,Moto,Windy,High,Metropolitian,False,0,1,0,8400.527408655818,8517.41862483315,Aumento_Velocidade,1
pedido_8388.054745254276_918,132.49103640531567,129.9946933935991,114.9946933935991,8.49437374100409,15,4.913208018753297,Moto,Foggy,High,Metropolitian,False,0,1,0,8388.054745254276,8518.049438647875,Aumento_Velocidade,1
pedido_8404.011868520392_936,126.24124992686208,119.30737552404213,104.30737552404213,7.671797609915323,10,4.746191728898006,Scooter,Foggy,Medium,Metropolitian,True,0,0,0,8404.011868520392,8518.319244044435,Rota_Reduzida,1
pedido_8429.350729360427_954,106.77629764158354,97.50007380851036,82.50007380851036,14.99408094209099,10,4.645823839935,Moto,Sunny,Medium,Urban,True,0,0,1,8429.350729360427,8521.850803168938,Rota_Reduzida,1
pedido_8392.304154970652_925,134.12547944357516,131.1621085279137,116.16210852791369,4.945496725755062,15,4.665721753458981,Moto,Foggy,High,Metropolitian,False,0,1,0,8392.304154970652,8523.466263498565,Aumento_Velocidade,1
pedido_8445.193699122527_968,102.99583120292121,83.32874336962131,68.32874336962131,11.921375172858536,10,5.0,Moto,Sunny,High,Urban,False,0,1,1,8445.193699122527,8523.522442492147,Aumento_Velocidade,1
pedido_8399.39614715998_930,129.9885948301682,129.30657325644196,114.30657325644196,6.8307393861690535,10,4.708756121541857,Moto,Windy,Jam,Metropolitian,True,0,1,0,8399.39614715998,8523.702720416422,Aumento_Velocidade,1
pedido_8406.73015373038_937,130.3229842711921,122.10143661481493,107.10143661481493,11.728916042486421,10,4.8505473439345534,Scooter,Stormy,High,Metropolitian,False,0,1,0,8406.73015373038,8523.831590345195,Aumento_Velocidade,1
pedido_8410.62804449376_941,132.61895272995193,114.37255921569857,99.37255921569857,0.0,15,4.823898354755265,Moto,Sandstorms,High,Metropolitian,False,0,1,0,8410.62804449376,8525.000603709459,Aumento_Velocidade,1
pedido_8441.244118369541_964,95.04209551252961,95.87073531832421,80.87073531832421,3.0113807079890473,5,4.862738209797577,Moto,Sunny,High,Metropolitian,False,0,1,1,8441.244118369541,8527.114853687865,Aumento_Velocidade,1
pedido_8396.600479736544_929,143.4271964342765,141.35629145974488,126.35629145974488,18.93454170604398,5,4.5440315652507985,Scooter,Foggy,Medium,Metropolitian,False,0,0,0,8396.600479736544,8527.956771196288,Rota_Reduzida,0
pedido_8394.761862667801_928,130.40343468734383,128.70747230993885,128.70747230993885,2.4347924987177976,5,5.0,Van,Windy,Jam,Metropolitian,False,0,1,0,8394.761862667801,8528.46933497774,Nenhuma,0
pedido_8419.656120317139_949,130.17847072221292,109.71891291241846,94.71891291241846,2.683340197974253,15,4.83634104442465,Moto,Sandstorms,High,Metropolitian,True,0,1,0,8419.656120317139,8529.375033229557,Aumento_Velocidade,1
pedido_8372.62853195082_905,184.2602073923311,162.29946105648253,147.29946105648253,17.782698051762516,10,4.40517783776249,Moto,Sandstorms,High,Urban,False,0,1,0,8372.62853195082,8529.927993007303,Aumento_Velocidade,0
pedido_8412.534162937953_944,131.28338211859287,119.0896056729608,104.0896056729608,0.6416357974057076,15,4.487438474953812,Moto,Sandstorms,High,Metropolitian,False,0,1,0,8412.534162937953,8531.623768610914,Aumento_Velocidade,1
pedido_8411.00066664038_942,136.01012688244865,125.69215929505123,110.69215929505123,10.947296307533296,10,5.0,Scooter,Windy,High,Urban,False,0,1,0,8411.00066664038,8531.692825935432,Aumento_Velocidade,1
pedido_8437.729568478007_961,105.0176935526768,99.1987332460044,84.1987332460044,13.964676390451874,10,4.585718619869419,Scooter,Sunny,High,Metropolitian,True,0,1,1,8437.729568478007,8531.928301724012,Aumento_Velocidade,1
pedido_8448.926211948989_971,106.05346612065507,88.01913060167902,73.01913060167902,11.677870547677308,10,4.516078257066558,Moto,Sunny,High,Metropolitian,False,0,1,1,8448.926211948989,8531.945342550667,Aumento_Velocidade,1
pedido_8435.711046911716_958,127.54396087641952,101.45123894497372,86.45123894497372,2.202456977296344,10,4.5605801961273675,Moto,Foggy,Jam,Urban,False,0,1,0,8435.711046911716,8532.16228585669,Aumento_Velocidade,1
pedido_8403.731926457041_935,129.9885948301682,128.88125179222106,113.88125179222106,6.69436277603471,15,4.74748261251204,Moto,Windy,Jam,Metropolitian,True,0,1,0,8403.731926457041,8532.613178249263,Aumento_Velocidade,1
pedido_8434.620687633502_957,133.79104047427344,98.95472542577905,83.95472542577905,5.2935802223638735,15,4.765390705751132,Moto,Foggy,High,Metropolitian,False,0,1,0,8434.620687633502,8533.575413059281,Aumento_Velocidade,1
pedido_8474.414472063914_990,45.04218983136934,52.9526780375508,52.9526780375508,7.869766789108912,10,4.621022610604884,Scooter,Windy,Jam,Urban,False,1,1,0,8474.414472063914,8537.367150101465,Nenhuma,1
pedido_8407.343648485372_938,137.53365240677934,141.17014443676666,126.17014443676666,20.724540119628195,5,4.715287512324258,Moto,Stormy,Medium,Metropolitian,True,0,0,0,8407.343648485372,8538.513792922138,Rota_Reduzida,0
pedido_8438.675541270855_962,137.6828774228129,100.51429466475889,85.51429466475889,10.21342981242244,15,4.547253822423447,Moto,Foggy,High,Metropolitian,True,0,1,0,8438.675541270855,8539.189835935615,Aumento_Velocidade,1
pedido_8420.070903346144_950,126.74826315390487,127.76330805881813,112.76330805881813,4.013930570071102,10,4.9042020329364595,Scooter,Windy,Jam,Metropolitian,False,0,1,0,8420.070903346144,8542.834211404963,Aumento_Velocidade,1
pedido_8443.15473104701_967,98.84633501984995,95.64815625837136,95.64815625837136,4.261387996251779,5,4.625664896589082,Van,Sunny,Jam,Metropolitian,False,0,1,1,8443.15473104701,8543.802887305383,Nenhuma,1
pedido_8417.004560322564_947,132.7393207758664,132.2224537290315,117.22245372903151,4.947363766423642,10,4.653370253198264,Moto,Foggy,High,Metropolitian,True,0,1,0,8417.004560322564,8544.227014051596,Aumento_Velocidade,1
pedido_8418.94146605694_948,131.36458648449545,110.64983429931954,110.64983429931954,12.404981832446584,15,4.890279559962989,Van,Stormy,High,Urban,True,0,1,0,8418.94146605694,8544.59130035626,Nenhuma,1
pedido_8422.20267576824_952,129.94127184924062,113.01231128337176,113.01231128337176,7.702685000405175,15,4.379122326069057,Moto,Windy,Low,Metropolitian,True,0,0,0,8422.20267576824,8550.214987051611,Nenhuma,1
pedido_8411.395973364906_943,143.87999213971185,148.84849310452526,133.84849310452526,15.989002407717033,5,4.755366219944179,Scooter,Foggy,High,Urban,True,0,1,0,8411.395973364906,8550.244466469432,Aumento_Velocidade,0
pedido_8449.41814163002_973,98.43977721174991,96.93891561365112,96.93891561365112,8.835675642776554,5,4.750378955067121,Moto,Foggy,Low,Metropolitian,True,0,0,0,8449.41814163002,8551.357057243671,Nenhuma,1
pedido_8452.862607158764_974,98.46884860164056,103.76016747237838,88.76016747237838,2.5991116411222746,10,4.68390537247043,Moto,Sunny,High,Metropolitian,True,0,1,1,8452.862607158764,8551.622774631143,Aumento_Velocidade,1
pedido_8469.194209573741_983,101.84043561517271,83.03817676233558,68.03817676233558,15.769124994221848,15,4.796047328105414,Scooter,Sunny,High,Metropolitian,False,0,1,1,8469.194209573741,8552.232386336076,Aumento_Velocidade,1
pedido_8442.846367735108_966,124.08946496828939,110.22731133494288,95.22731133494288,1.819572461656712,15,4.697392336886948,Moto,Foggy,Medium,Metropolitian,True,0,0,0,8442.846367735108,8553.07367907005,Rota_Reduzida,1
pedido_8454.890081440311_975,101.85473598649061,83.20857892069981,83.20857892069981,16.713116591482624,15,4.737833119121613,Van,Sunny,High,Metropolitian,False,0,1,1,8454.890081440311,8553.09866036101,Nenhuma,1
pedido_8462.204915550903_979,100.84321446878413,101.6463489106169,86.6463489106169,13.30475147171951,5,5.0,Scooter,Sunny,Medium,Urban,False,0,0,1,8462.204915550903,8553.85126446152,Rota_Reduzida,1
pedido_8449.089301553182_972,125.53628902688517,121.11614638605256,101.11614638605256,7.967986203566078,5,4.52439519965919,Moto,Foggy,Jam,Other,False,0,1,0,8449.089301553182,8555.205447939234,Rota_Reduzida,1
pedido_8469.443620332702_986,99.9862576452996,72.05659400906612,72.05659400906612,8.347078673474439,15,4.849489575478029,Moto,Windy,Low,Metropolitian,False,0,0,0,8469.443620332702,8556.500214341768,Nenhuma,1
pedido_8371.179159681597_904,190.65940142216473,181.04522644646062,181.04522644646062,5.990673965855521,5,4.29859749418621,Van,Sunny,Jam,Metropolitian,False,0,1,1,8371.179159681597,8557.224386128057,Nenhuma,0
pedido_8385.635643314099_913,186.9427032202733,172.7868267464769,157.7868267464769,17.01971934147668,15,4.3099685402738155,Scooter,Foggy,High,Metropolitian,False,0,1,0,8385.635643314099,8558.422470060576,Aumento_Velocidade,0
pedido_8423.422467526636_953,144.69042200172544,125.35012990325177,125.35012990325177,13.425530452748852,15,4.619768313577614,Van,Foggy,High,Metropolitian,True,0,1,0,8423.422467526636,8563.772597429888,Nenhuma,0
pedido_8434.16190184624_956,134.58458749579847,129.7466360353922,114.74663603539221,13.329668510933773,15,4.751204811787402,Moto,Windy,Medium,Metropolitian,False,0,0,0,8434.16190184624,8563.908537881633,Rota_Reduzida,1
pedido_8448.441655327515_970,129.816823247367,115.71540204549683,100.71540204549683,8.677823587710433,15,4.667218341029547,Moto,Stormy,High,Metropolitian,False,0,1,0,8448.441655327515,8564.157057373011,Aumento_Velocidade,1
pedido_8436.717092633764_960,132.8295864841734,119.00811598817072,119.00811598817072,11.771161919231009,10,4.884006759040095,Van,Windy,High,Urban,False,0,1,0,8436.717092633764,8565.725208621934,Nenhuma,1
pedido_8479.338221687114_993,97.21798027955808,91.96158688206366,76.96158688206366,4.177389805207577,10,4.777668629591685,Moto,Sunny,High,Metropolitian,False,0,1,1,8479.338221687114,8566.299808569178,Aumento_Velocidade,1
pedido_8389.714793350711_920,195.55443282281342,186.676979920065,171.676979920065,4.775162007859274,5,4.371224916656654,Moto,Sunny,High,Urban,False,0,1,1,8389.714793350711,8566.391773270776,Aumento_Velocidade,0
pedido_8439.418175495632_963,127.90056202866018,117.23125407022357,117.23125407022357,5.9163208946310935,10,4.728770258052235,Van,Stormy,Jam,Metropolitian,False,0,1,0,8439.418175495632,8566.649429565856,Nenhuma,1
pedido_8441.758444491019_965,110.90737560553612,115.24114123792056,115.24114123792056,16.154386909868162,10,4.793879888083138,Scooter,Foggy,Low,Metropolitian,False,0,0,0,8441.758444491019,8566.99958572894,Nenhuma,1
pedido_8459.685267814146_978,127.48797607128466,120.92354678148129,105.92354678148129,6.517453780118446,5,4.659056290693093,Moto,Stormy,High,Metropolitian,True,0,1,0,8459.685267814146,8570.608814595627,Aumento_Velocidade,1
pedido_8490.896712470758_1001,98.77794724109636,88.7996878310983,73.7996878310983,2.191048237909226,10,4.719516557649735,Moto,Sunny,High,Metropolitian,True,0,1,1,8490.896712470758,8574.696400301857,Aumento_Velocidade,1
pedido_8487.63890326867_997,99.2314168338644,77.84322728783704,77.84322728783704,5.850375515061966,10,4.621928393256907,Moto,Foggy,Low,Urban,False,0,0,0,8487.63890326867,8575.482130556506,Nenhuma,1
pedido_8465.296983169064_982,133.34913206797495,119.17887549181745,104.17887549181745,14.278456074414605,10,4.829326381727919,Moto,Windy,High,Metropolitian,False,0,1,0,8465.296983169064,8579.475858660882,Aumento_Velocidade,1
pedido_8505.520941420742_1014,99.51876533257081,75.01324140990779,60.01324140990779,5.939381573729202,15,4.677977995945069,Moto,Sunny,Jam,Urban,False,0,1,1,8505.520941420742,8580.53418283065,Aumento_Velocidade,1
pedido_8469.429464450528_985,119.88450366440226,105.00478386351449,105.00478386351449,17.064921511902803,10,4.546880663795387,Moto,Sunny,Low,Metropolitian,False,0,0,1,8469.429464450528,8584.434248314043,Nenhuma,1
pedido_8421.35531872015_951,187.8673588555537,178.40264113695957,158.40264113695957,11.51641368135512,5,4.409695955696847,Moto,Stormy,Jam,Other,True,0,1,0,8421.35531872015,8584.75795985711,Rota_Reduzida,0
pedido_8474.053910141214_989,131.020840879014,117.19848609740792,102.19848609740792,4.8420327289804455,10,4.597513470383851,Moto,Foggy,Jam,Metropolitian,True,0,1,0,8474.053910141214,8586.252396238622,Aumento_Velocidade,1
pedido_8473.984693942562_988,134.69050683900977,112.74743817619168,97.74743817619168,13.251472104758088,15,4.546746148338628,Moto,Windy,Medium,Urban,False,0,0,0,8473.984693942562,8586.732132118754,Rota_Reduzida,1
pedido_8463.50321360107_980,126.64064061782382,123.36892238854247,108.36892238854247,3.277231495421151,15,4.804895766111432,Scooter,Sandstorms,Jam,Metropolitian,True,0,1,0,8463.50321360107,8586.872135989614,Aumento_Velocidade,1
pedido_8430.633844296264_955,175.3844457240431,162.45514272387587,147.45514272387587,4.196943886093338,10,4.436428853633134,Moto,Foggy,Jam,Metropolitian,True,0,1,0,8430.633844296264,8588.08898702014,Aumento_Velocidade,0
pedido_8561.281026524637_1059,42.984012955243955,18.47068777934604,18.47068777934604,6.266810356779969,10,4.711374906576497,Scooter,Stormy,Medium,Metropolitian,False,1,0,0,8561.281026524637,8589.751714303984,Nenhuma,1
pedido_8485.356799508812_996,134.4927399598692,113.96745379079061,98.96745379079061,14.896470821585707,10,4.636981986265128,Scooter,Windy,High,Metropolitian,True,0,1,0,8485.356799508812,8594.324253299603,Aumento_Velocidade,1
pedido_8487.994969897882_998,134.21504553323146,108.62696661000824,93.62696661000824,14.190069254984978,15,4.91333037270544,Scooter,Sandstorms,High,Urban,False,0,1,0,8487.994969897882,8596.62193650789,Aumento_Velocidade,1
pedido_8493.888375174474_1004,124.67969187849344,112.81078434014644,92.81078434014644,7.80212548870159,10,4.691645835204468,Moto,Foggy,Jam,Other,False,0,1,0,8493.888375174474,8596.699159514621,Rota_Reduzida,1
pedido_8522.435664059856_1028,95.39972886521163,87.4666241922551,72.4666241922551,0.3461905267560077,5,4.79686304908082,Moto,Sunny,High,Metropolitian,False,0,1,1,8522.435664059856,8599.902288252111,Aumento_Velocidade,1
pedido_8490.27110513697_999,131.59140551472498,119.56437509686924,104.56437509686924,6.446362844013741,10,4.944558322633566,Scooter,Sandstorms,High,Metropolitian,False,0,1,0,8490.27110513697,8604.835480233838,Aumento_Velocidade,1
pedido_8476.17022524703_991,138.0405053098431,114.51883592063257,114.51883592063257,16.64662043044663,15,4.7116817621851546,Van,Windy,Medium,Metropolitian,True,0,0,0,8476.17022524703,8605.689061167663,Nenhuma,1
pedido_8484.990302464448_995,136.85868952867082,123.42659739411471,108.42659739411471,17.93298743154258,15,4.804543906920312,Moto,Windy,High,Metropolitian,True,0,1,0,8484.990302464448,8608.416899858563,Aumento_Velocidade,1
pedido_8499.576798858427_1009,104.70842261286062,95.07530422546036,95.07530422546036,13.34581834398026,15,4.626002155005207,Van,Sunny,Medium,Urban,True,0,0,1,8499.576798858427,8609.652103083887,Nenhuma,1
pedido_8454.990198585921_976,169.57327084605194,165.71147174082577,150.71147174082577,21.330537421568213,5,4.383894289655875,Moto,Sunny,Medium,Metropolitian,False,0,0,1,8454.990198585921,8610.701670326747,Rota_Reduzida,0
pedido_8500.482450063644_1010,129.6934935596865,111.36543936341049,96.36543936341049,2.5524525190053065,15,4.88922730997527,Moto,Windy,High,Metropolitian,True,0,1,0,8500.482450063644,8611.847889427054,Aumento_Velocidade,1
pedido_8498.425745694194_1008,136.36528364036272,125.04841142410382,110.04841142410382,11.924045880555186,5,4.490449714741231,Moto,Sandstorms,Medium,Metropolitian,False,0,0,0,8498.425745694194,8613.474157118299,Rota_Reduzida,1
pedido_8510.775177113861_1019,125.9069267250954,104.15380186148876,89.15380186148876,6.7642231263650086,15,4.659521847669093,Moto,Foggy,Medium,Urban,False,0,0,0,8510.775177113861,8614.92897897535,Rota_Reduzida,1
pedido_8490.398369857447_1000,130.78239688564798,134.56348114741616,119.56348114741616,6.1211254012196346,5,4.943423510252761,Scooter,Foggy,High,Metropolitian,True,0,1,0,8490.398369857447,8614.961851004862,Aumento_Velocidade,1
pedido_8511.912415775843_1020,128.14768023126308,103.74251881345721,88.74251881345721,5.989102270665559,15,4.733985314262101,Scooter,Sandstorms,Jam,Metropolitian,False,0,1,0,8511.912415775843,8615.6549345893,Aumento_Velocidade,1
pedido_8501.956761644738_1012,133.26001537785646,120.50875119091222,105.50875119091222,4.908024261041518,10,4.901056331341858,Moto,Foggy,High,Metropolitian,False,0,1,0,8501.956761644738,8617.46551283565,Aumento_Velocidade,1
pedido_8509.800130383022_1017,130.6259691696806,113.40737327184533,98.40737327184533,4.309341760759938,10,4.782428550835375,Scooter,Sandstorms,Medium,Urban,False,0,0,0,8509.800130383022,8618.207503654869,Rota_Reduzida,1
pedido_8530.227343486913_1034,114.25968891430934,100.49476914908553,85.49476914908553,21.535155225800118,5,5.0,Scooter,Sunny,Jam,Urban,False,0,1,1,8530.227343486913,8620.722112635998,Aumento_Velocidade,1
pedido_8501.774585245343_1011,132.16322789244947,129.09100012105034,114.09100012105034,0.8977219303879878,5,4.7777181545244405,Moto,Stormy,Medium,Metropolitian,False,0,0,0,8501.774585245343,8620.865585366393,Rota_Reduzida,1
pedido_8447.051231726802_969,187.13197790804762,175.07034090878233,160.07034090878233,12.505441739064107,15,4.339214936664975,Scooter,Stormy,High,Metropolitian,False,0,1,0,8447.051231726802,8622.121572635584,Aumento_Velocidade,0
pedido_8532.985660842929_1038,99.14908689083734,89.33253934114373,74.33253934114373,1.6293145724803613,15,4.651864276777201,Moto,Sunny,Jam,Metropolitian,False,0,1,1,8532.985660842929,8622.318200184072,Aumento_Velocidade,1
pedido_8495.196823764893_1005,129.80076789972475,137.50862842026038,122.50862842026038,6.090587531255586,5,4.813043113856798,Moto,Foggy,Jam,Metropolitian,False,0,1,0,8495.196823764893,8622.705452185153,Aumento_Velocidade,0
pedido_8482.979645398224_994,141.9308575198485,149.99257592208747,134.99257592208747,16.169413040978945,5,5.0,Scooter,Sandstorms,Jam,Metropolitian,False,0,1,0,8482.979645398224,8622.972221320311,Aumento_Velocidade,0
pedido_8554.398788362036_1052,95.5788166304276,68.63367292948949,53.63367292948949,7.372067244465784,15,4.57342216015845,Moto,Sunny,High,Metropolitian,False,0,1,1,8554.398788362036,8623.032461291525,Aumento_Velocidade,1
pedido_8545.06808085099_1046,94.87554004418845,78.29734575564387,63.297345755643875,1.6697041729046673,15,4.882660903516437,Moto,Sunny,High,Urban,False,0,1,1,8545.06808085099,8623.365426606633,Aumento_Velocidade,1
pedido_8495.389669241968_1006,140.6032133489843,139.18769114099192,124.18769114099192,12.049518565228645,5,5.0,Scooter,Windy,Jam,Urban,False,0,1,0,8495.389669241968,8624.57736038296,Aumento_Velocidade,0
pedido_8519.82517300592_1026,133.34913206797495,117.4074719698252,102.4074719698252,14.670538881665253,5,4.825601724784705,Moto,Windy,High,Metropolitian,False,0,1,0,8519.82517300592,8627.232644975746,Aumento_Velocidade,1
pedido_8457.688131320341_977,194.93469236119287,170.6945028981806,155.6945028981806,11.532078039170585,15,4.376494091451232,Scooter,Sandstorms,Jam,Urban,False,0,1,0,8457.688131320341,8628.382634218522,Aumento_Velocidade,0
pedido_8524.29328368302_1030,133.54052809759443,111.46758711206512,96.46758711206512,8.716366840634176,10,4.720023250366455,Scooter,Foggy,High,Metropolitian,False,0,1,0,8524.29328368302,8630.760870795086,Aumento_Velocidade,1
pedido_8476.2467940955_992,185.671043756622,166.25966874642486,151.25966874642486,12.70609061375714,5,4.37258751157636,Moto,Sandstorms,High,Metropolitian,True,0,1,0,8476.2467940955,8632.506462841924,Aumento_Velocidade,0
pedido_8510.40041552126_1018,131.1988685981925,122.87988366580254,107.87988366580254,5.847540423526785,15,4.476610955704546,Scooter,Foggy,High,Metropolitian,True,0,1,0,8510.40041552126,8633.280299187063,Aumento_Velocidade,1
pedido_8502.739120052807_1013,133.8468207273119,135.60262234584332,120.60262234584332,12.534951714724865,10,4.599819229841579,Moto,Windy,Medium,Urban,False,0,0,0,8502.739120052807,8633.34174239865,Rota_Reduzida,0
pedido_8517.013143551354_1023,129.74008673834228,123.43857642815078,108.43857642815078,7.005531984068703,10,4.677900775378091,Moto,Stormy,High,Metropolitian,False,0,1,0,8517.013143551354,8635.451719979505,Aumento_Velocidade,1
pedido_8546.595794835755_1050,101.13833093960928,98.85600363501969,83.85600363501969,10.249118389071509,5,4.676589549285488,Scooter,Sunny,High,Metropolitian,False,0,1,1,8546.595794835755,8635.451798470775,Aumento_Velocidade,1
pedido_8505.748815825338_1015,132.42513741150682,130.56045198100725,115.56045198100725,6.443169018685733,15,4.625670321907944,Moto,Sandstorms,High,Metropolitian,False,0,1,0,8505.748815825338,8636.309267806346,Aumento_Velocidade,1
pedido_8530.74706150767_1036,103.81985237156267,116.01911503588397,101.01911503588397,15.492878017723703,5,4.8373554191799455,Moto,Sunny,High,Metropolitian,True,0,1,1,8530.74706150767,8636.766176543555,Aumento_Velocidade,1
pedido_8530.900660085666_1037,128.77170585534827,113.87909576382397,98.87909576382397,2.99522470112996,10,4.566811610465627,Moto,Windy,High,Metropolitian,True,0,1,0,8530.900660085666,8639.779755849491,Aumento_Velocidade,1
pedido_8522.420437707397_1027,129.9684466239904,117.36679108878022,102.36679108878022,8.252847495984353,15,4.663154494469397,Moto,Stormy,High,Metropolitian,False,0,1,0,8522.420437707397,8639.787228796176,Aumento_Velocidade,1
pedido_8523.862512060849_1029,134.21504553323146,126.82543999790693,111.82543999790693,14.70257752740145,5,4.884410254404554,Scooter,Sandstorms,High,Metropolitian,False,0,1,0,8523.862512060849,8640.687952058755,Aumento_Velocidade,1
pedido_8515.538126926978_1021,135.67093191227573,138.66711668495304,123.66711668495304,21.656364697299367,5,4.701888348866401,Moto,Windy,High,Metropolitian,False,0,1,0,8515.538126926978,8644.205243611932,Aumento_Velocidade,0
pedido_8565.03466148323_1061,101.5504019513675,66.29960889186081,66.29960889186081,9.740450881455867,15,4.720484431177592,Scooter,Windy,Low,Metropolitian,True,0,0,0,8565.03466148323,8646.334270375091,Nenhuma,1
pedido_8529.50936671765_1033,127.68784875238822,112.66666584365844,112.66666584365844,6.864999680103104,5,4.623468187359873,Van,Stormy,Jam,Metropolitian,False,0,1,0,8529.50936671765,8647.176032561309,Nenhuma,1
pedido_8533.792166110603_1040,132.5995064518903,113.40150323410884,98.40150323410884,15.034533484697565,15,4.9904733794779785,Scooter,Stormy,High,Metropolitian,False,0,1,0,8533.792166110603,8647.193669344711,Aumento_Velocidade,1
pedido_8519.69008467048_1025,136.37695337191965,127.65695854986558,112.65695854986558,15.933039959727326,15,4.469528279838129,Scooter,Sandstorms,Medium,Metropolitian,False,0,0,0,8519.69008467048,8647.347043220345,Rota_Reduzida,1
pedido_8541.124582268198_1042,129.53437825119704,118.29298553095796,103.29298553095796,9.477177701318958,5,4.8814009127324365,Moto,Foggy,Jam,Metropolitian,False,0,1,0,8541.124582268198,8649.417567799155,Aumento_Velocidade,1
pedido_8495.791448767977_1007,174.37299506353975,153.73851036413947,138.73851036413947,5.359075779805166,15,4.4106686463149956,Scooter,Windy,High,Metropolitian,False,0,1,0,8495.791448767977,8649.529959132116,Aumento_Velocidade,0
pedido_8533.17243288582_1039,130.11654310700618,121.41691015206183,106.41691015206183,3.6228074856405033,10,4.79140374934541,Scooter,Sandstorms,High,Metropolitian,True,0,1,0,8533.17243288582,8649.589343037882,Aumento_Velocidade,1
pedido_8465.081518734654_981,199.37106654139515,197.6016720254401,182.6016720254401,13.421862384966083,5,4.334535874595042,Moto,Stormy,Jam,Metropolitian,False,0,1,0,8465.081518734654,8652.683190760094,Aumento_Velocidade,0
pedido_8576.115575375114_1069,101.29554141607021,88.97673531500274,73.97673531500274,15.406502949212156,5,4.908833044613147,Moto,Sunny,High,Metropolitian,False,0,1,1,8576.115575375114,8655.092310690115,Aumento_Velocidade,1
pedido_8571.396664545375_1065,98.09455266861596,85.96820878746588,70.96820878746588,4.896781412955141,15,4.711123135250581,Scooter,Sunny,High,Metropolitian,False,0,1,1,8571.396664545375,8657.364873332841,Aumento_Velocidade,1
pedido_8544.13191304514_1045,112.3442031211226,109.31615716022235,109.31615716022235,12.733882235917505,5,4.506259813325898,Scooter,Foggy,Low,Metropolitian,False,0,0,0,8544.13191304514,8658.448070205362,Nenhuma,1
pedido_8545.592331052103_1048,130.45757925805412,124.01321302619277,109.01321302619277,5.7796368558684055,5,4.9102709926238095,Moto,Sandstorms,Jam,Metropolitian,True,0,1,0,8545.592331052103,8659.605544078297,Aumento_Velocidade,1
pedido_8530.392242294352_1035,137.44412797695858,134.3161686291694,119.3161686291694,13.949620987150038,10,5.0,Moto,Sandstorms,Medium,Metropolitian,False,0,0,0,8530.392242294352,8659.708410923522,Rota_Reduzida,1
pedido_8472.875115540486_987,202.10644382371567,192.0456084958231,177.0456084958231,13.627468472075124,10,4.392298438624947,Scooter,Foggy,Jam,Metropolitian,False,0,1,0,8472.875115540486,8659.920724036308,Aumento_Velocidade,0
pedido_8577.132568335577_1071,99.27905819169862,88.27471834837604,73.27471834837604,6.902847555932282,10,4.805935703862449,Scooter,Sunny,Jam,Urban,False,0,1,1,8577.132568335577,8660.407286683952,Aumento_Velocidade,1
pedido_8545.542393564523_1047,137.27987733431817,124.87015190703238,109.87015190703238,24.515873281643717,5,4.591402468638217,Scooter,Sandstorms,High,Metropolitian,False,0,1,0,8545.542393564523,8660.412545471556,Aumento_Velocidade,1
pedido_8542.99384872146_1044,102.75195010072962,107.78198319398119,107.78198319398119,3.0787006520512277,10,4.721178865082577,Moto,Stormy,Low,Metropolitian,False,0,0,0,8542.99384872146,8660.775831915442,Nenhuma,1
pedido_8526.737225111749_1032,134.91971951552105,141.07358256666504,126.07358256666504,12.115920901350858,10,4.515577095159944,Scooter,Sandstorms,High,Metropolitian,False,0,1,0,8526.737225111749,8662.810807678414,Aumento_Velocidade,0
pedido_8493.477977396155_1003,194.79623599243118,182.27907154593694,167.27907154593694,10.499329688545966,5,4.432073362445207,Moto,Windy,Jam,Urban,True,0,1,0,8493.477977396155,8665.757048942092,Aumento_Velocidade,0
pedido_8582.674180561044_1075,100.73414829339406,73.1145237817276,73.1145237817276,4.990567151394777,10,4.677690302242755,Moto,Foggy,Low,Urban,True,0,0,0,8582.674180561044,8665.78870434277,Nenhuma,1
pedido_8546.38505172212_1049,131.44586427633337,127.84596041726002,112.84596041726002,8.353928917035713,10,4.484291586506376,Scooter,Sandstorms,High,Metropolitian,False,0,1,0,8546.38505172212,8669.23101213938,Aumento_Velocidade,1
pedido_8572.52237278308_1066,135.09796174715842,97.16959074525386,82.16959074525386,17.72323859769689,15,4.844084021960243,Moto,Sandstorms,High,Urban,True,0,1,0,8572.52237278308,8669.691963528334,Aumento_Velocidade,1
pedido_8469.413501815054_984,185.932040301657,190.46146932478482,190.46146932478482,11.26809406322619,10,4.300191076376843,Van,Windy,High,Urban,False,0,1,0,8469.413501815054,8669.874971139838,Nenhuma,0
pedido_8540.680306939064_1041,128.10338629484463,139.33459343794135,124.33459343794135,3.513349734475696,5,4.604582290615819,Moto,Stormy,High,Metropolitian,False,0,1,0,8540.680306939064,8670.014900377006,Aumento_Velocidade,0
pedido_8493.139154781125_1002,177.86948640883256,186.9785384933437,171.9785384933437,3.170692586110902,5,4.34437701705504,Scooter,Foggy,High,Metropolitian,False,0,1,0,8493.139154781125,8670.11769327447,Aumento_Velocidade,0
pedido_8548.152681854555_1051,125.56258426440225,107.52785088765303,107.52785088765303,7.906729092905959,15,4.619551572617003,Van,Foggy,Medium,Metropolitian,False,0,0,0,8548.152681854555,8670.680532742208,Nenhuma,1
pedido_8508.087468065889_1016,178.82001226131902,165.6361868258708,150.6361868258708,13.60370180502973,15,4.317652140431173,Moto,Sunny,High,Metropolitian,True,0,1,1,8508.087468065889,8673.723654891759,Aumento_Velocidade,0
pedido_8583.229603212574_1077,122.90378204936233,106.69586968977177,86.69586968977177,6.778651825126765,5,4.506415242197464,Moto,Windy,Jam,Other,False,0,1,0,8583.229603212574,8674.925472902345,Rota_Reduzida,1
pedido_8557.231835478653_1055,128.79852146034818,130.52808566434024,115.52808566434024,8.015409143295415,5,4.809376069897986,Moto,Stormy,High,Metropolitian,False,0,1,0,8557.231835478653,8677.759921142993,Aumento_Velocidade,1
pedido_8566.227018926189_1062,131.12838824330493,123.30491432450134,108.30491432450134,9.026573395581213,5,4.723979749811503,Moto,Sandstorms,High,Metropolitian,True,0,1,0,8566.227018926189,8679.53193325069,Aumento_Velocidade,1
pedido_8557.263503109842_1056,129.7547289384046,134.71589518634002,119.71589518634002,8.696247664957776,5,4.561800111238154,Moto,Stormy,High,Urban,False,0,1,0,8557.263503109842,8681.979398296182,Aumento_Velocidade,1
pedido_8573.153075835196_1067,133.92299353077976,116.17324087197248,101.17324087197248,17.260432630997872,10,4.742334840495507,Moto,Windy,High,Metropolitian,False,0,1,0,8573.153075835196,8684.32631670717,Aumento_Velocidade,1
pedido_8525.924446864625_1031,159.31566170765595,150.32457108057957,150.32457108057957,16.856472014880442,10,4.404339300224149,Moto,Stormy,Low,Metropolitian,False,0,0,0,8525.924446864625,8686.249017945205,Nenhuma,0
pedido_8559.412404016253_1057,134.69845625663322,132.02672088325014,117.02672088325014,7.271068583578038,10,4.724211147210086,Moto,Sandstorms,Medium,Metropolitian,False,0,0,0,8559.412404016253,8686.439124899503,Rota_Reduzida,1
pedido_8541.79190854185_1043,141.32008033116873,146.16060079890894,131.16060079890894,15.136997663358143,15,4.745030606895564,Moto,Foggy,High,Metropolitian,False,0,1,0,8541.79190854185,8687.95250934076,Aumento_Velocidade,0
pedido_8661.462800454887_14,38.835502518774014,15.606093774269596,15.606093774269596,15.179982419038907,15,4.825787016301748,Scooter,Sunny,Medium,Metropolitian,False,1,0,1,8661.462800454887,8692.068894229156,Nenhuma,1
pedido_8576.616909780092_1070,137.86059583502671,122.15299581446178,107.15299581446178,5.590001809746016,10,4.750039139172565,Moto,Sandstorms,Medium,Metropolitian,True,0,0,0,8576.616909780092,8693.769905594554,Rota_Reduzida,1
pedido_8567.748765391992_1063,135.13543007186007,136.04432540588556,121.04432540588556,25.643615899840505,5,4.594275472627721,Moto,Windy,High,Metropolitian,False,0,1,0,8567.748765391992,8693.793090797879,Aumento_Velocidade,0
pedido_8517.476064811273_1024,175.92703311888044,168.22021304256978,168.22021304256978,3.1767797104629545,10,4.412459342105063,Van,Sandstorms,High,Metropolitian,True,0,1,0,8517.476064811273,8695.696277853844,Nenhuma,0
pedido_8581.629500908488_1073,128.36590967688883,126.08125940019832,106.08125940019832,20.451766595759214,10,4.719788389721629,Scooter,Sandstorms,High,Other,True,0,1,0,8581.629500908488,8697.710760308686,Rota_Reduzida,1
pedido_8645.646975252941_3,44.75795470432944,45.72084176250847,45.72084176250847,3.6174915771319522,10,5.0,Van,Sandstorms,High,Urban,False,1,1,0,8645.646975252941,8701.367817015449,Nenhuma,1
pedido_8570.303223968109_1064,150.43756798365342,141.88221548315852,126.88221548315852,12.608656346678252,5,4.794317676472432,Scooter,Foggy,Jam,Urban,False,0,1,0,8570.303223968109,8702.185439451267,Aumento_Velocidade,0
pedido_8575.398987095858_1068,131.31007929737657,122.06969584293552,122.06969584293552,8.560680183526667,5,4.840958373543382,Van,Sandstorms,High,Urban,False,0,1,0,8575.398987095858,8702.468682938794,Nenhuma,0
pedido_8516.432393010835_1022,193.49918788387555,194.92182882949797,179.92182882949797,10.269331740021734,10,4.449421629186407,Moto,Foggy,Jam,Metropolitian,True,0,1,0,8516.432393010835,8706.354221840333,Aumento_Velocidade,0
pedido_8584.47398833017_1078,152.24312390022155,143.6269644038065,128.6269644038065,18.146494602547577,5,4.8055361993700325,Moto,Foggy,Jam,Metropolitian,True,0,1,0,8584.47398833017,8718.100952733976,Aumento_Velocidade,0
pedido_8556.50827204322_1054,185.37722324100773,148.20454315893284,148.20454315893284,23.0762393235783,15,4.205234592465631,Van,Sandstorms,High,Metropolitian,False,0,1,0,8556.50827204322,8719.712815202152,Nenhuma,0
pedido_8581.674589463857_1074,141.9308575198485,138.74031832063307,123.74031832063307,15.345284718126504,15,5.0,Moto,Sandstorms,Jam,Metropolitian,False,0,1,0,8581.674589463857,8720.41490778449,Aumento_Velocidade,0
pedido_8554.597576577802_1053,188.82347644981542,175.8283218039108,160.8283218039108,16.446277285089074,15,4.239506082004377,Scooter,Foggy,High,Urban,True,0,1,0,8554.597576577802,8730.425898381713,Aumento_Velocidade,0
pedido_8583.138938554624_1076,175.15367917018912,150.60166524758097,135.60166524758097,6.251400580280284,15,4.362954594812784,Scooter,Windy,High,Metropolitian,False,0,1,0,8583.138938554624,8733.740603802205,Aumento_Velocidade,0
pedido_8647.070031435536_4,102.97077709614244,96.98812565204199,81.98812565204199,17.344032301250362,15,4.770078573538193,Moto,Sunny,High,Metropolitian,False,0,1,1,8647.070031435536,8744.058157087578,Aumento_Velocidade,1
pedido_8666.113519079005_17,99.27905819169862,86.94438578409684,71.94438578409684,6.240743989951477,10,4.83833922241935,Scooter,Sunny,Jam,Metropolitian,False,0,1,1,8666.113519079005,8748.0579048631,Aumento_Velocidade,1
pedido_8560.48596102824_1058,187.23216102948948,192.6573874433236,177.6573874433236,14.658094362322101,10,4.233500559112535,Scooter,Stormy,High,Urban,False,0,1,0,8560.48596102824,8748.143348471564,Aumento_Velocidade,0
pedido_8577.908933429284_1072,180.66220984879598,176.69324105539425,161.69324105539425,16.042361952480924,10,4.1456300890837525,Moto,Sunny,High,Metropolitian,False,0,1,1,8577.908933429284,8749.602174484678,Aumento_Velocidade,0
pedido_8564.706736984503_1060,195.22426272110334,187.7955953918977,172.7955953918977,3.704417023984527,15,4.301074454346315,Scooter,Sunny,High,Metropolitian,True,0,1,1,8564.706736984503,8752.5023323764,Aumento_Velocidade,0
pedido_8669.639682737446_19,99.12969740049589,70.81555140054888,70.81555140054888,2.4038343873161807,15,4.640467642009007,Scooter,Windy,Low,Metropolitian,False,0,0,0,8669.639682737446,8755.455234137995,Nenhuma,1
pedido_8655.384071207503_10,105.64586174342108,93.75907347054506,93.75907347054506,19.800666994798604,10,4.717476161405219,Van,Sunny,High,Metropolitian,True,0,1,1,8655.384071207503,8759.143144678048,Nenhuma,1
pedido_8647.463760857427_5,132.7188141468427,125.21977422762237,110.21977422762237,7.513776025496933,5,4.757841312391316,Moto,Foggy,High,Metropolitian,False,0,1,0,8647.463760857427,8762.683535085049,Aumento_Velocidade,1
pedido_8674.898248881971_21,106.04986153194727,82.18393050569071,82.18393050569071,11.487495623934386,10,4.614025693709214,Van,Sunny,Medium,Urban,True,0,0,1,8674.898248881971,8767.082179387662,Nenhuma,1
pedido_8726.997818318416_47,52.39894754137136,26.575903548406423,26.575903548406423,3.7673892772027715,15,4.820829116466494,Scooter,Sandstorms,Medium,Metropolitian,False,1,0,0,8726.997818318416,8768.573721866822,Nenhuma,1
pedido_8656.318214297406_11,131.30903277223456,115.08468587326934,100.08468587326934,8.458964274627458,15,4.724467315305756,Moto,Windy,Jam,Metropolitian,True,0,1,0,8656.318214297406,8771.402900170675,Aumento_Velocidade,1
pedido_8651.197252161257_9,142.69880885257305,111.47970480205149,111.47970480205149,14.28105233769025,10,4.655617749017613,Van,Foggy,Medium,Urban,False,0,0,0,8651.197252161257,8772.676956963309,Nenhuma,1
pedido_8643.902373898105_2,135.0095698822,129.59672853164412,129.59672853164412,12.942435982608949,5,4.970646822708448,Van,Sandstorms,High,Urban,False,0,1,0,8643.902373898105,8778.499102429749,Nenhuma,0
pedido_8647.50364592797_6,132.8083525729057,136.49815115473817,121.49815115473817,7.390099938154748,10,4.718602812932435,Moto,Foggy,High,Metropolitian,False,0,1,0,8647.50364592797,8779.001797082708,Aumento_Velocidade,0
pedido_8661.497709286868_15,132.27652465985173,130.97683460023148,115.97683460023148,8.356634690088264,10,4.660721431989399,Scooter,Stormy,Medium,Semi-Urban,False,0,0,0,8661.497709286868,8787.4745438871,Rota_Reduzida,1
pedido_8659.727375361901_12,140.87408145719994,137.84526527895616,122.84526527895616,11.602405883350436,5,4.6758025069606335,Scooter,Sandstorms,Jam,Metropolitian,False,0,1,0,8659.727375361901,8787.572640640858,Aumento_Velocidade,0
pedido_8672.983503315429_20,131.7025454518257,128.4666378557484,113.46663785574839,0.38595917495167686,5,4.792700832842072,Moto,Windy,High,Metropolitian,False,0,1,0,8672.983503315429,8791.450141171177,Aumento_Velocidade,1
pedido_8718.740630782955_41,95.26763965649413,72.86269709983088,57.86269709983088,6.708068295578098,15,4.699580097161139,Moto,Sunny,Medium,Urban,False,0,0,1,8718.740630782955,8791.603327882785,Rota_Reduzida,1
pedido_8669.361912001297_18,136.4450243544257,133.76457408706491,118.76457408706491,9.929088297502375,5,4.86226123117108,Moto,Foggy,High,Metropolitian,False,0,1,0,8669.361912001297,8793.126486088362,Aumento_Velocidade,1
pedido_8651.09246376148_8,135.0239089997708,153.17978330452817,138.17978330452817,10.823568761821392,5,5.0,Scooter,Sandstorms,High,Metropolitian,True,0,1,0,8651.09246376148,8794.272247066008,Aumento_Velocidade,0
pedido_8664.435368486733_16,137.0562120298999,137.89067590974642,122.89067590974642,6.491298416564673,10,5.0,Scooter,Windy,Medium,Metropolitian,False,0,0,0,8664.435368486733,8797.32604439648,Rota_Reduzida,0
pedido_8707.16497441973_34,127.0044567968632,101.86576601274658,86.86576601274658,2.7953089842697887,5,4.897744547209546,Moto,Windy,Jam,Metropolitian,False,0,1,0,8707.16497441973,8799.030740432476,Aumento_Velocidade,1
pedido_8682.147247552904_23,133.79506586975825,121.21344990514507,106.21344990514507,13.129135157591364,15,4.665161326897404,Scooter,Stormy,Medium,Metropolitian,False,0,0,0,8682.147247552904,8803.360697458049,Rota_Reduzida,1
pedido_8719.374125686847_42,100.08347468573285,95.0712942673076,80.0712942673076,1.2169240623756599,5,4.5073745390457525,Moto,Sunny,High,Metropolitian,False,0,1,1,8719.374125686847,8804.445419954154,Aumento_Velocidade,1
pedido_8780.173941855504_84,41.16787920216338,16.33982894204034,16.33982894204034,8.705384893437877,10,4.681727147171991,Moto,Sunny,High,Metropolitian,True,1,1,1,8780.173941855504,8806.513770797545,Nenhuma,1
pedido_8660.602788333412_13,140.0414624624165,144.57386077964108,144.57386077964108,15.0227876175803,5,4.656697179865262,Van,Sandstorms,Jam,Metropolitian,False,0,1,0,8660.602788333412,8810.176649113053,Nenhuma,0
pedido_8696.618114634519_26,134.48826071851167,113.99435885842757,98.99435885842757,10.671357631183849,15,4.740306729705859,Scooter,Stormy,Medium,Metropolitian,False,0,0,0,8696.618114634519,8810.612473492947,Rota_Reduzida,1
pedido_8640.83659038141_0,187.70909660349648,176.76174071556795,161.76174071556795,16.41399833652341,10,4.095107723830675,Scooter,Foggy,Medium,Metropolitian,True,0,0,0,8640.83659038141,8812.598331096979,Rota_Reduzida,0
pedido_8692.608049859404_24,130.08161788253125,105.70942941491035,105.70942941491035,0.2588522889766738,15,5.0,Van,Windy,Jam,Metropolitian,False,0,1,0,8692.608049859404,8813.317479274314,Nenhuma,1
pedido_8697.143840669223_27,140.78478725223863,117.29550914196253,102.29550914196253,11.884724457007923,15,4.938065894500462,Scooter,Sandstorms,Jam,Metropolitian,False,0,1,0,8697.143840669223,8814.439349811186,Aumento_Velocidade,1
pedido_8715.883950050407_39,103.1924625520193,89.38110614117173,89.38110614117173,14.382122383601551,10,4.9022348939921905,Scooter,Windy,Low,Urban,False,0,0,0,8715.883950050407,8815.26505619158,Nenhuma,1
pedido_8706.572785247145_33,141.24583645076387,119.1325866077988,104.1325866077988,10.591519239445372,5,5.0,Moto,Sandstorms,Jam,Urban,False,0,1,0,8706.572785247145,8815.705371854943,Aumento_Velocidade,1
pedido_8721.989775075866_44,98.97229356687076,101.73996105358324,86.73996105358324,1.007086691070417,10,4.755745297897071,Scooter,Sunny,High,Metropolitian,True,0,1,1,8721.989775075866,8818.72973612945,Aumento_Velocidade,1
pedido_8732.642791144719_53,134.40590749942737,91.4372083073186,76.4372083073186,17.66731780233544,10,4.926304052006802,Moto,Stormy,Jam,Urban,False,0,1,0,8732.642791144719,8819.079999452038,Aumento_Velocidade,1
pedido_8701.084136775788_31,128.7909323651494,126.05123104530713,111.05123104530713,9.702903506111763,10,4.623479912395517,Moto,Foggy,Medium,Metropolitian,False,0,0,0,8701.084136775788,8822.135367821094,Rota_Reduzida,1
pedido_8695.752753228415_25,133.4970198385849,132.66790401225194,117.66790401225194,12.510509390816953,15,4.588093433038132,Moto,Windy,High,Urban,False,0,1,0,8695.752753228415,8828.420657240667,Aumento_Velocidade,1
pedido_8728.817907242188_51,128.53879175017417,104.6308014760956,89.6308014760956,6.777447039493753,10,4.648335979612764,Moto,Windy,Jam,Metropolitian,False,0,1,0,8728.817907242188,8828.448708718284,Aumento_Velocidade,1
pedido_8711.467352249412_36,133.17641874363258,122.50713913974562,107.50713913974562,14.365678924902145,10,4.666811452063513,Moto,Stormy,Jam,Metropolitian,False,0,1,0,8711.467352249412,8828.974491389157,Aumento_Velocidade,1
pedido_8715.141958706925_37,106.03341006497183,111.30534493488156,111.30534493488156,18.178736004164083,5,4.802910216834379,Scooter,Windy,Low,Metropolitian,True,0,0,0,8715.141958706925,8831.447303641806,Nenhuma,1
pedido_8719.848860312866_43,135.17825152987615,111.91746366020794,96.91746366020794,3.349869946952186,15,4.9222915450528895,Scooter,Windy,Medium,Metropolitian,True,0,0,0,8719.848860312866,8831.766323973074,Rota_Reduzida,1
pedido_8698.697608024482_28,131.7515131589048,138.24702097728354,123.24702097728354,0.40376693935553387,10,4.682616293958805,Moto,Sandstorms,High,Metropolitian,False,0,1,0,8698.697608024482,8831.944629001766,Aumento_Velocidade,0
pedido_8703.607395028273_32,132.7887020915731,133.49060391534303,118.49060391534303,20.448191822187034,10,4.877276275401176,Moto,Stormy,High,Metropolitian,False,0,1,0,8703.607395028273,8832.097998943616,Aumento_Velocidade,1
pedido_8757.546094925221_64,97.49009431361574,84.77525631507132,69.77525631507132,4.318742193476,5,4.734069176869879,Moto,Sunny,High,Metropolitian,False,0,1,1,8757.546094925221,8832.321351240293,Aumento_Velocidade,1
pedido_8699.208485687857_29,176.06109473653393,133.22474981575596,118.22474981575596,2.4821634972735658,15,4.372252060187077,Moto,Sandstorms,High,Urban,False,0,1,0,8699.208485687857,8832.433235503613,Aumento_Velocidade,1
pedido_8743.038035512736_55,122.5231513988856,95.20716240404555,80.20716240404555,0.22979983251832614,10,4.7795924848166855,Moto,Stormy,Jam,Metropolitian,False,0,1,0,8743.038035512736,8833.245197916782,Aumento_Velocidade,1
pedido_8728.712610063949_50,131.16424252679963,110.27514027011847,95.27514027011847,8.853514261333611,10,4.679645659226511,Moto,Sandstorms,High,Metropolitian,False,0,1,0,8728.712610063949,8833.987750334067,Aumento_Velocidade,1
pedido_8727.85078778473_48,126.967378790572,114.05119922181893,99.05119922181893,0.21663294536313327,10,4.6696769252088846,Scooter,Foggy,Jam,Metropolitian,False,0,1,0,8727.85078778473,8836.90198700655,Aumento_Velocidade,1
pedido_8729.846299775514_52,125.7131125579941,109.66760658021403,94.66760658021403,7.411612977493846,15,4.774224983430791,Moto,Foggy,Medium,Metropolitian,False,0,0,0,8729.846299775514,8839.513906355729,Rota_Reduzida,1
pedido_8649.948756720547_7,186.08615434524913,189.91565033944295,174.91565033944295,15.027513898916695,15,4.3990425148740915,Moto,Windy,High,Urban,False,0,1,0,8649.948756720547,8839.86440705999,Aumento_Velocidade,0
pedido_8642.302321762232_1,168.6582339729559,192.73083644230087,192.73083644230087,17.624871429331115,5,4.344082896716418,Scooter,Sunny,Low,Metropolitian,False,0,0,1,8642.302321762232,8840.033158204533,Nenhuma,0
pedido_8723.609478541375_45,132.21454831039696,119.21650161555087,104.21650161555087,17.739592714079524,15,4.5729740171856275,Moto,Stormy,High,Urban,True,0,1,0,8723.609478541375,8842.825980156926,Aumento_Velocidade,1
pedido_8717.594611124532_40,138.25438508776574,125.38209276894605,110.38209276894605,14.867186629462152,15,4.90868264812657,Scooter,Windy,Medium,Urban,True,0,0,0,8717.594611124532,8842.976703893479,Rota_Reduzida,1
pedido_8759.851182281696_68,103.5147290404392,96.04399646079384,81.04399646079384,12.183224535377668,5,4.797148956935621,Scooter,Sunny,High,Metropolitian,True,0,1,1,8759.851182281696,8845.89517874249,Aumento_Velocidade,1
pedido_8767.462685469804_73,98.27149952944082,78.73254054302092,63.73254054302092,6.434318436630773,15,4.7577317208735455,Scooter,Sunny,Medium,Metropolitian,True,0,0,1,8767.462685469804,8846.195226012824,Rota_Reduzida,1
pedido_8733.482334647604_54,130.23375860557692,123.37616289399315,108.37616289399315,7.248211840855022,5,4.682245556792936,Scooter,Windy,High,Metropolitian,True,0,1,0,8733.482334647604,8846.858497541598,Aumento_Velocidade,1
pedido_8746.062449720226_56,134.58458749579847,113.11214513278239,98.11214513278239,13.177001680065864,5,4.797028972141668,Scooter,Windy,Medium,Urban,False,0,0,0,8746.062449720226,8849.174594853008,Rota_Reduzida,1
pedido_8715.880499191177_38,133.47114867571312,142.04577895895136,127.04577895895136,14.897715438538597,10,4.738943797293166,Moto,Stormy,Medium,Urban,False,0,0,0,8715.880499191177,8852.926278150127,Rota_Reduzida,0
pedido_8749.922733649402_60,134.0968066339909,108.3216964653619,93.3216964653619,16.59497171633722,10,4.538970890380586,Scooter,Stormy,Medium,Metropolitian,False,0,0,0,8749.922733649402,8853.244430114764,Rota_Reduzida,1
pedido_8801.848598792873_103,43.13372756566848,37.191342450332975,37.191342450332975,5.432655684656,15,4.803905784057773,Scooter,Stormy,High,Metropolitian,False,1,1,0,8801.848598792873,8854.039941243205,Nenhuma,1
pedido_8770.648014359385_75,102.38665475488781,93.7153324694374,78.7153324694374,15.70675665135807,5,4.582536191153855,Moto,Sunny,High,Metropolitian,False,0,1,1,8770.648014359385,8854.363346828823,Aumento_Velocidade,1
pedido_8767.805924672368_74,102.68620219801154,78.55871160558142,78.55871160558142,13.166726961024128,10,4.7768798985669445,Moto,Sandstorms,Low,Urban,False,0,0,0,8767.805924672368,8856.36463627795,Nenhuma,1
pedido_8747.02029320082_57,103.17928586031249,104.92396457424708,104.92396457424708,3.545161845694084,5,4.787355606572423,Moto,Windy,Low,Metropolitian,False,0,0,0,8747.02029320082,8856.944257775067,Nenhuma,1
pedido_8728.04792852003_49,132.1833462383575,137.38688373440613,122.38688373440613,2.242478111087253,10,4.90701593094728,Moto,Sandstorms,High,Metropolitian,False,0,1,0,8728.04792852003,8860.434812254436,Aumento_Velocidade,0
pedido_8776.798296126575_81,101.39871717768304,86.79912735928082,86.79912735928082,3.8597013425200473,5,4.63026321484051,Moto,Sandstorms,Low,Metropolitian,True,0,0,0,8776.798296126575,8868.597423485857,Nenhuma,1
pedido_8758.63609577744_66,131.28338211859287,115.91633080186911,100.91633080186911,0.0,10,4.483555971484049,Moto,Sandstorms,High,Metropolitian,False,0,1,0,8758.63609577744,8869.552426579308,Aumento_Velocidade,1
pedido_8681.761447386987_22,202.79776352319075,197.9254737414982,182.9254737414982,11.707559736008479,5,4.406842668707777,Moto,Foggy,Jam,Urban,False,0,1,0,8681.761447386987,8869.686921128485,Aumento_Velocidade,0
pedido_8710.791849668321_35,132.75485327369265,148.9800919808331,148.9800919808331,4.241305564840341,10,4.797653797663284,Van,Sandstorms,Medium,Metropolitian,True,0,0,0,8710.791849668321,8869.771941649155,Nenhuma,0
pedido_8765.099009950965_70,123.3980388630499,118.04168564969468,103.04168564969468,0.0,5,4.579244282800157,Scooter,Stormy,Jam,Metropolitian,False,0,1,0,8765.099009950965,8873.14069560066,Aumento_Velocidade,1
pedido_8748.272957402676_59,144.14885515081681,131.56676422747813,116.56676422747813,12.04967242866477,10,4.6359979077274645,Moto,Foggy,Medium,Metropolitian,True,0,0,0,8748.272957402676,8874.839721630155,Rota_Reduzida,1
pedido_8756.757888937904_63,134.8819635623919,128.4666178029839,113.4666178029839,15.356002898304858,5,4.69794883651038,Moto,Windy,Medium,Metropolitian,False,0,0,0,8756.757888937904,8875.224506740888,Rota_Reduzida,1
pedido_8771.899277027393_77,131.65650291006946,106.8503952431573,91.8503952431573,6.073068772198898,15,4.523152731441073,Scooter,Sandstorms,High,Metropolitian,False,0,1,0,8771.899277027393,8878.74967227055,Aumento_Velocidade,1
pedido_8700.082138469663_30,177.89042282261767,173.84054544145857,173.84054544145857,4.658717844139148,5,4.427825483499296,Van,Sandstorms,Jam,Urban,False,0,1,0,8700.082138469663,8878.922683911122,Nenhuma,0
pedido_8845.587742075904_125,41.91706400730454,19.529062047895323,19.529062047895323,17.506419411492846,15,4.487842589302367,Moto,Windy,Low,Urban,False,1,0,0,8845.587742075904,8880.1168041238,Nenhuma,1
pedido_8775.592853434755_80,126.77888038741068,104.82801398355619,89.82801398355619,4.148519601637753,15,4.930545749382955,Scooter,Foggy,Jam,Urban,False,0,1,0,8775.592853434755,8880.420867418312,Aumento_Velocidade,1
pedido_8792.494947199531_94,100.08347468573285,80.66487289152678,80.66487289152678,1.2342707924812366,10,4.470845572077636,Van,Sunny,High,Metropolitian,False,0,1,1,8792.494947199531,8883.159820091058,Nenhuma,1
pedido_8760.037610987763_69,134.85640868071445,133.63833833810125,118.63833833810125,12.902389479030054,5,4.67750340633535,Scooter,Sandstorms,High,Urban,False,0,1,0,8760.037610987763,8883.675949325865,Aumento_Velocidade,1
pedido_8759.117721979848_67,136.6452187494612,126.49033837195662,111.49033837195662,2.833220507161491,15,4.9881226442197795,Moto,Sandstorms,High,Urban,False,0,1,0,8759.117721979848,8885.608060351806,Aumento_Velocidade,1
pedido_8857.504003676275_134,40.73831309356861,25.60860247473942,25.60860247473942,15.108406146827496,5,4.95708912003356,Moto,Sunny,Jam,Metropolitian,False,1,1,1,8857.504003676275,8888.112606151015,Nenhuma,1
pedido_8770.657572983806_76,132.75485327369265,124.4738744120589,109.4738744120589,4.049640880557607,10,4.766866539920761,Scooter,Sandstorms,Medium,Metropolitian,True,0,0,0,8770.657572983806,8890.131447395865,Rota_Reduzida,1
pedido_8780.92248097361_85,128.06032010693454,110.0497595005298,95.0497595005298,2.835718943877194,15,5.0,Scooter,Sandstorms,Jam,Metropolitian,False,0,1,0,8780.92248097361,8890.972240474139,Aumento_Velocidade,1
pedido_8755.582359901045_62,120.9091369103579,122.08338085745669,122.08338085745669,12.605525444713845,15,4.702871270979525,Scooter,Sunny,Low,Metropolitian,False,0,0,1,8755.582359901045,8892.665740758503,Nenhuma,0
pedido_8776.978958197878_82,130.73095929840062,126.76028844182585,111.76028844182585,5.38665190483874,5,4.771397416388795,Moto,Windy,Jam,Metropolitian,True,0,1,0,8776.978958197878,8893.739246639705,Aumento_Velocidade,1
pedido_8765.723531254525_71,146.7289253954149,131.0567106631757,116.05671066317569,18.63093515986727,15,4.956917542695818,Scooter,Foggy,Medium,Metropolitian,False,0,0,0,8765.723531254525,8896.7802419177,Rota_Reduzida,1
pedido_8798.42693168511_97,99.99605459652689,85.41361621667839,85.41361621667839,1.7621184545259725,15,4.593162360315846,Scooter,Sandstorms,Low,Urban,False,0,0,0,8798.42693168511,8898.840547901787,Nenhuma,1
pedido_8800.689877237475_101,95.5788166304276,104.70368843566658,89.70368843566658,7.2964432095591985,10,4.563323342034695,Scooter,Sunny,High,Urban,False,0,1,1,8800.689877237475,8900.393565673141,Aumento_Velocidade,1
pedido_8778.147121186807_83,135.917078424303,107.3230948358267,107.3230948358267,4.908483499229834,15,4.852929962032662,Van,Sandstorms,Medium,Metropolitian,False,0,0,0,8778.147121186807,8900.470216022633,Nenhuma,1
pedido_8790.177651717686_90,130.78116501634756,122.10226652877051,107.10226652877051,5.161375276296223,5,4.498056925315369,Scooter,Sandstorms,High,Metropolitian,False,0,1,0,8790.177651717686,8902.279918246457,Aumento_Velocidade,1
pedido_8775.545071442622_79,129.16931638071318,129.23212977323757,114.23212977323757,13.591866498583773,15,4.840051818278966,Scooter,Stormy,High,Metropolitian,False,0,1,0,8775.545071442622,8904.77720121586,Aumento_Velocidade,1
pedido_8797.56537189912_96,127.07662976028395,107.4924293033708,92.4924293033708,4.527507541639762,15,4.5933109407511035,Scooter,Stormy,Jam,Metropolitian,True,0,1,0,8797.56537189912,8905.05780120249,Aumento_Velocidade,1
pedido_8783.810654034198_87,132.4886587340063,131.8932990400745,116.89329904007451,3.8254073383500735,5,4.553076151119042,Scooter,Sandstorms,High,Metropolitian,False,0,1,0,8783.810654034198,8905.703953074273,Aumento_Velocidade,1
pedido_8784.909013246346_89,137.1732497899251,126.06386437008501,111.06386437008501,15.479697621108475,10,5.0,Scooter,Windy,High,Urban,False,0,1,0,8784.909013246346,8905.972877616432,Aumento_Velocidade,1
pedido_8829.732826491825_116,99.3974574175129,81.56589466011742,66.56589466011742,6.207820921654038,10,4.744113865654745,Moto,Sunny,Jam,Metropolitian,False,0,1,1,8829.732826491825,8906.298721151943,Aumento_Velocidade,1
pedido_8792.203515699424_92,134.7974215953007,114.365043688913,99.365043688913,3.1563375742712965,15,4.654096630317009,Moto,Foggy,High,Urban,False,0,1,0,8792.203515699424,8906.568559388337,Aumento_Velocidade,1
pedido_8784.622331288738_88,132.91721203964622,122.94094203395218,107.94094203395218,9.41397786770002,15,4.8044793759978,Scooter,Foggy,High,Metropolitian,False,0,1,0,8784.622331288738,8907.56327332269,Aumento_Velocidade,1
pedido_8820.910662289292_112,103.95852891241313,89.92059317105898,74.92059317105898,16.44576766407644,15,4.7519994943635915,Moto,Sunny,High,Metropolitian,True,0,1,1,8820.910662289292,8910.83125546035,Aumento_Velocidade,1
pedido_8723.640981224009_46,186.41018463331378,172.55662495162167,172.55662495162167,16.913545953957076,15,4.101295408476843,Van,Stormy,High,Metropolitian,False,0,1,0,8723.640981224009,8911.19760617563,Nenhuma,0
pedido_8796.031790440315_95,103.83055706970104,110.79831157539067,110.79831157539067,7.598887329805578,5,4.715320380114283,Moto,Stormy,Low,Metropolitian,False,0,0,0,8796.031790440315,8911.830102015705,Nenhuma,1
pedido_8799.744539748053_99,140.62704366312087,117.5474873995176,102.5474873995176,15.085581224992087,10,4.5542063075846935,Scooter,Sandstorms,Jam,Metropolitian,False,0,1,0,8799.744539748053,8912.29202714757,Aumento_Velocidade,1
pedido_8747.553037047164_58,197.8894420455167,169.88228211748068,154.88228211748068,14.045634071883338,10,4.398540940175167,Moto,Windy,Jam,Urban,False,0,1,0,8747.553037047164,8912.435319164644,Aumento_Velocidade,0
pedido_8820.244508641737_110,103.73672904294055,103.92242999434792,88.92242999434792,13.565503306741164,5,4.859980212330217,Moto,Sunny,High,Urban,True,0,1,1,8820.244508641737,8914.166938636085,Aumento_Velocidade,1
pedido_8862.116389684474_137,64.75418109984405,53.57583084182009,38.57583084182009,3.952153211132612,15,4.353206920247726,Scooter,Foggy,Jam,Urban,True,1,1,0,8862.116389684474,8915.692220526294,Aumento_Velocidade,1
pedido_8765.934564785437_72,173.76727551343984,155.3379990635428,140.3379990635428,8.68093442013691,10,4.249998264100274,Scooter,Foggy,Medium,Metropolitian,False,0,0,0,8765.934564785437,8916.27256384898,Rota_Reduzida,0
pedido_8800.185178841326_100,101.41543619585862,101.27586468734646,101.27586468734646,6.031691917028068,15,4.794082644040964,Scooter,Stormy,Low,Metropolitian,False,0,0,0,8800.185178841326,8916.461043528672,Nenhuma,1
pedido_8791.444002797285_91,141.9308575198485,130.61157468081075,115.61157468081075,15.829711396468628,10,4.961514184530228,Moto,Sandstorms,Jam,Metropolitian,False,0,1,0,8791.444002797285,8917.055577478095,Aumento_Velocidade,1
pedido_8808.986474213894_106,127.74187888600882,120.01016781604343,100.01016781604343,18.389956974443578,10,4.607323597982797,Moto,Sandstorms,High,Other,False,0,1,0,8808.986474213894,8918.996642029937,Rota_Reduzida,1
pedido_8805.162810526672_104,122.05491356938572,125.49460274675812,110.49460274675812,3.4151412264567202,5,4.541560384791229,Scooter,Stormy,Jam,Metropolitian,False,0,1,0,8805.162810526672,8920.65741327343,Aumento_Velocidade,1
pedido_8814.064093869396_108,126.82930615313887,109.86256002985712,94.86256002985712,4.830514840519978,15,4.855818754808527,Moto,Stormy,Jam,Metropolitian,False,0,1,0,8814.064093869396,8923.926653899252,Aumento_Velocidade,1
pedido_8884.969832289644_154,46.20798731671856,29.36460032806233,29.36460032806233,5.747666700321184,10,4.580434144410272,Van,Sandstorms,High,Metropolitian,True,1,1,0,8884.969832289644,8924.334432617707,Nenhuma,1
pedido_8757.73072859538_65,191.77436414783742,179.39990126612952,164.39990126612952,7.707938844049571,5,4.248716304542251,Moto,Sunny,High,Urban,False,0,1,1,8757.73072859538,8927.130629861509,Aumento_Velocidade,0
pedido_8755.117313289058_61,173.72437978283423,169.10827927318851,169.10827927318851,6.067806883842398,5,4.446567235669063,Van,Stormy,High,Urban,True,0,1,0,8755.117313289058,8929.225592562247,Nenhuma,0
pedido_8799.302090686873_98,136.7674758489014,139.55832402457986,124.55832402457986,22.008522064909805,10,4.703740414576338,Scooter,Sandstorms,High,Metropolitian,False,0,1,0,8799.302090686873,8933.860414711453,Aumento_Velocidade,0
pedido_8801.51514514424_102,130.80428664175128,118.0698810134837,118.0698810134837,4.869816134753254,15,4.593432810672677,Van,Windy,High,Metropolitian,False,0,1,0,8801.51514514424,8934.585026157723,Nenhuma,1
pedido_8848.13958926926_129,97.53121830032036,72.21385501372609,72.21385501372609,2.708579428732754,15,4.57098148792389,Moto,Foggy,Low,Metropolitian,False,0,0,0,8848.13958926926,8935.353444282986,Nenhuma,1
pedido_8822.170235181726_113,131.22900238239345,128.60793104159768,108.60793104159768,15.895737879786662,5,5.0,Scooter,Windy,High,Other,False,0,1,0,8822.170235181726,8935.778166223323,Rota_Reduzida,1
pedido_8815.708561020525_109,137.7000708523941,130.56775298320923,115.56775298320923,5.53646425328214,5,4.621118094640526,Moto,Sandstorms,Medium,Metropolitian,True,0,0,0,8815.708561020525,8936.276314003735,Rota_Reduzida,1
pedido_8783.386481185404_86,178.38066560403294,152.93252345234447,137.93252345234447,7.486642416722042,15,4.422139251717292,Moto,Foggy,High,Metropolitian,False,0,1,0,8783.386481185404,8936.319004637748,Aumento_Velocidade,0
pedido_8820.83813608121_111,130.14159717784216,118.85846373569919,103.85846373569919,0.0,15,4.655996514572818,Moto,Sandstorms,Medium,Metropolitian,False,0,0,0,8820.83813608121,8939.69659981691,Rota_Reduzida,1
pedido_8827.57778675757_115,133.51937970148077,122.35980078684614,107.35980078684614,7.781526407879438,5,4.671801893968666,Scooter,Sandstorms,Medium,Metropolitian,False,0,0,0,8827.57778675757,8939.937587544417,Rota_Reduzida,1
pedido_8807.656261352464_105,134.76625585778115,129.3965833439684,129.3965833439684,0.0,5,4.415005874101428,Moto,Foggy,Low,Metropolitian,False,0,0,0,8807.656261352464,8942.052844696433,Nenhuma,0
pedido_8840.118480027195_120,133.65962405425594,111.08018451571743,96.08018451571743,6.876730614733644,10,4.559573377842551,Scooter,Stormy,Medium,Metropolitian,True,0,0,0,8840.118480027195,8946.198664542912,Rota_Reduzida,1
pedido_8847.901218936295_127,131.43805205060914,109.0339032813177,94.0339032813177,7.96911776203455,5,4.701801538566211,Moto,Sandstorms,High,Metropolitian,False,0,1,0,8847.901218936295,8946.935122217612,Aumento_Velocidade,1
pedido_8852.409177963576_133,108.64645039644113,95.69632766336218,80.69632766336218,18.854017453042154,15,4.939518900594774,Moto,Sunny,Jam,Metropolitian,True,0,1,1,8852.409177963576,8948.105505626938,Aumento_Velocidade,1
pedido_8834.135887479388_118,139.33224095092257,124.04627207567503,109.04627207567503,18.267088278468062,10,4.544762534903404,Moto,Stormy,Jam,Metropolitian,False,0,1,0,8834.135887479388,8953.182159555063,Aumento_Velocidade,1
pedido_8811.538251642594_107,151.02971091692942,143.0263397338772,128.0263397338772,15.773529595853704,15,4.617333526779183,Moto,Foggy,Jam,Metropolitian,False,0,1,0,8811.538251642594,8954.564591376471,Aumento_Velocidade,0
pedido_8825.45561642643_114,142.18336710877625,134.72555560492353,119.72555560492353,12.529473179857018,10,5.0,Moto,Foggy,High,Metropolitian,False,0,1,0,8825.45561642643,8955.181172031354,Aumento_Velocidade,1
pedido_8850.693507778895_131,135.3659655411429,109.63829727343652,94.63829727343652,18.156225844346643,10,4.506773408577424,Moto,Windy,Medium,Metropolitian,False,0,0,0,8850.693507778895,8955.331805052332,Rota_Reduzida,1
pedido_8844.035322338714_123,130.96247570073243,117.99310356921868,102.99310356921868,10.471810892901651,10,4.677585414896702,Moto,Stormy,High,Urban,True,0,1,0,8844.035322338714,8957.028425907933,Aumento_Velocidade,1
pedido_8841.561501358989_122,128.79591118080657,115.60244432376385,100.60244432376385,15.526911652078105,15,4.764258800039786,Moto,Stormy,High,Metropolitian,False,0,1,0,8841.561501358989,8957.163945682752,Aumento_Velocidade,1
pedido_8836.640223308968_119,134.58458749579847,132.90065925862797,117.90065925862797,13.251887175135844,5,4.834509021915382,Moto,Windy,Medium,Metropolitian,False,0,0,0,8836.640223308968,8959.540882567597,Rota_Reduzida,1
pedido_8882.908116117542_148,100.09444160993549,88.43926239443913,73.43926239443913,11.628472243668202,5,4.5844784484415575,Moto,Sunny,Medium,Metropolitian,False,0,0,1,8882.908116117542,8961.34737851198,Rota_Reduzida,1
pedido_8862.857968242359_138,97.75913992308796,84.47983435933773,84.47983435933773,0.526583610496064,15,4.811125414659441,Scooter,Sunny,Low,Urban,False,0,0,1,8862.857968242359,8962.337802601696,Nenhuma,1
pedido_8774.39604027785_78,195.3933729250843,188.8603727073025,173.8603727073025,4.571799317379403,15,4.384462843783358,Moto,Sunny,High,Metropolitian,True,0,1,1,8774.39604027785,8963.256412985153,Aumento_Velocidade,0
pedido_8914.99221450853_180,45.50983151488099,43.51746192351813,43.51746192351813,10.39964117731684,5,4.578188879165658,Moto,Windy,High,Urban,False,1,1,0,8914.99221450853,8963.509676432048,Nenhuma,1
pedido_8845.193643189226_124,144.01836532020005,121.52178097839897,106.52178097839897,16.696274307424336,15,4.751584887347838,Moto,Foggy,High,Metropolitian,True,0,1,0,8845.193643189226,8966.715424167625,Aumento_Velocidade,1
pedido_8885.190794965227_155,135.08231148926365,93.46696092182397,78.46696092182397,9.449607581287243,5,4.575601397712338,Scooter,Windy,Medium,Metropolitian,False,0,0,0,8885.190794965227,8968.65775588705,Rota_Reduzida,1
pedido_8792.480125207421_93,185.4344730888647,176.2663970490627,161.2663970490627,16.153668381125776,15,4.284101594926153,Moto,Windy,High,Urban,False,0,1,0,8792.480125207421,8968.746522256484,Aumento_Velocidade,0
pedido_8866.969396017646_139,102.71172308717898,92.9275271264337,92.9275271264337,13.97634784834372,10,4.666353847277917,Moto,Sandstorms,Low,Urban,False,0,0,0,8866.969396017646,8969.89692314408,Nenhuma,1
pedido_8872.660081569065_143,110.05350976389829,102.44827578954155,87.44827578954155,15.991050802361507,10,4.682046112392136,Moto,Sunny,Jam,Metropolitian,False,0,1,1,8872.660081569065,8970.108357358607,Aumento_Velocidade,1
pedido_8860.635630071785_135,130.77464878307057,122.30822756648928,107.30822756648928,5.425769418240551,5,4.653734830309157,Scooter,Windy,High,Urban,False,0,1,0,8860.635630071785,8972.943857638274,Aumento_Velocidade,1
pedido_8848.300823671225_130,129.36101408685738,135.22438249721614,120.22438249721614,15.725785855096671,5,4.7425729243072405,Moto,Stormy,High,Metropolitian,False,0,1,0,8848.300823671225,8973.52520616844,Aumento_Velocidade,0
pedido_8850.931782735022_132,129.53355183756187,136.41378377547792,121.41378377547792,2.8627223197770952,5,4.870935327761938,Scooter,Stormy,High,Urban,True,0,1,0,8850.931782735022,8977.345566510501,Aumento_Velocidade,0
pedido_8883.784080931371_150,105.60849429443455,89.00718511394388,89.00718511394388,14.385249066047944,5,4.611532840866472,Moto,Windy,Low,Metropolitian,True,0,0,0,8883.784080931371,8977.791266045315,Nenhuma,1
pedido_8895.027493025087_162,94.06602588542499,98.78563370943192,78.78563370943192,6.160854127699269,5,4.934164062333166,Moto,Sunny,High,Other,False,0,1,1,8895.027493025087,8978.81312673452,Rota_Reduzida,1
pedido_8841.29915867233_121,133.79104047427344,137.6640724816206,122.6640724816206,5.760991664973374,15,4.755428713469067,Moto,Foggy,High,Metropolitian,False,0,1,0,8841.29915867233,8978.96323115395,Aumento_Velocidade,0
pedido_8833.603338972247_117,159.11329720502593,136.46633633932197,136.46633633932197,13.325791085911584,10,4.43994159031563,Scooter,Stormy,Low,Urban,False,0,0,0,8833.603338972247,8980.06967531157,Nenhuma,0
pedido_8891.311227611697_158,128.12434972935893,91.5621039018524,76.5621039018524,6.723055126078071,15,4.843385583073999,Moto,Windy,Jam,Metropolitian,False,0,1,0,8891.311227611697,8982.873331513549,Aumento_Velocidade,1
pedido_8892.412752086675_159,99.05461737659292,75.57392767794539,75.57392767794539,12.756466193725537,15,4.83299245127404,Van,Sunny,High,Other,False,0,1,1,8892.412752086675,8982.986679764621,Nenhuma,1
pedido_8870.681186473714_142,144.34810614100715,117.59473781072641,102.59473781072641,12.45929728156483,10,4.715374633595197,Moto,Foggy,Medium,Metropolitian,True,0,0,0,8870.681186473714,8983.27592428444,Rota_Reduzida,1
pedido_8845.715941847382_126,150.1587248623217,144.20375277591583,129.20375277591583,18.611675051566404,10,4.862831042871626,Moto,Foggy,Jam,Metropolitian,False,0,1,0,8845.715941847382,8984.919694623299,Aumento_Velocidade,0
pedido_8878.115701374289_146,131.47357163045365,119.7971018926092,104.7971018926092,3.1535321098859748,5,4.803609284235244,Moto,Windy,High,Urban,False,0,1,0,8878.115701374289,8987.912803266898,Aumento_Velocidade,1
pedido_8848.03356598219_128,130.79169243585847,140.19783176237038,125.19783176237038,11.783069178779389,15,4.704655794888145,Scooter,Stormy,High,Urban,False,0,1,0,8848.03356598219,8988.231397744561,Aumento_Velocidade,0
pedido_8878.970778408218_147,132.31440819520418,113.43715600251355,98.43715600251355,7.87486812786604,15,4.63630472203696,Scooter,Stormy,Medium,Urban,False,0,0,0,8878.970778408218,8992.407934410732,Rota_Reduzida,1
pedido_8912.7238247802_178,110.23687298232,85.05619274637526,70.05619274637526,17.03942843256992,10,4.808056498661504,Moto,Sunny,Jam,Metropolitian,True,0,1,1,8912.7238247802,8992.780017526575,Aumento_Velocidade,1
pedido_8883.760664663772_149,136.7674758489014,120.1324489942383,105.1324489942383,22.13844510879016,5,4.688047376027991,Scooter,Sandstorms,High,Metropolitian,False,0,1,0,8883.760664663772,8993.89311365801,Aumento_Velocidade,1
pedido_8899.349904013328_166,102.31730649553023,101.15543438355111,86.15543438355111,16.193171389996465,10,4.607867777387703,Scooter,Sunny,Medium,Urban,False,0,0,1,8899.349904013328,8995.505338396879,Rota_Reduzida,1
pedido_8884.899424725532_153,101.3704741069533,110.9282741834436,110.9282741834436,12.963115603697442,5,4.857231847700094,Scooter,Stormy,Low,Urban,False,0,0,0,8884.899424725532,9000.827698908975,Nenhuma,1
pedido_8870.478516003155_141,135.89905285136985,137.0309057848252,122.0309057848252,8.850012742954616,10,4.613395630211755,Moto,Sandstorms,Medium,Metropolitian,True,0,0,0,8870.478516003155,9002.50942178798,Rota_Reduzida,0
pedido_8972.965444986094_212,44.74286429763166,25.244755811582927,25.244755811582927,4.982299329524691,10,4.78062951949339,Scooter,Sandstorms,Jam,Other,False,1,1,0,8972.965444986094,9008.210200797677,Nenhuma,1
pedido_8889.289081137911_156,132.26490666012583,119.3073152228225,104.3073152228225,9.761597716792716,15,4.652910949296682,Scooter,Sandstorms,High,Metropolitian,False,0,1,0,8889.289081137911,9008.596396360734,Aumento_Velocidade,1
pedido_8895.180883507006_163,141.43956743571613,118.99540236185425,103.99540236185425,12.877767852244762,10,4.772617756121783,Scooter,Foggy,High,Metropolitian,False,0,1,0,8895.180883507006,9009.17628586886,Aumento_Velocidade,1
pedido_8922.789009850234_184,105.84791402917804,96.58144034078092,76.58144034078092,17.527718217902155,10,4.542228137025343,Moto,Sunny,Jam,Other,False,0,1,1,8922.789009850234,9009.370450191014,Rota_Reduzida,1
pedido_8878.055303546971_145,129.74008673834228,131.65671730750034,116.65671730750034,6.661015161255491,15,4.662396308421875,Moto,Stormy,High,Urban,False,0,1,0,8878.055303546971,9009.712020854471,Aumento_Velocidade,1
pedido_8902.52329512922_167,132.73719165433835,112.23018157761354,97.23018157761354,11.429603895389139,10,4.618316705317931,Moto,Windy,High,Urban,False,0,1,0,8902.52329512922,9009.753476706834,Aumento_Velocidade,1
pedido_8861.685194935502_136,144.03279396131643,145.53911887831043,145.53911887831043,15.893623029290014,5,4.491577266956433,Van,Sandstorms,Jam,Metropolitian,False,0,1,0,8861.685194935502,9012.224313813813,Nenhuma,0
pedido_8956.286974274064_204,68.63821009621036,61.17419760358608,46.17419760358608,3.680920734343231,10,4.365410878091003,Moto,Sunny,Jam,Metropolitian,False,1,1,1,8956.286974274064,9012.46117187765,Aumento_Velocidade,1
pedido_8906.298344621977_171,132.35741618573067,112.17316162354547,97.17316162354547,5.2308436070606765,10,4.6449099924107795,Moto,Foggy,High,Metropolitian,True,0,1,0,8906.298344621977,9013.471506245522,Aumento_Velocidade,1
pedido_8922.840310584186_185,102.00793360675439,101.32668053136737,86.32668053136737,11.188611889064282,5,4.913920592482357,Scooter,Sunny,High,Metropolitian,False,0,1,1,8922.840310584186,9014.166991115553,Aumento_Velocidade,1
pedido_8869.490912143152_140,142.47025943631772,144.70952410185487,129.70952410185487,18.545354206023028,15,4.9801421058112085,Moto,Foggy,High,Metropolitian,False,0,1,0,8869.490912143152,9014.200436245006,Aumento_Velocidade,0
pedido_8907.149375792887_173,132.52653517314405,107.92037492294224,92.92037492294224,14.445136571803133,15,4.486426434669706,Moto,Windy,High,Metropolitian,False,0,1,0,8907.149375792887,9015.06975071583,Aumento_Velocidade,1
pedido_8909.160801467824_177,130.6580430495067,117.55680909377581,102.55680909377581,6.984230445582156,5,4.653217541416468,Scooter,Sandstorms,High,Urban,True,0,1,0,8909.160801467824,9016.7176105616,Aumento_Velocidade,1
pedido_8894.792145652658_161,130.19349661771207,133.32205339962894,118.32205339962894,4.99496911141759,5,4.91212138109179,Moto,Foggy,Jam,Metropolitian,True,0,1,0,8894.792145652658,9018.114199052286,Aumento_Velocidade,1
pedido_8896.615669514644_164,131.71483402655042,122.25854597447042,107.25854597447042,2.778728443293947,15,4.563756393914455,Scooter,Sandstorms,Medium,Metropolitian,True,0,0,0,8896.615669514644,9018.874215489113,Rota_Reduzida,1
pedido_8884.55439221808_151,137.27429533255508,144.38189809660358,129.38189809660358,4.625355986024499,5,5.0,Scooter,Sandstorms,High,Metropolitian,False,0,1,0,8884.55439221808,9018.936290314685,Aumento_Velocidade,0
pedido_8921.661136543555_182,102.80552490884357,95.09236790767211,95.09236790767211,9.420344447445178,5,4.507888629547916,Scooter,Foggy,Low,Metropolitian,True,0,0,0,8921.661136543555,9021.753504451226,Nenhuma,1
pedido_8908.184854817513_175,132.9768582819197,115.24741171989984,100.24741171989984,9.40722430397074,15,4.550539303153328,Moto,Foggy,Jam,Urban,True,0,1,0,8908.184854817513,9023.432266537413,Aumento_Velocidade,1
pedido_8898.285903240372_165,134.39833402897818,130.19013946213326,115.19013946213326,14.539244971449593,10,4.5716423680847855,Moto,Windy,Medium,Metropolitian,False,0,0,0,8898.285903240372,9023.476042702505,Rota_Reduzida,1
pedido_8893.80923200875_160,136.5398492498131,136.26076549130136,121.26076549130136,5.324859398678436,10,4.663887948823723,Scooter,Windy,Medium,Metropolitian,False,0,0,0,8893.80923200875,9025.069997500052,Rota_Reduzida,0
pedido_8884.849150707609_152,142.2548310866153,141.42436908031127,126.42436908031127,17.80756182629046,15,4.629230063033909,Moto,Foggy,High,Metropolitian,False,0,1,0,8884.849150707609,9026.27351978792,Aumento_Velocidade,0
pedido_8941.061708756453_194,101.53653060362772,91.11872320161008,76.11872320161008,13.591592092757299,10,4.725572612122658,Moto,Sunny,High,Metropolitian,False,0,1,1,8941.061708756453,9027.180431958064,Aumento_Velocidade,1
pedido_8927.738761583061_188,111.06638387048919,105.17242874261885,90.17242874261885,13.253425036546739,10,4.562065914330965,Moto,Sunny,Jam,Metropolitian,False,0,1,1,8927.738761583061,9027.91119032568,Aumento_Velocidade,1
pedido_8907.219022105966_174,131.8875472649707,121.492973477942,106.492973477942,5.02965787343033,15,4.451834960760146,Scooter,Foggy,High,Urban,False,0,1,0,8907.219022105966,9028.711995583908,Aumento_Velocidade,1
pedido_8919.456638592344_181,129.87556941530346,114.6829732396697,99.6829732396697,13.68093830820547,15,4.568794922096979,Moto,Stormy,High,Metropolitian,False,0,1,0,8919.456638592344,9034.139611832014,Aumento_Velocidade,1
pedido_8903.486019676633_168,142.12282187454412,132.17095606810835,117.17095606810835,12.494163091350837,15,4.6886014949499994,Moto,Foggy,High,Metropolitian,False,0,1,0,8903.486019676633,9035.656975744741,Aumento_Velocidade,1
pedido_8927.47262578809_187,104.51079776886509,119.16547599354637,104.16547599354637,19.787664224453867,5,4.771897051739698,Moto,Sunny,High,Metropolitian,True,0,1,1,8927.47262578809,9036.638101781637,Aumento_Velocidade,1
pedido_8909.07781591135_176,135.33385504438797,138.15501702134867,123.15501702134867,12.80178871546737,5,4.620803585429786,Moto,Sandstorms,High,Metropolitian,False,0,1,0,8909.07781591135,9037.2328329327,Aumento_Velocidade,0
pedido_8935.462712448367_192,128.27832649604173,112.62386580822825,97.62386580822825,1.8597678629384284,5,4.545693533732477,Moto,Windy,High,Metropolitian,False,0,1,0,8935.462712448367,9038.086578256594,Aumento_Velocidade,1
pedido_8979.415651812951_220,58.72229632583227,56.25386270034742,56.25386270034742,10.354614017241104,5,4.401710172750809,Scooter,Sandstorms,High,Metropolitian,False,1,1,0,8979.415651812951,9040.669514513298,Nenhuma,1
pedido_8914.991520919715_179,137.0554511129218,136.0720209238008,121.0720209238008,11.063233372984111,5,4.912817755030306,Moto,Windy,Medium,Metropolitian,True,0,0,0,8914.991520919715,9041.063541843516,Rota_Reduzida,0
pedido_8962.18176152512_205,97.4528861160327,89.24279865817293,74.24279865817293,6.130217061657088,5,4.748444793784002,Moto,Sunny,High,Urban,False,0,1,1,8962.18176152512,9041.424560183294,Aumento_Velocidade,1
pedido_8873.93364510501_144,180.52776095130477,179.2163755721987,164.2163755721987,16.706704791479055,5,4.139624072762861,Moto,Sunny,High,Metropolitian,False,0,1,1,8873.93364510501,9043.150020677209,Aumento_Velocidade,0
pedido_8929.802034218534_190,128.42529832446988,119.62408555828472,104.62408555828472,4.497543180646712,10,4.679303544432957,Moto,Windy,Jam,Metropolitian,False,0,1,0,8929.802034218534,9044.42611977682,Aumento_Velocidade,1
pedido_8976.519442806619_217,99.60257000508872,72.0807180793335,57.080718079333494,0.6046025463467508,15,4.884679729453094,Moto,Sunny,High,Metropolitian,True,0,1,1,8976.519442806619,9048.600160885951,Aumento_Velocidade,1
pedido_8891.22257030388_157,184.55158189368044,162.4724313894655,147.4724313894655,17.83338338351899,10,4.412462360343238,Scooter,Windy,High,Urban,False,0,1,0,8891.22257030388,9048.695001693346,Aumento_Velocidade,0
pedido_8924.652706945843_186,130.86518789594354,135.1201162637666,120.12011626376659,12.117606227232054,5,4.48683492410347,Moto,Stormy,High,Metropolitian,False,0,1,0,8924.652706945843,9049.772823209609,Aumento_Velocidade,0
pedido_8906.998913724383_172,143.53404616530509,129.78222629307137,129.78222629307137,10.78390133864902,15,4.519481034126962,Van,Sandstorms,Jam,Metropolitian,False,0,1,0,8906.998913724383,9051.781140017454,Nenhuma,0
pedido_8922.442018084314_183,135.7975343682578,130.6223955608735,115.62239556087351,14.679206054951226,15,4.847564919587453,Moto,Windy,High,Metropolitian,True,0,1,0,8922.442018084314,9053.064413645187,Aumento_Velocidade,1
pedido_8931.869371686154_191,128.08951904427022,131.24805965286268,116.24805965286268,2.9849892775693068,5,4.639809256905696,Scooter,Stormy,High,Metropolitian,False,0,1,0,8931.869371686154,9053.117431339017,Aumento_Velocidade,1
pedido_8962.88062171777_206,111.96121507963647,101.02125564864104,86.02125564864104,16.751142404767325,5,5.0,Scooter,Sunny,Jam,Metropolitian,False,0,1,1,8962.88062171777,9053.90187736641,Aumento_Velocidade,1
pedido_8948.639892518268_198,135.05009993434138,106.68278472504926,91.68278472504926,15.890795675736719,15,4.96226932485032,Moto,Stormy,Medium,Metropolitian,False,0,0,0,8948.639892518268,9055.322677243317,Rota_Reduzida,1
pedido_8941.858412282663_195,103.83867218428426,113.49007308235983,113.49007308235983,11.630967251843513,5,4.653412366110875,Moto,Stormy,Low,Metropolitian,False,0,0,0,8941.858412282663,9060.348485365022,Nenhuma,1
pedido_8929.619287619586_189,135.1090046509184,116.44598592918265,116.44598592918265,17.25945386533837,15,4.940679647821177,Van,Stormy,Medium,Metropolitian,False,0,0,0,8929.619287619586,9061.065273548767,Nenhuma,1
pedido_8947.29981777213_197,127.74865931486852,127.47206518753936,112.47206518753936,6.6800406768324425,5,4.659763549635578,Moto,Windy,Jam,Metropolitian,False,0,1,0,8947.29981777213,9064.771882959669,Aumento_Velocidade,1
pedido_8941.946919321459_196,124.21802003328814,124.96677532972413,109.96677532972413,3.3079029801836635,15,4.655288274678582,Moto,Foggy,Medium,Urban,True,0,0,0,8941.946919321459,9066.913694651183,Rota_Reduzida,1
pedido_8951.220809832172_201,144.3193226154171,123.43446679889976,108.43446679889976,17.39490114837853,10,4.71229212429969,Moto,Foggy,Medium,Metropolitian,False,0,0,0,8951.220809832172,9069.65527663107,Rota_Reduzida,1
pedido_8954.92079476897_203,132.4207488357601,121.02689708218713,106.02689708218713,2.9145502154873797,10,4.8795064797945304,Moto,Sandstorms,High,Metropolitian,False,0,1,0,8954.92079476897,9070.947691851157,Aumento_Velocidade,1
pedido_8949.841341825464_199,126.80353270585144,128.8126930069673,113.8126930069673,2.4120645305463646,10,4.722511323330966,Scooter,Foggy,Jam,Metropolitian,False,0,1,0,8949.841341825464,9073.65403483243,Aumento_Velocidade,1
pedido_8903.784824082786_169,163.71441387084994,156.4910010063485,156.4910010063485,14.22875862850163,15,4.390452552752258,Moto,Windy,Low,Metropolitian,False,0,0,0,8903.784824082786,9075.275825089135,Nenhuma,0
pedido_8953.076327992027_202,131.26714374550582,134.8102929105309,119.8102929105309,7.947517245237231,5,4.736016480757396,Scooter,Sandstorms,High,Metropolitian,True,0,1,0,8953.076327992027,9077.886620902558,Aumento_Velocidade,1
pedido_8970.24822068043_210,137.8641737331954,113.65997485598353,98.65997485598353,13.5788979272149,10,5.0,Scooter,Windy,High,Metropolitian,False,0,1,0,8970.24822068043,9078.908195536414,Aumento_Velocidade,1
pedido_8998.249238161072_232,102.38665475488781,85.81087855584713,70.81087855584713,14.830877699342743,10,4.612945565308859,Scooter,Sunny,High,Metropolitian,False,0,1,1,8998.249238161072,9079.060116716919,Aumento_Velocidade,1
pedido_8969.223320585923_208,109.04725505516431,120.05773229099054,105.05773229099054,16.20638505312559,5,4.868044248634397,Moto,Sunny,Jam,Metropolitian,False,0,1,1,8969.223320585923,9079.281052876913,Aumento_Velocidade,1
pedido_8906.271879146532_170,167.46789102457944,169.2182437164814,169.2182437164814,15.77893245172498,5,4.440332585603511,Moto,Sunny,Low,Metropolitian,False,0,0,1,8906.271879146532,9080.490122863013,Nenhuma,0
pedido_8976.597805579308_218,126.16576392278829,114.84617323888207,99.84617323888207,6.325122567380326,5,4.641158380397904,Scooter,Foggy,Medium,Metropolitian,True,0,0,0,8976.597805579308,9081.44397881819,Rota_Reduzida,1
pedido_8980.067613197829_222,131.202130415774,107.5448741346218,92.5448741346218,12.01979984347644,15,4.87374559316564,Scooter,Stormy,High,Metropolitian,True,0,1,0,8980.067613197829,9087.612487332452,Aumento_Velocidade,1
pedido_8973.42793959426_213,131.63377386629992,120.92624933103366,105.92624933103366,7.117507919265888,10,4.672696909835018,Moto,Sandstorms,High,Metropolitian,False,0,1,0,8973.42793959426,9089.354188925294,Aumento_Velocidade,1
pedido_8975.80951601376_215,144.0016080217865,119.72469256428235,104.72469256428235,13.0438731484832,10,4.59841587761643,Moto,Foggy,Medium,Metropolitian,True,0,0,0,8975.80951601376,9090.534208578043,Rota_Reduzida,1
pedido_9009.944912248586_240,95.5788166304276,83.6752269863707,68.6752269863707,6.2445175498801655,15,4.612279842088017,Moto,Sunny,High,Metropolitian,False,0,1,1,9009.944912248586,9093.620139234956,Aumento_Velocidade,1
pedido_8979.599383572033_221,100.53386717031361,99.33541618519591,99.33541618519591,3.276592998111618,15,4.941977995086271,Moto,Stormy,Low,Metropolitian,True,0,0,0,8979.599383572033,9093.93479975723,Nenhuma,1
pedido_8989.399956665968_225,123.69368997839358,114.62776385201754,99.62776385201754,4.4591168255134646,5,5.0,Moto,Foggy,Medium,Urban,True,0,0,0,8989.399956665968,9094.027720517985,Rota_Reduzida,1
pedido_8975.603239271479_214,149.23515409169065,120.16065632132734,105.16065632132734,16.95469973509473,15,4.6660433978847715,Scooter,Foggy,Jam,Metropolitian,False,0,1,0,8975.603239271479,9095.763895592807,Aumento_Velocidade,1
pedido_8968.678877388023_207,144.33378203885263,128.9293900509341,113.9293900509341,13.78126089346751,15,4.672841260140072,Scooter,Foggy,High,Metropolitian,True,0,1,0,8968.678877388023,9097.608267438958,Aumento_Velocidade,1
pedido_8985.961853953764_224,129.9771059445125,121.6686937650473,106.6686937650473,7.424729186772618,5,4.733555316728827,Moto,Windy,High,Metropolitian,True,0,1,0,8985.961853953764,9097.63054771881,Aumento_Velocidade,1
pedido_8950.467095151746_200,173.74530854709568,153.09176374248705,138.09176374248705,6.912669601420641,10,4.420995765489259,Moto,Foggy,Medium,Metropolitian,False,0,0,0,8950.467095151746,9098.558858894232,Rota_Reduzida,0
pedido_8977.009865394386_219,131.9515597341283,121.98927164208831,106.98927164208831,0.9743291161162846,15,4.6301203070696,Moto,Sandstorms,High,Metropolitian,False,0,1,0,8977.009865394386,9098.999137036475,Aumento_Velocidade,1
pedido_8983.512854941055_223,128.0005474843919,125.50137907243024,110.50137907243024,3.686926862640051,5,4.863135564765184,Scooter,Stormy,High,Metropolitian,False,0,1,0,8983.512854941055,9099.014234013484,Aumento_Velocidade,1
pedido_8998.177863520139_231,102.2700532622006,88.68712652077454,88.68712652077454,0.959093374869501,15,4.778873055014063,Moto,Sandstorms,Low,Metropolitian,False,0,0,0,8998.177863520139,9101.864990040913,Nenhuma,1
pedido_9009.086683338952_239,109.18876031627842,109.96075158749359,89.96075158749359,12.398749390631988,5,4.485756853233108,Moto,Sunny,Jam,Other,True,0,1,1,9009.086683338952,9104.047434926446,Rota_Reduzida,1
pedido_8990.10724582101_226,134.3358117266333,120.27968136283633,105.27968136283633,13.810455695793438,10,4.6145424258425685,Moto,Windy,Medium,Metropolitian,False,0,0,0,8990.10724582101,9105.386927183845,Rota_Reduzida,1
pedido_9016.616595166894_242,103.47520795360056,73.8139596192748,73.8139596192748,13.611151750438129,15,4.693953211380768,Scooter,Sandstorms,Low,Metropolitian,False,0,0,0,9016.616595166894,9105.430554786168,Nenhuma,1
pedido_8997.544669818526_230,127.40736718364593,118.89161560218619,98.89161560218619,18.109429746094587,10,4.691146936176141,Scooter,Sandstorms,High,Other,False,0,1,0,8997.544669818526,9106.436285420712,Rota_Reduzida,1
pedido_9054.079292281793_264,41.87371818300927,37.66860868919543,37.66860868919543,6.198673084672549,15,4.628834888874333,Scooter,Stormy,Medium,Metropolitian,True,1,0,0,9054.079292281793,9106.747900970988,Nenhuma,1
pedido_9007.642169905474_236,121.40752803006471,96.00351545140778,96.00351545140778,17.8835002160907,5,4.785262574411715,Moto,Sunny,Low,Metropolitian,False,0,0,1,9007.642169905474,9108.645685356882,Nenhuma,1
pedido_8992.637908096329_228,135.0950114883197,128.12608289969504,113.12608289969504,5.620275866830153,5,4.626613516302611,Scooter,Stormy,Medium,Metropolitian,True,0,0,0,8992.637908096329,9110.763990996023,Rota_Reduzida,1
pedido_8937.478113895508_193,177.38581964243932,160.1105920258323,160.1105920258323,5.201176774077695,15,4.382868713313635,Van,Sandstorms,High,Metropolitian,True,0,1,0,8937.478113895508,9112.58870592134,Nenhuma,0
pedido_8991.06400982611_227,128.09910493591923,121.53294281545615,106.53294281545615,4.830180615459762,15,4.767599851788576,Moto,Foggy,Medium,Metropolitian,True,0,0,0,8991.06400982611,9112.596952641567,Rota_Reduzida,1
pedido_8975.940895049374_216,136.8488992237631,142.8857290234679,127.88572902346789,22.469385538483458,10,4.734945855423069,Moto,Sandstorms,High,Urban,True,0,1,0,8975.940895049374,9113.826624072843,Aumento_Velocidade,0
pedido_8993.683350142379_229,135.97393526987258,136.17089804626863,121.17089804626863,8.027554428949632,5,5.0,Scooter,Foggy,High,Metropolitian,False,0,1,0,8993.683350142379,9119.854248188647,Aumento_Velocidade,0
pedido_9002.94345332001_234,136.80488558270272,124.61867367758452,109.61867367758452,10.93794732073334,10,4.716797308052831,Scooter,Sandstorms,Medium,Metropolitian,False,0,0,0,9002.94345332001,9122.562126997595,Rota_Reduzida,1
pedido_9016.840736493667_243,108.44350117995334,112.81414848515041,97.81414848515041,19.47699377482524,10,4.911805522534016,Scooter,Sunny,Jam,Metropolitian,False,0,1,1,9016.840736493667,9124.654884978818,Aumento_Velocidade,1
pedido_9013.885420834882_241,131.95979834333633,117.51516335608142,102.51516335608142,8.534249596746381,10,4.919980376302691,Scooter,Windy,High,Metropolitian,False,0,1,0,9013.885420834882,9126.400584190964,Aumento_Velocidade,1
pedido_9022.282006618034_247,131.9012147297906,115.01696943814149,100.01696943814149,4.220961252981647,5,4.745577366045428,Moto,Windy,High,Urban,False,0,1,0,9022.282006618034,9127.298976056176,Aumento_Velocidade,1
pedido_9022.524670587718_248,103.18921677607565,108.16437278117978,93.16437278117978,15.847376874652532,15,4.509682836703173,Scooter,Sunny,Medium,Urban,False,0,0,1,9022.524670587718,9130.689043368899,Rota_Reduzida,1
pedido_9008.664730023986_237,150.15570388286176,127.91998535943497,112.91998535943497,10.846178816278217,15,4.8472282704969665,Moto,Foggy,Jam,Metropolitian,False,0,1,0,9008.664730023986,9136.58471538342,Aumento_Velocidade,1
pedido_9020.890490668846_246,132.52653517314405,127.73538640303727,112.73538640303727,15.267245648016287,5,4.546543453286269,Moto,Windy,High,Metropolitian,False,0,1,0,9020.890490668846,9138.625877071883,Aumento_Velocidade,1
pedido_8970.088833727266_209,185.67473937622736,179.20077578475528,164.20077578475528,12.733166242339319,5,4.446423217506054,Scooter,Windy,High,Metropolitian,False,0,1,0,8970.088833727266,9139.289609512021,Aumento_Velocidade,0
pedido_9033.487469662618_251,128.2794996852016,110.81671651637014,95.81671651637014,4.617929309949623,10,4.538903580295438,Moto,Windy,High,Metropolitian,False,0,1,0,9033.487469662618,9139.304186178988,Aumento_Velocidade,1
pedido_9109.301796165188_289,43.76219986113783,21.385205881856606,21.385205881856606,8.65268466346058,10,4.856491171558461,Moto,Stormy,Medium,Urban,False,1,0,0,9109.301796165188,9140.687002047045,Nenhuma,1
pedido_9020.732233395533_245,103.2287867111913,114.60895878297649,114.60895878297649,14.774444894732287,10,4.970673712938936,Moto,Sandstorms,Low,Metropolitian,True,0,0,0,9020.732233395533,9145.341192178508,Nenhuma,1
pedido_9017.125168577071_244,131.1093180972341,139.9779125689842,124.97791256898421,11.185690533572192,5,4.709191215975954,Scooter,Stormy,High,Metropolitian,False,0,1,0,9017.125168577071,9147.103081146055,Aumento_Velocidade,0
pedido_9100.539866914132_279,45.41855512696971,43.08937579526671,43.08937579526671,5.683254129201309,5,4.759984696990474,Moto,Sandstorms,High,Urban,True,1,1,0,9100.539866914132,9148.6292427094,Nenhuma,1
pedido_9003.356881244474_235,132.04415435164245,135.39498475580632,135.39498475580632,7.52264272320255,10,4.762284346040713,Van,Stormy,Medium,Metropolitian,False,0,0,0,9003.356881244474,9148.75186600028,Nenhuma,0
pedido_9106.584291065119_285,38.67337211414288,27.30370964966844,27.30370964966844,5.282606382567199,15,4.703514677003988,Moto,Sunny,Low,Other,False,1,0,1,9106.584291065119,9148.888000714787,Nenhuma,1
pedido_9002.310590669997_233,174.82854998839298,157.61434002798563,142.61434002798563,6.274179944051291,5,4.28294352363703,Moto,Stormy,High,Metropolitian,False,0,1,0,9002.310590669997,9149.924930697982,Aumento_Velocidade,0
pedido_8972.947781540628_211,185.6507905901413,179.92613198828107,164.92613198828107,13.96666235221899,15,4.373255821278427,Scooter,Sandstorms,High,Metropolitian,False,0,1,0,8972.947781540628,9152.873913528909,Aumento_Velocidade,0
pedido_9052.105670331914_261,125.74985526030866,111.55145847897171,96.55145847897171,0.0,5,4.664117244838118,Moto,Foggy,Medium,Metropolitian,False,0,0,0,9052.105670331914,9153.657128810886,Rota_Reduzida,1
pedido_9046.741470836998_255,132.995615172204,112.34691860489899,97.34691860489899,16.130394291680044,10,4.653802751385778,Moto,Stormy,Jam,Metropolitian,False,0,1,0,9046.741470836998,9154.088389441897,Aumento_Velocidade,1
pedido_9008.684258865005_238,145.09611486873888,146.07065069207582,131.07065069207582,11.736034682998673,15,4.49367661083694,Moto,Sandstorms,Jam,Metropolitian,True,0,1,0,9008.684258865005,9154.754909557081,Aumento_Velocidade,0
pedido_9048.022413296543_258,134.06561286390615,123.51399853798696,108.51399853798696,9.425228609743407,5,4.606155001748462,Scooter,Foggy,High,Urban,False,0,1,0,9048.022413296543,9161.53641183453,Aumento_Velocidade,1
pedido_9047.47919654975_257,135.88852658159627,121.59917366148804,106.59917366148804,13.588222506225705,10,4.782315613080426,Moto,Windy,High,Urban,True,0,1,0,9047.47919654975,9164.078370211239,Aumento_Velocidade,1
pedido_9050.121407758947_260,127.1631721846883,119.53718068769732,104.53718068769732,8.625387732517668,10,4.492115713520665,Moto,Stormy,High,Urban,False,0,1,0,9050.121407758947,9164.658588446644,Aumento_Velocidade,1
pedido_9048.713405096427_259,120.8816120049666,111.5426738127667,111.5426738127667,15.169943124657221,5,4.805568481769216,Moto,Sunny,Low,Urban,False,0,0,1,9048.713405096427,9165.256078909193,Nenhuma,1
pedido_9061.500394972269_271,99.19097087214648,88.81273473253805,88.81273473253805,7.222159184140738,15,4.9420650324623745,Scooter,Stormy,Low,Metropolitian,False,0,0,0,9061.500394972269,9165.313129704806,Nenhuma,1
pedido_9057.983837633985_269,127.09381212290116,119.40457590489262,104.40457590489262,0.2761957569653015,5,4.773181661600153,Moto,Stormy,High,Metropolitian,False,0,1,0,9057.983837633985,9167.388413538878,Aumento_Velocidade,1
pedido_9117.785238333789_297,45.62595244512005,46.012405459254886,46.012405459254886,14.517387569122826,5,4.515913004489679,Moto,Foggy,High,Metropolitian,False,1,1,0,9117.785238333789,9168.797643793043,Nenhuma,1
pedido_9054.849649733162_265,128.10338629484463,115.07771707787532,100.07771707787532,3.245984098609822,15,4.64087791220391,Scooter,Stormy,High,Metropolitian,False,0,1,0,9054.849649733162,9169.927366811036,Aumento_Velocidade,1
pedido_9052.80708207387_263,133.05301520761498,122.16629822779089,107.16629822779089,9.262534199027732,10,4.4897946451607975,Scooter,Foggy,Jam,Urban,True,0,1,0,9052.80708207387,9169.97338030166,Aumento_Velocidade,1
pedido_9023.925089471706_249,174.17173182809626,157.37839440187494,142.37839440187494,4.005636062507799,5,4.416638184246462,Moto,Windy,High,Metropolitian,False,0,1,0,9023.925089471706,9171.30348387358,Aumento_Velocidade,0
pedido_9107.94724869786_286,97.73645979857947,73.25180668807494,58.251806688074936,5.54749503996347,10,4.790442145520184,Scooter,Sunny,High,Metropolitian,False,0,1,1,9107.94724869786,9176.199055385934,Aumento_Velocidade,1
pedido_9086.903820724658_274,129.74008673834228,94.64438758638792,79.64438758638792,6.833364609864239,10,4.669332438623247,Moto,Stormy,High,Urban,False,0,1,0,9086.903820724658,9176.548208311046,Aumento_Velocidade,1
pedido_9057.379669217158_268,136.95023055185732,120.6135750234572,105.6135750234572,18.610235498588576,15,4.9893578069500215,Moto,Stormy,Medium,Metropolitian,False,0,0,0,9057.379669217158,9177.993244240615,Rota_Reduzida,1
pedido_9132.965906993946_305,44.50009048377951,35.399725784477816,35.399725784477816,9.490204011325254,10,4.92775178161774,Moto,Stormy,High,Metropolitian,False,1,1,0,9132.965906993946,9178.365632778425,Nenhuma,1
pedido_9101.130239925958_281,102.80851592308122,82.3907622921039,67.3907622921039,15.32103930051565,10,4.711815206571283,Scooter,Sunny,Medium,Metropolitian,False,0,0,1,9101.130239925958,9178.521002218062,Rota_Reduzida,1
pedido_9108.557784473749_288,95.79557196304499,82.92068017232685,67.92068017232685,9.296558865738497,5,4.5534698805430835,Scooter,Sunny,High,Metropolitian,False,0,1,1,9108.557784473749,9181.478464646076,Aumento_Velocidade,1
pedido_9043.799304702961_253,140.9383507766569,134.26973994596523,134.26973994596523,11.43018806555424,10,4.706643597422571,Van,Foggy,High,Metropolitian,False,0,1,0,9043.799304702961,9188.069044648926,Nenhuma,0
pedido_9052.165636117135_262,144.3020970793362,136.44924677825668,121.44924677825668,14.25787947949517,15,4.694041570354141,Moto,Foggy,High,Metropolitian,True,0,1,0,9052.165636117135,9188.614882895392,Aumento_Velocidade,0
pedido_9061.008725680513_270,140.7062187728864,132.96236600534317,117.96236600534317,18.408551568180886,10,5.0,Moto,Windy,Jam,Metropolitian,False,0,1,0,9061.008725680513,9188.971091685857,Aumento_Velocidade,1
pedido_9037.532656727783_252,179.0325689469004,157.0014148011549,142.0014148011549,11.657420732153401,10,4.368883997085753,Scooter,Sunny,High,Urban,False,0,1,1,9037.532656727783,9189.534071528937,Aumento_Velocidade,0
pedido_9057.123511606442_267,143.47158464678878,139.32656193253848,124.32656193253848,12.36858590144196,10,4.456843870342993,Scooter,Foggy,Medium,Metropolitian,True,0,0,0,9057.123511606442,9191.450073538981,Rota_Reduzida,0
pedido_9088.475582680894_275,132.1833462383575,114.22293274547312,99.22293274547312,2.137539923981182,10,4.8676592603617275,Moto,Sandstorms,High,Urban,False,0,1,0,9088.475582680894,9197.698515426368,Aumento_Velocidade,1
pedido_9074.186814567889_273,136.37617664587154,135.29398987778364,120.29398987778364,15.864899044989636,5,4.909995730922172,Scooter,Windy,High,Metropolitian,True,0,1,0,9074.186814567889,9199.480804445673,Aumento_Velocidade,0
pedido_9070.867777879377_272,135.55322291939956,129.09740894653913,114.09740894653913,9.621459215464094,15,4.994710484682862,Moto,Foggy,High,Metropolitian,False,0,1,0,9070.867777879377,9199.965186825917,Aumento_Velocidade,1
pedido_9047.133087137923_256,179.57351366057298,154.91981926919135,139.91981926919135,14.781728088326123,15,4.200162441777909,Scooter,Sunny,High,Metropolitian,False,0,1,1,9047.133087137923,9202.052906407114,Aumento_Velocidade,0
pedido_9056.796951512179_266,142.29089212559592,151.56439317996347,136.56439317996347,11.292021947497217,10,4.631540391942434,Moto,Sandstorms,Jam,Metropolitian,True,0,1,0,9056.796951512179,9203.361344692143,Aumento_Velocidade,0
pedido_9146.844699432835_311,48.24997520376611,43.052007012103424,43.052007012103424,0.8974647175840493,15,4.782614677984138,Moto,Foggy,High,Metropolitian,False,1,1,0,9146.844699432835,9204.896706444939,Nenhuma,1
pedido_9115.310041626048_295,103.15803211548241,100.81788118008355,85.81788118008355,19.807443864812136,5,4.828448787485972,Scooter,Sunny,Medium,Metropolitian,False,0,0,1,9115.310041626048,9206.127922806132,Rota_Reduzida,1
pedido_9043.863856026743_254,171.19354365005282,167.7139373747425,152.7139373747425,7.266565581577239,10,4.3292626201259115,Moto,Sandstorms,Medium,Metropolitian,False,0,0,0,9043.863856026743,9206.577793401486,Rota_Reduzida,0
pedido_9027.105369647557_250,186.2964623860678,179.67690021587595,164.67690021587595,12.488165086010072,15,4.403235779586818,Scooter,Windy,Medium,Metropolitian,True,0,0,0,9027.105369647557,9206.782269863434,Rota_Reduzida,0
pedido_9110.846818985148_291,101.8619853121799,98.91960868414105,83.91960868414105,16.50519007184261,15,5.0,Moto,Sunny,High,Urban,False,0,1,1,9110.846818985148,9209.766427669289,Aumento_Velocidade,1
pedido_9110.349689602272_290,98.40418129120398,91.25885241052534,91.25885241052534,9.010577426291238,10,4.595701303575316,Scooter,Sunny,Low,Urban,True,0,0,1,9110.349689602272,9211.608542012797,Nenhuma,1
pedido_9113.214322118003_293,132.96881234173745,115.88049470605658,100.88049470605658,6.780741362613088,5,4.6690859168123735,Moto,Stormy,Medium,Metropolitian,False,0,0,0,9113.214322118003,9219.09481682406,Rota_Reduzida,1
pedido_9093.068621941133_276,144.3193226154171,130.28005997340043,115.28005997340043,17.097712022362845,15,4.733616204269426,Scooter,Foggy,Medium,Metropolitian,False,0,0,0,9093.068621941133,9223.348681914533,Rota_Reduzida,1
pedido_9116.616797054772_296,126.50476982712057,107.78472003789155,92.78472003789155,1.9143782526724418,15,4.8201639456875185,Scooter,Sandstorms,Jam,Metropolitian,True,0,1,0,9116.616797054772,9224.401517092663,Aumento_Velocidade,1
pedido_9103.544850862294_284,134.72139497311895,126.65397741543987,111.65397741543987,19.228134822558093,10,4.861952256236225,Moto,Sandstorms,High,Metropolitian,False,0,1,0,9103.544850862294,9225.198828277735,Aumento_Velocidade,1
pedido_9108.43776756907_287,138.15365273393766,121.79720438992061,106.79720438992061,12.131039214840161,10,4.892625861017427,Scooter,Sandstorms,Medium,Metropolitian,True,0,0,0,9108.43776756907,9225.234971958991,Rota_Reduzida,1
pedido_9102.280431757703_282,133.5578348387472,134.50128747660233,119.50128747660233,12.822437307869071,5,4.697243245998136,Scooter,Windy,High,Metropolitian,False,0,1,0,9102.280431757703,9226.781719234305,Aumento_Velocidade,1
pedido_9103.269513474379_283,133.87595194938137,138.38681031851667,123.38681031851667,5.472269637793895,5,4.619266408120928,Moto,Foggy,High,Urban,False,0,1,0,9103.269513474379,9231.656323792895,Aumento_Velocidade,0
pedido_9121.796072931029_299,129.42766501532498,113.44937529127566,98.44937529127566,2.604743565349187,15,4.669658450977114,Scooter,Stormy,High,Metropolitian,False,0,1,0,9121.796072931029,9235.245448222304,Aumento_Velocidade,1
pedido_9156.944155253223_317,99.13974634427389,78.51983005706397,63.51983005706397,3.658835253201806,15,4.7427258341549745,Scooter,Sunny,Jam,Metropolitian,False,0,1,1,9156.944155253223,9235.463985310287,Aumento_Velocidade,1
pedido_9099.432720364763_278,140.33950404704848,146.03986723432578,131.03986723432578,11.999136223672267,5,4.845022588003077,Moto,Foggy,High,Metropolitian,False,0,1,0,9099.432720364763,9235.472587599088,Aumento_Velocidade,0
pedido_9153.405642993657_314,104.15417962002822,83.96791063527742,68.96791063527742,13.096784664303176,15,4.9759276773901915,Scooter,Sunny,High,Metropolitian,True,0,1,1,9153.405642993657,9237.373553628935,Aumento_Velocidade,1
pedido_9135.737365476301_307,132.7188141468427,120.18577170616284,105.18577170616284,7.452561572527829,5,4.830927312406203,Moto,Foggy,High,Metropolitian,False,0,1,0,9135.737365476301,9245.923137182464,Aumento_Velocidade,1
pedido_9111.81817949848_292,134.71716291298995,140.57528445719163,125.57528445719163,13.238386289291158,10,4.5815358046723675,Scooter,Sandstorms,High,Metropolitian,False,0,1,0,9111.81817949848,9247.393463955672,Aumento_Velocidade,0
pedido_9128.462023562597_302,135.31850075111322,124.4289418860194,109.4289418860194,14.393233737462783,10,5.0,Moto,Sandstorms,High,Metropolitian,False,0,1,0,9128.462023562597,9247.890965448616,Aumento_Velocidade,1
pedido_9131.693862904576_304,142.27041374226008,119.5270732462204,104.5270732462204,13.955816585813398,15,4.61805602263343,Scooter,Foggy,Medium,Urban,False,0,0,0,9131.693862904576,9251.220936150796,Rota_Reduzida,1
pedido_9152.556060534798_313,131.93570809679946,109.46659886134685,94.46659886134685,18.59898836640742,5,4.787244003121575,Moto,Stormy,High,Metropolitian,True,0,1,0,9152.556060534798,9252.022659396145,Aumento_Velocidade,1
pedido_9141.402805413078_308,130.14159717784216,116.17724032517535,101.17724032517535,0.22345827089427406,10,4.711688205889789,Moto,Sandstorms,Medium,Metropolitian,False,0,0,0,9141.402805413078,9252.580045738254,Rota_Reduzida,1
pedido_9126.41946408272_301,132.1214206828547,126.38412725961513,111.38412725961513,5.859295564279154,15,4.640097547157203,Moto,Sandstorms,High,Metropolitian,False,0,1,0,9126.41946408272,9252.803591342335,Aumento_Velocidade,1
pedido_9160.772562454127_321,127.4117464960537,94.65221888557377,79.65221888557377,7.5545127473072755,15,4.8055407025729195,Moto,Stormy,Jam,Metropolitian,False,0,1,0,9160.772562454127,9255.424781339701,Aumento_Velocidade,1
pedido_9149.559326411196_312,129.36101408685738,107.63181650226058,92.63181650226058,15.150287703763611,15,4.686298774186568,Moto,Stormy,High,Metropolitian,False,0,1,0,9149.559326411196,9257.191142913456,Aumento_Velocidade,1
pedido_9125.6662126363_300,150.01712195914584,143.62052279029191,128.62052279029191,16.17523464993532,5,4.660848769431066,Scooter,Foggy,Jam,Urban,True,0,1,0,9125.6662126363,9259.286735426593,Aumento_Velocidade,0
pedido_9144.762162353107_310,126.92514177117404,126.75793410837375,111.75793410837375,7.409883041333976,5,4.822242764952383,Scooter,Sandstorms,Jam,Urban,False,0,1,0,9144.762162353107,9261.52009646148,Aumento_Velocidade,1
pedido_9162.855531229823_323,99.27905819169862,99.37071217667429,84.37071217667429,6.667695365462884,15,4.80785040107477,Scooter,Sunny,Jam,Metropolitian,False,0,1,1,9162.855531229823,9262.226243406498,Aumento_Velocidade,1
pedido_9154.034021603917_315,129.9684466239904,118.90184408749535,103.90184408749535,7.960000078071352,5,4.684267592274143,Moto,Stormy,High,Metropolitian,False,0,1,0,9154.034021603917,9262.935865691412,Aumento_Velocidade,1
pedido_9141.609927893971_309,127.24979815619531,127.93142873152783,112.93142873152783,5.258395437221301,10,4.885487951289633,Scooter,Stormy,High,Metropolitian,False,0,1,0,9141.609927893971,9264.5413566255,Aumento_Velocidade,1
pedido_9158.500960314113_320,123.11791832226211,111.97061024130727,96.97061024130727,4.0740789515487865,10,4.5136753038616915,Scooter,Sandstorms,Jam,Metropolitian,False,0,1,0,9158.500960314113,9265.47157055542,Aumento_Velocidade,1
pedido_9134.682734647451_306,129.6578154282254,122.45423503809366,122.45423503809366,1.9923274734590137,10,4.767060193825913,Van,Sandstorms,Medium,Urban,False,0,0,0,9134.682734647451,9267.136969685545,Nenhuma,0
pedido_9158.394264205084_319,129.91060105523061,109.06450795861545,94.06450795861545,7.413488270085496,15,4.561918857505815,Scooter,Windy,Jam,Metropolitian,True,0,1,0,9158.394264205084,9267.4587721637,Aumento_Velocidade,1
pedido_9182.384835346693_333,111.6534165690219,96.05080747184215,81.05080747184215,13.377594170109397,5,4.627222076611686,Scooter,Sunny,Jam,Metropolitian,True,0,1,1,9182.384835346693,9268.435642818535,Aumento_Velocidade,1
pedido_9154.72719610732_316,128.5851555979665,111.90107952625817,111.90107952625817,6.00755673467812,5,4.590657650226171,Van,Windy,High,Metropolitian,True,0,1,0,9154.72719610732,9271.628275633579,Nenhuma,1
pedido_9222.760483160888_354,66.83702778775258,49.07268099491995,34.07268099491995,6.720405660639312,15,4.40440703376215,Moto,Windy,High,Metropolitian,False,1,1,0,9222.760483160888,9271.833164155807,Aumento_Velocidade,1
pedido_9245.199325720265_372,39.45524833616897,17.819450468186197,17.819450468186197,19.806923656298387,10,4.883080750594105,Moto,Sandstorms,Low,Metropolitian,True,1,0,0,9245.199325720265,9273.018776188452,Nenhuma,1
pedido_9100.64384605177_280,189.46743344805694,175.69538572862538,160.69538572862538,4.624885499015717,15,4.31419458075809,Moto,Sunny,Jam,Metropolitian,True,0,1,1,9100.64384605177,9276.339231780395,Aumento_Velocidade,0
pedido_9113.752759158166_294,178.60371365984443,163.02486566317026,148.02486566317026,7.049564079961913,15,4.395511532224185,Scooter,Sandstorms,Jam,Metropolitian,False,0,1,0,9113.752759158166,9276.777624821336,Aumento_Velocidade,0
pedido_9172.505430926522_325,122.17491741625236,116.15592220762183,96.15592220762183,8.195751482415687,10,4.901008429254748,Scooter,Windy,High,Other,True,0,1,0,9172.505430926522,9278.661353134143,Rota_Reduzida,1
pedido_9204.104628171233_342,95.80102427588402,86.60898008350975,71.60898008350975,7.719760185125615,5,4.843171698933682,Moto,Sunny,Medium,Metropolitian,False,0,0,1,9204.104628171233,9280.713608254742,Rota_Reduzida,1
pedido_9177.649761791652_330,130.0289697595358,104.05223631564577,89.05223631564577,8.949637883766925,15,4.9331000547683885,Scooter,Foggy,Jam,Metropolitian,False,0,1,0,9177.649761791652,9281.701998107297,Aumento_Velocidade,1
pedido_9158.247359850864_318,133.60221426652757,133.6563516957865,118.6563516957865,10.351058684807224,5,4.794649297343885,Moto,Stormy,Medium,Metropolitian,False,0,0,0,9158.247359850864,9281.90371154665,Rota_Reduzida,1
pedido_9098.402191568974_277,176.5860358169116,180.5728360455852,180.5728360455852,1.7270956803458302,5,4.255184066142999,Van,Foggy,High,Metropolitian,False,0,1,0,9098.402191568974,9283.975027614559,Nenhuma,0
pedido_9206.815320118172_343,98.63295963522849,82.46927477538976,67.46927477538976,4.66668786702568,10,4.643954030224563,Moto,Sunny,High,Metropolitian,False,0,1,1,9206.815320118172,9284.284594893563,Aumento_Velocidade,1
pedido_9173.13325169918_326,132.37640653175018,118.74475091915878,103.74475091915878,5.02964390263435,10,4.815567647728131,Scooter,Sandstorms,High,Metropolitian,False,0,1,0,9173.13325169918,9286.87800261834,Aumento_Velocidade,1
pedido_9176.04493285029_329,133.81320105254937,111.00371284002361,96.00371284002361,2.6434224737207135,15,4.73301390841073,Moto,Foggy,High,Metropolitian,False,0,1,0,9176.04493285029,9287.048645690313,Aumento_Velocidade,1
pedido_9202.203355233476_340,103.03064534750423,100.66648941224653,85.66648941224653,14.101851034614816,5,4.513575942139083,Scooter,Sunny,Medium,Metropolitian,False,0,0,1,9202.203355233476,9292.869844645722,Rota_Reduzida,1
pedido_9262.42618146364_385,45.15247713871694,21.097843477407118,21.097843477407118,10.183098776439888,10,4.65686716866036,Scooter,Foggy,High,Other,False,1,1,0,9262.42618146364,9293.524024941047,Nenhuma,1
pedido_9118.81341590874_298,194.6358287875726,183.46951038354223,168.46951038354223,17.26857457712828,10,4.417298533504335,Moto,Windy,Jam,Urban,False,0,1,0,9118.81341590874,9297.282926292282,Aumento_Velocidade,0
pedido_9174.449450942442_328,139.68231615821637,135.60174976175728,120.60174976175728,13.565901376565638,5,4.650786147443025,Scooter,Sandstorms,Jam,Metropolitian,False,0,1,0,9174.449450942442,9300.0512007042,Aumento_Velocidade,0
pedido_9194.834230912864_337,129.9885948301682,117.79016963019097,102.79016963019097,6.569110987318799,5,4.697903102494014,Moto,Windy,Jam,Metropolitian,True,0,1,0,9194.834230912864,9302.624400543054,Aumento_Velocidade,1
pedido_9185.57496463401_335,141.9308575198485,122.73253598023314,107.73253598023314,16.649633006238645,10,4.97896436095865,Moto,Sandstorms,Jam,Metropolitian,False,0,1,0,9185.57496463401,9303.307500614243,Aumento_Velocidade,1
pedido_9130.990398493557_303,189.21313500618933,172.404803855097,157.404803855097,20.482394207668563,15,4.447391622719356,Scooter,Foggy,High,Metropolitian,False,0,1,0,9130.990398493557,9303.395202348654,Aumento_Velocidade,0
pedido_9173.74045267379_327,129.14592996038715,131.34911141023488,116.34911141023488,3.835598228876189,15,4.814808175573674,Scooter,Windy,High,Metropolitian,True,0,1,0,9173.74045267379,9305.089564084024,Aumento_Velocidade,1
pedido_9180.665895523609_332,134.94826940247617,126.6241225647118,111.6241225647118,14.460818095079192,15,4.788181145660928,Moto,Sandstorms,High,Metropolitian,True,0,1,0,9180.665895523609,9307.29001808832,Aumento_Velocidade,1
pedido_9214.732140297463_348,103.62956677230113,87.98625688498356,87.98625688498356,17.59856364965386,5,4.875025473761946,Moto,Windy,Low,Urban,False,0,0,0,9214.732140297463,9307.718397182447,Nenhuma,1
pedido_9183.241877412302_334,133.48138462346827,130.50704451758278,115.50704451758278,8.998498449864947,10,4.609392672071508,Moto,Foggy,High,Metropolitian,True,0,1,0,9183.241877412302,9308.748921929884,Aumento_Velocidade,1
pedido_9210.038262525752_346,129.14592996038715,111.13512322068539,96.13512322068539,4.020288266232266,5,4.754221724697192,Moto,Windy,High,Metropolitian,True,0,1,0,9210.038262525752,9311.173385746437,Aumento_Velocidade,1
pedido_9199.638367609414_339,136.21039020730726,124.69909565962169,109.69909565962169,0.0,5,5.0,Moto,Sandstorms,High,Urban,False,0,1,0,9199.638367609414,9314.337463269036,Aumento_Velocidade,1
pedido_9180.279593113386_331,133.8520421444906,145.82381435796958,130.82381435796958,15.97545901021987,5,4.899218640681447,Moto,Stormy,Medium,Urban,True,0,0,0,9180.279593113386,9316.103407471355,Rota_Reduzida,0
pedido_9208.85875355233_344,136.20554377668626,108.41659092317683,93.41659092317683,16.107629030764606,15,4.591165681765985,Moto,Sandstorms,Medium,Metropolitian,False,0,0,0,9208.85875355233,9317.275344475505,Rota_Reduzida,1
pedido_9233.21848840949_362,102.00793360675439,89.14089139400537,74.14089139400537,11.050903803833595,10,4.949265056491737,Moto,Sunny,High,Urban,False,0,1,1,9233.21848840949,9317.359379803494,Aumento_Velocidade,1
pedido_9191.368896519285_336,133.79004859782617,136.62151232001318,121.62151232001318,11.071064824030252,5,4.640664288239854,Moto,Sandstorms,High,Metropolitian,False,0,1,0,9191.368896519285,9317.990408839298,Aumento_Velocidade,0
pedido_9166.483884327334_324,152.93264694632018,156.5215686228902,141.5215686228902,15.813036680259588,10,4.544761269794646,Scooter,Foggy,Jam,Metropolitian,False,0,1,0,9166.483884327334,9318.005452950223,Aumento_Velocidade,0
pedido_9209.732361057237_345,142.78917243311918,114.86221989383799,99.86221989383799,12.642561995775377,15,4.822377007092619,Moto,Foggy,Medium,Metropolitian,False,0,0,0,9209.732361057237,9324.594580951074,Rota_Reduzida,1
pedido_9259.114539949494_382,102.92234614888717,66.62138727626827,51.621387276268266,9.146644436572291,15,4.451730969905019,Scooter,Sunny,High,Metropolitian,False,0,1,1,9259.114539949494,9325.735927225764,Aumento_Velocidade,1
pedido_9203.908548554311_341,129.9885948301682,131.85359255066442,116.85359255066442,6.717263420285888,5,4.673125248216809,Scooter,Windy,Jam,Metropolitian,True,0,1,0,9203.908548554311,9325.762141104975,Aumento_Velocidade,1
pedido_9162.00555641023_322,172.84365818100642,167.3707973765789,152.3707973765789,3.5407234745494645,15,4.266794675750017,Scooter,Windy,Medium,Metropolitian,True,0,0,0,9162.00555641023,9329.376353786809,Rota_Reduzida,0
pedido_9210.682528510693_347,133.76082460758704,119.35102251240215,104.35102251240215,6.040646903101634,15,4.57530150471909,Scooter,Foggy,High,Metropolitian,False,0,1,0,9210.682528510693,9330.033551023096,Aumento_Velocidade,1
pedido_9216.342261375621_351,133.2366472173958,120.21544583378682,105.21544583378682,0.0,10,4.5176256091895235,Scooter,Foggy,High,Urban,False,0,1,0,9216.342261375621,9331.557707209407,Aumento_Velocidade,1
pedido_9214.838662152088_350,130.42082561058794,134.83899518491813,119.83899518491813,6.819927910542384,5,4.518970223094048,Scooter,Sandstorms,High,Metropolitian,True,0,1,0,9214.838662152088,9339.677657337006,Aumento_Velocidade,1
pedido_9219.951665087317_353,124.36936181758252,106.55131579930708,106.55131579930708,2.1666381601509364,15,4.785936720967684,Van,Foggy,Medium,Metropolitian,True,0,0,0,9219.951665087317,9341.502980886624,Nenhuma,1
pedido_9265.063381528285_387,104.90825627120104,87.91674505929363,72.91674505929363,18.436088067825693,5,4.900611821413956,Moto,Sunny,High,Metropolitian,True,0,1,1,9265.063381528285,9342.98012658758,Aumento_Velocidade,1
pedido_9232.491699873191_361,130.64658772735189,112.86820634339799,97.86820634339799,14.501874463953913,15,4.703193109030593,Moto,Stormy,High,Metropolitian,True,0,1,0,9232.491699873191,9345.359906216589,Aumento_Velocidade,1
pedido_9227.945543559325_357,134.5860861900207,118.8907559271513,103.8907559271513,10.268535083677762,15,4.770996763358341,Moto,Sandstorms,High,Metropolitian,False,0,1,0,9227.945543559325,9346.836299486476,Aumento_Velocidade,1
pedido_9228.366470932202_358,133.31038715782393,120.21602384526597,105.21602384526597,10.197202104492124,15,4.562174742091842,Scooter,Sandstorms,High,Metropolitian,False,0,1,0,9228.366470932202,9348.582494777467,Aumento_Velocidade,1
pedido_9223.192403700408_355,134.31531238908138,125.4014323565732,110.4014323565732,4.627919706779849,15,4.531315723986753,Scooter,Sandstorms,Medium,Metropolitian,False,0,0,0,9223.192403700408,9348.593836056982,Rota_Reduzida,1
pedido_9232.075801432002_360,132.40708100871677,127.9048402346462,112.9048402346462,2.343780666371781,5,4.739518904171584,Moto,Sandstorms,Medium,Metropolitian,True,0,0,0,9232.075801432002,9349.980641666649,Rota_Reduzida,1
pedido_9198.60651496219_338,173.21978508305395,162.4984151710005,142.4984151710005,9.065909908146269,10,4.414035352433736,Moto,Sandstorms,High,Other,False,0,1,0,9198.60651496219,9351.104930133191,Rota_Reduzida,0
pedido_9238.25520914979_368,134.80204188555686,123.68485922967693,108.68485922967693,19.171139772346127,5,4.971920014260442,Moto,Stormy,High,Metropolitian,True,0,1,0,9238.25520914979,9351.940068379467,Aumento_Velocidade,1
pedido_9241.357823154829_370,127.0109653739065,118.88935451948888,103.88935451948888,6.393256976754192,10,4.49222101414386,Moto,Stormy,High,Metropolitian,False,0,1,0,9241.357823154829,9355.247177674319,Aumento_Velocidade,1
pedido_9269.622024431792_391,95.86854740525581,86.17626060639209,71.17626060639209,8.235595655431563,15,4.7455185346093804,Moto,Sunny,Medium,Metropolitian,False,0,0,1,9269.622024431792,9355.798285038183,Rota_Reduzida,1
pedido_9234.792075102127_364,137.69806652604387,126.07849189286023,106.07849189286023,15.535839203926972,15,4.881503721222483,Moto,Foggy,Jam,Other,False,0,1,0,9234.792075102127,9355.870566994987,Rota_Reduzida,1
pedido_9214.810448619774_349,142.3185514157422,131.31969157255975,131.31969157255975,12.31469752474706,10,4.639922432546958,Van,Foggy,Medium,Metropolitian,False,0,0,0,9214.810448619774,9356.130140192334,Nenhuma,0
pedido_9259.909307928641_383,103.18921677607565,97.03935117640152,82.03935117640152,15.413916649961067,15,4.510075792738575,Moto,Sunny,Medium,Urban,False,0,0,1,9259.909307928641,9356.948659105043,Rota_Reduzida,1
pedido_9234.01152765996_363,135.31850075111322,124.20418009950114,109.20418009950114,14.564993981066351,15,5.0,Scooter,Sandstorms,High,Metropolitian,False,0,1,0,9234.01152765996,9358.215707759462,Aumento_Velocidade,1
pedido_9255.8361829557_377,130.43581245774737,113.56685799053224,98.56685799053224,17.201174863108328,5,4.914256635862854,Moto,Stormy,High,Metropolitian,False,0,1,0,9255.8361829557,9359.403040946232,Aumento_Velocidade,1
pedido_9229.180865001821_359,128.49351084057358,138.08904040874594,123.08904040874594,0.5692698185312803,10,4.983495066841852,Moto,Sandstorms,Jam,Metropolitian,False,0,1,0,9229.180865001821,9362.269905410567,Aumento_Velocidade,0
pedido_9264.736968339412_386,104.6834303859763,102.69598113607985,87.69598113607985,18.93180212589403,10,4.712596447494225,Scooter,Sunny,Medium,Metropolitian,False,0,0,1,9264.736968339412,9362.432949475491,Rota_Reduzida,1
pedido_9274.467738032574_392,124.75626100245047,98.11523146504581,83.11523146504581,4.192772310237566,5,4.501831277838008,Moto,Foggy,Medium,Metropolitian,False,0,0,0,9274.467738032574,9362.58296949762,Rota_Reduzida,1
pedido_9256.657156968617_378,134.34705410781217,110.50091213589202,95.50091213589202,7.248445597747015,15,4.642225682691305,Moto,Sandstorms,Medium,Metropolitian,False,0,0,0,9256.657156968617,9367.15806910451,Rota_Reduzida,1
pedido_9217.278177982073_352,169.7374745898227,154.95535792742714,139.95535792742714,0.0,10,4.446121372934088,Moto,Foggy,Medium,Urban,True,0,0,0,9217.278177982073,9367.2335359095,Rota_Reduzida,0
pedido_9235.45401526951_365,135.2181546204803,121.7992151162423,121.7992151162423,7.224901892679814,10,5.0,Van,Sandstorms,High,Metropolitian,True,0,1,0,9235.45401526951,9367.253230385752,Nenhuma,0
pedido_9248.63285755367_373,144.85897253022222,129.2100701033362,114.2100701033362,22.114902644674032,5,4.597629770996975,Scooter,Foggy,High,Metropolitian,False,0,1,0,9248.63285755367,9367.842927657006,Aumento_Velocidade,1
pedido_9260.764452104464_384,136.18362010567364,118.94872597723784,103.94872597723784,11.341135122901546,5,4.996613388194918,Scooter,Windy,Medium,Urban,False,0,0,0,9260.764452104464,9369.713178081702,Rota_Reduzida,1
pedido_9265.584002726344_389,106.03341006497183,96.88921189241452,96.88921189241452,18.108305614554318,10,4.80996840749797,Moto,Windy,Low,Metropolitian,True,0,0,0,9265.584002726344,9372.473214618758,Nenhuma,1
pedido_9240.108665315242_369,151.02971091692942,133.26641557226964,118.26641557226964,16.142354451576487,15,4.633877322273464,Scooter,Foggy,Jam,Metropolitian,False,0,1,0,9240.108665315242,9373.375080887512,Aumento_Velocidade,1
pedido_9266.07805588416_390,97.52774111935356,102.36542855183848,102.36542855183848,8.82086326084454,5,4.8879412543169085,Moto,Sunny,Low,Urban,False,0,0,1,9266.07805588416,9373.443484435998,Nenhuma,1
pedido_9287.055166090848_397,105.0206591909443,97.6566718543154,82.6566718543154,16.64630561708477,5,4.68148620094562,Scooter,Sunny,High,Metropolitian,True,0,1,1,9287.055166090848,9374.711837945164,Aumento_Velocidade,1
pedido_9250.189043622922_375,133.33725161602644,117.1122811651455,117.1122811651455,3.349844195354124,10,4.108187047177798,Moto,Sandstorms,Low,Urban,False,0,0,0,9250.189043622922,9377.301324788068,Nenhuma,1
pedido_9223.809251720064_356,140.67891960222244,149.22191789572898,149.22191789572898,13.477577347931648,5,5.0,Van,Stormy,Jam,Metropolitian,True,0,1,0,9223.809251720064,9378.031169615793,Nenhuma,0
pedido_9360.787031274296_431,39.85660761665659,15.635403817110415,15.635403817110415,3.9378968148726416,5,4.579102399504732,Moto,Sunny,Jam,Metropolitian,True,1,1,1,9360.787031274296,9381.422435091406,Nenhuma,1
pedido_9258.221492334858_380,133.83332144049882,128.29467515191453,113.29467515191453,2.02405595081931,10,4.740994266215698,Scooter,Foggy,High,Metropolitian,False,0,1,0,9258.221492334858,9381.516167486772,Aumento_Velocidade,1
pedido_9284.523524682108_395,101.29554141607021,90.51194918917362,90.51194918917362,16.235602636075093,10,4.915700885575329,Van,Sunny,High,Metropolitian,False,0,1,1,9284.523524682108,9385.035473871281,Nenhuma,1
pedido_9236.453225058782_367,141.5653798675711,160.88181605377795,145.88181605377795,18.255117618021625,5,4.77436073463403,Moto,Foggy,High,Metropolitian,False,0,1,0,9236.453225058782,9387.33504111256,Aumento_Velocidade,0
pedido_9250.049290315716_374,137.75369299312413,147.64373199866117,132.64373199866117,18.31285157601729,5,4.985454447762558,Scooter,Stormy,Jam,Metropolitian,False,0,1,0,9250.049290315716,9387.693022314377,Aumento_Velocidade,0
pedido_9258.46775947617_381,136.54065265011644,129.33309791614283,114.33309791614283,17.27199977444539,15,4.816759572705149,Moto,Windy,Jam,Metropolitian,False,0,1,0,9258.46775947617,9387.800857392314,Aumento_Velocidade,1
pedido_9255.663174683883_376,130.46484824925682,143.4245712491272,128.4245712491272,4.680828891542111,5,5.0,Scooter,Stormy,High,Metropolitian,False,0,1,0,9255.663174683883,9389.08774593301,Aumento_Velocidade,0
pedido_9242.937260858384_371,171.006937332339,157.59170641655808,142.59170641655808,3.123974620707764,5,4.4334037185083846,Moto,Stormy,Medium,Metropolitian,False,0,0,0,9242.937260858384,9390.528967274942,Rota_Reduzida,0
pedido_9265.106957810676_388,133.4939360579514,129.4347340680347,114.43473406803469,7.412167626406074,15,4.543926201601514,Moto,Sandstorms,Medium,Metropolitian,False,0,0,0,9265.106957810676,9394.54169187871,Rota_Reduzida,1
pedido_9280.47089727803_394,133.1817589023007,118.92969614772954,103.92969614772954,8.464962307272689,15,4.832292648694636,Moto,Foggy,High,Metropolitian,False,0,1,0,9280.47089727803,9399.40059342576,Aumento_Velocidade,1
pedido_9360.190639916033_430,44.011509526699896,27.23433624878671,27.23433624878671,4.52612452981184,15,4.892914027185162,Moto,Stormy,Medium,Metropolitian,False,1,0,0,9360.190639916033,9402.424976164819,Nenhuma,1
pedido_9290.480030346596_398,129.99146977646632,124.17826045903846,109.17826045903846,13.07236325322794,5,4.667150307088605,Moto,Stormy,High,Metropolitian,False,0,1,0,9290.480030346596,9404.658290805635,Aumento_Velocidade,1
pedido_9286.01448173734_396,130.17847072221292,116.43461803229094,116.43461803229094,2.3297473340253267,5,4.808531621014079,Van,Sandstorms,High,Metropolitian,True,0,1,0,9286.01448173734,9407.449099769632,Nenhuma,1
pedido_9293.356134306747_400,130.77464878307057,118.15887800218957,103.15887800218957,5.383790179031455,15,4.683858113811007,Scooter,Windy,High,Metropolitian,False,0,1,0,9293.356134306747,9411.515012308937,Aumento_Velocidade,1
pedido_9353.16490642542_428,50.60543510631817,54.06234585039468,54.06234585039468,12.427467974552975,5,4.530076889917585,Moto,Windy,Medium,Metropolitian,False,1,0,0,9353.16490642542,9412.227252275814,Nenhuma,1
pedido_9293.886526322509_401,125.56258426440225,114.85908409904216,114.85908409904216,8.348584710973164,5,4.58475353497419,Van,Foggy,Medium,Metropolitian,False,0,0,0,9293.886526322509,9413.74561042155,Nenhuma,1
pedido_9308.315713458765_405,103.223099969667,100.57375856836022,100.57375856836022,8.44664221725005,5,4.691680981434146,Scooter,Stormy,Low,Metropolitian,False,0,0,0,9308.315713458765,9413.889472027126,Nenhuma,1
pedido_9310.47218497827_407,132.1214206828547,108.61336899938118,93.61336899938118,5.391046077871907,10,4.644078919513831,Moto,Sandstorms,High,Metropolitian,False,0,1,0,9310.47218497827,9414.085553977651,Aumento_Velocidade,1
pedido_9308.705150928658_406,102.32355742919415,115.00156982451304,100.00156982451304,14.525752680032918,10,4.712310341128944,Scooter,Sunny,Medium,Urban,False,0,0,1,9308.705150928658,9418.70672075317,Rota_Reduzida,1
pedido_9235.91174774147_366,185.45332183740257,192.87128289043807,177.87128289043807,17.981385470823305,5,4.321207556726367,Moto,Stormy,High,Metropolitian,True,0,1,0,9235.91174774147,9418.783030631907,Aumento_Velocidade,0
pedido_9330.78297326354_413,100.19568987887821,73.77718131473797,73.77718131473797,4.890326231986665,15,5.0,Moto,Stormy,Low,Metropolitian,False,0,0,0,9330.78297326354,9419.560154578277,Nenhuma,1
pedido_9257.153576038025_379,189.0403421033913,176.01862423149342,161.01862423149342,11.94816577762503,5,4.337233895896371,Moto,Foggy,High,Metropolitian,False,0,1,0,9257.153576038025,9423.172200269519,Aumento_Velocidade,0
pedido_9341.947598568879_423,99.62715641296285,82.59589560681779,67.59589560681779,3.9010241890635515,15,4.6827225265162795,Scooter,Sunny,High,Metropolitian,True,0,1,1,9341.947598568879,9424.543494175696,Aumento_Velocidade,1
pedido_9313.511602574668_408,135.88974003663375,118.18141641006318,103.18141641006318,9.817495361148898,10,4.6396751457344525,Moto,Windy,High,Metropolitian,False,0,1,0,9313.511602574668,9426.693018984732,Aumento_Velocidade,1
pedido_9296.80020263921_402,136.81698593570798,140.08788112889982,125.08788112889982,14.979346472572269,5,4.760434576274908,Scooter,Sandstorms,Medium,Metropolitian,False,0,0,0,9296.80020263921,9426.88808376811,Rota_Reduzida,0
pedido_9323.80567707985_410,103.03064534750423,105.96783556952234,90.96783556952234,14.596132932857415,15,4.502030252021217,Moto,Sunny,Medium,Metropolitian,False,0,0,1,9323.80567707985,9429.773512649374,Rota_Reduzida,1
pedido_9353.049555077727_427,94.27841153683677,77.27292360327212,62.27292360327212,6.98780770310618,15,4.630902228006517,Moto,Sunny,Medium,Metropolitian,False,0,0,1,9353.049555077727,9430.322478680999,Rota_Reduzida,1
pedido_9291.31408524943_399,133.7326173331883,151.79412101701092,136.79412101701092,13.523104571134159,5,4.592161623623432,Scooter,Windy,Medium,Metropolitian,False,0,0,0,9291.31408524943,9433.10820626644,Rota_Reduzida,0
pedido_9327.585651040215_411,134.10685412939617,111.27490669850738,96.27490669850738,17.95010006809249,10,4.66841314497729,Scooter,Stormy,Medium,Metropolitian,False,0,0,0,9327.585651040215,9433.860557738722,Rota_Reduzida,1
pedido_9333.008285129634_418,133.70876001347384,107.10258581476565,92.10258581476565,13.6858956865266,10,4.653464823093128,Moto,Stormy,Jam,Metropolitian,False,0,1,0,9333.008285129634,9435.1108709444,Aumento_Velocidade,1
pedido_9301.538070977918_403,133.33356138466675,141.50129319922078,126.50129319922078,15.61300741065489,10,4.922760411038844,Moto,Stormy,Jam,Urban,False,0,1,0,9301.538070977918,9438.039364177139,Aumento_Velocidade,0
pedido_9351.339012560707_426,129.4874517492607,90.85060272054102,75.85060272054102,4.271307591706302,15,4.729286227114795,Moto,Windy,High,Metropolitian,True,0,1,0,9351.339012560707,9442.189615281248,Aumento_Velocidade,1
pedido_9336.174211585252_421,137.72017921631883,109.43585871830213,94.43585871830213,18.330245613297727,15,5.0,Moto,Windy,High,Metropolitian,False,0,1,0,9336.174211585252,9445.610070303554,Aumento_Velocidade,1
pedido_9347.34507638_425,131.65737561148538,104.45219660457863,89.45219660457863,3.5773350918447395,10,4.450072217882348,Moto,Sandstorms,Medium,Metropolitian,True,0,0,0,9347.34507638,9446.797272984579,Rota_Reduzida,1
pedido_9339.138043280092_422,136.5304568569866,112.67207862324972,97.67207862324972,18.374292420763336,10,4.492809231017489,Moto,Sandstorms,High,Metropolitian,False,0,1,0,9339.138043280092,9446.810121903341,Aumento_Velocidade,1
pedido_9374.655682818098_442,97.64785828064164,72.16227141326723,57.162271413267234,8.550894439570259,15,4.792252122032395,Moto,Sunny,High,Metropolitian,True,0,1,1,9374.655682818098,9446.817954231365,Aumento_Velocidade,1
pedido_9274.634899438688_393,174.37299506353975,168.273824715085,168.273824715085,4.7853728484920275,5,4.424578504359674,Van,Windy,High,Metropolitian,False,0,1,0,9274.634899438688,9447.908724153773,Nenhuma,0
pedido_9344.031265217407_424,94.59897983503738,95.15771206701486,95.15771206701486,8.19564595767401,10,4.671214515843863,Van,Sunny,High,Metropolitian,False,0,1,1,9344.031265217407,9449.188977284422,Nenhuma,1
pedido_9363.948879049372_434,98.22943655654841,85.48553341389342,70.48553341389342,10.172776219135361,15,4.583568870348971,Scooter,Sunny,Medium,Metropolitian,False,0,0,1,9363.948879049372,9449.434412463266,Rota_Reduzida,1
pedido_9331.319214486484_415,123.39882070508894,108.89321171473762,108.89321171473762,3.915751447467894,10,4.73026458848677,Van,Stormy,Jam,Urban,False,0,1,0,9331.319214486484,9450.212426201222,Nenhuma,1
pedido_9334.574188527507_419,131.42027128187917,127.21690381174193,112.21690381174193,6.90961443063265,5,4.531408263981131,Moto,Foggy,High,Metropolitian,False,0,1,0,9334.574188527507,9451.79109233925,Aumento_Velocidade,1
pedido_9303.35647133286_404,173.1270812151615,154.63465511020507,139.63465511020507,8.160251689622948,10,4.412096789586944,Moto,Windy,Medium,Metropolitian,False,0,0,0,9303.35647133286,9452.991126443065,Rota_Reduzida,0
pedido_9334.66127755549_420,136.28143219805156,120.53162534155288,105.53162534155288,7.139452655549467,15,4.585657312205126,Moto,Windy,Medium,Metropolitian,False,0,0,0,9334.66127755549,9455.192902897043,Rota_Reduzida,1
pedido_9328.494444323669_412,131.11294560379613,135.5573498697407,120.5573498697407,8.01666899514359,10,4.859287725472323,Moto,Sandstorms,High,Metropolitian,False,0,1,0,9328.494444323669,9459.05179419341,Aumento_Velocidade,0
pedido_9331.11134652584_414,130.4892595588676,138.7881769337242,123.7881769337242,11.101708464948242,5,4.75754338036718,Moto,Stormy,High,Metropolitian,False,0,1,0,9331.11134652584,9459.899523459564,Aumento_Velocidade,0
pedido_9355.629105538657_429,137.98688427404485,104.4406793755602,89.4406793755602,11.522738147084734,15,4.7611378569638765,Moto,Sandstorms,Medium,Metropolitian,True,0,0,0,9355.629105538657,9460.069784914218,Rota_Reduzida,1
pedido_9378.292424948355_445,100.05672706574049,91.88678361142222,76.88678361142222,9.775260534388517,5,4.996441920795065,Moto,Sunny,High,Metropolitian,True,0,1,1,9378.292424948355,9460.179208559777,Aumento_Velocidade,1
pedido_9364.161148623574_435,131.43805205060914,102.65482121823733,87.65482121823733,8.156854184496185,10,4.687853997058036,Moto,Sandstorms,High,Metropolitian,False,0,1,0,9364.161148623574,9461.815969841811,Aumento_Velocidade,1
pedido_9332.928899556106_417,128.38993636279594,134.06764050147208,119.06764050147208,4.812107728868118,15,4.584767625625496,Moto,Windy,Jam,Metropolitian,False,0,1,0,9332.928899556106,9466.996540057578,Aumento_Velocidade,1
pedido_9361.813700263712_432,126.80849379585489,111.66107598187892,96.66107598187892,4.139129976196593,10,4.63396518700119,Moto,Stormy,High,Metropolitian,True,0,1,0,9361.813700263712,9468.474776245592,Aumento_Velocidade,1
pedido_9390.106815720657_449,131.53174483464744,81.33832662893778,66.33832662893778,3.936689031469215,15,4.916418937869588,Scooter,Sandstorms,Medium,Urban,False,0,0,0,9390.106815720657,9471.445142349596,Rota_Reduzida,1
pedido_9372.219374426928_439,126.58022328605264,104.30224609346608,89.30224609346608,0.0,10,4.676199883231117,Moto,Windy,Jam,Metropolitian,False,0,1,0,9372.219374426928,9471.521620520394,Aumento_Velocidade,1
pedido_9377.488629888589_444,130.92499823761014,107.7034481166364,92.7034481166364,8.946289227242273,5,4.46003697171534,Scooter,Sandstorms,High,Urban,False,0,1,0,9377.488629888589,9475.192078005224,Aumento_Velocidade,1
pedido_9371.286968634106_438,111.78719494047783,108.96275221275539,93.96275221275539,11.033377521146097,10,4.4964899914995415,Scooter,Sunny,Jam,Metropolitian,True,0,1,1,9371.286968634106,9475.249720846861,Aumento_Velocidade,1
pedido_9319.639777363704_409,171.00538873364516,164.05692224389978,149.05692224389978,1.2720150977383513,10,4.374995417733048,Moto,Stormy,Jam,Metropolitian,False,0,1,0,9319.639777363704,9478.696699607603,Aumento_Velocidade,0
pedido_9332.47904944297_416,134.35381306323993,142.7937403622679,142.7937403622679,10.440230717213261,5,4.635344734618369,Van,Sandstorms,High,Urban,False,0,1,0,9332.47904944297,9480.272789805238,Nenhuma,0
pedido_9373.273005938441_440,102.17306359389829,98.41234551065617,98.41234551065617,15.630558096008548,10,4.50742111157629,Moto,Sandstorms,Low,Metropolitian,False,0,0,0,9373.273005938441,9481.685351449098,Nenhuma,1
pedido_9367.2616185646_437,134.26524228980983,119.92074991614072,104.92074991614072,4.2259029824821095,10,4.778336367507468,Moto,Windy,Medium,Metropolitian,False,0,0,0,9367.2616185646,9482.18236848074,Rota_Reduzida,1
pedido_9380.584718515684_446,130.2615789432147,117.12672359502359,102.12672359502359,9.838281956186236,5,4.674007417963916,Moto,Stormy,High,Metropolitian,False,0,1,0,9380.584718515684,9487.711442110707,Aumento_Velocidade,1
pedido_9440.296459452158_477,36.20048588074583,33.12686954389319,33.12686954389319,0.543603452130343,15,4.8176467843692965,Moto,Windy,Low,Metropolitian,False,1,0,0,9440.296459452158,9488.423328996052,Nenhuma,1
pedido_9385.39433763011_448,127.8981149497808,88.74410825465928,88.74410825465928,1.3255541921185436,15,4.687407729755328,Van,Stormy,High,Urban,False,0,1,0,9385.39433763011,9489.13844588477,Nenhuma,1
pedido_9471.89796952183_499,44.44251267873931,14.018947733709528,14.018947733709528,6.9312564164227455,5,4.543417040859669,Moto,Windy,High,Metropolitian,False,1,1,0,9471.89796952183,9490.91691725554,Nenhuma,1
pedido_9374.126408149337_441,128.0005474843919,110.52593224581685,110.52593224581685,4.038476731237058,15,4.874620808208884,Van,Stormy,High,Metropolitian,False,0,1,0,9374.126408149337,9499.652340395154,Nenhuma,1
pedido_9363.10431043947_433,140.95156557772603,143.8331895148692,128.8331895148692,9.947235190232588,10,4.8994187601789925,Moto,Foggy,Jam,Metropolitian,False,0,1,0,9363.10431043947,9501.93749995434,Aumento_Velocidade,0
pedido_9376.276644315063_443,133.909507584409,126.44818386490772,111.44818386490772,9.013087187328495,15,4.845269510244016,Moto,Sandstorms,Medium,Urban,False,0,0,0,9376.276644315063,9502.724828179971,Rota_Reduzida,1
pedido_9364.499509642486_436,150.28616957819347,140.38930904474302,125.38930904474302,16.63001170276321,15,4.720743904190726,Moto,Foggy,Jam,Metropolitian,True,0,1,0,9364.499509642486,9504.88881868723,Aumento_Velocidade,0
pedido_9403.186016156673_452,102.93791356336945,92.11341390944396,92.11341390944396,15.717587437650195,10,4.741556284249486,Moto,Sandstorms,Low,Metropolitian,False,0,0,0,9403.186016156673,9505.299430066118,Nenhuma,1
pedido_9382.070773855306_447,141.5803288898098,130.54279653050537,115.54279653050537,18.299475475704497,10,4.511279721123583,Scooter,Windy,Jam,Metropolitian,True,0,1,0,9382.070773855306,9507.613570385813,Aumento_Velocidade,1
pedido_9399.576937643355_451,129.36101408685738,115.7740697191158,100.7740697191158,16.286627168820257,15,4.71335109723109,Moto,Stormy,High,Metropolitian,False,0,1,0,9399.576937643355,9515.351007362471,Aumento_Velocidade,1
pedido_9438.91703936192_476,110.10222258042758,79.95728009030147,64.95728009030147,14.752426806418775,15,5.0,Moto,Sunny,Jam,Metropolitian,True,0,1,1,9438.91703936192,9518.874319452221,Aumento_Velocidade,1
pedido_9455.45993238341_490,99.2408284192175,70.23796964648565,55.23796964648565,0.0,10,4.714194424183069,Scooter,Sunny,High,Metropolitian,True,0,1,1,9455.45993238341,9520.697902029895,Aumento_Velocidade,1
pedido_9411.324388944577_457,101.1568771306833,107.79570983334644,107.79570983334644,0.2769323012590732,5,4.994679335996047,Van,Sandstorms,Low,Urban,True,0,0,0,9411.324388944577,9524.120098777923,Nenhuma,1
pedido_9421.910108237722_466,136.5398492498131,104.16132268205467,89.16132268205467,5.189533945411214,15,4.747704216464806,Moto,Windy,Medium,Urban,False,0,0,0,9421.910108237722,9526.071430919777,Rota_Reduzida,1
pedido_9395.730349896841_450,132.65520812979105,132.62145032816903,117.62145032816903,6.723782516960663,15,4.648398980979079,Scooter,Windy,High,Urban,False,0,1,0,9395.730349896841,9528.351800225011,Aumento_Velocidade,1
pedido_9409.827391298299_456,125.93479861990818,129.13802526474728,114.13802526474728,8.743015420506985,5,4.54894628002161,Moto,Sandstorms,Jam,Urban,False,0,1,0,9409.827391298299,9528.965416563045,Aumento_Velocidade,1
pedido_9426.397398188195_469,129.76486193434457,109.96962735712074,94.96962735712074,14.727609586569198,10,4.589877202478757,Scooter,Stormy,High,Metropolitian,False,0,1,0,9426.397398188195,9531.367025545316,Aumento_Velocidade,1
pedido_9414.327200362177_459,127.77893736758784,120.09250586275391,105.09250586275391,6.401456858181019,15,4.561562646937125,Scooter,Sandstorms,Jam,Urban,False,0,1,0,9414.327200362177,9534.419706224931,Aumento_Velocidade,1
pedido_9425.425432846392_468,102.8279698365773,94.11743716620796,94.11743716620796,11.753621462616056,15,4.8695061813909,Moto,Sandstorms,Low,Metropolitian,True,0,0,0,9425.425432846392,9534.5428700126,Nenhuma,1
pedido_9459.838824942708_492,94.58990353618861,84.90208108298383,69.90208108298383,8.009700121963068,5,4.929245477317655,Scooter,Sunny,High,Urban,False,0,1,1,9459.838824942708,9534.740906025692,Aumento_Velocidade,1
pedido_9449.665310561393_484,97.86460107041489,90.48458485516576,75.48458485516576,6.649317649885054,10,4.839083176252349,Moto,Sunny,High,Metropolitian,True,0,1,1,9449.665310561393,9535.149895416558,Aumento_Velocidade,1
pedido_9404.814073089157_453,129.55369318604343,119.8995453553789,119.8995453553789,3.9510212314114046,15,4.902367135959067,Van,Windy,High,Metropolitian,True,0,1,0,9404.814073089157,9539.713618444537,Nenhuma,1
pedido_9411.57586201911_458,141.2801078036962,133.23664345046186,118.23664345046186,16.485872261896475,10,4.729058903133334,Moto,Foggy,High,Metropolitian,False,0,1,0,9411.57586201911,9539.812505469572,Aumento_Velocidade,1
pedido_9436.980170345412_473,103.42555449491033,92.92005481683627,92.92005481683627,15.954605686295572,10,4.699079324358717,Moto,Windy,Low,Metropolitian,False,0,0,0,9436.980170345412,9539.900225162248,Nenhuma,1
pedido_9440.62745692675_478,104.68946350435597,90.16655657924522,90.16655657924522,15.771719627259682,10,5.0,Moto,Stormy,Low,Metropolitian,True,0,0,0,9440.62745692675,9540.794013505994,Nenhuma,1
pedido_9489.699836460495_512,71.3101963235956,52.30837762596988,37.30837762596988,7.210879604205331,15,4.242551386063833,Scooter,Sunny,Jam,Metropolitian,False,1,1,1,9489.699836460495,9542.008214086465,Aumento_Velocidade,1
pedido_9506.32852961124_527,43.51135908545084,21.581669141372075,21.581669141372075,6.610408811730279,15,4.599797754935842,Moto,Foggy,High,Urban,True,1,1,0,9506.32852961124,9542.910198752614,Nenhuma,1
pedido_9420.578408254645_464,140.58333922900198,128.07230141641992,113.07230141641992,14.146045467294423,10,4.530025926450951,Moto,Foggy,High,Urban,False,0,1,0,9420.578408254645,9543.650709671065,Aumento_Velocidade,1
pedido_9418.34893995179_461,149.1076947561497,133.13605756367198,118.13605756367198,15.12701210347185,15,4.695667580225555,Scooter,Foggy,Jam,Metropolitian,False,0,1,0,9418.34893995179,9551.484997515461,Aumento_Velocidade,1
pedido_9421.147150280458_465,143.87999213971185,131.61795323192118,116.61795323192118,14.312333408047767,15,4.803950390293153,Moto,Foggy,High,Metropolitian,True,0,1,0,9421.147150280458,9552.76510351238,Aumento_Velocidade,1
pedido_9429.467571756159_471,136.34491385489824,126.05686670663565,111.05686670663565,15.566325351937738,15,4.974584799212696,Moto,Sandstorms,High,Metropolitian,True,0,1,0,9429.467571756159,9555.524438462795,Aumento_Velocidade,1
pedido_9498.805165347438_520,46.899945418425126,47.700790483571154,47.700790483571154,17.46526729862022,10,4.555909347979477,Moto,Sandstorms,High,Metropolitian,False,1,1,0,9498.805165347438,9556.50595583101,Nenhuma,1
pedido_9454.992119267292_488,98.30910558427979,91.52667143802599,91.52667143802599,2.3550747076738525,10,4.751635915081351,Scooter,Foggy,Low,Metropolitian,True,0,0,0,9454.992119267292,9556.518790705319,Nenhuma,1
pedido_9420.02211351261_463,131.31950454912854,122.19224420341305,122.19224420341305,11.128618051067626,15,4.5756598353081195,Van,Stormy,High,Urban,False,0,1,0,9420.02211351261,9557.214357716024,Nenhuma,0
pedido_9418.778489031582_462,135.3983743742958,129.14534494591686,129.14534494591686,5.625389206346552,10,4.312729660096937,Moto,Windy,Low,Metropolitian,True,0,0,0,9418.778489031582,9557.923833977498,Nenhuma,0
pedido_9405.869897147399_455,145.70085110387973,159.25201576311034,144.25201576311034,19.599582882221384,10,4.539022442913264,Scooter,Foggy,High,Metropolitian,True,0,1,0,9405.869897147399,9560.121912910508,Aumento_Velocidade,0
pedido_9442.01119322738_480,124.33717820178744,133.19659143682682,113.19659143682682,15.324393842411089,5,4.699210016855959,Moto,Windy,High,Other,False,0,1,0,9442.01119322738,9560.207784664206,Rota_Reduzida,1
pedido_9466.674410526113_495,101.92106332080041,99.66906869826956,84.66906869826956,14.315701453647314,10,4.795403163609083,Moto,Sunny,High,Metropolitian,False,0,1,1,9466.674410526113,9561.343479224382,Aumento_Velocidade,1
pedido_9428.024616198913_470,140.5820936493151,134.28773125101307,119.28773125101307,13.924392229662613,15,4.772815551949678,Scooter,Foggy,High,Metropolitian,False,0,1,0,9428.024616198913,9562.312347449926,Aumento_Velocidade,1
pedido_9429.732733582181_472,136.80719144610694,138.05704726944555,123.05704726944555,5.682156352112183,10,4.513536736511703,Moto,Windy,Medium,Urban,True,0,0,0,9429.732733582181,9562.789780851626,Rota_Reduzida,0
pedido_9455.254189100535_489,102.75661719259675,100.15646444261094,100.15646444261094,6.04760243101623,10,4.624824158573043,Scooter,Stormy,Low,Metropolitian,False,0,0,0,9455.254189100535,9565.410653543146,Nenhuma,1
pedido_9447.25959938059_482,98.71650902594666,104.38404197773889,104.38404197773889,5.063178657852948,15,4.615110402250392,Van,Sunny,High,Metropolitian,False,0,1,1,9447.25959938059,9566.643641358329,Nenhuma,1
pedido_9465.832532531238_493,132.3272512953978,101.60947106479138,86.60947106479138,6.23495525712964,15,4.9088922139475875,Moto,Stormy,Medium,Metropolitian,False,0,0,0,9465.832532531238,9567.44200359603,Rota_Reduzida,1
pedido_9465.833479927953_494,124.605202409553,116.80673551203428,96.80673551203428,15.93567459628134,5,4.4691170373570355,Moto,Windy,High,Other,False,0,1,0,9465.833479927953,9567.640215439988,Rota_Reduzida,1
pedido_9451.333230412194_485,125.56258426440225,121.49496260121481,106.49496260121481,8.008000229866145,10,4.554824401130857,Scooter,Foggy,Medium,Metropolitian,False,0,0,0,9451.333230412194,9567.828193013409,Rota_Reduzida,1
pedido_9448.347304397095_483,126.92720565870908,107.10735487539489,107.10735487539489,6.105646466726657,15,4.8322398588581015,Van,Stormy,Jam,Urban,False,0,1,0,9448.347304397095,9570.454659272491,Nenhuma,1
pedido_9405.568665889163_454,187.13197790804762,172.7976902544224,157.7976902544224,12.835805442437824,10,4.303757663322932,Moto,Stormy,High,Metropolitian,False,0,1,0,9405.568665889163,9573.366356143586,Aumento_Velocidade,0
pedido_9416.708212036858_460,174.17173182809626,167.8263445376108,152.8263445376108,4.239138083730593,5,4.42565496367512,Moto,Windy,High,Urban,False,0,1,0,9416.708212036858,9574.534556574468,Aumento_Velocidade,0
pedido_9519.406730401755_529,44.45165648914523,41.826078388427284,41.826078388427284,16.30732188426451,15,4.626601652152293,Scooter,Stormy,High,Urban,False,1,1,0,9519.406730401755,9576.232808790182,Nenhuma,1
pedido_9437.20703781877_474,170.82133409206986,149.22066830397168,134.22066830397168,4.59604843399945,5,4.372987293950181,Moto,Stormy,Medium,Urban,True,0,0,0,9437.20703781877,9576.42770612274,Rota_Reduzida,0
pedido_9486.697990744251_508,99.003947290643,100.97418803038099,85.97418803038099,4.022971509797356,5,5.0,Moto,Sunny,High,Metropolitian,False,0,1,1,9486.697990744251,9577.672178774632,Aumento_Velocidade,1
pedido_9446.900434699366_481,133.54052809759443,137.29684521739415,122.29684521739415,8.511982907864573,10,4.724834895963728,Moto,Foggy,High,Metropolitian,False,0,1,0,9446.900434699366,9579.19727991676,Aumento_Velocidade,0
pedido_9550.393141969362_547,49.49780834105232,25.516109935893077,25.516109935893077,1.357680469118344,5,4.889850880201692,Scooter,Windy,High,Metropolitian,False,1,1,0,9550.393141969362,9580.909251905256,Nenhuma,1
pedido_9500.119662446616_522,95.5788166304276,86.80921763912825,71.80921763912825,6.934384783470483,10,4.563499744982351,Scooter,Sunny,High,Metropolitian,False,0,1,1,9500.119662446616,9581.928880085743,Aumento_Velocidade,1
pedido_9458.467225224895_491,131.97394327279736,128.65562599956513,113.65562599956513,7.535437234768953,10,5.0,Moto,Stormy,High,Metropolitian,False,0,1,0,9458.467225224895,9582.12285122446,Aumento_Velocidade,1
pedido_9482.54928320592_505,127.16360293011341,107.44694543613316,92.44694543613316,1.51536258530591,10,4.653183338807307,Moto,Foggy,Jam,Metropolitian,False,0,1,0,9482.54928320592,9584.996228642054,Aumento_Velocidade,1
pedido_9482.265617003903_504,130.5840820227643,105.74307776033089,90.74307776033089,4.141931528515057,15,4.874085637751737,Scooter,Windy,High,Metropolitian,False,0,1,0,9482.265617003903,9588.008694764234,Aumento_Velocidade,1
pedido_9468.455393688646_497,136.3599578390772,130.8659683672412,115.86596836724121,6.695150722846181,5,4.596163207755673,Moto,Windy,Medium,Metropolitian,False,0,0,0,9468.455393688646,9589.321362055887,Rota_Reduzida,1
pedido_9490.442098579708_514,131.24959913617099,109.29885863590508,94.29885863590508,6.823492127444879,5,4.488950528550688,Moto,Sandstorms,High,Urban,False,0,1,0,9490.442098579708,9589.740957215612,Aumento_Velocidade,1
pedido_9453.474303466492_487,128.1223973345969,131.7134024627433,131.7134024627433,6.081628200946113,5,4.702565677497064,Van,Stormy,High,Metropolitian,False,0,1,0,9453.474303466492,9590.187705929235,Nenhuma,0
pedido_9498.703825687302_519,95.7534846130962,91.5119726462096,76.5119726462096,8.082590914806158,15,4.965271299534474,Moto,Sunny,High,Urban,False,0,1,1,9498.703825687302,9590.215798333511,Aumento_Velocidade,1
pedido_9481.271968077892_503,134.14109550680436,114.73282486341239,99.73282486341239,4.862777967225189,10,4.565005648065642,Scooter,Foggy,High,Metropolitian,False,0,1,0,9481.271968077892,9591.004792941305,Aumento_Velocidade,1
pedido_9493.245671114464_515,139.1137758490634,98.39778809738468,83.39778809738468,21.79113524792594,15,4.991142431278914,Scooter,Stormy,Medium,Metropolitian,False,0,0,0,9493.245671114464,9591.64345921185,Rota_Reduzida,1
pedido_9437.294139448575_475,177.3275590032963,154.35422424091217,139.35422424091217,4.631863308716947,15,4.376222640615355,Scooter,Sandstorms,High,Metropolitian,True,0,1,0,9437.294139448575,9591.648363689488,Aumento_Velocidade,0
pedido_9423.347254468694_467,184.5462759946317,173.83966165392087,158.83966165392087,14.987876832209528,10,4.34054037225267,Scooter,Stormy,Medium,Urban,False,0,0,0,9423.347254468694,9592.186916122615,Rota_Reduzida,0
pedido_9466.800364611243_496,129.14296106423552,136.51600814085674,121.51600814085674,5.614324826010141,5,4.695127369637,Moto,Windy,High,Metropolitian,True,0,1,0,9466.800364611243,9593.3163727521,Aumento_Velocidade,0
pedido_9470.37114179901_498,132.995615172204,125.715736697882,110.715736697882,15.60751026354829,15,4.704952568596314,Moto,Stormy,Jam,Metropolitian,False,0,1,0,9470.37114179901,9596.086878496893,Aumento_Velocidade,1
pedido_9441.276454617737_479,189.60295757397245,155.34056759470366,140.34056759470366,20.21777553759173,15,4.360465031450715,Moto,Foggy,High,Metropolitian,False,0,1,0,9441.276454617737,9596.61702221244,Aumento_Velocidade,0
pedido_9527.605377990183_532,95.31184662123282,79.73367596185481,64.73367596185481,1.9911528846361874,5,4.665687198436244,Moto,Sunny,High,Metropolitian,False,0,1,1,9527.605377990183,9597.339053952039,Aumento_Velocidade,1
pedido_9486.796515159464_510,129.6934935596865,121.95747207363765,106.95747207363765,2.708182086984679,5,4.857367649134413,Scooter,Windy,High,Urban,True,0,1,0,9486.796515159464,9598.753987233102,Aumento_Velocidade,1
pedido_9479.276235983527_502,132.61554409883271,124.6244683117844,109.6244683117844,0.8620342035688076,10,4.884617853910312,Moto,Foggy,High,Metropolitian,True,0,1,0,9479.276235983527,9598.90070429531,Aumento_Velocidade,1
pedido_9490.38548758362_513,133.8603358861522,114.83799983529951,99.83799983529951,5.3855751185062894,10,4.69315113301471,Moto,Foggy,High,Metropolitian,False,0,1,0,9490.38548758362,9600.22348741892,Aumento_Velocidade,1
pedido_9484.302175246372_506,124.23964613969471,126.0325941864375,111.0325941864375,0.9191374688821892,5,4.724201870390145,Moto,Sandstorms,Jam,Metropolitian,False,0,1,0,9484.302175246372,9600.33476943281,Aumento_Velocidade,1
pedido_9501.676436368867_524,102.35343894728885,104.96685798063068,89.96685798063068,17.00011875017156,10,4.64956920375533,Moto,Sunny,High,Metropolitian,False,0,1,1,9501.676436368867,9601.643294349498,Aumento_Velocidade,1
pedido_9473.14122921699_500,132.02274868357563,124.2053537862742,124.2053537862742,2.7093054319392826,5,4.719195043952656,Van,Sandstorms,High,Semi-Urban,False,0,1,0,9473.14122921699,9602.346583003264,Nenhuma,0
pedido_9486.004181777726_507,132.71799803863874,117.34941811125006,102.34941811125006,12.48826804125936,15,5.0,Scooter,Stormy,High,Metropolitian,False,0,1,0,9486.004181777726,9603.353599888975,Aumento_Velocidade,1
pedido_9451.949644814436_486,185.1769961375744,169.48401569396705,154.48401569396705,12.638379615212612,5,4.40213149662296,Moto,Sandstorms,High,Metropolitian,True,0,1,0,9451.949644814436,9611.433660508403,Aumento_Velocidade,0
pedido_9497.714474225784_518,103.46828788769676,112.22267765280694,112.22267765280694,11.139750109871816,5,4.72962370831789,Moto,Sandstorms,Low,Metropolitian,False,0,0,0,9497.714474225784,9614.937151878592,Nenhuma,1
pedido_9496.744101752905_517,135.33849522537614,129.22893892117804,114.22893892117804,11.376956690175653,5,4.930889846625733,Moto,Windy,High,Metropolitian,True,0,1,0,9496.744101752905,9615.973040674084,Aumento_Velocidade,1
pedido_9494.608396527086_516,133.4057264587414,124.10015143917136,109.10015143917136,3.0177687171210508,15,4.838505832195104,Moto,Foggy,High,Metropolitian,False,0,1,0,9494.608396527086,9618.708547966258,Aumento_Velocidade,1
pedido_9500.269117845233_523,102.44302841681966,113.88229589310788,113.88229589310788,3.43414701283629,5,4.8765002836519855,Scooter,Windy,Low,Metropolitian,False,0,0,0,9500.269117845233,9619.151413738342,Nenhuma,1
pedido_9581.203209087716_570,44.41327645604438,30.47999290649971,30.47999290649971,6.283834099290445,10,4.920848966513703,Scooter,Windy,High,Metropolitian,False,1,1,0,9581.203209087716,9621.683201994216,Nenhuma,1
pedido_9473.785833434316_501,133.83473246945337,157.90500196935096,142.90500196935096,12.638052563189316,5,4.9159238675519354,Scooter,Windy,High,Metropolitian,False,0,1,0,9473.785833434316,9621.690835403668,Aumento_Velocidade,0
pedido_9543.663075907752_538,102.84198900603003,89.43288029094208,74.43288029094208,8.233774981897136,5,4.533930097532599,Moto,Sunny,High,Metropolitian,False,0,1,1,9543.663075907752,9623.095956198695,Aumento_Velocidade,1
pedido_9487.385352237061_511,136.54065265011644,145.78629259005612,130.78629259005612,17.340294997108572,5,4.793613448792843,Moto,Windy,Jam,Metropolitian,False,0,1,0,9487.385352237061,9623.171644827116,Aumento_Velocidade,0
pedido_9544.9722917503_541,101.00884050999424,84.8850290988388,69.8850290988388,10.304576518981445,10,4.574807727157215,Scooter,Sunny,High,Metropolitian,False,0,1,1,9544.9722917503,9624.85732084914,Aumento_Velocidade,1
pedido_9486.733866694007_509,144.51237339562562,148.3736967593537,133.3736967593537,11.729494461852035,5,4.718061096532074,Moto,Foggy,High,Urban,True,0,1,0,9486.733866694007,9625.10756345336,Aumento_Velocidade,0
pedido_9561.043548193722_556,98.09455266861596,69.57707305882833,54.57707305882833,5.103072894472609,10,4.673062251149765,Moto,Sunny,High,Metropolitian,False,0,1,1,9561.043548193722,9625.62062125255,Aumento_Velocidade,1
pedido_9503.76672864918_525,130.08161788253125,127.1905745376655,112.1905745376655,0.0,10,5.0,Moto,Windy,Jam,Metropolitian,False,0,1,0,9503.76672864918,9625.957303186846,Aumento_Velocidade,1
pedido_9523.964226256396_530,125.9069267250954,110.29094599897564,95.29094599897564,6.900335134890737,10,4.749917123992186,Scooter,Foggy,Medium,Metropolitian,False,0,0,0,9523.964226256396,9629.25517225537,Rota_Reduzida,1
pedido_9551.166790020892_549,95.35388776223063,89.05982234602132,74.05982234602132,3.0219636930177205,5,4.71750234302557,Moto,Sunny,High,Urban,False,0,1,1,9551.166790020892,9630.226612366914,Aumento_Velocidade,1
pedido_9548.195190824224_544,100.51145701618718,94.47777054831843,79.47777054831843,2.2940086628566307,5,5.0,Scooter,Sunny,High,Urban,True,0,1,1,9548.195190824224,9632.672961372544,Aumento_Velocidade,1
pedido_9534.086752132755_536,102.66763271204293,91.34192821838207,91.34192821838207,3.8078786601801653,10,4.716333511119468,Scooter,Windy,Low,Metropolitian,False,0,0,0,9534.086752132755,9635.428680351137,Nenhuma,1
pedido_9525.615773588494_531,130.5357302082129,114.36821851220367,99.36821851220367,17.200811262121483,15,4.620598826627907,Moto,Stormy,High,Urban,False,0,1,0,9525.615773588494,9639.983992100697,Aumento_Velocidade,1
pedido_9612.62936998004_593,40.17250205602602,22.89680439620921,22.89680439620921,0.0,5,4.814383181293881,Scooter,Sunny,Jam,Urban,False,1,1,1,9612.62936998004,9640.52617437625,Nenhuma,1
pedido_9516.4989052011_528,130.2483135107235,122.7903455905047,122.7903455905047,3.795043066228212,5,4.859702626084795,Van,Sandstorms,High,Urban,True,0,1,0,9516.4989052011,9644.289250791606,Nenhuma,0
pedido_9538.612788767803_537,132.97686287647664,117.1488073880164,102.1488073880164,12.156564410462009,5,4.725722266078123,Moto,Windy,High,Metropolitian,False,0,1,0,9538.612788767803,9645.761596155819,Aumento_Velocidade,1
pedido_9498.817841334536_521,175.43030116636646,153.29882439333275,138.29882439333275,3.842872097841036,10,4.4147665535679135,Moto,Stormy,High,Metropolitian,False,0,1,0,9498.817841334536,9647.116665727868,Aumento_Velocidade,0
pedido_9548.632017189535_545,99.35091594877447,93.59972883202097,93.59972883202097,7.077233614561138,5,4.825543566472284,Moto,Foggy,Low,Metropolitian,False,0,0,0,9548.632017189535,9647.231746021556,Nenhuma,1
pedido_9553.617483051348_551,106.4484995729929,98.74002758235558,83.74002758235558,16.975376129299583,10,4.519813573419197,Moto,Sunny,High,Urban,False,0,1,1,9553.617483051348,9647.357510633703,Aumento_Velocidade,1
pedido_9528.74045972721_534,138.17277152482865,119.44476520744942,104.44476520744942,5.301662330844702,15,4.603537802145867,Moto,Windy,Medium,Metropolitian,True,0,0,0,9528.74045972721,9648.18522493466,Rota_Reduzida,1
pedido_9558.890265342421_554,109.7526513357712,84.09929375073763,84.09929375073763,17.253236751035505,10,5.0,Moto,Foggy,Low,Metropolitian,False,0,0,0,9558.890265342421,9652.98955909316,Nenhuma,1
pedido_9545.203650830706_542,103.95668446228377,98.19106612652814,98.19106612652814,20.805313206117077,15,4.7544186641585515,Van,Sunny,High,Urban,False,0,1,1,9545.203650830706,9658.394716957235,Nenhuma,1
pedido_9560.807741054849_555,99.67258338617857,103.1625285768032,88.1625285768032,9.148829151144984,10,4.738166841891927,Moto,Sunny,Jam,Metropolitian,True,0,1,1,9560.807741054849,9658.970269631653,Aumento_Velocidade,1
pedido_9544.349728063828_539,134.89431514508453,119.95593033496826,104.95593033496826,14.747056461250793,10,4.525397749764683,Moto,Windy,Medium,Urban,False,0,0,0,9544.349728063828,9659.305658398796,Rota_Reduzida,1
pedido_9571.19250191286_562,97.07196058382635,84.46907568963837,84.46907568963837,7.935772973485724,5,4.675348941143203,Moto,Sunny,Low,Metropolitian,False,0,0,1,9571.19250191286,9660.661577602497,Nenhuma,1
pedido_9574.637036331165_563,102.32355742919415,89.93514009966222,74.93514009966222,14.91243173645508,15,4.738647461811452,Scooter,Sunny,Medium,Urban,False,0,0,1,9574.637036331165,9664.572176430827,Rota_Reduzida,1
pedido_9545.546017136096_543,131.31007929737657,125.44821285849619,110.44821285849619,8.815191087102423,10,4.762770896879208,Scooter,Sandstorms,High,Metropolitian,False,0,1,0,9545.546017136096,9665.994229994592,Aumento_Velocidade,1
pedido_9563.007332859665_557,95.56837778300633,89.9111314680086,89.9111314680086,2.9349284043077453,15,4.8252377375507765,Moto,Sunny,Low,Metropolitian,True,0,0,1,9563.007332859665,9667.918464327673,Nenhuma,1
pedido_9565.804449898833_559,131.55356453290258,102.21042250061905,87.21042250061905,13.028430098107158,15,4.618521571858258,Moto,Stormy,High,Metropolitian,True,0,1,0,9565.804449898833,9668.014872399452,Aumento_Velocidade,1
pedido_9504.148209212644_526,177.78584191021494,170.70030450954118,155.70030450954118,6.5793033299519905,10,4.29732708925467,Scooter,Foggy,High,Metropolitian,False,0,1,0,9504.148209212644,9669.848513722185,Aumento_Velocidade,0
pedido_9528.048256366215_533,144.69042200172544,146.89194876632155,131.89194876632155,13.037050288896795,10,4.578793671356383,Moto,Foggy,High,Metropolitian,True,0,1,0,9528.048256366215,9669.940205132538,Aumento_Velocidade,0
pedido_9576.728227287129_565,102.4073167301282,89.93467279280196,89.93467279280196,12.236219006480573,5,4.685735908827754,Moto,Sandstorms,Low,Metropolitian,True,0,0,0,9576.728227287129,9671.662900079931,Nenhuma,1
pedido_9625.334295570246_600,44.794273797146566,41.6184464037924,41.6184464037924,2.292722483939522,5,4.545931705199943,Scooter,Stormy,Jam,Metropolitian,False,1,1,0,9625.334295570246,9671.952741974039,Nenhuma,1
pedido_9550.909074412933_548,133.68357605391355,123.68149093319832,108.68149093319832,3.3206729663290226,15,4.99065877990658,Moto,Windy,High,Metropolitian,False,0,1,0,9550.909074412933,9674.590565346132,Aumento_Velocidade,1
pedido_9596.047236173461_582,94.87554004418845,80.81651698955064,65.81651698955064,1.9884133435255351,15,4.924750005766915,Scooter,Sunny,High,Metropolitian,False,0,1,1,9596.047236173461,9676.863753163012,Aumento_Velocidade,1
pedido_9591.159154194085_578,108.82765921842399,87.94189554243164,72.94189554243164,20.127171858204782,15,4.834898695573161,Moto,Sunny,Jam,Metropolitian,False,0,1,1,9591.159154194085,9679.101049736517,Aumento_Velocidade,1
pedido_9604.563548029972_588,94.93444902906255,80.39997061896406,65.39997061896406,2.875706665149342,10,4.8321521942217,Moto,Sunny,High,Urban,False,0,1,1,9604.563548029972,9679.963518648936,Aumento_Velocidade,1
pedido_9553.315704475144_550,141.32008033116873,132.19852023982554,117.19852023982554,15.534616325375255,10,4.718466567860154,Moto,Foggy,High,Urban,False,0,1,0,9553.315704475144,9680.51422471497,Aumento_Velocidade,1
pedido_9637.50074101326_608,47.82322391679286,29.247008911229308,29.247008911229308,16.893033680611357,15,4.901485268193041,Moto,Windy,Jam,Metropolitian,True,1,1,0,9637.50074101326,9681.747749924489,Nenhuma,1
pedido_9565.353901772036_558,132.5890508583103,122.37563443983885,107.37563443983885,14.257824873692845,10,4.582640963727568,Scooter,Windy,High,Urban,False,0,1,0,9565.353901772036,9682.729536211875,Aumento_Velocidade,1
pedido_9569.008818165657_561,127.42475957070357,123.92376374247755,108.92376374247755,8.57004033084241,5,4.614169634932352,Moto,Stormy,Jam,Metropolitian,False,0,1,0,9569.008818165657,9682.932581908135,Aumento_Velocidade,1
pedido_9598.095769850184_585,101.60770588119756,84.91575820610736,69.91575820610736,2.743562916057891,15,4.454424307077563,Moto,Sunny,Jam,Metropolitian,False,0,1,1,9598.095769850184,9683.011528056291,Aumento_Velocidade,1
pedido_9596.721761777959_584,105.61748333303836,86.35324600234858,71.35324600234858,19.228649884816075,15,4.664311062474148,Moto,Sunny,High,Metropolitian,True,0,1,1,9596.721761777959,9683.075007780308,Aumento_Velocidade,1
pedido_9565.934148310092_560,135.8251700970151,120.2877582131577,105.2877582131577,14.941933591215731,15,4.603701533597876,Moto,Windy,Jam,Metropolitian,False,0,1,0,9565.934148310092,9686.22190652325,Aumento_Velocidade,1
pedido_9532.023406472967_535,184.0941791808179,164.99301207814818,149.99301207814818,11.416644329572367,10,4.440636454251991,Scooter,Sandstorms,High,Urban,False,0,1,0,9532.023406472967,9692.016418551115,Aumento_Velocidade,0
pedido_9657.044119654345_623,38.118296230552644,35.10046452052505,35.10046452052505,11.296224725668448,5,4.765474859767068,Van,Sunny,Jam,Metropolitian,False,1,1,1,9657.044119654345,9697.14458417487,Nenhuma,1
pedido_9620.687303910887_598,99.93006716445991,77.58537347961375,62.58537347961375,6.322890670566606,15,4.6590149262009914,Moto,Sunny,Jam,Metropolitian,True,0,1,1,9620.687303910887,9698.272677390501,Aumento_Velocidade,1
pedido_9583.131231033785_572,129.90783416257162,125.888522360444,110.888522360444,3.9895851320686546,5,4.607878479412241,Moto,Windy,Jam,Urban,True,0,1,0,9583.131231033785,9699.01975339423,Aumento_Velocidade,1
pedido_9590.707464799436_576,127.66682772276332,113.63864666640448,98.63864666640448,8.14072011768573,10,4.678498292321441,Moto,Stormy,Jam,Metropolitian,False,0,1,0,9590.707464799436,9699.34611146584,Aumento_Velocidade,1
pedido_9591.764774408073_580,135.33849522537614,119.74842740693597,104.74842740693597,11.054649538209581,5,4.925615700002162,Scooter,Windy,High,Metropolitian,True,0,1,0,9591.764774408073,9701.513201815009,Aumento_Velocidade,1
pedido_9575.275379894307_564,135.02736698987795,132.1484854890807,117.14848548908071,10.385485080757084,10,4.5637091830023495,Moto,Sandstorms,High,Metropolitian,False,0,1,0,9575.275379894307,9702.423865383387,Aumento_Velocidade,1
pedido_9582.747402650673_571,130.96223913529008,125.1968398654106,110.1968398654106,3.7799223637282227,10,4.737682766385381,Scooter,Sandstorms,Medium,Metropolitian,False,0,0,0,9582.747402650673,9702.944242516083,Rota_Reduzida,1
pedido_9590.807804529006_577,136.85868952867082,117.38292146677401,102.38292146677401,18.192114840531836,10,4.800298248534955,Moto,Windy,High,Metropolitian,True,0,1,0,9590.807804529006,9703.19072599578,Aumento_Velocidade,1
pedido_9578.685133143023_568,133.0196758514353,137.93495704301802,122.93495704301802,14.315186131193883,5,4.726358594645607,Moto,Windy,High,Metropolitian,False,0,1,0,9578.685133143023,9706.620090186041,Aumento_Velocidade,0
pedido_9585.978433454913_573,140.3961136932148,127.09001169322752,112.09001169322752,10.627831649116741,10,4.665300143686859,Scooter,Foggy,High,Metropolitian,False,0,1,0,9585.978433454913,9708.068445148141,Aumento_Velocidade,1
pedido_9631.86551042318_604,104.07082915916385,81.31698997993921,66.31698997993921,18.047835570841045,10,4.9164509018413005,Moto,Sunny,Medium,Urban,False,0,0,1,9631.86551042318,9708.18250040312,Rota_Reduzida,1
pedido_9580.552926814518_569,130.11106812481032,134.07483601527866,119.07483601527866,2.2606469081633516,10,4.797788684740585,Moto,Sandstorms,High,Metropolitian,True,0,1,0,9580.552926814518,9709.627762829798,Aumento_Velocidade,1
pedido_9554.871202358414_552,170.48529019296595,172.40970503804675,152.40970503804675,3.9344063948866226,5,4.400591754673858,Moto,Sandstorms,High,Other,True,0,1,0,9554.871202358414,9712.28090739646,Rota_Reduzida,0
pedido_9610.664278084278_591,124.20664872227105,113.41476186594947,98.41476186594947,1.5953443482391152,5,4.584533028110316,Moto,Stormy,Jam,Metropolitian,True,0,1,0,9610.664278084278,9714.079039950228,Aumento_Velocidade,1
pedido_9649.839909419647_619,95.54621114191794,66.85474916555253,51.85474916555253,8.701206726786612,15,4.630630278110619,Scooter,Sunny,High,Metropolitian,False,0,1,1,9649.839909419647,9716.694658585198,Aumento_Velocidade,1
pedido_9689.154156133684_635,43.57224738873618,17.62324132009939,17.62324132009939,6.330955986915332,10,4.833117528738235,Scooter,Stormy,High,Metropolitian,False,1,1,0,9689.154156133684,9716.777397453783,Nenhuma,1
pedido_9598.353142131069_586,130.43581245774737,124.03748168054275,109.03748168054275,17.768340432298235,10,4.9220443053387575,Scooter,Stormy,High,Metropolitian,False,0,1,0,9598.353142131069,9717.390623811612,Aumento_Velocidade,1
pedido_9544.453925194306_540,177.96526494942685,174.6849840704239,159.6849840704239,4.620670651956965,15,4.262200998517005,Scooter,Foggy,High,Metropolitian,False,0,1,0,9544.453925194306,9719.13890926473,Aumento_Velocidade,0
pedido_9607.50404414994_590,103.49631883049392,108.61744025250157,108.61744025250157,17.976785721118723,5,4.735278955974978,Scooter,Sandstorms,Low,Metropolitian,False,0,0,0,9607.50404414994,9721.121484402442,Nenhuma,1
pedido_9589.910421325234_575,141.3178313642075,131.6891174473322,116.6891174473322,15.536834168087449,15,4.624951785178089,Moto,Foggy,High,Metropolitian,False,0,1,0,9589.910421325234,9721.599538772567,Aumento_Velocidade,1
pedido_9661.321557197192_626,96.12338172112565,61.85684276898928,46.85684276898928,6.325708411775643,15,4.498674063492383,Moto,Sunny,Medium,Metropolitian,False,0,0,1,9661.321557197192,9723.178399966182,Rota_Reduzida,1
pedido_9614.48972144234_594,100.81850573545603,96.20943449479735,96.20943449479735,20.77764939095796,15,4.828083736969898,Van,Sandstorms,Low,Metropolitian,False,0,0,0,9614.48972144234,9725.699155937138,Nenhuma,1
pedido_9616.529757178805_595,123.87894620355712,119.58301154423393,99.58301154423393,3.4793554262013657,10,4.745359525394185,Moto,Windy,Jam,Other,True,0,1,0,9616.529757178805,9726.112768723038,Rota_Reduzida,1
pedido_9610.966367888857_592,128.79591118080657,127.2211458190641,112.2211458190641,15.582479484965667,5,4.826602058234673,Moto,Stormy,High,Metropolitian,False,0,1,0,9610.966367888857,9728.187513707922,Aumento_Velocidade,1
pedido_9616.536050118253_596,133.4537802096126,111.9188046153246,96.9188046153246,9.799988966336343,15,4.692012169056617,Scooter,Windy,High,Urban,False,0,1,0,9616.536050118253,9728.454854733578,Aumento_Velocidade,1
pedido_9576.833965917443_566,172.28763749636053,163.35053232836844,148.35053232836844,1.741601611862662,5,4.4431540225257296,Moto,Stormy,Jam,Metropolitian,True,0,1,0,9576.833965917443,9730.184498245811,Aumento_Velocidade,0
pedido_9627.912133760474_601,102.11888191763964,97.45988525697318,97.45988525697318,11.639439912739842,5,4.913072688256129,Van,Stormy,Low,Metropolitian,False,0,0,0,9627.912133760474,9730.372019017446,Nenhuma,1
pedido_9596.568349950561_583,126.49453616799754,144.27819356975266,129.27819356975266,0.0,5,4.463314959113299,Moto,Stormy,High,Urban,False,0,1,0,9596.568349950561,9730.846543520314,Aumento_Velocidade,0
pedido_9556.346003950692_553,186.90224448119412,181.65614653275586,166.65614653275586,16.876159263677017,10,4.312412195182526,Moto,Foggy,High,Metropolitian,False,0,1,0,9556.346003950692,9733.002150483448,Aumento_Velocidade,0
pedido_9591.183475641763_579,136.3197442892895,152.6867545283355,137.6867545283355,5.966476661902402,5,4.95017282241252,Scooter,Foggy,High,Metropolitian,False,0,1,0,9591.183475641763,9733.870230170098,Aumento_Velocidade,0
pedido_9594.972733793647_581,138.2428898288285,150.18359472300077,135.18359472300077,17.672344692881182,5,4.768573523694109,Scooter,Sandstorms,Medium,Urban,False,0,0,0,9594.972733793647,9735.156328516649,Rota_Reduzida,0
pedido_9676.638347094662_631,42.92991794567096,49.74227994392222,49.74227994392222,14.762945538038744,10,4.511195622165706,Scooter,Sunny,High,Other,False,1,1,1,9676.638347094662,9736.380627038585,Nenhuma,1
pedido_9638.823780633853_610,127.66722869532683,103.6720529275339,88.6720529275339,5.0128342584728625,10,4.726935074583044,Scooter,Stormy,Jam,Metropolitian,False,0,1,0,9638.823780633853,9737.495833561386,Aumento_Velocidade,1
pedido_9695.048257993372_640,71.21537072619374,47.7552668834098,32.7552668834098,7.566812262866597,10,4.301457210417042,Moto,Windy,Jam,Metropolitian,True,1,1,0,9695.048257993372,9737.803524876783,Aumento_Velocidade,1
pedido_9632.690834834018_605,127.31479556131167,105.33497131910894,90.33497131910894,8.398043815005568,15,4.546501898382961,Moto,Stormy,High,Metropolitian,False,0,1,0,9632.690834834018,9738.025806153128,Aumento_Velocidade,1
pedido_9548.809681429555_546,185.0966916514639,175.1828013099997,175.1828013099997,14.16208437282622,15,4.417506732561402,Van,Stormy,Medium,Urban,False,0,0,0,9548.809681429555,9738.992482739555,Nenhuma,0
pedido_9587.580531805064_574,149.93469309973682,162.19383638074643,147.19383638074643,17.204942231593428,5,4.847986825024263,Moto,Foggy,Jam,Metropolitian,False,0,1,0,9587.580531805064,9739.77436818581,Aumento_Velocidade,0
pedido_9640.081272191943_612,135.11368231843352,100.22705049758437,85.22705049758437,10.248860627480877,15,4.925302140301725,Moto,Foggy,Medium,Urban,False,0,0,0,9640.081272191943,9740.308322689527,Rota_Reduzida,1
pedido_9605.844123176463_589,140.73872689688966,146.0875313930925,131.0875313930925,16.419423520168106,5,4.544429524065154,Moto,Foggy,High,Metropolitian,False,0,1,0,9605.844123176463,9741.931654569555,Aumento_Velocidade,0
pedido_9635.485569248063_607,134.21504553323146,118.1709325468158,103.1709325468158,14.681056818603375,5,4.9167527819482295,Moto,Sandstorms,High,Metropolitian,False,0,1,0,9635.485569248063,9743.65650179488,Aumento_Velocidade,1
pedido_9628.637053755288_602,132.0234887729761,116.9269387086828,101.9269387086828,3.266273507591591,15,4.857528167829581,Moto,Foggy,High,Urban,True,0,1,0,9628.637053755288,9745.56399246397,Aumento_Velocidade,1
pedido_9620.100181248603_597,125.19509468439556,141.53626495468194,126.53626495468194,3.4651565235031385,5,4.580169990816149,Moto,Foggy,Medium,Metropolitian,False,0,0,0,9620.100181248603,9751.636446203285,Rota_Reduzida,0
pedido_9624.390594229357_599,133.64542714196853,138.1123944403704,123.1123944403704,0.06994672512646893,5,4.946136941454443,Moto,Windy,Medium,Metropolitian,False,0,0,0,9624.390594229357,9752.502988669727,Rota_Reduzida,0
pedido_9577.726273253505_567,190.075225707196,183.68723932224685,168.68723932224685,0.0,10,4.319486312876792,Moto,Sunny,High,Metropolitian,False,0,1,1,9577.726273253505,9756.413512575753,Aumento_Velocidade,0
pedido_9637.761495943729_609,133.09159733098105,119.74531967707111,104.74531967707111,2.7548701951903176,15,4.650483431718935,Scooter,Stormy,Medium,Metropolitian,False,0,0,0,9637.761495943729,9757.5068156208,Rota_Reduzida,1
pedido_9634.208528480829_606,134.39833402897818,129.1672547642802,114.16725476428019,14.848266964970723,10,4.612646458723809,Moto,Windy,Medium,Metropolitian,False,0,0,0,9634.208528480829,9758.375783245108,Rota_Reduzida,1
pedido_9651.578097679117_620,134.53461121477815,118.55627674805802,103.55627674805802,19.235123087365448,5,4.618013530209371,Scooter,Windy,Medium,Metropolitian,False,0,0,0,9651.578097679117,9760.134374427176,Rota_Reduzida,1
pedido_9639.752211657431_611,130.2724199799915,128.97839744592005,113.97839744592005,18.82787495805496,10,4.684839502359614,Moto,Stormy,High,Metropolitian,False,0,1,0,9639.752211657431,9763.730609103352,Aumento_Velocidade,1
pedido_9648.025328466727_617,133.0339255837259,118.95958864354498,103.95958864354498,8.197393804457858,15,4.7820656736702984,Moto,Windy,High,Urban,False,0,1,0,9648.025328466727,9766.984917110272,Aumento_Velocidade,1
pedido_9676.687723153627_632,100.34458430708159,92.40114828329942,77.40114828329942,5.797730397361941,15,4.581087465042211,Moto,Sunny,Jam,Metropolitian,True,0,1,1,9676.687723153627,9769.088871436927,Aumento_Velocidade,1
pedido_9729.532453395681_665,41.54839105497117,36.34474065861461,36.34474065861461,4.5225204824834995,5,4.644768471867772,Moto,Sunny,High,Metropolitian,True,1,1,1,9729.532453395681,9770.877194054296,Nenhuma,1
pedido_9645.269800980623_616,140.89819328805015,127.82913119888548,112.82913119888548,13.931012148049799,15,4.866449294556543,Scooter,Sandstorms,Jam,Urban,False,0,1,0,9645.269800980623,9773.098932179508,Aumento_Velocidade,1
pedido_9643.436470857872_615,134.12547944357516,114.99031392808274,114.99031392808274,4.954306486122546,15,4.695715668927186,Van,Foggy,High,Metropolitian,False,0,1,0,9643.436470857872,9773.426784785956,Nenhuma,1
pedido_9652.079425915452_621,130.5840820227643,127.38332842607349,112.38332842607349,4.251175370496526,10,4.9038149094976475,Scooter,Windy,High,Urban,False,0,1,0,9652.079425915452,9774.462754341524,Aumento_Velocidade,1
pedido_9676.69876561075_633,127.81363289348407,113.1342662028921,98.1342662028921,4.527819590319121,5,4.597837233577401,Scooter,Stormy,High,Metropolitian,False,0,1,0,9676.69876561075,9779.833031813643,Aumento_Velocidade,1
pedido_9599.523295243851_587,189.5342399196214,185.34403879290593,170.34403879290593,20.998574817434083,10,4.354372626197832,Scooter,Stormy,High,Metropolitian,False,0,1,0,9599.523295243851,9779.867334036757,Aumento_Velocidade,0
pedido_9648.662650879103_618,137.30636260629936,131.69205849416966,116.69205849416966,10.339317667887194,15,4.8906921194946165,Scooter,Foggy,Medium,Metropolitian,False,0,0,0,9648.662650879103,9780.354709373272,Rota_Reduzida,1
pedido_9660.551303652668_624,132.31779672230505,122.48731675503566,107.48731675503566,2.3627974154056264,15,4.804030414858693,Scooter,Sandstorms,High,Metropolitian,False,0,1,0,9660.551303652668,9783.038620407704,Aumento_Velocidade,1
pedido_9643.141299876705_614,138.24074829177383,140.5020817397642,125.50208173976421,19.567182161721863,15,4.693654511200261,Moto,Foggy,Medium,Other,False,0,0,0,9643.141299876705,9783.643381616468,Rota_Reduzida,0
pedido_9699.514427207812_647,94.43803297161948,84.64246626004048,69.64246626004048,1.3438840555130311,15,4.755721097633175,Moto,Sunny,Medium,Metropolitian,False,0,0,1,9699.514427207812,9784.156893467853,Rota_Reduzida,1
pedido_9654.510371955434_622,137.37193346031697,131.69732044752186,116.69732044752186,5.304861727649102,15,4.571720201386111,Scooter,Windy,Medium,Metropolitian,False,0,0,0,9654.510371955434,9786.207692402955,Rota_Reduzida,1
pedido_9660.726732787374_625,132.5890508583103,117.08831672454566,117.08831672454566,15.183969018410547,10,4.572880450091771,Van,Windy,High,Metropolitian,False,0,1,0,9660.726732787374,9787.81504951192,Nenhuma,1
pedido_9698.375109412389_644,100.00171326255364,92.36421102394856,77.36421102394856,4.8415099566384905,15,4.727073924143704,Moto,Sunny,High,Metropolitian,True,0,1,1,9698.375109412389,9790.739320436338,Aumento_Velocidade,1
pedido_9661.641830807932_627,128.0005474843919,140.02254199725496,125.02254199725496,4.290981474797531,5,4.883668173714351,Scooter,Stormy,High,Metropolitian,False,0,1,0,9661.641830807932,9791.664372805188,Aumento_Velocidade,0
pedido_9640.35329897483_613,178.27176568042717,153.5242548554962,138.5242548554962,6.93130268631553,15,4.391481677047874,Scooter,Foggy,High,Metropolitian,False,0,1,0,9640.35329897483,9793.877553830325,Aumento_Velocidade,0
pedido_9676.16919612305_629,136.15338721638378,123.46013280525,108.46013280525,8.66537200887607,10,4.561837372401424,Moto,Windy,Medium,Metropolitian,False,0,0,0,9676.16919612305,9794.6293289283,Rota_Reduzida,1
pedido_9696.512847529768_642,130.12720727181323,107.12097591159983,92.12097591159983,5.6105191878354495,10,4.975723786345558,Moto,Stormy,High,Metropolitian,False,0,1,0,9696.512847529768,9798.633823441367,Aumento_Velocidade,1
pedido_9671.266660612124_628,134.52457831880213,127.81054711430247,112.81054711430247,16.560829141307124,15,4.783317846893521,Moto,Sandstorms,High,Metropolitian,False,0,1,0,9671.266660612124,9799.077207726426,Aumento_Velocidade,1
pedido_9694.253563893086_638,104.80928965537505,105.47710839409615,90.47710839409615,3.156722990849992,15,4.50952155708397,Moto,Sunny,High,Metropolitian,False,0,1,1,9694.253563893086,9799.730672287182,Aumento_Velocidade,1
pedido_9676.438206865012_630,133.0196758514353,134.3682413104361,119.3682413104361,15.310099990214786,5,4.656249630397978,Moto,Windy,High,Urban,False,0,1,0,9676.438206865012,9800.806448175448,Aumento_Velocidade,1
pedido_9631.459430680394_603,188.70850312672005,174.543858223457,159.543858223457,20.731570257875717,10,4.415269927966542,Moto,Stormy,High,Metropolitian,False,0,1,0,9631.459430680394,9801.00328890385,Aumento_Velocidade,0
pedido_9706.94220797076_650,107.79076067318245,103.67059895631814,88.67059895631814,20.340551545920988,10,4.723287862919659,Moto,Sunny,High,Metropolitian,True,0,1,1,9706.94220797076,9805.612806927078,Aumento_Velocidade,1
pedido_9694.612942703687_639,141.49238967247132,117.48827158675124,102.48827158675124,13.78069789964734,15,4.653491130520679,Moto,Sandstorms,Jam,Urban,True,0,1,0,9694.612942703687,9812.101214290438,Aumento_Velocidade,1
pedido_9710.200056650414_655,111.62928717908724,98.3361138559498,98.3361138559498,11.176498724980892,5,4.650735891057456,Van,Sunny,Jam,Metropolitian,True,0,1,1,9710.200056650414,9813.536170506364,Nenhuma,1
pedido_9706.949752493332_651,99.3936246260722,93.61508807279438,93.61508807279438,5.146218959680792,15,4.589750270667414,Moto,Foggy,Low,Metropolitian,False,0,0,0,9706.949752493332,9815.564840566127,Nenhuma,1
pedido_9753.744150951132_678,93.88825425472693,72.35630970955646,57.356309709556456,3.5537291845059853,5,4.637341608518114,Moto,Sunny,Medium,Metropolitian,False,0,0,1,9753.744150951132,9816.100460660688,Rota_Reduzida,1
pedido_9749.008087807739_675,95.97360136668787,79.85119119559073,64.85119119559073,19.833318840503285,5,4.877060900249055,Scooter,Sunny,Medium,Other,False,0,0,1,9749.008087807739,9818.859279003329,Rota_Reduzida,1
pedido_9703.590775496972_648,130.92499823761014,125.34638032144065,110.34638032144065,8.991763286355312,5,4.502911129915642,Moto,Sandstorms,High,Metropolitian,False,0,1,0,9703.590775496972,9818.937155818412,Aumento_Velocidade,1
pedido_9680.944639917027_634,135.3091974680962,149.11608320852108,134.11608320852108,14.166107935672088,5,4.537389724931875,Scooter,Sandstorms,High,Metropolitian,False,0,1,0,9680.944639917027,9820.060723125547,Aumento_Velocidade,0
pedido_9699.195895555442_646,132.75290817707386,132.51385117950517,117.51385117950517,7.150160257180717,5,4.834622604923208,Scooter,Windy,High,Metropolitian,False,0,1,0,9699.195895555442,9821.709746734947,Aumento_Velocidade,1
pedido_9717.017768098583_657,129.85153427647796,114.74767375302001,99.74767375302001,7.353708995635106,5,4.606194389754982,Scooter,Windy,High,Urban,True,0,1,0,9717.017768098583,9821.765441851603,Aumento_Velocidade,1
pedido_9708.768633328138_654,136.26011377622035,123.4155992757158,108.4155992757158,23.03104777165806,5,4.884472764954246,Moto,Sandstorms,High,Metropolitian,True,0,1,0,9708.768633328138,9822.184232603853,Aumento_Velocidade,1
pedido_9713.64772271975_656,106.15569756983918,94.33151353751158,94.33151353751158,4.574255680089907,15,4.55540249024348,Moto,Stormy,Low,Metropolitian,True,0,0,0,9713.64772271975,9822.979236257263,Nenhuma,1
pedido_9753.340448528676_677,102.05999656397222,75.03346560847245,60.033465608472454,6.9182895571892296,10,4.520296915702946,Scooter,Sunny,Jam,Metropolitian,True,0,1,1,9753.340448528676,9823.373914137148,Aumento_Velocidade,1
pedido_9695.463274847338_641,142.69880885257305,139.34401418817043,124.34401418817043,14.408019571719391,5,4.662758499844491,Moto,Foggy,Medium,Metropolitian,False,0,0,0,9695.463274847338,9824.807289035509,Rota_Reduzida,0
pedido_9699.15793105705_645,134.95534409295462,131.24854801957107,116.24854801957107,13.814353068562173,10,4.629950120731856,Moto,Sandstorms,High,Metropolitian,False,0,1,0,9699.15793105705,9825.406479076622,Aumento_Velocidade,1
pedido_9728.354082238951_664,100.39441993005808,84.061303429818,84.061303429818,6.317176590685747,15,4.617711757767232,Scooter,Stormy,Low,Other,True,0,0,0,9728.354082238951,9827.41538566877,Nenhuma,1
pedido_9741.212482982775_669,128.7393303334214,98.36380579669799,83.36380579669799,1.4811079213066045,10,4.782785107070208,Moto,Foggy,Jam,Metropolitian,False,0,1,0,9741.212482982775,9834.576288779474,Aumento_Velocidade,1
pedido_9697.887054126608_643,136.94163603331137,137.3142205867275,122.31422058672749,16.57863992926396,15,5.0,Scooter,Windy,High,Urban,False,0,1,0,9697.887054126608,9835.201274713336,Aumento_Velocidade,0
pedido_9743.449040656142_671,122.80988043308066,97.2088861195016,82.2088861195016,3.524435363003852,10,4.513275159629768,Moto,Stormy,Jam,Urban,True,0,1,0,9743.449040656142,9835.657926775644,Aumento_Velocidade,1
pedido_9692.112716817905_636,175.43608880082084,143.5876956394335,128.5876956394335,3.1606311850792363,15,4.265811454701738,Moto,Stormy,High,Metropolitian,False,0,1,0,9692.112716817905,9835.700412457338,Aumento_Velocidade,0
pedido_9720.826284872632_659,126.55100793384632,117.39802536631257,102.39802536631257,5.046579815881155,15,4.632472524562844,Scooter,Stormy,High,Metropolitian,True,0,1,0,9720.826284872632,9838.224310238944,Aumento_Velocidade,1
pedido_9736.702471593531_667,132.05713666882926,108.85922858967304,93.85922858967304,8.202677985237624,10,4.460691516880212,Moto,Stormy,Medium,Metropolitian,False,0,0,0,9736.702471593531,9840.561700183205,Rota_Reduzida,1
pedido_9736.56103394448_666,129.6757071529337,117.99255116722554,102.99255116722554,2.1030864239928784,5,4.66892082445437,Moto,Windy,Jam,Metropolitian,True,0,1,0,9736.56103394448,9844.553585111706,Aumento_Velocidade,1
pedido_9708.598180475678_653,141.61854363682923,141.56031008772055,126.56031008772055,16.712287833876218,10,4.962414106248658,Scooter,Foggy,High,Metropolitian,False,0,1,0,9708.598180475678,9845.158490563397,Aumento_Velocidade,0
pedido_9720.519073388385_658,133.69248349815422,129.83269870507624,114.83269870507624,6.045245299497345,10,4.8391310263447425,Moto,Foggy,High,Urban,False,0,1,0,9720.519073388385,9845.351772093461,Aumento_Velocidade,1
pedido_9775.376668088345_692,101.9186547798249,71.07759416627714,56.07759416627714,12.319747029436359,15,4.554897911173307,Moto,Sunny,High,Urban,False,0,1,1,9775.376668088345,9846.454262254623,Aumento_Velocidade,1
pedido_9708.466185142677_652,134.0781285781527,123.15789886511746,123.15789886511746,5.1828283521063625,15,4.4228915571409075,Scooter,Foggy,Low,Metropolitian,False,0,0,0,9708.466185142677,9846.624084007795,Nenhuma,0
pedido_9779.110390951742_693,100.0443805933672,77.65734088945008,62.65734088945008,4.458357528077321,5,4.842050417179776,Scooter,Sunny,Jam,Metropolitian,False,0,1,1,9779.110390951742,9846.767731841192,Aumento_Velocidade,1
pedido_9722.62894809446_660,140.94959928408446,124.65216975241935,109.65216975241935,18.188005620039583,15,4.775988573965406,Moto,Sandstorms,Jam,Metropolitian,False,0,1,0,9722.62894809446,9847.281117846878,Aumento_Velocidade,1
pedido_9737.221243361022_668,131.47357163045365,121.40644868339074,106.40644868339074,3.325017898750434,5,4.821446240911186,Moto,Windy,High,Metropolitian,False,0,1,0,9737.221243361022,9848.627692044412,Aumento_Velocidade,1
pedido_9726.003347883552_662,145.15706766833534,128.3489714350504,113.3489714350504,17.869139205107615,10,4.785967830948021,Scooter,Foggy,Medium,Metropolitian,True,0,0,0,9726.003347883552,9849.352319318603,Rota_Reduzida,1
pedido_9763.447755669176_683,104.51802329238116,86.6552266025831,71.6552266025831,12.787690114742391,15,4.6749435405330235,Scooter,Sunny,High,Metropolitian,True,0,1,1,9763.447755669176,9850.10298227176,Aumento_Velocidade,1
pedido_9692.889835582926_637,173.95529939737304,142.85697107867168,142.85697107867168,2.2672758102242905,15,4.415427690864956,Van,Windy,High,Metropolitian,False,0,1,0,9692.889835582926,9850.746806661598,Nenhuma,0
pedido_9756.218984533538_679,95.45927171839476,84.59928680466379,84.59928680466379,5.92759788842708,10,4.702847287671444,Moto,Sunny,Low,Other,False,0,0,1,9756.218984533538,9850.818271338201,Nenhuma,1
pedido_9724.06584072613_661,137.2900245172295,127.53941435778782,112.53941435778782,9.863325472383536,15,4.658266385258401,Moto,Windy,Jam,Metropolitian,False,0,1,0,9724.06584072613,9851.60525508392,Aumento_Velocidade,1
pedido_9743.239380389685_670,130.40086551309466,108.89123523287516,93.89123523287516,2.339708376824524,15,4.911806076713619,Moto,Windy,High,Metropolitian,False,0,1,0,9743.239380389685,9852.13061562256,Aumento_Velocidade,1
pedido_9762.856442845641_682,102.4604288924298,74.36353074396551,74.36353074396551,5.06417088721325,15,4.764490437270307,Van,Windy,Low,Metropolitian,False,0,0,0,9762.856442845641,9852.219973589607,Nenhuma,1
pedido_9790.682368063082_701,44.2913032262525,51.79595720916322,51.79595720916322,3.3130825696420763,10,4.459273302983556,Scooter,Foggy,High,Metropolitian,False,1,1,0,9790.682368063082,9852.478325272246,Nenhuma,1
pedido_9751.265267928546_676,109.43820386621132,92.26600677644308,92.26600677644308,13.442054852047715,10,5.0,Moto,Foggy,Low,Metropolitian,False,0,0,0,9751.265267928546,9853.531274704988,Nenhuma,1
pedido_9763.512554417479_684,105.45595709912072,100.7850920814246,85.7850920814246,5.53403147427526,5,4.54299893764913,Moto,Sunny,High,Urban,True,0,1,1,9763.512554417479,9854.297646498904,Aumento_Velocidade,1
pedido_9762.271009386368_681,128.2399873252761,98.15420243990951,83.15420243990951,6.170782385503085,10,4.470039942632025,Moto,Windy,High,Metropolitian,False,0,1,0,9762.271009386368,9855.425211826278,Aumento_Velocidade,1
pedido_9727.544835234172_663,150.6673889860593,140.07778939413305,125.07778939413305,10.428300790136003,5,4.528618418885419,Moto,Foggy,Jam,Metropolitian,False,0,1,0,9727.544835234172,9857.622624628304,Aumento_Velocidade,0
pedido_9769.9500008342_687,111.56404719787626,89.7891366144271,89.7891366144271,13.940946692876555,5,4.809069057389497,Moto,Foggy,Low,Metropolitian,True,0,0,0,9769.9500008342,9864.739137448627,Nenhuma,1
pedido_9771.260715693561_689,95.25023207545257,98.59731594639898,83.59731594639898,1.1593784370879714,10,4.690727060850032,Moto,Sunny,High,Metropolitian,False,0,1,1,9771.260715693561,9864.85803163996,Aumento_Velocidade,1
pedido_9774.83467216689_690,129.262464825726,95.72504774978877,80.72504774978877,9.723123847370164,10,4.7485778920749,Scooter,Sandstorms,Jam,Metropolitian,True,0,1,0,9774.83467216689,9865.559719916679,Aumento_Velocidade,1
pedido_9788.985449781874_700,98.27149952944082,84.21950762559023,69.21950762559023,6.290362924618495,10,4.843337946569734,Moto,Sunny,Medium,Metropolitian,True,0,0,1,9788.985449781874,9868.204957407464,Rota_Reduzida,1
pedido_9798.031473098177_706,104.57363651468671,74.32072278140191,59.32072278140191,15.51468534525003,15,5.0,Scooter,Sunny,High,Metropolitian,True,0,1,1,9798.031473098177,9872.352195879579,Aumento_Velocidade,1
pedido_9770.92145013217_688,140.7177165741594,107.27720261541053,92.27720261541053,13.587210186927733,15,4.823297497322309,Scooter,Foggy,High,Metropolitian,False,0,1,0,9770.92145013217,9878.19865274758,Aumento_Velocidade,1
pedido_9782.657410983522_695,100.55565279740077,88.91697059068753,88.91697059068753,1.4245583241006328,10,4.876712548673525,Scooter,Sandstorms,Low,Metropolitian,True,0,0,0,9782.657410983522,9881.57438157421,Nenhuma,1
pedido_9746.455146667035_674,133.09159733098105,145.13489743295824,130.13489743295824,1.7852480780514801,5,4.694414106633963,Scooter,Stormy,Medium,Metropolitian,False,0,0,0,9746.455146667035,9881.590044099992,Rota_Reduzida,0
pedido_9765.680339776553_685,132.54464392905672,122.5206499652578,107.5206499652578,7.230513828259561,10,4.680888228763327,Moto,Windy,High,Urban,False,0,1,0,9765.680339776553,9883.20098974181,Aumento_Velocidade,1
pedido_9768.975026196322_686,137.1839358184262,120.87141650726593,105.87141650726593,14.760680250290424,10,4.464915099145774,Scooter,Windy,Jam,Metropolitian,False,0,1,0,9768.975026196322,9884.846442703587,Aumento_Velocidade,1
pedido_9745.698321761334_672,143.05945443782988,146.4216831169016,131.4216831169016,14.002242423673069,10,4.763120615419995,Moto,Foggy,Medium,Metropolitian,False,0,0,0,9745.698321761334,9887.120004878236,Rota_Reduzida,0
pedido_9785.130182295965_698,129.01666075656678,112.22031778584065,97.22031778584065,4.176259359512105,5,4.535618154624077,Scooter,Windy,High,Metropolitian,False,0,1,0,9785.130182295965,9887.350500081806,Aumento_Velocidade,1
pedido_9761.065061772368_680,131.53476249600746,136.53353367186187,121.53353367186187,2.9866698048988827,5,4.632748282726781,Moto,Sandstorms,High,Metropolitian,False,0,1,0,9761.065061772368,9887.59859544423,Aumento_Velocidade,0
pedido_9817.896304266014_714,101.61481017132195,78.48647416291251,63.486474162912515,16.021654175524993,10,4.697759119219539,Moto,Sunny,High,Metropolitian,False,0,1,1,9817.896304266014,9891.382778428926,Aumento_Velocidade,1
pedido_9703.628777615251_649,194.81012802761384,193.88230824355014,178.88230824355014,15.960675174597126,10,4.323707053618069,Moto,Sandstorms,Jam,Metropolitian,True,0,1,0,9703.628777615251,9892.511085858801,Aumento_Velocidade,0
pedido_9819.438212066512_717,95.26763965649413,84.86708545114793,69.86708545114793,6.7816533507911405,5,4.700871781177361,Moto,Sunny,Medium,Metropolitian,False,0,0,1,9819.438212066512,9894.30529751766,Rota_Reduzida,1
pedido_9787.007428243971_699,130.57241264366692,110.67879394707569,95.67879394707569,3.6494598563754397,15,4.633727967894654,Scooter,Sandstorms,Medium,Metropolitian,False,0,0,0,9787.007428243971,9897.686222191047,Rota_Reduzida,1
pedido_9791.35831895021_702,129.67799242937988,106.91000532224592,91.91000532224592,6.9168000304974235,15,4.634190734742021,Moto,Stormy,High,Metropolitian,False,0,1,0,9791.35831895021,9898.268324272456,Aumento_Velocidade,1
pedido_9784.224605407837_696,132.53230019016982,124.96751068253536,109.96751068253536,6.018511380472289,10,4.749230621720452,Moto,Sandstorms,High,Metropolitian,False,0,1,0,9784.224605407837,9904.192116090373,Aumento_Velocidade,1
pedido_9805.879041667125_709,104.3414539292522,94.08067009904745,94.08067009904745,19.938364489989002,5,4.944417058135107,Moto,Sandstorms,Low,Metropolitian,True,0,0,0,9805.879041667125,9904.959711766172,Nenhuma,1
pedido_9746.199130796182_673,188.05924828984112,167.49811151952028,152.49811151952028,9.037260310089353,10,4.400985531929415,Moto,Sunny,Jam,Metropolitian,False,0,1,1,9746.199130796182,9908.697242315702,Aumento_Velocidade,0
pedido_9803.73628971253_708,133.80604854577328,117.77068325498405,102.77068325498405,3.116466541108339,5,4.913064756136851,Moto,Windy,Medium,Metropolitian,False,0,0,0,9803.73628971253,9911.506972967514,Rota_Reduzida,1
pedido_9775.3443943787_691,130.5840820227643,127.4951029078432,127.4951029078432,3.741885975394155,10,4.900483991042111,Van,Windy,High,Metropolitian,False,0,1,0,9775.3443943787,9912.839497286544,Nenhuma,0
pedido_9791.564800064507_703,132.50430424493803,131.72098088172123,116.72098088172123,9.890760877051356,5,4.652177837068496,Scooter,Sandstorms,High,Metropolitian,False,0,1,0,9791.564800064507,9913.285780946228,Aumento_Velocidade,1
pedido_9839.473955452719_734,104.6834303859763,84.01976297178675,69.01976297178675,18.972678970336332,5,4.717056775261548,Scooter,Sunny,Medium,Metropolitian,False,0,0,1,9839.473955452719,9913.493718424505,Rota_Reduzida,1
pedido_9806.01181477667_710,122.05736522033392,109.43761848938979,94.43761848938979,2.595647573690371,15,4.480061308021559,Scooter,Sandstorms,Jam,Metropolitian,True,0,1,0,9806.01181477667,9915.44943326606,Aumento_Velocidade,1
pedido_9839.133138361727_733,94.87554004418845,77.08320533907602,62.08320533907602,1.97510562035305,15,4.929889816568586,Moto,Sunny,High,Urban,False,0,1,1,9839.133138361727,9916.216343700804,Aumento_Velocidade,1
pedido_9810.786356206574_712,103.68676293886703,101.33686195419911,101.33686195419911,13.065620086913036,5,4.91345691035602,Moto,Windy,Low,Metropolitian,True,0,0,0,9810.786356206574,9917.123218160774,Nenhuma,1
pedido_9793.990953352763_705,135.2181546204803,133.4668444743123,118.4668444743123,6.802603279686345,5,5.0,Moto,Sandstorms,High,Metropolitian,True,0,1,0,9793.990953352763,9917.457797827075,Aumento_Velocidade,1
pedido_9800.159327399628_707,127.43887853040428,123.41097834063902,108.41097834063902,5.707602128201324,10,4.759616403752299,Moto,Stormy,High,Metropolitian,False,0,1,0,9800.159327399628,9918.570305740266,Aumento_Velocidade,1
pedido_9806.515240286892_711,129.55081471202553,118.02904725703604,103.02904725703604,7.14749278826125,10,4.720478876149868,Moto,Stormy,Jam,Metropolitian,True,0,1,0,9806.515240286892,9919.544287543928,Aumento_Velocidade,1
pedido_9792.370033455425_704,143.89984059064156,132.26992852210287,117.26992852210287,12.272352161767708,10,4.612931705313474,Scooter,Foggy,Medium,Metropolitian,True,0,0,0,9792.370033455425,9919.639961977527,Rota_Reduzida,1
pedido_9819.166696493698_716,127.18407034260261,111.47468653172497,96.47468653172497,6.466598072294248,5,4.847392718819277,Moto,Sandstorms,Jam,Urban,False,0,1,0,9819.166696493698,9920.641383025422,Aumento_Velocidade,1
pedido_9872.787587569332_745,44.50589547846381,38.033057954211344,38.033057954211344,11.257325572791654,10,5.0,Scooter,Stormy,High,Urban,False,1,1,0,9872.787587569332,9920.820645523543,Nenhuma,1
pedido_9829.977741963092_726,102.9055138562874,93.78565253731809,78.78565253731809,7.705231314095583,15,4.484885312486947,Moto,Sunny,High,Metropolitian,False,0,1,1,9829.977741963092,9923.763394500409,Aumento_Velocidade,1
pedido_9812.058804921859_713,136.5398492498131,124.89102293288644,109.89102293288644,5.112164207807658,5,4.725776731198668,Moto,Windy,Medium,Metropolitian,False,0,0,0,9812.058804921859,9926.949827854745,Rota_Reduzida,1
pedido_9818.160806635213_715,135.3852542870953,108.96837133920991,93.96837133920991,2.70509427392398,15,4.773545826657171,Moto,Windy,Medium,Metropolitian,True,0,0,0,9818.160806635213,9927.129177974422,Rota_Reduzida,1
pedido_9823.370095282671_719,133.66942358731842,123.37090051413546,108.37090051413546,13.46516880724106,5,4.561686485388967,Moto,Windy,High,Metropolitian,False,0,1,0,9823.370095282671,9936.740995796807,Aumento_Velocidade,1
pedido_9828.984548979699_724,129.33526019081916,110.84979011084295,95.84979011084295,3.517767982031419,15,4.725240943071003,Moto,Windy,High,Metropolitian,True,0,1,0,9828.984548979699,9939.834339090541,Aumento_Velocidade,1
pedido_9825.513298962906_721,131.11997254793394,115.43953484755599,100.43953484755599,10.839520067426342,15,4.530362650342187,Moto,Stormy,High,Metropolitian,False,0,1,0,9825.513298962906,9940.952833810461,Aumento_Velocidade,1
pedido_9779.74662449121_694,175.0213158701395,168.5812483416236,153.5812483416236,8.407216839581483,10,4.299366829851179,Scooter,Windy,High,Urban,False,0,1,0,9779.74662449121,9943.327872832833,Aumento_Velocidade,0
pedido_9820.094425233965_718,132.6685663675884,122.06110030342695,122.06110030342695,14.863543388267395,5,4.7627467353631525,Van,Stormy,Medium,Metropolitian,False,0,0,0,9820.094425233965,9947.155525537391,Nenhuma,0
pedido_9839.063389812502_731,106.00512150293245,93.11387352055874,93.11387352055874,12.0564172195514,15,5.0,Moto,Windy,Low,Metropolitian,True,0,0,0,9839.063389812502,9947.17726333306,Nenhuma,1
pedido_9831.704592104516_727,130.14159717784216,115.87958485917207,100.87958485917207,0.10711284125752929,15,4.730943871825898,Scooter,Sandstorms,Medium,Metropolitian,False,0,0,0,9831.704592104516,9947.584176963688,Rota_Reduzida,1
pedido_9834.650491002287_728,139.74503677141473,114.36742594857529,99.36742594857529,15.884967065826462,15,4.7273417781586025,Moto,Windy,Jam,Urban,True,0,1,0,9834.650491002287,9949.017916950863,Aumento_Velocidade,1
pedido_9824.553695813453_720,133.8434674552088,126.37318458591133,111.37318458591133,2.8465794026461495,15,4.813152936525818,Scooter,Windy,Medium,Metropolitian,False,0,0,0,9824.553695813453,9950.926880399364,Rota_Reduzida,1
pedido_9865.167715470528_742,105.49354776418694,93.44758535904009,78.44758535904009,18.799605887104754,10,4.952967431589192,Moto,Sunny,High,Urban,True,0,1,1,9865.167715470528,9953.615300829568,Aumento_Velocidade,1
pedido_9848.980576921284_735,129.41615984195167,106.51271569246963,91.51271569246963,6.160638577643112,15,4.685928453471754,Moto,Windy,Jam,Metropolitian,True,0,1,0,9848.980576921284,9955.493292613754,Aumento_Velocidade,1
pedido_9784.680423819394_697,184.93622641558304,181.25111224911979,166.25111224911979,12.227964198121775,5,4.135850887384372,Moto,Windy,High,Urban,True,0,1,0,9784.680423819394,9955.931536068514,Aumento_Velocidade,0
pedido_9839.10473880377_732,140.19943154947018,127.84347100252396,112.84347100252396,14.234953978193316,5,4.908878389920881,Moto,Foggy,High,Metropolitian,False,0,1,0,9839.10473880377,9956.948209806293,Aumento_Velocidade,1
pedido_9851.29644119524_736,131.7025454518257,110.96139039619727,95.96139039619727,0.7771684098098319,10,4.821311406949931,Moto,Windy,High,Metropolitian,False,0,1,0,9851.29644119524,9957.257831591438,Aumento_Velocidade,1
pedido_9891.470291078529_755,94.53185952224753,69.34818738752418,54.34818738752418,4.395962766022162,15,4.809060501916585,Moto,Sunny,Medium,Metropolitian,False,0,0,1,9891.470291078529,9960.818478466053,Rota_Reduzida,1
pedido_9882.720274612593_751,101.62886116662526,84.03698809307545,69.03698809307545,13.252757730681095,10,4.669945516624716,Moto,Sunny,High,Metropolitian,False,0,1,1,9882.720274612593,9961.757262705669,Aumento_Velocidade,1
pedido_9862.755552985627_741,130.3150239244158,112.6051203286078,97.6051203286078,4.947425553376376,5,4.587036190637466,Moto,Foggy,Jam,Metropolitian,False,0,1,0,9862.755552985627,9965.360673314235,Aumento_Velocidade,1
pedido_9837.074094126976_729,132.95525003544705,132.80487915700442,117.80487915700442,9.180015461760945,15,4.804241991112127,Moto,Foggy,High,Metropolitian,True,0,1,0,9837.074094126976,9969.87897328398,Aumento_Velocidade,1
pedido_9933.047039988323_776,41.8530434896206,31.810059413418756,31.810059413418756,6.979402965707675,10,4.637693046043588,Moto,Foggy,Medium,Metropolitian,False,1,0,0,9933.047039988323,9974.857099401743,Nenhuma,1
pedido_9828.07718266776_722,179.53678139390237,158.74533326367538,143.74533326367538,13.633174295309185,5,4.220414323491281,Moto,Sunny,High,Metropolitian,False,0,1,1,9828.07718266776,9976.822515931435,Aumento_Velocidade,0
pedido_9855.316608629442_737,146.081743862521,131.5457709637303,116.54577096373029,12.452725620404252,10,4.520549269670931,Moto,Foggy,High,Urban,True,0,1,0,9855.316608629442,9981.862379593173,Aumento_Velocidade,1
pedido_9859.58274030904_739,138.2951531495596,135.0227862120664,120.02278621206639,11.025924449711116,5,5.0,Scooter,Windy,High,Metropolitian,True,0,1,0,9859.58274030904,9984.605526521107,Aumento_Velocidade,0
pedido_9858.617660856655_738,136.87535505908247,136.79120543972314,121.79120543972314,13.417599346970512,5,4.450347659115517,Scooter,Sandstorms,High,Metropolitian,True,0,1,0,9858.617660856655,9985.408866296379,Aumento_Velocidade,0
pedido_9948.555945176186_781,43.88563596603417,35.92038059244627,35.92038059244627,4.604725670824507,5,4.732076358954463,Moto,Sandstorms,High,Metropolitian,False,1,1,0,9948.555945176186,9989.476325768632,Nenhuma,1
pedido_9879.458002835876_748,136.56148003694534,118.1669551983588,103.1669551983588,21.37589213488333,10,4.638901871652558,Scooter,Sandstorms,Medium,Urban,False,0,0,0,9879.458002835876,9992.624958034236,Rota_Reduzida,1
pedido_9868.987787702275_744,128.04830767786407,129.65760457931972,114.65760457931972,7.3209046798791535,10,4.858734194280668,Scooter,Stormy,High,Urban,False,0,1,0,9868.987787702275,9993.645392281594,Aumento_Velocidade,1
pedido_9829.348528020399_725,171.7403044181815,174.64954375894482,159.64954375894482,5.757889065513394,5,4.2079930045903,Scooter,Sandstorms,Medium,Metropolitian,False,0,0,0,9829.348528020399,9993.998071779344,Rota_Reduzida,0
pedido_9881.614024747327_750,125.28956694435125,113.31264271509153,98.31264271509153,3.449043780894753,15,4.473923032003994,Scooter,Stormy,High,Metropolitian,False,0,1,0,9881.614024747327,9994.926667462418,Aumento_Velocidade,1
pedido_9893.391858969919_756,127.5877953145291,108.86657912243962,93.86657912243962,5.216083998880211,10,4.7742720541330055,Moto,Sandstorms,Jam,Metropolitian,False,0,1,0,9893.391858969919,9997.258438092358,Aumento_Velocidade,1
pedido_9873.706054156422_746,135.3681638776265,130.05301280794413,115.05301280794413,13.93550015026733,10,4.479674404974456,Moto,Sandstorms,High,Metropolitian,False,0,1,0,9873.706054156422,9998.759066964367,Aumento_Velocidade,1
pedido_9898.535959105686_758,109.14385759502225,90.6473409809976,90.6473409809976,12.692971684458133,10,4.879987053618285,Van,Sunny,Jam,Metropolitian,True,0,1,1,9898.535959105686,9999.183300086683,Nenhuma,1
pedido_9867.251258068272_743,133.3901775339284,119.45378395431487,119.45378395431487,7.111004699606348,15,4.31442662644838,Scooter,Sandstorms,Low,Urban,True,0,0,0,9867.251258068272,10001.705042022588,Nenhuma,1
pedido_9861.181969364281_740,185.44313829895165,154.25076072903607,139.25076072903607,18.084566021044417,5,4.346622681394877,Moto,Windy,Medium,Metropolitian,True,0,0,0,9861.181969364281,10005.432730093316,Rota_Reduzida,0
pedido_9838.887560896026_730,180.0466886936133,176.5942439611075,161.5942439611075,12.010033108200574,5,4.324241649326084,Moto,Sunny,High,Metropolitian,False,0,1,1,9838.887560896026,10005.481804857134,Aumento_Velocidade,0
pedido_9886.056698397218_753,126.87643170650931,124.68750139382212,109.68750139382212,2.9505982070651466,10,4.8745479183120795,Scooter,Foggy,Jam,Urban,False,0,1,0,9886.056698397218,10005.744199791041,Aumento_Velocidade,1
pedido_9900.917824748469_760,126.87643170650931,110.43516719361311,95.43516719361311,1.7830196971560395,10,4.91041006221968,Scooter,Foggy,Jam,Metropolitian,False,0,1,0,9900.917824748469,10006.352991942082,Aumento_Velocidade,1
pedido_9883.833468425984_752,132.81262037033002,125.04717808048008,110.04717808048008,13.312961871961683,15,5.0,Scooter,Stormy,High,Metropolitian,False,0,1,0,9883.833468425984,10008.880646506464,Aumento_Velocidade,1
pedido_9888.888581782547_754,129.4306379683732,120.7629339804827,105.7629339804827,15.21384917941344,15,4.876420238486318,Scooter,Stormy,High,Metropolitian,False,0,1,0,9888.888581782547,10009.65151576303,Aumento_Velocidade,1
pedido_9916.78189169036_769,109.81572628245364,104.00421605522713,89.00421605522713,15.60511100273674,5,4.7611261172956265,Scooter,Sunny,Jam,Metropolitian,False,0,1,1,9916.78189169036,10010.786107745587,Aumento_Velocidade,1
pedido_9899.398769221776_759,130.01339839417997,122.70562552452546,107.70562552452546,4.267770123721039,5,4.856219372037425,Moto,Windy,Jam,Metropolitian,True,0,1,0,9899.398769221776,10012.104394746302,Aumento_Velocidade,1
pedido_9897.012456626739_757,134.41578154217095,125.95348367733271,110.95348367733271,0.0,5,4.643131170767276,Moto,Foggy,High,Metropolitian,False,0,1,0,9897.012456626739,10012.965940304071,Aumento_Velocidade,1
pedido_9941.301603743632_778,94.58990353618861,85.92558151464044,70.92558151464044,8.782234126946612,5,4.944817296982575,Moto,Sunny,High,Metropolitian,False,0,1,1,9941.301603743632,10017.227185258273,Aumento_Velocidade,1
pedido_9912.69301053014_766,131.9515597341283,104.88323737108439,89.88323737108439,1.3408391883664317,15,4.6358781546114995,Scooter,Sandstorms,High,Urban,False,0,1,0,9912.69301053014,10017.576247901225,Aumento_Velocidade,1
pedido_9905.60299560463_762,143.6123658463407,123.53926259089047,108.53926259089047,20.126018201594757,5,4.804716132923947,Moto,Sandstorms,Jam,Urban,False,0,1,0,9905.60299560463,10019.14225819552,Aumento_Velocidade,1
pedido_9828.977632305001_723,199.75985708062703,192.72025796536272,177.72025796536272,15.075288252847859,15,4.33631132858131,Moto,Windy,Jam,Metropolitian,False,0,1,0,9828.977632305001,10021.697890270363,Aumento_Velocidade,0
pedido_9876.549282762353_747,171.006937332339,152.44034174745278,137.44034174745278,4.077416286011787,10,4.423500547903273,Moto,Stormy,Medium,Metropolitian,False,0,0,0,9876.549282762353,10023.989624509806,Rota_Reduzida,0
pedido_9880.774604447031_749,129.40810462165848,139.12070691405216,139.12070691405216,5.17448172993192,5,4.696480595211066,Van,Windy,High,Metropolitian,True,0,1,0,9880.774604447031,10024.895311361084,Nenhuma,0
pedido_9929.702305626284_774,134.84199103491935,96.23722986513518,81.23722986513518,16.40781003682468,15,4.746334150441993,Scooter,Windy,Medium,Metropolitian,False,0,0,0,9929.702305626284,10025.93953549142,Rota_Reduzida,1
pedido_9910.081412490668_764,132.06234873211497,132.25619584516008,117.25619584516008,7.189647042504855,5,4.809493976545021,Moto,Sandstorms,High,Metropolitian,False,0,1,0,9910.081412490668,10032.337608335829,Aumento_Velocidade,1
pedido_9917.34845632013_770,127.16041010866479,116.56894248685427,101.56894248685427,7.123387599546463,15,4.642059652583528,Moto,Stormy,High,Metropolitian,True,0,1,0,9917.34845632013,10033.917398806983,Aumento_Velocidade,1
pedido_9910.609183403936_765,127.7207353084923,129.08246163993024,114.08246163993024,5.495160573399422,10,4.85459692372725,Scooter,Foggy,Medium,Urban,True,0,0,0,9910.609183403936,10034.691645043866,Rota_Reduzida,1
pedido_9905.965330825462_763,134.26524228980983,128.93579546291818,113.93579546291818,4.351593351286989,15,4.8293426683330125,Moto,Windy,Medium,Metropolitian,False,0,0,0,9905.965330825462,10034.90112628838,Rota_Reduzida,1
pedido_9901.73254084717_761,129.35413274741754,145.94638552084447,130.94638552084447,3.809671227377759,5,5.0,Scooter,Foggy,Jam,Metropolitian,False,0,1,0,9901.73254084717,10037.678926368015,Aumento_Velocidade,0
pedido_9961.876599536958_786,102.55356625346316,82.85155618539835,67.85155618539835,11.766868257369467,10,5.0,Moto,Sunny,High,Metropolitian,False,0,1,1,9961.876599536958,10039.728155722356,Aumento_Velocidade,1
pedido_9914.035494531501_767,139.7153085249541,131.75776350531942,116.75776350531942,14.470721523133639,10,4.803359694132237,Moto,Sandstorms,Jam,Metropolitian,False,0,1,0,9914.035494531501,10040.793258036821,Aumento_Velocidade,1
pedido_9930.516523266624_775,102.74877294378612,96.1559624908883,96.1559624908883,7.313238570715806,15,4.574982128407447,Van,Stormy,Low,Metropolitian,False,0,0,0,9930.516523266624,10041.672485757512,Nenhuma,1
pedido_9964.7928828276_790,99.05590523092877,89.48917449274857,74.48917449274857,0.9205695744030677,5,4.6357702602361455,Scooter,Sunny,Jam,Metropolitian,False,0,1,1,9964.7928828276,10044.282057320348,Aumento_Velocidade,1
pedido_9945.230210327034_780,95.86193917624409,93.97339955098553,93.97339955098553,0.0,10,4.618750139253538,Van,Sunny,High,Metropolitian,False,0,1,1,9945.230210327034,10049.203609878019,Nenhuma,1
pedido_9998.818746467712_805,97.49009431361574,59.81762479433981,44.81762479433981,3.6699187109023206,10,4.735660196943821,Moto,Sunny,High,Urban,False,0,1,1,9998.818746467712,10053.636371262051,Aumento_Velocidade,1
pedido_9914.136972251861_768,136.37617664587154,149.8987816860869,134.8987816860869,15.040230414872816,5,4.856157834003928,Scooter,Windy,High,Urban,True,0,1,0,9914.136972251861,10054.035753937947,Aumento_Velocidade,0
pedido_9920.643032769734_772,135.17790609396323,137.3993954554832,122.39939545548319,18.44033886140826,15,4.63805349235957,Moto,Sandstorms,High,Metropolitian,True,0,1,0,9920.643032769734,10058.042428225217,Aumento_Velocidade,0
pedido_9964.309622978746_788,102.8883219529856,95.71041333474054,80.71041333474054,10.054404556469315,15,5.0,Moto,Sunny,High,Metropolitian,False,0,1,1,9964.309622978746,10060.020036313486,Aumento_Velocidade,1
pedido_9928.83269228043_773,143.7745844267488,133.10907160392816,118.10907160392816,14.153477415845138,15,5.0,Moto,Sandstorms,Jam,Metropolitian,True,0,1,0,9928.83269228043,10061.941763884359,Aumento_Velocidade,1
pedido_9942.314034734323_779,126.51694053425892,120.74422362997558,105.74422362997558,8.931189454267473,15,4.490612999983531,Moto,Stormy,High,Metropolitian,True,0,1,0,9942.314034734323,10063.058258364299,Aumento_Velocidade,1
pedido_10010.361433263532_814,49.963447608341966,51.80750026612622,51.80750026612622,14.476410676733762,5,4.450292427336155,Moto,Windy,Medium,Urban,True,1,0,0,10010.361433263532,10067.168933529658,Nenhuma,1
pedido_10035.687737584974_831,45.81915720739557,28.549718659237186,28.549718659237186,15.024106835752004,5,4.845237495824295,Moto,Windy,High,Metropolitian,False,1,1,0,10035.687737584974,10069.237456244211,Nenhuma,1
pedido_9959.108976379639_785,131.97622244426435,123.16375460301975,108.16375460301975,2.6042694541804816,5,4.945022497365525,Moto,Foggy,High,Urban,True,0,1,0,9959.108976379639,10072.272730982659,Aumento_Velocidade,1
pedido_9962.471120632625_787,137.54355154498893,119.98678251427658,104.98678251427658,12.380625493175703,5,4.96732016920835,Scooter,Sandstorms,Medium,Metropolitian,False,0,0,0,9962.471120632625,10072.457903146902,Rota_Reduzida,1
pedido_9964.440238768579_789,134.1554627650212,118.70125757698118,103.70125757698118,5.454866090666125,5,4.507385694679217,Moto,Sandstorms,Medium,Urban,False,0,0,0,9964.440238768579,10073.141496345559,Rota_Reduzida,1
pedido_9988.151343097452_801,109.72426624064734,86.18278951314926,71.18278951314926,13.685412634025093,15,4.806742647458423,Moto,Sunny,Jam,Metropolitian,False,0,1,1,9988.151343097452,10074.334132610602,Aumento_Velocidade,1
pedido_9940.826626998141_777,168.10985659508145,139.53167377000065,119.53167377000065,0.0,15,4.398374889858693,Moto,Sandstorms,High,Other,False,0,1,0,9940.826626998141,10075.358300768143,Rota_Reduzida,1
pedido_10042.294123065207_836,44.92224699596647,32.26813986291739,32.26813986291739,12.735307387882703,5,5.0,Moto,Stormy,High,Metropolitian,True,1,1,0,10042.294123065207,10079.562262928124,Nenhuma,1
pedido_9952.151631556182_783,130.57241264366692,141.02551960846824,126.02551960846824,3.913228025368798,5,4.611998112759475,Moto,Sandstorms,Medium,Metropolitian,False,0,0,0,9952.151631556182,10083.177151164651,Rota_Reduzida,0
pedido_9998.666026129795_804,104.85627689033635,89.77710356915395,74.77710356915395,16.179204780847634,10,4.718583845934845,Scooter,Sunny,High,Metropolitian,True,0,1,1,9998.666026129795,10083.44312969895,Aumento_Velocidade,1
pedido_9986.202765072878_800,132.09596270400462,108.74663581695239,93.74663581695239,1.844956564863236,5,4.910342613808381,Moto,Foggy,High,Urban,True,0,1,0,9986.202765072878,10084.949400889831,Aumento_Velocidade,1
pedido_9970.045223833202_792,134.12425690067138,117.38037996047981,102.38037996047981,12.76126642709336,15,4.539389463901369,Moto,Windy,High,Metropolitian,False,0,1,0,9970.045223833202,10087.425603793681,Aumento_Velocidade,1
pedido_9958.605467462867_784,134.21504553323146,141.94720828712315,126.94720828712315,15.762009308574084,5,4.858190076132038,Scooter,Sandstorms,High,Urban,False,0,1,0,9958.605467462867,10090.55267574999,Aumento_Velocidade,0
pedido_9967.420923713677_791,132.72189536850425,125.11534289578077,110.11534289578077,16.190177327727596,15,4.538794057637467,Moto,Windy,High,Urban,False,0,1,0,9967.420923713677,10092.536266609457,Aumento_Velocidade,1
pedido_9975.392269615058_795,131.64848052002316,121.78116094883723,106.78116094883723,10.802758775932567,15,4.73468925963711,Moto,Stormy,High,Urban,True,0,1,0,9975.392269615058,10097.173430563897,Aumento_Velocidade,1
pedido_9984.801348349909_798,130.69081648866165,105.78013199088255,105.78013199088255,6.2616745053282195,10,4.406333677510693,Scooter,Sandstorms,Low,Metropolitian,False,0,0,0,9984.801348349909,10100.581480340792,Nenhuma,1
pedido_9975.011220527556_794,132.54907833083777,128.48814124710236,113.48814124710236,16.42773551313332,15,4.601051860980041,Scooter,Windy,High,Metropolitian,False,0,1,0,9975.011220527556,10103.499361774659,Aumento_Velocidade,1
pedido_10003.355033786853_810,109.16026949647534,100.55078280365444,85.55078280365444,18.189493564244486,15,4.8982539706637285,Moto,Sunny,Jam,Metropolitian,False,0,1,1,10003.355033786853,10103.905816590508,Aumento_Velocidade,1
pedido_9985.609277806398_799,126.45566465863135,120.59009972655556,105.59009972655556,7.978379537044631,15,4.524290745251605,Scooter,Sandstorms,Jam,Metropolitian,False,0,1,0,9985.609277806398,10106.199377532954,Aumento_Velocidade,1
pedido_10019.376630643777_820,95.21679804045945,89.04483953413653,74.04483953413653,6.175786526419922,15,4.561617443878649,Scooter,Sunny,Medium,Urban,False,0,0,1,10019.376630643777,10108.421470177915,Rota_Reduzida,1
pedido_9920.192513014905_771,200.68080329285624,194.33442706148477,179.33442706148477,11.539830420333345,10,4.394209405285155,Moto,Foggy,Jam,Metropolitian,True,0,1,0,9920.192513014905,10109.52694007639,Aumento_Velocidade,0
pedido_10001.046104462861_808,130.3150239244158,119.75230404412753,104.75230404412753,4.9975248218322355,5,4.5560797313805,Moto,Foggy,Jam,Metropolitian,False,0,1,0,10001.046104462861,10110.79840850699,Aumento_Velocidade,1
pedido_9980.162996936451_796,130.46484824925682,141.09161093815422,126.09161093815422,5.061122977365711,5,5.0,Moto,Stormy,High,Metropolitian,False,0,1,0,9980.162996936451,10111.254607874605,Aumento_Velocidade,0
pedido_9991.60922294491_802,131.0542026347294,131.88512344732442,116.88512344732442,6.0883759207549115,5,4.469897026869932,Moto,Foggy,High,Metropolitian,True,0,1,0,9991.60922294491,10113.494346392234,Aumento_Velocidade,1
pedido_10030.406209059842_826,104.34329393234248,88.21195833491527,73.21195833491527,12.110943637943937,10,4.588369780676941,Moto,Sunny,High,Metropolitian,True,0,1,1,10030.406209059842,10113.618167394758,Aumento_Velocidade,1
pedido_10003.723898613964_811,123.40083122371925,120.85905391280066,105.85905391280066,1.4459698117558255,5,4.727123431664323,Moto,Stormy,Jam,Urban,False,0,1,0,10003.723898613964,10114.582952526764,Aumento_Velocidade,1
pedido_9983.477754686806_797,127.31479556131167,127.2664578857489,127.2664578857489,7.808693843792739,5,4.53690283617717,Van,Stormy,High,Metropolitian,False,0,1,0,9983.477754686806,10115.744212572556,Nenhuma,0
pedido_10002.448717857802_809,131.8894892545976,114.09811953562749,99.09811953562749,5.165553364755371,15,4.856255639744046,Moto,Foggy,High,Metropolitian,True,0,1,0,10002.448717857802,10116.546837393429,Aumento_Velocidade,1
pedido_10014.287589068752_817,132.8662163156681,107.90634089392918,92.90634089392918,6.853919700029599,10,4.546910735408692,Moto,Stormy,Medium,Metropolitian,True,0,0,0,10014.287589068752,10117.193929962681,Rota_Reduzida,1
pedido_9949.94091953122_782,177.36352387539392,177.7344869294806,162.7344869294806,2.702275353817264,5,4.4312550022298405,Scooter,Foggy,High,Metropolitian,False,0,1,0,9949.94091953122,10117.675406460701,Aumento_Velocidade,0
pedido_9999.742405094716_806,136.02807377361214,123.5496164886872,108.5496164886872,4.607302250070993,10,4.596594099401069,Moto,Stormy,Medium,Metropolitian,False,0,0,0,9999.742405094716,10118.292021583402,Rota_Reduzida,1
pedido_10007.005703759733_813,135.95438256284447,111.65929408538048,96.65929408538048,11.891629331333284,15,4.901812703843028,Moto,Sandstorms,Medium,Metropolitian,False,0,0,0,10007.005703759733,10118.664997845113,Rota_Reduzida,1
pedido_10018.304343884234_819,132.0845784625362,114.90930703128033,99.90930703128033,0.0,5,4.862384426408043,Moto,Windy,High,Metropolitian,False,0,1,0,10018.304343884234,10123.213650915515,Aumento_Velocidade,1
pedido_10042.77515917298_837,100.33980805604831,91.00256190666583,76.00256190666583,3.6239434597372795,5,4.769544442951573,Moto,Sunny,Jam,Metropolitian,True,0,1,1,10042.77515917298,10123.777721079645,Aumento_Velocidade,1
pedido_10000.87066919265_807,127.23676774088358,133.13177751914577,118.13177751914577,3.6853684200952483,5,4.831180365849387,Moto,Windy,Jam,Metropolitian,False,0,1,0,10000.87066919265,10124.002446711796,Aumento_Velocidade,1
pedido_9972.221590789466_793,175.43554980698858,162.77258701485678,147.77258701485678,8.014950208302889,5,4.4095244744499835,Moto,Stormy,High,Urban,False,0,1,0,9972.221590789466,10124.994177804323,Aumento_Velocidade,0
pedido_10040.998275321828_834,97.5612546899875,85.41763338735336,70.41763338735336,6.170549538313802,15,4.686781131037764,Moto,Sunny,High,Metropolitian,False,0,1,1,10040.998275321828,10126.415908709181,Aumento_Velocidade,1
pedido_10013.704617151765_816,127.17055663736862,118.15420082822286,98.15420082822286,9.893018473434651,15,4.670312526220362,Moto,Windy,High,Other,False,0,1,0,10013.704617151765,10126.858817979988,Rota_Reduzida,1
pedido_10047.276992401863_838,99.14908689083734,80.61232434816168,65.61232434816168,2.2489987719956734,15,4.668706440793859,Moto,Sunny,Jam,Metropolitian,False,0,1,1,10047.276992401863,10127.889316750025,Aumento_Velocidade,1
pedido_10003.979867721206_812,141.30768498841627,134.90406664214208,119.90406664214208,16.711489475965948,10,4.708762988565368,Scooter,Foggy,High,Metropolitian,False,0,1,0,10003.979867721206,10133.883934363348,Aumento_Velocidade,1
pedido_10014.448961051006_818,130.1081869375424,125.29096161166859,110.29096161166859,6.844844453211726,10,4.600312644913993,Scooter,Windy,High,Urban,True,0,1,0,10014.448961051006,10134.739922662675,Aumento_Velocidade,1
pedido_10032.36846130553_827,123.40083122371925,103.22021096710193,88.22021096710193,0.9133961439273275,15,4.690091147837388,Scooter,Stormy,Jam,Metropolitian,False,0,1,0,10032.36846130553,10135.588672272632,Aumento_Velocidade,1
pedido_10038.89526599759_833,103.58104499654071,83.25029321352267,83.25029321352267,17.79020726285924,15,5.0,Moto,Sandstorms,Low,Metropolitian,False,0,0,0,10038.89526599759,10137.145559211112,Nenhuma,1
pedido_10035.614222107391_830,135.88852658159627,106.60741832991451,91.60741832991451,13.604387112218575,15,4.778400764795068,Moto,Windy,High,Metropolitian,True,0,1,0,10035.614222107391,10142.221640437307,Aumento_Velocidade,1
pedido_10049.92787049514_839,103.2396044153738,77.31631657610566,77.31631657610566,3.5947901088731653,15,4.809151414321235,Moto,Stormy,Low,Urban,True,0,0,0,10049.92787049514,10142.244187071245,Nenhuma,1
pedido_10041.006464750284_835,100.88689617589391,101.9062954175907,86.9062954175907,4.3267645479334655,15,5.0,Moto,Sunny,Jam,Metropolitian,False,0,1,1,10041.006464750284,10142.912760167876,Aumento_Velocidade,1
pedido_10073.978285284731_854,102.57911321272154,69.76869585911854,54.76869585911854,17.398612866468245,15,4.560965896610619,Moto,Sunny,High,Metropolitian,False,0,1,1,10073.978285284731,10143.74698114385,Aumento_Velocidade,1
pedido_10030.270751538186_825,127.36802787734052,119.03872713805504,104.03872713805504,6.177197564248957,10,4.693424173577967,Scooter,Windy,Jam,Metropolitian,False,0,1,0,10030.270751538186,10144.309478676241,Aumento_Velocidade,1
pedido_10025.939184309935_824,134.973070425256,121.83438874488249,106.83438874488249,8.80476628068373,15,4.854901102334503,Moto,Sandstorms,Medium,Metropolitian,False,0,0,0,10025.939184309935,10147.773573054817,Rota_Reduzida,1
pedido_10066.761744255993_849,98.97943721763599,67.52677743392783,67.52677743392783,5.058956396567936,15,4.875041008156526,Moto,Foggy,Low,Metropolitian,True,0,0,0,10066.761744255993,10149.288521689921,Nenhuma,1
pedido_10035.913454030644_832,136.12010447867792,121.05911825152606,106.05911825152606,13.746730525143276,10,4.545705450637396,Moto,Sandstorms,Medium,Metropolitian,False,0,0,0,10035.913454030644,10151.97257228217,Rota_Reduzida,1
pedido_9997.022000221083_803,140.4246048363373,163.38698092777878,148.38698092777878,13.77315508775937,10,4.860003158961744,Scooter,Foggy,High,Metropolitian,False,0,1,0,9997.022000221083,10155.408981148861,Aumento_Velocidade,0
pedido_10033.98944477881_829,132.47307289440732,128.26972104501775,113.26972104501775,4.477683586219514,10,4.592956276904272,Scooter,Sandstorms,High,Metropolitian,False,0,1,0,10033.98944477881,10157.259165823827,Aumento_Velocidade,1
pedido_10025.846706315848_823,153.13205941964304,138.1546919441811,123.15469194418111,15.911605922060078,10,5.0,Scooter,Foggy,Jam,Metropolitian,True,0,1,0,10025.846706315848,10159.001398260029,Aumento_Velocidade,0
pedido_10033.173923830453_828,132.49103640531567,121.35810919329923,121.35810919329923,8.170467889771041,5,4.908761690790719,Van,Foggy,High,Urban,False,0,1,0,10033.173923830453,10159.532033023752,Nenhuma,0
pedido_10051.17265230939_840,137.92460598103432,112.63387055199664,97.63387055199664,10.28547738299822,15,4.642383669088026,Moto,Foggy,Medium,Urban,False,0,0,0,10051.17265230939,10163.806522861387,Rota_Reduzida,1
pedido_10059.667028932476_847,128.2225744463269,113.06831306643133,98.06831306643133,3.6759755061367763,10,4.820983546040312,Moto,Stormy,High,Metropolitian,False,0,1,0,10059.667028932476,10167.735341998907,Aumento_Velocidade,1
pedido_10059.295299394184_846,131.8894892545976,108.75252741280235,93.75252741280235,4.872952656678321,15,4.861729798659214,Moto,Foggy,High,Metropolitian,True,0,1,0,10059.295299394184,10168.047826806986,Aumento_Velocidade,1
pedido_10023.816599341762_821,143.79348833965872,149.97318311090982,134.97318311090982,21.733897181037996,10,4.902303379233994,Moto,Foggy,High,Urban,False,0,1,0,10023.816599341762,10168.789782452672,Aumento_Velocidade,0
pedido_10055.22014689611_844,136.34491385489824,124.68403619652119,109.68403619652119,16.209215198496175,5,5.0,Scooter,Sandstorms,High,Urban,True,0,1,0,10055.22014689611,10169.90418309263,Aumento_Velocidade,1
pedido_10053.17550392005_841,125.60652864237228,123.63503788711355,108.63503788711355,4.444935195267799,10,4.707747644550953,Scooter,Foggy,Medium,Metropolitian,False,0,0,0,10053.17550392005,10171.810541807165,Rota_Reduzida,1
pedido_10012.01342068776_815,173.16004309169253,171.74810596121208,151.74810596121208,13.7832840830427,10,4.247505712839575,Scooter,Sunny,High,Other,True,0,1,1,10012.01342068776,10173.761526648972,Rota_Reduzida,0
pedido_10080.504214981805_862,102.50472489204277,82.73165362651723,82.73165362651723,17.583710014418333,15,4.648694045280322,Moto,Stormy,Low,Metropolitian,False,0,0,0,10080.504214981805,10178.235868608323,Nenhuma,1
pedido_10076.351731811754_857,127.84312972024415,107.2520305582084,92.2520305582084,3.5021407062852,10,4.678442932728315,Moto,Stormy,High,Metropolitian,True,0,1,0,10076.351731811754,10178.603762369963,Aumento_Velocidade,1
pedido_10069.359937166317_851,132.31779672230505,114.32394494460324,99.32394494460324,2.40215053566676,10,4.753638258298612,Moto,Sandstorms,High,Metropolitian,False,0,1,0,10069.359937166317,10178.68388211092,Aumento_Velocidade,1
pedido_10055.717056334319_845,120.73937645991545,109.0214595282069,109.0214595282069,17.624888404609102,15,4.503334268459559,Scooter,Sunny,Low,Urban,False,0,0,1,10055.717056334319,10179.738515862526,Nenhuma,1
pedido_10060.462084951956_848,130.98799161254698,122.14749054021718,107.14749054021718,9.119842184651157,15,4.916116984268171,Moto,Stormy,Medium,Metropolitian,False,0,0,0,10060.462084951956,10182.609575492173,Rota_Reduzida,1
pedido_10076.085220462935_856,124.01493299448674,112.28862529815561,97.28862529815561,2.722533094904897,10,5.0,Scooter,Stormy,Jam,Urban,False,0,1,0,10076.085220462935,10183.37384576109,Aumento_Velocidade,1
pedido_10055.149464712122_843,132.94751036836544,139.3303681047166,124.3303681047166,15.65444952349944,5,4.684601109557877,Moto,Stormy,Medium,Metropolitian,True,0,0,0,10055.149464712122,10184.479832816838,Rota_Reduzida,0
pedido_10053.252556756237_842,143.48835322826957,136.94521490265092,121.94521490265092,16.61896333589939,10,4.72014494247093,Moto,Foggy,Medium,Urban,True,0,0,0,10053.252556756237,10185.197771658888,Rota_Reduzida,0
pedido_10078.791014623466_859,131.21559757745345,108.38606417515675,93.38606417515675,3.3076549527574914,15,4.981026388451738,Moto,Stormy,High,Metropolitian,False,0,1,0,10078.791014623466,10187.177078798622,Aumento_Velocidade,1
pedido_10077.884879846504_858,131.19275837410942,110.127040766813,95.127040766813,15.071879624043161,15,4.905470412568773,Scooter,Stormy,High,Metropolitian,True,0,1,0,10077.884879846504,10188.011920613317,Aumento_Velocidade,1
pedido_10069.265336187384_850,127.50973563961574,124.7409205921023,109.7409205921023,7.750180540792048,10,4.4504973639738346,Scooter,Stormy,High,Metropolitian,False,0,1,0,10069.265336187384,10189.006256779487,Aumento_Velocidade,1
pedido_10073.948940330969_853,133.3348066754189,131.2431706580469,116.24317065804689,7.808587014594108,5,4.719583345715221,Moto,Windy,High,Metropolitian,False,0,1,0,10073.948940330969,10195.192110989015,Aumento_Velocidade,1
pedido_10091.097840400374_864,126.66493629528304,114.89130649117183,99.89130649117183,3.6474443702631003,5,4.483373762453554,Scooter,Foggy,Jam,Metropolitian,False,0,1,0,10091.097840400374,10195.989146891547,Aumento_Velocidade,1
pedido_10079.893566473365_861,135.37274343618463,121.3074847093576,106.3074847093576,18.439750111537666,10,4.682972862818921,Moto,Windy,Jam,Urban,False,0,1,0,10079.893566473365,10196.201051182723,Aumento_Velocidade,1
pedido_10084.948677165148_863,137.1732497899251,126.8050508674713,111.8050508674713,14.772437520657897,5,5.0,Scooter,Windy,High,Metropolitian,False,0,1,0,10084.948677165148,10201.75372803262,Aumento_Velocidade,1
pedido_10079.081529808303_860,124.8071018528391,132.9120540037823,117.91205400378229,1.7351894813168838,5,4.627517906342569,Scooter,Sandstorms,Jam,Metropolitian,True,0,1,0,10079.081529808303,10201.993583812085,Aumento_Velocidade,1
pedido_10091.202232350304_865,137.53165545415752,140.4971517316473,125.4971517316473,10.703586630521023,5,4.970857948581763,Scooter,Windy,Medium,Metropolitian,False,0,0,0,10091.202232350304,10221.699384081952,Rota_Reduzida,0
pedido_10074.724955525031_855,167.02847502040214,148.96545672429778,133.96545672429778,4.120259859896006,15,4.400811408956482,Scooter,Sunny,Medium,Metropolitian,False,0,0,1,10074.724955525031,10223.690412249329,Rota_Reduzida,0
pedido_10024.752690820038_822,197.41831860884682,210.23625164822394,195.23625164822394,6.156561977411689,10,4.240850254421021,Moto,Sunny,High,Urban,True,0,1,1,10024.752690820038,10229.988942468262,Aumento_Velocidade,0
pedido_10072.058638317996_852,195.0453889978176,189.51623448427233,174.51623448427233,3.1591103835837893,5,4.3956223762618585,Moto,Sunny,High,Metropolitian,False,0,1,1,10072.058638317996,10251.574872802268,Aumento_Velocidade,0
