id_pedido,previsao_min,tempo_real_min,tempo_corrigido_min,delivery_distance,tempo_coleta,Agent_Rating,Vehicle,Weather,Traffic,Area,weekend,is_grocery,jam_or_high_traffic,is_sunny_weather,tempo_criacao_sim,tempo_conclusao_sim,decisao,is_otd_corrigido
pedido_2.224901716236133_0,61.440821519633445,57.276327332438186,42.276327332438186,14.68174789530213,10,4.435309579838444,Moto,Sandstorms,High,Metropolitian,False,1,1,0,2.224901716236133,54.50122904867432,Aumento_Velocidade,1
pedido_26.04422857725952_20,45.83196294805559,30.194244600450837,30.194244600450837,16.979923946601645,5,4.561891129161205,Scooter,Stormy,High,Urban,True,1,1,0,26.04422857725952,61.23847317771036,Nenhuma,1
pedido_7.933440161254271_4,100.00171326255364,88.14729638123566,73.14729638123566,4.904054632101869,10,4.730013344410849,Moto,Sunny,High,Urban,True,0,1,1,7.933440161254271,91.08073654248993,Aumento_Velocidade,1
pedido_52.21885803626972_43,46.839200357924064,26.006459967761415,26.006459967761415,1.0802144952103152,15,4.851371987401781,Moto,Sandstorms,High,Urban,False,1,1,0,52.21885803626972,93.22531800403114,Nenhuma,1
pedido_21.55309240387575_16,96.80921212309678,78.04397625832223,63.04397625832223,2.7666186536817365,10,4.983124837085226,Scooter,Sunny,High,Metropolitian,False,0,1,1,21.55309240387575,94.59706866219798,Aumento_Velocidade,1
pedido_49.83655509412109_42,45.847260776794016,40.077079936391875,40.077079936391875,14.744843049590804,5,5.0,Scooter,Sandstorms,High,Metropolitian,True,1,1,0,49.83655509412109,94.91363503051296,Nenhuma,1
pedido_42.472978049638506_38,48.24997520376611,38.87750267278935,38.87750267278935,0.7909777354345948,15,4.784732670312365,Scooter,Foggy,High,Metropolitian,False,1,1,0,42.472978049638506,96.35048072242785,Nenhuma,1
pedido_47.46658690456914_41,47.68290245017874,46.138658970585006,46.138658970585006,20.47177663776699,5,4.613678485486142,Scooter,Sandstorms,High,Urban,False,1,1,0,47.46658690456914,98.60524587515414,Nenhuma,1
pedido_2.6353203003311236_1,131.70218798536155,108.32421779050149,93.32421779050149,7.788404812032967,10,4.4691657928360575,Scooter,Windy,High,Metropolitian,False,0,1,0,2.6353203003311236,105.95953809083261,Aumento_Velocidade,1
pedido_60.05606779987363_51,49.56460703393674,41.44953264541829,41.44953264541829,16.51116227196485,15,4.734878710289295,Scooter,Windy,Medium,Metropolitian,False,1,0,0,60.05606779987363,116.50560044529192,Nenhuma,1
pedido_35.412384603011105_27,102.96140195964212,89.40412971061778,74.40412971061778,5.843016046670132,10,4.485092680613676,Moto,Sunny,Jam,Metropolitian,False,0,1,1,35.412384603011105,119.81651431362889,Aumento_Velocidade,1
pedido_3.3836889761938775_2,130.22040801448227,126.364098594291,111.364098594291,6.413708337852453,10,4.784584269366608,Moto,Sandstorms,High,Metropolitian,True,0,1,0,3.3836889761938775,124.74778757048487,Aumento_Velocidade,1
pedido_26.888199622398883_21,102.47441195029778,84.63085325695008,84.63085325695008,3.0826930364727025,15,4.614613414581445,Moto,Windy,Low,Metropolitian,True,0,0,0,26.888199622398883,126.51905287934896,Nenhuma,1
pedido_97.69954946582995_74,44.58130281137555,24.269253945502996,24.269253945502996,4.098656199785854,5,4.798359629404122,Scooter,Foggy,High,Metropolitian,False,1,1,0,97.69954946582995,126.96880341133294,Nenhuma,1
pedido_9.536600686896914_6,124.913073812866,128.07359115618596,113.07359115618596,4.287629716807777,5,4.574273920164502,Moto,Sandstorms,Jam,Metropolitian,False,0,1,0,9.536600686896914,127.61019184308287,Aumento_Velocidade,1
pedido_27.0310348954196_22,133.23271051611962,101.37822953159362,86.37822953159362,12.320295952150984,15,4.714746471690724,Moto,Windy,High,Metropolitian,False,0,1,0,27.0310348954196,128.40926442701323,Aumento_Velocidade,1
pedido_17.885373134154094_10,133.64441369650768,111.50302477112758,96.50302477112758,2.2166306386287737,15,4.771605357677569,Scooter,Foggy,High,Metropolitian,False,0,1,0,17.885373134154094,129.3883979052817,Aumento_Velocidade,1
pedido_21.37595998016971_15,141.32008033116873,115.01814428449354,100.01814428449354,14.43914376767907,10,4.69433722271996,Moto,Foggy,High,Metropolitian,False,0,1,0,21.37595998016971,131.39410426466327,Aumento_Velocidade,1
pedido_7.9823481684940285_5,140.9383507766569,129.84041128114856,114.84041128114856,11.017286990382633,10,4.695342037808658,Moto,Foggy,High,Metropolitian,False,0,1,0,7.9823481684940285,132.8227594496426,Aumento_Velocidade,1
pedido_20.22846163022194_12,133.03987330531243,122.73744252699552,107.73744252699552,14.438630699309062,5,4.617887233000504,Moto,Stormy,Jam,Urban,False,0,1,0,20.22846163022194,132.96590415721747,Aumento_Velocidade,1
pedido_6.165292188893616_3,141.67887272572975,140.99532986927395,125.99532986927395,14.423015130378829,5,5.0,Moto,Foggy,High,Metropolitian,False,0,1,0,6.165292188893616,137.16062205816758,Aumento_Velocidade,0
pedido_37.94189685214815_30,127.09381212290116,99.86732533509479,84.86732533509479,0.9693471517020216,15,4.821054518394044,Moto,Stormy,High,Metropolitian,False,0,1,0,37.94189685214815,137.80922218724294,Aumento_Velocidade,1
pedido_52.704033722209104_44,101.9409446050392,92.54247743871446,77.54247743871446,16.913948113133937,10,4.891488846938045,Moto,Sunny,High,Urban,False,0,1,1,52.704033722209104,140.24651116092355,Aumento_Velocidade,1
pedido_18.321137351943086_11,127.68098561990368,117.76335800171503,117.76335800171503,4.32409299659763,5,4.530950714939353,Van,Windy,High,Metropolitian,True,0,1,0,18.321137351943086,141.08449535365813,Nenhuma,1
pedido_103.57179475205369_80,47.56796595961559,24.197263902381927,24.197263902381927,13.521475280250172,15,4.695581297015754,Moto,Stormy,Medium,Metropolitian,True,1,0,0,103.57179475205369,142.7690586544356,Nenhuma,1
pedido_34.454445561183405_25,133.12357893747864,110.46001083782281,95.46001083782281,14.84407431123156,15,4.824804875350976,Moto,Stormy,Jam,Metropolitian,False,0,1,0,34.454445561183405,144.9144563990062,Aumento_Velocidade,1
pedido_40.10755847531276_33,133.539271009579,110.58311315768356,95.58311315768356,10.199017317458814,10,4.54760470230892,Scooter,Sandstorms,Jam,Metropolitian,False,0,1,0,40.10755847531276,145.69067163299633,Aumento_Velocidade,1
pedido_16.90397820068382_9,131.9515597341283,129.65122739527922,114.65122739527922,0.29784506192639437,15,4.57164546874676,Moto,Sandstorms,High,Metropolitian,False,0,1,0,16.90397820068382,146.55520559596303,Aumento_Velocidade,1
pedido_44.37583981260096_39,138.25438508776574,104.21916622082988,89.21916622082988,15.566165957656107,15,4.873220842821713,Moto,Windy,Medium,Metropolitian,True,0,0,0,44.37583981260096,148.59500603343082,Rota_Reduzida,1
pedido_42.37495211639618_37,101.83758068084282,92.01659626307023,92.01659626307023,4.745748362455378,15,4.541271381215032,Moto,Stormy,Low,Metropolitian,False,0,0,0,42.37495211639618,149.3915483794664,Nenhuma,1
pedido_39.865142707456606_32,136.07765899363275,119.69563101898122,104.69563101898122,5.47224677748329,5,5.0,Moto,Foggy,High,Metropolitian,False,0,1,0,39.865142707456606,149.56077372643782,Aumento_Velocidade,1
pedido_22.48172202102126_18,139.9069521965192,137.24560949915775,122.24560949915775,14.177506885645967,5,5.0,Scooter,Windy,Medium,Metropolitian,True,0,0,0,22.48172202102126,149.727331520179,Rota_Reduzida,0
pedido_58.70935228133375_47,130.1565637841622,96.51214681747804,81.51214681747804,3.538044849443601,10,4.56744395261514,Scooter,Sandstorms,High,Metropolitian,True,0,1,0,58.70935228133375,150.2214990988118,Aumento_Velocidade,1
pedido_53.663480731485784_45,112.36431529147616,97.86345664829605,82.86345664829605,15.532043445496845,15,4.528665000817551,Moto,Sunny,Jam,Metropolitian,False,0,1,1,53.663480731485784,151.52693737978183,Aumento_Velocidade,1
pedido_36.22478326264001_29,122.51002003681302,125.30829635912977,110.30829635912977,1.9240704702204576,5,4.830771997989741,Moto,Stormy,Jam,Metropolitian,False,0,1,0,36.22478326264001,151.5330796217698,Aumento_Velocidade,1
pedido_32.01031311359345_24,134.50424194718346,131.3674084029029,116.3674084029029,13.195988929007896,5,4.7582030421866115,Moto,Sandstorms,High,Metropolitian,False,0,1,0,32.01031311359345,153.37772151649634,Aumento_Velocidade,1
pedido_35.36155467858716_26,136.8778880956702,129.65059603039515,114.65059603039515,10.853476175347632,5,5.0,Moto,Windy,Medium,Metropolitian,False,0,0,0,35.36155467858716,155.01215070898232,Rota_Reduzida,1
pedido_91.69048265153252_70,96.17540912510792,75.01590846900956,60.01590846900956,1.537031398303951,5,4.99928121682102,Scooter,Sunny,High,Metropolitian,False,0,1,1,91.69048265153252,156.7063911205421,Aumento_Velocidade,1
pedido_59.92071544080934_50,129.17882097500146,103.60134133638223,88.60134133638223,5.987388011115718,10,4.683795038692288,Scooter,Windy,High,Metropolitian,True,0,1,0,59.92071544080934,158.52205677719158,Aumento_Velocidade,1
pedido_35.66584809404008_28,130.35038718624247,129.2648982111977,114.2648982111977,4.837028682512116,10,4.8574908885879164,Scooter,Sandstorms,High,Metropolitian,True,0,1,0,35.66584809404008,159.9307463052378,Aumento_Velocidade,1
pedido_22.15417373004656_17,127.74865931486852,138.5662618480447,123.56626184804469,6.750217052498417,15,4.693409686794081,Moto,Windy,Jam,Metropolitian,False,0,1,0,22.15417373004656,160.72043557809124,Aumento_Velocidade,0
pedido_40.257450621876515_34,130.142437491438,131.88984779608472,116.88984779608472,6.923481103359673,5,4.474823796906731,Moto,Windy,High,Metropolitian,False,0,1,0,40.257450621876515,162.14729841796122,Aumento_Velocidade,1
pedido_84.39354774023553_64,103.81985237156267,77.866858715456,62.866858715456004,14.824056084733089,15,4.825079256080422,Scooter,Sunny,High,Urban,True,0,1,1,84.39354774023553,162.26040645569154,Aumento_Velocidade,1
pedido_30.55316949502526_23,127.2412030103888,117.38149864835731,117.38149864835731,5.808226996202255,15,4.641292828953447,Van,Stormy,High,Urban,False,0,1,0,30.55316949502526,162.93466814338257,Nenhuma,1
pedido_21.34784573151091_14,134.7383485713392,152.04237366391604,137.04237366391604,19.02143483283185,5,4.666832336960301,Moto,Stormy,Medium,Metropolitian,True,0,0,0,21.34784573151091,163.39021939542695,Rota_Reduzida,0
pedido_63.39709197895772_54,126.68847870331928,111.56642802695,96.56642802695,9.576318427458961,5,4.455435533371466,Moto,Stormy,High,Metropolitian,False,0,1,0,63.39709197895772,164.96352000590772,Aumento_Velocidade,1
pedido_65.48300245553534_56,100.71890639815673,89.58085399870555,89.58085399870555,2.8978072596952535,10,5.0,Moto,Stormy,Low,Metropolitian,False,0,0,0,65.48300245553534,165.0638564542409,Nenhuma,1
pedido_63.96058334562669_55,125.02680170593318,106.33368891969988,91.33368891969988,7.400838308505051,10,4.533718084660015,Moto,Sandstorms,Jam,Metropolitian,True,0,1,0,63.96058334562669,165.29427226532658,Aumento_Velocidade,1
pedido_41.80662328926801_36,117.93386740667725,117.4776280497081,117.4776280497081,14.87132512653634,10,4.6586742781836135,Moto,Sunny,Low,Metropolitian,True,0,0,1,41.80662328926801,169.2842513389761,Nenhuma,1
pedido_39.48074604075237_31,138.31258415814438,141.16408205706543,126.16408205706543,10.624754076541974,5,4.516428427478298,Moto,Stormy,Jam,Metropolitian,False,0,1,0,39.48074604075237,170.6448280978178,Aumento_Velocidade,0
pedido_58.81638043210304_48,132.77901003241487,116.96128723650335,101.96128723650335,17.700308059396907,10,4.930823832476455,Scooter,Stormy,High,Urban,True,0,1,0,58.81638043210304,170.7776676686064,Aumento_Velocidade,1
pedido_15.208682355619546_8,171.1459371390782,171.40853278197943,151.40853278197943,6.9690611819447,5,4.425020646981694,Scooter,Stormy,High,Other,False,0,1,0,15.208682355619546,171.61721513759898,Rota_Reduzida,0
pedido_54.38883213287513_46,132.83225952499396,118.10441672849717,103.10441672849717,6.3015354614661385,15,4.757481087602239,Scooter,Foggy,High,Metropolitian,False,0,1,0,54.38883213287513,172.4932488613723,Aumento_Velocidade,1
pedido_45.21217237625055_40,142.70331806653348,127.74653528912742,112.74653528912742,13.63569143873594,15,4.937566483578959,Scooter,Foggy,Medium,Urban,False,0,0,0,45.21217237625055,172.95870766537797,Rota_Reduzida,1
pedido_21.232218332121963_13,135.8251700970151,139.73865358107867,139.73865358107867,14.207335707332511,15,4.619611963547306,Van,Windy,Jam,Metropolitian,False,0,1,0,21.232218332121963,175.97087191320063,Nenhuma,0
pedido_11.536410552188304_7,162.9960602033286,149.868284630221,149.868284630221,14.376254944706766,15,4.1510405574954055,Moto,Stormy,Low,Urban,False,0,0,0,11.536410552188304,176.4046951824093,Nenhuma,0
pedido_81.99107037477276_60,127.0044567968632,107.39921483204293,92.39921483204293,2.632970340425526,5,4.867572356711163,Moto,Windy,Jam,Metropolitian,False,0,1,0,81.99107037477276,179.3902852068157,Aumento_Velocidade,1
pedido_140.67408389556323_103,39.506687930348846,35.19755542561206,35.19755542561206,15.104737342579998,5,4.903353321678321,Van,Sunny,Medium,Metropolitian,False,1,0,1,140.67408389556323,180.87163932117528,Nenhuma,1
pedido_114.08461883081168_84,99.14908689083734,81.42160300609136,66.42160300609136,2.2195059997027413,5,4.700965882181066,Scooter,Sunny,Jam,Metropolitian,False,0,1,1,114.08461883081168,185.50622183690302,Aumento_Velocidade,1
pedido_84.08100299340843_61,125.3308149176914,117.83763980240774,97.83763980240774,15.137204419119564,5,4.874334643745837,Moto,Stormy,High,Other,False,0,1,0,84.08100299340843,186.91864279581617,Rota_Reduzida,1
pedido_107.44950295602152_82,108.48695837704061,85.48876214920288,70.48876214920288,19.561761237898946,10,4.815015537236237,Scooter,Sunny,Jam,Urban,True,0,1,1,107.44950295602152,187.9382651052244,Aumento_Velocidade,1
pedido_68.25348551955584_57,138.2428898288285,122.98930735105472,107.98930735105472,17.526148011429065,15,4.816506029625679,Moto,Sandstorms,Medium,Urban,False,0,0,0,68.25348551955584,191.24279287061057,Rota_Reduzida,1
pedido_59.633710657794786_49,143.87999213971185,141.71984979538763,126.71984979538763,15.507880716738256,5,4.789151408623398,Moto,Foggy,High,Metropolitian,True,0,1,0,59.633710657794786,191.3535604531824,Aumento_Velocidade,0
pedido_109.15705287426998_83,97.71031359291094,88.28789147712244,73.28789147712244,4.548941885765268,10,4.701937335725667,Moto,Sunny,Medium,Metropolitian,True,0,0,1,109.15705287426998,192.44494435139242,Rota_Reduzida,1
pedido_100.50118684890475_78,106.14185238434366,96.96892536626176,81.96892536626176,15.991345912516852,10,4.479635475432855,Moto,Sunny,Medium,Metropolitian,True,0,0,1,100.50118684890475,192.47011221516652,Rota_Reduzida,1
pedido_25.47776464885911_19,177.42120854371532,157.91486806438,157.91486806438,8.88748571119259,10,4.386199222796443,Van,Sandstorms,High,Metropolitian,False,0,1,0,25.47776464885911,193.3926327132391,Nenhuma,0
pedido_102.80678758926635_79,97.21864305866913,92.48253055324565,77.48253055324565,4.577291394138989,15,4.8031278581179055,Moto,Sunny,High,Metropolitian,False,0,1,1,102.80678758926635,195.289318142512,Aumento_Velocidade,1
pedido_73.69992301008391_58,131.59983734834836,127.97215199711565,112.97215199711565,8.511573393441115,15,4.602157451267289,Moto,Windy,High,Metropolitian,True,0,1,0,73.69992301008391,201.67207500719957,Aumento_Velocidade,1
pedido_93.46583846422118_72,113.43437864825387,100.06248359015682,100.06248359015682,12.85907314345024,10,4.456169231094408,Moto,Foggy,Low,Metropolitian,True,0,0,0,93.46583846422118,203.528322054378,Nenhuma,1
pedido_75.9148320444557_59,125.73746486138687,133.5337043470538,118.5337043470538,7.286959021037175,10,4.524288050280336,Scooter,Stormy,High,Metropolitian,True,0,1,0,75.9148320444557,204.4485363915095,Aumento_Velocidade,1
pedido_91.93641780132712_71,102.95583605120125,107.73287704090977,107.73287704090977,7.271066916919277,5,4.678877309473636,Moto,Stormy,Low,Metropolitian,False,0,0,0,91.93641780132712,204.6692948422369,Nenhuma,1
pedido_99.90142542222023_77,104.38525540505682,109.84643615037209,94.84643615037209,16.917764513756815,10,4.943634764454633,Moto,Sunny,High,Metropolitian,True,0,1,1,99.90142542222023,204.7478615725923,Aumento_Velocidade,1
pedido_40.506567165374385_35,149.33691385972352,169.9557356082355,154.9557356082355,10.285753935330302,10,5.0,Moto,Foggy,Jam,Metropolitian,False,0,1,0,40.506567165374385,205.46230277360988,Aumento_Velocidade,0
pedido_89.27010456642448_68,128.04830767786407,121.68607512689411,106.68607512689411,6.719241568582072,10,4.863753600197515,Scooter,Stormy,High,Metropolitian,False,0,1,0,89.27010456642448,205.95617969331857,Aumento_Velocidade,1
pedido_87.22103366858522_66,133.49810283236778,119.63844180412426,104.63844180412426,2.352868850147284,15,4.847783935063761,Moto,Foggy,High,Metropolitian,False,0,1,0,87.22103366858522,206.85947547270948,Aumento_Velocidade,1
pedido_88.44401035096693_67,150.54515122381375,127.35393648338425,112.35393648338425,14.880093415723916,10,4.924314237844069,Moto,Foggy,Jam,Metropolitian,True,0,1,0,88.44401035096693,210.7979468343512,Aumento_Velocidade,1
pedido_91.1153918112412_69,135.14647897973052,131.67117171003113,116.67117171003113,7.040279154012438,5,4.460232533938128,Scooter,Windy,Medium,Urban,False,0,0,0,91.1153918112412,212.78656352127234,Rota_Reduzida,1
pedido_120.49706586651637_89,101.40797453446916,92.58223163825181,77.58223163825181,3.6494570847807877,15,5.0,Moto,Sunny,High,Metropolitian,True,0,1,1,120.49706586651637,213.0792975047682,Aumento_Velocidade,1
pedido_133.34934749462843_98,97.07196058382635,70.80507068926735,70.80507068926735,7.821486964645999,10,4.672797318044061,Moto,Sunny,Low,Metropolitian,False,0,0,1,133.34934749462843,214.15441818389579,Nenhuma,1
pedido_114.18341406330714_85,140.9199537452364,105.75292969807224,90.75292969807224,10.919566372442443,10,4.488730061623295,Moto,Foggy,Medium,Metropolitian,False,0,0,0,114.18341406330714,214.93634376137936,Rota_Reduzida,1
pedido_130.37892979981643_96,97.49009431361574,89.99943349070291,74.99943349070291,3.1194776018458454,15,4.652863573847,Scooter,Sunny,High,Metropolitian,False,0,1,1,130.37892979981643,220.37836329051936,Aumento_Velocidade,1
pedido_84.30355362477955_63,127.89176257409241,126.40057334483524,126.40057334483524,6.900972865539165,10,4.800170928751152,Van,Stormy,High,Urban,True,0,1,0,84.30355362477955,220.70412696961478,Nenhuma,0
pedido_125.10564378283779_92,123.41894986164664,99.42855550021676,84.42855550021676,2.1672483981823896,15,4.685034212953431,Moto,Stormy,Jam,Metropolitian,False,0,1,0,125.10564378283779,224.53419928305453,Aumento_Velocidade,1
pedido_125.52223795799951_93,132.11331772948233,111.08668627098494,96.08668627098494,8.563973197700077,5,4.722752917596404,Moto,Stormy,Medium,Metropolitian,False,0,0,0,125.52223795799951,226.60892422898445,Rota_Reduzida,1
pedido_60.10627746424069_52,187.09978251065107,178.17491670644202,163.17491670644202,12.864458840660209,5,4.392120294111331,Moto,Stormy,High,Metropolitian,False,0,1,0,60.10627746424069,228.2811941706827,Aumento_Velocidade,0
pedido_189.59191705120972_130,43.82141975770502,25.70046295592219,25.70046295592219,4.036987429453225,15,4.821060163179668,Moto,Windy,Medium,Urban,True,1,0,0,189.59191705120972,230.2923800071319,Nenhuma,1
pedido_150.0405359563346_111,98.36114035328379,80.57754181218951,65.57754181218951,8.178861169460934,15,4.709141177070588,Moto,Sunny,Jam,Metropolitian,False,0,1,1,150.0405359563346,230.6180777685241,Aumento_Velocidade,1
pedido_61.265339217581385_53,187.89589678662458,169.7344371639565,154.7344371639565,16.385898040232302,15,4.249125297416989,Moto,Sandstorms,Medium,Metropolitian,False,0,0,0,61.265339217581385,230.99977638153788,Rota_Reduzida,0
pedido_84.40905098523402_65,142.43452326684994,142.40772822380274,142.40772822380274,17.709884725359174,5,5.0,Van,Foggy,High,Metropolitian,False,0,1,0,84.40905098523402,231.81677920903675,Nenhuma,0
pedido_118.00799615384047_87,133.22422543771026,125.83972238997794,110.83972238997794,0.09829662494372826,10,5.0,Moto,Sandstorms,High,Metropolitian,True,0,1,0,118.00799615384047,238.8477185438184,Aumento_Velocidade,1
pedido_123.98882464921411_91,139.22660117614151,125.80735751303587,110.80735751303587,4.721647532367187,5,5.0,Moto,Sandstorms,Medium,Metropolitian,True,0,0,0,123.98882464921411,239.79618216224998,Rota_Reduzida,1
pedido_98.18597888128714_75,140.82995587917088,136.9547191013336,136.9547191013336,17.55857617608615,5,4.716324477545282,Van,Sandstorms,Jam,Metropolitian,False,0,1,0,98.18597888128714,240.14069798262074,Nenhuma,0
pedido_164.1733449022577_117,99.64686982189336,76.78340931909648,61.78340931909648,1.5135825872059243,15,4.643524544503547,Moto,Sunny,Jam,Metropolitian,False,0,1,1,164.1733449022577,240.95675422135417,Aumento_Velocidade,1
pedido_138.8523032595819_102,125.93479861990818,103.04051376388254,88.04051376388254,8.479984988807917,15,4.480192564925622,Moto,Sandstorms,Jam,Metropolitian,False,0,1,0,138.8523032595819,241.89281702346443,Aumento_Velocidade,1
pedido_126.80336263202298_94,135.41940274021803,125.57495956241394,110.57495956241394,6.363471167033886,5,4.7120392288356525,Moto,Windy,Medium,Metropolitian,False,0,0,0,126.80336263202298,242.37832219443692,Rota_Reduzida,1
pedido_133.53353881591076_99,133.33356138466675,114.13634999978535,99.13634999978535,15.964747927823431,10,4.928098596987121,Scooter,Stormy,Jam,Urban,False,0,1,0,133.53353881591076,242.6698888156961,Aumento_Velocidade,1
pedido_117.65438383028145_86,136.4056187582668,131.90329386914783,116.90329386914783,13.105332294774481,10,4.520839366296922,Moto,Sandstorms,Medium,Metropolitian,False,0,0,0,117.65438383028145,244.5576776994293,Rota_Reduzida,1
pedido_131.94211496985153_97,130.45757925805412,113.19365667785496,98.19365667785496,4.7947803413088925,15,4.923915773515312,Scooter,Sandstorms,Jam,Metropolitian,True,0,1,0,131.94211496985153,245.1357716477065,Aumento_Velocidade,1
pedido_106.13286341056447_81,151.81725244422014,150.11062735872198,135.11062735872198,22.279547713914916,5,4.72671775174573,Moto,Foggy,Jam,Metropolitian,True,0,1,0,106.13286341056447,246.24349076928644,Aumento_Velocidade,0
pedido_208.6793337428748_145,43.32061786124499,28.644122760629386,28.644122760629386,7.826104852847627,10,4.930770075864594,Scooter,Foggy,High,Metropolitian,False,1,1,0,208.6793337428748,247.3234565035042,Nenhuma,1
pedido_84.24810529531008_62,176.19091549802883,173.73670150631222,158.73670150631222,3.742587023652382,5,4.33052525640801,Scooter,Foggy,Jam,Urban,False,0,1,0,84.24810529531008,247.9848068016223,Aumento_Velocidade,0
pedido_154.80392303189862_116,136.2875146519965,98.26242162726388,83.26242162726388,13.98750475662906,10,4.881700007151945,Scooter,Sandstorms,Medium,Metropolitian,False,0,0,0,154.80392303189862,248.0663446591625,Rota_Reduzida,1
pedido_118.51148479866838_88,143.4271964342765,114.59826138355297,114.59826138355297,17.46594107395129,15,4.513018246961688,Van,Foggy,Medium,Metropolitian,False,0,0,0,118.51148479866838,248.10974618222136,Nenhuma,1
pedido_148.33832922748275_110,103.0997235425378,96.83340730000037,96.83340730000037,12.178536912251149,5,4.666617763826895,Moto,Windy,Low,Metropolitian,False,0,0,0,148.33832922748275,250.17173652748312,Nenhuma,1
pedido_135.07148515240445_100,130.06484308962703,117.25795091994186,102.25795091994186,8.253735445990262,15,4.494314264712225,Scooter,Windy,Jam,Metropolitian,False,0,1,0,135.07148515240445,252.3294360723463,Aumento_Velocidade,1
pedido_130.049512258214_95,133.25281920050452,131.15100902485287,116.15100902485287,11.647187827475376,10,4.793935891518221,Moto,Stormy,Medium,Metropolitian,False,0,0,0,130.049512258214,256.2005212830669,Rota_Reduzida,1
pedido_146.65701912521095_109,131.7025454518257,112.33947829167037,97.33947829167037,0.0,15,4.8042626221391265,Scooter,Windy,High,Metropolitian,False,0,1,0,146.65701912521095,258.9964974168813,Aumento_Velocidade,1
pedido_137.37308145067763_101,134.87988846989217,122.05423607344363,107.05423607344363,0.5519561639268868,15,4.752716407773281,Moto,Foggy,High,Metropolitian,False,0,1,0,137.37308145067763,259.42731752412124,Aumento_Velocidade,1
pedido_150.47608431865717_112,129.55081471202553,114.84811053760372,99.84811053760372,7.4770869815780525,10,4.7158826428047655,Moto,Stormy,Jam,Metropolitian,True,0,1,0,150.47608431865717,260.3241948562609,Aumento_Velocidade,1
pedido_146.0464287859701_108,134.04956838944372,114.90366934186508,99.90366934186508,17.014724442403153,15,4.89445675543649,Moto,Stormy,Medium,Metropolitian,False,0,0,0,146.0464287859701,260.9500981278352,Rota_Reduzida,1
pedido_200.2558717915874_136,62.98079077951115,66.74700498306352,51.74700498306352,7.528228078856465,10,4.358616145610836,Moto,Foggy,Jam,Metropolitian,False,1,1,0,200.2558717915874,262.00287677465093,Aumento_Velocidade,1
pedido_153.77767640935917_115,132.99487182043347,118.32345389593776,103.32345389593776,5.3062432746299235,5,4.885836379115336,Scooter,Foggy,High,Urban,False,0,1,0,153.77767640935917,262.1011303052969,Aumento_Velocidade,1
pedido_144.42098554995746_106,133.26722504908676,123.7969978426452,108.7969978426452,11.700980388411482,10,4.89106467690718,Moto,Sandstorms,High,Metropolitian,False,0,1,0,144.42098554995746,263.21798339260266,Aumento_Velocidade,1
pedido_123.59298101424648_90,144.9048881642912,150.21228039357723,135.21228039357723,13.655652191333578,5,5.0,Scooter,Foggy,Medium,Metropolitian,False,0,0,0,123.59298101424648,263.8052614078237,Rota_Reduzida,0
pedido_211.77724142696823_148,49.446096394352175,38.98108924933257,38.98108924933257,0.0,15,4.540555549606522,Moto,Stormy,High,Metropolitian,True,1,1,0,211.77724142696823,265.75833067630083,Nenhuma,1
pedido_150.91947750148455_113,128.14531783803307,121.00477890010046,106.00477890010046,2.4997032921721227,10,4.487045859993178,Moto,Windy,High,Urban,False,0,1,0,150.91947750148455,266.924256401585,Aumento_Velocidade,1
pedido_142.35568234511297_104,131.42999544618885,125.53993376755608,110.53993376755608,7.318407674350066,15,4.541390619677722,Scooter,Foggy,High,Metropolitian,True,0,1,0,142.35568234511297,267.895616112669,Aumento_Velocidade,1
pedido_151.17276685627252_114,127.0044567968632,119.66820007153521,104.66820007153521,2.7107119454102295,15,4.902678903998776,Moto,Windy,Jam,Metropolitian,False,0,1,0,151.17276685627252,270.8409669278077,Aumento_Velocidade,1
pedido_142.49892598975262_105,139.09041038119776,143.4543589280077,128.4543589280077,10.470586563350103,5,4.637821832587388,Moto,Windy,Jam,Metropolitian,False,0,1,0,142.49892598975262,275.95328491776036,Aumento_Velocidade,0
pedido_175.58723808717355_121,97.21798027955808,102.85515998860852,87.85515998860852,4.203535606617239,15,4.798700594508312,Scooter,Sunny,High,Metropolitian,False,0,1,1,175.58723808717355,278.4423980757821,Aumento_Velocidade,1
pedido_97.16708817274925_73,175.6526224766438,186.084357297752,171.084357297752,5.621012201525265,15,4.370930577142286,Moto,Stormy,High,Metropolitian,False,0,1,0,97.16708817274925,283.25144547050127,Aumento_Velocidade,0
pedido_190.5503492432606_131,135.2810887756535,102.84076034794347,87.84076034794347,13.118407392823885,10,4.629705842344084,Moto,Windy,High,Metropolitian,True,0,1,0,190.5503492432606,288.3911095912041,Aumento_Velocidade,1
pedido_181.25851274993946_125,137.27987733431817,109.22133383320697,94.22133383320697,21.744398157579706,15,4.632502322851197,Moto,Sandstorms,High,Metropolitian,False,0,1,0,181.25851274993946,290.4798465831464,Aumento_Velocidade,1
pedido_145.32422734507608_107,145.9011883802981,156.71481375958132,141.71481375958132,16.350798101322958,5,5.0,Scooter,Foggy,Medium,Metropolitian,True,0,0,0,145.32422734507608,292.0390411046574,Rota_Reduzida,0
pedido_210.20617406880243_147,97.99883927061347,82.08554093006603,67.08554093006603,2.3445867720597815,15,4.809417730856061,Moto,Sunny,High,Metropolitian,True,0,1,1,210.20617406880243,292.29171499886843,Aumento_Velocidade,1
pedido_179.02801655839272_123,129.41278082551602,118.55671740505099,103.55671740505099,13.873523867698914,10,4.87664357298097,Scooter,Stormy,High,Metropolitian,False,0,1,0,179.02801655839272,292.5847339634437,Aumento_Velocidade,1
pedido_98.66269056298445_76,195.11049797118173,193.95906596397697,178.95906596397697,16.824444217426024,15,4.404587614508735,Scooter,Windy,Jam,Metropolitian,True,0,1,0,98.66269056298445,292.6217565269614,Aumento_Velocidade,0
pedido_213.02166277029326_149,95.25023207545257,91.30261100421905,76.30261100421905,0.0,5,4.681713149728891,Scooter,Sunny,High,Metropolitian,False,0,1,1,213.02166277029326,294.32427377451233,Aumento_Velocidade,1
pedido_193.0230278255426_134,130.5840820227643,113.63710035778627,98.63710035778627,3.937207207920573,5,4.937827029809938,Scooter,Windy,High,Metropolitian,False,0,1,0,193.0230278255426,296.6601281833289,Aumento_Velocidade,1
pedido_188.39586633498604_128,133.0839262021267,119.89524092655483,99.89524092655483,12.184077640614824,10,4.659070949241337,Scooter,Sandstorms,Jam,Other,False,0,1,0,188.39586633498604,298.2911072615409,Rota_Reduzida,1
pedido_173.57092828576754_120,133.54167802044813,129.8733755805351,114.87337558053511,8.612992120667629,10,4.686636680642504,Moto,Windy,High,Metropolitian,False,0,1,0,173.57092828576754,298.4443038663027,Aumento_Velocidade,1
pedido_181.82143167207659_126,132.75290817707386,126.6971542436867,111.6971542436867,7.226898024007883,5,4.839632666716716,Scooter,Windy,High,Urban,False,0,1,0,181.82143167207659,298.5185859157633,Aumento_Velocidade,1
pedido_169.88621550234703_119,133.0196758514353,129.07951926509537,114.07951926509537,16.262794787750256,15,4.6943759604783954,Moto,Windy,High,Metropolitian,False,0,1,0,169.88621550234703,298.9657347674424,Aumento_Velocidade,1
pedido_247.60643201520884_170,39.86350750445645,37.39106260280639,37.39106260280639,4.539353489474361,15,4.908891959743866,Moto,Sunny,High,Urban,True,1,1,1,247.60643201520884,299.99749461801525,Nenhuma,1
pedido_167.04418929889547_118,132.141537028009,133.3390818945453,118.3390818945453,7.125071609408718,15,4.877506652171707,Moto,Foggy,High,Metropolitian,False,0,1,0,167.04418929889547,300.3832711934408,Aumento_Velocidade,1
pedido_255.3975534289915_175,60.677378566923565,39.768251723783735,39.768251723783735,16.004635229664643,10,4.328872464591075,Van,Sandstorms,High,Metropolitian,False,1,1,0,255.3975534289915,305.16580515277525,Nenhuma,1
pedido_202.81368911255265_142,130.78481102416515,108.28299543179276,93.28299543179276,4.444828347482597,10,4.7408480985287325,Moto,Sandstorms,High,Metropolitian,True,0,1,0,202.81368911255265,306.0966845443454,Aumento_Velocidade,1
pedido_230.88617615096564_155,99.0155242483077,86.37139824425887,71.37139824425887,5.41264646800022,5,4.638911218585605,Scooter,Sunny,Jam,Metropolitian,False,0,1,1,230.88617615096564,307.25757439522454,Aumento_Velocidade,1
pedido_192.4257489652856_133,132.2011587751808,121.51886185526763,106.51886185526763,16.465506849639088,10,4.767910705414505,Moto,Stormy,Medium,Metropolitian,False,0,0,0,192.4257489652856,308.94461082055324,Rota_Reduzida,1
pedido_177.62891792961173_122,143.89040075327938,132.27135287898182,117.27135287898182,15.411893506305134,15,4.980066033417351,Scooter,Sandstorms,Jam,Metropolitian,True,0,1,0,177.62891792961173,309.9002708085935,Aumento_Velocidade,1
pedido_209.3004731608958_146,142.9336061759527,116.30970466634767,101.30970466634767,10.548797064550126,5,4.529120022883508,Moto,Foggy,High,Metropolitian,True,0,1,0,209.3004731608958,315.61017782724343,Aumento_Velocidade,1
pedido_201.86981602572862_139,127.24367888595586,126.4507086967458,111.4507086967458,5.5720252835587045,5,4.780097481415351,Moto,Stormy,Jam,Metropolitian,False,0,1,0,201.86981602572862,318.32052472247443,Aumento_Velocidade,1
pedido_201.22899575808694_138,129.47527490682356,123.02914162182154,108.02914162182154,13.488553759463494,10,4.788514179752813,Moto,Stormy,High,Metropolitian,False,0,1,0,201.22899575808694,319.2581373799085,Aumento_Velocidade,1
pedido_191.14964167972013_132,136.495532914919,133.24036560203436,118.24036560203436,14.356712299290937,10,4.693200952846909,Moto,Sandstorms,Medium,Metropolitian,False,0,0,0,191.14964167972013,319.3900072817545,Rota_Reduzida,1
pedido_186.23113986483426_127,132.0813584930208,139.42840089728315,124.42840089728315,5.264302251296277,10,4.707241179225855,Scooter,Sandstorms,High,Metropolitian,False,0,1,0,186.23113986483426,320.65954076211744,Aumento_Velocidade,0
pedido_207.87786579006485_143,135.42097870994112,122.90850198410634,107.90850198410634,4.168825285855144,5,5.0,Moto,Foggy,High,Metropolitian,True,0,1,0,207.87786579006485,320.7863677741712,Aumento_Velocidade,1
pedido_180.1112003978265_124,139.4693227371637,147.97433734930425,132.97433734930425,13.52442563920968,10,4.651275275599079,Moto,Sandstorms,Jam,Urban,False,0,1,0,180.1112003978265,323.08553774713073,Aumento_Velocidade,0
pedido_188.55079353985624_129,141.381072794161,136.52447123454934,121.52447123454934,17.577445709606327,15,4.557150190545233,Moto,Sandstorms,Jam,Metropolitian,False,0,1,0,188.55079353985624,325.0752647744056,Aumento_Velocidade,0
pedido_231.6684565648245_157,103.52368612863889,84.21867207896699,84.21867207896699,18.069778012260038,10,4.656890964002372,Moto,Windy,Low,Metropolitian,False,0,0,0,231.6684565648245,325.88712864379147,Nenhuma,1
pedido_202.47886818638858_141,136.37695337191965,133.4675464257872,118.46754642578719,14.76808586789194,5,4.464949693524277,Moto,Sandstorms,Medium,Metropolitian,False,0,0,0,202.47886818638858,325.9464146121758,Rota_Reduzida,1
pedido_208.57718529408533_144,134.12547944357516,123.4545249920528,108.4545249920528,4.900485399161133,10,4.738316118537618,Scooter,Foggy,High,Metropolitian,False,0,1,0,208.57718529408533,327.03171028613815,Aumento_Velocidade,1
pedido_226.37790679523437_153,130.19349661771207,100.71602214148092,85.71602214148092,5.167350970993359,15,4.913581225044785,Moto,Foggy,Jam,Metropolitian,True,0,1,0,226.37790679523437,327.0939289367153,Aumento_Velocidade,1
pedido_200.43401337465755_137,136.87742867860052,134.60612675063234,119.60612675063234,16.53851818638381,10,4.5202533460309775,Moto,Sandstorms,High,Urban,True,0,1,0,200.43401337465755,330.0401401252899,Aumento_Velocidade,1
pedido_222.16025669315113_151,129.7674206134111,110.4514073309135,95.4514073309135,4.675693463654768,15,4.768336560282148,Moto,Foggy,Jam,Metropolitian,False,0,1,0,222.16025669315113,332.6116640240646,Aumento_Velocidade,1
pedido_242.74636043106818_164,97.56480591209817,95.52301849192659,80.52301849192659,4.82109924749753,10,4.851148310742198,Moto,Sunny,High,Metropolitian,False,0,1,1,242.74636043106818,333.26937892299475,Aumento_Velocidade,1
pedido_240.49854235167263_162,99.26048574684295,85.17470513883012,85.17470513883012,7.330892756622385,10,4.83546038137411,Scooter,Foggy,Low,Urban,False,0,0,0,240.49854235167263,335.6732474905027,Nenhuma,1
pedido_246.19753814655832_169,99.39479860951099,100.154229317974,85.154229317974,9.429903937113224,5,4.612948104991682,Moto,Sunny,High,Metropolitian,True,0,1,1,246.19753814655832,336.3517674645323,Aumento_Velocidade,1
pedido_231.54985994444687_156,102.68620219801154,91.30600557466111,91.30600557466111,13.015598040153213,15,4.849101711143852,Moto,Sandstorms,Low,Metropolitian,False,0,0,0,231.54985994444687,337.85586551910797,Nenhuma,1
pedido_264.75556196643566_181,95.95469655866764,81.12438632360838,66.12438632360838,1.8751575751415004,10,4.640878579938213,Moto,Sunny,High,Metropolitian,False,0,1,1,264.75556196643566,340.879948290044,Aumento_Velocidade,1
pedido_235.02883649424837_159,102.21354518198355,96.66515215910728,96.66515215910728,2.677342235895105,10,4.848746174322961,Scooter,Sandstorms,Low,Urban,True,0,0,0,235.02883649424837,341.69398865335563,Nenhuma,1
pedido_194.96556032216014_135,129.626641360191,156.88827355012089,141.88827355012089,7.5945674072231615,5,4.656492471642692,Scooter,Stormy,High,Urban,False,0,1,0,194.96556032216014,341.85383387228103,Aumento_Velocidade,0
pedido_242.95104265239289_165,132.02274868357563,99.4921594842919,84.4921594842919,2.6838925759761003,15,4.7317515921032145,Scooter,Sandstorms,High,Metropolitian,False,0,1,0,242.95104265239289,342.44320213668476,Aumento_Velocidade,1
pedido_221.0573573286232_150,125.20977620692102,112.33090017520983,112.33090017520983,2.7164229670753453,10,4.698980346992549,Van,Sandstorms,Jam,Metropolitian,True,0,1,0,221.0573573286232,343.388257503833,Nenhuma,1
pedido_249.15455933773816_171,103.98635774357008,98.50322204874055,83.50322204874055,16.555169789607632,15,4.6679879852847055,Scooter,Sunny,Medium,Urban,False,0,0,1,249.15455933773816,347.65778138647875,Rota_Reduzida,1
pedido_227.1558224237426_154,127.39112761191271,116.65583878808272,116.65583878808272,4.708575519086035,5,4.556500292946149,Van,Stormy,Jam,Metropolitian,False,0,1,0,227.1558224237426,348.8116612118253,Nenhuma,1
pedido_224.95252472280842_152,136.94163603331137,125.85853171672716,110.85853171672716,16.45755779460085,15,5.0,Scooter,Windy,High,Urban,False,0,1,0,224.95252472280842,350.8110564395356,Aumento_Velocidade,1
pedido_254.3771772407988_174,102.76970616416716,94.45927777865056,94.45927777865056,3.917345454695737,10,4.708533755612468,Moto,Sandstorms,Low,Metropolitian,True,0,0,0,254.3771772407988,358.8364550194494,Nenhuma,1
pedido_202.24689277279197_140,159.112992460989,147.5977749032128,147.5977749032128,13.246776864881625,10,4.409668508341159,Scooter,Sandstorms,Low,Urban,False,0,0,0,202.24689277279197,359.84466767600475,Nenhuma,0
pedido_232.4781980032161_158,146.04811009288414,132.38516791867295,117.38516791867295,12.89307842493087,10,4.988248270579242,Moto,Foggy,Medium,Metropolitian,True,0,0,0,232.4781980032161,359.86336592188906,Rota_Reduzida,1
pedido_273.0645538777727_185,109.613570526908,87.25526579951917,72.25526579951917,12.870003707936599,15,4.692088361640035,Scooter,Sunny,Jam,Metropolitian,False,0,1,1,273.0645538777727,360.3198196772919,Aumento_Velocidade,1
pedido_259.1368124308402_180,127.3462088301406,118.0427185397762,98.0427185397762,15.241831522995662,5,5.0,Moto,Stormy,Jam,Other,False,0,1,0,259.1368124308402,362.17953097061644,Rota_Reduzida,1
pedido_256.12565810000325_177,130.83341167961183,111.70535647441986,96.70535647441986,6.706091396036658,10,4.577236155401936,Scooter,Sandstorms,High,Urban,True,0,1,0,256.12565810000325,362.8310145744231,Aumento_Velocidade,1
pedido_293.4331634586453_197,97.49009431361574,78.17957293352113,63.17957293352113,3.374518255942319,10,4.656953579728701,Moto,Sunny,High,Metropolitian,False,0,1,1,293.4331634586453,366.6127363921664,Aumento_Velocidade,1
pedido_240.87041574957638_163,134.14109550680436,117.10437056882314,117.10437056882314,5.072688915589497,10,4.582710696841076,Van,Foggy,High,Metropolitian,False,0,1,0,240.87041574957638,367.97478631839954,Nenhuma,1
pedido_258.5336757105221_179,131.78534608617304,119.75227966577967,104.75227966577967,2.0094171854424396,5,4.710468845800989,Moto,Sandstorms,High,Metropolitian,False,0,1,0,258.5336757105221,368.2859553763018,Aumento_Velocidade,1
pedido_270.91699005471_184,98.09455266861596,82.42780841268335,82.42780841268335,4.81904259251886,15,4.6502178768826035,Van,Sunny,High,Metropolitian,False,0,1,1,270.91699005471,368.3447984673934,Nenhuma,1
pedido_258.26690061432214_178,133.4276074477385,117.02071371656638,102.02071371656638,3.4231905063664163,10,4.664723367196867,Scooter,Stormy,Medium,Metropolitian,False,0,0,0,258.26690061432214,370.2876143308885,Rota_Reduzida,1
pedido_286.2143044998954_191,102.57911321272154,85.10201801109788,70.10201801109788,17.613607476348626,15,4.575530327585917,Scooter,Sunny,High,Metropolitian,False,0,1,1,286.2143044998954,371.31632251099325,Aumento_Velocidade,1
pedido_240.26093115460532_161,140.9742370610932,131.2989299313777,116.2989299313777,10.963984816072923,15,4.6213516304991495,Moto,Foggy,High,Urban,False,0,1,0,240.26093115460532,371.559861085983,Aumento_Velocidade,1
pedido_246.1182743505215_167,135.18447239516868,131.93015093510581,116.93015093510581,0.0,10,4.71168110551473,Scooter,Windy,Medium,Metropolitian,True,0,0,0,246.1182743505215,373.0484252856273,Rota_Reduzida,1
pedido_246.12292564188166_168,133.26001537785646,122.6600168671473,122.6600168671473,5.217015447939835,5,4.858469914827882,Van,Foggy,High,Urban,False,0,1,0,246.12292564188166,373.782942509029,Nenhuma,0
pedido_342.70372974970707_221,45.67303220297432,26.18663246699527,26.18663246699527,9.153284007983613,5,4.775634937194707,Moto,Sandstorms,Jam,Urban,False,1,1,0,342.70372974970707,373.89036221670233,Nenhuma,1
pedido_270.5531945475601_183,129.80108567018078,114.6293763858902,99.6293763858902,17.964640071250795,5,4.838572583284581,Scooter,Stormy,High,Urban,False,0,1,0,270.5531945475601,375.1825709334503,Aumento_Velocidade,1
pedido_245.73470050266317_166,129.76486193434457,135.04465500225496,135.04465500225496,16.17828969929135,5,4.644373915020437,Van,Stormy,High,Urban,False,0,1,0,245.73470050266317,385.77935550491816,Nenhuma,0
pedido_284.800479044935_190,129.36101408685738,103.0390196390216,88.0390196390216,16.150238192372196,15,4.6582117400024075,Moto,Stormy,High,Urban,False,0,1,0,284.800479044935,387.8394986839566,Aumento_Velocidade,1
pedido_237.90881937815533_160,174.85987525007533,158.25270644517985,143.25270644517985,6.643478951580248,10,4.133545907823034,Moto,Windy,Medium,Urban,False,0,0,0,237.90881937815533,391.1615258233352,Rota_Reduzida,0
pedido_303.53319941273116_202,104.80928965537505,95.5059260418683,80.5059260418683,3.618992949459554,10,4.454709037265888,Scooter,Sunny,High,Metropolitian,False,0,1,1,303.53319941273116,394.03912545459946,Aumento_Velocidade,1
pedido_289.4264476338344_193,127.23676774088358,104.67950749932865,89.67950749932865,3.2285072002191457,15,4.8393620092105785,Moto,Windy,Jam,Urban,False,0,1,0,289.4264476338344,394.1059551331631,Aumento_Velocidade,1
pedido_270.34164304045714_182,134.3152155810986,137.504769943952,122.504769943952,19.87101382316552,5,4.767918881546931,Moto,Windy,High,Metropolitian,False,0,1,0,270.34164304045714,397.84641298440914,Aumento_Velocidade,0
pedido_320.9190187061129_211,99.25953004060266,88.2175534223656,73.2175534223656,5.324808281625727,5,4.778369272116883,Scooter,Sunny,High,Metropolitian,True,0,1,1,320.9190187061129,399.1365721284785,Aumento_Velocidade,1
pedido_276.38779502880794_187,140.9383507766569,140.13889490019383,125.13889490019383,11.163849102856986,5,4.676061866725566,Scooter,Foggy,High,Urban,False,0,1,0,276.38779502880794,406.5266899290018,Aumento_Velocidade,0
pedido_297.63780786095776_199,133.8603358861522,119.62436005279646,104.62436005279646,5.594411056681375,5,4.694326005578197,Scooter,Foggy,High,Metropolitian,False,0,1,0,297.63780786095776,407.26216791375424,Aumento_Velocidade,1
pedido_292.4423072816615_195,140.7062187728864,121.79650352968017,106.79650352968017,17.768408878234272,10,4.979553534776002,Scooter,Windy,Jam,Metropolitian,False,0,1,0,292.4423072816615,409.23881081134164,Aumento_Velocidade,1
pedido_278.70322367655257_189,128.53879175017417,116.43443848037708,116.43443848037708,7.305702760976658,15,4.589593936583734,Van,Windy,Jam,Metropolitian,False,0,1,0,278.70322367655257,410.13766215692965,Nenhuma,1
pedido_289.14308637231096_192,132.01965036098213,126.67007909998858,111.67007909998858,2.688083984665777,10,5.0,Moto,Sandstorms,Medium,Metropolitian,True,0,0,0,289.14308637231096,410.81316547229954,Rota_Reduzida,1
pedido_337.8586385641682_217,98.96454866059408,80.04678687103838,65.04678687103838,3.996250839327727,10,4.838129079651731,Scooter,Sunny,Jam,Metropolitian,False,0,1,1,337.8586385641682,412.90542543520655,Aumento_Velocidade,1
pedido_273.47021507503683_186,133.33356138466675,129.86202306179715,129.86202306179715,15.517534754936065,15,4.923275842506621,Van,Stormy,Jam,Metropolitian,False,0,1,0,273.47021507503683,418.332238136834,Nenhuma,0
pedido_295.97812256921617_198,127.89176257409241,128.34868699205543,113.34868699205543,6.599950666074343,10,4.806133876652868,Scooter,Stormy,High,Metropolitian,True,0,1,0,295.97812256921617,419.3268095612716,Aumento_Velocidade,1
pedido_291.07436404585974_194,130.80428664175128,128.46463687253623,113.46463687253623,4.911166597500974,15,4.615661396638217,Scooter,Windy,High,Metropolitian,False,0,1,0,291.07436404585974,419.53900091839597,Aumento_Velocidade,1
pedido_293.2759957703569_196,133.43657027271232,137.5316928455934,122.5316928455934,11.284181512373095,5,4.789781688482388,Moto,Sandstorms,High,Metropolitian,False,0,1,0,293.2759957703569,420.80768861595027,Aumento_Velocidade,0
pedido_306.41707374768265_205,132.4886587340063,124.64713346550656,109.64713346550656,4.292116432404017,5,4.645576002615855,Moto,Sandstorms,High,Metropolitian,False,0,1,0,306.41707374768265,421.0642072131892,Aumento_Velocidade,1
pedido_255.99975609513382_176,169.0929187714829,151.51485217923695,151.51485217923695,0.0,15,4.417374774307176,Van,Windy,High,Metropolitian,True,0,1,0,255.99975609513382,422.51460827437074,Nenhuma,0
pedido_304.6991829666254_204,128.23841603244833,117.82284397315959,102.82284397315959,2.135885973946405,15,4.8774656027099805,Scooter,Stormy,High,Urban,False,0,1,0,304.6991829666254,422.522026939785,Aumento_Velocidade,1
pedido_326.7173137221589_212,98.97229356687076,107.26002473710838,92.26002473710838,0.0,5,4.8128366747900095,Moto,Sunny,High,Metropolitian,True,0,1,1,326.7173137221589,423.9773384592673,Aumento_Velocidade,1
pedido_345.8410218856862_223,95.05896335640593,78.59708766442358,63.59708766442358,2.000630303914761,15,4.788306406896092,Moto,Sunny,High,Metropolitian,False,0,1,1,345.8410218856862,424.43810955010974,Aumento_Velocidade,1
pedido_373.4631222866431_234,43.13372756566848,47.80460914962511,47.80460914962511,5.455187814611561,10,4.837569364205808,Scooter,Stormy,High,Metropolitian,False,1,1,0,373.4631222866431,431.2677314362682,Nenhuma,1
pedido_382.0197150930412_239,44.493962905162746,44.34763540682196,44.34763540682196,4.846326341856078,5,4.520887162784644,Van,Foggy,High,Metropolitian,True,1,1,0,382.0197150930412,431.36735049986316,Nenhuma,1
pedido_249.68193436427183_172,195.55443282281342,187.62131274631872,172.62131274631872,4.781535923277818,10,4.368227343216245,Scooter,Sunny,High,Metropolitian,False,0,1,1,249.68193436427183,432.3032471105905,Aumento_Velocidade,0
pedido_299.96785817439934_201,131.95632292084653,142.49870603589514,127.49870603589514,6.203612207303231,5,4.977554677343069,Moto,Sandstorms,Jam,Metropolitian,False,0,1,0,299.96785817439934,432.46656421029445,Aumento_Velocidade,0
pedido_311.4684150379597_207,141.3178313642075,132.34811008333227,117.34811008333227,14.604831146057206,5,4.630283564608935,Scooter,Foggy,High,Urban,False,0,1,0,311.4684150379597,433.816525121292,Aumento_Velocidade,1
pedido_277.9570321221746_188,174.37299506353975,171.95930781674264,156.95930781674264,4.934441558925661,5,4.4274018847911965,Scooter,Windy,High,Metropolitian,False,0,1,0,277.9570321221746,439.91633993891725,Aumento_Velocidade,0
pedido_315.28043186969444_208,117.01036948374531,115.88330012074852,115.88330012074852,18.485251687494557,10,5.0,Moto,Sunny,Low,Metropolitian,False,0,0,1,315.28043186969444,441.16373199044295,Nenhuma,1
pedido_337.6700364845374_216,130.3229842711921,112.90596065918285,97.90596065918285,11.436793451317191,10,4.894190127359237,Moto,Stormy,High,Metropolitian,False,0,1,0,337.6700364845374,445.5759971437202,Aumento_Velocidade,1
pedido_341.49227374405297_220,130.5100283634805,114.62606926448237,99.62606926448237,9.085593943041626,5,4.752283721155895,Scooter,Windy,Jam,Metropolitian,False,0,1,0,341.49227374405297,446.11834300853536,Aumento_Velocidade,1
pedido_319.420057748982_209,118.3825544585952,116.85992725052277,116.85992725052277,13.90127563243535,10,4.865756878195135,Scooter,Sunny,Low,Metropolitian,True,0,0,1,319.420057748982,446.2799849995048,Nenhuma,1
pedido_358.25876419050036_226,98.99944394579985,94.46504848189069,79.46504848189069,5.080040996991504,10,4.703402836974577,Moto,Sunny,Medium,Metropolitian,True,0,0,1,358.25876419050036,447.72381267239103,Rota_Reduzida,1
pedido_331.93451947337115_213,131.6635863367043,126.82283700708993,111.82283700708993,9.456115619149358,5,4.542561742564548,Moto,Windy,High,Metropolitian,False,0,1,0,331.93451947337115,448.7573564804611,Aumento_Velocidade,1
pedido_307.06199655922603_206,141.32008033116873,149.8368752840099,134.8368752840099,15.921331206204718,10,4.728292560730156,Moto,Foggy,High,Metropolitian,False,0,1,0,307.06199655922603,451.89887184323595,Aumento_Velocidade,0
pedido_406.02507302893173_246,43.592310375437386,36.58726380328241,36.58726380328241,5.697594734780036,10,4.871767336458516,Moto,Sandstorms,High,Metropolitian,False,1,1,0,406.02507302893173,452.61233683221417,Nenhuma,1
pedido_319.4592004812477_210,129.40810462165848,129.33335124551039,129.33335124551039,4.773080598712133,5,4.662784765492014,Van,Windy,High,Metropolitian,True,0,1,0,319.4592004812477,453.7925517267581,Nenhuma,0
pedido_250.98927592409657_173,192.94203487839206,201.5178115479871,201.5178115479871,4.187218037152896,5,4.439217586726653,Van,Sunny,High,Metropolitian,False,0,1,1,250.98927592409657,457.50708747208364,Nenhuma,0
pedido_348.94299110638804_224,133.29436213148793,115.58048558378633,100.58048558378633,6.868945660692075,10,4.968398390829451,Moto,Foggy,Jam,Metropolitian,False,0,1,0,348.94299110638804,459.52347669017433,Aumento_Velocidade,1
pedido_337.10725332014687_215,134.87988846989217,122.43528153734445,107.43528153734445,1.4089756848335044,15,4.79111955218302,Moto,Foggy,High,Urban,False,0,1,0,337.10725332014687,459.5425348574913,Aumento_Velocidade,1
pedido_385.6907486602115_241,101.62886116662526,84.61556911534538,69.61556911534538,12.962036295021424,10,4.734490011081587,Scooter,Sunny,High,Metropolitian,False,0,1,1,385.6907486602115,465.30631777555686,Aumento_Velocidade,1
pedido_338.2043608612349_218,145.44430609314742,143.53534441928264,128.53534441928264,16.71980016585915,5,4.479401448536916,Moto,Sandstorms,Jam,Metropolitian,True,0,1,0,338.2043608612349,471.7397052805175,Aumento_Velocidade,0
pedido_395.54550369503056_243,100.27505291215155,82.30256831181657,67.30256831181657,14.25531908533046,10,4.785431466469444,Scooter,Sunny,Medium,Urban,False,0,0,1,395.54550369503056,472.84807200684713,Rota_Reduzida,1
pedido_340.19475311276534_219,133.29674649805645,124.74809887451892,124.74809887451892,19.333925230257734,10,4.575090437462792,Van,Windy,High,Metropolitian,False,0,1,0,340.19475311276534,474.94285198728426,Nenhuma,0
pedido_374.3837257881698_235,109.67902100127023,112.68451333709245,97.68451333709245,17.64238017748579,5,4.830195854868043,Moto,Sunny,Jam,Metropolitian,False,0,1,1,374.3837257881698,477.06823912526227,Aumento_Velocidade,1
pedido_298.14440788102627_200,183.51928916143177,179.1830955139249,164.1830955139249,9.981123308819546,15,4.408566910030956,Scooter,Stormy,Medium,Metropolitian,False,0,0,0,298.14440788102627,477.3275033949512,Rota_Reduzida,0
pedido_304.647984885364_203,191.20098856894143,176.11105993491557,161.11105993491557,23.624152501899648,15,4.396459596315728,Moto,Foggy,High,Metropolitian,True,0,1,0,304.647984885364,480.75904482027954,Aumento_Velocidade,0
pedido_367.56996614822344_229,132.5897805730476,127.9360017138332,112.9360017138332,0.0,5,4.842606684557544,Scooter,Foggy,High,Metropolitian,True,0,1,0,367.56996614822344,485.50596786205665,Aumento_Velocidade,1
pedido_370.93358477450323_232,132.4886587340063,121.10680064909059,106.10680064909059,3.173489665623542,10,4.617701626228744,Moto,Sandstorms,High,Metropolitian,False,0,1,0,370.93358477450323,487.0403854235938,Aumento_Velocidade,1
pedido_359.13085300725197_227,128.36260269177163,119.0732360839462,119.0732360839462,5.450137219066534,10,4.654000125182434,Van,Foggy,Medium,Metropolitian,False,0,0,0,359.13085300725197,488.20408909119817,Nenhuma,1
pedido_372.5674862919437_233,127.48637158344809,118.62352763197671,103.62352763197671,0.0,15,4.758511263560221,Scooter,Windy,Jam,Metropolitian,False,0,1,0,372.5674862919437,491.1910139239204,Aumento_Velocidade,1
pedido_377.0734639818876_237,127.68098561990368,124.81329418298836,109.81329418298836,3.9649317968067246,5,4.456967100958572,Moto,Windy,High,Metropolitian,True,0,1,0,377.0734639818876,491.8867581648759,Aumento_Velocidade,1
pedido_367.5853400266772_230,132.61895272995193,120.85020981733388,120.85020981733388,0.18584808220999083,5,4.817694828949289,Van,Sandstorms,High,Urban,False,0,1,0,367.5853400266772,493.4355498440111,Nenhuma,0
pedido_370.13226256179354_231,149.1076947561497,131.69435791602018,116.69435791602018,14.762147886723291,15,4.71247819875067,Moto,Foggy,Jam,Metropolitian,False,0,1,0,370.13226256179354,501.8266204778137,Aumento_Velocidade,1
pedido_377.1014119046596_238,140.89819328805015,125.2888997008616,110.2888997008616,14.949508524004658,15,4.892651535953023,Moto,Sandstorms,Jam,Metropolitian,False,0,1,0,377.1014119046596,502.3903116055212,Aumento_Velocidade,1
pedido_383.01473148940795_240,133.26001537785646,121.07494044405473,106.07494044405473,4.90680642723463,15,4.864561596744071,Scooter,Foggy,High,Metropolitian,False,0,1,0,383.01473148940795,504.0896719334627,Aumento_Velocidade,1
pedido_353.4998092005237_225,178.59489844525606,152.27302676035424,137.27302676035424,13.981922503867828,15,4.38073101610866,Moto,Sunny,High,Urban,False,0,1,1,353.4998092005237,505.77283596087796,Aumento_Velocidade,0
pedido_359.6127497274102_228,133.26001537785646,141.2414177600943,141.2414177600943,4.810916290873625,5,4.871270206858251,Van,Foggy,High,Metropolitian,False,0,1,0,359.6127497274102,505.85416748750447,Nenhuma,0
pedido_396.00422861469883_244,140.72448743529725,121.06686760513918,106.06686760513918,11.10283731730841,10,4.80283657577298,Scooter,Windy,Jam,Urban,True,0,1,0,396.00422861469883,512.071096219838,Aumento_Velocidade,1
pedido_376.86415638626204_236,145.38265211959447,146.18492087565878,131.18492087565878,18.198560091401244,5,4.729798894557585,Scooter,Foggy,High,Metropolitian,True,0,1,0,376.86415638626204,513.0490772619208,Aumento_Velocidade,0
pedido_385.89190135329005_242,125.55883068395417,132.543899264427,117.54389926442701,6.550010028791071,10,4.832080042629786,Scooter,Foggy,Medium,Metropolitian,False,0,0,0,385.89190135329005,513.4358006177171,Rota_Reduzida,1
pedido_336.4124133839865_214,175.6526224766438,187.2960753061648,172.2960753061648,5.133072981312795,5,4.416507004065786,Moto,Stormy,High,Metropolitian,False,0,1,0,336.4124133839865,513.7084886901513,Aumento_Velocidade,0
pedido_344.63532716367314_222,174.31068454087486,181.69097995415376,166.69097995415376,7.259409830445006,5,4.254391856339929,Moto,Windy,Medium,Metropolitian,False,0,0,0,344.63532716367314,516.3263071178269,Rota_Reduzida,0
pedido_406.0586771040192_247,140.98233946960423,120.36581075673116,105.36581075673116,11.407382441620323,5,4.962263381371987,Scooter,Foggy,High,Metropolitian,False,0,1,0,406.0586771040192,516.4244878607503,Aumento_Velocidade,1
pedido_455.1428903436188_271,101.86332648589489,64.11609101239459,49.11609101239459,13.601982302760643,15,4.604394038738089,Moto,Sunny,High,Metropolitian,False,0,1,1,455.1428903436188,519.2589813560134,Aumento_Velocidade,1
pedido_426.77200187043985_255,99.26048574684295,82.59855485395167,82.59855485395167,7.33113808202195,10,4.8167549551796505,Moto,Foggy,Low,Metropolitian,False,0,0,0,426.77200187043985,519.3705567243915,Nenhuma,1
pedido_508.31808957021764_307,39.654345653663576,6.7083325876985995,6.7083325876985995,16.75737407072198,5,4.837088620322768,Moto,Sunny,High,Metropolitian,False,1,1,1,508.31808957021764,520.0264221579162,Nenhuma,1
pedido_467.4130936143644_282,48.24997520376611,37.75733986465099,37.75733986465099,0.0,15,4.786498568749451,Van,Foggy,High,Urban,False,1,1,0,467.4130936143644,520.1704334790154,Nenhuma,1
pedido_405.2468900583242_245,133.68532923575702,99.97136698882157,99.97136698882157,11.937330117549859,15,4.791094896543946,Van,Sandstorms,High,Metropolitian,False,0,1,0,405.2468900583242,520.2182570471458,Nenhuma,1
pedido_442.37232419361027_262,95.54621114191794,83.32162400489968,68.32162400489968,9.010528900114934,10,4.58377732923344,Moto,Sunny,High,Metropolitian,False,0,1,1,442.37232419361027,520.6939481985099,Aumento_Velocidade,1
pedido_422.0556592301361_254,130.8626028675974,106.90196712980652,91.90196712980652,15.334419816716984,10,4.614646117494102,Moto,Stormy,High,Metropolitian,True,0,1,0,422.0556592301361,523.9576263599427,Aumento_Velocidade,1
pedido_414.24615415764316_250,143.87999213971185,112.73811861951197,97.73811861951197,15.491587923363465,15,4.837961092001811,Scooter,Foggy,High,Metropolitian,True,0,1,0,414.24615415764316,526.9842727771552,Aumento_Velocidade,1
pedido_410.75478446010993_248,129.59430586216735,122.76619572602203,107.76619572602203,9.497642025467904,15,4.55092349756038,Moto,Stormy,High,Urban,False,0,1,0,410.75478446010993,533.520980186132,Aumento_Velocidade,1
pedido_436.0859125800795_260,98.61409883921586,109.00536186226125,94.00536186226125,7.877750292709203,5,4.7654552482052095,Scooter,Sunny,Jam,Metropolitian,False,0,1,1,436.0859125800795,535.0912744423407,Aumento_Velocidade,1
pedido_415.8779235496089_251,134.46271951595313,130.38062396171722,115.38062396171722,13.1247722485262,5,4.667339413577337,Moto,Stormy,Medium,Metropolitian,True,0,0,0,415.8779235496089,536.2585475113261,Rota_Reduzida,1
pedido_418.9370612455224_252,135.96845938685846,122.69604036686025,107.69604036686025,13.237987295472632,10,4.67536567614372,Moto,Windy,High,Metropolitian,True,0,1,0,418.9370612455224,536.6331016123827,Aumento_Velocidade,1
pedido_419.54679137176146_253,128.11277391432864,120.7975619112369,105.7975619112369,5.386728183894874,15,4.639882868349262,Scooter,Foggy,Medium,Metropolitian,False,0,0,0,419.54679137176146,540.3443532829983,Rota_Reduzida,1
pedido_463.5461415721893_277,101.62886116662526,98.30356608486044,83.30356608486044,12.723519545361416,5,4.693508884346132,Moto,Sunny,High,Metropolitian,False,0,1,1,463.5461415721893,551.8497076570497,Aumento_Velocidade,1
pedido_446.3497133388385_265,127.0109653739065,118.14838109457985,103.14838109457985,7.131583271849975,5,4.46400846935752,Moto,Stormy,High,Metropolitian,False,0,1,0,446.3497133388385,554.4980944334184,Aumento_Velocidade,1
pedido_464.69361162140336_278,101.30634037996386,90.56847434549098,75.56847434549098,11.278048515690276,15,4.6656995585155885,Moto,Sunny,Medium,Urban,False,0,0,1,464.69361162140336,555.2620859668943,Rota_Reduzida,1
pedido_445.3537911892181_264,132.64109442068133,116.30203098609984,101.30203098609984,11.96941081760276,10,4.91543480899867,Moto,Windy,High,Metropolitian,False,0,1,0,445.3537911892181,556.6558221753179,Aumento_Velocidade,1
pedido_468.0972651013083_284,102.83789227654934,99.35333264960128,84.35333264960128,19.219855549335275,5,5.0,Moto,Sunny,High,Metropolitian,False,0,1,1,468.0972651013083,557.4505977509097,Aumento_Velocidade,1
pedido_452.3034942987801_269,110.61774748892186,107.85914579008737,92.85914579008737,14.476267571325034,15,5.0,Scooter,Sunny,Jam,Metropolitian,False,0,1,1,452.3034942987801,560.1626400888674,Aumento_Velocidade,1
pedido_497.1987181018512_300,92.23279448221494,75.23355284453129,55.23355284453129,0.0,10,4.654006305662085,Moto,Sunny,High,Other,False,0,1,1,497.1987181018512,562.4322709463825,Rota_Reduzida,1
pedido_434.5219786945523_259,127.74153742557186,138.13960300722928,123.13960300722928,9.433987266667849,5,4.931668696775553,Moto,Stormy,High,Metropolitian,False,0,1,0,434.5219786945523,562.6615817017815,Aumento_Velocidade,0
pedido_441.7426842382426_261,126.66493629528304,131.19038026493598,116.19038026493598,3.651919212045967,5,4.457864383317792,Scooter,Foggy,Jam,Urban,False,0,1,0,441.7426842382426,562.9330645031786,Aumento_Velocidade,1
pedido_465.2471252290469_279,100.86540341089726,93.35614262611671,93.35614262611671,9.477010904126875,5,4.538156647448746,Van,Sunny,Jam,Metropolitian,True,0,1,1,465.2471252290469,563.6032678551636,Nenhuma,1
pedido_493.1028556538728_297,94.58990353618861,75.54899328563842,60.54899328563842,7.83283679650329,10,4.889231580788126,Moto,Sunny,High,Metropolitian,False,0,1,1,493.1028556538728,563.6518489395112,Aumento_Velocidade,1
pedido_446.66109501854197_266,145.0442650105166,120.094876605996,105.094876605996,17.42021837562993,15,5.0,Moto,Windy,Jam,Metropolitian,True,0,1,0,446.66109501854197,566.755971624538,Aumento_Velocidade,1
pedido_450.64550739875784_268,132.8295864841734,126.82389320184899,111.82389320184899,11.81050127776086,5,4.859126796761293,Moto,Windy,High,Metropolitian,False,0,1,0,450.64550739875784,567.4694006006068,Aumento_Velocidade,1
pedido_467.6014662626132_283,103.42141966773595,85.28926296316097,85.28926296316097,15.012674252033511,15,4.644509014190846,Van,Stormy,Low,Urban,False,0,0,0,467.6014662626132,567.8907292257742,Nenhuma,1
pedido_455.4611717105065_272,103.2221421228408,104.05992621683919,104.05992621683919,5.258585854774568,10,4.814246319929369,Moto,Windy,Low,Metropolitian,True,0,0,0,455.4611717105065,569.5210979273456,Nenhuma,1
pedido_462.2415682894544_274,131.3283193778849,118.65640940486361,103.65640940486361,4.337745059069959,5,4.881924678975186,Moto,Stormy,Medium,Metropolitian,True,0,0,0,462.2415682894544,570.897977694318,Rota_Reduzida,1
pedido_466.3155371267953_280,123.39882070508894,105.56020437655164,90.56020437655164,4.0179645847694605,15,4.674984640927534,Moto,Stormy,Jam,Metropolitian,False,0,1,0,466.3155371267953,571.875741503347,Aumento_Velocidade,1
pedido_411.68899868008674_249,178.03757609370686,171.84574384815093,156.84574384815093,6.841346505671719,5,4.432177008962888,Moto,Sandstorms,Jam,Metropolitian,False,0,1,0,411.68899868008674,573.5347425282376,Aumento_Velocidade,0
pedido_443.7629043291527_263,151.9780867494056,137.13849141993697,122.13849141993697,13.613812982458,10,4.633119641057355,Scooter,Foggy,Jam,Metropolitian,True,0,1,0,443.7629043291527,575.9013957490897,Aumento_Velocidade,0
pedido_468.49293230412025_286,128.81443924462351,118.72637065296,103.72637065296,5.132587202737938,5,4.60022899999222,Scooter,Windy,High,Urban,True,0,1,0,468.49293230412025,577.2193029570802,Aumento_Velocidade,1
pedido_448.5613194458327_267,142.12282187454412,128.66940352861306,113.66940352861306,12.863861157560232,15,4.723877939602374,Scooter,Foggy,High,Metropolitian,False,0,1,0,448.5613194458327,577.2307229744457,Aumento_Velocidade,1
pedido_433.14264968671336_257,175.81853305101575,156.95931540123675,141.95931540123675,2.1883475756077626,5,4.102952131765975,Moto,Sandstorms,Jam,Metropolitian,False,0,1,0,433.14264968671336,580.1019650879501,Aumento_Velocidade,0
pedido_453.407946485144_270,135.55962703029758,137.30921587610612,122.30921587610612,5.074907443439415,5,4.648295809954061,Moto,Sandstorms,Medium,Metropolitian,False,0,0,0,453.407946485144,580.7171623612501,Rota_Reduzida,0
pedido_475.1156202743827_289,94.98859749962307,95.88369079924911,95.88369079924911,3.1371796074195744,10,5.0,Moto,Sunny,Low,Metropolitian,False,0,0,1,475.1156202743827,580.9993110736318,Nenhuma,1
pedido_493.84802886421096_298,102.00599211693107,90.11869276632665,75.11869276632665,11.783075065871703,15,4.588896675218385,Moto,Sunny,High,Metropolitian,False,0,1,1,493.84802886421096,583.9667216305376,Aumento_Velocidade,1
pedido_487.0989046466514_293,132.62410172513793,103.6253191614625,88.6253191614625,4.095240588793587,10,4.523379403924556,Moto,Foggy,High,Urban,False,0,1,0,487.0989046466514,585.724223808114,Aumento_Velocidade,1
pedido_469.61594581117527_287,135.89637094743486,116.19443928488798,101.19443928488798,5.5764532607819275,15,4.660099190795916,Moto,Sandstorms,Medium,Metropolitian,False,0,0,0,469.61594581117527,585.8103850960632,Rota_Reduzida,1
pedido_463.5173475838344_276,128.25958115038492,124.53542137261314,109.53542137261314,5.210684121543828,15,4.8622424540372275,Moto,Stormy,High,Metropolitian,True,0,1,0,463.5173475838344,588.0527689564476,Aumento_Velocidade,1
pedido_496.3904197584883_299,105.33481927995679,96.78615211243545,81.78615211243545,16.189209470591024,10,4.824694075164789,Moto,Sunny,Medium,Metropolitian,True,0,0,1,496.3904197584883,588.1765718709237,Rota_Reduzida,1
pedido_466.5020260335519_281,127.89176257409241,132.6626595680998,117.6626595680998,6.731789307984222,5,4.779260041928715,Scooter,Stormy,High,Urban,True,0,1,0,466.5020260335519,589.1646856016516,Aumento_Velocidade,1
pedido_538.7421979900369_325,49.963447608341966,42.980473556686874,42.980473556686874,14.187935564244812,10,4.474755397242041,Scooter,Windy,Medium,Metropolitian,True,1,0,0,538.7421979900369,591.7226715467237,Nenhuma,1
pedido_468.2711807494709_285,133.1817589023007,133.84112677511254,118.84112677511254,7.843094939097853,5,4.8145026556430475,Moto,Foggy,High,Urban,False,0,1,0,468.2711807494709,592.1123075245835,Aumento_Velocidade,1
pedido_505.5890486643995_305,111.47535500340298,98.97696413449381,83.97696413449381,13.593791270253446,5,4.565378790956597,Moto,Sunny,Jam,Metropolitian,False,0,1,1,505.5890486643995,594.5660127988933,Aumento_Velocidade,1
pedido_487.5847668705357_294,131.95979834333633,119.19233276291352,104.19233276291352,8.496456905620196,5,4.943589462486753,Moto,Windy,High,Metropolitian,False,0,1,0,487.5847668705357,596.7770996334492,Aumento_Velocidade,1
pedido_433.2707913253025_258,172.09862563738517,163.95189334345318,148.95189334345318,3.35955071752055,15,4.414055995698562,Moto,Windy,Medium,Metropolitian,True,0,0,0,433.2707913253025,597.2226846687557,Rota_Reduzida,0
pedido_461.1478481977788_273,134.21504553323146,137.14753677515395,122.14753677515395,14.837537207731563,15,4.899068991537571,Scooter,Sandstorms,High,Metropolitian,False,0,1,0,461.1478481977788,598.2953849729328,Aumento_Velocidade,0
pedido_513.4982629954994_310,94.20773221615744,91.7232668690489,76.7232668690489,6.778973386153588,10,4.566037109918932,Moto,Sunny,Medium,Urban,False,0,0,1,513.4982629954994,600.2215298645483,Rota_Reduzida,1
pedido_484.4717567637154_290,136.495532914919,121.87585876464556,106.87585876464556,14.822974247917328,10,4.717150784168072,Moto,Sandstorms,Medium,Metropolitian,False,0,0,0,484.4717567637154,601.347615528361,Rota_Reduzida,1
pedido_504.6351775265542_304,111.51945907692189,107.83347148930073,92.83347148930073,16.673159849752288,5,4.725457411352132,Moto,Sunny,Jam,Metropolitian,True,0,1,1,504.6351775265542,602.4686490158549,Aumento_Velocidade,1
pedido_517.8388119134588_313,122.74397037471611,95.79541985697887,75.79541985697887,7.57046000033008,10,4.712487859787525,Moto,Windy,High,Other,False,0,1,0,517.8388119134588,603.6342317704377,Rota_Reduzida,1
pedido_512.0368553666672_309,101.26553164152769,103.51476449744935,88.51476449744935,10.463599264356294,5,4.551530392494226,Moto,Sunny,High,Metropolitian,False,0,1,1,512.0368553666672,605.5516198641166,Aumento_Velocidade,1
pedido_473.07586832089385_288,129.40810462165848,122.16857778816299,122.16857778816299,5.101596771548769,15,4.662544242589496,Van,Windy,High,Urban,True,0,1,0,473.07586832089385,610.2444461090569,Nenhuma,0
pedido_491.1121547046016_295,138.39268874418613,125.63134955411726,110.63134955411726,4.623933326097049,10,4.68522624805572,Scooter,Sandstorms,Medium,Metropolitian,True,0,0,0,491.1121547046016,611.7435042587189,Rota_Reduzida,1
pedido_515.8335769169313_312,98.73348133575344,101.74225694580716,86.74225694580716,5.935460351995105,10,4.57332823085617,Moto,Sunny,High,Metropolitian,False,0,1,1,515.8335769169313,612.5758338627385,Aumento_Velocidade,1
pedido_502.9557572991278_302,129.93029812439323,94.98853145597106,94.98853145597106,19.433639976637373,15,4.822624317054238,Van,Stormy,High,Metropolitian,False,0,1,0,502.9557572991278,612.9442887550988,Nenhuma,1
pedido_511.7733531078385_308,104.79723503270216,106.30273185464735,91.30273185464735,11.88474760242975,10,4.8839729074699605,Moto,Sunny,Medium,Metropolitian,True,0,0,1,511.7733531078385,613.0760849624859,Rota_Reduzida,1
pedido_515.514699790176_311,101.05753927312591,94.57457531411723,94.57457531411723,3.069700634982533,5,4.470598537598297,Scooter,Windy,Low,Urban,False,0,0,0,515.514699790176,615.0892751042932,Nenhuma,1
pedido_484.6351437774876_291,142.92304740360868,137.33087928688747,122.33087928688747,12.614693270611905,15,4.525150480754015,Scooter,Foggy,Medium,Metropolitian,True,0,0,0,484.6351437774876,621.9660230643751,Rota_Reduzida,0
pedido_492.83672700667245_296,127.37431770641766,134.2698747247644,119.2698747247644,7.941620621642195,10,4.830531568921786,Moto,Stormy,Jam,Urban,False,0,1,0,492.83672700667245,622.1066017314369,Aumento_Velocidade,1
pedido_500.9849191106344_301,132.9768582819197,134.18881837180143,119.18881837180143,9.508553543201135,5,4.637952522499576,Scooter,Foggy,Jam,Urban,True,0,1,0,500.9849191106344,625.1737374824359,Aumento_Velocidade,1
pedido_503.10278567509357_303,137.52197070343283,128.34165092384214,113.34165092384214,13.914760675377346,10,4.54189911818548,Moto,Windy,Jam,Urban,False,0,1,0,503.10278567509357,626.4444365989358,Aumento_Velocidade,1
pedido_520.8172859521086_315,131.11294560379613,111.2513580600042,96.2513580600042,8.270554730810348,10,4.91574947683303,Moto,Sandstorms,High,Metropolitian,False,0,1,0,520.8172859521086,627.0686440121128,Aumento_Velocidade,1
pedido_519.5569569409579_314,136.26809010294815,114.80572923248793,99.80572923248793,11.516644428868059,10,5.0,Moto,Windy,High,Metropolitian,False,0,1,0,519.5569569409579,629.3626861734458,Aumento_Velocidade,1
pedido_588.0504747304865_350,43.81533281062694,37.80623264583813,37.80623264583813,17.10079503871113,5,4.964383296047435,Scooter,Stormy,High,Urban,False,1,1,0,588.0504747304865,630.8567073763246,Nenhuma,1
pedido_576.507319681269_343,46.81064981657417,50.17287770336867,50.17287770336867,11.665611593004584,5,4.938548291316073,Scooter,Sandstorms,High,Metropolitian,False,1,1,0,576.507319681269,631.6801973846377,Nenhuma,1
pedido_506.3618102320819_306,133.16684047474135,131.51565656492588,116.51565656492588,11.363954932123475,10,4.705903200106682,Moto,Windy,Medium,Metropolitian,False,0,0,0,506.3618102320819,632.8774667970077,Rota_Reduzida,1
pedido_534.7656082026388_322,105.60548666213438,83.81538504538655,83.81538504538655,8.070756240872637,15,4.646209472975456,Moto,Stormy,Low,Metropolitian,True,0,0,0,534.7656082026388,633.5809932480253,Nenhuma,1
pedido_485.52521968829126_292,131.01821061841756,133.70831771574856,133.70831771574856,5.226176553609083,15,4.416480992169403,Moto,Stormy,Low,Metropolitian,False,0,0,0,485.52521968829126,634.2335374040398,Nenhuma,0
pedido_526.207875581331_319,131.59140551472498,116.80724289003773,101.80724289003773,7.058156313709837,10,4.87102764228495,Moto,Sandstorms,High,Metropolitian,False,0,1,0,526.207875581331,638.0151184713687,Aumento_Velocidade,1
pedido_537.5565490619686_324,131.4263338029071,102.13360913305247,87.13360913305247,4.554014368000877,15,4.696610417188657,Moto,Windy,High,Metropolitian,False,0,1,0,537.5565490619686,639.690158195021,Aumento_Velocidade,1
pedido_534.8608525380519_323,121.45876125151403,110.46490653804673,90.46490653804673,5.922890944208248,15,4.84423112943118,Moto,Stormy,High,Other,False,0,1,0,534.8608525380519,640.3257590760986,Rota_Reduzida,1
pedido_430.87680292778595_256,187.97953589507225,194.6914353330119,194.6914353330119,20.439677049885624,15,4.321336117054605,Van,Foggy,High,Metropolitian,False,0,1,0,430.87680292778595,640.5682382607979,Nenhuma,0
pedido_540.7703051708818_328,121.58080642254042,85.33523621952395,85.33523621952395,11.561811967533192,15,4.619505674647342,Moto,Sunny,Low,Metropolitian,False,0,0,1,540.7703051708818,641.1055413904057,Nenhuma,1
pedido_553.5456742395133_330,123.04848443036296,87.61250085158156,72.61250085158156,2.510615285179673,15,4.545056951677611,Scooter,Foggy,Medium,Metropolitian,True,0,0,0,553.5456742395133,641.1581750910949,Rota_Reduzida,1
pedido_521.0489992850339_317,132.0143942073065,123.17637301680213,108.17637301680213,5.8081649835091165,15,4.713696854625976,Scooter,Sandstorms,High,Metropolitian,False,0,1,0,521.0489992850339,644.225372301836,Aumento_Velocidade,1
pedido_538.8645488897668_326,103.3402232443271,90.4216631073499,90.4216631073499,6.621009292603139,15,4.80792967481865,Moto,Stormy,Low,Urban,True,0,0,0,538.8645488897668,644.2862119971167,Nenhuma,1
pedido_525.753673944354_318,137.15271655818867,119.4155182597361,104.4155182597361,15.403041559250665,15,4.985059520290199,Scooter,Sandstorms,Medium,Metropolitian,False,0,0,0,525.753673944354,645.1691922040901,Rota_Reduzida,1
pedido_462.30480046907917_275,175.0643952432979,173.69820389538415,173.69820389538415,3.424228164249551,10,4.2663772614423925,Van,Stormy,Jam,Urban,False,0,1,0,462.30480046907917,646.0030043644633,Nenhuma,0
pedido_530.7578693709844_320,143.3678079397931,129.80799878758478,114.80799878758478,19.667624831940216,5,4.903247072504784,Moto,Sandstorms,Jam,Metropolitian,False,0,1,0,530.7578693709844,650.5658681585692,Aumento_Velocidade,1
pedido_606.6337040299348_360,45.27428414701353,40.599139287029125,40.599139287029125,5.607982352861987,5,4.7112599795539305,Moto,Foggy,High,Metropolitian,True,1,1,0,606.6337040299348,652.232843316964,Nenhuma,1
pedido_540.2158720285865_327,133.01594099148963,124.70819819343058,109.70819819343058,7.976444405353422,5,4.57205767065053,Moto,Stormy,Medium,Metropolitian,True,0,0,0,540.2158720285865,654.9240702220171,Rota_Reduzida,1
pedido_617.1442222597834_367,44.67688054924066,28.155597866529405,28.155597866529405,5.119671088624036,10,4.720272539481683,Scooter,Sandstorms,Jam,Other,True,1,1,0,617.1442222597834,655.2998201263129,Nenhuma,1
pedido_562.5021243393649_333,121.55960500576889,102.27134032668984,87.27134032668984,3.033401347001779,10,4.500658897504952,Moto,Stormy,Jam,Metropolitian,False,0,1,0,562.5021243393649,659.7734646660547,Aumento_Velocidade,1
pedido_533.5716752138122_321,130.1565637841622,137.0060726235061,122.0060726235061,3.2351418848771734,5,4.588470741403537,Moto,Sandstorms,High,Metropolitian,True,0,1,0,533.5716752138122,660.5777478373184,Aumento_Velocidade,0
pedido_540.7817063455369_329,137.2444740778513,133.2532957852717,118.25329578527169,6.429564736376218,5,4.685046236611228,Moto,Sandstorms,Medium,Metropolitian,True,0,0,0,540.7817063455369,664.0350021308086,Rota_Reduzida,1
pedido_587.9172571404343_349,97.24252692463925,82.56482915977664,67.56482915977664,9.398483294630928,10,5.0,Scooter,Sunny,Medium,Metropolitian,False,0,0,1,587.9172571404343,665.482086300211,Rota_Reduzida,1
pedido_569.4430391702228_339,130.80428664175128,110.73026575316626,95.73026575316626,4.965963859007618,5,4.608401837672509,Scooter,Windy,High,Metropolitian,False,0,1,0,569.4430391702228,670.1733049233891,Aumento_Velocidade,1
pedido_575.8090367984357_342,96.64106261484396,89.20133289601694,89.20133289601694,5.122897249319378,10,4.652720534283808,Scooter,Sunny,Low,Metropolitian,False,0,0,1,575.8090367984357,675.0103696944527,Nenhuma,1
pedido_556.804503541055_331,135.95752999441467,130.67543296432595,115.67543296432595,12.138717956999164,15,4.5791053483426705,Moto,Windy,Medium,Metropolitian,True,0,0,0,556.804503541055,687.479936505381,Rota_Reduzida,1
pedido_563.9780734375022_334,135.62083256213674,131.6793401746403,116.67934017464029,18.942932200806286,10,4.905387998678077,Moto,Stormy,Medium,Metropolitian,False,0,0,0,563.9780734375022,690.6574136121425,Rota_Reduzida,1
pedido_568.981186487618_337,136.81698593570798,134.5605863730756,119.56058637307561,15.125139652860968,5,4.82662328745388,Scooter,Sandstorms,Medium,Metropolitian,False,0,0,0,568.981186487618,693.5417728606935,Rota_Reduzida,1
pedido_520.8313560722465_316,177.01019287411188,173.17689650142964,158.17689650142964,9.346512553042992,15,4.247914114230457,Moto,Windy,High,Urban,True,0,1,0,520.8313560722465,694.0082525736761,Aumento_Velocidade,0
pedido_569.4006343306104_338,132.86405523559586,124.37060963357337,124.37060963357337,9.37394133764698,5,5.0,Van,Sandstorms,Jam,Metropolitian,False,0,1,0,569.4006343306104,698.7712439641838,Nenhuma,0
pedido_579.5813582109489_344,140.87408145719994,125.6018259299884,110.6018259299884,11.871010011298521,10,4.66761123625241,Moto,Sandstorms,Jam,Metropolitian,False,0,1,0,579.5813582109489,700.1831841409373,Aumento_Velocidade,1
pedido_567.5969672551662_336,132.41844619110984,138.61826322260922,123.61826322260922,5.953069503557647,10,4.804541650189788,Scooter,Foggy,High,Urban,True,0,1,0,567.5969672551662,701.2152304777754,Aumento_Velocidade,0
pedido_582.1013591609221_345,129.816823247367,124.94438407409027,109.94438407409027,8.525195005261459,10,4.717082055683149,Moto,Stormy,High,Metropolitian,False,0,1,0,582.1013591609221,702.0457432350124,Aumento_Velocidade,1
pedido_598.4011523441253_356,133.4276074477385,105.77411216140626,90.77411216140626,3.6456159397447117,15,4.681013500059919,Moto,Stormy,Medium,Metropolitian,False,0,0,0,598.4011523441253,704.1752645055316,Rota_Reduzida,1
pedido_590.9539254059935_352,129.69102038931783,115.49400887036421,100.49400887036421,1.098710110821286,15,4.64297169969258,Moto,Windy,High,Urban,True,0,1,0,590.9539254059935,706.4479342763577,Aumento_Velocidade,1
pedido_582.9204358021757_347,135.64560797749135,128.64941831090437,113.64941831090437,8.623685637027261,10,4.779084359242436,Moto,Windy,Medium,Urban,False,0,0,0,582.9204358021757,706.56985411308,Rota_Reduzida,1
pedido_585.6510971004246_348,137.3524477945946,126.43029787237694,111.43029787237694,10.104832614045835,10,4.623230349390778,Scooter,Foggy,Medium,Metropolitian,True,0,0,0,585.6510971004246,707.0813949728016,Rota_Reduzida,1
pedido_607.6266001725753_362,100.8849898708039,99.47216406839068,84.47216406839068,5.195772327777825,15,4.5872274575672325,Moto,Sunny,High,Metropolitian,True,0,1,1,607.6266001725753,707.098764240966,Aumento_Velocidade,1
pedido_590.9846104178567_353,128.6410898239589,127.08207509438341,112.08207509438341,9.061049076420444,5,4.838845187067058,Moto,Stormy,High,Urban,True,0,1,0,590.9846104178567,708.0666855122402,Aumento_Velocidade,1
pedido_591.1854265563293_354,134.05104536364345,117.00256363429452,102.00256363429452,1.876619512347574,15,4.971668518534425,Scooter,Windy,Medium,Metropolitian,False,0,0,0,591.1854265563293,708.1879901906239,Rota_Reduzida,1
pedido_638.5011976391135_370,93.82106347204243,80.52023626169287,65.52023626169287,0.0,5,4.581360505288959,Scooter,Sunny,Medium,Metropolitian,False,0,0,1,638.5011976391135,709.0214339008063,Rota_Reduzida,1
pedido_594.595230302753_355,135.56342651820458,115.4229522109367,100.4229522109367,14.293312660838424,15,4.813628312184238,Moto,Windy,Jam,Metropolitian,False,0,1,0,594.595230302753,710.0181825136897,Aumento_Velocidade,1
pedido_604.575232618_358,133.4347195190689,119.91202183944365,104.91202183944365,5.356026651946008,5,4.978812342241475,Moto,Foggy,Jam,Metropolitian,True,0,1,0,604.575232618,714.4872544574437,Aumento_Velocidade,1
pedido_609.9330805421037_363,134.82985775917936,110.23763058105588,95.23763058105588,3.620283560184892,10,4.6459657381305055,Moto,Foggy,High,Metropolitian,False,0,1,0,609.9330805421037,715.1707111231595,Aumento_Velocidade,1
pedido_582.2089626701036_346,141.54997255150136,146.82349886695218,131.82349886695218,13.851067300023912,5,4.539263799492825,Scooter,Foggy,Medium,Urban,False,0,0,0,582.2089626701036,719.0324615370557,Rota_Reduzida,0
pedido_641.9300756251373_372,95.54621114191794,87.8820570151881,72.8820570151881,8.992487383671389,5,4.632340829823517,Moto,Sunny,High,Metropolitian,False,0,1,1,641.9300756251373,719.8121326403254,Aumento_Velocidade,1
pedido_565.3365637804359_335,159.24803942524355,140.08328020304967,140.08328020304967,15.276828814656414,15,4.400886265991082,Moto,Sandstorms,Low,Metropolitian,False,0,0,0,565.3365637804359,720.4198439834855,Nenhuma,0
pedido_650.3577070853354_377,94.59897983503738,77.30960558458466,62.30960558458466,7.932742526259856,10,4.739922609313385,Moto,Sunny,High,Metropolitian,False,0,1,1,650.3577070853354,722.6673126699201,Aumento_Velocidade,1
pedido_603.915777791439_357,130.32286415336182,130.24828821773107,115.24828821773107,7.767437914556376,5,5.0,Moto,Stormy,Jam,Metropolitian,False,0,1,0,603.915777791439,724.1640660091701,Aumento_Velocidade,1
pedido_610.9063994156311_365,142.69880885257305,126.10073606637042,111.10073606637042,15.333232369722962,5,4.717361987621939,Scooter,Foggy,Medium,Metropolitian,False,0,0,0,610.9063994156311,727.0071354820016,Rota_Reduzida,1
pedido_590.0427936545514_351,136.03400697173376,134.5392560408997,134.5392560408997,13.515883878310389,5,4.853553017956634,Van,Sandstorms,Medium,Metropolitian,False,0,0,0,590.0427936545514,729.582049695451,Nenhuma,0
pedido_569.8746819638636_341,184.58781304652817,169.95982610593813,154.95982610593813,20.80527313020688,5,4.445364645472184,Scooter,Sandstorms,High,Metropolitian,True,0,1,0,569.8746819638636,729.8345080698018,Aumento_Velocidade,0
pedido_642.1637295449651_373,133.41178331890254,96.18027430954056,81.18027430954056,9.122882297072309,10,4.818793818408299,Scooter,Foggy,High,Metropolitian,False,0,1,0,642.1637295449651,733.3440038545057,Aumento_Velocidade,1
pedido_651.1604822993284_379,99.12519491799806,88.31884316042068,73.31884316042068,13.438978320105923,10,4.575204886698128,Moto,Sunny,Medium,Metropolitian,False,0,0,1,651.1604822993284,734.479325459749,Rota_Reduzida,1
pedido_560.9996510124768_332,179.57351366057298,173.18724503021477,173.18724503021477,15.414259843546244,5,4.223491454107864,Van,Sunny,High,Metropolitian,False,0,1,1,560.9996510124768,739.1868960426915,Nenhuma,0
pedido_651.8978164584104_381,122.51002003681302,92.89425705539767,77.89425705539767,2.8706843526176855,10,4.772073134541981,Scooter,Stormy,Jam,Metropolitian,False,0,1,0,651.8978164584104,739.7920735138081,Aumento_Velocidade,1
pedido_666.8765585792019_388,97.49009431361574,73.94120872631953,58.94120872631953,3.6609881924061485,15,4.747364887771415,Scooter,Sunny,High,Metropolitian,False,0,1,1,666.8765585792019,740.8177673055213,Aumento_Velocidade,1
pedido_607.1314851142708_361,133.48985486131363,147.90196868744204,132.90196868744204,9.458481429677304,5,4.704191443667001,Scooter,Foggy,High,Metropolitian,False,0,1,0,607.1314851142708,745.0334538017129,Aumento_Velocidade,0
pedido_627.3398109716366_369,128.07304602335927,128.56895750128973,113.56895750128973,9.147489126250912,10,4.8852705227450794,Moto,Stormy,High,Metropolitian,False,0,1,0,627.3398109716366,750.9087684729263,Aumento_Velocidade,1
pedido_569.5469104333114_340,175.10431649638144,186.41268687176378,171.41268687176378,8.71836245555677,10,4.336099376954936,Moto,Stormy,High,Urban,True,0,1,0,569.5469104333114,750.9595973050751,Aumento_Velocidade,0
pedido_610.2065133346173_364,140.77869942436217,152.13387719202217,137.13387719202217,15.776594214684707,5,4.534320798853617,Moto,Foggy,High,Metropolitian,False,0,1,0,610.2065133346173,752.3403905266395,Aumento_Velocidade,0
pedido_658.8750292503374_385,127.57638294732693,95.35597727521981,80.35597727521981,8.354733206354048,15,4.618849873679272,Moto,Stormy,Jam,Metropolitian,False,0,1,0,658.8750292503374,754.2310065255573,Aumento_Velocidade,1
pedido_641.4495139463982_371,125.343143144716,116.69950342679087,101.69950342679087,3.1885262243597743,15,4.899979423901009,Scooter,Foggy,Medium,Urban,False,0,0,0,641.4495139463982,758.149017373189,Rota_Reduzida,1
pedido_648.6745469222068_376,136.20554377668626,116.55378470307929,101.55378470307929,15.354602058677399,10,4.574748899941735,Scooter,Sandstorms,Medium,Metropolitian,False,0,0,0,648.6745469222068,760.228331625286,Rota_Reduzida,1
pedido_660.0496337179177_386,100.63592624270207,86.69540220505061,86.69540220505061,2.6095433716695484,15,4.723030791336506,Van,Sunny,Jam,Urban,True,0,1,1,660.0496337179177,761.7450359229683,Nenhuma,1
pedido_716.8271942097939_412,45.381696561691044,38.312255924980064,38.312255924980064,7.850980598796159,10,5.0,Scooter,Sandstorms,High,Metropolitian,False,1,1,0,716.8271942097939,765.1394501347739,Nenhuma,1
pedido_658.7837940733682_384,140.572294376454,117.150821564101,97.150821564101,12.184561036848152,15,4.714819774419229,Moto,Foggy,Jam,Other,True,0,1,0,658.7837940733682,770.9346156374692,Rota_Reduzida,1
pedido_668.408428199726_389,110.05350976389829,94.01178924989274,94.01178924989274,14.160868781403765,10,4.7007824310849715,Van,Sunny,Jam,Urban,False,0,1,1,668.408428199726,772.4202174496188,Nenhuma,1
pedido_615.8655880850329_366,179.38230857484996,158.19365706423278,143.19365706423278,5.316237282239503,15,4.4152104222588475,Moto,Foggy,Jam,Metropolitian,False,0,1,0,615.8655880850329,774.0592451492656,Aumento_Velocidade,0
pedido_676.5419365073535_392,134.05104536364345,108.12733950320326,93.12733950320326,2.909581294943396,10,5.0,Moto,Windy,Medium,Metropolitian,False,0,0,0,676.5419365073535,779.6692760105568,Rota_Reduzida,1
pedido_653.3521231489997_382,140.7177165741594,136.45369075250406,121.45369075250406,13.62779608758483,5,4.84452945741962,Moto,Foggy,High,Metropolitian,False,0,1,0,653.3521231489997,779.8058139015037,Aumento_Velocidade,0
pedido_682.657445866978_395,110.54411547980678,107.15282718549967,92.15282718549967,11.364797530814904,5,4.771957698362106,Moto,Sunny,Jam,Metropolitian,False,0,1,1,682.657445866978,779.8102730524777,Aumento_Velocidade,1
pedido_605.4505144494801_359,184.218367150454,179.61854667011866,164.61854667011866,17.328836805980337,10,4.433504820084518,Scooter,Windy,High,Metropolitian,True,0,1,0,605.4505144494801,780.0690611195988,Aumento_Velocidade,0
pedido_650.4099409878305_378,133.51404252659216,115.03326238070383,115.03326238070383,13.24025256746187,15,4.752337572041923,Van,Stormy,Medium,Metropolitian,True,0,0,0,650.4099409878305,780.4432033685343,Nenhuma,1
pedido_622.2501351404125_368,175.14331602715734,159.03012240119813,144.03012240119813,1.6071820721385577,15,4.292217990602914,Moto,Windy,Jam,Metropolitian,False,0,1,0,622.2501351404125,781.2802575416106,Aumento_Velocidade,0
pedido_686.6732179431735_398,124.59475385135707,103.49660112269065,88.49660112269065,2.7698804851055767,10,4.757929216885623,Moto,Stormy,Jam,Metropolitian,True,0,1,0,686.6732179431735,785.1698190658642,Aumento_Velocidade,1
pedido_685.2384895916721_396,131.63498073960474,107.57293485935028,92.57293485935028,11.403121296222539,10,4.56826869820284,Scooter,Stormy,High,Metropolitian,False,0,1,0,685.2384895916721,787.8114244510224,Aumento_Velocidade,1
pedido_713.7410761598751_411,98.61128057442968,80.62359672589828,65.62359672589828,2.2762394772941184,10,4.701785949275321,Scooter,Sunny,High,Metropolitian,True,0,1,1,713.7410761598751,789.3646728857734,Aumento_Velocidade,1
pedido_654.3526584477448_383,144.21975274826923,135.3732076941637,120.37320769416371,14.978246401143473,15,5.0,Moto,Foggy,High,Metropolitian,True,0,1,0,654.3526584477448,789.7258661419086,Aumento_Velocidade,0
pedido_679.0752469806251_394,133.99359719787185,112.46848352823169,97.46848352823169,13.406873402862283,15,4.63185964351918,Scooter,Stormy,Medium,Metropolitian,False,0,0,0,679.0752469806251,791.5437305088568,Rota_Reduzida,1
pedido_688.0400570048264_400,123.79971560318238,108.97350422550603,93.97350422550603,1.5391787767553757,10,4.9672628416095606,Moto,Stormy,Jam,Metropolitian,False,0,1,0,688.0400570048264,792.0135612303325,Aumento_Velocidade,1
pedido_677.9096262977474_393,121.2203984222763,104.19118278053438,104.19118278053438,10.906353316808984,15,4.891886379839118,Moto,Sunny,Low,Metropolitian,False,0,0,1,677.9096262977474,797.1008090782818,Nenhuma,1
pedido_671.6515363505835_390,138.59369486330075,126.94746559998794,111.94746559998794,6.075362061097515,15,4.955783311943008,Scooter,Sandstorms,Medium,Urban,True,0,0,0,671.6515363505835,798.5990019505714,Rota_Reduzida,1
pedido_686.5777121944523_397,129.31403282553867,124.48683617168265,109.48683617168265,17.078261899350817,5,4.798510615096541,Scooter,Stormy,High,Metropolitian,False,0,1,0,686.5777121944523,801.0645483661349,Aumento_Velocidade,1
pedido_642.4611698063665_374,178.09542649575195,158.7677575466021,143.7677575466021,3.274766597660664,15,4.074084060047461,Moto,Foggy,High,Metropolitian,False,0,1,0,642.4611698063665,801.2289273529685,Aumento_Velocidade,0
pedido_644.1136184928979_375,185.83590190739548,164.88679586091249,149.88679586091249,14.291828117728699,10,4.409848180476036,Moto,Sandstorms,High,Metropolitian,False,0,1,0,644.1136184928979,804.0004143538104,Aumento_Velocidade,0
pedido_704.1038592379966_407,110.96649076751632,90.64648393165949,90.64648393165949,11.720327616807722,15,4.832409298160142,Moto,Foggy,Low,Metropolitian,False,0,0,0,704.1038592379966,809.7503431696562,Nenhuma,1
pedido_736.4095481553336_425,99.12104366257795,73.93382568550832,58.933825685508324,5.268031946763758,15,4.88801817909082,Moto,Sunny,Medium,Metropolitian,True,0,0,1,736.4095481553336,810.3433738408419,Rota_Reduzida,1
pedido_703.53504713714_405,131.3964929401477,120.61737821321483,100.61737821321483,9.904821879450047,10,4.552151906497679,Scooter,Stormy,Jam,Semi-Urban,True,0,1,0,703.53504713714,814.1524253503549,Rota_Reduzida,1
pedido_689.9556804218457_401,132.3094422460359,129.63695033163256,114.63695033163256,5.606924042368449,10,4.823332134795392,Moto,Sandstorms,High,Urban,False,0,1,0,689.9556804218457,814.5926307534783,Aumento_Velocidade,1
pedido_795.1782041587525_464,44.35513530688922,15.98043622690226,15.98043622690226,3.228275158273467,5,4.551859115073192,Moto,Stormy,Jam,Metropolitian,False,1,1,0,795.1782041587525,816.1586403856547,Nenhuma,1
pedido_651.4087596710689_380,174.23989059094237,178.66411809156054,163.66411809156054,3.843148736803779,5,4.374789610560936,Moto,Windy,Jam,Metropolitian,False,0,1,0,651.4087596710689,820.0728777626294,Aumento_Velocidade,0
pedido_690.4760525445263_402,132.65520812979105,140.3708263577473,125.37082635774729,7.044089553467086,5,4.611580935834821,Scooter,Windy,High,Metropolitian,False,0,1,0,690.4760525445263,820.8468789022736,Aumento_Velocidade,0
pedido_713.4857015863112_410,130.4816563736236,117.54998412059345,102.54998412059345,0.0,5,4.97487131657325,Moto,Stormy,High,Urban,False,0,1,0,713.4857015863112,821.0356857069046,Aumento_Velocidade,1
pedido_704.0218481897086_406,135.1360508499928,122.88082262501405,107.88082262501405,10.278835486320215,10,4.576044058675235,Moto,Sandstorms,High,Metropolitian,False,0,1,0,704.0218481897086,821.9026708147227,Aumento_Velocidade,1
pedido_705.8604150160809_408,120.53186981168642,111.28655721622054,111.28655721622054,12.618607549441597,5,4.876657111986782,Moto,Sunny,Low,Urban,False,0,0,1,705.8604150160809,822.1469722323014,Nenhuma,1
pedido_723.6124863480899_418,137.52762745128638,109.16434670413105,94.16434670413105,11.957927370250935,5,4.530817527219143,Moto,Windy,Jam,Metropolitian,False,0,1,0,723.6124863480899,822.7768330522209,Aumento_Velocidade,1
pedido_698.2297279945667_404,134.23075597098114,135.2045377164937,120.20453771649369,13.48496447326762,5,4.81733131639409,Scooter,Windy,High,Metropolitian,False,0,1,0,698.2297279945667,823.4342657110603,Aumento_Velocidade,0
pedido_722.271443003736_416,134.38082885625315,102.2647953947191,87.2647953947191,3.595024124495251,15,5.0,Scooter,Windy,Medium,Metropolitian,False,0,0,0,722.271443003736,824.536238398455,Rota_Reduzida,1
pedido_722.1936536752379_415,103.12932872615075,101.41374182048123,101.41374182048123,4.430929832334481,5,4.809080106423161,Scooter,Stormy,Low,Metropolitian,True,0,0,0,722.1936536752379,828.6073954957192,Nenhuma,1
pedido_737.067150884235_426,97.70385677473216,80.4283976571558,80.4283976571558,6.119384820743133,15,4.913178079187759,Moto,Sunny,Low,Urban,False,0,0,1,737.067150884235,832.4955485413908,Nenhuma,1
pedido_722.0174326670315_414,127.76474461616962,122.43268172773597,107.43268172773597,2.1608534778459334,5,4.611078400617462,Moto,Stormy,High,Metropolitian,True,0,1,0,722.0174326670315,834.4501143947674,Aumento_Velocidade,1
pedido_748.1611945511497_436,124.33717820178744,95.7562678688151,75.7562678688151,15.398005814997397,15,4.653073215541987,Scooter,Windy,High,Other,False,0,1,0,748.1611945511497,838.9174624199649,Rota_Reduzida,1
pedido_693.707563277057_403,143.73231567177737,130.6364100359797,130.6364100359797,10.920526933782323,15,4.59556535067591,Van,Foggy,Medium,Metropolitian,True,0,0,0,693.707563277057,839.3439733130367,Nenhuma,0
pedido_666.6323011932793_387,202.6853250116873,175.12623805218206,160.12623805218206,13.351002828789083,15,4.264319620404448,Moto,Foggy,Jam,Metropolitian,False,0,1,0,666.6323011932793,841.7585392454614,Aumento_Velocidade,0
pedido_726.764925623148_419,101.80108019207391,110.17050260966276,110.17050260966276,17.230336303850493,5,4.852120796074117,Moto,Stormy,Low,Metropolitian,False,0,0,0,726.764925623148,841.9354282328108,Nenhuma,1
pedido_740.8335957959505_427,105.62934702082173,92.40394638806977,92.40394638806977,16.870652717738864,10,4.7072082277959915,Moto,Windy,Low,Urban,True,0,0,0,740.8335957959505,843.2375421840203,Nenhuma,1
pedido_741.8055793461053_428,129.19995877577105,112.10543168863349,92.10543168863349,14.591867411399793,10,5.0,Scooter,Stormy,High,Other,True,0,1,0,741.8055793461053,843.9110110347389,Rota_Reduzida,1
pedido_734.02745634371_424,135.37427605803055,115.32413809055002,100.32413809055002,19.740116842895326,10,4.82230091433394,Scooter,Sandstorms,High,Metropolitian,True,0,1,0,734.02745634371,844.35159443426,Aumento_Velocidade,1
pedido_687.3321999644187_399,172.38170105767315,163.2395708281501,148.2395708281501,7.437178917908572,10,4.286257111558664,Scooter,Foggy,Medium,Metropolitian,True,0,0,0,687.3321999644187,845.5717707925688,Rota_Reduzida,0
pedido_754.5410406289624_440,105.8662279948134,102.12848175641527,87.12848175641527,5.398543142620838,5,4.497573733265576,Moto,Sunny,High,Metropolitian,False,0,1,1,754.5410406289624,846.6695223853776,Aumento_Velocidade,1
pedido_807.9639211503285_474,38.61793091731674,32.14071783617457,32.14071783617457,14.669754792147739,10,4.70337435172051,Moto,Stormy,Low,Urban,False,1,0,0,807.9639211503285,850.104638986503,Nenhuma,1
pedido_746.8246900852909_434,102.75661719259675,93.5889237392416,93.5889237392416,5.992182580729895,10,4.5976288433211705,Moto,Stormy,Low,Urban,False,0,0,0,746.8246900852909,850.4136138245325,Nenhuma,1
pedido_748.6598195359143_437,128.64689808372484,108.51405108163765,93.51405108163765,8.493347927046544,10,4.771946991486959,Moto,Stormy,High,Metropolitian,False,0,1,0,748.6598195359143,852.1738706175519,Aumento_Velocidade,1
pedido_730.701178399471_421,139.929493425998,128.99345537198167,113.99345537198167,16.362772483552142,10,5.0,Scooter,Windy,Jam,Metropolitian,False,0,1,0,730.701178399471,854.6946337714527,Aumento_Velocidade,1
pedido_753.2893551829725_439,102.57383016871553,91.48962783850473,91.48962783850473,17.03053078087695,10,4.965703973562094,Scooter,Stormy,Low,Metropolitian,False,0,0,0,753.2893551829725,854.7789830214772,Nenhuma,1
pedido_744.4609334123649_429,130.82602286753024,121.17864341833538,106.17864341833538,4.673665000698959,5,4.80964025897509,Moto,Windy,High,Urban,False,0,1,0,744.4609334123649,855.6395768307002,Aumento_Velocidade,1
pedido_711.1908529274348_409,154.9636626686886,156.7237024856464,141.7237024856464,13.05989214829734,5,4.52729360744565,Scooter,Foggy,Jam,Metropolitian,True,0,1,0,711.1908529274348,857.9145554130812,Aumento_Velocidade,0
pedido_751.0958806740083_438,110.54714016926177,104.21971922922523,104.21971922922523,19.571397384171117,5,4.959647449108875,Scooter,Foggy,Low,Metropolitian,False,0,0,0,751.0958806740083,860.3155999032335,Nenhuma,1
pedido_747.9915612933089_435,134.82985775917936,123.91042008645269,108.91042008645269,3.313349690883377,5,4.58914967692131,Scooter,Foggy,High,Metropolitian,False,0,1,0,747.9915612933089,861.9019813797615,Aumento_Velocidade,1
pedido_745.6037003647302_431,132.4886587340063,116.63858002078968,101.63858002078968,3.556480959584493,15,4.608098603339636,Moto,Sandstorms,High,Metropolitian,False,0,1,0,745.6037003647302,862.24228038552,Aumento_Velocidade,1
pedido_676.2472451862541_391,195.87484323068006,188.21157083492935,173.21157083492935,2.3324314374487223,15,4.306004228043803,Moto,Sunny,High,Metropolitian,True,0,1,1,676.2472451862541,864.4588160211835,Aumento_Velocidade,0
pedido_733.3352343786239_423,137.1949423716784,123.73933894201093,123.73933894201093,6.874517217699825,10,4.331998094605079,Moto,Foggy,Low,Urban,False,0,0,0,733.3352343786239,867.0745733206348,Nenhuma,0
pedido_783.8044264516632_461,101.97284760785502,88.58825267094387,73.58825267094387,11.861827572982442,10,4.653042305763939,Moto,Sunny,Medium,Metropolitian,False,0,0,1,783.8044264516632,867.3926791226071,Rota_Reduzida,1
pedido_759.2422864908115_443,132.86867926054578,118.44723137722437,103.44723137722437,9.886136232791177,5,4.781192817285522,Moto,Sandstorms,High,Metropolitian,False,0,1,0,759.2422864908115,867.6895178680359,Aumento_Velocidade,1
pedido_760.799816518093_445,134.27700231249142,112.86930849866104,97.86930849866104,13.759938000805139,10,4.8453012865980805,Moto,Windy,High,Metropolitian,False,0,1,0,760.799816518093,868.6691250167542,Aumento_Velocidade,1
pedido_760.4945170840624_444,135.94084546327747,113.43044534396603,98.43044534396603,4.492084654278573,10,4.526956616029691,Moto,Windy,Medium,Urban,False,0,0,0,760.4945170840624,868.9249624280285,Rota_Reduzida,1
pedido_777.7463671798574_455,102.84198900603003,97.80559485852217,82.80559485852217,8.045855522496248,10,4.498598156883964,Scooter,Sunny,High,Metropolitian,False,0,1,1,777.7463671798574,870.5519620383795,Aumento_Velocidade,1
pedido_755.8705982379253_441,112.56079519407159,109.86732134090406,109.86732134090406,13.803907545532322,5,4.452160742153046,Van,Sunny,Jam,Metropolitian,False,0,1,1,755.8705982379253,870.7379195788293,Nenhuma,1
pedido_756.9450904204123_442,135.3797013003017,119.99832746729513,104.99832746729513,8.317399741456969,10,4.758025226258219,Scooter,Sandstorms,Medium,Urban,True,0,0,0,756.9450904204123,871.9434178877074,Rota_Reduzida,1
pedido_760.8071201845511_446,130.73469314124256,123.6636842736614,108.6636842736614,5.0706706301864015,5,4.701287371872251,Moto,Sandstorms,High,Metropolitian,True,0,1,0,760.8071201845511,874.4708044582125,Aumento_Velocidade,1
pedido_746.2425975412154_432,118.3187449749961,125.71632411139652,125.71632411139652,13.965449184018912,5,4.530133854047079,Scooter,Sunny,Low,Urban,True,0,0,1,746.2425975412154,876.9589216526119,Nenhuma,0
pedido_780.0961427814157_457,110.00091812331483,106.96260714491498,91.96260714491498,18.534128472954535,5,4.562719598528776,Scooter,Sunny,Jam,Urban,False,0,1,1,780.0961427814157,877.0587499263306,Aumento_Velocidade,1
pedido_716.8885001167446_413,185.45310837867666,173.39812500756372,158.39812500756372,16.235002648760684,5,4.2239415381001635,Moto,Windy,High,Metropolitian,True,0,1,0,716.8885001167446,880.2866251243083,Aumento_Velocidade,0
pedido_763.6825172151216_447,101.07847264763906,112.30882378777052,112.30882378777052,5.668945498539427,5,4.778364629380492,Scooter,Sandstorms,Low,Urban,False,0,0,0,763.6825172151216,880.9913410028921,Nenhuma,1
pedido_772.3917527721406_450,128.14531783803307,118.64058193169602,103.64058193169602,2.7146427904753816,5,4.46512948925883,Moto,Windy,High,Urban,False,0,1,0,772.3917527721406,881.0323347038367,Aumento_Velocidade,1
pedido_781.2276935694737_458,129.4306379683732,103.02847657180934,88.02847657180934,15.508104023521637,15,4.878208868155202,Moto,Stormy,High,Urban,False,0,1,0,781.2276935694737,884.2561701412831,Aumento_Velocidade,1
pedido_840.5943750326425_492,46.454041075539656,38.966787591401975,38.966787591401975,16.001671129931143,5,4.667251727611027,Moto,Sandstorms,High,Other,True,1,1,0,840.5943750326425,884.5611626240444,Nenhuma,1
pedido_798.6330876958048_467,102.97077709614244,92.47747332115995,77.47747332115995,17.740505647044316,10,4.7547883168732445,Moto,Sunny,High,Urban,False,0,1,1,798.6330876958048,886.1105610169648,Aumento_Velocidade,1
pedido_775.2340463318212_453,131.42027128187917,121.04109240343342,106.04109240343342,6.704494958757467,5,4.4616111091340445,Moto,Foggy,High,Metropolitian,False,0,1,0,775.2340463318212,886.2751387352546,Aumento_Velocidade,1
pedido_769.7090394019485_449,131.45062550697654,118.07487707182818,103.07487707182818,13.507724799157927,15,4.876874215711688,Scooter,Stormy,High,Urban,True,0,1,0,769.7090394019485,887.7839164737767,Aumento_Velocidade,1
pedido_783.46317968979_460,127.4645983255548,109.39352472602457,94.39352472602457,0.0,10,4.567732963134134,Moto,Stormy,High,Metropolitian,False,0,1,0,783.46317968979,887.8567044158145,Aumento_Velocidade,1
pedido_785.1029234702473_462,124.138109347723,104.99763672410755,89.99763672410755,2.8526466005165294,15,4.685352192359784,Scooter,Sandstorms,Jam,Metropolitian,False,0,1,0,785.1029234702473,890.1005601943549,Aumento_Velocidade,1
pedido_744.5100773571133_430,128.79591118080657,142.4264238201707,142.4264238201707,15.936432725070066,5,4.76188310309276,Van,Stormy,High,Urban,False,0,1,0,744.5100773571133,891.9365011772841,Nenhuma,0
pedido_827.0978742124689_486,36.06330960728284,57.53325651165919,57.53325651165919,9.416320195540557,10,4.544765949076765,Moto,Sunny,Medium,Metropolitian,True,1,0,1,827.0978742124689,894.6311307241281,Nenhuma,1
pedido_722.6443933404197_417,193.699593113112,174.3766514148132,159.3766514148132,2.367183230783166,15,4.429694360053638,Moto,Sunny,High,Metropolitian,False,0,1,1,722.6443933404197,897.0210447552329,Aumento_Velocidade,0
pedido_821.8864474824414_481,95.83018223132427,88.79052743380088,73.79052743380088,2.439054278257203,5,4.566060796475767,Scooter,Sunny,High,Metropolitian,False,0,1,1,821.8864474824414,900.6769749162423,Aumento_Velocidade,1
pedido_729.6569464437995_420,175.3003751549507,176.36288615686746,161.36288615686746,5.550476286037127,10,4.328260216046879,Scooter,Windy,Medium,Metropolitian,False,0,0,0,729.6569464437995,901.019832600667,Rota_Reduzida,0
pedido_831.164469275822_488,105.26758423355534,80.26903657960328,65.26903657960328,16.979219258131845,5,5.0,Scooter,Sunny,High,Metropolitian,True,0,1,1,831.164469275822,901.4335058554252,Aumento_Velocidade,1
pedido_731.2563348253957_422,178.38066560403294,175.62607543663637,160.62607543663637,7.516947427487116,10,4.39197375748922,Moto,Foggy,High,Metropolitian,False,0,1,0,731.2563348253957,901.8824102620321,Aumento_Velocidade,0
pedido_782.0171645535563_459,129.32678938061758,120.37409387384557,105.37409387384557,8.988468936321691,15,4.699263018167505,Moto,Stormy,Jam,Metropolitian,True,0,1,0,782.0171645535563,902.3912584274019,Aumento_Velocidade,1
pedido_802.9824514950667_471,120.89432991605071,112.83980760018117,92.83980760018117,6.160558010362529,10,4.90158470479804,Scooter,Stormy,High,Other,False,0,1,0,802.9824514950667,905.8222590952479,Rota_Reduzida,1
pedido_802.9473838064288_470,134.91811521706714,113.56203794919098,98.56203794919098,4.155905155841808,5,4.952756927025974,Moto,Sandstorms,High,Urban,True,0,1,0,802.9473838064288,906.5094217556198,Aumento_Velocidade,1
pedido_769.4863625344591_448,139.66215885312468,143.0655897387823,128.0655897387823,15.663051240285343,10,4.958516474802377,Scooter,Windy,High,Metropolitian,True,0,1,0,769.4863625344591,907.5519522732413,Aumento_Velocidade,0
pedido_776.6124837421384_454,131.19706226762983,141.5496881050425,126.54968810504249,10.501454867883766,5,4.673189493341916,Scooter,Stormy,High,Urban,False,0,1,0,776.6124837421384,908.1621718471808,Aumento_Velocidade,0
pedido_847.9741440507077_500,45.59844314109118,47.20240636207562,47.20240636207562,12.98665596619137,15,4.8638516122284825,Scooter,Stormy,High,Metropolitian,True,1,1,0,847.9741440507077,910.1765504127833,Nenhuma,1
pedido_796.7524691871114_465,131.75880695946597,118.50440757608561,103.50440757608561,8.646411623124974,10,4.852281943072377,Scooter,Windy,High,Metropolitian,True,0,1,0,796.7524691871114,910.2568767631969,Aumento_Velocidade,1
pedido_778.2821294809414_456,134.63498629071023,142.96963707837142,127.96963707837142,11.254206325939503,5,4.739033926438207,Moto,Stormy,Medium,Metropolitian,True,0,0,0,778.2821294809414,911.2517665593128,Rota_Reduzida,0
pedido_746.741435759703_433,183.0386022137768,174.5729677307658,159.5729677307658,9.50700730176948,5,4.424784254442258,Moto,Stormy,Jam,Metropolitian,False,0,1,0,746.741435759703,911.3144034904687,Aumento_Velocidade,0
pedido_815.894886784818_477,122.05491356938572,96.06606741587053,81.06606741587053,4.382257956274069,15,4.5109736580479805,Scooter,Stormy,Jam,Metropolitian,False,0,1,0,815.894886784818,911.9609542006885,Aumento_Velocidade,1
pedido_786.6265053709301_463,131.19275837410942,127.44833240207669,112.44833240207669,14.082216362698015,15,4.900839164548478,Moto,Stormy,High,Urban,True,0,1,0,786.6265053709301,914.0748377730067,Aumento_Velocidade,1
pedido_773.7729390996766_451,175.74865551218906,140.7765123141067,125.7765123141067,9.559465533852595,15,4.428049229108754,Moto,Windy,High,Urban,True,0,1,0,773.7729390996766,914.5494514137833,Aumento_Velocidade,0
pedido_797.3800509502846_466,134.20702046845372,124.12628210285587,109.12628210285587,15.247943504224,10,4.741359476661569,Scooter,Sandstorms,High,Metropolitian,False,0,1,0,797.3800509502846,916.5063330531405,Aumento_Velocidade,1
pedido_801.9338925124364_469,128.45915457085135,121.77899716293891,106.77899716293891,4.857934279964747,10,4.953565113556336,Moto,Foggy,Medium,Urban,False,0,0,0,801.9338925124364,918.7128896753753,Rota_Reduzida,1
pedido_819.300217689297_479,125.82283207891876,112.21805306985152,97.21805306985152,7.230948200788202,5,4.53274926845361,Moto,Sandstorms,Jam,Metropolitian,False,0,1,0,819.300217689297,921.5182707591485,Aumento_Velocidade,1
pedido_804.2916353691315_472,134.35836150150567,103.2070172271865,103.2070172271865,16.666255454210592,15,4.573681112363937,Van,Windy,Medium,Metropolitian,False,0,0,0,804.2916353691315,922.498652596318,Nenhuma,1
pedido_822.8852262897385_483,94.53840908232574,90.66989697387103,90.66989697387103,1.6805916246009835,10,4.695401160074499,Scooter,Sunny,Low,Metropolitian,False,0,0,1,822.8852262897385,923.5551232636095,Nenhuma,1
pedido_808.9122859941715_475,127.1443819958309,122.17804772545242,107.17804772545242,6.111671484113634,10,4.929622486349315,Moto,Stormy,High,Metropolitian,True,0,1,0,808.9122859941715,926.0903337196239,Aumento_Velocidade,1
pedido_804.753038261521_473,132.7245584404563,126.58078167278512,111.58078167278512,3.192388792419772,10,4.611596987826259,Moto,Foggy,High,Metropolitian,True,0,1,0,804.753038261521,926.3338199343061,Aumento_Velocidade,1
pedido_825.8143825276201_484,101.58376908032942,97.44478637842856,97.44478637842856,2.909408088116531,5,4.85790532297978,Moto,Windy,Low,Urban,True,0,0,0,825.8143825276201,928.2591689060487,Nenhuma,1
pedido_844.1791739054282_495,106.6808049915449,94.58279981126934,79.58279981126934,20.754111545949346,5,4.76818809104007,Moto,Sunny,High,Metropolitian,True,0,1,1,844.1791739054282,928.7619737166975,Aumento_Velocidade,1
pedido_816.2981027304833_478,141.32008033116873,123.35317962049155,108.35317962049155,15.690806135975597,5,4.738790964976477,Moto,Foggy,High,Metropolitian,False,0,1,0,816.2981027304833,929.6512823509748,Aumento_Velocidade,1
pedido_858.1041201086315_506,100.71211462812863,77.17633837510334,62.17633837510334,13.70781984318729,10,4.6612157658257125,Moto,Sunny,Medium,Metropolitian,False,0,0,1,858.1041201086315,930.2804584837348,Rota_Reduzida,1
pedido_845.0885066361968_496,97.49009431361574,97.0524826672546,82.0524826672546,3.9383125572255375,5,4.708435681369036,Moto,Sunny,High,Metropolitian,False,0,1,1,845.0885066361968,932.1409893034514,Aumento_Velocidade,1
pedido_800.2024822277815_468,131.52048832876952,122.34419224721398,122.34419224721398,10.105467749134846,10,4.726255648085355,Van,Stormy,Medium,Metropolitian,False,0,0,0,800.2024822277815,932.5466744749955,Nenhuma,0
pedido_841.4802847599316_494,99.02571220929418,83.85368674865677,83.85368674865677,0.0,10,4.720670553750781,Moto,Windy,Low,Metropolitian,False,0,0,0,841.4802847599316,935.3339715085883,Nenhuma,1
pedido_828.9521603184959_487,131.49381786221812,117.71808936024506,102.71808936024506,16.5773113831446,5,4.523681457255501,Scooter,Stormy,High,Metropolitian,True,0,1,0,828.9521603184959,936.6702496787409,Aumento_Velocidade,1
pedido_820.4226013964271_480,132.31440819520418,127.6150461795689,112.6150461795689,7.824646795041932,5,4.614701188639207,Scooter,Stormy,Medium,Metropolitian,False,0,0,0,820.4226013964271,938.0376475759961,Rota_Reduzida,1
pedido_902.5385796348484_524,45.807845939537735,20.49970422870919,20.49970422870919,2.142148302158293,15,4.5238242271377915,Scooter,Windy,Medium,Metropolitian,False,1,0,0,902.5385796348484,938.0382838635576,Nenhuma,1
pedido_826.0793195638066_485,125.06074046310316,123.87398206292792,108.87398206292792,4.353235486461027,5,4.71228897173453,Moto,Stormy,Jam,Metropolitian,True,0,1,0,826.0793195638066,939.9533016267345,Aumento_Velocidade,1
pedido_821.9273847039256_482,134.51104555526933,118.65047288496297,103.65047288496297,15.318183760236867,15,4.8084525098358855,Scooter,Sandstorms,High,Metropolitian,False,0,1,0,821.9273847039256,940.5778575888885,Aumento_Velocidade,1
pedido_835.7952190341126_491,133.58593651908998,115.00356996268722,100.00356996268722,11.63530281016438,10,4.984498943460699,Scooter,Stormy,High,Metropolitian,False,0,1,0,835.7952190341126,945.7987889967999,Aumento_Velocidade,1
pedido_834.0647518216851_490,138.97749545517738,121.74635526071025,106.74635526071025,20.435711952200954,5,5.0,Scooter,Windy,Medium,Metropolitian,False,0,0,0,834.0647518216851,945.8111070823954,Rota_Reduzida,1
pedido_774.9939495037372_452,184.75159582653978,171.77235429030992,156.77235429030992,19.378647713854626,15,4.376453940712185,Scooter,Windy,High,Metropolitian,True,0,1,0,774.9939495037372,946.7663037940472,Aumento_Velocidade,0
pedido_831.5561415317176_489,143.6605429822904,115.8015863541554,100.8015863541554,14.152902520489786,15,4.871476587971605,Moto,Foggy,High,Metropolitian,True,0,1,0,831.5561415317176,947.3577278858729,Aumento_Velocidade,1
pedido_881.1035541376581_514,101.30634037996386,81.55696357796336,66.55696357796336,11.632264995528482,5,4.697401275142878,Moto,Sunny,Medium,Metropolitian,False,0,0,1,881.1035541376581,952.6605177156214,Rota_Reduzida,1
pedido_841.197861603128_493,127.98763945917513,126.32160830544615,111.32160830544615,5.7909937588335145,5,4.695820819223234,Moto,Foggy,Medium,Metropolitian,True,0,0,0,841.197861603128,957.5194699085741,Rota_Reduzida,1
pedido_913.5044114763691_528,44.862737190739686,29.893923200479023,29.893923200479023,17.227737556685693,15,4.813517906029137,Moto,Sunny,Low,Metropolitian,False,1,0,1,913.5044114763691,958.3983346768481,Nenhuma,1
pedido_925.1205297016372_536,47.902378516817556,24.66234614895012,24.66234614895012,15.78625087111924,10,4.5218532548677794,Moto,Sandstorms,High,Metropolitian,False,1,1,0,925.1205297016372,959.7828758505873,Nenhuma,1
pedido_849.3544536998385_501,137.56594299658235,113.99584959823804,98.99584959823804,11.912441754332493,15,4.940594995206783,Moto,Stormy,Jam,Metropolitian,True,0,1,0,849.3544536998385,963.3503032980765,Aumento_Velocidade,1
pedido_845.440779506242_497,132.3094422460359,122.57632513676822,107.57632513676822,5.625344308544964,15,4.849186990134081,Moto,Sandstorms,High,Urban,False,0,1,0,845.440779506242,968.0171046430103,Aumento_Velocidade,1
pedido_850.801814198329_502,129.34163027927568,123.07020899964229,108.07020899964229,5.664401076454426,10,4.935445815782383,Moto,Foggy,Jam,Metropolitian,False,0,1,0,850.801814198329,968.8720231979713,Aumento_Velocidade,1
pedido_853.6644197422105_504,123.69262197487213,130.32112700485956,110.32112700485956,3.6659571334624226,5,4.708603205863395,Moto,Foggy,Jam,Other,False,0,1,0,853.6644197422105,968.9855467470701,Rota_Reduzida,1
pedido_846.5147271484275_499,137.11224460204926,130.72323347241286,115.72323347241286,15.779484249350888,10,4.61719294975117,Moto,Windy,Medium,Metropolitian,True,0,0,0,846.5147271484275,972.2379606208403,Rota_Reduzida,1
pedido_865.1739300985895_509,102.02602230258792,95.50569751422863,95.50569751422863,12.922836091318148,15,4.845764691326548,Scooter,Stormy,Low,Metropolitian,False,0,0,0,865.1739300985895,975.6796276128181,Nenhuma,1
pedido_846.4755497688033_498,134.86056874668392,135.09425161994048,120.09425161994048,12.250985147536264,10,5.0,Scooter,Sandstorms,High,Metropolitian,False,0,1,0,846.4755497688033,976.5698013887437,Aumento_Velocidade,0
pedido_865.8493609920374_510,134.76604725816682,115.94313783301973,100.94313783301973,8.035374915362159,10,4.509325748156755,Scooter,Windy,Medium,Metropolitian,False,0,0,0,865.8493609920374,976.7924988250571,Rota_Reduzida,1
pedido_871.3567986099273_512,143.91163808820735,114.87468302934718,99.87468302934718,15.823306629571674,15,4.615431943745046,Moto,Foggy,High,Urban,True,0,1,0,871.3567986099273,986.2314816392745,Aumento_Velocidade,1
pedido_883.7900062771073_516,112.18749845620452,87.54031830895576,87.54031830895576,13.227333265361725,15,4.592692818859583,Scooter,Foggy,Low,Metropolitian,True,0,0,0,883.7900062771073,986.330324586063,Nenhuma,1
pedido_859.7216804029792_507,131.63179115712546,127.30724964605449,112.30724964605449,12.620736864619502,15,4.507660537762349,Moto,Stormy,High,Metropolitian,False,0,1,0,859.7216804029792,987.0289300490338,Aumento_Velocidade,1
pedido_809.7725992008596_476,190.54013611406015,190.89107989025896,175.89107989025896,6.654608236278251,5,4.3247673823121495,Scooter,Sunny,Jam,Metropolitian,False,0,1,1,809.7725992008596,990.6636790911186,Aumento_Velocidade,0
pedido_881.4349158267875_515,136.5398492498131,126.11226315873955,111.11226315873955,5.190944222987169,5,4.692025587004947,Scooter,Windy,Medium,Metropolitian,False,0,0,0,881.4349158267875,997.547178985527,Rota_Reduzida,1
pedido_855.7557289895743_505,166.39613041004503,144.35609347378426,129.35609347378426,8.84413678546941,15,4.216608804015518,Scooter,Sunny,Medium,Metropolitian,False,0,0,1,855.7557289895743,1000.1118224633585,Rota_Reduzida,0
pedido_926.7119057504573_539,98.09455266861596,79.87998342865785,64.87998342865785,5.36676532595886,10,4.6918621443412265,Scooter,Sunny,High,Metropolitian,False,0,1,1,926.7119057504573,1001.5918891791151,Aumento_Velocidade,1
pedido_851.8860919942166_503,174.34388371551216,159.47547060053677,144.47547060053677,4.296212130756732,10,4.312789826448506,Moto,Windy,High,Metropolitian,False,0,1,0,851.8860919942166,1006.3615625947534,Aumento_Velocidade,0
pedido_877.2920634812714_513,128.36260269177163,119.17497863215564,119.17497863215564,4.787912492834073,10,4.688867441495465,Van,Foggy,Medium,Metropolitian,False,0,0,0,877.2920634812714,1006.467042113427,Nenhuma,1
pedido_921.7293524585616_532,99.48195730741038,94.85353339020546,79.85353339020546,1.7642527215406236,5,4.941756677391621,Moto,Sunny,Jam,Urban,False,0,1,1,921.7293524585616,1006.5828858487671,Aumento_Velocidade,1
pedido_868.8397137124798_511,136.37695337191965,147.80746907537502,132.80746907537502,14.179531235340695,5,4.460684944015755,Moto,Sandstorms,Medium,Metropolitian,False,0,0,0,868.8397137124798,1006.6471827878548,Rota_Reduzida,0
pedido_956.0046149036216_558,44.800406007687236,42.232577396268816,42.232577396268816,5.421104350524743,10,4.883062698387498,Moto,Foggy,High,Metropolitian,True,1,1,0,956.0046149036216,1008.2371922998904,Nenhuma,1
pedido_890.873482317676_520,134.12425690067138,126.76684715230246,111.76684715230246,12.93572992801127,10,4.498635677057803,Moto,Windy,High,Metropolitian,False,0,1,0,890.873482317676,1012.6403294699785,Aumento_Velocidade,1
pedido_916.824167156651_529,102.38665475488781,101.46584308948302,86.46584308948302,14.782529785273752,10,4.582003394281523,Moto,Sunny,High,Metropolitian,False,0,1,1,916.824167156651,1013.290010246134,Aumento_Velocidade,1
pedido_897.2379643977429_521,133.64441369650768,126.58733209400393,111.58733209400393,2.194662762526793,5,4.776721613438818,Scooter,Foggy,High,Metropolitian,False,0,1,0,897.2379643977429,1013.8252964917468,Aumento_Velocidade,1
pedido_888.8964331586124_519,133.62870023072952,128.18089281822168,113.18089281822168,16.78782102787457,15,4.847243454249498,Moto,Windy,High,Metropolitian,False,0,1,0,888.8964331586124,1017.077325976834,Aumento_Velocidade,1
pedido_884.912493578252_518,132.95731688939796,128.95616878256845,128.95616878256845,8.504014801189246,5,4.762859623061257,Van,Foggy,High,Urban,True,0,1,0,884.912493578252,1018.8686623608205,Nenhuma,0
pedido_932.4966227987634_543,130.07391154917005,97.24143832265435,82.24143832265435,0.0,5,4.773122950014372,Moto,Sandstorms,High,Metropolitian,True,0,1,0,932.4966227987634,1019.7380611214178,Aumento_Velocidade,1
pedido_860.7643898610532_508,184.35185332855517,170.03483106629875,155.03483106629875,19.08220054607634,5,4.2947203835284915,Moto,Windy,High,Metropolitian,True,0,1,0,860.7643898610532,1020.799220927352,Aumento_Velocidade,0
pedido_901.8702384243198_523,134.36235853670928,130.93445448652022,115.93445448652022,18.43323243465547,5,4.825395646029354,Moto,Windy,High,Metropolitian,False,0,1,0,901.8702384243198,1022.80469291084,Aumento_Velocidade,1
pedido_905.9295849649837_525,133.7629571977518,123.40732692314006,108.40732692314006,18.359004558184893,10,4.489688041012117,Moto,Windy,High,Metropolitian,False,0,1,0,905.9295849649837,1024.3369118881237,Aumento_Velocidade,1
pedido_925.8010080219664_537,100.3063956789395,94.57261113797306,94.57261113797306,0.43757537216512965,5,4.8485739360907445,Scooter,Sandstorms,Low,Metropolitian,True,0,0,0,925.8010080219664,1025.3736191599394,Nenhuma,1
pedido_952.8197879566696_557,111.36233360062316,80.6522214734371,65.6522214734371,17.144136195421442,10,5.0,Scooter,Sunny,Jam,Metropolitian,False,0,1,1,952.8197879566696,1028.4720094301067,Aumento_Velocidade,1
pedido_898.0410005760748_522,131.35230761236622,136.42949375362124,121.42949375362124,9.417781974737352,10,4.532973951189234,Moto,Sandstorms,High,Urban,False,0,1,0,898.0410005760748,1029.470494329696,Aumento_Velocidade,0
pedido_924.0478926975326_534,130.82602286753024,112.37990078308286,97.37990078308286,4.782653171957058,10,4.8156840769060345,Moto,Windy,High,Metropolitian,False,0,1,0,924.0478926975326,1031.4277934806155,Aumento_Velocidade,1
pedido_918.7463065290952_530,99.47766752443688,101.46407379332109,101.46407379332109,4.600239721413707,15,4.566593029500824,Moto,Foggy,Low,Metropolitian,False,0,0,0,918.7463065290952,1035.2103803224163,Nenhuma,1
pedido_949.4214137116261_555,97.40991113148627,97.98353140840895,82.98353140840895,1.2304217334264766,5,4.916472358492577,Moto,Sunny,Medium,Metropolitian,True,0,0,1,949.4214137116261,1037.404945120035,Rota_Reduzida,1
pedido_906.7138700077151_526,136.340453812225,134.90080012160612,119.90080012160612,12.415920212054417,15,4.510019901205529,Scooter,Sandstorms,High,Metropolitian,False,0,1,0,906.7138700077151,1041.6146701293212,Aumento_Velocidade,1
pedido_909.3620200090588_527,135.9553098003336,137.5292970877352,122.52929708773519,11.37626553866032,10,4.8488846298667605,Moto,Foggy,Medium,Other,False,0,0,0,909.3620200090588,1041.891317096794,Rota_Reduzida,0
pedido_923.7533069105295_533,130.84873455447226,124.58212767610695,109.58212767610695,17.75298133580331,10,4.518806818405685,Scooter,Stormy,High,Metropolitian,False,0,1,0,923.7533069105295,1043.3354345866364,Aumento_Velocidade,1
pedido_921.2566538482304_531,134.29707228175408,131.0671951228927,116.06719512289271,10.673898001307649,10,4.8064084479283675,Scooter,Windy,High,Metropolitian,False,0,1,0,921.2566538482304,1047.323848971123,Aumento_Velocidade,1
pedido_932.532255314883_544,132.95731688939796,123.28408272552744,108.28408272552744,8.407259241541384,10,4.813699916440686,Scooter,Foggy,High,Metropolitian,True,0,1,0,932.532255314883,1050.8163380404103,Aumento_Velocidade,1
pedido_935.2421809395779_545,132.77901003241487,115.6455425122034,100.6455425122034,17.568751019399297,15,4.853143763597733,Moto,Stormy,High,Urban,True,0,1,0,935.2421809395779,1050.8877234517813,Aumento_Velocidade,1
pedido_947.0053485405367_551,126.77888038741068,115.81302407031505,100.81302407031505,3.2701681907633793,5,4.928221248052807,Scooter,Foggy,Jam,Metropolitian,False,0,1,0,947.0053485405367,1052.8183726108518,Aumento_Velocidade,1
pedido_927.6837532169969_541,139.66215885312468,131.60065154844082,116.60065154844082,15.109682336089039,10,5.0,Moto,Windy,High,Metropolitian,True,0,1,0,927.6837532169969,1054.2844047654378,Aumento_Velocidade,1
pedido_948.8628698037029_554,130.29316619952073,107.63582598966129,92.63582598966129,0.7851940715164636,15,4.839961169552276,Moto,Windy,High,Metropolitian,True,0,1,0,948.8628698037029,1056.4986957933643,Aumento_Velocidade,1
pedido_926.9345683390588_540,133.0721418378299,140.56068389070273,125.56068389070273,16.638061954348665,5,4.742139449368508,Scooter,Windy,High,Metropolitian,False,0,1,0,926.9345683390588,1057.4952522297615,Aumento_Velocidade,0
pedido_942.122939274241_548,125.74985526030866,122.92941751717123,107.92941751717123,1.3416983525748356,10,4.680045267617309,Moto,Foggy,Medium,Metropolitian,False,0,0,0,942.122939274241,1060.0523567914122,Rota_Reduzida,1
pedido_937.466071235816_546,134.43302439740822,127.86467585412714,112.86467585412714,1.3615152485928155,10,5.0,Moto,Windy,Medium,Urban,False,0,0,0,937.466071235816,1060.330747089943,Rota_Reduzida,1
pedido_956.5867097000629_560,103.00151261131579,97.67622221942744,97.67622221942744,11.145678914646876,10,4.931268782292519,Scooter,Sandstorms,Low,Metropolitian,False,0,0,0,956.5867097000629,1064.2629319194903,Nenhuma,1
pedido_950.694822195169_556,128.5701615747001,113.5894582515898,98.5894582515898,6.860549639730749,15,4.843633343403399,Scooter,Stormy,High,Metropolitian,False,0,1,0,950.694822195169,1064.2842804467587,Aumento_Velocidade,1
pedido_932.4421839383438_542,143.5283257557421,142.93308394739643,127.93308394739643,15.681522070371827,5,4.683998954913972,Scooter,Foggy,Medium,Urban,True,0,0,0,932.4421839383438,1065.3752678857402,Rota_Reduzida,0
pedido_987.0474364365898_568,98.09455266861596,79.06379132225572,64.06379132225572,4.847857818795458,15,4.673021703772807,Moto,Sunny,High,Metropolitian,False,0,1,1,987.0474364365898,1066.1112277588454,Aumento_Velocidade,1
pedido_948.0979972835665_553,136.7489216016646,121.49867496860196,106.49867496860196,15.151276741168864,15,4.627926475138744,Moto,Sandstorms,Medium,Metropolitian,True,0,0,0,948.0979972835665,1069.5966722521684,Rota_Reduzida,1
pedido_947.5899526140652_552,129.74868843934777,122.11847142781204,107.11847142781204,1.378561497467893,15,4.683234393942806,Scooter,Windy,Jam,Metropolitian,True,0,1,0,947.5899526140652,1069.7084240418772,Aumento_Velocidade,1
pedido_883.882096272262_517,203.5926739756582,197.81767279163938,182.81767279163938,21.533097930627555,5,4.297032831891836,Moto,Stormy,Jam,Metropolitian,False,0,1,0,883.882096272262,1071.6997690639014,Aumento_Velocidade,0
pedido_946.0513018611671_550,151.25659107391527,137.70083043950672,122.70083043950672,14.597478164779218,5,4.570688014207786,Scooter,Foggy,Jam,Metropolitian,True,0,1,0,946.0513018611671,1073.7521323006738,Aumento_Velocidade,0
pedido_967.7623803961301_563,131.55356453290258,111.53018686632274,96.53018686632274,13.102765067861391,10,4.6440257001696965,Moto,Stormy,High,Metropolitian,True,0,1,0,967.7623803961301,1074.2925672624528,Aumento_Velocidade,1
pedido_971.253346089157_565,129.816823247367,114.46361254318616,99.46361254318616,8.460590627729673,5,4.703898563729044,Scooter,Stormy,High,Metropolitian,False,0,1,0,971.253346089157,1075.7169586323432,Aumento_Velocidade,1
pedido_956.4159948767218_559,130.64658772735189,122.34070941495636,107.34070941495636,14.452235446854267,15,4.679267657547026,Scooter,Stormy,High,Metropolitian,True,0,1,0,956.4159948767218,1078.7567042916783,Aumento_Velocidade,1
pedido_1006.2074276177084_578,101.86332648589489,77.70948605734091,62.70948605734091,13.628105434327962,10,4.574506766401539,Moto,Sunny,High,Metropolitian,False,0,1,1,1006.2074276177084,1078.9169136750493,Aumento_Velocidade,1
pedido_980.7744908032217_566,134.27775480310996,106.41489769679822,91.41489769679822,13.65032545366434,10,4.743069754387111,Moto,Windy,Medium,Metropolitian,False,0,0,0,980.7744908032217,1082.18938850002,Rota_Reduzida,1
pedido_957.3943350239523_561,139.08701395877188,126.17123074067334,111.17123074067334,20.152665005241055,15,5.0,Scooter,Windy,Medium,Metropolitian,True,0,0,0,957.3943350239523,1083.5655657646257,Rota_Reduzida,1
pedido_924.2479256676587_535,185.69119756091516,171.52244441511638,156.52244441511638,12.221389357028022,5,4.4416537108470004,Moto,Stormy,Medium,Urban,False,0,0,0,924.2479256676587,1085.7703700827751,Rota_Reduzida,0
pedido_992.9254139155845_571,131.21894638705461,104.07401527363288,89.07401527363288,10.559039611603055,5,4.53376517276788,Scooter,Stormy,High,Metropolitian,False,0,1,0,992.9254139155845,1086.9994291892174,Aumento_Velocidade,1
pedido_995.1970443045217_575,111.1274035824334,87.46994569190379,87.46994569190379,18.98772517004804,5,4.698820458530913,Van,Foggy,Low,Urban,False,0,0,0,995.1970443045217,1087.6669899964254,Nenhuma,1
pedido_959.584635967088_562,135.2876525510574,136.54691810697958,121.54691810697958,10.769860196873562,10,4.481145836665899,Moto,Sandstorms,Medium,Metropolitian,False,0,0,0,959.584635967088,1091.1315540740677,Rota_Reduzida,0
pedido_970.4996742237835_564,126.80849379585489,124.2443023240333,109.2443023240333,4.23505435284661,15,4.602071617866196,Scooter,Stormy,High,Metropolitian,True,0,1,0,970.4996742237835,1094.7439765478168,Aumento_Velocidade,1
pedido_1001.3953815920722_576,109.67902100127023,93.71521436651089,78.71521436651089,17.288247735876304,15,4.776690185338936,Scooter,Sunny,Jam,Metropolitian,False,0,1,1,1001.3953815920722,1095.1105959585832,Aumento_Velocidade,1
pedido_994.5795813143557_574,132.42513741150682,101.33585801687778,86.33585801687778,7.1655144361847745,15,4.635932761803513,Moto,Sandstorms,High,Metropolitian,False,0,1,0,994.5795813143557,1095.9154393312335,Aumento_Velocidade,1
pedido_943.6800139475106_549,170.52664000694787,164.0282577870558,149.0282577870558,8.579190007619115,5,4.395005494697969,Moto,Stormy,Medium,Other,False,0,0,0,943.6800139475106,1097.7082717345663,Rota_Reduzida,0
pedido_926.0871968902401_538,173.7156904802761,171.8193812112026,156.8193812112026,1.5290668419404176,15,4.364803810713418,Scooter,Windy,Jam,Metropolitian,False,0,1,0,926.0871968902401,1097.9065781014426,Aumento_Velocidade,0
pedido_941.2884842989273_547,190.91823904069724,157.98516831252599,142.98516831252599,6.716648309347973,15,4.436084888882965,Moto,Sunny,High,Urban,False,0,1,1,941.2884842989273,1099.2736526114534,Aumento_Velocidade,0
pedido_989.1769114795842_570,126.61843726572242,120.340384930439,105.340384930439,2.7092289831382703,10,4.491274673649108,Moto,Stormy,High,Metropolitian,True,0,1,0,989.1769114795842,1104.5172964100232,Aumento_Velocidade,1
pedido_1031.783512254368_594,97.37830954665856,76.65159212401768,61.65159212401768,4.4896566157048925,15,4.668666719566021,Moto,Sunny,High,Metropolitian,False,0,1,1,1031.783512254368,1108.4351043783856,Aumento_Velocidade,1
pedido_984.6804679695468_567,128.71794064510868,132.58383884898458,117.58383884898458,8.104254849986296,10,4.994757413065271,Scooter,Windy,Medium,Other,False,0,0,0,984.6804679695468,1112.2643068185314,Rota_Reduzida,1
pedido_1034.8321072450271_596,99.40036610675655,82.45504190226004,67.45504190226004,5.158553132883197,10,4.824159534875469,Moto,Sunny,Jam,Metropolitian,False,0,1,1,1034.8321072450271,1112.2871491472872,Aumento_Velocidade,1
pedido_993.3280459530945_572,134.26510641032976,130.24196406055177,115.24196406055177,13.38791083359671,5,4.6321042354346265,Moto,Stormy,Jam,Metropolitian,False,0,1,0,993.3280459530945,1113.5700100136462,Aumento_Velocidade,1
pedido_1011.9153343206285_580,139.30555996837478,104.32483993236245,89.32483993236245,13.217193740505635,15,4.67415971949976,Moto,Sandstorms,Jam,Metropolitian,False,0,1,0,1011.9153343206285,1116.240174252991,Aumento_Velocidade,1
pedido_1014.5576758560724_581,126.967378790572,114.28488468075356,99.28488468075356,0.0,5,4.7202573210223875,Scooter,Foggy,Jam,Metropolitian,False,0,1,0,1014.5576758560724,1118.8425605368259,Aumento_Velocidade,1
pedido_989.122799324991_569,151.49606132458166,135.61284707365726,120.61284707365726,13.801558276443995,10,4.568798203499166,Scooter,Foggy,Jam,Metropolitian,True,0,1,0,989.122799324991,1119.7356463986482,Aumento_Velocidade,0
pedido_1036.2340430121842_598,100.09444160993549,84.2717477115236,84.2717477115236,11.751588274868936,5,4.5776109346856115,Van,Sunny,Medium,Metropolitian,False,0,0,1,1036.2340430121842,1125.5057907237078,Nenhuma,1
pedido_1008.9981903801802_579,121.671171097467,112.00987771457649,112.00987771457649,9.29199472115318,5,4.944370263319607,Van,Stormy,High,Other,False,0,1,0,1008.9981903801802,1126.0080680947567,Nenhuma,1
pedido_1031.1418525532067_593,102.92837573293102,106.6703517582962,91.6703517582962,10.86318540733828,5,4.959053107454641,Moto,Sunny,High,Urban,False,0,1,1,1031.1418525532067,1127.812204311503,Aumento_Velocidade,1
pedido_1019.3264650391606_582,137.1449641182597,125.95534712851418,110.95534712851418,11.18387033952525,5,4.590291473231218,Moto,Windy,Jam,Metropolitian,False,0,1,0,1019.3264650391606,1135.2818121676748,Aumento_Velocidade,1
pedido_1024.6258475436414_585,134.68446683212727,122.15768077725285,107.15768077725285,14.74540284594411,5,4.609262239202781,Scooter,Sandstorms,High,Metropolitian,False,0,1,0,1024.6258475436414,1136.7835283208942,Aumento_Velocidade,1
pedido_1050.1600151671448_602,105.61748333303836,87.15309936878985,72.15309936878985,19.280651378753777,15,4.733711942489614,Moto,Sunny,High,Metropolitian,True,0,1,1,1050.1600151671448,1137.3131145359346,Aumento_Velocidade,1
pedido_1002.7115100269583_577,140.37104194699575,145.18962989965902,130.18962989965902,13.40056243661695,5,4.901791152926571,Moto,Foggy,High,Metropolitian,False,0,1,0,1002.7115100269583,1137.9011399266174,Aumento_Velocidade,0
pedido_1030.4154860672809_592,130.79169243585847,118.49172568942696,103.49172568942696,11.518965397585916,5,4.719113877007621,Scooter,Stormy,High,Metropolitian,False,0,1,0,1030.4154860672809,1138.9072117567077,Aumento_Velocidade,1
pedido_1027.4508574530676_589,132.64606984985372,121.69361368001213,106.69361368001213,6.062214283666477,5,4.919241156272375,Moto,Foggy,High,Urban,False,0,1,0,1027.4508574530676,1139.1444711330796,Aumento_Velocidade,1
pedido_1032.9541544309125_595,134.23358494018893,106.58506397166437,91.58506397166437,12.78299740245227,15,4.713112338667407,Scooter,Stormy,Jam,Metropolitian,False,0,1,0,1032.9541544309125,1139.5392184025768,Aumento_Velocidade,1
pedido_994.4430699352517_573,135.49407777774366,135.16376371479282,135.16376371479282,8.274785260084197,10,4.978890558625124,Van,Windy,High,Metropolitian,False,0,1,0,994.4430699352517,1139.6068336500446,Nenhuma,0
pedido_1107.2791181196653_634,39.45906491722112,18.11132047032214,18.11132047032214,19.540391458003082,15,4.646098151194063,Moto,Sunny,Medium,Metropolitian,False,1,0,1,1107.2791181196653,1140.3904385899875,Nenhuma,1
pedido_1052.3576180208252_603,105.35418932784631,79.11631147956848,79.11631147956848,10.552812953882981,10,5.0,Moto,Windy,Low,Metropolitian,True,0,0,0,1052.3576180208252,1141.4739295003938,Nenhuma,1
pedido_1067.0681106363356_614,103.81985237156267,84.9024305403477,69.9024305403477,14.02992686187626,5,4.75301220357519,Moto,Sunny,High,Metropolitian,True,0,1,1,1067.0681106363356,1141.9705411766834,Aumento_Velocidade,1
pedido_1025.1794915721823_586,112.39769390868045,115.34136929841038,115.34136929841038,16.94859555247443,5,4.770067691372098,Moto,Foggy,Low,Metropolitian,True,0,0,0,1025.1794915721823,1145.5208608705927,Nenhuma,1
pedido_1050.0133872044412_601,94.77113151812053,85.65287055879318,85.65287055879318,4.422790830006827,10,4.772426474252213,Moto,Sunny,Low,Metropolitian,False,0,0,1,1050.0133872044412,1145.6662577632344,Nenhuma,1
pedido_1021.3677601960931_584,131.21559757745345,118.39021851245036,118.39021851245036,3.934224081668251,10,5.0,Van,Stormy,High,Urban,False,0,1,0,1021.3677601960931,1149.7579787085433,Nenhuma,1
pedido_1020.4005645705448_583,140.87408145719994,129.6810043226655,114.6810043226655,11.87131158645533,15,4.687990785208328,Moto,Sandstorms,Jam,Metropolitian,False,0,1,0,1020.4005645705448,1150.0815688932103,Aumento_Velocidade,1
pedido_1029.9037463898076_590,140.4871397671035,131.2313361077035,116.2313361077035,14.157266246040276,5,4.825850971659764,Moto,Foggy,High,Metropolitian,False,0,1,0,1029.9037463898076,1151.1350824975111,Aumento_Velocidade,1
pedido_1026.2952362498313_588,134.89077910663988,126.94791314797257,111.94791314797257,14.634393419425567,15,4.576367377170288,Moto,Sandstorms,High,Metropolitian,True,0,1,0,1026.2952362498313,1153.2431493978038,Aumento_Velocidade,1
pedido_1042.306627764483_600,131.9489033539637,110.97730352057037,95.97730352057037,7.498500983908202,15,4.817047169502694,Scooter,Sandstorms,High,Metropolitian,False,0,1,0,1042.306627764483,1153.2839312850533,Aumento_Velocidade,1
pedido_1035.1231135164176_597,141.32008033116873,134.4268391987906,119.42683919879059,15.917745581254735,5,4.703730741497286,Moto,Foggy,High,Metropolitian,False,0,1,0,1035.1231135164176,1159.549952715208,Aumento_Velocidade,1
pedido_1064.4895334658204_612,100.83236896896786,87.71657140015684,87.71657140015684,6.6428793608967265,10,4.8032366160057975,Moto,Stormy,Low,Metropolitian,False,0,0,0,1064.4895334658204,1162.2061048659773,Nenhuma,1
pedido_1082.5211393497107_620,98.84633501984995,86.93535531571906,71.93535531571906,3.91155817125326,10,4.600848079251367,Moto,Sunny,Jam,Metropolitian,False,0,1,1,1082.5211393497107,1164.4564946654298,Aumento_Velocidade,1
pedido_1030.4136564802627_591,140.4871397671035,134.7155140961894,119.7155140961894,15.893867991287769,15,4.774546991404113,Scooter,Foggy,High,Metropolitian,False,0,1,0,1030.4136564802627,1165.129170576452,Aumento_Velocidade,1
pedido_1040.041858980985_599,135.88974003663375,130.1292364674349,115.12923646743491,10.126837707982029,10,4.584261038632734,Scooter,Windy,High,Metropolitian,False,0,1,0,1040.041858980985,1165.1710954484197,Aumento_Velocidade,1
pedido_1090.1742333583688_625,97.1755913011614,91.10590647087794,71.10590647087794,6.1239533501232435,5,4.504496020904742,Scooter,Sunny,Jam,Other,False,0,1,1,1090.1742333583688,1166.2801398292468,Rota_Reduzida,1
pedido_1096.3921728488779_627,102.80851592308122,82.82767657520843,67.82767657520843,15.29920105209162,5,4.748122462080347,Scooter,Sunny,Medium,Metropolitian,False,0,0,1,1096.3921728488779,1169.2198494240863,Rota_Reduzida,1
pedido_1064.385819070799_611,133.3723615031101,105.09391723912601,90.09391723912601,1.4656350841894588,15,4.546115008118062,Moto,Foggy,High,Metropolitian,False,0,1,0,1064.385819070799,1169.479736309925,Aumento_Velocidade,1
pedido_1071.8551041714593_617,132.6161307299686,106.45138354140556,91.45138354140556,11.521759761162789,10,4.589009104753115,Moto,Windy,High,Metropolitian,False,0,1,0,1071.8551041714593,1173.306487712865,Aumento_Velocidade,1
pedido_1052.9142855487228_605,144.21975274826923,122.6474175883053,107.6474175883053,14.81092919242267,15,4.997672570562021,Moto,Foggy,High,Metropolitian,True,0,1,0,1052.9142855487228,1175.561703137028,Aumento_Velocidade,1
pedido_1058.3355019093312_608,125.19509468439556,102.44067464389741,102.44067464389741,4.065608299345361,15,4.638343229645989,Van,Foggy,Medium,Urban,False,0,0,0,1058.3355019093312,1175.7761765532287,Nenhuma,1
pedido_1089.1145037513327_624,111.60941219292928,88.83506044897732,73.83506044897732,13.07460093770064,15,4.580552623187789,Moto,Sunny,Jam,Metropolitian,False,0,1,1,1089.1145037513327,1177.94956420031,Aumento_Velocidade,1
pedido_1068.5491773519525_615,131.95632292084653,112.36939722145449,97.36939722145449,7.0896671858806,15,4.956313786856127,Scooter,Sandstorms,Jam,Metropolitian,False,0,1,0,1068.5491773519525,1180.9185745734069,Aumento_Velocidade,1
pedido_1061.770528032353_609,141.76448917621173,130.07145673473082,115.07145673473082,16.894091316911602,5,5.0,Moto,Sandstorms,Jam,Metropolitian,False,0,1,0,1061.770528032353,1181.8419847670839,Aumento_Velocidade,1
pedido_1052.7740669307861_604,141.49244879755213,129.8225373986285,114.8225373986285,10.801416422263411,15,4.607420711350372,Moto,Foggy,Medium,Metropolitian,False,0,0,0,1052.7740669307861,1182.5966043294147,Rota_Reduzida,1
pedido_1074.0998527335255_618,134.4778977292811,117.34162977973997,102.34162977973997,13.891761973713155,10,4.735083706314609,Moto,Sandstorms,High,Metropolitian,False,0,1,0,1074.0998527335255,1186.4414825132656,Aumento_Velocidade,1
pedido_1062.3701905170565_610,134.20702046845372,120.05762115621131,120.05762115621131,15.523120833001014,5,4.702123550189606,Van,Sandstorms,High,Metropolitian,False,0,1,0,1062.3701905170565,1187.4278116732678,Nenhuma,0
pedido_1110.7042090142213_637,98.71650902594666,82.80100499331265,67.80100499331265,5.854157634863082,10,4.6212423247542755,Moto,Sunny,High,Metropolitian,False,0,1,1,1110.7042090142213,1188.505214007534,Aumento_Velocidade,1
pedido_1103.3671965494648_631,105.50065301436284,96.71680389759653,81.71680389759653,11.290534253355673,5,5.0,Scooter,Sunny,Medium,Urban,True,0,0,1,1103.3671965494648,1190.0840004470613,Rota_Reduzida,1
pedido_1025.2424784944883_587,171.8965550803953,175.81230495235732,160.81230495235732,5.176354041151138,5,4.405132081425363,Moto,Sandstorms,Medium,Metropolitian,False,0,0,0,1025.2424784944883,1191.0547834468457,Rota_Reduzida,0
pedido_1118.055165529631_644,102.17306359389829,62.20319975917273,62.20319975917273,14.996655853068178,15,4.456284273763458,Moto,Sandstorms,Low,Urban,False,0,0,0,1118.055165529631,1195.2583652888038,Nenhuma,1
pedido_1081.4303321250782_619,136.21695452447227,122.7553718489379,107.7553718489379,10.915074724415614,10,4.614295706077831,Moto,Stormy,Jam,Metropolitian,False,0,1,0,1081.4303321250782,1199.1857039740162,Aumento_Velocidade,1
pedido_1117.7418077145826_643,110.05350976389829,87.63212159329422,72.63212159329422,15.702684195951777,10,4.688847706134285,Moto,Sunny,Jam,Metropolitian,False,0,1,1,1117.7418077145826,1200.3739293078768,Aumento_Velocidade,1
pedido_1088.7368542674653_622,132.42513741150682,122.22031209069516,107.22031209069516,6.741163482777386,5,4.642530687379267,Scooter,Sandstorms,High,Metropolitian,False,0,1,0,1088.7368542674653,1200.9571663581605,Aumento_Velocidade,1
pedido_1066.9566623734845_613,136.10012319053737,146.14129003299092,131.14129003299092,13.389365907691,5,5.0,Moto,Sandstorms,High,Metropolitian,True,0,1,0,1066.9566623734845,1203.0979524064755,Aumento_Velocidade,0
pedido_1090.3965305159143_626,129.7547289384046,114.12990560053564,99.12990560053564,8.648502602816116,15,4.64765182168501,Moto,Stormy,High,Metropolitian,False,0,1,0,1090.3965305159143,1204.52643611645,Aumento_Velocidade,1
pedido_1115.4947525662371_640,97.8209374159554,83.16383495157757,83.16383495157757,2.9568871442886855,10,4.55030602223029,Moto,Foggy,Low,Metropolitian,False,0,0,0,1115.4947525662371,1208.6585875178148,Nenhuma,1
pedido_1097.7190315127953_629,143.91163808820735,121.05237181128558,106.05237181128558,15.718652271870893,5,4.559166125326606,Scooter,Foggy,High,Metropolitian,True,0,1,0,1097.7190315127953,1208.771403324081,Aumento_Velocidade,1
pedido_1082.6170289377799_621,141.4625009756297,136.92320021062542,121.92320021062542,19.323029514030637,5,4.796571926805345,Moto,Foggy,High,Urban,False,0,1,0,1082.6170289377799,1209.5402291484054,Aumento_Velocidade,0
pedido_1105.0511287203658_632,134.5142525570483,117.93082664040166,102.93082664040166,3.442561116786994,10,4.837790623737176,Moto,Foggy,High,Metropolitian,False,0,1,0,1105.0511287203658,1217.9819553607674,Aumento_Velocidade,1
pedido_1112.678323149799_638,127.84312972024415,109.62205045249463,94.62205045249463,3.3166748479478088,15,4.735445864057728,Moto,Stormy,High,Metropolitian,True,0,1,0,1112.678323149799,1222.3003736022938,Aumento_Velocidade,1
pedido_1125.5937584162832_648,95.3925029513344,102.62725943606604,87.62725943606604,0.08981232726496291,10,4.890900291745625,Moto,Sunny,High,Metropolitian,False,0,1,1,1125.5937584162832,1223.2210178523492,Aumento_Velocidade,1
pedido_1089.0914967793863_623,136.2875146519965,131.5985256582699,131.5985256582699,14.703855447068975,5,4.850878583297148,Van,Sandstorms,Medium,Urban,False,0,0,0,1089.0914967793863,1225.6900224376561,Nenhuma,0
pedido_1096.6860830767284_628,130.35038718624247,129.0550148251487,114.0550148251487,4.965621204601368,15,4.928615370149335,Moto,Sandstorms,High,Metropolitian,True,0,1,0,1096.6860830767284,1225.741097901877,Aumento_Velocidade,1
pedido_1070.4142162727696_616,173.12440950352806,157.2133875215878,142.2133875215878,0.0,15,4.274438815739335,Scooter,Foggy,Jam,Urban,False,0,1,0,1070.4142162727696,1227.6276037943574,Aumento_Velocidade,0
pedido_1106.811788427895_633,130.64658772735189,121.37236461786259,106.37236461786259,14.686565942972988,15,4.6770985380601315,Moto,Stormy,High,Urban,True,0,1,0,1106.811788427895,1228.1841530457575,Aumento_Velocidade,1
pedido_1126.4652313509916_649,100.7075572962485,92.00516436461146,92.00516436461146,2.1447156983495903,10,4.774261191810683,Moto,Stormy,Low,Metropolitian,False,0,0,0,1126.4652313509916,1228.470395715603,Nenhuma,1
pedido_1120.5554245152862_646,102.42234718187063,113.15964628887335,98.15964628887335,19.805354286871637,10,4.728253602463448,Scooter,Sunny,High,Metropolitian,False,0,1,1,1120.5554245152862,1228.7150708041595,Aumento_Velocidade,1
pedido_1120.8927014414946_647,126.58022328605264,118.77373498098994,103.77373498098994,0.0,5,4.714165167083908,Moto,Windy,Jam,Metropolitian,False,0,1,0,1120.8927014414946,1229.6664364224846,Aumento_Velocidade,1
pedido_1099.1860832948066_630,131.74650866338786,130.98592982980944,115.98592982980944,16.725105627428963,15,4.843178154660913,Moto,Stormy,Medium,Metropolitian,False,0,0,0,1099.1860832948066,1230.1720131246161,Rota_Reduzida,1
pedido_1054.2245891638051_606,184.2602073923311,187.01581372069194,172.01581372069194,17.83265707755427,5,4.432977100329622,Scooter,Sandstorms,High,Metropolitian,False,0,1,0,1054.2245891638051,1231.2404028844971,Aumento_Velocidade,0
pedido_1116.0939945793164_641,126.19012426520786,125.69880864365871,110.69880864365871,4.3446309040941955,5,4.547002745638771,Scooter,Foggy,Jam,Metropolitian,False,0,1,0,1116.0939945793164,1231.7928032229752,Aumento_Velocidade,1
pedido_1117.4311839684913_642,134.51104555526933,114.83023485055912,99.83023485055912,14.558684665558532,15,4.836297698360227,Moto,Sandstorms,High,Metropolitian,False,0,1,0,1117.4311839684913,1232.2614188190505,Aumento_Velocidade,1
pedido_1057.9157411438111_607,174.82854998839298,181.56592961597914,166.56592961597914,6.820556659064388,10,4.2988929802483025,Moto,Stormy,High,Urban,False,0,1,0,1057.9157411438111,1234.4816707597902,Aumento_Velocidade,0
pedido_1133.5890940139152_653,134.06516771287323,112.9143290785957,97.9143290785957,3.5633965632868625,5,4.718841801196453,Moto,Windy,Medium,Metropolitian,False,0,0,0,1133.5890940139152,1236.503423092511,Rota_Reduzida,1
pedido_1112.7035793669181_639,135.4203264957978,125.61041030211894,110.61041030211894,10.217047884155791,15,4.896036628713297,Scooter,Windy,High,Urban,True,0,1,0,1112.7035793669181,1238.313989669037,Aumento_Velocidade,1
pedido_1118.5370956784411_645,130.46484824925682,126.69987858607652,111.69987858607652,5.162329922719555,10,4.9995652374246,Scooter,Stormy,High,Urban,False,0,1,0,1118.5370956784411,1240.2369742645176,Aumento_Velocidade,1
pedido_1200.616295364387_682,48.18869285216786,26.738598645016836,26.738598645016836,16.85490551299575,15,4.46396196037504,Moto,Stormy,Jam,Metropolitian,False,1,1,0,1200.616295364387,1242.3548940094038,Nenhuma,1
pedido_1149.5318564320585_658,127.16041010866479,105.10616329966034,90.10616329966034,7.266004031656136,15,4.609073944473604,Moto,Stormy,High,Metropolitian,True,0,1,0,1149.5318564320585,1254.6380197317187,Aumento_Velocidade,1
pedido_1144.6025466530618_656,133.0196758514353,120.26538703700342,105.26538703700342,16.32775058332503,5,4.689288545462416,Scooter,Windy,High,Metropolitian,False,0,1,0,1144.6025466530618,1254.8679336900652,Aumento_Velocidade,1
pedido_1137.2280731877602_654,131.7285614227887,130.36526898087658,115.36526898087658,9.44721014790128,5,4.636215239135446,Moto,Stormy,Medium,Urban,False,0,0,0,1137.2280731877602,1257.5933421686368,Rota_Reduzida,1
pedido_1142.209293589829_655,132.97970332396278,115.53216861552426,100.53216861552426,16.439733706986246,15,4.6809174236030096,Scooter,Windy,High,Urban,False,0,1,0,1142.209293589829,1257.7414622053534,Aumento_Velocidade,1
pedido_1164.6157561167968_661,101.89491330057734,103.21304917283075,88.21304917283075,13.4222452600583,5,4.786522152566265,Scooter,Sunny,High,Metropolitian,False,0,1,1,1164.6157561167968,1257.8288052896276,Aumento_Velocidade,1
pedido_1177.770813611015_667,106.65221548234197,94.75121841846072,79.75121841846072,15.167017870400802,5,4.541762791809305,Scooter,Sunny,High,Metropolitian,False,0,1,1,1177.770813611015,1262.5220320294757,Aumento_Velocidade,1
pedido_1108.399976985455_636,175.24098704964817,162.06456741588127,147.06456741588127,7.14513077909598,10,4.426547504930726,Moto,Windy,High,Metropolitian,False,0,1,0,1108.399976985455,1265.4645444013363,Aumento_Velocidade,0
pedido_1184.3668832585306_671,97.21798027955808,93.76824899681175,78.76824899681175,3.8683969800555795,5,4.803195628862382,Moto,Sunny,High,Metropolitian,False,0,1,1,1184.3668832585306,1268.1351322553423,Aumento_Velocidade,1
pedido_1128.8335032515272_651,124.75626100245047,131.26991214322922,131.26991214322922,3.7539265577959835,10,4.5091499300498965,Van,Foggy,Medium,Metropolitian,False,0,0,0,1128.8335032515272,1270.1034153947564,Nenhuma,0
pedido_1223.9701690417087_695,39.35860429628972,36.43859406523845,36.43859406523845,15.155591244810319,10,4.716815670449903,Moto,Sunny,High,Urban,False,1,1,1,1223.9701690417087,1270.4087631069472,Nenhuma,1
pedido_1217.6990896098114_691,64.93266366133393,63.49320421210946,48.49320421210946,18.09830223689446,5,4.427575484249681,Moto,Sandstorms,Medium,Metropolitian,False,1,0,0,1217.6990896098114,1271.1922938219209,Rota_Reduzida,1
pedido_1190.557021122075_675,100.45750769114564,87.5605510661975,72.5605510661975,4.578502954106329,10,5.0,Scooter,Sunny,Jam,Metropolitian,False,0,1,1,1190.557021122075,1273.1175721882726,Aumento_Velocidade,1
pedido_1176.2283246696786_666,111.656403005909,110.95987773772534,95.95987773772534,14.546234660870311,5,4.565751033748557,Moto,Sunny,Jam,Urban,False,0,1,1,1176.2283246696786,1277.1882024074039,Aumento_Velocidade,1
pedido_1156.7587698328882_660,128.9175204651504,121.01027102215542,106.01027102215542,2.7417916493885346,15,4.70070824165304,Scooter,Stormy,High,Urban,True,0,1,0,1156.7587698328882,1277.7690408550436,Aumento_Velocidade,1
pedido_1107.8259681568518_635,173.92570057665074,173.29068677054076,158.29068677054076,7.852215858315919,15,4.4349045176491515,Moto,Stormy,High,Urban,True,0,1,0,1107.8259681568518,1281.1166549273926,Aumento_Velocidade,0
pedido_1243.546888116402_703,44.652893211760045,32.636901855043575,32.636901855043575,9.73954184144926,5,4.8091837528991235,Moto,Windy,High,Urban,False,1,1,0,1243.546888116402,1281.1837899714455,Nenhuma,1
pedido_1165.9516643635018_662,134.85640868071445,128.82592928158158,113.82592928158158,12.404317514381317,10,4.723981921009098,Moto,Sandstorms,High,Metropolitian,False,0,1,0,1165.9516643635018,1289.7775936450835,Aumento_Velocidade,1
pedido_1183.514448780899_670,134.1554627650212,109.27203258213781,94.27203258213781,5.475083312406874,15,4.457784268978791,Scooter,Sandstorms,Medium,Metropolitian,False,0,0,0,1183.514448780899,1292.786481363037,Rota_Reduzida,1
pedido_1248.1638050218728_708,42.98137152947608,30.560787621443026,30.560787621443026,8.91134926302667,15,4.668372269312128,Moto,Stormy,Medium,Metropolitian,False,1,0,0,1248.1638050218728,1293.7245926433159,Nenhuma,1
pedido_1194.8722078470714_677,101.69491027191005,84.80557844837173,84.80557844837173,0.0,15,4.973487918716687,Moto,Stormy,Low,Metropolitian,False,0,0,0,1194.8722078470714,1294.6777862954432,Nenhuma,1
pedido_1186.0055977769578_672,100.8849898708039,114.55755606045965,99.55755606045965,5.433252501563542,10,4.554943295229339,Moto,Sunny,High,Urban,True,0,1,1,1186.0055977769578,1295.5631538374173,Aumento_Velocidade,1
pedido_1166.2517269392254_663,143.39622592327942,136.11650836948982,121.11650836948982,12.949438001203827,10,4.516891837560808,Moto,Sandstorms,Jam,Urban,False,0,1,0,1166.2517269392254,1297.3682353087152,Aumento_Velocidade,0
pedido_1131.3537294033981_652,170.95932267551268,173.10552741572047,158.10552741572047,8.658293794137926,10,4.348361539254042,Moto,Sandstorms,Medium,Metropolitian,False,0,0,0,1131.3537294033981,1299.4592568191185,Rota_Reduzida,0
pedido_1213.3843765703948_689,103.81048825737332,97.82573155933038,82.82573155933038,17.796094706425706,5,4.574741223612596,Scooter,Sunny,Medium,Metropolitian,False,0,0,1,1213.3843765703948,1301.210108129725,Rota_Reduzida,1
pedido_1208.5481181076304_684,102.67543762184755,98.02708390657665,83.02708390657665,17.772102757280447,10,4.931869086303128,Scooter,Sunny,High,Metropolitian,False,0,1,1,1208.5481181076304,1301.5752020142072,Aumento_Velocidade,1
pedido_1196.5410746736884_678,125.78922192784981,113.41341030635063,98.41341030635063,7.39747164215432,10,4.482326404512346,Moto,Stormy,High,Urban,True,0,1,0,1196.5410746736884,1304.954484980039,Aumento_Velocidade,1
pedido_1128.707566401124_650,188.19514782862325,186.38358714048084,171.38358714048084,16.770966465201447,5,4.4355990767099005,Moto,Sandstorms,Medium,Metropolitian,False,0,0,0,1128.707566401124,1305.0911535416049,Rota_Reduzida,0
pedido_1180.1383803346955_668,132.5096053689441,135.30782745893194,120.30782745893194,6.547802836088905,5,4.616210096071389,Moto,Foggy,High,Metropolitian,True,0,1,0,1180.1383803346955,1305.4462077936275,Aumento_Velocidade,0
pedido_1187.917223426024_673,136.5398492498131,117.55825722296782,102.55825722296782,5.337550265826635,15,4.7281706898488425,Moto,Windy,Medium,Urban,False,0,0,0,1187.917223426024,1305.4754806489918,Rota_Reduzida,1
pedido_1180.4470598586818_669,125.55883068395417,136.91313770237332,121.91313770237332,6.844681931867599,5,4.782971754610016,Moto,Foggy,Medium,Metropolitian,False,0,0,0,1180.4470598586818,1307.360197561055,Rota_Reduzida,0
pedido_1194.6530420027739_676,141.6082059990019,122.96543658349096,107.96543658349096,16.233364504088087,5,4.66123402011919,Scooter,Sandstorms,Jam,Metropolitian,True,0,1,0,1194.6530420027739,1307.618478586265,Aumento_Velocidade,1
pedido_1253.237351113049_713,45.94518834469457,39.473315126559704,39.473315126559704,4.779331567143659,15,4.76119576776833,Moto,Sandstorms,Jam,Metropolitian,False,1,1,0,1253.237351113049,1307.7106662396088,Nenhuma,1
pedido_1172.476559165762_664,144.3020970793362,147.0694587894733,132.0694587894733,16.222370288476373,5,4.720226869885178,Moto,Foggy,High,Metropolitian,True,0,1,0,1172.476559165762,1309.5460179552351,Aumento_Velocidade,0
pedido_1189.326111133825_674,137.75401916669105,133.57120866425888,118.57120866425888,19.718305787907738,5,5.0,Scooter,Windy,High,Metropolitian,False,0,1,0,1189.326111133825,1312.8973197980838,Aumento_Velocidade,1
pedido_1203.765919597003_683,129.02217773904545,109.36922712321176,94.36922712321176,5.773113174571179,15,4.7545209166385884,Moto,Stormy,Jam,Metropolitian,True,0,1,0,1203.765919597003,1313.1351467202146,Aumento_Velocidade,1
pedido_1149.0174828023476_657,186.38180633557886,165.07173668983933,150.07173668983933,12.566130230677363,15,4.341681755857786,Moto,Stormy,High,Metropolitian,True,0,1,0,1149.0174828023476,1314.0892194921869,Aumento_Velocidade,0
pedido_1196.8738957712173_679,127.5877953145291,127.69624792201938,112.69624792201938,5.358007661132022,5,4.750422931343712,Moto,Sandstorms,Jam,Urban,False,0,1,0,1196.8738957712173,1314.5701436932368,Aumento_Velocidade,1
pedido_1175.6501422710992_665,137.07314257840505,155.16907025025418,140.16907025025418,7.222927635094365,5,4.760682993359436,Moto,Windy,Medium,Metropolitian,True,0,0,0,1175.6501422710992,1320.8192125213534,Rota_Reduzida,0
pedido_1240.751899619585_700,95.65768313642117,90.14035860069855,75.14035860069855,6.220160871745065,5,4.808600302766161,Moto,Sunny,High,Metropolitian,False,0,1,1,1240.751899619585,1320.8922582202836,Aumento_Velocidade,1
pedido_1224.402401192538_696,128.16766588256112,103.6667022370419,88.6667022370419,3.39173377209484,10,4.454137697939938,Moto,Foggy,Jam,Metropolitian,True,0,1,0,1224.402401192538,1323.0691034295799,Aumento_Velocidade,1
pedido_1198.0458352600272_680,139.8776737130539,137.09928202677617,122.09928202677617,13.177433180695651,5,4.876989043224895,Moto,Sandstorms,Jam,Urban,False,0,1,0,1198.0458352600272,1325.1451172868033,Aumento_Velocidade,0
pedido_1237.6857614795638_699,99.35091594877447,73.4103602194311,73.4103602194311,7.095956569890732,15,4.766183388855514,Van,Foggy,Low,Metropolitian,False,0,0,0,1237.6857614795638,1326.096121698995,Nenhuma,1
pedido_1212.6142493065797_688,134.51104555526933,115.55397187319969,100.55397187319969,14.972475462465725,15,4.838789647566007,Moto,Sandstorms,High,Urban,False,0,1,0,1212.6142493065797,1328.1682211797795,Aumento_Velocidade,1
pedido_1210.844585631063_685,135.13543007186007,124.99510901783762,109.99510901783762,23.001841848793063,10,4.632582881973231,Scooter,Windy,High,Metropolitian,False,0,1,0,1210.844585631063,1330.8396946489006,Aumento_Velocidade,1
pedido_1200.2417146575635_681,136.2716292499163,135.8760678527104,120.8760678527104,7.159395545846905,10,5.0,Scooter,Sandstorms,Medium,Metropolitian,False,0,0,0,1200.2417146575635,1331.1177825102739,Rota_Reduzida,0
pedido_1222.5935036926949_693,128.5701615747001,121.68900634347418,106.68900634347418,7.207464744876678,5,4.801722430959448,Scooter,Stormy,High,Metropolitian,False,0,1,0,1222.5935036926949,1334.282510036169,Aumento_Velocidade,1
pedido_1211.0456316128448_687,134.3559956446086,124.46401307453661,109.46401307453661,13.174097321790878,15,4.902373392849551,Scooter,Stormy,Medium,Metropolitian,False,0,0,0,1211.0456316128448,1335.5096446873813,Rota_Reduzida,1
pedido_1253.562549143372_714,99.13667189776649,93.2147171170796,78.2147171170796,8.062995749278599,5,4.867734830297628,Scooter,Sunny,Jam,Metropolitian,False,0,1,1,1253.562549143372,1336.7772662604516,Aumento_Velocidade,1
pedido_1263.8493212021192_721,95.74685009053184,78.05299277857006,63.05299277857006,6.478399610062015,10,4.960137502364329,Scooter,Sunny,Medium,Metropolitian,False,0,0,1,1263.8493212021192,1336.9023139806893,Rota_Reduzida,1
pedido_1214.1523499487928_690,120.9615595324833,112.41768780633309,112.41768780633309,17.946634543801856,15,4.586448606574058,Moto,Sunny,Low,Metropolitian,False,0,0,1,1214.1523499487928,1341.570037755126,Nenhuma,1
pedido_1303.2298290267938_742,39.34368136523738,29.695025824700046,29.695025824700046,17.865551931454277,10,4.595341760929043,Van,Sunny,Medium,Metropolitian,True,1,0,1,1303.2298290267938,1342.9248548514938,Nenhuma,1
pedido_1260.628285485315_719,111.18565038833825,88.23758890306739,73.23758890306739,16.826859755855335,10,4.6398439136333165,Moto,Sunny,Jam,Urban,False,0,1,1,1260.628285485315,1343.8658743883825,Aumento_Velocidade,1
pedido_1235.973778216221_697,132.60897704509705,113.7919326042762,98.7919326042762,2.8979891672374434,10,4.48125327562304,Moto,Windy,Medium,Metropolitian,False,0,0,0,1235.973778216221,1344.7657108204971,Rota_Reduzida,1
pedido_1245.8643512476503_706,109.35399525298703,104.90810742627954,89.90810742627954,11.839558358733104,10,4.547808248280361,Scooter,Sunny,High,Urban,True,0,1,1,1245.8643512476503,1345.7724586739298,Aumento_Velocidade,1
pedido_1237.4459625099548_698,131.0452549248175,127.02872871444413,112.02872871444413,6.109259579549972,5,4.61137914204494,Moto,Foggy,High,Urban,True,0,1,0,1237.4459625099548,1354.474691224399,Aumento_Velocidade,1
pedido_1243.43998298803_702,135.8762877971936,116.26702717804979,101.26702717804979,12.504752991484002,10,4.787671101509588,Moto,Windy,High,Metropolitian,True,0,1,0,1243.43998298803,1354.7070101660797,Aumento_Velocidade,1
pedido_1223.1834801105529_694,152.24312390022155,143.7013369212365,128.7013369212365,18.225368871413202,5,4.793104786314512,Moto,Foggy,Jam,Urban,True,0,1,0,1223.1834801105529,1356.8848170317895,Aumento_Velocidade,0
pedido_1248.3359220148957_709,102.68620219801154,104.86141633087178,104.86141633087178,12.64856009693559,5,4.7907678831224505,Scooter,Sandstorms,Low,Urban,False,0,0,0,1248.3359220148957,1358.1973383457675,Nenhuma,1
pedido_1244.816377137369_705,128.68577041953824,124.11501001239785,109.11501001239785,3.6657130042361183,5,4.97721910247601,Moto,Sandstorms,Jam,Metropolitian,False,0,1,0,1244.816377137369,1358.9313871497668,Aumento_Velocidade,1
pedido_1251.0218903132682_712,132.4947702101738,109.25347150306732,94.25347150306732,5.212411207235071,15,4.842873374514427,Moto,Foggy,High,Metropolitian,True,0,1,0,1251.0218903132682,1360.2753618163356,Aumento_Velocidade,1
pedido_1153.2531980316899_659,185.83590190739548,194.7756790738202,194.7756790738202,14.625679633207739,15,4.444383940199566,Van,Sandstorms,High,Urban,False,0,1,0,1153.2531980316899,1363.02887710551,Nenhuma,0
pedido_1243.8289802729873_704,128.35974406958636,114.20099775345878,114.20099775345878,5.537615575218935,5,4.731012747264757,Van,Stormy,High,Urban,False,0,1,0,1243.8289802729873,1363.029978026446,Nenhuma,1
pedido_1280.0041076717807_731,101.44432416012194,80.47702974787569,80.47702974787569,7.484084496157393,5,4.592765933085265,Moto,Sandstorms,Low,Metropolitian,True,0,0,0,1280.0041076717807,1365.4811374196565,Nenhuma,1
pedido_1292.553759854629_736,101.47692590210927,68.95442192723743,68.95442192723743,10.052763746593522,15,4.928433336258076,Moto,Sandstorms,Low,Metropolitian,False,0,0,0,1292.553759854629,1376.5081817818666,Nenhuma,1
pedido_1258.3057196663895_717,137.68236432619864,123.82644515053363,108.82644515053363,10.241947313907902,10,4.557129151644709,Moto,Foggy,High,Metropolitian,False,0,1,0,1258.3057196663895,1377.132164816923,Aumento_Velocidade,1
pedido_1254.7682811810002_715,132.30415506858847,133.5118841354428,118.51188413544281,10.05426277628042,5,4.604177107460805,Scooter,Stormy,Medium,Urban,False,0,0,0,1254.7682811810002,1378.2801653164431,Rota_Reduzida,1
pedido_1257.1984014617747_716,111.43415470214397,106.29985180950892,106.29985180950892,15.203039180614294,15,4.8724937353705355,Moto,Sunny,Low,Other,False,0,0,1,1257.1984014617747,1378.4982532712836,Nenhuma,1
pedido_1275.7093038437877_729,94.92582061714779,112.82862760254235,97.82862760254235,9.200612639716422,5,4.87241399458499,Scooter,Sunny,High,Urban,False,0,1,1,1275.7093038437877,1378.53793144633,Aumento_Velocidade,1
pedido_1258.5069870753164_718,133.31368724607952,125.20507001643384,110.20507001643384,11.332504325068854,10,4.729100534943483,Moto,Sandstorms,High,Metropolitian,False,0,1,0,1258.5069870753164,1378.7120570917502,Aumento_Velocidade,1
pedido_1248.414855427983_710,135.19955706252668,143.19805623007124,128.19805623007124,16.72425840236295,5,5.0,Moto,Sandstorms,High,Metropolitian,False,0,1,0,1248.414855427983,1381.6129116580541,Aumento_Velocidade,0
pedido_1273.5257818012014_727,134.01173920623864,109.53665841651677,94.53665841651677,3.733354619121852,15,4.860464424331342,Moto,Foggy,High,Urban,False,0,1,0,1273.5257818012014,1383.0624402177182,Aumento_Velocidade,1
pedido_1250.2120890819112_711,140.37104194699575,134.7813980935672,119.78139809356719,13.56559065670907,15,4.922595192622454,Moto,Foggy,High,Metropolitian,False,0,1,0,1250.2120890819112,1384.9934871754785,Aumento_Velocidade,1
pedido_1270.1637333730384_724,104.5548123409815,110.32351379164766,110.32351379164766,15.618075819916598,5,5.0,Scooter,Windy,Low,Metropolitian,True,0,0,0,1270.1637333730384,1385.487247164686,Nenhuma,1
pedido_1220.6493717736628_692,194.22416888553906,168.73770354081205,153.73770354081205,6.097161824573116,15,4.4196515198859005,Moto,Sunny,High,Metropolitian,False,0,1,1,1220.6493717736628,1389.3870753144747,Aumento_Velocidade,0
pedido_1210.8773643956831_686,171.32588253856667,168.5325706191074,168.5325706191074,4.468800107069988,10,4.3701336558112365,Van,Stormy,High,Other,False,0,1,0,1210.8773643956831,1389.4099350147906,Nenhuma,0
pedido_1287.8188608231044_734,101.9779816013991,94.48805113429425,94.48805113429425,6.593515622654902,10,4.891325174743874,Moto,Windy,Low,Urban,True,0,0,0,1287.8188608231044,1392.3069119573986,Nenhuma,1
pedido_1301.296435675154_741,109.90735430284917,103.2331184517034,88.2331184517034,20.409705799977985,5,4.454408995591849,Scooter,Sunny,Medium,Metropolitian,True,0,0,1,1301.296435675154,1394.5295541268574,Rota_Reduzida,1
pedido_1344.2545968772963_764,36.93612596256718,40.36387064791002,40.36387064791002,3.0302359812785973,10,5.0,Van,Sunny,High,Metropolitian,False,1,1,1,1344.2545968772963,1394.6184675252064,Nenhuma,1
pedido_1307.4571472952384_745,99.27729540968828,92.53033134541229,77.53033134541229,6.600928508432508,10,4.867357961997975,Moto,Sunny,Medium,Urban,True,0,0,1,1307.4571472952384,1394.9874786406508,Rota_Reduzida,1
pedido_1360.7612754200566_771,41.98978561279431,26.444039591850384,26.444039591850384,4.36108436844594,10,4.603226399385307,Moto,Sunny,High,Urban,True,1,1,1,1360.7612754200566,1397.205315011907,Nenhuma,1
pedido_1280.2751703837678_732,122.51002003681302,113.8886648257632,113.8886648257632,2.661382079535863,5,4.780174573607927,Van,Stormy,Jam,Metropolitian,False,0,1,0,1280.2751703837678,1399.163835209531,Nenhuma,1
pedido_1311.6136043758202_747,98.40654167894269,98.8285895106596,83.8285895106596,6.483394273206692,5,4.6613966687447554,Moto,Sunny,High,Metropolitian,True,0,1,1,1311.6136043758202,1400.4421938864798,Aumento_Velocidade,1
pedido_1267.5885868254657_722,141.67887272572975,134.03534716757,119.03534716757,14.529250607750669,15,5.0,Moto,Foggy,High,Metropolitian,False,0,1,0,1267.5885868254657,1401.6239339930357,Aumento_Velocidade,1
pedido_1368.191438579584_775,47.92269807039521,32.40710725346912,32.40710725346912,16.736668900573367,5,4.490786297531441,Van,Sandstorms,Jam,Urban,False,1,1,0,1368.191438579584,1405.598545833053,Nenhuma,1
pedido_1242.6651538159106_701,188.0972070441223,164.27064638009094,149.27064638009094,16.215080686032756,15,4.268052335462491,Moto,Sandstorms,Medium,Metropolitian,False,0,0,0,1242.6651538159106,1406.9358001960015,Rota_Reduzida,0
pedido_1306.7086924982436_744,98.02294932784335,90.60224278523738,90.60224278523738,7.460614916297658,10,4.632699833632293,Moto,Sunny,Low,Metropolitian,False,0,0,1,1306.7086924982436,1407.310935283481,Nenhuma,1
pedido_1284.517199570416_733,138.6428087943857,128.0345374022778,113.0345374022778,12.28765125952587,10,4.481660165262772,Moto,Windy,Jam,Metropolitian,False,0,1,0,1284.517199570416,1407.551736972694,Aumento_Velocidade,1
pedido_1289.5188365242307_735,135.07671561777275,123.58099755454441,108.58099755454441,19.15310411602784,10,4.562759887939378,Moto,Sandstorms,High,Metropolitian,True,0,1,0,1289.5188365242307,1408.099834078775,Aumento_Velocidade,1
pedido_1298.5031608335262_739,130.52458463778956,116.66406722510327,101.66406722510327,12.2081074564367,10,4.716086557172576,Scooter,Stormy,High,Metropolitian,True,0,1,0,1298.5031608335262,1410.1672280586295,Aumento_Velocidade,1
pedido_1325.4918743565652_753,101.8067222613264,69.95149293909232,69.95149293909232,2.1493685880122837,15,4.654780615478059,Moto,Sandstorms,Low,Metropolitian,False,0,0,0,1325.4918743565652,1410.4433672956575,Nenhuma,1
pedido_1278.4293776754307_730,124.56306293160415,118.89061758823374,118.89061758823374,5.676167730180038,15,4.5074892734838015,Van,Stormy,High,Metropolitian,False,0,1,0,1278.4293776754307,1412.3199952636644,Nenhuma,1
pedido_1269.755191989558_723,132.83225952499396,152.84045138264844,137.84045138264844,6.292167212243722,5,4.754103614082232,Moto,Foggy,High,Metropolitian,False,0,1,0,1269.755191989558,1412.5956433722063,Aumento_Velocidade,0
pedido_1292.7720718162625_738,130.992527115471,104.95269516495513,104.95269516495513,1.9514950595874416,15,4.560768130115514,Van,Windy,High,Metropolitian,False,0,1,0,1292.7720718162625,1412.7247669812177,Nenhuma,1
pedido_1262.5148880557213_720,147.03106951827337,135.24787844586157,135.24787844586157,19.907312172886503,15,4.506142936942297,Van,Sandstorms,Jam,Metropolitian,False,0,1,0,1262.5148880557213,1412.7627665015827,Nenhuma,0
pedido_1247.1268148592815_707,176.2729788460797,172.89818612625902,157.89818612625902,8.98611960874947,10,4.396417173541801,Scooter,Windy,High,Metropolitian,True,0,1,0,1247.1268148592815,1415.0250009855404,Aumento_Velocidade,0
pedido_1292.6403650031102_737,129.10236389630364,136.24852129477756,121.24852129477756,4.6411507717856235,5,4.545879755662396,Scooter,Foggy,Jam,Metropolitian,False,0,1,0,1292.6403650031102,1418.888886297888,Aumento_Velocidade,0
pedido_1307.8058475533837_746,120.04976921129686,126.494081753637,106.494081753637,3.6307784672285797,10,4.489968585237098,Moto,Windy,High,Other,True,0,1,0,1307.8058475533837,1424.2999293070206,Rota_Reduzida,1
pedido_1336.331153437935_760,101.45518350046206,79.05436599332396,79.05436599332396,5.462565532155564,10,5.0,Van,Sunny,High,Urban,True,0,1,1,1336.331153437935,1425.385519431259,Nenhuma,1
pedido_1273.2812625818822_726,132.61895272995193,137.36405248023794,137.36405248023794,0.09912288973275274,15,4.825624724111428,Van,Sandstorms,High,Metropolitian,False,0,1,0,1273.2812625818822,1425.64531506212,Nenhuma,0
pedido_1304.4956216515689_743,134.69148127667737,121.8358500236653,106.8358500236653,11.882634262632454,15,4.891501000283332,Moto,Stormy,Jam,Metropolitian,False,0,1,0,1304.4956216515689,1426.331471675234,Aumento_Velocidade,1
pedido_1316.2927566604214_748,127.54396087641952,113.0123574140687,98.0123574140687,2.4890958483406753,15,4.641997991722144,Moto,Foggy,Jam,Metropolitian,False,0,1,0,1316.2927566604214,1429.3051140744901,Aumento_Velocidade,1
pedido_1300.9992873954695_740,130.37076919163982,139.51648559521132,124.51648559521132,3.6302942731881394,5,4.787800877963322,Scooter,Windy,Jam,Metropolitian,True,0,1,0,1300.9992873954695,1430.515772990681,Aumento_Velocidade,0
pedido_1321.348926396277_751,133.5119959442174,111.81347417321501,96.81347417321501,16.60853657821163,15,4.885409687835703,Moto,Windy,High,Metropolitian,False,0,1,0,1321.348926396277,1433.162400569492,Aumento_Velocidade,1
pedido_1326.111741201525_754,136.3197442892895,112.78392320875112,97.78392320875112,6.004380908981044,10,4.969743884077849,Moto,Foggy,High,Metropolitian,False,0,1,0,1326.111741201525,1433.8956644102761,Aumento_Velocidade,1
pedido_1325.1150419658943_752,136.37617664587154,114.3309123176776,99.3309123176776,15.360561928190668,10,4.937251031002698,Scooter,Windy,High,Metropolitian,True,0,1,0,1325.1150419658943,1434.4459542835718,Aumento_Velocidade,1
pedido_1271.352100417452_725,174.99265052144375,177.42593449556162,162.42593449556162,1.633189979854376,5,4.415433098343086,Scooter,Stormy,High,Metropolitian,False,0,1,0,1271.352100417452,1438.7780349130137,Aumento_Velocidade,0
pedido_1343.3396273159165_762,97.49009431361574,105.68139662615546,90.68139662615546,3.4113856929257347,5,4.7272416294071204,Moto,Sunny,High,Metropolitian,False,0,1,1,1343.3396273159165,1439.021023942072,Aumento_Velocidade,1
pedido_1320.3492076568994_749,128.95531097544702,129.4486770511494,114.44867705114939,2.8641786427217855,5,4.688357655265292,Moto,Sandstorms,Medium,Other,True,0,0,0,1320.3492076568994,1439.7978847080487,Rota_Reduzida,1
pedido_1333.5352183619707_759,141.56598072257148,114.53678400341585,99.53678400341585,15.431385807123933,10,4.641522517110148,Moto,Sandstorms,Jam,Metropolitian,True,0,1,0,1333.5352183619707,1443.0720023653867,Aumento_Velocidade,1
pedido_1274.406921508672_728,165.85858928465115,174.60123038188186,159.60123038188186,9.800480483410702,10,4.269139545470398,Scooter,Sunny,Medium,Metropolitian,False,0,0,1,1274.406921508672,1444.0081518905538,Rota_Reduzida,0
pedido_1327.6177203735497_755,138.46193795661029,123.74740353682319,108.74740353682319,20.422733970890448,10,5.0,Scooter,Stormy,Medium,Metropolitian,True,0,0,0,1327.6177203735497,1446.3651239103729,Rota_Reduzida,1
pedido_1333.0053568846963_758,127.8981149497808,132.70803126908618,117.70803126908618,0.0,5,4.663132533697682,Moto,Stormy,High,Urban,False,0,1,0,1333.0053568846963,1455.7133881537825,Aumento_Velocidade,1
pedido_1351.5672910126204_766,130.78481102416515,106.80988510037417,91.80988510037417,3.9442095491624265,15,4.690861439930598,Moto,Sandstorms,High,Metropolitian,True,0,1,0,1351.5672910126204,1458.3771761129947,Aumento_Velocidade,1
pedido_1351.5169420564878_765,129.1477315054536,108.59791295849753,93.59791295849753,2.9316071369539762,15,4.6692768253636885,Scooter,Windy,High,Metropolitian,True,0,1,0,1351.5169420564878,1460.1148550149853,Aumento_Velocidade,1
pedido_1339.9577712448502_761,134.21504553323146,128.0357442288632,113.0357442288632,14.828673290806487,10,4.948468710287972,Moto,Sandstorms,High,Urban,False,0,1,0,1339.9577712448502,1462.9935154737134,Aumento_Velocidade,1
pedido_1343.4508591268263_763,138.13088920899875,120.23487315987404,105.23487315987404,5.916779021627557,15,4.7012287558195345,Moto,Sandstorms,Medium,Metropolitian,True,0,0,0,1343.4508591268263,1463.6857322867004,Rota_Reduzida,1
pedido_1380.6207284994284_781,102.33648815479106,88.08360424480357,73.08360424480357,16.91343597763146,10,4.783774488703889,Scooter,Sunny,High,Metropolitian,False,0,1,1,1380.6207284994284,1463.704332744232,Aumento_Velocidade,1
pedido_1439.110854657443_818,39.67407953345473,22.59669804491076,22.59669804491076,13.81221796542328,5,4.947707018644071,Moto,Sunny,Medium,Metropolitian,False,1,0,1,1439.110854657443,1466.7075527023537,Nenhuma,1
pedido_1351.862767135866_767,134.9213581220378,120.53209834704916,105.53209834704916,10.7280836659626,10,4.757728931565946,Scooter,Stormy,Jam,Metropolitian,False,0,1,0,1351.862767135866,1467.3948654829153,Aumento_Velocidade,1
pedido_1329.6545159570092_756,140.4871397671035,151.20336335682987,136.20336335682987,15.89015733251814,5,4.766096410784948,Moto,Foggy,High,Metropolitian,False,0,1,0,1329.6545159570092,1470.857879313839,Aumento_Velocidade,0
pedido_1364.2710302260793_774,137.15271655818867,116.82108862155853,101.82108862155853,16.339743223388457,5,5.0,Moto,Sandstorms,Medium,Metropolitian,False,0,0,0,1364.2710302260793,1471.092118847638,Rota_Reduzida,1
pedido_1332.0168684364082_757,149.1076947561497,149.44065771814348,134.44065771814348,14.732928290468609,5,4.701521509852914,Moto,Foggy,Jam,Metropolitian,False,0,1,0,1332.0168684364082,1471.4575261545517,Aumento_Velocidade,0
pedido_1361.8093838865325_772,131.9012147297906,118.73033668380774,103.73033668380774,3.9644455189053143,10,4.706540783906078,Moto,Windy,High,Metropolitian,False,0,1,0,1361.8093838865325,1475.5397205703403,Aumento_Velocidade,1
pedido_1357.9260565330615_769,134.51168964941897,122.75674049340046,107.75674049340046,18.388998348695026,15,4.869084108533275,Scooter,Windy,High,Metropolitian,False,0,1,0,1357.9260565330615,1480.682797026462,Aumento_Velocidade,1
pedido_1387.6773287361132_786,97.49009431361574,104.11082857161338,89.11082857161338,3.979632186871256,5,4.731680081576498,Scooter,Sunny,High,Metropolitian,False,0,1,1,1387.6773287361132,1481.7881573077266,Aumento_Velocidade,1
pedido_1360.2187621106887_770,135.67177165523356,121.7461380462696,106.7461380462696,11.539977650749094,15,4.879366247415437,Moto,Sandstorms,Medium,Urban,False,0,0,0,1360.2187621106887,1481.9649001569583,Rota_Reduzida,1
pedido_1368.8780240039046_776,132.3333653014072,118.38448132783367,103.38448132783367,2.3014341047878033,10,4.875592543595106,Moto,Foggy,High,Urban,True,0,1,0,1368.8780240039046,1482.2625053317383,Aumento_Velocidade,1
pedido_1381.2965818817463_782,109.14385759502225,111.9243189984319,96.9243189984319,12.92721655782229,5,4.907172745182,Moto,Sunny,Jam,Metropolitian,True,0,1,1,1381.2965818817463,1483.2209008801783,Aumento_Velocidade,1
pedido_1405.3241919103723_798,94.2708500214489,88.02038948369469,73.02038948369469,3.029570825467054,10,4.660179074199137,Scooter,Sunny,Medium,Metropolitian,False,0,0,1,1405.3241919103723,1488.344581394067,Rota_Reduzida,1
pedido_1381.9579383550047_783,128.79591118080657,119.33127694183965,104.33127694183965,16.031561354279432,5,4.7924812852154925,Moto,Stormy,High,Metropolitian,False,0,1,0,1381.9579383550047,1491.2892152968443,Aumento_Velocidade,1
pedido_1320.9056659587889_750,174.37299506353975,177.59829299829306,162.59829299829306,5.434325240849183,10,4.4055342918235265,Moto,Windy,High,Urban,False,0,1,0,1320.9056659587889,1493.503958957082,Aumento_Velocidade,0
pedido_1399.3658954447471_796,127.23676774088358,99.99719903370881,84.99719903370881,3.359306414173214,10,4.827887431125706,Moto,Windy,Jam,Metropolitian,False,0,1,0,1399.3658954447471,1494.3630944784559,Aumento_Velocidade,1
pedido_1390.283530938628_789,127.5980375578034,111.61795970559602,96.61795970559602,4.1335720237281315,10,4.629152290894811,Scooter,Foggy,Jam,Urban,False,0,1,0,1390.283530938628,1496.901490644224,Aumento_Velocidade,1
pedido_1427.2771961058752_811,99.8869645997601,70.38501970482956,55.38501970482956,5.558711159230919,15,4.85534421614289,Scooter,Sunny,Jam,Metropolitian,False,0,1,1,1427.2771961058752,1497.6622158107048,Aumento_Velocidade,1
pedido_1390.3550614238302_790,131.73821234568757,112.59741241447473,97.59741241447473,9.468950069708693,10,4.850139846883909,Scooter,Windy,High,Metropolitian,False,0,1,0,1390.3550614238302,1497.952473838305,Aumento_Velocidade,1
pedido_1444.4173554416325_823,43.761350545785085,42.39635532794779,42.39635532794779,18.457864023731968,15,4.747704270893878,Moto,Foggy,Jam,Urban,False,1,1,0,1444.4173554416325,1501.8137107695802,Nenhuma,1
pedido_1425.565336542624_808,97.86460107041489,86.06970212900421,71.06970212900421,6.662889932120631,10,4.7938201145697334,Scooter,Sunny,High,Metropolitian,True,0,1,1,1425.565336542624,1506.635038671628,Aumento_Velocidade,1
pedido_1386.6773389540103_785,136.2777062869119,130.62594450042243,115.62594450042243,17.468641926756753,5,4.719423284376542,Moto,Windy,High,Metropolitian,True,0,1,0,1386.6773389540103,1507.3032834544329,Aumento_Velocidade,1
pedido_1405.7081021582344_799,105.27550154713583,95.10944378534163,95.10944378534163,12.25087685239279,10,4.688566430138093,Moto,Windy,Low,Metropolitian,True,0,0,0,1405.7081021582344,1510.817545943576,Nenhuma,1
pedido_1387.809541097212_787,132.75290817707386,124.88839871501938,109.88839871501938,6.8031937039581845,15,4.81948312706692,Scooter,Windy,High,Metropolitian,False,0,1,0,1387.809541097212,1512.6979398122314,Aumento_Velocidade,1
pedido_1417.3342691400064_804,129.76486193434457,107.79417494476976,92.79417494476976,15.116078468547272,5,4.618521686915974,Moto,Stormy,High,Metropolitian,False,0,1,0,1417.3342691400064,1515.1284440847762,Aumento_Velocidade,1
pedido_1379.6825109538843_780,139.74503677141473,136.69054593733344,121.69054593733344,14.178603785697666,15,4.732105566366748,Moto,Windy,Jam,Metropolitian,True,0,1,0,1379.6825109538843,1516.3730568912176,Aumento_Velocidade,0
pedido_1387.9579651725714_788,134.41578154217095,133.45126995390123,118.45126995390123,0.0,10,4.570114310784037,Scooter,Foggy,High,Metropolitian,False,0,1,0,1387.9579651725714,1516.4092351264726,Aumento_Velocidade,1
pedido_1391.3803542324247_791,133.1700385356115,125.85923871571097,110.85923871571097,7.5416406761663835,15,4.6283541739526655,Moto,Foggy,High,Metropolitian,False,0,1,0,1391.3803542324247,1517.2395929481356,Aumento_Velocidade,1
pedido_1397.9255964125746_794,134.82258544930943,119.34728262416738,104.34728262416738,18.119982024484592,15,4.887219180749758,Scooter,Sandstorms,High,Metropolitian,False,0,1,0,1397.9255964125746,1517.2728790367419,Aumento_Velocidade,1
pedido_1468.430763888231_839,48.57826273521436,43.86132091841127,43.86132091841127,0.056091624122002415,5,4.660987092136208,Scooter,Stormy,High,Metropolitian,True,1,1,0,1468.430763888231,1517.2920848066424,Nenhuma,1
pedido_1362.2903511892619_773,163.66229336230523,155.53015137421613,140.53015137421613,3.4646129124939335,15,4.447994483587383,Scooter,Sunny,Medium,Urban,True,0,0,1,1362.2903511892619,1517.820502563478,Rota_Reduzida,0
pedido_1376.9472647443931_779,171.48661698624278,150.1760875961105,135.1760875961105,8.954753540339855,10,4.374788694406007,Scooter,Stormy,Medium,Metropolitian,False,0,0,0,1376.9472647443931,1522.1233523405035,Rota_Reduzida,0
pedido_1413.392541655455_801,139.4416346177843,110.32145568492288,95.32145568492288,12.791997768152251,15,5.0,Moto,Windy,Medium,Metropolitian,True,0,0,0,1413.392541655455,1523.713997340378,Rota_Reduzida,1
pedido_1386.2963352755055_784,137.04857517162844,138.00159726401017,123.00159726401017,9.94219425697765,15,4.949335037744746,Moto,Windy,Jam,Urban,False,0,1,0,1386.2963352755055,1524.2979325395156,Aumento_Velocidade,0
pedido_1417.0153432248235_803,127.41810699094304,108.79326393718476,93.79326393718476,1.4921824076353611,15,4.716929538145953,Scooter,Foggy,Jam,Urban,False,0,1,0,1417.0153432248235,1525.8086071620082,Aumento_Velocidade,1
pedido_1399.0393934360548_795,134.82985775917936,132.33477094871085,117.33477094871085,4.23457955562293,10,4.587873670236197,Scooter,Foggy,High,Metropolitian,False,0,1,0,1399.0393934360548,1526.3741643847657,Aumento_Velocidade,1
pedido_1482.1106238001146_844,39.818448765978054,35.12156255106242,35.12156255106242,10.417101878788886,10,4.631474462427495,Moto,Windy,Low,Metropolitian,False,1,0,0,1482.1106238001146,1527.232186351177,Nenhuma,1
pedido_1473.5676712395657_840,46.62465387065627,40.09816888674594,40.09816888674594,14.45365417814634,15,4.564664970975531,Moto,Foggy,High,Metropolitian,True,1,1,0,1473.5676712395657,1528.6658401263117,Nenhuma,1
pedido_1442.5477647734663_820,103.48239808328758,71.3594695313671,71.3594695313671,15.430260470462972,15,4.505592364045741,Scooter,Windy,Low,Metropolitian,False,0,0,0,1442.5477647734663,1528.9072343048333,Nenhuma,1
pedido_1371.6721529551583_778,176.25473043076173,168.6190276989985,153.6190276989985,6.175969984687709,5,4.301078994552016,Moto,Sandstorms,High,Metropolitian,False,0,1,0,1371.6721529551583,1530.2911806541567,Aumento_Velocidade,0
pedido_1434.3490539949728_814,103.12044633839052,81.205726914667,81.205726914667,15.360626154441384,15,4.829332330085437,Van,Stormy,Low,Metropolitian,False,0,0,0,1434.3490539949728,1530.5547809096397,Nenhuma,1
pedido_1425.6392305228862_809,126.68031780991065,106.37259365944053,91.37259365944053,6.178556892631935,15,4.569924483030952,Moto,Stormy,Jam,Metropolitian,False,0,1,0,1425.6392305228862,1532.0118241823268,Aumento_Velocidade,1
pedido_1437.2264544036454_815,102.93452666031662,86.08989720407014,86.08989720407014,17.078020765063886,10,4.608650672301686,Scooter,Windy,Low,Metropolitian,False,0,0,0,1437.2264544036454,1533.3163516077157,Nenhuma,1
pedido_1438.9747235022417_817,106.05346612065507,99.55478474422284,84.55478474422284,10.908077091187002,10,4.466752029807869,Moto,Sunny,High,Metropolitian,False,0,1,1,1438.9747235022417,1533.5295082464645,Aumento_Velocidade,1
pedido_1465.3006406814432_836,95.25023207545257,75.74817365093975,60.74817365093975,1.4361700218905438,10,4.70183951610513,Scooter,Sunny,High,Metropolitian,False,0,1,1,1465.3006406814432,1536.0488143323828,Aumento_Velocidade,1
pedido_1437.6635978408617_816,95.7534846130962,101.40858822678861,86.40858822678861,8.143325951972177,15,5.0,Scooter,Sunny,High,Metropolitian,False,0,1,1,1437.6635978408617,1539.0721860676504,Aumento_Velocidade,1
pedido_1352.9446028883115_768,195.32196546877873,191.51026899318254,176.51026899318254,17.969117159702318,10,4.4450641177013726,Moto,Sandstorms,Jam,Metropolitian,False,0,1,0,1352.9446028883115,1539.454871881494,Aumento_Velocidade,0
pedido_1403.7913915962304_797,141.01400961458071,136.15332035957448,121.15332035957448,15.620318478622378,15,4.9391537031530355,Scooter,Sandstorms,Jam,Metropolitian,False,0,1,0,1403.7913915962304,1539.944711955805,Aumento_Velocidade,0
pedido_1420.6532210416387_806,128.35974406958636,114.82374099063695,114.82374099063695,5.581671659419183,5,4.654683306716361,Van,Stormy,High,Metropolitian,False,0,1,0,1420.6532210416387,1540.4769620322757,Nenhuma,1
pedido_1411.868390263918_800,135.07746710882765,130.12478589954588,115.12478589954588,13.698238817872078,15,4.6431069388255635,Moto,Sandstorms,High,Metropolitian,False,0,1,0,1411.868390263918,1541.9931761634639,Aumento_Velocidade,1
pedido_1391.7902882545013_792,141.56598072257148,136.15231076446088,136.15231076446088,16.614380908496997,15,4.58735003631508,Van,Sandstorms,Jam,Urban,True,0,1,0,1391.7902882545013,1542.9425990189623,Nenhuma,0
pedido_1462.2556006422346_834,122.54819110943788,91.02019335623005,76.02019335623005,3.9171074637699137,5,4.793734157257689,Moto,Stormy,Jam,Metropolitian,False,0,1,0,1462.2556006422346,1543.2757939984647,Aumento_Velocidade,1
pedido_1427.1441086500604_810,133.7262260059196,121.83468217336772,106.83468217336772,16.692932431379433,10,4.865998580229756,Scooter,Windy,High,Metropolitian,False,0,1,0,1427.1441086500604,1543.9787908234282,Aumento_Velocidade,1
pedido_1490.782667677879_850,95.23143088971918,58.24661790964609,38.24661790964609,0.0,15,4.925582795390588,Moto,Sunny,Jam,Other,False,0,1,1,1490.782667677879,1544.0292855875252,Rota_Reduzida,1
pedido_1393.8944269146277_793,183.3627712499092,151.35151060847016,136.35151060847016,16.906966921373797,15,4.279776134423352,Scooter,Sandstorms,High,Metropolitian,True,0,1,0,1393.8944269146277,1545.2459375230978,Aumento_Velocidade,0
pedido_1498.5695815109846_856,47.720785888064064,35.01317562262862,35.01317562262862,18.16730063079407,15,5.0,Moto,Windy,Jam,Metropolitian,False,1,1,0,1498.5695815109846,1548.582757133613,Nenhuma,1
pedido_1421.8288763948376_807,130.78116501634756,134.89766170107634,119.89766170107634,4.990087130881876,15,4.5045765651063325,Scooter,Sandstorms,High,Metropolitian,False,0,1,0,1421.8288763948376,1556.7265380959138,Aumento_Velocidade,1
pedido_1461.4818676787816_833,122.67089152993525,107.26791450109755,92.26791450109755,5.718276286855003,5,4.493043216084355,Moto,Foggy,Medium,Other,False,0,0,0,1461.4818676787816,1558.749782179879,Rota_Reduzida,1
pedido_1371.1673165971672_777,197.0625928508939,193.5561077925569,178.5561077925569,14.071058376234827,10,4.33658016052628,Moto,Sandstorms,Jam,Metropolitian,False,0,1,0,1371.1673165971672,1559.7234243897242,Aumento_Velocidade,0
pedido_1428.5302549195098_813,141.28676761886373,137.16737451110188,122.16737451110188,13.514105720010225,10,4.7112963231494245,Moto,Foggy,High,Metropolitian,False,0,1,0,1428.5302549195098,1560.6976294306116,Aumento_Velocidade,0
pedido_1463.5802956024734_835,133.68357605391355,108.39610563807314,93.39610563807314,4.232298908102292,5,5.0,Scooter,Windy,High,Metropolitian,False,0,1,0,1463.5802956024734,1561.9764012405465,Aumento_Velocidade,1
pedido_1448.3980815981724_825,128.5701615747001,121.91301943037422,106.91301943037422,7.056125875932114,10,4.77040948838415,Moto,Stormy,High,Metropolitian,False,0,1,0,1448.3980815981724,1565.3111010285465,Aumento_Velocidade,1
pedido_1482.7199076907925_845,101.40797453446916,88.63150415613204,73.63150415613204,4.015090621528022,10,5.0,Moto,Sunny,High,Metropolitian,True,0,1,1,1482.7199076907925,1566.3514118469245,Aumento_Velocidade,1
pedido_1454.0719964523635_826,125.62039616425396,125.81475580934287,110.81475580934287,2.823523087275952,5,4.521215845406854,Moto,Windy,Jam,Metropolitian,False,0,1,0,1454.0719964523635,1569.8867522617063,Aumento_Velocidade,1
pedido_1415.8892428710665_802,179.4956819648028,164.2006204433344,149.2006204433344,5.2070229200870095,10,4.398114194522439,Moto,Foggy,High,Metropolitian,False,0,1,0,1415.8892428710665,1575.0898633144009,Aumento_Velocidade,0
pedido_1492.8646747555242_853,99.58204881086277,67.30106628513838,67.30106628513838,5.532784260258074,15,4.759919753995697,Scooter,Foggy,Low,Metropolitian,False,0,0,0,1492.8646747555242,1575.1657410406626,Nenhuma,1
pedido_1477.0096241016108_843,100.59552529620338,94.02739164907645,94.02739164907645,4.398770792166594,5,4.641670576580512,Scooter,Foggy,Low,Metropolitian,True,0,0,0,1477.0096241016108,1576.0370157506873,Nenhuma,1
pedido_1455.2044014458488_828,144.020368276628,131.6745775093913,116.6745775093913,18.124791020426446,5,4.618658035411285,Moto,Foggy,Medium,Metropolitian,False,0,0,0,1455.2044014458488,1576.8789789552402,Rota_Reduzida,1
pedido_1454.7940857398692_827,130.15165249681087,122.42130999004308,107.42130999004308,5.285517828616656,15,4.776988469657353,Moto,Sandstorms,High,Metropolitian,True,0,1,0,1454.7940857398692,1577.2153957299122,Aumento_Velocidade,1
pedido_1419.3506583003264_805,186.34106316592337,160.94549532764987,145.94549532764987,20.93411469064224,15,4.444135999014325,Moto,Windy,High,Metropolitian,False,0,1,0,1419.3506583003264,1580.2961536279763,Aumento_Velocidade,0
pedido_1475.6880101512997_841,125.97001756318338,114.62470512802435,94.62470512802435,9.491176953252028,10,5.0,Moto,Foggy,High,Other,False,0,1,0,1475.6880101512997,1580.312715279324,Rota_Reduzida,1
pedido_1466.4622546699181_837,130.64524980577818,125.30198895219752,110.30198895219752,15.701463550131825,5,4.531312011438682,Scooter,Stormy,High,Metropolitian,False,0,1,0,1466.4622546699181,1581.7642436221156,Aumento_Velocidade,1
pedido_1457.7538392155225_831,132.56295120106788,130.1235126362207,115.12351263622071,11.229814194304218,10,4.581430835282035,Moto,Windy,Medium,Metropolitian,False,0,0,0,1457.7538392155225,1582.8773518517432,Rota_Reduzida,1
pedido_1428.3050456433764_812,175.91485992864978,167.24257753651762,152.24257753651762,3.1871050405031816,5,4.270360091542603,Moto,Foggy,Jam,Metropolitian,True,0,1,0,1428.3050456433764,1585.547623179894,Aumento_Velocidade,0
pedido_1502.5945383943701_861,95.86854740525581,84.33401545667098,69.33401545667098,8.305508938331066,15,4.665119467929856,Moto,Sunny,Medium,Metropolitian,False,0,0,1,1502.5945383943701,1586.9285538510412,Rota_Reduzida,1
pedido_1466.6202491420192_838,133.29674649805645,127.4068696184845,112.4068696184845,19.203235663614212,10,4.638164204617144,Scooter,Windy,High,Urban,False,0,1,0,1466.6202491420192,1589.0271187605038,Aumento_Velocidade,1
pedido_1456.2082354609513_830,134.34705410781217,135.55604154032395,120.55604154032395,7.276589677257636,15,4.614508942211907,Scooter,Sandstorms,Medium,Metropolitian,False,0,0,0,1456.2082354609513,1591.7642770012753,Rota_Reduzida,0
pedido_1490.7187372654444_849,130.14412327669478,111.74860026756662,96.74860026756662,17.609779935757295,5,4.694538813791297,Moto,Stormy,High,Metropolitian,False,0,1,0,1490.7187372654444,1592.467337533011,Aumento_Velocidade,1
pedido_1486.5237401682155_847,125.74057415655277,106.51400197897209,91.51400197897209,6.615678147308792,15,4.8622110909175795,Moto,Foggy,Medium,Metropolitian,False,0,0,0,1486.5237401682155,1593.0377421471876,Rota_Reduzida,1
pedido_1447.1284802554233_824,134.51104555526933,136.60235231925037,136.60235231925037,14.778739602248981,10,4.80648290272919,Van,Sandstorms,High,Metropolitian,False,0,1,0,1447.1284802554233,1593.7308325746735,Nenhuma,0
pedido_1455.5797803919031_829,141.28676761886373,143.83432260298352,128.83432260298352,13.557446615673825,10,4.744606367917799,Moto,Foggy,High,Metropolitian,False,0,1,0,1455.5797803919031,1594.4141029948867,Aumento_Velocidade,0
pedido_1476.754517116149_842,133.60637322109795,125.23108453401505,110.23108453401505,3.6912839480993713,15,4.862419295942381,Scooter,Windy,Medium,Metropolitian,False,0,0,0,1476.754517116149,1601.985601650164,Rota_Reduzida,1
pedido_1460.724196817594_832,155.9664119947338,152.18246371197813,137.18246371197813,12.176725031225338,5,4.538509118901976,Moto,Foggy,Jam,Metropolitian,True,0,1,0,1460.724196817594,1602.906660529572,Aumento_Velocidade,0
pedido_1485.8205910621753_846,136.2875146519965,129.97211824003213,114.97211824003213,15.817064252235465,5,4.889859188955376,Moto,Sandstorms,Medium,Metropolitian,False,0,0,0,1485.8205910621753,1605.7927093022074,Rota_Reduzida,1
pedido_1442.3921673781526_819,178.64119323461597,176.08463264708422,161.08463264708422,3.6538977663209744,5,4.380813410082462,Scooter,Foggy,High,Urban,False,0,1,0,1442.3921673781526,1608.4768000252368,Aumento_Velocidade,0
pedido_1443.6590873186703_821,188.72963776731996,176.00884032162227,161.00884032162227,0.6529689880145595,5,4.427852180370123,Scooter,Sunny,High,Urban,False,0,1,1,1443.6590873186703,1609.6679276402926,Aumento_Velocidade,0
pedido_1498.8699738799903_858,95.83018223132427,103.50761145738967,103.50761145738967,2.4809346497767826,10,4.56791518535457,Van,Sunny,High,Metropolitian,False,0,1,1,1498.8699738799903,1612.37758533738,Nenhuma,1
pedido_1495.0056449482213_854,130.6945470809303,120.16878537905001,105.16878537905001,2.738362497726809,15,4.719443261612111,Moto,Sandstorms,High,Metropolitian,True,0,1,0,1495.0056449482213,1615.1744303272712,Aumento_Velocidade,1
pedido_1443.8895705333302_822,188.58980840976363,173.92507758181196,158.92507758181196,14.928579339423017,15,4.436344721251559,Scooter,Windy,Medium,Metropolitian,False,0,0,0,1443.8895705333302,1617.8146481151423,Rota_Reduzida,0
pedido_1499.3411653031012_859,133.57019960096127,119.17635780743817,104.17635780743817,2.6181616304267092,15,4.721033546013108,Moto,Windy,Medium,Metropolitian,False,0,0,0,1499.3411653031012,1618.5175231105393,Rota_Reduzida,1
pedido_1492.1132329123507_851,134.16818786371908,137.10617067431164,122.10617067431164,13.30171247604071,10,4.840648487508923,Scooter,Stormy,Jam,Urban,False,0,1,0,1492.1132329123507,1624.2194035866623,Aumento_Velocidade,0
pedido_1498.8644336828704_857,132.5995064518903,138.698873979402,123.69887397940201,15.248634289789303,5,5.0,Scooter,Stormy,High,Metropolitian,False,0,1,0,1498.8644336828704,1627.5633076622723,Aumento_Velocidade,0
pedido_1489.904130312456_848,145.87083123744094,150.60414059091465,135.60414059091465,16.40824275945765,5,5.0,Scooter,Foggy,Medium,Metropolitian,True,0,0,0,1489.904130312456,1630.5082709033704,Rota_Reduzida,0
pedido_1492.4218403053032_852,141.277858836735,146.25603040844976,131.25603040844976,16.372864154528123,10,4.566917684445517,Moto,Foggy,High,Urban,False,0,1,0,1492.4218403053032,1633.677870713753,Aumento_Velocidade,0
pedido_1501.790821732038_860,175.80930449092418,149.27612711880928,129.27612711880928,5.719307079028003,10,4.41978462812765,Scooter,Sandstorms,High,Semi-Urban,True,0,1,0,1501.790821732038,1641.0669488508472,Rota_Reduzida,0
pedido_1497.6395769160242_855,186.70159851197252,177.4126334200018,162.4126334200018,10.640114821583015,15,4.335299774205051,Moto,Foggy,High,Metropolitian,True,0,1,0,1497.6395769160242,1675.052210336026,Aumento_Velocidade,0
pedido_2914.626355230218_19,95.7464107889051,72.8496507069743,57.8496507069743,2.8204131805715353,10,4.53195383645676,Moto,Sunny,Medium,Urban,False,0,0,1,2914.626355230218,2982.4760059371924,Rota_Reduzida,1
pedido_2893.625351363392_10,124.88630376556037,90.67838968970021,75.67838968970021,1.557103065777524,15,5.0,Scooter,Foggy,Medium,Metropolitian,False,0,0,0,2893.625351363392,2984.303741053092,Rota_Reduzida,1
pedido_2891.4957644510605_6,142.2548310866153,105.75905150055783,90.75905150055783,17.949535142257858,5,4.629754065853591,Scooter,Foggy,High,Metropolitian,False,0,1,0,2891.4957644510605,2987.254815951618,Aumento_Velocidade,1
pedido_2890.5543288809827_5,126.82930615313887,109.70064548906696,94.70064548906696,4.78678544315503,5,4.855840715678682,Moto,Stormy,Jam,Metropolitian,False,0,1,0,2890.5543288809827,2990.2549743700497,Aumento_Velocidade,1
pedido_2943.218549459683_45,46.79147539914019,38.28780138827326,38.28780138827326,12.825118200863825,10,4.817543568765969,Moto,Sandstorms,High,Metropolitian,False,1,1,0,2943.218549459683,2991.506350847956,Nenhuma,1
pedido_2880.908548481814_0,124.87481172481813,101.9829138475325,101.9829138475325,0.0,15,4.7503977348894395,Van,Foggy,Medium,Metropolitian,True,0,0,0,2880.908548481814,2997.8914623293463,Nenhuma,1
pedido_2889.1835570769813_4,131.97622244426435,125.53690206045857,110.53690206045857,2.6523958684755575,5,4.857223485538054,Scooter,Foggy,High,Metropolitian,True,0,1,0,2889.1835570769813,3004.72045913744,Aumento_Velocidade,1
pedido_2896.1772459497215_11,129.86998711995074,113.03951649632148,98.03951649632148,9.625792953622671,15,4.519894929308956,Moto,Windy,Jam,Metropolitian,False,0,1,0,2896.1772459497215,3009.216762446043,Aumento_Velocidade,1
pedido_2933.0140569387645_33,96.30006755880163,76.74876993372155,76.74876993372155,8.524059330084436,5,4.800511482267165,Van,Sunny,Medium,Urban,False,0,0,1,2933.0140569387645,3014.762826872486,Nenhuma,1
pedido_2932.807395718966_32,103.76098934040527,86.97212855152439,71.97212855152439,10.380620751868506,10,4.616081885274268,Moto,Sunny,Medium,Urban,True,0,0,1,2932.807395718966,3014.77952427049,Rota_Reduzida,1
pedido_2886.802257875865_2,128.28734214247,138.04819232847447,123.04819232847447,5.526641286584804,5,4.630600378220929,Moto,Sandstorms,Jam,Metropolitian,False,0,1,0,2886.802257875865,3014.8504502043397,Aumento_Velocidade,0
pedido_2936.359608875252_39,94.47092878631679,84.43668543018036,69.43668543018036,3.619805658098394,10,4.7616645656849785,Scooter,Sunny,Medium,Metropolitian,False,0,0,1,2936.359608875252,3015.796294305432,Rota_Reduzida,1
pedido_2892.7310791535288_9,123.11791832226211,134.45235127589126,119.45235127589126,3.2761865227108635,5,4.54071200548055,Moto,Sandstorms,Jam,Metropolitian,False,0,1,0,2892.7310791535288,3017.18343042942,Aumento_Velocidade,1
pedido_2892.6475764425827_7,120.78812879655257,114.63966332158572,114.63966332158572,18.349996266441963,10,4.637311096947714,Moto,Sunny,Low,Metropolitian,False,0,0,1,2892.6475764425827,3017.2872397641686,Nenhuma,1
pedido_2900.273332156971_13,131.78534608617304,130.37107716776325,115.37107716776325,2.2148683892365835,5,4.6508724060560995,Moto,Sandstorms,High,Metropolitian,False,0,1,0,2900.273332156971,3020.644409324734,Aumento_Velocidade,1
pedido_2916.292677408781_20,125.60117149951513,104.62044884498765,89.62044884498765,3.4877518193785004,15,4.740596449876568,Scooter,Foggy,Medium,Metropolitian,False,0,0,0,2916.292677408781,3020.9131262537685,Rota_Reduzida,1
pedido_2916.903480589376_22,132.37640653175018,112.59806626397652,97.59806626397652,5.216161058904695,10,4.783244273223994,Scooter,Sandstorms,High,Metropolitian,False,0,1,0,2916.903480589376,3024.5015468533525,Aumento_Velocidade,1
pedido_2920.989266143798_25,133.783626981442,113.83825931687923,98.83825931687923,13.00133665301437,5,4.591453305103944,Moto,Windy,High,Metropolitian,False,0,1,0,2920.989266143798,3024.8275254606774,Aumento_Velocidade,1
pedido_2933.5047682971644_35,101.83865903440335,96.6994302482414,81.6994302482414,12.613658041586566,10,4.929054268066441,Moto,Sunny,High,Metropolitian,False,0,1,1,2933.5047682971644,3025.2041985454057,Aumento_Velocidade,1
pedido_2885.7902432569745_1,142.0808223565322,144.88902227830394,129.88902227830394,18.481710872961298,10,4.716243848647996,Moto,Foggy,High,Metropolitian,False,0,1,0,2885.7902432569745,3025.6792655352783,Aumento_Velocidade,0
pedido_2911.9447593203445_16,144.43782311561392,119.26510433515821,104.26510433515821,13.12962560120183,10,4.519328768866689,Moto,Sandstorms,Jam,Metropolitian,True,0,1,0,2911.9447593203445,3026.209863655503,Aumento_Velocidade,1
pedido_2980.356401427222_70,39.35860429628972,41.04698026267185,41.04698026267185,15.318809059514509,5,4.718522137048983,Moto,Sunny,High,Metropolitian,False,1,1,1,2980.356401427222,3026.4033816898936,Nenhuma,1
pedido_2918.8110515254534_23,137.98688202835197,117.7297664007877,102.7297664007877,22.46432926770025,5,5.0,Moto,Sandstorms,High,Metropolitian,False,0,1,0,2918.8110515254534,3026.5408179262413,Aumento_Velocidade,1
pedido_2907.877488046742_14,134.6529379302056,119.28732247413231,104.28732247413231,12.435573761277457,15,4.636262629349218,Moto,Stormy,Jam,Metropolitian,False,0,1,0,2907.877488046742,3027.1648105208747,Aumento_Velocidade,1
pedido_2897.6162609173425_12,139.66215885312468,143.21128485383207,128.21128485383207,15.784018252740836,5,4.970690231606656,Moto,Windy,High,Metropolitian,True,0,1,0,2897.6162609173425,3030.8275457711748,Aumento_Velocidade,0
pedido_2927.7245388365213_30,127.24367888595586,104.0989573886112,89.0989573886112,5.511986527992943,15,4.7820354492480055,Moto,Stormy,Jam,Metropolitian,False,0,1,0,2927.7245388365213,3031.8234962251327,Aumento_Velocidade,1
pedido_2912.923989097854_17,124.91520086839648,125.7608288459169,110.7608288459169,3.088612469732217,10,4.499249345381251,Moto,Stormy,High,Metropolitian,False,0,1,0,2912.923989097854,3033.6848179437707,Aumento_Velocidade,1
pedido_2916.697855478338_21,127.78624168431163,117.0783796530836,102.0783796530836,0.0,15,4.570931270359053,Moto,Foggy,Jam,Metropolitian,False,0,1,0,2916.697855478338,3033.776235131422,Aumento_Velocidade,1
pedido_2918.929186545865_24,117.23294573668609,107.79752953378471,107.79752953378471,20.899001564129556,10,4.596452214769192,Scooter,Sunny,Low,Urban,True,0,0,1,2918.929186545865,3036.7267160796496,Nenhuma,1
pedido_2993.800616663614_79,45.623809052926525,38.216221772383896,38.216221772383896,3.8503561625833145,5,4.935292851515236,Scooter,Sandstorms,High,Metropolitian,True,1,1,0,2993.800616663614,3037.016838435998,Nenhuma,1
pedido_2941.4234694484276_43,102.52788026690466,100.79566189230597,85.79566189230597,16.69080705553274,10,5.0,Moto,Sunny,High,Metropolitian,False,0,1,1,2941.4234694484276,3037.2191313407334,Aumento_Velocidade,1
pedido_2961.368007660558_60,102.77940073594613,81.09005175857993,66.09005175857993,5.61974332362647,10,5.0,Moto,Sunny,Jam,Metropolitian,True,0,1,1,2961.368007660558,3037.458059419138,Aumento_Velocidade,1
pedido_2957.4765511699093_57,99.5787048972448,80.23773039956976,65.23773039956976,5.250059115009581,15,4.503408412703437,Scooter,Sunny,Medium,Metropolitian,True,0,0,1,2957.4765511699093,3037.714281569479,Rota_Reduzida,1
pedido_2939.964586764183_41,127.23676774088358,99.87852358953774,84.87852358953774,3.3952667585065823,15,4.829982855690957,Scooter,Windy,Jam,Metropolitian,False,0,1,0,2939.964586764183,3039.8431103537205,Aumento_Velocidade,1
pedido_2923.522072560924_26,138.62641959612492,122.27786434337236,107.27786434337236,18.931844767625627,10,5.0,Moto,Sandstorms,Medium,Metropolitian,False,0,0,0,2923.522072560924,3040.7999369042964,Rota_Reduzida,1
pedido_2946.556416141409_49,130.15165249681087,95.36444926908484,80.36444926908484,5.832180074493152,15,4.813586427426967,Moto,Sandstorms,High,Metropolitian,True,0,1,0,2946.556416141409,3041.920865410494,Aumento_Velocidade,1
pedido_2933.1326948742358_34,130.77464878307057,114.21919186018928,99.21919186018928,5.664057010631285,15,4.718371640612367,Scooter,Windy,High,Urban,False,0,1,0,2933.1326948742358,3047.351886734425,Aumento_Velocidade,1
pedido_2973.639621370331_65,101.32538225821338,73.81606300036981,58.81606300036981,11.538319433888818,15,4.669285948539909,Moto,Sunny,High,Metropolitian,False,0,1,1,2973.639621370331,3047.455684370701,Aumento_Velocidade,1
pedido_2943.309418436697_46,137.11224460204926,115.62881774047737,100.62881774047737,14.582810475972495,5,4.616913024101491,Moto,Windy,Medium,Metropolitian,True,0,0,0,2943.309418436697,3048.938236177174,Rota_Reduzida,1
pedido_2924.5684081097947_28,134.15263375981826,125.67401984286076,110.67401984286076,9.739194530896153,15,4.699432974958716,Scooter,Sandstorms,Medium,Metropolitian,False,0,0,0,2924.5684081097947,3050.2424279526554,Rota_Reduzida,1
pedido_2923.6009446228054_27,133.29489237256897,127.42298935169512,112.42298935169512,11.724574696844561,15,4.770641131397424,Scooter,Windy,High,Metropolitian,False,0,1,0,2923.6009446228054,3051.0239339745003,Aumento_Velocidade,1
pedido_2934.7910012050816_36,134.01173920623864,121.27238080024776,106.27238080024776,3.7764182086441105,10,4.888619873708079,Scooter,Foggy,High,Urban,False,0,1,0,2934.7910012050816,3051.0633820053295,Aumento_Velocidade,1
pedido_2889.151327594101_3,175.3003751549507,162.40144344069722,147.40144344069722,5.322651846579448,15,4.3447541007073145,Scooter,Windy,Medium,Metropolitian,False,0,0,0,2889.151327594101,3051.5527710347983,Rota_Reduzida,0
pedido_2909.0780232181714_15,169.0929187714829,150.48908768185882,135.48908768185882,1.0838586185152757,10,4.407228484119776,Moto,Windy,High,Urban,True,0,1,0,2909.0780232181714,3054.5671109000305,Aumento_Velocidade,0
pedido_2948.3760352847544_50,126.48885661689617,106.63326869561018,91.63326869561018,1.6740656875753515,15,4.47056449346605,Scooter,Foggy,Jam,Metropolitian,False,0,1,0,2948.3760352847544,3055.0093039803646,Aumento_Velocidade,1
pedido_2935.9952343386353_38,127.54699421235553,129.54792205565857,114.54792205565857,3.901766292554403,5,4.892845771617205,Moto,Sandstorms,Jam,Metropolitian,True,0,1,0,2935.9952343386353,3055.543156394294,Aumento_Velocidade,1
pedido_2958.22671933244_58,97.3642207111903,84.19717898550867,84.19717898550867,7.9414290502552385,15,4.917209273581509,Van,Sunny,Low,Metropolitian,False,0,0,1,2958.22671933244,3057.423898317949,Nenhuma,1
pedido_2948.4788986932185_51,135.62668032694182,114.34278950920529,99.34278950920529,10.153511784970135,10,4.8257002140647955,Moto,Windy,High,Urban,False,0,1,0,2948.4788986932185,3057.821688202424,Aumento_Velocidade,1
pedido_2967.892365765291_61,105.77175255430117,75.02371446432048,75.02371446432048,17.609705046950438,15,4.721993222465554,Scooter,Windy,Low,Metropolitian,True,0,0,0,2967.892365765291,3057.9160802296115,Nenhuma,1
pedido_2971.6008819464764_63,98.37308412619393,76.88896461690216,76.88896461690216,8.438622914111615,10,4.961153227999439,Moto,Foggy,Low,Metropolitian,False,0,0,0,2971.6008819464764,3058.4898465633787,Nenhuma,1
pedido_2935.6959210082605_37,140.89819328805015,128.5480014093483,113.5480014093483,13.886603309744384,10,4.947783811258159,Moto,Sandstorms,Jam,Metropolitian,False,0,1,0,2935.6959210082605,3059.2439224176087,Aumento_Velocidade,1
pedido_3025.7292687532304_107,38.37752463130171,23.935427446460167,23.935427446460167,6.568240205998578,10,4.7544753173544985,Moto,Sunny,High,Metropolitian,False,1,1,1,3025.7292687532304,3059.6646961996908,Nenhuma,1
pedido_2940.9687467941344_42,127.88288454076117,129.17641238847335,114.17641238847335,2.7387711028151567,5,4.5539209913742935,Moto,Stormy,High,Metropolitian,True,0,1,0,2940.9687467941344,3060.1451591826076,Aumento_Velocidade,1
pedido_2932.7379527677435_31,142.2548310866153,137.73872651350038,122.73872651350038,17.775205784436753,5,4.629762940688071,Moto,Foggy,High,Metropolitian,False,0,1,0,2932.7379527677435,3060.476679281244,Aumento_Velocidade,0
pedido_2914.6257037412684_18,174.9314636945645,151.84621475378094,136.84621475378094,8.318705953905724,10,4.406000575202896,Moto,Windy,High,Metropolitian,True,0,1,0,2914.6257037412684,3061.471918495049,Aumento_Velocidade,0
pedido_2942.177978245652_44,129.51658640304862,127.39138398059177,112.39138398059177,8.7124965018352,10,4.667177079246541,Scooter,Windy,Jam,Metropolitian,False,0,1,0,2942.177978245652,3064.569362226244,Aumento_Velocidade,1
pedido_3003.81290195605_92,46.05500508264111,46.1011790365322,46.1011790365322,16.647216070530302,15,5.0,Moto,Sandstorms,Jam,Metropolitian,False,1,1,0,3003.81290195605,3064.9140809925825,Nenhuma,1
pedido_2945.632849633809_48,130.1646528332808,121.65134633464623,106.65134633464623,9.950370859735344,15,4.573089727145947,Moto,Stormy,High,Metropolitian,False,0,1,0,2945.632849633809,3067.2841959684556,Aumento_Velocidade,1
pedido_2939.755237653696_40,132.38429434347648,117.53068781345354,117.53068781345354,7.169668797463298,10,4.543886318062452,Van,Stormy,Medium,Metropolitian,False,0,0,0,2939.755237653696,3067.2859254671494,Nenhuma,1
pedido_2949.727826052797_52,134.20702046845372,123.5317651063396,108.5317651063396,14.492972331096496,10,4.732032940865754,Scooter,Sandstorms,High,Urban,False,0,1,0,2949.727826052797,3068.2595911591366,Aumento_Velocidade,1
pedido_3002.985623167395_91,94.73078985735417,51.2029610113037,51.2029610113037,1.8345584881265529,15,4.914626056177172,Scooter,Sunny,Low,Metropolitian,True,0,0,1,3002.985623167395,3069.1885841786984,Nenhuma,1
pedido_2958.5029099480857_59,140.4871397671035,120.85559322991688,105.85559322991688,14.73536712957895,10,4.757387195920315,Scooter,Foggy,High,Metropolitian,False,0,1,0,2958.5029099480857,3074.3585031780026,Aumento_Velocidade,1
pedido_2956.2390141483143_56,134.7347176470133,123.42752024628408,108.42752024628408,12.804921993358988,10,4.868009540552604,Moto,Sandstorms,High,Metropolitian,False,0,1,0,2956.2390141483143,3074.6665343945983,Aumento_Velocidade,1
pedido_2950.503199870283_53,141.67887272572975,126.9922172193314,111.9922172193314,14.413231771303778,15,5.0,Scooter,Foggy,High,Metropolitian,False,0,1,0,2950.503199870283,3077.4954170896144,Aumento_Velocidade,1
pedido_2953.642842106633_55,133.07126001347388,124.81989215897448,109.81989215897448,13.787760478732338,15,4.7227133033712185,Scooter,Stormy,Jam,Urban,False,0,1,0,2953.642842106633,3078.4627342656077,Aumento_Velocidade,1
pedido_2892.7094225673927_8,195.60362574721748,196.14576177374698,181.14576177374698,3.2481296026748105,5,4.347948497951651,Moto,Sunny,High,Metropolitian,False,0,1,1,2892.7094225673927,3078.8551843411396,Aumento_Velocidade,0
pedido_2999.6951539060856_88,101.62886116662526,85.90664116027709,70.90664116027709,12.943874745225793,10,4.668610831365617,Scooter,Sunny,High,Urban,False,0,1,1,2999.6951539060856,3080.6017950663627,Aumento_Velocidade,1
pedido_2989.0832763848803_77,100.96938156500858,86.93046829898582,86.93046829898582,5.929582423703562,5,4.734604356084759,Moto,Sandstorms,Low,Urban,False,0,0,0,2989.0832763848803,3081.013744683866,Nenhuma,1
pedido_3000.4400436679243_89,94.87554004418845,94.4317854442615,79.4317854442615,1.6721026916550743,5,4.912812101590578,Moto,Sunny,High,Metropolitian,False,0,1,1,3000.4400436679243,3084.871829112186,Aumento_Velocidade,1
pedido_2985.777864597686_73,96.20835776886345,85.02895320329574,85.02895320329574,5.67828740531991,15,4.640872144855988,Moto,Sunny,Low,Other,True,0,0,1,2985.777864597686,3085.8068178009817,Nenhuma,1
pedido_2979.873114589343_69,136.18362010567364,106.85729031828585,91.85729031828585,11.80653913685417,15,5.0,Moto,Windy,Medium,Metropolitian,False,0,0,0,2979.873114589343,3086.730404907629,Rota_Reduzida,1
pedido_2926.4300036060295_29,177.76077578836538,170.55827819277206,155.55827819277206,5.812992125807957,10,4.431352244958007,Scooter,Sandstorms,Jam,Metropolitian,False,0,1,0,2926.4300036060295,3091.9882817988014,Aumento_Velocidade,0
pedido_2988.015310261365_76,132.1512012648348,105.12157483241299,90.12157483241299,8.377985440891752,15,4.6058063835718075,Moto,Stormy,Medium,Metropolitian,False,0,0,0,2988.015310261365,3093.136885093778,Rota_Reduzida,1
pedido_3007.663513501268_96,101.55277034005276,74.79256316667991,74.79256316667991,10.155155149033991,15,4.663677317115555,Moto,Stormy,Low,Metropolitian,False,0,0,0,3007.663513501268,3097.456076667948,Nenhuma,1
pedido_2975.1138227790952_66,127.54068791102743,123.81085368869057,108.81085368869057,3.978608280870307,15,4.836005281927019,Moto,Foggy,Jam,Metropolitian,False,0,1,0,2975.1138227790952,3098.924676467786,Aumento_Velocidade,1
pedido_2986.8397243652253_74,105.50503229483506,100.46611563201972,100.46611563201972,16.453793207945196,15,4.580629597782307,Moto,Windy,Low,Metropolitian,True,0,0,0,2986.8397243652253,3102.305839997245,Nenhuma,1
pedido_2951.5247244804154_54,173.93234555143184,156.3229747899765,141.3229747899765,1.6146686413763187,10,4.422154106891564,Moto,Stormy,Jam,Metropolitian,False,0,1,0,2951.5247244804154,3102.847699270392,Aumento_Velocidade,0
pedido_2972.311095604084_64,128.14531783803307,142.18088350827955,127.18088350827955,2.357646701998806,5,4.541680701909822,Scooter,Windy,High,Metropolitian,False,0,1,0,2972.311095604084,3104.491979112364,Aumento_Velocidade,0
pedido_2996.4611040857553_86,128.35974406958636,114.23948445044434,99.23948445044434,5.670094299319931,10,4.735127754796082,Scooter,Stormy,High,Metropolitian,False,0,1,0,2996.4611040857553,3105.7005885361996,Aumento_Velocidade,1
pedido_2987.0396466606435_75,126.06120859913533,130.1097584469542,115.1097584469542,7.552693038603891,5,4.714927138930391,Scooter,Foggy,Medium,Metropolitian,False,0,0,0,2987.0396466606435,3107.149405107598,Rota_Reduzida,1
pedido_2993.8938164168494_80,140.7282343202478,114.85920359640019,99.85920359640019,17.664809972573575,15,4.582857801833298,Scooter,Windy,Jam,Metropolitian,True,0,1,0,2993.8938164168494,3108.7530200132496,Aumento_Velocidade,1
pedido_3018.9477578512247_105,98.90884907823967,99.9531778232197,84.9531778232197,6.624378450359305,5,4.631267141064082,Scooter,Sunny,Jam,Metropolitian,False,0,1,1,3018.9477578512247,3108.9009356744446,Aumento_Velocidade,1
pedido_2994.089982397414_82,135.17790609396323,120.69993805484066,105.69993805484066,18.88700408014038,10,4.608855485850897,Moto,Sandstorms,High,Metropolitian,True,0,1,0,2994.089982397414,3109.7899204522546,Aumento_Velocidade,1
pedido_2985.6472158950914_72,136.80488558270272,127.44047798868596,112.44047798868596,11.317354795116545,15,4.662579283781373,Scooter,Sandstorms,Medium,Urban,False,0,0,0,2985.6472158950914,3113.0876938837773,Rota_Reduzida,1
pedido_2968.119459208391_62,151.02971091692942,151.3942435986445,136.3942435986445,16.355141820493234,10,4.5761700479031795,Moto,Foggy,Jam,Urban,False,0,1,0,2968.119459208391,3114.5137028070358,Aumento_Velocidade,0
pedido_2979.5809091988385_68,150.480289017784,136.28332667405394,121.28332667405394,12.373412835302982,15,4.676843499080922,Moto,Foggy,Jam,Metropolitian,False,0,1,0,2979.5809091988385,3115.8642358728926,Aumento_Velocidade,0
pedido_2996.0975506641134_85,120.35610629725981,114.99729665343473,114.99729665343473,15.597574875181568,5,4.57205906959216,Moto,Sunny,Low,Metropolitian,False,0,0,1,2996.0975506641134,3116.094847317548,Nenhuma,1
pedido_2998.665920060924_87,124.75989381478189,121.39275982413423,106.39275982413423,2.360258565500098,15,4.649785846757815,Scooter,Foggy,Medium,Metropolitian,False,0,0,0,2998.665920060924,3120.058679885058,Rota_Reduzida,1
pedido_3006.475527689075_95,104.10622588176233,104.48815987897049,104.48815987897049,11.964285604591241,10,4.836172013412109,Moto,Windy,Low,Urban,False,0,0,0,3006.475527689075,3120.9636875680458,Nenhuma,1
pedido_3014.621487334491_102,126.58681308644648,117.99005454223663,102.99005454223663,2.024490352517048,5,4.722642441769813,Scooter,Windy,Jam,Urban,False,0,1,0,3014.621487334491,3122.6115418767276,Aumento_Velocidade,1
pedido_2994.0843739063534_81,135.085245596936,133.94573917071403,118.94573917071403,18.06670392482635,10,4.776734799222122,Moto,Sandstorms,High,Metropolitian,False,0,1,0,2994.0843739063534,3123.0301130770677,Aumento_Velocidade,1
pedido_3002.0615983042385_90,135.78937388233808,133.94556242377885,118.94556242377885,6.450541736078447,5,4.751035847001303,Moto,Windy,Medium,Metropolitian,False,0,0,0,3002.0615983042385,3126.0071607280174,Rota_Reduzida,1
pedido_2992.7413375055967_78,127.68098561990368,129.51708858720127,129.51708858720127,4.427368366760364,5,4.5067197526739236,Van,Windy,High,Metropolitian,True,0,1,0,2992.7413375055967,3127.258426092798,Nenhuma,0
pedido_3004.1523622410527_93,135.58933855345487,134.1237854850437,119.1237854850437,14.158968322373966,5,4.706916649585152,Moto,Windy,High,Urban,True,0,1,0,3004.1523622410527,3128.2761477260965,Aumento_Velocidade,1
pedido_3009.450460662335_98,140.19943154947018,119.3934403388663,104.3934403388663,15.199371312525985,15,4.857509100354098,Scooter,Foggy,High,Metropolitian,False,0,1,0,3009.450460662335,3128.843901001201,Aumento_Velocidade,1
pedido_3026.7368961428697_108,129.97929613026042,103.03255806272952,88.03255806272952,4.743243321030183,15,4.558606902937824,Moto,Sandstorms,High,Metropolitian,True,0,1,0,3026.7368961428697,3129.7694542055992,Aumento_Velocidade,1
pedido_2995.4136196358886_84,140.23541902215143,140.27024517689335,125.27024517689335,13.909786047245024,10,4.867186398592741,Scooter,Foggy,High,Metropolitian,False,0,1,0,2995.4136196358886,3130.683864812782,Aumento_Velocidade,0
pedido_2994.720709035442_83,136.45112207942776,141.04113208405963,126.04113208405963,6.283843202168163,10,4.729636212242115,Scooter,Windy,Medium,Metropolitian,True,0,0,0,2994.720709035442,3130.7618411195012,Rota_Reduzida,0
pedido_3015.4913484706644_103,141.67941332302524,120.57750342567095,105.57750342567095,14.884842272825782,10,4.502958641000253,Moto,Foggy,Medium,Metropolitian,False,0,0,0,3015.4913484706644,3131.068851896335,Rota_Reduzida,1
pedido_3017.0538286662318_104,137.11224460204926,115.24354715657509,100.24354715657509,15.59300216010143,15,4.642672637222493,Moto,Windy,Medium,Metropolitian,True,0,0,0,3017.0538286662318,3132.2973758228068,Rota_Reduzida,1
pedido_2945.5332613657497_47,162.39393991073413,171.97988925215313,171.97988925215313,14.083321323352045,15,4.272336096395954,Moto,Stormy,Low,Metropolitian,False,0,0,0,2945.5332613657497,3132.5131506179027,Nenhuma,0
pedido_3046.183258661745_116,110.03936065468092,99.00665982688675,84.00665982688675,13.987836490595766,5,4.803957669866835,Moto,Sunny,Jam,Metropolitian,True,0,1,1,3046.183258661745,3135.189918488632,Aumento_Velocidade,1
pedido_2982.600313303675_71,181.1391081655603,164.3370169205432,144.3370169205432,15.817283545243281,10,4.416810058403881,Scooter,Sandstorms,Jam,Other,False,0,1,0,2982.600313303675,3136.9373302242184,Rota_Reduzida,0
pedido_3009.6526622988686_99,128.16847489935887,122.92034775319405,122.92034775319405,3.2212223829587585,5,4.785237763818239,Van,Stormy,High,Metropolitian,True,0,1,0,3009.6526622988686,3137.5730100520627,Nenhuma,0
pedido_3060.251781606566_128,97.73645979857947,87.57758954441745,72.57758954441745,5.242781477909673,5,4.825680615834615,Moto,Sunny,High,Metropolitian,False,0,1,1,3060.251781606566,3137.8293711509837,Aumento_Velocidade,1
pedido_3008.4925051687096_97,137.08587988469804,135.82803460036067,120.82803460036067,16.95218306964744,10,5.0,Moto,Windy,High,Metropolitian,False,0,1,0,3008.4925051687096,3139.3205397690704,Aumento_Velocidade,0
pedido_3097.6254605558684_156,61.200048971973615,42.91043160836365,27.910431608363652,3.455421189579715,15,4.339951208553606,Moto,Sandstorms,High,Metropolitian,True,1,1,0,3097.6254605558684,3140.535892164232,Aumento_Velocidade,1
pedido_3010.9913498501396_100,127.2412030103888,129.5820321129947,114.58203211299471,5.448439440728117,15,4.5954790584500715,Scooter,Stormy,High,Metropolitian,False,0,1,0,3010.9913498501396,3140.573381963134,Aumento_Velocidade,1
pedido_3062.8543938553253_129,103.48498466186348,88.62195120848631,73.62195120848631,21.357052627232697,5,4.582266150283098,Moto,Sunny,High,Urban,False,0,1,1,3062.8543938553253,3141.4763450638116,Aumento_Velocidade,1
pedido_3037.349660489661_109,100.91124785665357,91.36692038793512,91.36692038793512,4.834247866878448,15,5.0,Moto,Stormy,Low,Urban,True,0,0,0,3037.349660489661,3143.7165808775962,Nenhuma,1
pedido_3042.400766636796_113,123.1981143725682,111.72812650865855,91.72812650865855,9.313765289208195,10,4.986412126049268,Scooter,Stormy,High,Other,False,0,1,0,3042.400766636796,3144.1288931454546,Rota_Reduzida,1
pedido_3014.5356915236084_101,133.99354993689516,141.5068507593358,126.5068507593358,9.424026494271573,5,4.817099222315098,Scooter,Sandstorms,Medium,Metropolitian,False,0,0,0,3014.5356915236084,3146.0425422829444,Rota_Reduzida,0
pedido_3039.9751734226893_111,104.10475800927355,91.22486467134209,91.22486467134209,14.265563846029895,15,4.737125989381071,Van,Sandstorms,Low,Metropolitian,True,0,0,0,3039.9751734226893,3146.2000380940312,Nenhuma,1
pedido_3045.9614702971776_115,112.76712520313414,112.58478897313259,97.58478897313259,13.005507991742096,5,4.506367635083349,Moto,Sunny,Jam,Metropolitian,False,0,1,1,3045.9614702971776,3148.54625927031,Aumento_Velocidade,1
pedido_2975.3908733764183_67,196.85673323920074,185.00675812044244,170.00675812044244,21.72589917301006,5,4.445905775703449,Moto,Sandstorms,Jam,Metropolitian,False,0,1,0,2975.3908733764183,3150.397631496861,Aumento_Velocidade,0
pedido_3025.2400563480187_106,136.2515036393635,137.3330708089652,122.3330708089652,19.270418185109907,5,4.897030387501315,Scooter,Windy,Medium,Urban,False,0,0,0,3025.2400563480187,3152.573127156984,Rota_Reduzida,0
pedido_3038.309222745955_110,127.87984620643726,125.17747323583586,110.17747323583586,1.4046036769221995,5,4.831759257197173,Moto,Foggy,Jam,Metropolitian,False,0,1,0,3038.309222745955,3153.486695981791,Aumento_Velocidade,1
pedido_3049.8475855036513_119,107.78080294969345,114.28405492069353,99.28405492069353,16.230789358223216,5,4.713136030266172,Moto,Sunny,Medium,Metropolitian,True,0,0,1,3049.8475855036513,3154.131640424345,Rota_Reduzida,1
pedido_3065.6610807262296_132,101.86332648589489,96.4013168587972,81.4013168587972,13.545558469010999,10,4.630896614686255,Scooter,Sunny,High,Metropolitian,False,0,1,1,3065.6610807262296,3157.0623975850267,Aumento_Velocidade,1
pedido_3106.5161836123675_165,43.51538800054836,36.552246695348174,36.552246695348174,14.313416780046115,15,4.837141839378812,Moto,Stormy,High,Metropolitian,False,1,1,0,3106.5161836123675,3158.0684303077155,Nenhuma,1
pedido_3055.1392858961576_124,133.71491579737727,104.97797020116724,89.97797020116724,19.50195478115301,15,4.797449247795856,Moto,Stormy,Medium,Metropolitian,False,0,0,0,3055.1392858961576,3160.117256097325,Rota_Reduzida,1
pedido_3064.167413813229_131,99.32886703414108,93.893831958767,93.893831958767,8.55193200523589,5,4.585704684449574,Scooter,Foggy,Low,Metropolitian,True,0,0,0,3064.167413813229,3163.061245771996,Nenhuma,1
pedido_3053.884487605589_123,130.26431762061853,109.97298849795584,94.97298849795584,3.942124221587628,15,5.0,Moto,Stormy,Medium,Metropolitian,True,0,0,0,3053.884487605589,3163.857476103545,Rota_Reduzida,1
pedido_3058.17718305563_126,128.1243542344259,116.06137956984591,101.06137956984591,10.067245204760468,5,4.4899336835490855,Moto,Stormy,High,Metropolitian,False,0,1,0,3058.17718305563,3164.238562625476,Aumento_Velocidade,1
pedido_3058.79388063275_127,137.0401775347903,116.22205738348013,101.22205738348013,5.244580712376602,5,4.787567770624033,Scooter,Windy,Medium,Urban,False,0,0,0,3058.79388063275,3165.0159380162304,Rota_Reduzida,1
pedido_3040.275660387423_112,128.83702044747974,131.62755212966653,116.62755212966653,13.918846061115195,10,4.762382021853955,Moto,Stormy,High,Metropolitian,False,0,1,0,3040.275660387423,3166.9032125170897,Aumento_Velocidade,1
pedido_3075.443759483996_138,130.9732445577187,92.86084712102388,77.86084712102388,6.059416403356656,15,4.531999989961387,Scooter,Foggy,High,Metropolitian,True,0,1,0,3075.443759483996,3168.30460660502,Aumento_Velocidade,1
pedido_3049.1117253176303_118,130.6821872045494,112.97301153121325,112.97301153121325,6.444968000140435,10,4.786140810422708,Van,Foggy,Jam,Metropolitian,True,0,1,0,3049.1117253176303,3172.0847368488435,Nenhuma,1
pedido_3072.7292906168886_135,124.91753633274192,100.5827248635182,85.5827248635182,0.614112786347401,15,4.5757500059209795,Moto,Sandstorms,Jam,Urban,False,0,1,0,3072.7292906168886,3173.312015480407,Aumento_Velocidade,1
pedido_3105.1625270692102_162,94.20773221615744,75.70638708699288,60.706387086992876,6.451107636326026,10,4.568562659508799,Scooter,Sunny,Medium,Urban,False,0,0,1,3105.1625270692102,3175.868914156203,Rota_Reduzida,1
pedido_3067.011018643767_134,133.34827932308463,114.77117259684071,99.77117259684071,7.76274764175419,10,4.714752743676484,Scooter,Foggy,High,Metropolitian,False,0,1,0,3067.011018643767,3176.7821912406075,Aumento_Velocidade,1
pedido_3048.4046049207473_117,138.46641522191248,133.6771930801721,118.67719308017209,14.874059140787748,10,4.54171056355627,Moto,Stormy,Jam,Urban,False,0,1,0,3048.4046049207473,3177.081798000919,Aumento_Velocidade,1
pedido_3066.218007358176_133,132.06234873211497,115.13408176522427,100.13408176522427,6.277190834857098,15,4.76445885993269,Moto,Sandstorms,High,Urban,False,0,1,0,3066.218007358176,3181.3520891234,Aumento_Velocidade,1
pedido_3105.112526753048_161,104.39930465585721,81.9853974442569,66.9853974442569,17.0328872945222,10,4.942318534458285,Moto,Sunny,High,Metropolitian,True,0,1,1,3105.112526753048,3182.0979241973046,Aumento_Velocidade,1
pedido_3074.620412429706_137,104.00766451818005,93.52400130669679,93.52400130669679,16.779022060519207,15,4.526884165911469,Moto,Windy,Low,Urban,False,0,0,0,3074.620412429706,3183.144413736403,Nenhuma,1
pedido_3056.1949363290423_125,130.41719925368204,126.97304365179033,111.97304365179033,0.9657924995056151,15,4.945541142847945,Scooter,Sandstorms,High,Urban,True,0,1,0,3056.1949363290423,3183.1679799808326,Aumento_Velocidade,1
pedido_3074.317504499312_136,132.62410172513793,111.24655778934178,96.24655778934178,4.325768813501389,15,4.497562408610944,Moto,Foggy,High,Metropolitian,False,0,1,0,3074.317504499312,3185.5640622886535,Aumento_Velocidade,1
pedido_3079.8242118950943_142,133.8603358861522,110.27110953953346,95.27110953953346,5.38156647445856,15,4.749069593313671,Scooter,Foggy,High,Metropolitian,False,0,1,0,3079.8242118950943,3190.0953214346277,Aumento_Velocidade,1
pedido_3053.497698806055_122,130.83341167961183,141.88346252511343,126.88346252511343,7.086077683460445,10,4.556472946123176,Moto,Sandstorms,High,Metropolitian,True,0,1,0,3053.497698806055,3190.381161331168,Aumento_Velocidade,0
pedido_3005.607904228487_94,195.32196546877873,190.13730273722155,175.13730273722155,18.133131758072587,10,4.444610733455496,Moto,Sandstorms,Jam,Metropolitian,False,0,1,0,3005.607904228487,3190.7452069657083,Aumento_Velocidade,0
pedido_3094.152625530742_148,105.52065574401611,107.9000188882182,92.9000188882182,20.107650494901243,5,4.510916312060729,Scooter,Sunny,High,Metropolitian,False,0,1,1,3094.152625530742,3192.0526444189604,Aumento_Velocidade,1
pedido_3063.0296430179383_130,134.20702046845372,134.31281012300204,119.31281012300204,15.959219167855265,10,4.70892764495752,Moto,Sandstorms,High,Metropolitian,False,0,1,0,3063.0296430179383,3192.3424531409405,Aumento_Velocidade,1
pedido_3094.5263722297623_149,124.4591938839851,108.40786317719089,93.40786317719089,5.055748867551652,5,4.5199242201716645,Moto,Stormy,High,Metropolitian,False,0,1,0,3094.5263722297623,3192.934235406953,Aumento_Velocidade,1
pedido_3078.63690718351_141,105.7995819652664,110.63793095591444,110.63793095591444,16.90973634769476,5,4.575962948855721,Scooter,Stormy,Low,Metropolitian,True,0,0,0,3078.63690718351,3194.2748381394244,Nenhuma,1
pedido_3080.709004469717_143,134.20702046845372,114.20223960973786,99.20223960973786,15.794450048483068,15,4.702673138629992,Scooter,Sandstorms,High,Metropolitian,False,0,1,0,3080.709004469717,3194.9112440794547,Aumento_Velocidade,1
pedido_3118.1887062531555_173,96.75969646458327,90.44855321933557,75.44855321933557,7.927998165807425,5,4.500720263056639,Moto,Sunny,Medium,Metropolitian,False,0,0,1,3118.1887062531555,3198.637259472491,Rota_Reduzida,1
pedido_3108.598542655326_167,103.28743445808806,86.22037068902266,86.22037068902266,18.441716810486994,5,4.469097411815324,Van,Stormy,Low,Metropolitian,False,0,0,0,3108.598542655326,3199.818913344349,Nenhuma,1
pedido_3052.181224902138_120,151.8544480696155,157.61047201513404,142.61047201513404,12.984178125530214,10,4.6450640324635835,Scooter,Foggy,Jam,Metropolitian,False,0,1,0,3052.181224902138,3204.791696917272,Aumento_Velocidade,0
pedido_3044.2798964103445_114,166.90594642444927,160.81171007295356,145.81171007295356,4.732205655107836,15,4.337058789810365,Moto,Sunny,Medium,Urban,False,0,0,1,3044.2798964103445,3205.091606483298,Rota_Reduzida,0
pedido_3094.6550773494296_150,134.41578154217095,110.91410561312742,95.91410561312742,0.0,15,4.619990360870868,Moto,Foggy,High,Urban,False,0,1,0,3094.6550773494296,3205.569182962557,Aumento_Velocidade,1
pedido_3106.376121858663_164,102.14511695194862,99.11159656776,99.11159656776,12.95200387299972,5,5.0,Moto,Stormy,Low,Other,False,0,0,0,3106.376121858663,3210.487718426423,Nenhuma,1
pedido_3081.9847681109313_144,130.4816563736236,119.81497276834571,119.81497276834571,0.0,10,4.989128572946891,Van,Stormy,High,Metropolitian,False,0,1,0,3081.9847681109313,3211.799740879277,Nenhuma,1
pedido_3095.2598569607912_152,140.19943154947018,128.23826291688854,113.23826291688854,16.170934425860207,5,4.902076362088408,Moto,Foggy,High,Metropolitian,False,0,1,0,3095.2598569607912,3213.49811987768,Aumento_Velocidade,1
pedido_3084.521349277522_145,150.07660724705408,129.477116732834,114.47711673283399,11.624525983079518,15,4.758770029308829,Moto,Foggy,Jam,Metropolitian,False,0,1,0,3084.521349277522,3213.998466010356,Aumento_Velocidade,1
pedido_3085.3171418565034_146,143.4271964342765,119.06256361544195,119.06256361544195,18.916361793277296,10,4.5385667848012545,Van,Foggy,Medium,Urban,False,0,0,0,3085.3171418565034,3214.3797054719453,Nenhuma,1
pedido_3102.208139539058_160,129.74365118615847,123.56978504298223,108.56978504298223,3.4951687101307334,5,4.458688080893123,Scooter,Sandstorms,Medium,Urban,False,0,0,0,3102.208139539058,3215.77792458204,Rota_Reduzida,1
pedido_3122.2768834143503_177,101.4451700281988,96.16419541563036,81.16419541563036,16.55449276443881,15,4.856194564846171,Moto,Sunny,High,Metropolitian,False,0,1,1,3122.2768834143503,3218.4410788299806,Aumento_Velocidade,1
pedido_3106.2657752708938_163,128.49351084057358,123.64078636401331,108.64078636401331,0.0,5,5.0,Moto,Sandstorms,Jam,Urban,False,0,1,0,3106.2657752708938,3219.906561634907,Aumento_Velocidade,1
pedido_3095.8015356294936_153,137.98688202835197,135.4410371232119,120.44103712321191,22.650113985464532,5,5.0,Scooter,Sandstorms,High,Metropolitian,False,0,1,0,3095.8015356294936,3221.2425727527057,Aumento_Velocidade,0
pedido_3092.404447580173_147,132.71799803863874,128.87037310788915,113.87037310788915,12.71700410960822,15,5.0,Moto,Stormy,High,Metropolitian,False,0,1,0,3092.404447580173,3221.274820688062,Aumento_Velocidade,1
pedido_3120.6880679144574_174,105.49330374397653,107.47693922823528,92.47693922823528,16.402115821293634,10,4.759922564164639,Moto,Sunny,Medium,Metropolitian,True,0,0,1,3120.6880679144574,3223.1650071426925,Rota_Reduzida,1
pedido_3094.67208367371_151,128.5701615747001,134.40950294099366,119.40950294099366,6.765968149922246,10,4.809289185949581,Moto,Stormy,High,Urban,False,0,1,0,3094.67208367371,3224.0815866147036,Aumento_Velocidade,1
pedido_3167.8525383577103_200,44.93341086077808,46.620193179542916,46.620193179542916,6.9941901009492975,10,4.5357467445289785,Moto,Windy,High,Metropolitian,True,1,1,0,3167.8525383577103,3224.4727315372534,Nenhuma,1
pedido_3122.079731144645_176,132.03906984993938,112.84020025477548,97.84020025477548,5.012133106635485,5,5.0,Moto,Sandstorms,Jam,Metropolitian,False,0,1,0,3122.079731144645,3224.9199313994204,Aumento_Velocidade,1
pedido_3053.0024791621704_121,198.0521905530301,172.52956888384008,157.52956888384008,11.43737697844975,15,4.399747534881824,Moto,Windy,Jam,Metropolitian,False,0,1,0,3053.0024791621704,3225.5320480460105,Aumento_Velocidade,0
pedido_3102.150166918168_159,125.9596992481996,128.79752474166506,113.79752474166506,8.209177005036443,10,4.473471113297008,Moto,Foggy,Medium,Metropolitian,False,0,0,0,3102.150166918168,3225.9476916598333,Rota_Reduzida,1
pedido_3075.88074022939_139,176.06109473653393,152.30322445911315,137.30322445911315,2.95250913743258,15,4.398280901041613,Moto,Sandstorms,High,Urban,False,0,1,0,3075.88074022939,3228.1839646885032,Aumento_Velocidade,0
pedido_3097.493587162592_155,126.1887394110048,141.22490334299886,126.22490334299886,9.36327941883356,5,4.513004015153208,Moto,Stormy,High,Urban,False,0,1,0,3097.493587162592,3228.718490505591,Aumento_Velocidade,0
pedido_3100.9351996411083_158,134.3716206913785,138.3559546411223,123.35595464112231,12.204438541154548,5,4.838956437591234,Moto,Sandstorms,High,Metropolitian,False,0,1,0,3100.9351996411083,3229.2911542822308,Aumento_Velocidade,0
pedido_3114.189954320544_170,134.87988846989217,115.89859475175251,100.89859475175251,0.0,15,4.801400742420267,Moto,Foggy,High,Metropolitian,False,0,1,0,3114.189954320544,3230.0885490722967,Aumento_Velocidade,1
pedido_3149.5507908042377_191,95.25023207545257,81.69279270323227,66.69279270323227,0.0,15,4.7066911494818156,Scooter,Sunny,High,Metropolitian,False,0,1,1,3149.5507908042377,3231.2435835074702,Aumento_Velocidade,1
pedido_3117.10867595124_172,140.59143585086002,124.98608369579776,109.98608369579776,18.57884937998636,5,4.625797316826952,Scooter,Windy,Jam,Metropolitian,True,0,1,0,3117.10867595124,3232.094759647038,Aumento_Velocidade,1
pedido_3127.174008808879_179,98.48219891325857,104.36852536838433,104.36852536838433,8.043469644396229,5,4.593796001485729,Moto,Sunny,Low,Metropolitian,False,0,0,1,3127.174008808879,3236.5425341772634,Nenhuma,1
pedido_3078.2985288911696_140,169.76131455150562,158.90673341851198,143.90673341851198,14.17699411049893,15,4.289143473593657,Scooter,Sunny,Medium,Urban,False,0,0,1,3078.2985288911696,3237.2052623096815,Rota_Reduzida,0
pedido_3154.7436911417813_192,95.73633023881752,73.35486569692073,73.35486569692073,6.273893298464177,10,4.772308177204694,Van,Sunny,Medium,Metropolitian,False,0,0,1,3154.7436911417813,3238.098556838702,Nenhuma,1
pedido_3109.112675163118_168,129.43979380330478,129.9096998433966,114.9096998433966,5.32565590396424,15,4.464111683982558,Scooter,Foggy,Jam,Metropolitian,False,0,1,0,3109.112675163118,3239.0223750065147,Aumento_Velocidade,1
pedido_3125.3592298682565_178,141.89238840796494,114.01622210620681,99.01622210620681,12.730975282044007,15,4.570958817608464,Scooter,Sandstorms,Jam,Urban,True,0,1,0,3125.3592298682565,3239.3754519744634,Aumento_Velocidade,1
pedido_3106.844639514452_166,141.5653798675711,132.77008979869237,117.77008979869237,17.648381955033862,15,4.83629585302882,Moto,Foggy,High,Metropolitian,False,0,1,0,3106.844639514452,3239.6147293131444,Aumento_Velocidade,1
pedido_3141.6889973014177_185,111.66065916361329,108.5920578943013,93.5920578943013,11.807138766191287,5,4.914400981685113,Scooter,Sunny,Jam,Metropolitian,True,0,1,1,3141.6889973014177,3240.281055195719,Aumento_Velocidade,1
pedido_3116.8033525309065_171,131.81904476281224,118.94708808778472,118.94708808778472,18.166521128845645,5,4.70159350219351,Van,Stormy,High,Metropolitian,True,0,1,0,3116.8033525309065,3240.7504406186913,Nenhuma,1
pedido_3159.469580977746_194,95.54621114191794,87.56421523603598,72.56421523603598,9.014911003212676,10,4.6208976983965915,Moto,Sunny,High,Metropolitian,False,0,1,1,3159.469580977746,3242.033796213782,Aumento_Velocidade,1
pedido_3130.5801237498254_180,134.81107241013814,112.39836482495681,97.39836482495681,17.99962511606496,15,4.4940050443115,Moto,Windy,High,Metropolitian,True,0,1,0,3130.5801237498254,3242.978488574782,Aumento_Velocidade,1
pedido_3144.012289804527_187,122.17004013863209,99.68368622241397,84.68368622241397,0.0,15,4.5128474691530664,Scooter,Stormy,Jam,Metropolitian,False,0,1,0,3144.012289804527,3243.695976026941,Aumento_Velocidade,1
pedido_3121.623072071101_175,133.8657576043775,123.62156328062576,108.62156328062576,1.8194784157170059,15,4.560437200338832,Moto,Foggy,High,Urban,False,0,1,0,3121.623072071101,3245.2446353517266,Aumento_Velocidade,1
pedido_3148.8855541510575_190,132.86867926054578,96.5398221424146,81.5398221424146,9.842728300076471,15,4.811950991949018,Moto,Sandstorms,High,Metropolitian,False,0,1,0,3148.8855541510575,3245.4253762934723,Aumento_Velocidade,1
pedido_3136.1860762345336_182,137.86059583502671,119.79327050366432,104.79327050366432,5.322576089662476,5,4.826079049522273,Moto,Sandstorms,Medium,Metropolitian,True,0,0,0,3136.1860762345336,3245.979346738198,Rota_Reduzida,1
pedido_3144.6293039814527_188,110.90737560553612,90.2896938429856,90.2896938429856,14.372622294445149,15,4.848335010043494,Scooter,Foggy,Low,Metropolitian,False,0,0,0,3144.6293039814527,3249.9189978244385,Nenhuma,1
pedido_3109.28385867807_169,132.5981473828016,128.87433179420313,128.87433179420313,3.0984989548184676,15,4.486744986124896,Van,Stormy,Medium,Urban,False,0,0,0,3109.28385867807,3253.158190472273,Nenhuma,0
pedido_3138.502913640713_183,130.83913607998662,114.66678379221844,99.66678379221844,8.36751824063374,15,4.9388379404302425,Moto,Sandstorms,High,Metropolitian,False,0,1,0,3138.502913640713,3253.1696974329316,Aumento_Velocidade,1
pedido_3161.2688189959363_195,126.74826315390487,97.9311578202068,82.9311578202068,3.6501624698669417,10,4.854895113502152,Moto,Windy,Jam,Metropolitian,False,0,1,0,3161.2688189959363,3254.199976816143,Aumento_Velocidade,1
pedido_3168.9985332143933_201,126.40381272079905,104.05500403314277,89.05500403314277,3.2950159028141988,10,4.721572594591678,Scooter,Windy,Jam,Metropolitian,False,0,1,0,3168.9985332143933,3268.053537247536,Aumento_Velocidade,1
pedido_3188.718951056465_211,101.29554141607021,89.89501897271593,74.89501897271593,15.678109218468025,5,4.852683377046349,Moto,Sunny,High,Metropolitian,False,0,1,1,3188.718951056465,3268.613970029181,Aumento_Velocidade,1
pedido_3097.0394724465327_154,189.2885581573769,182.8712501258017,167.8712501258017,12.38419201983522,5,4.38438481147636,Moto,Foggy,High,Urban,False,0,1,0,3097.0394724465327,3269.9107225723346,Aumento_Velocidade,0
pedido_3146.702391745938_189,134.2830911167039,134.4039992501055,119.4039992501055,21.839498010711875,5,4.596431162972908,Moto,Stormy,High,Metropolitian,False,0,1,0,3146.702391745938,3271.1063909960435,Aumento_Velocidade,1
pedido_3139.496733123643_184,139.07720611393216,132.387952560824,117.387952560824,18.711561447964606,15,4.9915874457159175,Moto,Windy,Medium,Metropolitian,False,0,0,0,3139.496733123643,3271.884685684467,Rota_Reduzida,1
pedido_3172.493591386885_202,127.57638294732693,101.16322663371024,86.16322663371024,8.409609677410156,15,4.55134638164719,Moto,Stormy,Jam,Metropolitian,False,0,1,0,3172.493591386885,3273.656818020595,Aumento_Velocidade,1
pedido_3155.8955228261875_193,132.7393207758664,119.060904170611,104.060904170611,4.860872767384991,15,4.685290774465916,Moto,Foggy,High,Metropolitian,True,0,1,0,3155.8955228261875,3274.9564269967987,Aumento_Velocidade,1
pedido_3167.509108655921_199,103.12542234781442,93.12841710135048,93.12841710135048,12.513125807646155,15,4.842345738621549,Scooter,Windy,Low,Metropolitian,False,0,0,0,3167.509108655921,3275.6375257572713,Nenhuma,1
pedido_3166.5402610380024_198,134.12551315519283,119.46102518994248,104.46102518994248,13.486802467974204,5,4.670450095131496,Moto,Sandstorms,High,Metropolitian,False,0,1,0,3166.5402610380024,3276.001286227945,Aumento_Velocidade,1
pedido_3182.351524882326_208,100.03687969222999,84.8038711734028,84.8038711734028,4.737072838335606,10,4.456976878110452,Moto,Foggy,Low,Metropolitian,False,0,0,0,3182.351524882326,3277.155396055729,Nenhuma,1
pedido_3162.7430940513696_197,132.4886587340063,123.21124811662258,108.21124811662258,3.602552048758328,10,4.599791439516615,Moto,Sandstorms,High,Metropolitian,False,0,1,0,3162.7430940513696,3280.9543421679923,Aumento_Velocidade,1
pedido_3143.9222986639784_186,177.78584191021494,143.33377500332412,128.33377500332412,6.640446763675067,10,4.319264045846295,Scooter,Foggy,High,Urban,False,0,1,0,3143.9222986639784,3282.2560736673026,Aumento_Velocidade,0
pedido_3178.551902083436_205,101.77875631311728,89.04459303277423,89.04459303277423,7.568911102497921,15,4.558875006126933,Scooter,Windy,Low,Metropolitian,True,0,0,0,3178.551902083436,3282.59649511621,Nenhuma,1
pedido_3099.6613543419644_157,175.0769410428194,191.0420029069844,176.0420029069844,5.500226832510507,10,4.28770508774287,Scooter,Foggy,Medium,Metropolitian,False,0,0,0,3099.6613543419644,3285.703357248949,Rota_Reduzida,0
pedido_3161.279136015422_196,142.18461699938933,120.2644693477975,120.2644693477975,17.14894196927201,5,4.696480335877713,Van,Foggy,High,Metropolitian,False,0,1,0,3161.279136015422,3286.5436053632193,Nenhuma,0
pedido_3177.4185973734316_203,125.63783351878111,116.76670102565734,101.76670102565734,3.540473382417474,10,4.535607400420163,Scooter,Windy,Jam,Metropolitian,False,0,1,0,3177.4185973734316,3289.185298399089,Aumento_Velocidade,1
pedido_3195.9886257875955_212,101.32538225821338,101.18567973933662,86.18567973933662,11.077302884944537,10,4.66321031819658,Moto,Sunny,High,Metropolitian,False,0,1,1,3195.9886257875955,3292.174305526932,Aumento_Velocidade,1
pedido_3200.382397603923_213,99.04090990718201,92.97608624043711,92.97608624043711,6.026759090179741,5,4.5968574389676045,Van,Sunny,High,Metropolitian,False,0,1,1,3200.382397603923,3298.3584838443603,Nenhuma,1
pedido_3186.8461512507424_210,103.43694324873786,96.79175150130952,96.79175150130952,18.412160109630484,15,4.601327846617597,Scooter,Windy,Low,Metropolitian,False,0,0,0,3186.8461512507424,3298.637902752052,Nenhuma,1
pedido_3208.837932427873_216,104.13956221562522,100.0799384983169,85.0799384983169,19.39889710781109,5,4.769120912623011,Scooter,Sunny,High,Urban,True,0,1,1,3208.837932427873,3298.91787092619,Aumento_Velocidade,1
pedido_3229.073502924368_228,93.88825425472693,90.57260562289954,75.57260562289954,3.2820174352551907,5,4.643645183426484,Scooter,Sunny,Medium,Metropolitian,False,0,0,1,3229.073502924368,3309.6461085472674,Rota_Reduzida,1
pedido_3251.8801369489083_244,46.87361115084085,56.01309246952871,56.01309246952871,13.615317950515543,5,4.63003817749986,Moto,Sandstorms,High,Metropolitian,False,1,1,0,3251.8801369489083,3312.893229418437,Nenhuma,1
pedido_3213.6973188012034_218,102.35343894728885,105.74662640755754,90.74662640755754,17.076458052917733,10,4.583549188013154,Moto,Sunny,High,Metropolitian,False,0,1,1,3213.6973188012034,3314.443945208761,Aumento_Velocidade,1
pedido_3232.1424984116434_232,91.77683709233013,82.63094021873982,67.63094021873982,1.0721292099467012,15,4.83301451292441,Moto,Sunny,Medium,Other,False,0,0,1,3232.1424984116434,3314.773438630383,Rota_Reduzida,1
pedido_3131.2553872556264_181,196.52031844095393,189.6754878702976,174.6754878702976,13.07292600532712,10,4.390387731839918,Scooter,Sandstorms,Jam,Metropolitian,False,0,1,0,3131.2553872556264,3315.930875125924,Aumento_Velocidade,0
pedido_3182.956784452626_209,144.34810614100715,135.33756280223395,120.33756280223395,12.862407749072977,15,4.69070887956804,Moto,Foggy,Medium,Urban,True,0,0,0,3182.956784452626,3318.29434725486,Rota_Reduzida,0
pedido_3237.767916634157_237,95.25023207545257,88.71381467021187,73.71381467021187,0.0834815643019029,10,4.688452326933944,Scooter,Sunny,High,Metropolitian,False,0,1,1,3237.767916634157,3321.4817313043686,Aumento_Velocidade,1
pedido_3203.426837885962_214,133.8456372164281,127.0631651243122,112.0631651243122,2.572325378561884,10,4.648248216441023,Moto,Foggy,High,Urban,False,0,1,0,3203.426837885962,3325.490003010274,Aumento_Velocidade,1
pedido_3181.8576275785213_207,134.17369593813783,138.68980580331774,138.68980580331774,13.543319737247284,5,4.821944854703791,Van,Stormy,Jam,Metropolitian,False,0,1,0,3181.8576275785213,3325.547433381839,Nenhuma,0
pedido_3217.2844312095813_220,133.90699186146762,120.83146349940985,105.83146349940985,11.985204014614217,5,4.906906785513221,Moto,Windy,Medium,Metropolitian,False,0,0,0,3217.2844312095813,3328.115894708991,Rota_Reduzida,1
pedido_3204.7450137907163_215,135.4269565080043,134.2344746485873,119.23447464858731,17.92250117369306,5,4.6482085196425595,Moto,Sandstorms,High,Metropolitian,False,0,1,0,3204.7450137907163,3328.9794884393036,Aumento_Velocidade,1
pedido_3178.2127160520686_204,177.78584191021494,151.6406313098665,136.6406313098665,6.590080960165199,15,4.272100572688323,Scooter,Foggy,High,Metropolitian,False,0,1,0,3178.2127160520686,3329.853347361935,Aumento_Velocidade,0
pedido_3179.814365165615_206,168.5880073292155,154.17687007804824,139.17687007804824,12.755212738450975,15,4.4418754681353825,Moto,Sunny,Jam,Metropolitian,False,0,1,1,3179.814365165615,3333.991235243663,Aumento_Velocidade,0
pedido_3236.0129679330857_236,130.96223913529008,98.83104849321917,83.83104849321917,4.356923197003542,15,4.686155683075301,Scooter,Sandstorms,Medium,Urban,False,0,0,0,3236.0129679330857,3334.8440164263047,Rota_Reduzida,1
pedido_3221.0798173932653_223,131.86384858265416,125.3613695140067,110.3613695140067,8.580406769201641,5,4.543923604921369,Scooter,Windy,Jam,Metropolitian,True,0,1,0,3221.0798173932653,3336.441186907272,Aumento_Velocidade,1
pedido_3224.4058924934607_224,136.01012688244865,112.08213944857542,97.08213944857542,11.171102232065486,15,5.0,Moto,Windy,High,Metropolitian,False,0,1,0,3224.4058924934607,3336.4880319420363,Aumento_Velocidade,1
pedido_3227.566329467486_225,133.32736708556072,111.00857365165855,96.00857365165855,2.425164294637817,15,4.864708468664084,Moto,Foggy,High,Metropolitian,False,0,1,0,3227.566329467486,3338.5749031191444,Aumento_Velocidade,1
pedido_3210.4652386693137_217,137.89468406228428,116.75320490952339,116.75320490952339,11.125232325894917,15,4.5376042690852065,Van,Windy,Jam,Metropolitian,False,0,1,0,3210.4652386693137,3342.218443578837,Nenhuma,1
pedido_3265.0166385298567_253,78.21261060781009,63.03382906485088,63.03382906485088,4.654789708323314,15,4.416868056437303,Van,Sunny,High,Metropolitian,True,1,1,1,3265.0166385298567,3343.0504675947077,Nenhuma,1
pedido_3244.1264592093357_241,124.138109347723,109.71203007566686,94.71203007566686,2.2556641308632464,5,4.680682777004362,Moto,Sandstorms,Jam,Metropolitian,False,0,1,0,3244.1264592093357,3343.8384892850027,Aumento_Velocidade,1
pedido_3230.9032350368802_229,103.52368612863889,108.58001626496691,108.58001626496691,17.186362146204388,5,4.742476794147378,Moto,Windy,Low,Urban,False,0,0,0,3230.9032350368802,3344.4832513018473,Nenhuma,1
pedido_3251.948159723633_245,110.61774748892186,93.56948489264597,78.56948489264597,14.15808732584321,15,5.0,Moto,Sunny,Jam,Metropolitian,False,0,1,1,3251.948159723633,3345.517644616279,Aumento_Velocidade,1
pedido_3219.3046592392093_222,127.89363865248431,137.98344498687223,122.98344498687223,6.057525153237328,5,4.8543892581498405,Scooter,Foggy,Medium,Metropolitian,False,0,0,0,3219.3046592392093,3347.2881042260815,Rota_Reduzida,0
pedido_3217.90483210505_221,134.68446683212727,134.89550599187797,119.89550599187797,15.93458635283311,10,4.617277151713307,Moto,Sandstorms,High,Metropolitian,False,0,1,0,3217.90483210505,3347.800338096928,Aumento_Velocidade,1
pedido_3231.241546491679_230,131.89740985108187,121.89306357574551,106.89306357574551,7.177435034111178,10,4.882883309963115,Moto,Foggy,High,Metropolitian,True,0,1,0,3231.241546491679,3348.1346100674245,Aumento_Velocidade,1
pedido_3216.556699401339_219,130.14159717784216,138.37043529969117,123.37043529969117,1.0513745005241386,10,4.685487144532069,Scooter,Sandstorms,Medium,Metropolitian,False,0,0,0,3216.556699401339,3349.92713470103,Rota_Reduzida,0
pedido_3253.69591939528_246,103.66448384769541,102.07050005386252,87.07050005386252,17.308322650821335,10,4.951128826248532,Scooter,Sunny,Medium,Metropolitian,False,0,0,1,3253.69591939528,3350.766419449142,Rota_Reduzida,1
pedido_3239.387668429925_238,130.46484824925682,117.37423794298506,102.37423794298506,4.835248172514325,10,5.0,Moto,Stormy,High,Metropolitian,False,0,1,0,3239.387668429925,3351.76190637291,Aumento_Velocidade,1
pedido_3303.5668889827148_272,45.89901507136834,37.386267829038154,37.386267829038154,11.735245514444166,15,4.787013862926186,Moto,Sunny,Low,Metropolitian,True,1,0,1,3303.5668889827148,3355.9531568117527,Nenhuma,1
pedido_3231.3510815625636_231,127.67639022993168,127.17564752789596,112.17564752789596,9.473970626510518,15,4.855520555964183,Scooter,Sandstorms,Jam,Metropolitian,False,0,1,0,3231.3510815625636,3358.5267290904594,Aumento_Velocidade,1
pedido_3233.5237907144397_234,129.80108567018078,135.48865703774723,120.48865703774723,17.19761851173521,5,4.798240950374777,Moto,Stormy,High,Urban,False,0,1,0,3233.5237907144397,3359.0124477521867,Aumento_Velocidade,0
pedido_3235.8098837828206_235,134.89431514508453,134.74213545122404,119.74213545122404,14.542506401611902,5,4.519127638104964,Scooter,Windy,Medium,Metropolitian,False,0,0,0,3235.8098837828206,3360.5520192340446,Rota_Reduzida,1
pedido_3260.1818308426764_249,127.77893736758784,113.75536666267074,98.75536666267074,6.665917023093371,5,4.606834216745248,Moto,Sandstorms,Jam,Metropolitian,False,0,1,0,3260.1818308426764,3363.9371975053473,Aumento_Velocidade,1
pedido_3228.1653158467857_226,132.74663021012202,136.1231858152703,121.12318581527029,2.0409499366721637,15,4.62813404594519,Scooter,Stormy,Medium,Metropolitian,False,0,0,0,3228.1653158467857,3364.2885016620558,Rota_Reduzida,0
pedido_3262.8264002815654_252,125.31290395108915,106.70478113668686,91.70478113668686,0.8675883819026664,10,5.0,Moto,Foggy,Medium,Metropolitian,False,0,0,0,3262.8264002815654,3364.5311814182523,Rota_Reduzida,1
pedido_3266.677083737548_254,133.62870023072952,107.14095431759455,92.14095431759455,16.76157752882244,10,4.8323710347597855,Moto,Windy,High,Urban,False,0,1,0,3266.677083737548,3368.8180380551426,Aumento_Velocidade,1
pedido_3244.7528546637473_242,130.73095929840062,136.2508676846064,121.25086768460639,5.203497175510209,5,4.786927839131638,Moto,Windy,Jam,Metropolitian,True,0,1,0,3244.7528546637473,3371.0037223483537,Aumento_Velocidade,0
pedido_3272.1810713020277_260,97.18993385563262,88.90308705345133,88.90308705345133,7.306960188600105,10,4.580439763682211,Moto,Stormy,Low,Other,False,0,0,0,3272.1810713020277,3371.084158355479,Nenhuma,1
pedido_3233.3274860093943_233,127.24979815619531,137.6344105980671,137.6344105980671,4.983721695502109,5,4.894362873660945,Van,Stormy,High,Metropolitian,False,0,1,0,3233.3274860093943,3375.9618966074613,Nenhuma,0
pedido_3254.812254833781_247,142.12282187454412,122.77055950364729,107.77055950364729,12.571896261448066,15,4.668576896771978,Scooter,Foggy,High,Urban,False,0,1,0,3254.812254833781,3377.5828143374283,Aumento_Velocidade,1
pedido_3282.861849881048_266,99.86188123833735,102.53874386182451,87.53874386182451,4.483405773866126,10,4.648064052576307,Moto,Sunny,Jam,Urban,False,0,1,1,3282.861849881048,3380.4005937428724,Aumento_Velocidade,1
pedido_3272.581024551189_262,123.40261854982215,117.98845693160067,102.98845693160067,3.794949213396815,5,5.0,Scooter,Foggy,Medium,Metropolitian,True,0,0,0,3272.581024551189,3380.5694814827893,Rota_Reduzida,1
pedido_3268.650172127729_257,133.3348066754189,119.4591653209331,104.4591653209331,7.906516347046768,10,4.693142646993982,Moto,Windy,High,Urban,False,0,1,0,3268.650172127729,3383.1093374486622,Aumento_Velocidade,1
pedido_3272.3727445812497_261,129.73245929625585,116.03366292167823,101.03366292167823,13.744348998903824,10,4.570273460562451,Moto,Stormy,High,Metropolitian,False,0,1,0,3272.3727445812497,3383.406407502928,Aumento_Velocidade,1
pedido_3306.9438033472456_274,101.97577899240491,76.84056357903783,61.840563579037834,4.018502378237306,15,4.450533042836832,Moto,Sunny,Jam,Metropolitian,False,0,1,1,3306.9438033472456,3383.7843669262834,Aumento_Velocidade,1
pedido_3256.5672666766527_248,144.22033239655244,132.4700808224122,117.4700808224122,12.762709621266993,10,4.826143052180309,Moto,Foggy,Medium,Urban,True,0,0,0,3256.5672666766527,3384.0373474990647,Rota_Reduzida,1
pedido_3268.2548444324248_256,141.7195557967645,119.73954427142189,104.73954427142189,17.582301325995083,15,4.468709248850825,Scooter,Foggy,High,Urban,False,0,1,0,3268.2548444324248,3387.9943887038467,Aumento_Velocidade,1
pedido_3262.184496806708_251,142.08173810744793,126.73333215248437,111.73333215248437,19.25235099662219,15,4.715089198985343,Scooter,Foggy,High,Metropolitian,False,0,1,0,3262.184496806708,3388.9178289591923,Aumento_Velocidade,1
pedido_3248.3966601670436_243,132.9792662132593,146.52779300866544,131.52779300866544,5.7426531490596835,10,4.955973806677702,Scooter,Foggy,Jam,Metropolitian,False,0,1,0,3248.3966601670436,3389.924453175709,Aumento_Velocidade,0
pedido_3228.280015976891_227,169.2114635949747,162.89902524647752,147.89902524647752,14.229457247052295,15,4.409246467659667,Moto,Sunny,Medium,Metropolitian,False,0,0,1,3228.280015976891,3391.179041223368,Rota_Reduzida,0
pedido_3272.6783976983343_263,123.41894986164664,129.00334742015244,114.00334742015244,2.3695559423663695,5,4.667942621975737,Moto,Stormy,Jam,Metropolitian,False,0,1,0,3272.6783976983343,3391.6817451184866,Aumento_Velocidade,1
pedido_3269.6421736777493_258,132.10085199663985,128.74199030445348,113.74199030445348,2.335265590560804,10,5.0,Moto,Stormy,High,Urban,True,0,1,0,3269.6421736777493,3393.3841639822026,Aumento_Velocidade,1
pedido_3270.762938629779_259,131.31950454912854,134.45526815587124,119.45526815587124,10.896944570879775,5,4.639321496388414,Moto,Stormy,High,Metropolitian,False,0,1,0,3270.762938629779,3395.21820678565,Aumento_Velocidade,1
pedido_3240.7181008712314_239,159.1078741238828,140.0703332862446,140.0703332862446,12.679650709081846,15,4.421796101382218,Moto,Stormy,Low,Metropolitian,False,0,0,0,3240.7181008712314,3395.788434157476,Nenhuma,0
pedido_3281.876431416645_265,129.76486193434457,126.83724873947716,111.83724873947716,14.6645706608866,5,4.571891683958037,Moto,Stormy,High,Metropolitian,False,0,1,0,3281.876431416645,3398.7136801561223,Aumento_Velocidade,1
pedido_3286.4551161518566_268,137.19158311108126,117.96396687241128,102.96396687241128,4.521704376833858,15,4.922423273646568,Moto,Windy,Medium,Metropolitian,False,0,0,0,3286.4551161518566,3404.419083024268,Rota_Reduzida,1
pedido_3299.99131544237_271,131.99398721632664,109.95453350142388,94.95453350142388,7.774792879949443,10,4.824663621085637,Moto,Windy,Jam,Metropolitian,True,0,1,0,3299.99131544237,3404.945848943794,Aumento_Velocidade,1
pedido_3327.499870513526_284,95.95469655866764,84.10972075519238,69.10972075519238,1.6823728649639595,10,4.594903708750503,Moto,Sunny,High,Metropolitian,False,0,1,1,3327.499870513526,3406.6095912687183,Aumento_Velocidade,1
pedido_3242.919104076614_240,150.54515122381375,153.7543102656849,153.7543102656849,15.754904520614662,10,4.88827353540264,Van,Foggy,Jam,Metropolitian,True,0,1,0,3242.919104076614,3406.673414342299,Nenhuma,0
pedido_3313.4595259572034_277,94.34577866027905,94.01736791518195,79.01736791518195,8.784567867844514,15,4.759638620371902,Moto,Sunny,High,Metropolitian,False,0,1,1,3313.4595259572034,3407.4768938723855,Aumento_Velocidade,1
pedido_3346.75722124584_299,74.28824189471854,71.2014153113369,56.2014153113369,13.762475501236398,5,4.21953899201206,Scooter,Sunny,High,Urban,False,1,1,1,3346.75722124584,3407.9586365571768,Aumento_Velocidade,1
pedido_3355.8668971542984_303,71.47583382377533,63.51087803827848,48.51087803827848,13.072667036730312,10,4.422416683629815,Moto,Sunny,High,Metropolitian,False,1,1,1,3355.8668971542984,3414.377775192577,Aumento_Velocidade,1
pedido_3292.842329550657_270,139.66215885312468,128.59505986782943,113.59505986782943,15.945623926742764,10,5.0,Scooter,Windy,High,Metropolitian,True,0,1,0,3292.842329550657,3416.4373894184864,Aumento_Velocidade,1
pedido_3267.583189377874_255,166.68961378590998,159.8151931469003,144.8151931469003,7.975841316483109,5,4.354948759159584,Moto,Sunny,Medium,Metropolitian,False,0,0,1,3267.583189377874,3417.398382524774,Rota_Reduzida,0
pedido_3330.7242789440866_289,95.63430438732016,87.17581671534303,72.17581671534303,6.496062254428814,15,5.0,Moto,Sunny,High,Metropolitian,False,0,1,1,3330.7242789440866,3417.9000956594296,Aumento_Velocidade,1
pedido_3307.2916777835617_275,144.1801885397399,121.64766091754261,106.64766091754261,14.311692017542377,5,4.543979801116162,Moto,Foggy,High,Metropolitian,True,0,1,0,3307.2916777835617,3418.939338701104,Aumento_Velocidade,1
pedido_3368.531111327836_308,62.98705858577896,61.23423115198753,46.23423115198753,6.0660440939627325,5,4.385676293009692,Moto,Foggy,Jam,Metropolitian,False,1,1,0,3368.531111327836,3419.765342479823,Aumento_Velocidade,1
pedido_3283.1655541267373_267,136.29102248169872,141.9387984212481,126.9387984212481,15.508971917551317,10,4.624696286622453,Moto,Stormy,Jam,Urban,True,0,1,0,3283.1655541267373,3420.1043525479854,Aumento_Velocidade,0
pedido_3326.7865701382225_283,96.6140736515164,104.38705313505395,84.38705313505395,0.37059901324243416,10,4.852204194103018,Moto,Sunny,High,Other,True,0,1,1,3326.7865701382225,3421.1736232732765,Rota_Reduzida,1
pedido_3310.669854944247_276,130.14412327669478,116.26301946715178,101.26301946715178,17.458438354352182,10,4.726545304782124,Scooter,Stormy,High,Metropolitian,False,0,1,0,3310.669854944247,3421.932874411399,Aumento_Velocidade,1
pedido_3324.271757874982_281,128.0005474843919,112.06790936013128,97.06790936013128,3.945472758452623,5,4.856284243521261,Moto,Stormy,High,Metropolitian,False,0,1,0,3324.271757874982,3426.339667235113,Aumento_Velocidade,1
pedido_3275.501627499181_264,167.88297907555122,170.9804775293712,155.9804775293712,12.42025966699735,10,4.423715275977341,Moto,Sunny,Medium,Metropolitian,True,0,0,1,3275.501627499181,3441.482105028552,Rota_Reduzida,0
pedido_3389.385748332631_318,36.483204954792846,37.538923054887626,37.538923054887626,5.703707958046346,15,4.649834048480896,Scooter,Windy,Low,Metropolitian,False,1,0,0,3389.385748332631,3441.9246713875186,Nenhuma,1
pedido_3261.062940347908_250,186.83834504230217,186.39687686238196,171.39687686238196,10.888552593089022,10,4.238876246269153,Scooter,Sandstorms,Medium,Metropolitian,True,0,0,0,3261.062940347908,3442.4598172102897,Rota_Reduzida,0
pedido_3322.2267645669535_280,131.31140589209016,130.60946786768272,115.60946786768272,11.81441077670031,5,4.770438773044575,Scooter,Stormy,High,Metropolitian,True,0,1,0,3322.2267645669535,3442.8362324346363,Aumento_Velocidade,1
pedido_3332.6584291169875_290,135.01963912827537,121.52103128401839,106.52103128401839,16.903336420610668,5,4.740942088596989,Moto,Windy,Jam,Metropolitian,False,0,1,0,3332.6584291169875,3444.179460401006,Aumento_Velocidade,1
pedido_3329.591778341344_288,133.87595194938137,126.56103387554856,111.56103387554856,5.277082971393057,5,4.633351065420772,Scooter,Foggy,High,Metropolitian,False,0,1,0,3329.591778341344,3446.1528122168925,Aumento_Velocidade,1
pedido_3339.0047144570203_293,135.58933855345487,113.00107656144871,98.00107656144871,14.068063260079812,10,4.72974494118318,Moto,Windy,High,Metropolitian,True,0,1,0,3339.0047144570203,3447.005791018469,Aumento_Velocidade,1
pedido_3355.5827099718335_302,101.34890079123261,101.45147900663686,86.45147900663686,5.360397315324216,5,4.997929597442208,Moto,Sunny,Jam,Metropolitian,False,0,1,1,3355.5827099718335,3447.0341889784704,Aumento_Velocidade,1
pedido_3313.603531903033_278,135.1209340785815,133.83327289278202,118.83327289278202,12.380774571591578,15,4.75571680418818,Moto,Sandstorms,High,Metropolitian,False,0,1,0,3313.603531903033,3447.436804795815,Aumento_Velocidade,1
pedido_3325.0170930635386_282,133.16107505005107,127.2056884073082,112.2056884073082,4.03770362419632,15,4.606240181703092,Scooter,Stormy,Medium,Metropolitian,False,0,0,0,3325.0170930635386,3452.2227814708467,Rota_Reduzida,1
pedido_3373.902280317626_314,103.0722023535188,78.93990899771887,63.939908997718874,1.1677697103238165,15,4.498635189600838,Moto,Sunny,Jam,Metropolitian,True,0,1,1,3373.902280317626,3452.8421893153445,Aumento_Velocidade,1
pedido_3344.040075680349_296,130.10920109588082,116.51227928727923,101.51227928727923,4.572278605171251,10,4.869600482338568,Moto,Windy,High,Urban,False,0,1,0,3344.040075680349,3455.5523549676286,Aumento_Velocidade,1
pedido_3328.1620025813527_286,134.72968911463025,127.89427935325492,112.89427935325492,13.67826130013467,15,4.531492988556307,Scooter,Windy,Medium,Metropolitian,False,0,0,0,3328.1620025813527,3456.056281934608,Rota_Reduzida,1
pedido_3342.421601855621_294,134.20702046845372,124.46480464918184,109.46480464918184,16.021495071435684,5,4.6873107677953625,Moto,Sandstorms,High,Metropolitian,False,0,1,0,3342.421601855621,3456.886406504803,Aumento_Velocidade,1
pedido_3321.3170322847554_279,131.9515597341283,121.89222367524312,121.89222367524312,0.0,15,4.6411235723487785,Van,Sandstorms,High,Metropolitian,False,0,1,0,3321.3170322847554,3458.2092559599987,Nenhuma,0
pedido_3373.7946608326547_313,104.80928965537505,95.58573528166957,80.58573528166957,3.6306482021198287,5,4.493598165702415,Moto,Sunny,High,Metropolitian,False,0,1,1,3373.7946608326547,3459.3803961143244,Aumento_Velocidade,1
pedido_3328.848778713526_287,128.79146588073377,130.8856366484385,115.88563664843849,6.751724531573475,15,4.84788739224492,Scooter,Sandstorms,Jam,Urban,True,0,1,0,3328.848778713526,3459.7344153619642,Aumento_Velocidade,1
pedido_3356.165507611272_304,134.91971951552105,104.72977960134199,89.72977960134199,11.54331153662407,15,4.536943369343793,Scooter,Sandstorms,High,Metropolitian,False,0,1,0,3356.165507611272,3460.8952872126138,Aumento_Velocidade,1
pedido_3289.2634481476184_269,175.07775054027238,167.22381172259426,167.22381172259426,4.590665314352589,5,4.388329428328396,Van,Windy,High,Metropolitian,True,0,1,0,3289.2634481476184,3461.4872598702127,Nenhuma,0
pedido_3327.6217406351175_285,137.56438027373002,134.5939613975632,119.59396139756319,18.728041770133487,15,4.535105051244701,Moto,Windy,Jam,Urban,False,0,1,0,3327.6217406351175,3462.215702032681,Aumento_Velocidade,1
pedido_3371.602303757614_311,99.78375638801197,94.25118258748572,79.25118258748572,0.0,15,4.638083653383847,Moto,Sunny,High,Metropolitian,True,0,1,1,3371.602303757614,3465.8534863451,Aumento_Velocidade,1
pedido_3356.277196783317_305,111.656403005909,107.9208659619552,107.9208659619552,15.14000273479352,5,4.645902715812475,Van,Sunny,Jam,Urban,False,0,1,1,3356.277196783317,3469.198062745272,Nenhuma,1
pedido_3337.9709497714443_292,134.6154842922761,141.35848526219743,126.35848526219743,17.46082693300034,5,4.9055597059659535,Scooter,Windy,High,Urban,False,0,1,0,3337.9709497714443,3469.329435033642,Aumento_Velocidade,0
pedido_3359.0398542799508_306,141.3178313642075,111.15336057503461,96.15336057503461,15.029561052653781,15,4.63986025802599,Moto,Foggy,High,Urban,False,0,1,0,3359.0398542799508,3470.1932148549854,Aumento_Velocidade,1
pedido_3405.087028463997_329,45.30939919550783,55.99794779985055,55.99794779985055,19.016397279858165,10,4.723272241216286,Moto,Windy,High,Metropolitian,False,1,1,0,3405.087028463997,3471.0849762638472,Nenhuma,1
pedido_3348.200297031613_300,134.50424194718346,123.2936930146204,108.2936930146204,13.485618872869521,15,4.784671285620562,Moto,Sandstorms,High,Metropolitian,False,0,1,0,3348.200297031613,3471.493990046233,Aumento_Velocidade,1
pedido_3370.5529910634204_309,98.30910558427979,86.79100200508952,86.79100200508952,2.8175493127217615,15,4.786579549517958,Scooter,Foggy,Low,Metropolitian,True,0,0,0,3370.5529910634204,3472.34399306851,Nenhuma,1
pedido_3344.8440926574062_297,137.27515258137,122.8630563588249,122.8630563588249,12.887804880974743,5,4.96004341582257,Van,Windy,High,Metropolitian,False,0,1,0,3344.8440926574062,3472.707149016231,Nenhuma,0
pedido_3305.7277340653914_273,184.0941791808179,174.4127252527099,159.4127252527099,11.720311053747434,10,4.440984244837018,Moto,Sandstorms,High,Metropolitian,False,0,1,0,3305.7277340653914,3475.1404593181014,Aumento_Velocidade,0
pedido_3343.5212776244307_295,144.76837691784374,143.23792246110398,128.23792246110398,18.11919623395959,5,4.860878477142927,Moto,Foggy,Medium,Metropolitian,False,0,0,0,3343.5212776244307,3476.7592000855348,Rota_Reduzida,0
pedido_3366.601234933425_307,133.33356138466675,121.26336654635502,106.26336654635502,15.928265376597308,5,4.911638558392,Scooter,Stormy,Jam,Metropolitian,False,0,1,0,3366.601234933425,3477.86460147978,Aumento_Velocidade,1
pedido_3382.432668440842_315,103.09934244228664,86.11030397526889,86.11030397526889,14.47399875572179,10,4.776101098540484,Scooter,Stormy,Low,Metropolitian,False,0,0,0,3382.432668440842,3478.542972416111,Nenhuma,1
pedido_3351.2032606479343_301,134.08162485380558,133.47555722369714,118.47555722369714,1.7863827566453887,10,4.99515071183616,Moto,Sandstorms,High,Metropolitian,True,0,1,0,3351.2032606479343,3479.6788178716315,Aumento_Velocidade,1
pedido_3388.2241843003762_316,132.54464392905672,107.92635692740562,92.92635692740562,6.368023873244327,5,4.670290433608551,Moto,Windy,High,Metropolitian,False,0,1,0,3388.2241843003762,3486.150541227782,Aumento_Velocidade,1
pedido_3345.0450746508664_298,133.73023858748073,149.11849782439702,134.11849782439702,13.451284010694767,10,4.739535407463358,Moto,Windy,High,Metropolitian,False,0,1,0,3345.0450746508664,3489.163572475263,Aumento_Velocidade,0
pedido_3373.5112112565052_312,141.58454953720832,125.76746916590261,110.76746916590261,22.443009466026655,5,4.84711143222985,Scooter,Windy,Jam,Urban,True,0,1,0,3373.5112112565052,3489.278680422408,Aumento_Velocidade,1
pedido_3437.2992165103196_354,49.004105599771066,51.40907339865291,51.40907339865291,0.460289322581831,5,4.703955409731861,Moto,Windy,High,Metropolitian,False,1,1,0,3437.2992165103196,3493.7082899089723,Nenhuma,1
pedido_3370.761375698419_310,134.6698706925713,125.53850586319433,110.53850586319433,13.671831255159766,15,4.925129399892287,Scooter,Stormy,Medium,Urban,True,0,0,0,3370.761375698419,3496.2998815616133,Rota_Reduzida,1
pedido_3404.439940844246_328,103.48239808328758,89.22396183601153,89.22396183601153,16.045908746372522,5,4.5371544660761005,Van,Windy,Low,Metropolitian,False,0,0,0,3404.439940844246,3498.6639026802573,Nenhuma,1
pedido_3393.166560495236_321,128.14531783803307,119.06854413469475,104.06854413469475,2.749826602300564,5,4.514776318803958,Moto,Windy,High,Metropolitian,False,0,1,0,3393.166560495236,3502.2351046299304,Aumento_Velocidade,1
pedido_3392.8280918310584_320,137.9244991884706,123.93157367676343,108.93157367676343,10.081382368220357,5,4.465610095442678,Moto,Windy,Jam,Urban,False,0,1,0,3392.8280918310584,3506.759665507822,Aumento_Velocidade,1
pedido_3333.3376400536326_291,185.12920233039634,179.48984725433428,164.48984725433428,13.428100375270269,10,4.435130866339828,Scooter,Sandstorms,High,Metropolitian,True,0,1,0,3333.3376400536326,3507.8274873079667,Aumento_Velocidade,0
pedido_3400.159005616131_326,129.8856628070343,119.0438748279734,104.0438748279734,0.5114441444435327,5,5.0,Scooter,Stormy,Medium,Metropolitian,True,0,0,0,3400.159005616131,3509.2028804441043,Rota_Reduzida,1
pedido_3397.499888479338_324,133.7742548128731,117.56401355918514,102.56401355918514,15.484747771491913,10,4.608519704202642,Scooter,Stormy,Medium,Metropolitian,True,0,0,0,3397.499888479338,3510.0639020385233,Rota_Reduzida,1
pedido_3399.1220985435216_325,133.37386024281187,124.08932584502034,109.08932584502034,20.106745695542674,5,4.645704424303367,Moto,Stormy,High,Metropolitian,True,0,1,0,3399.1220985435216,3513.211424388542,Aumento_Velocidade,1
pedido_3390.057755966186_319,134.819441260047,125.45251418617727,110.45251418617727,13.860091828437595,15,4.696474688312868,Moto,Windy,Medium,Metropolitian,False,0,0,0,3390.057755966186,3515.5102701523633,Rota_Reduzida,1
pedido_3417.7457824132584_336,100.64613954987003,96.82115409908944,96.82115409908944,5.707394193747427,5,4.861137794713579,Scooter,Sandstorms,Low,Urban,False,0,0,0,3417.7457824132584,3519.566936512348,Nenhuma,1
pedido_3473.6264617401034_375,46.167788237239535,32.765102842519376,32.765102842519376,19.003443074037474,15,4.690336050240124,Moto,Foggy,Jam,Metropolitian,True,1,1,0,3473.6264617401034,3521.391564582623,Nenhuma,1
pedido_3408.854100345824_330,140.8931117467025,123.69123527782014,108.69123527782014,12.558188060474993,5,4.9013667767440445,Scooter,Foggy,High,Metropolitian,False,0,1,0,3408.854100345824,3522.545335623644,Aumento_Velocidade,1
pedido_3439.444526795427_355,103.0636575826718,83.74118584645034,68.74118584645034,18.150909604400383,15,4.972708240598625,Moto,Sunny,High,Metropolitian,False,0,1,1,3439.444526795427,3523.185712641877,Aumento_Velocidade,1
pedido_3409.576812581971_331,134.17612135104613,123.75635842562247,108.75635842562247,12.30577379840745,5,4.735779568843113,Scooter,Stormy,Medium,Metropolitian,True,0,0,0,3409.576812581971,3523.3331710075936,Rota_Reduzida,1
pedido_3402.6486767851175_327,143.13772521093324,131.69719750293046,116.69719750293046,15.761822489554733,5,4.887962613403187,Scooter,Foggy,Medium,Metropolitian,False,0,0,0,3402.6486767851175,3524.345874288048,Rota_Reduzida,1
pedido_3395.748712715519_323,133.783626981442,138.66481963759773,123.66481963759773,13.191111619667046,5,4.603518729203254,Scooter,Windy,High,Metropolitian,False,0,1,0,3395.748712715519,3524.413532353117,Aumento_Velocidade,0
pedido_3435.693611405114_351,127.34704337724618,90.84606347717742,75.84606347717742,7.494862987504109,15,4.730773321799784,Scooter,Windy,Jam,Metropolitian,False,0,1,0,3435.693611405114,3526.5396748822914,Aumento_Velocidade,1
pedido_3388.4197044525004_317,136.25019710443954,150.49042234512896,135.49042234512896,1.97683008619688,5,4.956839826088348,Moto,Sandstorms,High,Metropolitian,False,0,1,0,3388.4197044525004,3528.9101267976293,Aumento_Velocidade,0
pedido_3418.8168693859275_339,127.02767198875388,120.78090430332264,105.78090430332264,6.183108252739137,5,4.912775586480765,Moto,Windy,Jam,Metropolitian,False,0,1,0,3418.8168693859275,3529.59777368925,Aumento_Velocidade,1
pedido_3418.0191480108897_337,135.72376168082698,111.66658267214285,96.66658267214285,12.943660488800987,15,4.546912573349427,Moto,Sandstorms,High,Urban,False,0,1,0,3418.0191480108897,3529.6857306830325,Aumento_Velocidade,1
pedido_3415.241518186082_333,125.39937733403286,120.90337436148172,105.90337436148172,8.630853923840599,10,4.644714047256013,Moto,Foggy,Medium,Metropolitian,False,0,0,0,3415.241518186082,3531.144892547564,Rota_Reduzida,1
pedido_3394.1090639682507_322,144.16394298893064,142.94490075495935,127.94490075495935,17.944221925721013,10,5.0,Moto,Sandstorms,Jam,Metropolitian,True,0,1,0,3394.1090639682507,3532.05396472321,Aumento_Velocidade,0
pedido_3427.1326512798623_343,134.29148907574805,115.99534090031754,100.99534090031754,5.9285099572679485,5,4.4779656459572115,Moto,Stormy,Medium,Metropolitian,False,0,0,0,3427.1326512798623,3533.1279921801797,Rota_Reduzida,1
pedido_3435.741718270886_352,102.44302841681966,83.92046700338204,83.92046700338204,3.597465853906648,15,4.940570918883272,Scooter,Windy,Low,Urban,False,0,0,0,3435.741718270886,3534.662185274268,Nenhuma,1
pedido_3423.4657074469287_341,135.42077302849356,113.66601708315085,98.66601708315085,9.149083852628355,15,5.0,Moto,Windy,High,Urban,False,0,1,0,3423.4657074469287,3537.1317245300797,Aumento_Velocidade,1
pedido_3418.3423643982487_338,133.87595194938137,124.10516943708512,109.10516943708512,5.31795924981585,10,4.6291065620441065,Scooter,Foggy,High,Metropolitian,False,0,1,0,3418.3423643982487,3537.447533835334,Aumento_Velocidade,1
pedido_3424.884480671857_342,140.4871397671035,118.2292101674172,103.2292101674172,14.42571805316862,10,4.760369597458702,Scooter,Foggy,High,Metropolitian,False,0,1,0,3424.884480671857,3538.113690839274,Aumento_Velocidade,1
pedido_3440.3931550147577_356,128.391554293676,98.34757367568847,83.34757367568847,4.730090798069086,15,4.745433237700357,Moto,Stormy,High,Metropolitian,False,0,1,0,3440.3931550147577,3538.7407286904463,Aumento_Velocidade,1
pedido_3446.5265007189273_362,128.35974406958636,94.84727878401742,79.84727878401742,5.860390157571223,15,4.684114245099467,Moto,Stormy,High,Metropolitian,False,0,1,0,3446.5265007189273,3541.3737795029447,Aumento_Velocidade,1
pedido_3442.6391117362323_358,106.04576442577668,94.76982136154906,94.76982136154906,10.565819627724,5,4.468531387433891,Moto,Foggy,Low,Other,False,0,0,0,3442.6391117362323,3542.4089330977813,Nenhuma,1
pedido_3434.728402414444_350,99.84096604735662,113.01280958384164,98.01280958384164,12.7579038912873,10,4.70007444136799,Moto,Sunny,Medium,Metropolitian,False,0,0,1,3434.728402414444,3542.741211998286,Rota_Reduzida,1
pedido_3413.0251925838393_332,134.4927399598692,135.1679798850558,120.16797988505579,16.109603672526383,10,4.574436492584974,Moto,Windy,High,Metropolitian,True,0,1,0,3413.0251925838393,3543.193172468895,Aumento_Velocidade,0
pedido_3416.30473627971_334,144.16394298893064,132.6899953543738,117.68999535437379,17.147639801294027,10,5.0,Moto,Sandstorms,Jam,Urban,True,0,1,0,3416.30473627971,3543.994731634084,Aumento_Velocidade,1
pedido_3466.006967810353_371,97.24939818465475,80.42330037601292,65.42330037601292,8.229545111808978,15,4.914409139719986,Moto,Sunny,Medium,Urban,False,0,0,1,3466.006967810353,3546.430268186366,Rota_Reduzida,1
pedido_3428.4798851143128_344,134.87247049513095,125.21861227977374,110.21861227977374,16.77953700818212,10,4.648464412379658,Moto,Sandstorms,High,Metropolitian,False,0,1,0,3428.4798851143128,3548.6984973940866,Aumento_Velocidade,1
pedido_3498.0446339120067_398,37.49149762515275,36.594616538312806,36.594616538312806,13.114289200578982,15,4.772926555435015,Moto,Sandstorms,Low,Metropolitian,False,1,0,0,3498.0446339120067,3549.6392504503197,Nenhuma,1
pedido_3416.405889531965_335,134.658034856562,133.53420408977922,118.53420408977922,16.723890700499453,15,4.9762384269563364,Moto,Stormy,Medium,Metropolitian,False,0,0,0,3416.405889531965,3549.9400936217444,Rota_Reduzida,1
pedido_3420.1984463592703_340,130.69637817410648,131.54311585876647,116.54311585876647,13.041460796033553,15,4.831581462028717,Scooter,Stormy,High,Metropolitian,True,0,1,0,3420.1984463592703,3551.741562218037,Aumento_Velocidade,1
pedido_3432.1499248072255_348,129.75235611527398,126.34231153810344,111.34231153810344,4.722666526425392,10,4.497259577826603,Scooter,Windy,Jam,Metropolitian,True,0,1,0,3432.1499248072255,3553.492236345329,Aumento_Velocidade,1
pedido_3448.6910121234832_364,112.36431529147616,105.79950147052296,90.79950147052296,15.683294980657882,15,4.516692522499252,Moto,Sunny,Jam,Metropolitian,False,0,1,1,3448.6910121234832,3554.490513594006,Aumento_Velocidade,1
pedido_3430.026117639063_345,133.2789998652327,138.4620076888255,118.46200768882551,13.465741624664924,10,4.867276340525306,Moto,Foggy,High,Other,True,0,1,0,3430.026117639063,3558.4881253278886,Rota_Reduzida,1
pedido_3445.5465103516526_361,133.3758509503638,115.28230242739392,100.28230242739392,8.99819684299604,15,4.75341019664331,Moto,Windy,High,Metropolitian,False,0,1,0,3445.5465103516526,3560.8288127790465,Aumento_Velocidade,1
pedido_3484.231112539224_383,95.5788166304276,86.93570771671017,71.93570771671017,6.442769485827297,5,4.594157354788339,Scooter,Sunny,High,Metropolitian,False,0,1,1,3484.231112539224,3561.166820255934,Aumento_Velocidade,1
pedido_3513.645811920367_409,47.83483587054136,39.65438752438357,39.65438752438357,1.4005209967008088,10,4.834361277081968,Scooter,Stormy,High,Metropolitian,True,1,1,0,3513.645811920367,3563.300199444751,Nenhuma,1
pedido_3444.48826386996_359,122.30477543077123,123.81772212871033,108.81772212871033,1.6887481219989664,10,4.873486489653811,Moto,Stormy,Jam,Metropolitian,False,0,1,0,3444.48826386996,3563.3059859986706,Aumento_Velocidade,1
pedido_3440.4773166529603_357,130.13776360792195,125.38154528593765,110.38154528593765,5.946983816347044,15,4.75688618663313,Moto,Sandstorms,High,Metropolitian,True,0,1,0,3440.4773166529603,3565.858861938898,Aumento_Velocidade,1
pedido_3433.1970740238025_349,133.99890357162533,118.54805909707304,118.54805909707304,2.3017752010913393,15,4.624737710838434,Van,Windy,Medium,Metropolitian,False,0,0,0,3433.1970740238025,3566.7451331208754,Nenhuma,1
pedido_3460.166430939655_370,103.28130601796153,92.97503037124919,92.97503037124919,4.337381649976566,15,4.757405995583303,Moto,Sandstorms,Low,Metropolitian,False,0,0,0,3460.166430939655,3568.141461310904,Nenhuma,1
pedido_3436.1575180706755_353,135.97393526987258,134.26171930531405,119.26171930531405,7.8987156945969845,15,5.0,Moto,Foggy,High,Urban,False,0,1,0,3436.1575180706755,3570.4192373759897,Aumento_Velocidade,1
pedido_3467.999739084986_374,132.37447800387795,114.93083040919537,99.93083040919537,0.0,5,4.863095126457207,Scooter,Stormy,Medium,Urban,False,0,0,0,3467.999739084986,3572.9305694941813,Rota_Reduzida,1
pedido_3444.651341273567_360,149.6575320335434,133.5942271717205,118.59422717172049,17.24904723449122,10,4.690967262672544,Scooter,Foggy,Jam,Metropolitian,False,0,1,0,3444.651341273567,3573.2455684452875,Aumento_Velocidade,1
pedido_3541.2422988011517_432,40.16870659174313,20.837600703991633,20.837600703991633,7.844846443985361,15,4.866497203452119,Moto,Sunny,High,Metropolitian,True,1,1,1,3541.2422988011517,3577.079899505143,Nenhuma,1
pedido_3455.0910398802553_366,134.23971654931643,127.35254633786695,112.35254633786695,13.285017197355646,10,4.686534754636651,Scooter,Sandstorms,High,Metropolitian,False,0,1,0,3455.0910398802553,3577.443586218122,Aumento_Velocidade,1
pedido_3457.7520146047327_368,134.5644819567545,129.7016927315531,114.7016927315531,13.537659556182351,5,4.8566251990787865,Moto,Stormy,Jam,Metropolitian,False,0,1,0,3457.7520146047327,3577.453707336286,Aumento_Velocidade,1
pedido_3447.0046761674835_363,137.00853914510066,130.7263103770976,115.7263103770976,17.42509342288867,15,4.451369389633502,Scooter,Sandstorms,Medium,Metropolitian,True,0,0,0,3447.0046761674835,3577.730986544581,Rota_Reduzida,1
pedido_3457.7239784375333_367,142.02374871956354,135.80020694877484,120.80020694877484,10.677450787353896,5,5.0,Scooter,Windy,Jam,Metropolitian,False,0,1,0,3457.7239784375333,3583.524185386308,Aumento_Velocidade,0
pedido_3484.3487246852415_385,101.62184403036075,84.47448948227019,84.47448948227019,6.075959237656156,15,4.95266002847521,Moto,Sandstorms,Low,Urban,True,0,0,0,3484.3487246852415,3583.8232141675117,Nenhuma,1
pedido_3526.5166740803124_421,45.63279591785231,54.56790290371598,54.56790290371598,2.8048239639124466,5,4.626872005640375,Moto,Foggy,High,Metropolitian,False,1,1,0,3526.5166740803124,3586.0845769840284,Nenhuma,1
pedido_3482.2101574998132_380,125.61105789685192,114.97032203244397,99.97032203244397,0.5326576536319729,5,4.693831910264444,Moto,Sandstorms,Jam,Metropolitian,True,0,1,0,3482.2101574998132,3587.1804795322573,Aumento_Velocidade,1
pedido_3453.6716458736723_365,143.87999213971185,137.34949729623463,122.34949729623463,15.594107512391368,15,4.810675971968545,Moto,Foggy,High,Metropolitian,True,0,1,0,3453.6716458736723,3591.021143169907,Aumento_Velocidade,0
pedido_3475.146699660509_377,130.65170073063328,115.98848589303867,100.98848589303867,5.649325925729168,15,4.507480006438044,Moto,Sandstorms,High,Urban,False,0,1,0,3475.146699660509,3591.1351855535477,Aumento_Velocidade,1
pedido_3475.7641710538487_378,130.82950871048143,121.97293334678145,106.97293334678145,8.09959875128689,10,4.785651129077159,Moto,Sandstorms,High,Metropolitian,True,0,1,0,3475.7641710538487,3592.73710440063,Aumento_Velocidade,1
pedido_3483.6249009944218_381,132.65520812979105,111.09181820014284,96.09181820014284,6.434504710432548,15,4.633460264557092,Scooter,Windy,High,Urban,False,0,1,0,3483.6249009944218,3594.7167191945646,Aumento_Velocidade,1
pedido_3467.2491399721134_373,132.09543595592885,128.87913801205647,113.87913801205647,9.06912742471568,15,4.50463089950069,Moto,Foggy,High,Metropolitian,False,0,1,0,3467.2491399721134,3596.12827798417,Aumento_Velocidade,1
pedido_3539.5506908947605_431,62.87142825590663,61.59180350395144,46.59180350395144,13.84987771818925,10,4.393320636024198,Moto,Sunny,Medium,Metropolitian,False,1,0,1,3539.5506908947605,3596.1424943987117,Rota_Reduzida,1
pedido_3495.188208514152_394,98.85747052239749,97.51532285833215,97.51532285833215,7.08245115282612,5,4.9045925880920045,Moto,Foggy,Low,Metropolitian,False,0,0,0,3495.188208514152,3597.703531372484,Nenhuma,1
pedido_3484.486954102602_386,131.30903277223456,124.49983638421631,109.49983638421631,8.058402190836595,5,4.660387425702993,Scooter,Windy,Jam,Metropolitian,True,0,1,0,3484.486954102602,3598.9867904868183,Aumento_Velocidade,1
pedido_3491.545244794608_388,130.84202769971293,112.77743420802062,97.77743420802062,5.9553748028946805,10,4.6266688629556,Moto,Windy,High,Metropolitian,False,0,1,0,3491.545244794608,3599.322679002629,Aumento_Velocidade,1
pedido_3512.0466682581596_407,98.97229356687076,92.51969844557259,77.51969844557259,0.0,10,4.799080373291587,Scooter,Sunny,High,Metropolitian,True,0,1,1,3512.0466682581596,3599.566366703732,Aumento_Velocidade,1
pedido_3484.312606426375_384,136.85868952867082,116.70361517523628,101.70361517523628,17.528847655112752,15,4.809834452462876,Moto,Windy,High,Metropolitian,True,0,1,0,3484.312606426375,3601.0162216016115,Aumento_Velocidade,1
pedido_3484.114210360907_382,132.6685663675884,122.01097294028136,107.01097294028136,14.99636058536081,10,4.7886211897508275,Scooter,Stormy,Medium,Metropolitian,False,0,0,0,3484.114210360907,3601.1251833011884,Rota_Reduzida,1
pedido_3532.9422161493876_428,94.49594367259826,69.64931705784053,54.649317057840534,6.27365291585844,15,4.750568513489522,Moto,Sunny,High,Metropolitian,False,0,1,1,3532.9422161493876,3602.591533207228,Aumento_Velocidade,1
pedido_3431.9781302833762_347,185.67473937622736,180.7177066413908,165.7177066413908,12.799303005941411,5,4.356153148324417,Scooter,Windy,High,Urban,False,0,1,0,3431.9781302833762,3602.695836924767,Aumento_Velocidade,0
pedido_3430.744230291088_346,187.3226113434092,177.91092438745918,162.91092438745918,15.309320823747129,10,4.432759497686487,Scooter,Stormy,High,Metropolitian,False,0,1,0,3430.744230291088,3603.655154678547,Aumento_Velocidade,0
pedido_3473.876056983939_376,133.87595194938137,137.70148862120496,122.70148862120496,5.8445552754408245,10,4.617492921462493,Moto,Foggy,High,Metropolitian,False,0,1,0,3473.876056983939,3606.577545605144,Aumento_Velocidade,0
pedido_3508.714093473428_405,110.04425906475392,105.95643984052089,90.95643984052089,20.563518289781467,10,4.5022327599319,Moto,Sunny,Medium,Metropolitian,True,0,0,1,3508.714093473428,3609.670533313949,Rota_Reduzida,1
pedido_3459.0652930259503_369,146.40741446314007,142.14853935439,142.14853935439,24.145415915883618,10,4.65371523786966,Van,Foggy,High,Metropolitian,True,0,1,0,3459.0652930259503,3611.21383238034,Nenhuma,0
pedido_3493.016071546734_391,134.51104555526933,124.3880504204125,109.3880504204125,14.53078264354971,10,4.80311295041976,Moto,Sandstorms,High,Urban,False,0,1,0,3493.016071546734,3612.4041219671467,Aumento_Velocidade,1
pedido_3505.68556668207_402,132.24162150115285,118.84102218161988,103.84102218161988,8.552276430851832,5,4.505714460915131,Scooter,Foggy,High,Urban,False,0,1,0,3505.68556668207,3614.52658886369,Aumento_Velocidade,1
pedido_3496.4969528738534_396,132.82313502095025,118.63306216010889,103.63306216010889,11.601895539720376,15,4.526680763041496,Moto,Windy,High,Metropolitian,False,0,1,0,3496.4969528738534,3615.130015033962,Aumento_Velocidade,1
pedido_3497.0410020844506_397,141.29192220522833,130.376544819414,115.376544819414,10.913454979985485,5,4.74102790321012,Scooter,Foggy,High,Metropolitian,False,0,1,0,3497.0410020844506,3617.4175469038646,Aumento_Velocidade,1
pedido_3466.289671760057_372,176.85011258581002,156.45570118535636,141.45570118535636,7.0033748390804575,10,4.386152106186504,Moto,Sandstorms,High,Metropolitian,False,0,1,0,3466.289671760057,3617.7453729454132,Aumento_Velocidade,0
pedido_3506.353716293439_404,130.69048923704733,111.42363307350264,96.42363307350264,0.613013540281405,15,4.7078596646948005,Scooter,Sandstorms,High,Metropolitian,True,0,1,0,3506.353716293439,3617.7773493669415,Aumento_Velocidade,1
pedido_3496.0037893368717_395,134.7974215953007,134.3736431666091,119.3736431666091,4.3041353006077605,5,4.667655765662891,Scooter,Foggy,High,Metropolitian,False,0,1,0,3496.0037893368717,3620.377432503481,Aumento_Velocidade,1
pedido_3583.125413215798_464,60.47576870674224,51.839588702607294,36.839588702607294,12.91212839813929,5,4.4248980875973825,Scooter,Stormy,Jam,Urban,False,1,1,0,3583.125413215798,3624.965001918405,Aumento_Velocidade,1
pedido_3553.774072854189_441,94.49594367259826,72.28911794033625,57.289117940336254,7.0545595360000455,15,4.784681554603448,Moto,Sunny,High,Metropolitian,False,0,1,1,3553.774072854189,3626.0631907945253,Aumento_Velocidade,1
pedido_3506.1474721155832_403,129.45263090172926,120.10529268667321,105.10529268667321,1.8560657762706159,15,4.613524564864807,Moto,Sandstorms,Medium,Metropolitian,False,0,0,0,3506.1474721155832,3626.2527648022565,Rota_Reduzida,1
pedido_3494.074215300798_392,138.06785772341524,133.0546249694515,118.05462496945151,23.809951968384084,15,4.607541887693783,Moto,Windy,Medium,Metropolitian,False,0,0,0,3494.074215300798,3627.12884027025,Rota_Reduzida,1
pedido_3514.7252544672874_410,136.26809010294815,124.63403569202868,109.63403569202868,11.52721879022385,5,5.0,Scooter,Windy,High,Metropolitian,False,0,1,0,3514.7252544672874,3629.359290159316,Aumento_Velocidade,1
pedido_3521.004501085902_416,134.08867760545337,113.55156060338794,98.55156060338794,9.736866711132777,10,4.99455626854632,Moto,Foggy,Jam,Metropolitian,False,0,1,0,3521.004501085902,3629.55606168929,Aumento_Velocidade,1
pedido_3491.079726159891_387,152.24312390022155,143.78400159472687,128.78400159472687,17.161577088481938,10,4.827084500020273,Moto,Foggy,Jam,Metropolitian,True,0,1,0,3491.079726159891,3629.8637277546177,Aumento_Velocidade,0
pedido_3501.2194868693787_399,137.37193346031697,141.7263626643162,126.72636266431621,4.947349357623587,5,4.620590735278693,Moto,Windy,Medium,Metropolitian,False,0,0,0,3501.2194868693787,3632.945849533695,Rota_Reduzida,0
pedido_3522.999610085043_419,140.62704366312087,110.0751053779626,95.0751053779626,14.518095192675238,15,4.558074064103783,Scooter,Sandstorms,Jam,Metropolitian,False,0,1,0,3522.999610085043,3633.0747154630058,Aumento_Velocidade,1
pedido_3516.8621658610823_412,132.53494434877265,116.31775710865153,101.31775710865153,9.306594736821497,15,4.8628177408827,Moto,Windy,High,Metropolitian,False,0,1,0,3516.8621658610823,3633.179922969734,Aumento_Velocidade,1
pedido_3553.780575373095_442,94.44982424601581,75.61358622070898,75.61358622070898,3.0584179057803444,5,4.7727462310972975,Van,Sunny,Medium,Metropolitian,False,0,0,1,3553.780575373095,3634.394161593804,Nenhuma,1
pedido_3595.7148531025064_476,44.972621854429086,24.255319634058147,24.255319634058147,13.689031433263688,15,5.0,Moto,Foggy,High,Metropolitian,False,1,1,0,3595.7148531025064,3634.9701727365646,Nenhuma,1
pedido_3524.886375538697_420,134.5876500110783,116.60838657302506,101.60838657302506,6.1187167870178385,10,4.645547949969455,Moto,Sandstorms,Medium,Metropolitian,False,0,0,0,3524.886375538697,3636.494762111722,Rota_Reduzida,1
pedido_3534.399013308191_430,134.25938824788128,107.1931843969925,92.1931843969925,9.1663505432299,10,4.611877399965907,Scooter,Foggy,High,Metropolitian,False,0,1,0,3534.399013308191,3636.5921977051835,Aumento_Velocidade,1
pedido_3530.0007814211663_424,132.65520812979105,111.98212519516417,96.98212519516417,6.5162617988020255,10,4.6124494083775875,Moto,Windy,High,Metropolitian,False,0,1,0,3530.0007814211663,3636.9829066163306,Aumento_Velocidade,1
pedido_3558.7287435254743_446,115.51222804635573,88.6331128650406,68.6331128650406,4.80202803073626,10,4.73647034526928,Moto,Stormy,Jam,Other,False,0,1,0,3558.7287435254743,3637.3618563905147,Rota_Reduzida,1
pedido_3505.401797166983_401,140.33950404704848,137.64238778024688,122.64238778024688,11.77899028688111,10,4.8141948356722795,Moto,Foggy,High,Metropolitian,False,0,1,0,3505.401797166983,3638.04418494723,Aumento_Velocidade,0
pedido_3494.4967122450344_393,134.0733300599773,154.45332480355611,139.45332480355611,23.41457939834043,5,4.537541310067098,Scooter,Stormy,High,Metropolitian,False,0,1,0,3494.4967122450344,3638.9500370485903,Aumento_Velocidade,0
pedido_3520.4676878270834_415,141.69596539379722,124.35612385642571,109.35612385642571,11.411071161738626,10,4.854767114671034,Scooter,Foggy,Medium,Metropolitian,False,0,0,0,3520.4676878270834,3639.823811683509,Rota_Reduzida,1
pedido_3502.475104286438_400,132.08738865094864,127.41490838506593,127.41490838506593,6.4935098625681835,10,5.0,Van,Stormy,High,Metropolitian,False,0,1,0,3502.475104286438,3639.8900126715043,Nenhuma,0
pedido_3519.5375757882043_414,134.68446683212727,130.52530440930454,115.52530440930454,15.067789306415905,5,4.615179695522684,Scooter,Sandstorms,High,Metropolitian,False,0,1,0,3519.5375757882043,3640.062880197509,Aumento_Velocidade,1
pedido_3531.6025848930135_426,131.12923098957708,118.87756661337694,103.87756661337694,3.562706031790791,5,4.470178547206644,Moto,Sandstorms,High,Metropolitian,False,0,1,0,3531.6025848930135,3640.4801515063905,Aumento_Velocidade,1
pedido_3508.9854674473004_406,133.54052809759443,131.60370805013318,116.60370805013318,7.939446580704127,15,4.6604088499688885,Moto,Foggy,High,Metropolitian,False,0,1,0,3508.9854674473004,3640.5891754974336,Aumento_Velocidade,1
pedido_3522.1132628142477_417,130.96223913529008,118.76945745375403,103.76945745375403,4.023650213833759,15,4.745310204218328,Moto,Sandstorms,Medium,Metropolitian,False,0,0,0,3522.1132628142477,3640.882720268002,Rota_Reduzida,1
pedido_3584.992731814075_466,46.572941964527985,42.447781808965196,42.447781808965196,15.172069260771309,15,4.618341881448904,Moto,Stormy,Jam,Metropolitian,True,1,1,0,3584.992731814075,3642.4405136230403,Nenhuma,1
pedido_3492.5355099724225_390,175.43030116636646,161.07848765432698,146.07848765432698,3.512219242598997,10,4.41031040968088,Moto,Stormy,High,Metropolitian,False,0,1,0,3492.5355099724225,3648.6139976267496,Aumento_Velocidade,0
pedido_3533.760425051577_429,134.01173920623864,125.08865018970678,110.08865018970678,3.3401612336706887,5,4.916680405710515,Scooter,Foggy,High,Metropolitian,False,0,1,0,3533.760425051577,3648.8490752412836,Aumento_Velocidade,1
pedido_3566.5817730957774_452,107.47213257801876,85.65304835289274,70.65304835289274,9.961840312684696,15,4.774333319213817,Moto,Sunny,Jam,Metropolitian,False,0,1,1,3566.5817730957774,3652.23482144867,Aumento_Velocidade,1
pedido_3566.864863097592_453,101.13372221980404,90.67911119798734,75.67911119798734,7.172498248666146,10,5.0,Moto,Sunny,Jam,Metropolitian,False,0,1,1,3566.864863097592,3652.5439742955796,Aumento_Velocidade,1
pedido_3517.3270037855746_413,139.61793600136465,145.52543845827546,130.52543845827546,11.221273605100695,5,4.557720429359081,Scooter,Windy,Jam,Urban,True,0,1,0,3517.3270037855746,3652.85244224385,Aumento_Velocidade,0
pedido_3529.670039422016_422,144.40729394361455,128.33665781542172,113.33665781542172,13.979310660274452,10,4.738012804062366,Moto,Foggy,High,Metropolitian,True,0,1,0,3529.670039422016,3653.006697237438,Aumento_Velocidade,1
pedido_3547.9601250453384_437,125.6931711582614,123.17981393456108,103.17981393456108,2.020685822983371,5,5.0,Moto,Sandstorms,High,Other,False,0,1,0,3547.9601250453384,3656.1399389798994,Rota_Reduzida,1
pedido_3492.3124683257597_389,159.72331137241184,149.9728711351943,149.9728711351943,11.801269336620754,15,4.41232733485042,Scooter,Stormy,Low,Metropolitian,True,0,0,0,3492.3124683257597,3657.285339460954,Nenhuma,0
pedido_3603.2253805035893_481,47.59280984518735,39.11380546267294,39.11380546267294,5.217186021388384,15,4.964444693853367,Moto,Windy,Jam,Metropolitian,False,1,1,0,3603.2253805035893,3657.3391859662624,Nenhuma,1
pedido_3478.636022973973_379,176.9643546228283,173.83097572124262,173.83097572124262,8.700383039046706,5,4.3161106018839455,Van,Sandstorms,High,Urban,False,0,1,0,3478.636022973973,3657.466998695216,Nenhuma,0
pedido_3550.9538236353806_438,110.03329930233114,98.64379040850648,98.64379040850648,16.2742076531388,10,4.982118641402883,Moto,Foggy,Low,Metropolitian,False,0,0,0,3550.9538236353806,3659.597614043887,Nenhuma,1
pedido_3547.063820982839_435,134.85080657916734,114.82705887554368,99.82705887554368,16.57784693836645,15,4.559799174514702,Scooter,Sandstorms,High,Urban,True,0,1,0,3547.063820982839,3661.8908798583825,Aumento_Velocidade,1
pedido_3559.7533552938407_448,130.17847072221292,102.75502823531336,87.75502823531336,2.3997669321203516,15,4.771479285042624,Moto,Sandstorms,High,Urban,True,0,1,0,3559.7533552938407,3662.508383529154,Aumento_Velocidade,1
pedido_3565.3934079561695_451,132.91721203964622,102.46372924938095,87.46372924938095,9.648233747394869,10,4.815862086080525,Scooter,Foggy,High,Metropolitian,False,0,1,0,3565.3934079561695,3662.8571372055503,Aumento_Velocidade,1
pedido_3547.6347845967935_436,133.87595194938137,115.43701258551638,100.43701258551638,5.750218514016318,15,4.576473971877356,Moto,Foggy,High,Metropolitian,False,0,1,0,3547.6347845967935,3663.0717971823096,Aumento_Velocidade,1
pedido_3529.7994739130863_423,134.68446683212727,124.44319893053083,124.44319893053083,15.031405752667952,10,4.551205151387152,Van,Sandstorms,High,Metropolitian,False,0,1,0,3529.7994739130863,3664.242672843617,Nenhuma,0
pedido_3545.3461407163063_433,131.03979234049356,129.2114003275904,114.21140032759041,4.886977497117214,5,4.741301865193028,Moto,Windy,High,Metropolitian,False,0,1,0,3545.3461407163063,3664.557541043897,Aumento_Velocidade,1
pedido_3554.430381129384_443,135.66024104739185,117.2458688214558,102.2458688214558,5.489698926659382,10,5.0,Moto,Stormy,Medium,Urban,True,0,0,0,3554.430381129384,3666.6762499508395,Rota_Reduzida,1
pedido_3556.5622945996174_445,127.39112761191271,115.61602109585542,100.61602109585542,5.2817375548148355,10,4.607423025707666,Scooter,Stormy,Jam,Urban,False,0,1,0,3556.5622945996174,3667.178315695473,Aumento_Velocidade,1
pedido_3522.975435084397_418,171.82086708680484,151.85236592634942,136.85236592634942,4.473819158546745,10,4.01502106201328,Scooter,Sandstorms,Medium,Metropolitian,False,0,0,0,3522.975435084397,3669.827801010746,Rota_Reduzida,0
pedido_3551.889041253051_439,139.76098043881018,124.25872197102262,109.25872197102262,11.671363602531292,10,4.66979399599306,Scooter,Windy,Jam,Metropolitian,True,0,1,0,3551.889041253051,3671.1477632240735,Aumento_Velocidade,1
pedido_3560.448064534039_449,132.31169203335554,112.16253335170897,97.16253335170897,7.485540588353535,15,4.613364805693777,Scooter,Sandstorms,High,Metropolitian,False,0,1,0,3560.448064534039,3672.610597885748,Aumento_Velocidade,1
pedido_3593.405564355136_470,101.56679513948185,84.96261718607732,69.96261718607732,8.42980130856122,10,4.487973964015729,Moto,Sunny,Jam,Metropolitian,False,0,1,1,3593.405564355136,3673.3681815412133,Aumento_Velocidade,1
pedido_3555.8747541988946_444,133.0196758514353,128.81973317288472,113.81973317288472,16.281974451171553,5,4.652179071292854,Scooter,Windy,High,Metropolitian,False,0,1,0,3555.8747541988946,3674.6944873717794,Aumento_Velocidade,1
pedido_3593.4922743080338_472,96.868696119631,71.56914401568298,71.56914401568298,1.9576757874424655,10,4.487537908455977,Moto,Sunny,Low,Metropolitian,False,0,0,1,3593.4922743080338,3675.0614183237167,Nenhuma,1
pedido_3552.062322122154_440,128.126410736253,127.96888925034725,112.96888925034725,5.2955907124163675,15,4.7467176713432435,Scooter,Stormy,High,Urban,False,0,1,0,3552.062322122154,3680.0312113725013,Aumento_Velocidade,1
pedido_3563.8709390684794_450,99.37449396447538,101.29227185229539,101.29227185229539,8.01933003195778,15,5.0,Moto,Stormy,Low,Urban,False,0,0,0,3563.8709390684794,3680.163210920775,Nenhuma,1
pedido_3514.890398076304_411,189.66738065255484,170.65232066169807,155.65232066169807,15.495895381594531,10,4.3901830576107645,Moto,Foggy,High,Metropolitian,True,0,1,0,3514.890398076304,3680.542718738002,Aumento_Velocidade,0
pedido_3581.52049825562_463,132.73641134562473,111.35883885811138,96.35883885811138,7.5820476777724695,5,4.740693324112625,Moto,Stormy,Medium,Metropolitian,False,0,0,0,3581.52049825562,3682.8793371137317,Rota_Reduzida,1
pedido_3607.5752559633574_485,99.3974574175129,75.90809770215463,60.908097702154635,6.997933581799624,15,4.68490977733913,Moto,Sunny,Jam,Urban,False,0,1,1,3607.5752559633574,3683.483353665512,Aumento_Velocidade,1
pedido_3585.0339071479043_467,133.7892815203351,100.69674758263574,85.69674758263574,16.91323900016534,15,4.665347752966068,Moto,Stormy,Medium,Metropolitian,True,0,0,0,3585.0339071479043,3685.73065473054,Rota_Reduzida,1
pedido_3512.8794472985087_408,185.50591450973988,174.7521284238484,159.7521284238484,17.070950326654827,15,4.228462197182989,Moto,Stormy,High,Metropolitian,True,0,1,0,3512.8794472985087,3687.631575722357,Aumento_Velocidade,0
pedido_3655.231582312412_511,42.04433351190045,30.288468179205843,30.288468179205843,11.273612152109267,5,4.7370577626803,Moto,Foggy,Low,Metropolitian,True,1,0,0,3655.231582312412,3690.5200504916174,Nenhuma,1
pedido_3575.2521005412427_458,110.48189898597036,110.95533138358788,110.95533138358788,12.215759856696632,5,4.59093086359066,Scooter,Foggy,Low,Metropolitian,False,0,0,0,3575.2521005412427,3691.2074319248304,Nenhuma,1
pedido_3609.4729558639647_486,105.45595709912072,82.75465290612425,67.75465290612425,5.068250820094642,15,4.480517414096099,Scooter,Sunny,High,Metropolitian,True,0,1,1,3609.4729558639647,3692.227608770089,Aumento_Velocidade,1
pedido_3576.9885516858426_459,133.42420439622012,120.68079143785627,105.68079143785627,4.515506276425101,10,4.464574383691333,Moto,Sandstorms,Medium,Metropolitian,False,0,0,0,3576.9885516858426,3692.669343123699,Rota_Reduzida,1
pedido_3593.4274076157353_471,126.78166056564366,99.87581631406432,84.87581631406432,6.041474402727336,15,4.877802918187048,Moto,Stormy,Jam,Metropolitian,False,0,1,0,3593.4274076157353,3693.3032239297995,Aumento_Velocidade,1
pedido_3567.9987930194466_454,133.9901273313402,133.44630997672598,118.44630997672598,12.336165733587123,10,4.748213671596974,Moto,Windy,Medium,Metropolitian,False,0,0,0,3567.9987930194466,3696.4451029961724,Rota_Reduzida,1
pedido_3594.7528688103243_475,102.42234718187063,111.80773990223955,96.80773990223955,19.807743382950605,5,4.715708115544528,Moto,Sunny,High,Metropolitian,False,0,1,1,3594.7528688103243,3696.560608712564,Aumento_Velocidade,1
pedido_3572.924737160295_457,130.14159717784216,129.3384871130212,114.33848711302119,0.8639312401231836,10,4.689100827561024,Moto,Sandstorms,Medium,Metropolitian,False,0,0,0,3572.924737160295,3697.263224273316,Rota_Reduzida,1
pedido_3572.540788423505_456,130.64060993256777,125.44974096629241,110.44974096629241,11.107207403802857,15,4.9202743252555035,Moto,Stormy,High,Urban,False,0,1,0,3572.540788423505,3697.9905293897973,Aumento_Velocidade,1
pedido_3568.2328084190017_455,131.5838888211861,140.06968550792342,125.06968550792342,8.09347992715701,5,4.80629544039325,Moto,Sandstorms,High,Metropolitian,False,0,1,0,3568.2328084190017,3698.3024939269253,Aumento_Velocidade,0
pedido_3578.836565641211_461,129.40810462165848,124.55388747522667,109.55388747522667,5.148684596210857,10,4.67093340313445,Scooter,Windy,High,Urban,True,0,1,0,3578.836565641211,3698.3904531164376,Aumento_Velocidade,1
pedido_3627.954439222456_497,95.5788166304276,73.55848443952249,58.55848443952249,7.145673866041545,15,4.634717454684593,Moto,Sunny,High,Urban,False,0,1,1,3627.954439222456,3701.5129236619787,Aumento_Velocidade,1
pedido_3531.2142255670337_425,187.3950221781668,175.6743412036263,160.6743412036263,12.374735372425754,10,4.426176874021615,Moto,Stormy,High,Metropolitian,False,0,1,0,3531.2142255670337,3701.88856677066,Aumento_Velocidade,0
pedido_3600.056544637309_477,123.3980388630499,107.19264860582656,92.19264860582656,0.31547825285317366,10,4.641160622674524,Scooter,Stormy,Jam,Urban,False,0,1,0,3600.056544637309,3702.2491932431353,Aumento_Velocidade,1
pedido_3593.9333924524663_473,133.32519134570916,115.23176832776615,100.23176832776615,12.289730149560908,10,4.539783058842726,Moto,Windy,Medium,Metropolitian,False,0,0,0,3593.9333924524663,3704.1651607802323,Rota_Reduzida,1
pedido_3672.3234434688707_521,62.092064129965536,46.82927509419687,26.829275094196873,6.728478938882205,10,4.336890523346752,Scooter,Sandstorms,High,Other,True,1,1,0,3672.3234434688707,3709.1527185630675,Rota_Reduzida,1
pedido_3584.036495297776_465,128.11277391432864,127.16777360117527,112.16777360117527,5.333970312945043,15,4.6333568332916935,Moto,Foggy,Medium,Metropolitian,False,0,0,0,3584.036495297776,3711.2042688989513,Rota_Reduzida,1
pedido_3545.679873933_434,161.73674673269574,161.58681693261843,161.58681693261843,15.294048087922189,5,4.313030018960788,Scooter,Sandstorms,Low,Metropolitian,True,0,0,0,3545.679873933,3712.266690865619,Nenhuma,0
pedido_3600.950560954584_478,138.0015985248057,121.98891959493723,106.98891959493723,10.373061103875884,5,4.670030423684583,Moto,Windy,High,Metropolitian,False,0,1,0,3600.950560954584,3712.9394805495212,Aumento_Velocidade,1
pedido_3601.316930194084_479,140.18646743741002,116.9753933580946,101.9753933580946,12.411520694842768,10,5.0,Moto,Stormy,Jam,Metropolitian,True,0,1,0,3601.316930194084,3713.2923235521785,Aumento_Velocidade,1
pedido_3614.447527047384_490,128.79363038399805,111.45934320943934,96.45934320943934,8.750883781454158,5,4.645098042637223,Scooter,Sandstorms,Jam,Metropolitian,True,0,1,0,3614.447527047384,3715.9068702568234,Aumento_Velocidade,1
pedido_3606.789730574028_484,135.88974003663375,119.24465615628532,104.24465615628532,10.111952559642155,5,4.635210092090591,Scooter,Windy,High,Metropolitian,False,0,1,0,3606.789730574028,3716.034386730313,Aumento_Velocidade,1
pedido_3606.0191880611696_482,128.38993636279594,110.60387140907143,95.60387140907143,4.695410548273387,15,4.5944121417144554,Moto,Windy,Jam,Metropolitian,False,0,1,0,3606.0191880611696,3716.623059470241,Aumento_Velocidade,1
pedido_3602.8418813703265_480,137.62281283670444,113.95015804469898,98.95015804469898,13.460450752194967,15,4.655716103213304,Moto,Sandstorms,Medium,Metropolitian,True,0,0,0,3602.8418813703265,3716.7920394150256,Rota_Reduzida,1
pedido_3594.365025625953_474,134.53797187709787,130.24610039884578,115.24610039884578,18.226083379859965,10,4.876190211587725,Moto,Sandstorms,High,Metropolitian,True,0,1,0,3594.365025625953,3719.611126024799,Aumento_Velocidade,1
pedido_3606.7054430604867_483,132.6161307299686,118.58325797700527,103.58325797700527,11.634672488714598,10,4.640027616861925,Scooter,Windy,High,Metropolitian,False,0,1,0,3606.7054430604867,3720.288701037492,Aumento_Velocidade,1
pedido_3531.8052571167673_427,185.4344730888647,193.70112655095195,178.70112655095195,14.98268685390747,10,4.2621503337597595,Scooter,Windy,High,Metropolitian,False,0,1,0,3531.8052571167673,3720.506383667719,Aumento_Velocidade,0
pedido_3616.520324088963_491,131.64209897786156,107.11932880282126,92.11932880282126,1.296525062198624,15,4.738559773041316,Moto,Windy,High,Metropolitian,False,0,1,0,3616.520324088963,3723.6396528917844,Aumento_Velocidade,1
pedido_3617.1528055934064_492,133.42097770981422,113.14463321971263,98.14463321971263,11.51947666807555,10,4.764835336720737,Scooter,Windy,Medium,Metropolitian,False,0,0,0,3617.1528055934064,3725.297438813119,Rota_Reduzida,1
pedido_3609.5560720237745_487,127.98763945917513,126.13558810059271,111.13558810059271,5.157873383526758,5,4.6828037995101335,Moto,Foggy,Medium,Urban,True,0,0,0,3609.5560720237745,3725.6916601243674,Rota_Reduzida,1
pedido_3635.8771045911685_502,93.9126590166317,101.7860084234441,86.7860084234441,4.007691191516317,5,4.635004437985998,Scooter,Sunny,Medium,Metropolitian,False,0,0,1,3635.8771045911685,3727.6631130146125,Rota_Reduzida,1
pedido_3593.3145733919896_469,131.9012147297906,136.0937790026163,121.09377900261629,3.429859592608169,15,4.710911516735844,Moto,Windy,High,Metropolitian,False,0,1,0,3593.3145733919896,3729.408352394606,Aumento_Velocidade,0
pedido_3618.8499025079523_494,130.6580430495067,114.28831846887977,99.28831846887977,6.803457315431742,15,4.7335818053178125,Moto,Sandstorms,High,Metropolitian,True,0,1,0,3618.8499025079523,3733.138220976832,Aumento_Velocidade,1
pedido_3630.6920304358105_500,131.58444361001617,115.42185709143118,100.42185709143118,7.990562256644813,5,4.952229357843414,Moto,Stormy,High,Metropolitian,False,0,1,0,3630.6920304358105,3736.113887527242,Aumento_Velocidade,1
pedido_3559.5036772908134_447,175.57301413758174,187.0045174656104,172.0045174656104,4.58774495403383,5,4.393432008373282,Scooter,Stormy,High,Metropolitian,False,0,1,0,3559.5036772908134,3736.5081947564236,Aumento_Velocidade,0
pedido_3662.2812404347887_516,43.51388869206884,64.35880712013605,64.35880712013605,6.833844449237594,10,4.935907576109768,Scooter,Stormy,High,Metropolitian,False,1,1,0,3662.2812404347887,3736.640047554925,Nenhuma,1
pedido_3645.728851581566_506,99.40365984301641,76.18438383258226,76.18438383258226,6.645933254621711,15,4.976220249536524,Scooter,Foggy,Low,Urban,False,0,0,0,3645.728851581566,3736.913235414148,Nenhuma,1
pedido_3578.100146258847_460,178.29954868146356,169.50125648360708,154.50125648360708,8.943275395681619,5,4.447048167470413,Scooter,Stormy,Jam,Metropolitian,True,0,1,0,3578.100146258847,3737.601402742454,Aumento_Velocidade,0
pedido_3579.1015748447107_462,177.71748966059167,163.50313089957987,148.50313089957987,5.570464715878759,10,4.447957734759637,Moto,Foggy,High,Urban,True,0,1,0,3579.1015748447107,3737.6047057442906,Aumento_Velocidade,0
pedido_3612.448225049508_488,140.87825873637593,131.21827418875924,116.21827418875924,13.300671429518017,10,4.813370470556605,Scooter,Windy,Jam,Metropolitian,True,0,1,0,3612.448225049508,3738.666499238267,Aumento_Velocidade,1
pedido_3587.4005695551355_468,173.1270812151615,169.72822518111457,154.72822518111457,7.843870689033373,5,4.444994218476705,Scooter,Windy,Medium,Metropolitian,False,0,0,0,3587.4005695551355,3747.12879473625,Rota_Reduzida,0
pedido_3634.711955319941_501,129.55369318604343,119.32970109998129,104.32970109998129,4.070550063956736,10,4.852592558698354,Moto,Windy,High,Metropolitian,True,0,1,0,3634.711955319941,3749.041656419922,Aumento_Velocidade,1
pedido_3665.6113460173_519,100.44004543993384,97.89246906699553,82.89246906699553,13.823615359086432,5,4.647386477350922,Moto,Sunny,Medium,Urban,False,0,0,1,3665.6113460173,3753.5038150842956,Rota_Reduzida,1
pedido_3624.522267337184_496,127.61054435746048,131.01402450804062,116.01402450804062,5.424905401888074,15,4.4749029283108115,Moto,Windy,Jam,Metropolitian,False,0,1,0,3624.522267337184,3755.5362918452247,Aumento_Velocidade,1
pedido_3630.277975847034_499,111.13904471447606,112.58295455339758,112.58295455339758,16.753475697771524,15,4.714991339699275,Scooter,Foggy,Low,Metropolitian,False,0,0,0,3630.277975847034,3757.8609304004317,Nenhuma,1
pedido_3638.9944320011127_504,136.83362862094657,123.93671780414613,108.93671780414613,9.466147154909976,10,4.9820422602844125,Moto,Sandstorms,High,Metropolitian,False,0,1,0,3638.9944320011127,3757.931149805259,Aumento_Velocidade,1
pedido_3650.54781611821_510,130.5357302082129,118.29689154075315,103.29689154075315,17.28336736712223,5,4.602167422979282,Moto,Stormy,High,Metropolitian,False,0,1,0,3650.54781611821,3758.844707658963,Aumento_Velocidade,1
pedido_3741.081290444269_565,39.37862538495934,3.6304816087668215,3.6304816087668215,8.194565245421174,15,4.512624023148686,Scooter,Sunny,High,Metropolitian,False,1,1,1,3741.081290444269,3759.711772053036,Nenhuma,1
pedido_3650.4272249224746_509,136.89327613073968,122.13674104952293,107.13674104952293,18.820684102025627,5,4.960179524693085,Moto,Stormy,Medium,Semi-Urban,True,0,0,0,3650.4272249224746,3762.5639659719973,Rota_Reduzida,1
pedido_3614.2058096889823_489,175.01665422107504,158.38131575194325,143.38131575194325,1.6627646639590226,5,4.232098005363369,Moto,Stormy,High,Urban,False,0,1,0,3614.2058096889823,3762.587125440926,Aumento_Velocidade,0
pedido_3630.0821409372534_498,134.1258552705536,144.69690327973132,129.69690327973132,12.102541742961325,5,4.661793604279579,Scooter,Stormy,Medium,Metropolitian,False,0,0,0,3630.0821409372534,3764.779044216985,Rota_Reduzida,0
pedido_3663.5331599491988_517,106.32883103085311,87.8686329319236,87.8686329319236,19.348597921123044,15,4.652940474569194,Moto,Windy,Low,Metropolitian,True,0,0,0,3663.5331599491988,3766.401792881122,Nenhuma,1
pedido_3648.244609541062_507,127.24979815619531,120.10212803786618,105.10212803786618,4.862403373117516,15,4.921082509976354,Moto,Stormy,High,Metropolitian,False,0,1,0,3648.244609541062,3768.3467375789282,Aumento_Velocidade,1
pedido_3665.3326701871633_518,128.50363790523832,103.8033115716867,88.8033115716867,0.06375995207649243,15,4.779227758325055,Moto,Stormy,High,Metropolitian,True,0,1,0,3665.3326701871633,3769.13598175885,Aumento_Velocidade,1
pedido_3650.0545549187977_508,119.88450366440226,115.836408766517,115.836408766517,17.073175281702028,5,4.467686428291685,Moto,Sunny,Low,Metropolitian,False,0,0,1,3650.0545549187977,3770.8909636853145,Nenhuma,1
pedido_3685.773665971389_530,100.81209251580319,70.88325835080167,70.88325835080167,3.1089961159831665,15,4.62871364242389,Moto,Foggy,Low,Metropolitian,True,0,0,0,3685.773665971389,3771.6569243221907,Nenhuma,1
pedido_3694.3143117258933_535,95.7464107889051,84.1344422824131,69.1344422824131,2.23386547854777,10,4.4878882385941585,Scooter,Sunny,Medium,Metropolitian,False,0,0,1,3694.3143117258933,3773.4487540083064,Rota_Reduzida,1
pedido_3656.5371701826652_513,135.24202972248207,123.66545399146324,108.66545399146324,3.0360278222698094,10,5.0,Scooter,Foggy,High,Urban,True,0,1,0,3656.5371701826652,3775.2026241741287,Aumento_Velocidade,1
pedido_3640.5163291404615_505,136.5398492498131,147.2222619331096,132.2222619331096,4.753506680036306,5,4.737510249785725,Scooter,Windy,Medium,Metropolitian,False,0,0,0,3640.5163291404615,3777.738591073571,Rota_Reduzida,0
pedido_3688.380488491855_532,102.00599211693107,99.73499249224338,84.73499249224338,11.039137033309633,5,4.5646668225365366,Moto,Sunny,High,Urban,False,0,1,1,3688.380488491855,3778.115480984098,Aumento_Velocidade,1
pedido_3701.03123864375_541,98.71650902594666,79.19355211193522,64.19355211193522,5.402185964194687,15,4.58736473333742,Moto,Sunny,High,Metropolitian,False,0,1,1,3701.03123864375,3780.2247907556853,Aumento_Velocidade,1
pedido_3655.869634369737_512,141.11194458647606,129.68752932916502,114.68752932916502,10.498148599395499,10,4.697786383210481,Moto,Foggy,Medium,Metropolitian,False,0,0,0,3655.869634369737,3780.557163698902,Rota_Reduzida,1
pedido_3679.9180680829263_527,110.26203369114873,101.04976306784992,86.04976306784992,10.865432223714663,15,4.989687294060538,Moto,Sunny,Jam,Metropolitian,False,0,1,1,3679.9180680829263,3780.9678311507764,Aumento_Velocidade,1
pedido_3661.912296249065_515,133.051824642882,119.11227710463578,104.11227710463578,7.204330101755243,15,4.556421590233086,Moto,Stormy,Medium,Metropolitian,False,0,0,0,3661.912296249065,3781.024573353701,Rota_Reduzida,1
pedido_3670.2455838074925_520,133.65866179184164,112.08698242056163,97.08698242056163,8.285925710534316,15,4.7114714132866276,Moto,Sandstorms,Medium,Urban,False,0,0,0,3670.2455838074925,3782.332566228054,Rota_Reduzida,1
pedido_3680.6204769161163_528,127.4442264990866,115.3419822126568,100.3419822126568,9.428648339895894,10,4.666095623905979,Moto,Sandstorms,Jam,Metropolitian,False,0,1,0,3680.6204769161163,3790.962459128773,Aumento_Velocidade,1
pedido_3686.1981008269186_531,138.65013537205226,110.4572031558832,95.4572031558832,12.917587785031941,10,4.504265612417471,Moto,Windy,Jam,Metropolitian,False,0,1,0,3686.1981008269186,3791.655303982802,Aumento_Velocidade,1
pedido_3673.170167458084_522,142.4903829005456,119.67154452367862,104.67154452367862,12.849109068067518,15,4.587318594031014,Moto,Foggy,High,Metropolitian,False,0,1,0,3673.170167458084,3792.8417119817627,Aumento_Velocidade,1
pedido_3673.2986595959064_523,129.58043363698226,110.53724507223419,110.53724507223419,12.853649164454833,10,4.7987445441070005,Van,Stormy,High,Metropolitian,False,0,1,0,3673.2986595959064,3793.8359046681408,Nenhuma,1
pedido_3659.9976495825904_514,134.40539903365476,146.21794007479008,131.21794007479008,14.12546131137775,5,4.532020163895407,Moto,Stormy,Medium,Urban,False,0,0,0,3659.9976495825904,3796.2155896573804,Rota_Reduzida,0
pedido_3695.528181477381_536,125.82747361658369,101.61448100754714,86.61448100754714,6.513777817632243,15,4.502064873125791,Scooter,Stormy,Medium,Other,False,0,0,0,3695.528181477381,3797.142662484928,Rota_Reduzida,1
pedido_3617.273371178737_493,189.70317560904016,185.41155073143975,170.41155073143975,12.382252792767243,10,4.395296696366466,Moto,Foggy,High,Urban,True,0,1,0,3617.273371178737,3797.6849219101764,Aumento_Velocidade,0
pedido_3673.5164021300193_524,131.71483402655042,125.64440133536715,110.64440133536715,2.9144930136369234,15,4.571524697775171,Moto,Sandstorms,Medium,Urban,True,0,0,0,3673.5164021300193,3799.1608034653864,Rota_Reduzida,1
pedido_3623.1871063495055_495,188.23592991449317,181.41131989871596,166.41131989871596,17.25550076730723,10,4.365506726390963,Scooter,Windy,Medium,Urban,False,0,0,0,3623.1871063495055,3799.5984262482216,Rota_Reduzida,0
pedido_3698.5403161063077_538,133.18459838649693,106.68856621291583,91.68856621291583,2.9184849015637284,10,4.919802147840634,Scooter,Windy,Medium,Metropolitian,False,0,0,0,3698.5403161063077,3800.2288823192234,Rota_Reduzida,1
pedido_3691.8544467080915_533,132.11706043010713,112.01447050085548,97.01447050085548,9.789411806010762,15,4.850137649862199,Moto,Foggy,High,Urban,False,0,1,0,3691.8544467080915,3803.868917208947,Aumento_Velocidade,1
pedido_3699.863329611812_539,129.6578154282254,112.7946383043203,97.7946383043203,2.7905077961366467,10,4.763424390123042,Scooter,Sandstorms,Medium,Urban,False,0,0,0,3699.863329611812,3807.6579679161323,Rota_Reduzida,1
pedido_3716.3359806921053_550,109.54164704749574,92.32091564254405,77.32091564254405,18.41904201009833,15,4.862684866443401,Scooter,Sunny,Jam,Metropolitian,False,0,1,1,3716.3359806921053,3808.6568963346494,Aumento_Velocidade,1
pedido_3673.6669698613678_525,142.2548310866153,140.30138379156105,125.30138379156105,17.591318099013865,10,4.578278333119907,Scooter,Foggy,High,Metropolitian,False,0,1,0,3673.6669698613678,3808.9683536529287,Aumento_Velocidade,0
pedido_3704.0448949787933_546,129.71071089956337,107.62608260796101,92.62608260796101,10.543916176366643,15,4.658566950443053,Moto,Stormy,Medium,Other,False,0,0,0,3704.0448949787933,3811.6709775867544,Rota_Reduzida,1
pedido_3780.458403555322_586,46.606033710001576,17.64461834229914,17.64461834229914,9.377872189428178,15,4.604121414040019,Moto,Sandstorms,High,Urban,True,1,1,0,3780.458403555322,3813.103021897621,Nenhuma,1
pedido_3701.0433954103255_542,103.5846097588127,103.99752229290408,103.99752229290408,3.2996263112445616,10,4.769197126189581,Scooter,Sandstorms,Low,Urban,False,0,0,0,3701.0433954103255,3815.0409177032298,Nenhuma,1
pedido_3679.1594831608327_526,143.87999213971185,136.82922450467728,121.82922450467728,14.882191782707814,15,4.750870268836547,Scooter,Foggy,High,Urban,True,0,1,0,3679.1594831608327,3815.98870766551,Aumento_Velocidade,0
pedido_3776.279924130287_584,39.52275963412926,25.40678148797675,25.40678148797675,13.467992317866138,15,4.663956880628351,Scooter,Sunny,High,Metropolitian,False,1,1,1,3776.279924130287,3816.6867056182637,Nenhuma,1
pedido_3735.2913568784934_561,98.4741218806905,93.41221473802271,78.41221473802271,8.439004928735852,5,4.836306357634746,Scooter,Sunny,Jam,Metropolitian,False,0,1,1,3735.2913568784934,3818.703571616516,Aumento_Velocidade,1
pedido_3636.953138473107_503,185.12427091440043,189.58559067491623,174.58559067491623,12.40056073279648,10,4.442144105270665,Moto,Windy,High,Metropolitian,False,0,1,0,3636.953138473107,3821.5387291480233,Aumento_Velocidade,0
pedido_3724.66134442475_554,99.77114096584833,108.86559823309133,93.86559823309133,4.590192651487644,5,4.7376854509457775,Scooter,Sunny,High,Metropolitian,True,0,1,1,3724.66134442475,3823.5269426578416,Aumento_Velocidade,1
pedido_3702.0102795569073_544,137.0401775347903,122.21222918876586,107.21222918876586,5.632320416160198,15,4.805658792142733,Moto,Windy,Medium,Metropolitian,False,0,0,0,3702.0102795569073,3824.222508745673,Rota_Reduzida,1
pedido_3721.2033845233527_552,124.913073812866,113.41051547975265,98.41051547975265,4.252888926708985,5,4.617375625578427,Moto,Sandstorms,Jam,Metropolitian,False,0,1,0,3721.2033845233527,3824.6139000031053,Aumento_Velocidade,1
pedido_3770.480008467087_581,44.86488746489237,49.80187560944831,49.80187560944831,7.356616292904004,5,4.5588820748969585,Scooter,Foggy,Jam,Metropolitian,False,1,1,0,3770.480008467087,3825.2818840765353,Nenhuma,1
pedido_3695.627625942531_537,142.36066625992862,142.202681645133,127.202681645133,10.374654090336414,5,4.646201768426978,Moto,Foggy,High,Metropolitian,True,0,1,0,3695.627625942531,3827.830307587664,Aumento_Velocidade,0
pedido_3700.8597675804194_540,144.3020970793362,132.5547915571368,117.55479155713681,14.70073340210658,10,4.694363000385994,Scooter,Foggy,High,Metropolitian,True,0,1,0,3700.8597675804194,3828.4145591375564,Aumento_Velocidade,1
pedido_3715.8449133828867_549,126.64064061782382,122.89049174840677,107.89049174840677,3.137527041942851,5,4.786359019899509,Scooter,Sandstorms,Jam,Metropolitian,True,0,1,0,3715.8449133828867,3828.7354051312936,Aumento_Velocidade,1
pedido_3712.2134253740583_547,123.86584828965445,127.94252528144347,112.94252528144347,1.4822425036029538,5,4.956262379178708,Moto,Foggy,Medium,Metropolitian,True,0,0,0,3712.2134253740583,3830.155950655502,Rota_Reduzida,1
pedido_3755.203939112662_570,99.14908689083734,81.46964272219185,66.46964272219185,2.0730520246140696,10,4.742149583313466,Scooter,Sunny,Jam,Urban,False,0,1,1,3755.203939112662,3831.673581834854,Aumento_Velocidade,1
pedido_3723.835007512162_553,135.34087709919237,118.62741466789295,103.62741466789295,7.146377188316668,5,4.728350704861402,Moto,Windy,Medium,Metropolitian,False,0,0,0,3723.835007512162,3832.462422180055,Rota_Reduzida,1
pedido_3725.9132468868634_556,135.60375800284794,116.37493117462685,101.37493117462685,8.83089644903325,10,4.953050400065104,Moto,Windy,Medium,Urban,False,0,0,0,3725.9132468868634,3837.2881780614903,Rota_Reduzida,1
pedido_3725.2485943563365_555,128.14531783803307,118.18502473363822,103.18502473363822,2.2717944557129623,10,4.493367280726898,Moto,Windy,High,Metropolitian,False,0,1,0,3725.2485943563365,3838.433619089975,Aumento_Velocidade,1
pedido_3716.7864365014443_551,130.76923128442797,126.8619237237564,111.8619237237564,2.216022735070927,10,4.836804052057497,Scooter,Windy,High,Metropolitian,False,0,1,0,3716.7864365014443,3838.6483602252006,Aumento_Velocidade,1
pedido_3715.1101005463497_548,131.05145188230992,133.7076766544111,118.7076766544111,10.224691079130665,5,4.790523617499313,Moto,Stormy,Medium,Urban,False,0,0,0,3715.1101005463497,3838.8177772007607,Rota_Reduzida,1
pedido_3692.9402739864286_534,152.73728675095995,153.89434298409512,138.89434298409512,14.851590194458042,10,4.541422532118377,Moto,Foggy,Jam,Metropolitian,False,0,1,0,3692.9402739864286,3841.8346169705237,Aumento_Velocidade,0
pedido_3683.0199727057907_529,188.67355863739115,173.57056924735085,158.57056924735085,15.513374201956921,5,4.416158484863905,Moto,Sandstorms,Medium,Metropolitian,False,0,0,0,3683.0199727057907,3846.5905419531414,Rota_Reduzida,0
pedido_3734.1288505731072_559,136.56148003694534,115.63287548285183,100.63287548285183,21.60879035899951,15,4.620486107194361,Moto,Sandstorms,Medium,Urban,False,0,0,0,3734.1288505731072,3849.761726055959,Rota_Reduzida,1
pedido_3756.1255822222834_572,99.11269436582832,81.85059271389747,81.85059271389747,8.35949361483594,15,4.782449917386426,Van,Sunny,Medium,Metropolitian,True,0,0,1,3756.1255822222834,3852.976174936181,Nenhuma,1
pedido_3816.716440144195_610,44.985261646025265,33.15086749694074,33.15086749694074,18.879175423045233,5,4.845351605579824,Moto,Foggy,High,Metropolitian,False,1,1,0,3816.716440144195,3854.867307641136,Nenhuma,1
pedido_3741.259008742867_566,134.8892163978526,126.01136867025625,111.01136867025625,15.390535215034333,5,4.675235307838078,Moto,Windy,Jam,Urban,False,0,1,0,3741.259008742867,3857.2703774131232,Aumento_Velocidade,1
pedido_3735.0269054147197_560,134.39420232795658,122.33169688943883,107.33169688943883,15.782063314036906,15,4.790507501417661,Moto,Sandstorms,Medium,Other,False,0,0,0,3735.0269054147197,3857.3586023041585,Rota_Reduzida,1
pedido_3701.507555309632_543,178.09284162168544,159.24341057969835,144.24341057969835,14.69212982903317,15,4.3792859267554025,Scooter,Sunny,High,Metropolitian,True,0,1,1,3701.507555309632,3860.7509658893305,Aumento_Velocidade,0
pedido_3702.0310866007517_545,184.79278157028995,164.01099824993082,149.01099824993082,11.561719551239298,10,4.1655646802552155,Moto,Sandstorms,High,Metropolitian,True,0,1,0,3702.0310866007517,3861.0420848506824,Aumento_Velocidade,0
pedido_3743.084319774483_567,137.3246411971441,130.2662643086216,115.2662643086216,22.52794506215119,5,4.663200479354632,Scooter,Foggy,Medium,Other,False,0,0,0,3743.084319774483,3863.3505840831044,Rota_Reduzida,1
pedido_3737.9038561451102_563,137.04857517162844,130.8465784335615,115.84657843356149,9.941755776153187,10,4.940693449767857,Moto,Windy,Jam,Urban,False,0,1,0,3737.9038561451102,3863.750434578672,Aumento_Velocidade,1
pedido_3731.942288137263_558,131.9515597341283,141.9378941733356,126.9378941733356,0.8855946815145854,5,4.576504677086604,Moto,Sandstorms,High,Metropolitian,False,0,1,0,3731.942288137263,3863.8801823105987,Aumento_Velocidade,0
pedido_3795.7161983659316_594,108.99311039684464,71.45901814184435,56.45901814184435,15.917421629806455,15,4.947379502597764,Moto,Sunny,Jam,Metropolitian,True,0,1,1,3795.7161983659316,3867.175216507776,Aumento_Velocidade,1
pedido_3738.51768191307_564,135.1090046509184,133.66715658771398,118.66715658771398,17.57094166693757,10,4.920394504807252,Scooter,Stormy,Medium,Metropolitian,False,0,0,0,3738.51768191307,3867.1848385007843,Rota_Reduzida,1
pedido_3769.340918226003_580,99.21427607728356,92.98788805376344,92.98788805376344,2.989988256556108,5,4.563167694183702,Van,Foggy,Low,Metropolitian,True,0,0,0,3769.340918226003,3867.3288062797665,Nenhuma,1
pedido_3736.8762256280515_562,134.06561286390615,140.49774098161188,125.49774098161188,9.469472069894014,5,4.57987278513017,Moto,Foggy,High,Urban,False,0,1,0,3736.8762256280515,3867.3739666096635,Aumento_Velocidade,0
pedido_3785.294146657957_587,100.67511551062469,80.30343487304992,80.30343487304992,6.327609579572353,5,4.856709933384067,Moto,Sandstorms,Low,Urban,False,0,0,0,3785.294146657957,3870.5975815310067,Nenhuma,1
pedido_3756.99835901947_573,128.54929568720055,120.08786635468576,105.08786635468576,5.308401404753243,10,4.637458721890248,Moto,Windy,High,Metropolitian,True,0,1,0,3756.99835901947,3872.086225374156,Aumento_Velocidade,1
pedido_3793.922539856544_591,97.49009431361574,83.96208690657633,68.96208690657633,3.5671288537506354,15,4.661810797840446,Moto,Sunny,High,Metropolitian,False,0,1,1,3793.922539856544,3877.88462676312,Aumento_Velocidade,1
pedido_3751.9807829762203_569,135.52519568948912,126.68856660786682,111.68856660786682,9.309356070660886,15,4.6977085872882824,Scooter,Windy,Medium,Metropolitian,False,0,0,0,3751.9807829762203,3878.6693495840873,Rota_Reduzida,1
pedido_3775.4122428788633_583,105.35578317344843,101.63537874697622,101.63537874697622,3.632346031345886,5,4.7142602594642415,Moto,Stormy,Low,Metropolitian,True,0,0,0,3775.4122428788633,3882.0476216258394,Nenhuma,1
pedido_3765.9554979163754_578,125.73378504302666,131.3735898516491,116.37358985164909,8.32466422598915,5,4.732133456344909,Scooter,Foggy,Medium,Metropolitian,False,0,0,0,3765.9554979163754,3887.3290877680247,Rota_Reduzida,1
pedido_3802.0417111105744_599,105.19975107848433,92.03671536546513,77.03671536546513,15.104889528924945,10,4.611250374402406,Scooter,Sunny,High,Metropolitian,True,0,1,1,3802.0417111105744,3889.0784264760396,Aumento_Velocidade,1
pedido_3748.8748243575815_568,134.56875951926477,125.24892793457798,125.24892793457798,9.293515991816928,15,4.5660282636032115,Van,Foggy,High,Metropolitian,False,0,1,0,3748.8748243575815,3889.123752292159,Nenhuma,0
pedido_3764.039444807138_576,132.2011587751808,135.36573737413306,120.36573737413306,16.581627708024207,5,4.835745605935896,Moto,Stormy,Medium,Metropolitian,False,0,0,0,3764.039444807138,3889.405182181271,Rota_Reduzida,0
pedido_3812.405063175472_605,96.30006755880163,87.22809563450511,72.22809563450511,8.099343051912907,10,4.789558827309741,Scooter,Sunny,Medium,Metropolitian,False,0,0,1,3812.405063175472,3894.6331588099774,Rota_Reduzida,1
pedido_3768.37177186088_579,137.9321477338242,133.98017529310664,118.98017529310664,10.320547935622407,10,4.814850254671184,Scooter,Windy,High,Urban,False,0,1,0,3768.37177186088,3897.3519471539867,Aumento_Velocidade,1
pedido_3729.3416611779035_557,184.74381120786606,168.8590149617058,153.8590149617058,17.06043700704055,15,4.407294982179701,Moto,Stormy,High,Urban,True,0,1,0,3729.3416611779035,3898.200676139609,Aumento_Velocidade,0
pedido_3813.606511439891_607,119.15141006682954,97.60539827342284,77.60539827342284,0.38698710632415256,10,4.800330405889955,Moto,Sandstorms,Jam,Other,False,0,1,0,3813.606511439891,3901.211909713314,Rota_Reduzida,1
pedido_3787.883397761918_589,132.24162150115285,123.66377911436206,108.66377911436206,8.464644008835167,5,4.512075074837959,Scooter,Foggy,High,Metropolitian,False,0,1,0,3787.883397761918,3901.54717687628,Aumento_Velocidade,1
pedido_3789.5429250817183_590,134.68446683212727,113.02798121175988,98.02798121175988,15.981440501577376,15,4.575677686103187,Scooter,Sandstorms,High,Urban,False,0,1,0,3789.5429250817183,3902.5709062934784,Aumento_Velocidade,1
pedido_3811.023665349321_604,131.47357163045365,104.35439263971259,89.35439263971259,3.35820847558264,5,4.808706297485668,Scooter,Windy,High,Urban,False,0,1,0,3811.023665349321,3905.3780579890336,Aumento_Velocidade,1
pedido_3833.837123567333_616,109.86153752506695,76.67915307020111,61.67915307020111,17.60771498809813,10,4.494759439651725,Moto,Sunny,High,Metropolitian,True,0,1,1,3833.837123567333,3905.5162766375342,Aumento_Velocidade,1
pedido_3795.3240943843775_593,134.6049943271077,113.07914218161989,98.07914218161989,10.539178281429344,15,4.628554428906734,Scooter,Stormy,Jam,Metropolitian,False,0,1,0,3795.3240943843775,3908.4032365659973,Aumento_Velocidade,1
pedido_3763.0059999086843_575,153.19731876099198,150.97020604887996,135.97020604887996,16.43435703023772,10,4.536648730195479,Moto,Foggy,Jam,Metropolitian,False,0,1,0,3763.0059999086843,3908.976205957564,Aumento_Velocidade,0
pedido_3785.4347218806543_588,131.52032848814864,123.65145620298452,108.65145620298452,7.382852675637654,15,4.7482620633835255,Scooter,Sandstorms,High,Metropolitian,False,0,1,0,3785.4347218806543,3909.086178083639,Aumento_Velocidade,1
pedido_3801.5336298187003_598,131.0677748347187,110.11925558159554,95.11925558159554,7.634189470979125,15,5.0,Moto,Sandstorms,Jam,Metropolitian,False,0,1,0,3801.5336298187003,3911.652885400296,Aumento_Velocidade,1
pedido_3776.8992667460952_585,134.23795526087363,151.22837268893204,136.22837268893204,1.6602770898015802,5,4.9517283684803495,Moto,Windy,High,Urban,False,0,1,0,3776.8992667460952,3918.127639435027,Aumento_Velocidade,0
pedido_3796.485531859592_597,142.91395619208785,126.77386267668385,111.77386267668385,19.56247562953453,10,4.9529014155681335,Scooter,Foggy,High,Urban,False,0,1,0,3796.485531859592,3918.259394536276,Aumento_Velocidade,1
pedido_3803.23370282235_601,111.7112635960068,111.90492258319118,111.90492258319118,14.840611593005868,5,4.7385425916706865,Moto,Foggy,Low,Metropolitian,True,0,0,0,3803.23370282235,3920.1386254055415,Nenhuma,1
pedido_3755.8032914767177_571,175.43030116636646,177.0952923529351,162.0952923529351,3.8145042755632295,5,4.39803301689324,Moto,Stormy,High,Metropolitian,False,0,1,0,3755.8032914767177,3922.898583829653,Aumento_Velocidade,0
pedido_3877.6364283535713_645,45.249386254685646,31.63697488720186,31.63697488720186,11.000466704032332,15,4.678875136599924,Moto,Foggy,Jam,Metropolitian,True,1,1,0,3877.6364283535713,3924.2734032407734,Nenhuma,1
pedido_3794.565412316791_592,134.20702046845372,140.33809790621643,125.33809790621643,15.002721844694257,5,4.650668160403063,Scooter,Sandstorms,High,Metropolitian,False,0,1,0,3794.565412316791,3924.9035102230073,Aumento_Velocidade,0
pedido_3845.5685685774306_623,127.62446094524606,84.37266751769816,69.37266751769816,5.9612738876117275,15,4.567978270471597,Moto,Stormy,Jam,Metropolitian,False,0,1,0,3845.5685685774306,3929.9412360951287,Aumento_Velocidade,1
pedido_3812.683709084755_606,136.30610069189436,119.00869774798207,104.00869774798207,10.430659026263813,15,4.8414265006917905,Moto,Windy,High,Metropolitian,True,0,1,0,3812.683709084755,3931.692406832737,Aumento_Velocidade,1
pedido_3802.598615952321_600,130.81297581314038,129.9466867624092,114.9466867624092,7.13688383083327,15,4.920195109233162,Scooter,Windy,High,Metropolitian,True,0,1,0,3802.598615952321,3932.54530271473,Aumento_Velocidade,1
pedido_3809.38104710191_603,136.34491385489824,133.5205804003145,118.52058040031449,15.84443676645702,5,4.991822546263793,Moto,Sandstorms,High,Urban,True,0,1,0,3809.38104710191,3932.9016275022245,Aumento_Velocidade,1
pedido_3888.6969528028208_654,45.54749762082612,39.563650924336294,39.563650924336294,4.318554102767742,5,4.77798722297244,Moto,Sandstorms,High,Urban,True,1,1,0,3888.6969528028208,3933.260603727157,Nenhuma,1
pedido_3761.845756149378_574,187.38278176929276,184.28732843427733,169.28732843427733,13.50171363745607,5,4.203738437764361,Scooter,Windy,Medium,Metropolitian,False,0,0,0,3761.845756149378,3936.133084583655,Rota_Reduzida,0
pedido_3833.024823252359_615,104.35602661676732,113.22634012827383,98.22634012827383,16.738603650112527,5,4.882650325614567,Moto,Sunny,High,Metropolitian,True,0,1,1,3833.024823252359,3936.251163380633,Aumento_Velocidade,1
pedido_3772.0296051656433_582,175.7415303723267,172.0591573427084,157.0591573427084,2.0292430434275683,10,4.418384276852299,Moto,Sandstorms,High,Metropolitian,False,0,1,0,3772.0296051656433,3939.0887625083515,Aumento_Velocidade,0
pedido_3832.735446887724_614,131.73251913252471,116.24567646124531,101.24567646124531,3.062515038607737,10,4.658729618541493,Moto,Windy,High,Metropolitian,False,0,1,0,3832.735446887724,3943.981123348969,Aumento_Velocidade,1
pedido_3764.6353655012927_577,177.4715841195258,187.62651148406363,172.62651148406363,13.991048852211554,10,4.44955794392019,Moto,Sunny,High,Metropolitian,False,0,1,1,3764.6353655012927,3947.261876985356,Aumento_Velocidade,0
pedido_3796.082763011711_595,174.98807442861911,152.47775420483183,137.47775420483183,5.53488510037409,15,4.388813702855028,Moto,Windy,High,Urban,False,0,1,0,3796.082763011711,3948.560517216543,Aumento_Velocidade,0
pedido_3847.6536758355164_625,107.47536726401931,86.95415795826139,86.95415795826139,20.36717234227958,15,4.7939358276981165,Van,Sunny,Medium,Metropolitian,False,0,0,1,3847.6536758355164,3949.607833793778,Nenhuma,1
pedido_3836.2881016556835_619,127.23676774088358,118.35190099598464,103.35190099598464,4.332289139709819,10,4.843761065473648,Scooter,Windy,Jam,Urban,False,0,1,0,3836.2881016556835,3949.640002651668,Aumento_Velocidade,1
pedido_3814.988182931158_608,140.65348044104744,136.47494496227668,121.47494496227668,17.121925139402798,15,4.935157431791622,Moto,Windy,Jam,Metropolitian,True,0,1,0,3814.988182931158,3951.463127893435,Aumento_Velocidade,0
pedido_3843.33407814301_622,133.64441369650768,108.32089916776309,93.32089916776309,1.5630940882492115,15,4.77898237788106,Moto,Foggy,High,Metropolitian,False,0,1,0,3843.33407814301,3951.654977310773,Aumento_Velocidade,1
pedido_3823.3730607542625_612,128.81254279618523,133.35804858298266,118.35804858298266,2.4762756475713976,10,4.640654921370729,Scooter,Windy,High,Metropolitian,True,0,1,0,3823.3730607542625,3951.731109337245,Aumento_Velocidade,1
pedido_3850.3531130033775_627,135.78937388233808,102.06411342619728,87.06411342619728,6.265352134777124,15,4.819044077942686,Moto,Windy,Medium,Metropolitian,False,0,0,0,3850.3531130033775,3952.417226429575,Rota_Reduzida,1
pedido_3815.619787927223_609,131.43805205060914,147.52267902090964,132.52267902090964,8.067737540291219,5,4.7378884899445595,Moto,Sandstorms,High,Metropolitian,False,0,1,0,3815.619787927223,3953.1424669481326,Aumento_Velocidade,0
pedido_3826.406065132831_613,138.35913556996925,127.98478855152666,112.98478855152666,19.062297538543234,15,4.674642767916854,Moto,Sandstorms,Medium,Metropolitian,True,0,0,0,3826.406065132831,3954.3908536843574,Rota_Reduzida,1
pedido_3850.1540047341537_626,104.93987207977548,100.95085562637915,100.95085562637915,12.821505325433515,5,4.667103858730649,Moto,Stormy,Low,Metropolitian,True,0,0,0,3850.1540047341537,3956.1048603605327,Nenhuma,1
pedido_3862.440767484563_634,109.05416205221078,99.16406545145843,84.16406545145843,15.224950701772444,15,4.5113017785525376,Moto,Sunny,High,Metropolitian,True,0,1,1,3862.440767484563,3961.6048329360215,Aumento_Velocidade,1
pedido_3836.1917901537417_618,130.5859822957052,130.86593102289945,115.86593102289945,20.55444933718155,10,4.6324293206026965,Moto,Stormy,Medium,Other,False,0,0,0,3836.1917901537417,3962.0577211766413,Rota_Reduzida,1
pedido_3796.1875730145043_596,174.5763245956158,177.96071866250315,162.96071866250315,6.422490191834871,5,4.187276878078333,Moto,Windy,High,Urban,True,0,1,0,3796.1875730145043,3964.1482916770074,Aumento_Velocidade,0
pedido_3803.74355402614_602,168.68287515884194,176.78542273751856,161.78542273751856,0.0,5,4.326609141277723,Moto,Stormy,High,Metropolitian,False,0,1,0,3803.74355402614,3970.5289767636586,Aumento_Velocidade,0
pedido_3847.3860096059334_624,136.53777449524077,136.13328697832375,121.13328697832375,16.452494938225858,5,4.509357914404224,Scooter,Sandstorms,Medium,Metropolitian,False,0,0,0,3847.3860096059334,3973.519296584257,Rota_Reduzida,0
pedido_3841.0797062171923_621,154.66762218749116,143.87042730753998,128.87042730753998,18.55818957257074,5,5.0,Moto,Foggy,Jam,Metropolitian,True,0,1,0,3841.0797062171923,3974.9501335247323,Aumento_Velocidade,0
pedido_3864.517376847453_635,104.97616258278823,95.47133114520062,95.47133114520062,6.078093280588085,15,4.526039312592037,Van,Sunny,High,Metropolitian,True,0,1,1,3864.517376847453,3974.9887079926534,Nenhuma,1
pedido_3875.0529945751878_644,131.020840879014,109.43025078726839,94.43025078726839,5.106272874698647,10,4.628204712657894,Moto,Foggy,Jam,Metropolitian,True,0,1,0,3875.0529945751878,3979.4832453624563,Aumento_Velocidade,1
pedido_3906.819383480265_670,108.7164726582714,78.61055521094424,63.61055521094424,13.878714883988122,10,4.515850026702718,Scooter,Sunny,High,Metropolitian,True,0,1,1,3906.819383480265,3980.4299386912094,Aumento_Velocidade,1
pedido_3868.070786052811_637,120.9759209274357,122.99784904929348,102.99784904929348,1.7102000552912822,10,4.463091517795015,Moto,Stormy,High,Other,False,0,1,0,3868.070786052811,3981.0686351021045,Rota_Reduzida,1
pedido_3871.150134359988_639,134.7971466556775,120.93958628768215,105.93958628768215,5.82922728033595,5,4.967132256862871,Moto,Foggy,High,Urban,True,0,1,0,3871.150134359988,3982.08972064767,Aumento_Velocidade,1
pedido_3903.8967890466733_666,96.80921212309678,78.50167754597138,63.501677545971376,2.112308695886973,15,5.0,Moto,Sunny,High,Urban,False,0,1,1,3903.8967890466733,3982.3984665926446,Aumento_Velocidade,1
pedido_3895.0794123442747_658,104.12215083021944,87.68239316946358,72.68239316946358,12.409322482725974,15,4.497013339313164,Moto,Sunny,Medium,Metropolitian,True,0,0,1,3895.0794123442747,3982.761805513738,Rota_Reduzida,1
pedido_3885.509397963441_649,128.79852146034818,107.66664670210682,92.66664670210682,8.055122453298427,5,4.755774670938464,Moto,Stormy,High,Metropolitian,False,0,1,0,3885.509397963441,3983.176044665548,Aumento_Velocidade,1
pedido_3857.688026968219_631,121.3543715602675,117.42501596681575,117.42501596681575,13.509555558828028,10,4.773163569339388,Scooter,Sunny,Low,Metropolitian,False,0,0,1,3857.688026968219,3985.113042935035,Nenhuma,1
pedido_3913.742181181871_675,99.62808302081272,78.70400735928514,63.70400735928514,6.304218748808097,10,4.922139540412368,Moto,Sunny,Jam,Metropolitian,False,0,1,1,3913.742181181871,3987.446188541156,Aumento_Velocidade,1
pedido_3860.4113576322065_633,137.07314257840505,127.37690804412472,112.37690804412472,6.967424365206819,15,4.787863509399542,Scooter,Windy,Medium,Metropolitian,True,0,0,0,3860.4113576322065,3987.7882656763313,Rota_Reduzida,1
pedido_3819.8224373118123_611,176.9160559073997,173.0353536458833,158.0353536458833,15.04670868930706,10,4.4136730987384905,Scooter,Sunny,High,Metropolitian,True,0,1,1,3819.8224373118123,3987.8577909576957,Aumento_Velocidade,0
pedido_3856.5362085980255_629,133.26001537785646,121.36807022190774,121.36807022190774,4.829008836952378,10,4.899241939446986,Van,Foggy,High,Metropolitian,False,0,1,0,3856.5362085980255,3987.904278819933,Nenhuma,0
pedido_3878.6085395836144_646,102.12446948992017,96.10918134857164,96.10918134857164,15.69517478233389,15,4.966185204109997,Moto,Windy,Low,Metropolitian,False,0,0,0,3878.6085395836144,3989.7177209321862,Nenhuma,1
pedido_3894.422153057799_655,102.96140195964212,95.36619402133857,80.36619402133857,5.100494896293028,15,4.5197377397976775,Moto,Sunny,Jam,Urban,False,0,1,1,3894.422153057799,3989.7883470791376,Aumento_Velocidade,1
pedido_3933.8387169003677_688,47.711867172537225,51.968138092386965,51.968138092386965,16.471709876226445,5,4.489188375264417,Moto,Stormy,Medium,Metropolitian,False,1,0,0,3933.8387169003677,3990.806854992755,Nenhuma,1
pedido_3896.577521533313_659,128.77294857909376,99.47479571897665,84.47479571897665,7.144908171023594,10,4.485509250575803,Scooter,Windy,High,Metropolitian,True,0,1,0,3896.577521533313,3991.0523172522894,Aumento_Velocidade,1
pedido_3902.395699365515_662,106.58412499837675,94.58138801494901,79.58138801494901,17.870795336027065,10,4.499279060230058,Moto,Sunny,High,Urban,False,0,1,1,3902.395699365515,3991.977087380464,Aumento_Velocidade,1
pedido_3875.048937386797_643,137.1269023454016,127.38919166250636,112.38919166250636,19.78719656129276,5,4.939261023623569,Scooter,Windy,High,Metropolitian,True,0,1,0,3875.048937386797,3992.4381290493034,Aumento_Velocidade,1
pedido_3960.4458449420936_705,44.37135903677799,17.8103515963992,17.8103515963992,4.812679064667452,15,4.724453240426778,Moto,Foggy,Jam,Metropolitian,False,1,1,0,3960.4458449420936,3993.256196538493,Nenhuma,1
pedido_3835.465823048495_617,177.85578323261467,158.13236476044352,143.13236476044352,12.128714630596555,15,4.4344493883607825,Moto,Sunny,High,Metropolitian,False,0,1,1,3835.465823048495,3993.5981878089387,Aumento_Velocidade,0
pedido_3874.688247141305_642,127.476869180377,122.42221325574809,107.42221325574809,5.945365101622084,15,4.608551623795507,Moto,Stormy,High,Metropolitian,False,0,1,0,3874.688247141305,3997.110460397053,Aumento_Velocidade,1
pedido_3857.211461137369_630,151.25659107391527,137.087777851224,137.087777851224,14.83848337361954,5,4.5559759129049775,Van,Foggy,Jam,Metropolitian,True,0,1,0,3857.211461137369,3999.299238988593,Nenhuma,0
pedido_3879.4486408782514_647,133.60637322109795,130.49346261690525,115.49346261690525,3.4621949635237956,5,4.929089027469135,Scooter,Windy,Medium,Metropolitian,False,0,0,0,3879.4486408782514,3999.9421034951565,Rota_Reduzida,1
pedido_3886.5032182953514_650,101.61371111993397,103.9074812975819,103.9074812975819,9.690525147535265,10,4.793512860669735,Van,Stormy,Low,Urban,False,0,0,0,3886.5032182953514,4000.4106995929333,Nenhuma,1
pedido_3942.878704604911_693,47.29324974867726,52.661094840607305,52.661094840607305,11.244747661068804,5,4.927357393016845,Moto,Foggy,Medium,Urban,True,1,0,0,3942.878704604911,4000.5397994455184,Nenhuma,1
pedido_3881.6808181701413_648,134.9071532208155,129.06712991285573,114.06712991285573,10.113295162422158,5,4.483246555403065,Moto,Sandstorms,Medium,Metropolitian,True,0,0,0,3881.6808181701413,4000.747948082997,Rota_Reduzida,1
pedido_3837.5333493347825_620,162.1349133848883,154.52269453363732,154.52269453363732,12.22061029260251,10,4.430532613241916,Moto,Windy,Low,Urban,False,0,0,0,3837.5333493347825,4002.0560438684197,Nenhuma,0
pedido_3858.075332349241_632,132.75290817707386,134.05584872898802,134.05584872898802,6.941196378549421,10,4.786975149678427,Van,Windy,High,Metropolitian,False,0,1,0,3858.075332349241,4002.131181078229,Nenhuma,0
pedido_3894.5139125239175_656,110.32308908103677,103.47246430580682,103.47246430580682,18.064100530701307,5,4.680608559412757,Moto,Foggy,Low,Metropolitian,False,0,0,0,3894.5139125239175,4002.986376829724,Nenhuma,1
pedido_3957.818145455273_702,43.987340120774896,37.32349983777273,37.32349983777273,9.122830090506383,10,4.641883822666204,Moto,Stormy,High,Metropolitian,True,1,1,0,3957.818145455273,4005.141645293046,Nenhuma,1
pedido_3874.095060342517_641,134.12547944357516,141.55318874739532,126.55318874739532,5.0632071575799635,5,4.696336202331623,Moto,Foggy,High,Metropolitian,False,0,1,0,3874.095060342517,4005.6482490899125,Aumento_Velocidade,0
pedido_3888.300044199807_653,131.03979234049356,122.49664573061287,107.49664573061287,5.141276146272733,10,4.666298001139953,Moto,Windy,High,Urban,False,0,1,0,3888.300044199807,4005.7966899304197,Aumento_Velocidade,1
pedido_3910.247162220633_673,102.50234768572008,86.54906594291047,86.54906594291047,15.280320601530148,10,4.937645115507812,Moto,Stormy,Low,Metropolitian,False,0,0,0,3910.247162220633,4006.7962281635437,Nenhuma,1
pedido_3970.7303970538674_714,45.37804491650885,21.16279793013574,21.16279793013574,12.293843947790304,15,4.8525280662503345,Moto,Stormy,High,Metropolitian,False,1,1,0,3970.7303970538674,4006.893194984003,Nenhuma,1
pedido_3887.6421300022016_651,132.188384968569,131.82916508163007,116.82916508163007,4.989936780087071,5,4.607984093301701,Moto,Sandstorms,High,Metropolitian,False,0,1,0,3887.6421300022016,4009.4712950838316,Aumento_Velocidade,1
pedido_3894.96186743767_657,132.70916839682783,115.88477053028191,100.88477053028191,7.782727741803685,15,4.538889429753705,Moto,Foggy,High,Metropolitian,True,0,1,0,3894.96186743767,4010.846637967952,Aumento_Velocidade,1
pedido_3870.0839184127944_638,131.4185634921089,132.02743687975914,132.02743687975914,13.04258096643623,10,4.910857112389498,Van,Foggy,High,Other,False,0,1,0,3870.0839184127944,4012.1113552925535,Nenhuma,0
pedido_3888.0958478989546_652,130.43581245774737,133.4662065867747,118.46620658677469,17.281726780273615,10,4.85523641763116,Moto,Stormy,High,Metropolitian,False,0,1,0,3888.0958478989546,4016.5620544857293,Aumento_Velocidade,1
pedido_3855.3136355139577_628,132.26718347614715,157.41448595832748,157.41448595832748,17.970850354057898,5,4.472014468166276,Van,Stormy,High,Metropolitian,True,0,1,0,3855.3136355139577,4017.7281214722852,Nenhuma,0
pedido_3905.7448101410832_669,106.40989105187758,113.54027464929842,98.54027464929842,18.532954269772354,15,4.617646388718624,Scooter,Sunny,High,Metropolitian,True,0,1,1,3905.7448101410832,4019.2850847903815,Aumento_Velocidade,1
pedido_3927.6976816210986_684,128.50603580235025,97.06267218806315,82.06267218806315,8.256716254141153,10,4.751900617608502,Moto,Stormy,High,Metropolitian,True,0,1,0,3927.6976816210986,4019.7603538091616,Aumento_Velocidade,1
pedido_3902.616204362325_663,134.3699309482208,122.70621314115769,107.70621314115769,12.59009743135936,10,4.773064157016359,Moto,Stormy,Jam,Metropolitian,False,0,1,0,3902.616204362325,4020.3224175034825,Aumento_Velocidade,1
pedido_3907.856077548424_671,130.1686531737684,122.71958648863537,107.71958648863537,5.35290405047652,5,4.648482148159372,Scooter,Windy,Jam,Metropolitian,True,0,1,0,3907.856077548424,4020.575664037059,Aumento_Velocidade,1
pedido_3902.984224161017_664,137.09262272652077,129.8893441219267,114.88934412192671,12.397171608172584,5,4.503651045110412,Moto,Sandstorms,Medium,Metropolitian,False,0,0,0,3902.984224161017,4022.873568282944,Rota_Reduzida,1
pedido_3904.2748798118364_667,135.56342651820458,130.04225631555502,115.04225631555502,15.047345960495063,5,4.825477154917486,Scooter,Windy,Jam,Metropolitian,False,0,1,0,3904.2748798118364,4024.317136127391,Aumento_Velocidade,1
pedido_3903.8796683227047_665,131.66529020259978,121.3119727351712,106.3119727351712,7.938496949127261,15,4.511299236205101,Moto,Windy,High,Metropolitian,False,0,1,0,3903.8796683227047,4025.191641057876,Aumento_Velocidade,1
pedido_3917.422826138465_678,128.1999688092844,113.47563450473284,98.47563450473284,1.4869164668031427,10,4.929997520258145,Moto,Stormy,High,Metropolitian,False,0,1,0,3917.422826138465,4025.8984606431977,Aumento_Velocidade,1
pedido_3967.613837727958_712,67.34876482559689,65.15916156641876,50.15916156641876,4.866640250124765,10,4.109763763278945,Moto,Foggy,Medium,Urban,False,1,0,0,3967.613837727958,4027.772999294377,Rota_Reduzida,1
pedido_3925.796035666734_682,99.21460501885294,92.22182197812313,92.22182197812313,3.9613125997327314,10,4.8821440767070365,Van,Sunny,High,Metropolitian,True,0,1,1,3925.796035666734,4028.017857644857,Nenhuma,1
pedido_3929.1467290396745_686,111.78719494047783,92.70814324183269,92.70814324183269,11.093059031115079,10,4.5046527052436875,Van,Sunny,Jam,Metropolitian,True,0,1,1,3929.1467290396745,4031.854872281507,Nenhuma,1
pedido_3937.7103277462998_690,125.29246933800883,99.99562050796324,79.99562050796324,13.937109062761992,15,4.479865345822886,Scooter,Windy,High,Other,False,0,1,0,3937.7103277462998,4032.705948254263,Rota_Reduzida,1
pedido_3900.8019072650977_661,131.0799922772546,132.7926748759799,117.79267487597991,6.321077467719345,15,4.481537506179661,Moto,Sandstorms,High,Metropolitian,True,0,1,0,3900.8019072650977,4033.594582141078,Aumento_Velocidade,1
pedido_3904.390971800574_668,140.47620067715448,133.223256054013,118.223256054013,13.005740558732922,15,4.884285164927182,Moto,Foggy,High,Metropolitian,False,0,1,0,3904.390971800574,4037.6142278545867,Aumento_Velocidade,1
pedido_3897.161433705651_660,127.27301323447846,142.55504019436077,127.55504019436077,4.707512110646643,15,4.569418508271176,Scooter,Stormy,High,Metropolitian,False,0,1,0,3897.161433705651,4039.7164739000114,Aumento_Velocidade,0
pedido_3935.4841955309694_689,128.50363790523832,110.97878695845512,95.97878695845512,0.9148773444257579,10,4.770811848156713,Moto,Stormy,High,Metropolitian,True,0,1,0,3935.4841955309694,4041.4629824894246,Aumento_Velocidade,1
pedido_3947.6656910232264_697,124.42472360527034,104.36116157177763,89.36116157177763,3.6633283160712273,5,4.816057027342737,Moto,Foggy,Medium,Metropolitian,True,0,0,0,3947.6656910232264,4042.026852595004,Rota_Reduzida,1
pedido_3913.5539670048224_674,139.74503677141473,128.93966362764397,113.93966362764397,14.051938143693496,15,4.691636407963366,Moto,Windy,Jam,Metropolitian,True,0,1,0,3913.5539670048224,4042.493630632466,Aumento_Velocidade,1
pedido_3916.3891264816634_677,134.21504553323146,133.01478063956552,118.01478063956552,14.269272627031729,10,4.890278608289948,Moto,Sandstorms,High,Metropolitian,False,0,1,0,3916.3891264816634,4044.403907121229,Aumento_Velocidade,1
pedido_4005.3960077275674_740,40.687888108270386,26.829511405788168,26.829511405788168,1.8811205501643307,15,5.0,Scooter,Sunny,High,Urban,True,1,1,1,4005.3960077275674,4047.2255191333556,Nenhuma,1
pedido_3915.689168262754_676,132.54907833083777,133.6281203647136,133.6281203647136,16.595846754077076,5,4.595044584904502,Van,Windy,High,Metropolitian,False,0,1,0,3915.689168262754,4054.3172886274674,Nenhuma,0
pedido_3920.4854731833852_680,141.2625011195438,138.89725583391873,123.89725583391873,11.24499558793526,10,4.56139560220173,Moto,Sandstorms,Jam,Metropolitian,False,0,1,0,3920.4854731833852,4054.382729017304,Aumento_Velocidade,0
pedido_3922.7263536869423_681,143.6605429822904,132.10324243591216,117.10324243591216,15.324631642345523,15,4.85068565649636,Moto,Foggy,High,Urban,True,0,1,0,3922.7263536869423,4054.8295961228546,Aumento_Velocidade,1
pedido_3938.868092976552_691,128.28734214247,116.04527820397314,101.04527820397314,4.812847598434575,15,4.556313187769612,Moto,Sandstorms,Jam,Metropolitian,False,0,1,0,3938.868092976552,4054.9133711805252,Aumento_Velocidade,1
pedido_3939.0323476685544_692,101.3704741069533,112.30562405628987,112.30562405628987,12.5007220409258,5,4.896941898138948,Moto,Stormy,Low,Metropolitian,False,0,0,0,3939.0323476685544,4056.3379717248445,Nenhuma,1
pedido_3872.5690375505515_640,183.8874574927564,179.86733346984826,179.86733346984826,14.540401032369859,5,4.185992018132947,Van,Stormy,Medium,Metropolitian,False,0,0,0,3872.5690375505515,4057.4363710203997,Nenhuma,0
pedido_3944.7868413260776_694,127.37431770641766,118.8276355097752,103.8276355097752,7.840956540816665,10,4.756264453961099,Scooter,Stormy,Jam,Metropolitian,False,0,1,0,3944.7868413260776,4058.6144768358527,Aumento_Velocidade,1
pedido_3932.9882560924466_687,110.8972368748611,115.79861232206106,115.79861232206106,11.413906346136383,10,4.624299389217436,Scooter,Foggy,Low,Metropolitian,False,0,0,0,3932.9882560924466,4058.786868414508,Nenhuma,1
pedido_3929.0559994986324_685,129.88285124763888,119.87585657066828,119.87585657066828,12.13626680325639,10,4.654755484182255,Van,Stormy,High,Metropolitian,False,0,1,0,3929.0559994986324,4058.931856069301,Nenhuma,1
pedido_3867.7827091560694_636,184.6451886869828,181.58266163960695,181.58266163960695,11.216384472760959,10,4.338190258757304,Van,Sandstorms,High,Metropolitian,True,0,1,0,3867.7827091560694,4059.3653707956764,Nenhuma,0
pedido_3969.7792796614935_713,101.27238825680092,100.756891429959,85.756891429959,2.7198623221422706,5,4.875645611243154,Moto,Sunny,Jam,Metropolitian,True,0,1,1,3969.7792796614935,4060.5361710914526,Aumento_Velocidade,1
pedido_3956.6348235112278_701,125.55883068395417,104.98576074389676,89.98576074389676,6.88055448562978,15,4.767739157041752,Moto,Foggy,Medium,Metropolitian,False,0,0,0,3956.6348235112278,4061.6205842551244,Rota_Reduzida,1
pedido_3978.0728031499916_721,102.84198900603003,83.65254178322033,68.65254178322033,8.426716562729258,15,4.46679148538002,Moto,Sunny,High,Metropolitian,False,0,1,1,3978.0728031499916,4061.725344933212,Aumento_Velocidade,1
pedido_3962.0021808296897_706,100.50592310702093,90.67544398793444,90.67544398793444,2.7501072604723205,10,4.7019006680084985,Scooter,Windy,Low,Metropolitian,False,0,0,0,3962.0021808296897,4062.6776248176243,Nenhuma,1
pedido_3946.3827709250463_696,139.52865456347206,125.34213117222768,110.34213117222768,11.000411954095842,10,4.928072798382815,Scooter,Foggy,High,Metropolitian,False,0,1,0,3946.3827709250463,4066.724902097274,Aumento_Velocidade,1
pedido_3960.0450394554323_704,136.69736639898753,109.75702184427652,94.75702184427652,14.27519289288119,15,4.7269661054798195,Moto,Stormy,Jam,Urban,True,0,1,0,3960.0450394554323,4069.802061299709,Aumento_Velocidade,1
pedido_3953.110635480136_700,130.91673869104713,117.23255285089888,102.23255285089888,13.799287700429243,15,4.61966234098875,Moto,Stormy,High,Metropolitian,True,0,1,0,3953.110635480136,4070.343188331035,Aumento_Velocidade,1
pedido_3978.0798320630656_722,126.28115689993314,101.56904415383804,86.56904415383804,1.1861246272318677,10,4.47591025757669,Moto,Foggy,Jam,Metropolitian,False,0,1,0,3978.0798320630656,4074.648876216904,Aumento_Velocidade,1
pedido_3967.295286725545_711,132.0143942073065,113.34420254366022,98.34420254366022,5.710406035522339,10,4.717202537886326,Scooter,Sandstorms,High,Metropolitian,False,0,1,0,3967.295286725545,4075.639489269205,Aumento_Velocidade,1
pedido_3952.151326806985_699,131.891055982983,134.95040945512096,119.95040945512096,3.604658913735301,5,5.0,Moto,Sandstorms,Medium,Urban,False,0,0,0,3952.151326806985,4077.101736262106,Rota_Reduzida,1
pedido_3910.0306937538307_672,167.75913126808967,163.71537218577612,163.71537218577612,14.71505331414355,5,4.414797006435221,Moto,Sunny,Low,Urban,True,0,0,1,3910.0306937538307,4078.746065939607,Nenhuma,0
pedido_3963.7429034839206_707,125.56258426440225,120.24451191690767,105.24451191690767,8.181298010747396,10,4.619236916481936,Moto,Foggy,Medium,Metropolitian,False,0,0,0,3963.7429034839206,4078.9874154008285,Rota_Reduzida,1
pedido_3972.2909695334974_715,125.28956694435125,114.72576397065568,99.72576397065568,3.4780744473394085,10,4.518891271599779,Moto,Stormy,High,Metropolitian,False,0,1,0,3972.2909695334974,4082.0167335041533,Aumento_Velocidade,1
pedido_3948.0630781124405_698,133.16684047474135,129.84865074325964,129.84865074325964,11.421297736367055,5,4.679473549779175,Van,Windy,Medium,Urban,False,0,0,0,3948.0630781124405,4082.9117288557,Nenhuma,0
pedido_3982.9773878229607_724,127.70402208782725,107.2065904994817,92.2065904994817,5.186631994578797,10,4.762211941666158,Scooter,Stormy,High,Metropolitian,False,0,1,0,3982.9773878229607,4085.1839783224423,Aumento_Velocidade,1
pedido_3926.9681206030846_683,140.62704366312087,143.80823939556976,143.80823939556976,14.96933270217441,15,4.61106826743572,Van,Sandstorms,Jam,Urban,False,0,1,0,3926.9681206030846,4085.7763599986542,Nenhuma,0
pedido_3996.1881377547943_734,99.15853485489077,95.58383517610243,80.58383517610243,5.474952764296292,10,4.688012029627565,Scooter,Sunny,Medium,Metropolitian,True,0,0,1,3996.1881377547943,4086.771972930897,Rota_Reduzida,1
pedido_3990.4927121070996_728,103.66448384769541,101.37810975035292,86.37810975035292,17.955804583763097,10,5.0,Scooter,Sunny,Medium,Urban,False,0,0,1,3990.4927121070996,4086.8708218574525,Rota_Reduzida,1
pedido_3973.9551241025215_717,130.15165249681087,114.50230305895121,99.50230305895121,5.76349052740469,15,4.763882802916021,Scooter,Sandstorms,High,Metropolitian,True,0,1,0,3973.9551241025215,4088.457427161473,Aumento_Velocidade,1
pedido_3963.835868574999_708,137.43412919406398,136.1120194399488,121.1120194399488,3.1155014291001515,5,5.0,Moto,Foggy,High,Metropolitian,False,0,1,0,3963.835868574999,4089.9478880149477,Aumento_Velocidade,0
pedido_3945.8988139526173_695,127.49296138384193,134.16733635613207,134.16733635613207,2.1166611397376784,10,4.7552778203417265,Van,Windy,Jam,Metropolitian,False,0,1,0,3945.8988139526173,4090.0661503087495,Nenhuma,0
pedido_4069.505316976468_780,46.10612157057287,11.407873788855326,11.407873788855326,18.138448288597214,10,4.696299580292351,Scooter,Foggy,Jam,Metropolitian,True,1,1,0,4069.505316976468,4090.913190765323,Nenhuma,1
pedido_4001.5338427806696_738,112.56079519407159,95.34889997045343,80.34889997045343,13.790725706181881,10,4.4800416452252865,Moto,Sunny,Jam,Urban,False,0,1,1,4001.5338427806696,4091.8827427511233,Aumento_Velocidade,1
pedido_3993.1526930458626_733,129.33526019081916,104.13456559116172,89.13456559116172,3.209164814107903,10,4.659756732733697,Moto,Windy,High,Metropolitian,True,0,1,0,3993.1526930458626,4092.2872586370245,Aumento_Velocidade,1
pedido_3965.9202687883644_710,143.5907754515789,138.5044631901233,123.50446319012329,13.71436056018366,5,4.574453022555113,Scooter,Foggy,Medium,Urban,True,0,0,0,3965.9202687883644,4094.4247319784877,Rota_Reduzida,0
pedido_3919.0757969789897_679,186.02470630166576,188.43364902055464,173.43364902055464,11.56419770896801,5,4.437099319925919,Scooter,Windy,High,Metropolitian,False,0,1,0,3919.0757969789897,4097.509445999544,Aumento_Velocidade,0
pedido_3977.55600695251_719,143.79962389480238,120.1137879872588,105.1137879872588,13.285763887411907,15,4.623952608931905,Scooter,Foggy,Medium,Metropolitian,True,0,0,0,3977.55600695251,4097.6697949397685,Rota_Reduzida,1
pedido_3988.3221214864748_727,135.9265146170439,112.98168523483243,97.98168523483243,3.590116762904087,15,4.786314592644723,Moto,Windy,Medium,Metropolitian,True,0,0,0,3988.3221214864748,4101.303806721307,Rota_Reduzida,1
pedido_3977.963204900637_720,133.119133140722,138.83294808312542,123.83294808312542,16.757272734834444,5,4.700587618978672,Moto,Stormy,Jam,Metropolitian,False,0,1,0,3977.963204900637,4106.796152983762,Aumento_Velocidade,0
pedido_3988.101739838051_726,132.5995064518903,128.32529009931213,113.32529009931213,14.917783339145402,10,5.0,Moto,Stormy,High,Metropolitian,False,0,1,0,3988.101739838051,4111.427029937363,Aumento_Velocidade,1
pedido_4010.5794253709564_743,133.09159733098105,105.38892471754613,90.38892471754613,2.1328092609345704,15,4.66453235808856,Scooter,Stormy,Medium,Urban,False,0,0,0,4010.5794253709564,4115.968350088502,Rota_Reduzida,1
pedido_4010.7601625900143_744,131.68252913169783,115.40365728273228,100.40365728273228,4.201636955339547,5,4.589234567766086,Scooter,Windy,High,Metropolitian,False,0,1,0,4010.7601625900143,4116.163819872747,Aumento_Velocidade,1
pedido_3993.0881323388235_732,132.22962665275085,128.21760855377659,113.21760855377659,5.42047153178379,10,4.76714158608904,Scooter,Foggy,High,Metropolitian,True,0,1,0,3993.0881323388235,4116.3057408926,Aumento_Velocidade,1
pedido_4015.005210445117_748,109.49381736861649,109.86325018750736,94.86325018750736,16.797694150275284,10,4.8816265255581355,Moto,Sunny,Jam,Metropolitian,False,0,1,1,4015.005210445117,4119.868460632624,Aumento_Velocidade,1
pedido_3998.449906915879_737,134.7366504334015,126.71435970466607,111.71435970466607,7.57583982436455,10,4.863366867117663,Moto,Sandstorms,Medium,Metropolitian,False,0,0,0,3998.449906915879,4120.164266620545,Rota_Reduzida,1
pedido_3987.412837118509_725,141.70404041298295,144.69321062063713,129.69321062063713,12.248457891803216,5,4.688081227512813,Moto,Foggy,High,Urban,False,0,1,0,3987.412837118509,4122.106047739146,Aumento_Velocidade,0
pedido_4014.99400938748_747,132.5096053689441,117.94197205276215,102.94197205276215,7.194493175027883,5,4.643239848089582,Moto,Foggy,High,Metropolitian,True,0,1,0,4014.99400938748,4122.935981440242,Aumento_Velocidade,1
pedido_3996.446039814594_735,138.47368290849994,130.06139118640087,115.06139118640087,17.334657191721774,15,4.727006372665565,Scooter,Sandstorms,Medium,Metropolitian,False,0,0,0,3996.446039814594,4126.507431000995,Rota_Reduzida,1
pedido_4004.3887572836375_739,135.18419892177167,132.6716347326136,117.6716347326136,7.612818282238663,5,5.0,Scooter,Windy,High,Metropolitian,False,0,1,0,4004.3887572836375,4127.060392016251,Aumento_Velocidade,1
pedido_3991.9931854518936_730,137.71819004468705,141.41545054498522,126.41545054498522,13.242217167020044,10,5.0,Moto,Stormy,Jam,Metropolitian,False,0,1,0,3991.9931854518936,4128.408635996879,Aumento_Velocidade,0
pedido_3991.6686692887884_729,130.81666798731777,122.5925423419884,122.5925423419884,10.755340809257028,15,4.6878513808463635,Van,Stormy,High,Metropolitian,True,0,1,0,3991.6686692887884,4129.261211630776,Nenhuma,0
pedido_3965.781287331076_709,188.18930936086903,174.6117156947535,159.6117156947535,17.383822296350505,5,4.415833484504352,Scooter,Foggy,High,Metropolitian,False,0,1,0,3965.781287331076,4130.39300302583,Aumento_Velocidade,0
pedido_4023.443433200111_749,133.3348066754189,118.837129815158,103.837129815158,8.349258477328073,5,4.727069437258743,Moto,Windy,High,Urban,False,0,1,0,4023.443433200111,4132.280563015269,Aumento_Velocidade,1
pedido_4027.092819249234_751,130.0762541954929,112.4868850186095,97.4868850186095,2.777165042212179,10,4.598930870515941,Scooter,Windy,Jam,Metropolitian,True,0,1,0,4027.092819249234,4134.579704267843,Aumento_Velocidade,1
pedido_3997.534832775777_736,132.92179795105696,139.35894549711392,124.35894549711392,6.478116650605481,15,4.694268685644909,Scooter,Foggy,High,Metropolitian,False,0,1,0,3997.534832775777,4136.893778272891,Aumento_Velocidade,0
pedido_4030.6233759539027_754,129.4306379683732,111.8549642863502,96.8549642863502,14.53005884697791,10,4.9007045388978945,Moto,Stormy,High,Metropolitian,False,0,1,0,4030.6233759539027,4137.478340240253,Aumento_Velocidade,1
pedido_4097.426164529713_796,48.08350009422661,25.55198036158366,25.55198036158366,1.3004127799325538,15,5.0,Scooter,Stormy,High,Metropolitian,False,1,1,0,4097.426164529713,4137.978144891296,Nenhuma,1
pedido_4043.99172614786_757,122.44153830325249,110.8795639447577,90.8795639447577,5.143855908561815,5,4.522461074373261,Scooter,Sandstorms,High,Other,False,0,1,0,4043.99172614786,4139.8712900926175,Rota_Reduzida,1
pedido_4058.6475271384707_771,102.31730649553023,82.86020939100487,67.86020939100487,16.102209464373384,15,4.580878816061524,Moto,Sunny,Medium,Metropolitian,False,0,0,1,4058.6475271384707,4141.507736529476,Rota_Reduzida,1
pedido_4010.8082993151143_745,129.88285124763888,117.22165040982998,117.22165040982998,12.134929523242175,15,4.746276185107973,Van,Stormy,High,Metropolitian,False,0,1,0,4010.8082993151143,4143.029949724944,Nenhuma,1
pedido_3972.3225562866464_716,186.48379159036654,180.87391673513065,165.87391673513065,13.926733917407027,5,4.179457422098877,Moto,Stormy,High,Urban,False,0,1,0,3972.3225562866464,4143.196473021777,Aumento_Velocidade,0
pedido_3976.5650770424004_718,178.64119323461597,179.25537302178333,164.25537302178333,3.532407225360207,5,4.3917114293395745,Moto,Foggy,High,Metropolitian,False,0,1,0,3976.5650770424004,4145.820450064184,Aumento_Velocidade,0
pedido_4028.1057464382498_752,127.39112761191271,108.40134964457201,108.40134964457201,5.286579039838556,10,4.636886823760845,Van,Stormy,Jam,Urban,False,0,1,0,4028.1057464382498,4146.507096082822,Nenhuma,1
pedido_3959.3488607289605_703,203.03391459938226,198.55788576945793,178.55788576945793,13.461810000845864,10,4.367546053498044,Scooter,Foggy,Jam,Semi-Urban,False,0,1,0,3959.3488607289605,4147.906746498418,Rota_Reduzida,0
pedido_3980.591999463601_723,186.08615434524913,167.33596265975945,152.33596265975945,15.723308522597215,15,4.393871221107685,Moto,Windy,High,Metropolitian,False,0,1,0,3980.591999463601,4147.927962123361,Aumento_Velocidade,0
pedido_4025.9424088675173_750,134.0293638312794,135.05256455422256,120.05256455422256,8.839109429538787,5,4.576919739284507,Moto,Foggy,High,Metropolitian,False,0,1,0,4025.9424088675173,4150.99497342174,Aumento_Velocidade,0
pedido_4078.496454670329_788,95.11501464702829,79.20990128484493,64.20990128484493,2.4037181831388788,10,4.970027762437028,Scooter,Sunny,Medium,Metropolitian,False,0,0,1,4078.496454670329,4152.706355955174,Rota_Reduzida,1
pedido_4066.5149274364435_778,105.95567356939611,91.19237552205273,76.19237552205273,13.140594410657473,10,4.54838937614888,Moto,Sunny,High,Metropolitian,False,0,1,1,4066.5149274364435,4152.707302958496,Aumento_Velocidade,1
pedido_4050.938932852033_764,131.99848680634327,107.8983893881403,92.8983893881403,9.50809106322377,10,4.850177822240389,Moto,Sandstorms,High,Metropolitian,False,0,1,0,4050.938932852033,4153.837322240173,Aumento_Velocidade,1
pedido_4009.145035933208_742,143.87999213971185,150.68491167833855,135.68491167833855,15.480144598033492,10,4.765796559371564,Moto,Foggy,High,Metropolitian,True,0,1,0,4009.145035933208,4154.829947611546,Aumento_Velocidade,0
pedido_4074.5967965761342_785,102.1587350669588,90.45853671407541,75.45853671407541,15.050940402772422,5,4.577370344113128,Scooter,Sunny,Medium,Metropolitian,False,0,0,1,4074.5967965761342,4155.05533329021,Rota_Reduzida,1
pedido_4045.91478133296_759,132.141537028009,114.25617827291107,99.25617827291107,6.6518540608155865,10,4.8957419963069055,Scooter,Foggy,High,Metropolitian,False,0,1,0,4045.91478133296,4155.170959605871,Aumento_Velocidade,1
pedido_4057.2593978506256_770,134.82258544930943,103.51273404357059,88.51273404357059,17.513559100862054,10,4.89192887326762,Moto,Sandstorms,High,Metropolitian,False,0,1,0,4057.2593978506256,4155.772131894196,Aumento_Velocidade,1
pedido_4060.1761743206685_774,134.2830911167039,97.50246663951727,82.50246663951727,23.649699045329665,15,4.625254460042935,Moto,Stormy,High,Metropolitian,False,0,1,0,4060.1761743206685,4157.6786409601855,Aumento_Velocidade,1
pedido_4047.2392676939244_760,129.2981284338539,118.73695203689178,103.73695203689178,4.475226891774847,10,4.712824881739524,Scooter,Foggy,Jam,Metropolitian,False,0,1,0,4047.2392676939244,4160.976219730816,Aumento_Velocidade,1
pedido_4040.8485777322803_756,134.89077910663988,125.75245161429072,110.75245161429072,15.89668828822246,10,4.633733937107359,Moto,Sandstorms,High,Metropolitian,True,0,1,0,4040.8485777322803,4161.601029346571,Aumento_Velocidade,1
pedido_4055.9229761874126_767,101.38770292247811,118.66207776959831,103.66207776959831,14.591566549802591,5,4.852730696961335,Scooter,Sunny,Medium,Metropolitian,False,0,0,1,4055.9229761874126,4164.585053957011,Rota_Reduzida,1
pedido_4031.481602790882_755,136.6983099891471,144.66319058679045,129.66319058679045,14.584394498995312,5,4.534888704754275,Moto,Windy,Jam,Metropolitian,False,0,1,0,4031.481602790882,4166.144793377673,Aumento_Velocidade,0
pedido_4129.377604990699_812,47.33105083316131,32.36418915407986,32.36418915407986,4.014757753946587,5,4.588253431772182,Moto,Windy,Jam,Metropolitian,True,1,1,0,4129.377604990699,4166.741794144779,Nenhuma,1
pedido_4051.578712305075_765,129.36101408685738,120.77535284138713,105.77535284138713,16.298710110217215,10,4.737527023371232,Scooter,Stormy,High,Urban,False,0,1,0,4051.578712305075,4167.354065146462,Aumento_Velocidade,1
pedido_4048.045601513331_761,140.98233946960423,120.77928493331135,105.77928493331135,11.561042304894984,15,5.0,Moto,Foggy,High,Urban,False,0,1,0,4048.045601513331,4168.824886446642,Aumento_Velocidade,1
pedido_4006.912109467498_741,178.05177664955076,167.26436130145714,152.26436130145714,8.149378715477997,10,4.3838683898254605,Moto,Stormy,Jam,Metropolitian,False,0,1,0,4006.912109467498,4169.176470768955,Aumento_Velocidade,0
pedido_4053.2771379971905_766,131.51674031147215,128.5143265592679,113.51432655926789,0.0,5,4.582747075913078,Scooter,Windy,High,Metropolitian,False,0,1,0,4053.2771379971905,4171.791464556459,Aumento_Velocidade,1
pedido_4049.8116023651787_763,130.5357302082129,124.1336411247905,109.1336411247905,17.293023056241648,15,4.647423024299067,Scooter,Stormy,High,Metropolitian,False,0,1,0,4049.8116023651787,4173.9452434899695,Aumento_Velocidade,1
pedido_4058.650561601109_772,128.8166990156217,115.36686602635154,100.36686602635154,5.7710186079221195,15,4.814908061502561,Scooter,Windy,High,Metropolitian,True,0,1,0,4058.650561601109,4174.017427627461,Aumento_Velocidade,1
pedido_4056.915012598877_769,134.39833402897818,117.22238914584892,102.22238914584892,15.532898536277454,15,4.576315250979629,Scooter,Windy,Medium,Metropolitian,False,0,0,0,4056.915012598877,4174.137401744726,Rota_Reduzida,1
pedido_4044.6808261252227_758,136.6452187494612,129.48966995537168,114.48966995537168,2.3207151959155072,15,5.0,Moto,Sandstorms,High,Urban,False,0,1,0,4044.6808261252227,4174.170496080595,Aumento_Velocidade,1
pedido_4049.2829429347253_762,130.91851907444766,125.4463065231368,110.4463065231368,0.0,15,4.943356870353124,Moto,Sandstorms,Medium,Urban,False,0,0,0,4049.2829429347253,4174.729249457862,Rota_Reduzida,1
pedido_4071.578912600357_781,103.42555449491033,98.80349564026825,98.80349564026825,15.638393155118921,5,4.717709607855568,Moto,Windy,Low,Metropolitian,False,0,0,0,4071.578912600357,4175.382408240625,Nenhuma,1
pedido_4082.677018948022_789,107.77790126841685,93.72247336481479,78.72247336481479,9.997992971494106,15,4.742175045361436,Moto,Sunny,Jam,Metropolitian,True,0,1,1,4082.677018948022,4176.399492312837,Aumento_Velocidade,1
pedido_4061.628444044143_777,133.09159733098105,119.8512733960859,104.8512733960859,2.942566951194979,10,4.748427923235574,Moto,Stormy,Medium,Metropolitian,False,0,0,0,4061.628444044143,4176.479717440229,Rota_Reduzida,1
pedido_4029.505499917932_753,151.02971091692942,147.55005791736323,132.55005791736323,15.748944111146617,15,4.606182710478414,Moto,Foggy,Jam,Metropolitian,False,0,1,0,4029.505499917932,4177.055557835295,Aumento_Velocidade,0
pedido_4061.365027426919_775,128.04830767786407,120.87347799193509,105.87347799193509,6.329161315356524,10,4.91451368254595,Moto,Stormy,High,Metropolitian,False,0,1,0,4061.365027426919,4177.238505418854,Aumento_Velocidade,1
pedido_4061.587239656297_776,130.42082561058794,117.41891368288671,102.41891368288671,6.3417914012455,15,4.519355754614244,Scooter,Sandstorms,High,Metropolitian,True,0,1,0,4061.587239656297,4179.006153339184,Aumento_Velocidade,1
pedido_4149.089443765296_826,44.59117736600349,15.996217486342726,15.996217486342726,3.3234375413526247,15,5.0,Moto,Foggy,High,Urban,False,1,1,0,4149.089443765296,4180.085661251639,Nenhuma,1
pedido_4056.785294166041_768,140.74379917618353,133.99466509834934,118.99466509834934,21.08326937830757,5,4.828155033130684,Scooter,Windy,Medium,Metropolitian,True,0,0,0,4056.785294166041,4180.7799592643905,Rota_Reduzida,1
pedido_4068.30464350424_779,130.72011577704913,123.84885909876252,108.84885909876252,5.966433347728519,5,4.561960815083694,Moto,Windy,High,Metropolitian,False,0,1,0,4068.30464350424,4182.153502603002,Aumento_Velocidade,1
pedido_4071.8254511085242_783,135.88974003663375,112.27261723316686,97.27261723316686,10.02203762115975,15,4.5707028510218,Moto,Windy,High,Metropolitian,False,0,1,0,4071.8254511085242,4184.098068341691,Aumento_Velocidade,1
pedido_4074.0014606477853_784,128.82160162125592,113.4257641079245,98.4257641079245,7.395760098012576,15,4.78404201695224,Moto,Stormy,Jam,Metropolitian,True,0,1,0,4074.0014606477853,4187.42722475571,Aumento_Velocidade,1
pedido_4092.7950942071147_793,100.64075591340581,91.09121658236721,91.09121658236721,8.624507743488639,5,4.847438397063462,Moto,Windy,Low,Metropolitian,True,0,0,0,4092.7950942071147,4188.886310789482,Nenhuma,1
pedido_4114.610655948891_806,97.10104573001921,75.48500023981192,60.485000239811924,9.120213099076626,15,4.906115145678983,Moto,Sunny,Medium,Metropolitian,False,0,0,1,4114.610655948891,4190.095656188702,Rota_Reduzida,1
pedido_4095.921392024332_795,96.07794080521282,84.49675740238536,84.49675740238536,1.8452531353578263,10,4.616277010703255,Moto,Sunny,Low,Urban,False,0,0,1,4095.921392024332,4190.418149426718,Nenhuma,1
pedido_4071.5901360246635_782,125.06450175051674,119.33099099338372,104.33099099338372,2.061391426773916,15,4.759159313745767,Moto,Stormy,Jam,Metropolitian,True,0,1,0,4071.5901360246635,4190.921127018048,Aumento_Velocidade,1
pedido_4013.259538067977_746,179.37621324040492,176.78617084880602,176.78617084880602,15.162031771147014,5,4.2876636888374104,Van,Sunny,High,Metropolitian,False,0,1,1,4013.259538067977,4195.045708916783,Nenhuma,0
pedido_3992.846992281085_731,188.18930936086903,216.85729117525352,201.85729117525352,18.476598442901487,5,4.44723506857616,Moto,Foggy,High,Metropolitian,False,0,1,0,3992.846992281085,4199.704283456338,Aumento_Velocidade,0
pedido_4059.4020158717676_773,141.67887272572975,151.81256097751037,136.81256097751037,14.464823438154847,5,5.0,Scooter,Foggy,High,Metropolitian,False,0,1,0,4059.4020158717676,4201.214576849278,Aumento_Velocidade,0
pedido_4083.536200871644_790,127.74865931486852,124.76041942005074,109.76041942005074,6.221842507043314,10,4.725940030172329,Scooter,Windy,Jam,Metropolitian,False,0,1,0,4083.536200871644,4203.296620291694,Aumento_Velocidade,1
pedido_4098.653742887313_798,118.2131136742393,105.1705970901401,105.1705970901401,19.881347324785732,5,4.675501068719381,Van,Sunny,Low,Metropolitian,True,0,0,1,4098.653742887313,4208.824339977453,Nenhuma,1
pedido_4075.987465769613_786,133.5119959442174,143.2982068544428,128.2982068544428,16.580621810784237,5,4.86623880509515,Moto,Windy,High,Metropolitian,False,0,1,0,4075.987465769613,4209.285672624056,Aumento_Velocidade,0
pedido_4088.925171694732_791,132.4947702101738,121.8671474155764,106.8671474155764,5.056255608635327,15,4.759936778857175,Moto,Foggy,High,Metropolitian,True,0,1,0,4088.925171694732,4210.792319110308,Aumento_Velocidade,1
pedido_4101.22520803066_801,135.2338915937963,119.77107184770381,104.77107184770381,17.570398882820662,5,4.839039291003646,Scooter,Sandstorms,High,Urban,False,0,1,0,4101.22520803066,4210.996279878364,Aumento_Velocidade,1
pedido_4098.155262967214_797,132.73719165433835,118.75379006965261,103.75379006965261,10.956588982298433,10,4.645259343337052,Scooter,Windy,High,Metropolitian,False,0,1,0,4098.155262967214,4211.909053036867,Aumento_Velocidade,1
pedido_4117.364319280452_808,103.30377260891242,80.57355309414304,80.57355309414304,14.164095307688038,15,4.630648353941374,Moto,Stormy,Low,Metropolitian,False,0,0,0,4117.364319280452,4212.937872374595,Nenhuma,1
pedido_4149.727865492873_827,95.26763965649413,63.42178331376303,48.42178331376303,6.548573986774113,15,4.658891962701603,Scooter,Sunny,Medium,Metropolitian,False,0,0,1,4149.727865492873,4213.149648806636,Rota_Reduzida,1
pedido_4091.843530538268_792,100.03134081509505,111.67257864462675,111.67257864462675,3.0380886206024322,10,5.0,Moto,Windy,Low,Urban,True,0,0,0,4091.843530538268,4213.516109182895,Nenhuma,1
pedido_4099.321163401176_800,128.05143121085416,125.89494687508622,110.89494687508622,8.378740112014206,5,4.561061126355535,Moto,Stormy,Jam,Metropolitian,True,0,1,0,4099.321163401176,4215.216110276262,Aumento_Velocidade,1
pedido_4108.031834242295_802,134.42299439492686,120.1723545800458,105.1723545800458,19.510341901363844,10,4.673324949838687,Moto,Stormy,Medium,Metropolitian,False,0,0,0,4108.031834242295,4223.204188822341,Rota_Reduzida,1
pedido_4196.182077324236_855,45.95791175579012,26.53658314059398,26.53658314059398,4.0999887597422155,5,4.743209863017131,Moto,Windy,High,Metropolitian,False,1,1,0,4196.182077324236,4227.7186604648305,Nenhuma,1
pedido_4117.3996863008315_809,131.19275837410942,110.42807018862584,95.42807018862584,13.972074480746798,15,4.907812920384068,Scooter,Stormy,High,Urban,True,0,1,0,4117.3996863008315,4227.827756489457,Aumento_Velocidade,1
pedido_4112.087507503641_803,132.31286608333016,122.10363449664783,107.10363449664783,2.7399172291005724,10,4.719059859615101,Scooter,Foggy,High,Metropolitian,True,0,1,0,4112.087507503641,4229.191142000289,Aumento_Velocidade,1
pedido_4141.427214411148_820,101.17663549600017,85.57385503250833,85.57385503250833,7.291138408660981,5,4.788256035946271,Scooter,Sandstorms,Low,Metropolitian,False,0,0,0,4141.427214411148,4232.001069443657,Nenhuma,1
pedido_4119.156923598965_810,121.2203984222763,105.99068945587561,105.99068945587561,11.364739237428534,10,4.853976154129493,Scooter,Sunny,Low,Metropolitian,False,0,0,1,4119.156923598965,4235.14761305484,Nenhuma,1
pedido_4113.193969745581_804,132.41530313505706,127.58826609203157,112.58826609203157,7.422288064257978,10,4.847059168968139,Scooter,Windy,High,Metropolitian,False,0,1,0,4113.193969745581,4235.7822358376125,Aumento_Velocidade,1
pedido_4115.7720792620385_807,125.38568900188545,121.20534424872585,106.20534424872585,8.252633012669476,15,4.790830355607926,Moto,Foggy,Medium,Metropolitian,False,0,0,0,4115.7720792620385,4236.977423510764,Rota_Reduzida,1
pedido_4077.8259535229317_787,175.32795645433026,169.18761043111027,154.18761043111027,2.529731248431773,5,4.337215096909057,Moto,Sandstorms,High,Metropolitian,False,0,1,0,4077.8259535229317,4237.013563954042,Aumento_Velocidade,0
pedido_4114.137890139921_805,136.25019710443954,123.39303337255993,108.39303337255993,1.8713669894905025,15,5.0,Moto,Sandstorms,High,Metropolitian,False,0,1,0,4114.137890139921,4237.530923512481,Aumento_Velocidade,1
pedido_4135.545082698721_815,111.1226686348785,101.85939313121958,101.85939313121958,10.88057473374192,5,4.7977969836562595,Scooter,Foggy,Low,Metropolitian,False,0,0,0,4135.545082698721,4242.404475829941,Nenhuma,1
pedido_4134.176432155124_814,140.62704366312087,119.42234767906996,104.42234767906996,14.137055093002944,5,4.595370063021945,Moto,Sandstorms,Jam,Metropolitian,False,0,1,0,4134.176432155124,4243.598779834194,Aumento_Velocidade,1
pedido_4147.04915943305_824,133.03987330531243,100.55747019884365,85.55747019884365,15.253009073411045,15,4.626986417463704,Scooter,Stormy,Jam,Metropolitian,False,0,1,0,4147.04915943305,4247.606629631893,Aumento_Velocidade,1
pedido_4141.096184403778_818,102.52977825637494,103.92487213150314,103.92487213150314,12.713988726453968,5,4.578516472003143,Moto,Stormy,Low,Urban,False,0,0,0,4141.096184403778,4250.021056535282,Nenhuma,1
pedido_4171.88008676918_843,97.49075709272678,78.55007288113237,63.550072881132365,4.584540392961621,15,4.681553278093752,Moto,Sunny,High,Metropolitian,False,0,1,1,4171.88008676918,4250.430159650312,Aumento_Velocidade,1
pedido_4140.590953949616_817,130.0762541954929,116.56035075872238,101.56035075872238,2.0622720455541645,10,4.64714621860918,Moto,Windy,Jam,Metropolitian,True,0,1,0,4140.590953949616,4252.151304708338,Aumento_Velocidade,1
pedido_4093.384322264061_794,184.36787060757123,160.60669840100758,145.60669840100758,13.713511804891434,15,4.1088142135408,Moto,Stormy,Medium,Metropolitian,False,0,0,0,4093.384322264061,4253.991020665068,Rota_Reduzida,0
pedido_4099.063434711306_799,154.2726395274571,166.73764191860982,151.73764191860982,20.99615168605536,5,4.581188860715629,Scooter,Foggy,Jam,Metropolitian,False,0,1,0,4099.063434711306,4255.801076629916,Aumento_Velocidade,0
pedido_4154.836781471635_831,123.69604525714968,116.7179860826117,96.7179860826117,15.297277200867796,5,4.60405458599828,Moto,Windy,High,Other,False,0,1,0,4154.836781471635,4256.554767554247,Rota_Reduzida,1
pedido_4121.724880252754_811,128.04003209954664,120.00963169634309,120.00963169634309,5.021720385062472,15,4.6712327971411005,Van,Sandstorms,Jam,Metropolitian,False,0,1,0,4121.724880252754,4256.7345119490965,Nenhuma,0
pedido_4227.289627123248_883,38.04216271948492,17.913696793549846,17.913696793549846,8.666439699705371,15,4.856815087864776,Van,Sunny,Jam,Metropolitian,True,1,1,1,4227.289627123248,4260.203323916798,Nenhuma,1
pedido_4155.0231818879765_832,130.69048923704733,113.5276253570835,98.5276253570835,0.0,10,4.700698483600649,Moto,Sandstorms,High,Urban,True,0,1,0,4155.0231818879765,4263.55080724506,Aumento_Velocidade,1
pedido_4154.531565302779_830,133.56244620912418,114.22397243200116,99.22397243200116,11.539471662528488,10,4.702039127948393,Scooter,Sandstorms,High,Metropolitian,False,0,1,0,4154.531565302779,4263.755537734781,Aumento_Velocidade,1
pedido_4144.036442812279_822,132.0217068021191,130.03762192516768,115.03762192516768,4.653986036231412,5,4.685991735338585,Scooter,Sandstorms,High,Metropolitian,False,0,1,0,4144.036442812279,4264.074064737447,Aumento_Velocidade,1
pedido_4143.301035748302_821,132.65520812979105,131.3404061153705,116.34040611537051,6.94227660569226,5,4.564267145138895,Scooter,Windy,High,Metropolitian,False,0,1,0,4143.301035748302,4264.641441863672,Aumento_Velocidade,1
pedido_4169.826687014176_840,110.54411547980678,106.41075214815896,91.41075214815896,11.398504001111904,5,4.772198314263094,Scooter,Sunny,Jam,Metropolitian,False,0,1,1,4169.826687014176,4266.237439162335,Aumento_Velocidade,1
pedido_4189.185489585958_850,99.08136869365737,77.28516633016469,62.285166330164685,4.179490268050602,15,4.816694189486105,Scooter,Sunny,High,Urban,True,0,1,1,4189.185489585958,4266.470655916122,Aumento_Velocidade,1
pedido_4197.00565505353_857,95.81752941121117,70.13178775555502,55.131787755555024,7.0314040254808186,15,5.0,Moto,Sunny,Medium,Urban,False,0,0,1,4197.00565505353,4267.137442809085,Rota_Reduzida,1
pedido_4141.245542294319_819,134.99448163279635,137.57089509473008,122.57089509473008,12.683646267804454,5,4.61067632922039,Scooter,Windy,High,Metropolitian,True,0,1,0,4141.245542294319,4268.8164373890495,Aumento_Velocidade,0
pedido_4172.031378710677_844,131.1076535770451,97.30758980067519,82.30758980067519,3.3040053137074143,15,4.742272309790483,Moto,Stormy,Medium,Urban,True,0,0,0,4172.031378710677,4269.3389685113525,Rota_Reduzida,1
pedido_4139.414193420755_816,129.34163027927568,129.96169651248127,114.96169651248127,5.036515412892252,15,4.93524038775192,Moto,Foggy,Jam,Urban,False,0,1,0,4139.414193420755,4269.375889933236,Aumento_Velocidade,1
pedido_4181.835378664328_847,104.4980380389576,87.95847870127584,72.95847870127584,15.164708140995407,15,4.9382722608620035,Moto,Sunny,Medium,Metropolitian,True,0,0,1,4181.835378664328,4269.793857365604,Rota_Reduzida,1
pedido_4163.697070098896_836,132.37142696849875,111.93008240622619,96.93008240622619,4.703884829332111,10,4.9346692163014705,Scooter,Sandstorms,High,Metropolitian,False,0,1,0,4163.697070098896,4270.6271525051225,Aumento_Velocidade,1
pedido_4159.557845059061_834,144.47337242897112,121.90860781612207,106.90860781612207,19.850580932456428,5,4.72928323426504,Moto,Foggy,Medium,Urban,False,0,0,0,4159.557845059061,4271.466452875183,Rota_Reduzida,1
pedido_4197.6192445798015_858,100.80444292759303,86.15049310758647,71.15049310758647,10.404988473420376,5,4.680316032373479,Moto,Sunny,High,Metropolitian,False,0,1,1,4197.6192445798015,4273.7697376873875,Aumento_Velocidade,1
pedido_4196.557901996138_856,99.93006716445991,89.72715191609024,74.72715191609024,7.148315622746881,5,4.688574584615117,Moto,Sunny,Jam,Metropolitian,True,0,1,1,4196.557901996138,4276.285053912228,Aumento_Velocidade,1
pedido_4161.88350913097_835,142.01743019643538,125.84606971455716,110.84606971455716,16.044198954470673,5,4.526655754568079,Moto,Foggy,Medium,Metropolitian,True,0,0,0,4161.88350913097,4277.729578845528,Rota_Reduzida,1
pedido_4151.204757828949_829,133.25875828226594,115.49256448143024,115.49256448143024,7.302760349216446,15,4.226438013733032,Moto,Sandstorms,Low,Metropolitian,False,0,0,0,4151.204757828949,4281.69732231038,Nenhuma,1
pedido_4221.5681434313665_874,99.003947290643,68.1080506909027,53.1080506909027,4.024263394801281,10,4.9936393711936615,Scooter,Sunny,High,Urban,False,0,1,1,4221.5681434313665,4284.676194122269,Aumento_Velocidade,1
pedido_4157.7311987029025_833,132.9402628628961,133.55974847848748,118.55974847848748,12.277281162398353,10,4.601914872179466,Moto,Windy,High,Metropolitian,False,0,1,0,4157.7311987029025,4286.29094718139,Aumento_Velocidade,1
pedido_4192.873329800525_853,126.28115689993314,98.46863941415823,83.46863941415823,0.0,10,4.495116256730082,Scooter,Foggy,Jam,Metropolitian,False,0,1,0,4192.873329800525,4286.341969214684,Aumento_Velocidade,1
pedido_4187.406916093661_848,122.30477543077123,104.80020896289984,89.80020896289984,2.168901667071776,10,4.893668987515589,Scooter,Stormy,Jam,Metropolitian,False,0,1,0,4187.406916093661,4287.2071250565605,Aumento_Velocidade,1
pedido_4170.210761152493_842,125.9069267250954,127.18864450910803,112.18864450910803,6.600526854928458,5,4.724768046456411,Scooter,Foggy,Medium,Metropolitian,False,0,0,0,4170.210761152493,4287.399405661601,Rota_Reduzida,1
pedido_4169.7863004355995_839,137.26436426815033,127.7705644017881,112.7705644017881,20.756009862872688,5,5.0,Moto,Sandstorms,Medium,Metropolitian,False,0,0,0,4169.7863004355995,4287.556864837387,Rota_Reduzida,1
pedido_4265.046057752616_919,32.584542921875105,12.815291909307248,12.815291909307248,6.786122367506018,10,4.668735118707358,Moto,Stormy,Low,Urban,False,1,0,0,4265.046057752616,4287.861349661924,Nenhuma,1
pedido_4150.338024041371_828,142.5160243788101,154.16414903968584,139.16414903968584,12.341603010618394,5,4.708939105596642,Scooter,Foggy,High,Urban,False,0,1,0,4150.338024041371,4294.502173081057,Aumento_Velocidade,0
pedido_4187.48039965884_849,127.53162732466447,112.6990747609023,97.6990747609023,6.89715135395448,10,4.7017522452191525,Scooter,Sandstorms,Jam,Urban,False,0,1,0,4187.48039965884,4295.179474419742,Aumento_Velocidade,1
pedido_4172.077778143313_845,144.3680341510567,130.193441200747,115.193441200747,13.299564015404197,10,4.8448807841805435,Moto,Foggy,High,Metropolitian,True,0,1,0,4172.077778143313,4297.271219344059,Aumento_Velocidade,1
pedido_4131.171379077347_813,187.20497829503262,172.14134379242338,157.14134379242338,7.340160800303022,10,4.396110201642363,Scooter,Sunny,Jam,Metropolitian,True,0,1,1,4131.171379077347,4298.31272286977,Aumento_Velocidade,0
pedido_4147.6017179413575_825,175.29157599558596,152.75148892182682,137.75148892182682,6.596654571082403,15,4.4440342966280815,Scooter,Windy,High,Urban,False,0,1,0,4147.6017179413575,4300.353206863184,Aumento_Velocidade,0
pedido_4226.051581770267_881,104.76061484720417,84.85813991028813,69.85813991028813,18.955776272833027,5,4.803126822066453,Scooter,Sunny,High,Metropolitian,True,0,1,1,4226.051581770267,4300.909721680555,Aumento_Velocidade,1
pedido_4222.018475282227_875,106.94701865130499,84.57158158980133,69.57158158980133,10.216453788504282,10,4.912428202175636,Moto,Sunny,Jam,Metropolitian,True,0,1,1,4222.018475282227,4301.590056872028,Aumento_Velocidade,1
pedido_4211.570290633955_865,127.5980375578034,105.88029141088705,90.88029141088705,3.407416635535253,5,4.613572411930027,Scooter,Foggy,Jam,Metropolitian,False,0,1,0,4211.570290633955,4307.450582044842,Aumento_Velocidade,1
pedido_4214.156107724235_868,97.390080675548,89.37279230798892,89.37279230798892,6.68318720917417,5,4.651156516553869,Scooter,Sunny,Low,Metropolitian,True,0,0,1,4214.156107724235,4308.528900032224,Nenhuma,1
pedido_4267.9491171124355_922,45.17339209485954,35.93464949502604,35.93464949502604,10.07208106395626,5,4.66220290311695,Moto,Windy,High,Urban,True,1,1,0,4267.9491171124355,4308.883766607461,Nenhuma,1
pedido_4207.0100702031095_862,134.75945143054273,112.96635701191622,97.96635701191622,5.492058307172754,5,4.770006733563858,Moto,Stormy,Medium,Metropolitian,False,0,0,0,4207.0100702031095,4309.976427215026,Rota_Reduzida,1
pedido_4221.032479748778_873,108.88505966781177,99.45665773913292,84.45665773913292,16.73275480085663,5,4.948269772869526,Scooter,Sunny,Jam,Metropolitian,True,0,1,1,4221.032479748778,4310.489137487912,Aumento_Velocidade,1
pedido_4227.61132734211_884,93.9126590166317,96.68513691368979,81.68513691368979,4.151583696388381,5,4.621085406256652,Scooter,Sunny,Medium,Metropolitian,False,0,0,1,4227.61132734211,4314.296464255799,Rota_Reduzida,1
pedido_4202.7143278956155_860,134.41578154217095,111.93963614037398,96.93963614037398,0.0,15,4.6322659952688605,Moto,Foggy,High,Metropolitian,False,0,1,0,4202.7143278956155,4314.65396403599,Aumento_Velocidade,1
pedido_4271.640980668965_923,33.93058682999584,38.60065531663711,38.60065531663711,8.490308123664274,5,4.802098677872545,Moto,Sunny,Low,Metropolitian,False,1,0,1,4271.640980668965,4315.241635985602,Nenhuma,1
pedido_4198.443424543565_859,130.47731589203755,117.47799699842054,102.47799699842054,6.804734399543102,15,5.0,Moto,Stormy,Jam,Metropolitian,True,0,1,0,4198.443424543565,4315.921421541985,Aumento_Velocidade,1
pedido_4231.169630891474_892,101.61481017132195,98.58422493573055,83.58422493573055,15.26118870764802,5,4.742617097920007,Moto,Sunny,High,Urban,False,0,1,1,4231.169630891474,4319.7538558272045,Aumento_Velocidade,1
pedido_4229.900286707334_889,112.36431529147616,98.37546801282424,83.37546801282424,15.388114635968973,10,4.482875990071495,Scooter,Sunny,Jam,Metropolitian,False,0,1,1,4229.900286707334,4323.275754720158,Aumento_Velocidade,1
pedido_4228.1366679270695_886,102.27485429395772,100.26893678423232,85.26893678423232,16.94401333754162,10,4.726936440283384,Moto,Sunny,High,Metropolitian,False,0,1,1,4228.1366679270695,4323.405604711302,Aumento_Velocidade,1
pedido_4208.491781994764_863,137.08587988469804,122.35279353704865,107.35279353704865,16.967230386914416,10,5.0,Moto,Windy,High,Metropolitian,False,0,1,0,4208.491781994764,4325.844575531813,Aumento_Velocidade,1
pedido_4223.978333336919_879,92.25117896250224,114.07080039792748,99.07080039792748,4.41270539343766,5,4.549252046915895,Scooter,Sunny,Medium,Other,False,0,0,1,4223.978333336919,4328.049133734846,Rota_Reduzida,1
pedido_4223.149134936345_878,127.4645983255548,110.8846227561188,95.8846227561188,0.0,10,4.558488582582077,Moto,Stormy,High,Metropolitian,False,0,1,0,4223.149134936345,4329.033757692464,Aumento_Velocidade,1
pedido_4203.166063900837_861,132.09485236494498,127.99575302649296,112.99575302649296,9.020011734999496,15,4.916532798123009,Moto,Windy,High,Metropolitian,False,0,1,0,4203.166063900837,4331.16181692733,Aumento_Velocidade,1
pedido_4213.850459693785_867,134.9409461104172,133.39017596747667,113.39017596747667,20.507136813173606,5,4.679123332104234,Moto,Foggy,High,Other,True,0,1,0,4213.850459693785,4332.240635661261,Rota_Reduzida,1
pedido_4213.022030841396_866,131.63377386629992,119.74904986655815,104.74904986655815,6.242925595781511,15,4.718265574695146,Moto,Sandstorms,High,Metropolitian,False,0,1,0,4213.022030841396,4332.771080707955,Aumento_Velocidade,1
pedido_4193.373020234676_854,144.03279396131643,144.69584985925835,129.69584985925835,16.042548102750864,10,4.513559134142026,Scooter,Sandstorms,Jam,Urban,False,0,1,0,4193.373020234676,4333.0688700939345,Aumento_Velocidade,0
pedido_4226.768134488527_882,105.19975107848433,97.32308803882721,97.32308803882721,14.382217152933078,10,4.613418844494142,Van,Sunny,High,Metropolitian,True,0,1,1,4226.768134488527,4334.091222527354,Nenhuma,1
pedido_4169.9361686389475_841,175.4829839044317,174.37337841997055,159.37337841997055,5.972922377605331,5,4.436334949937648,Scooter,Stormy,High,Metropolitian,False,0,1,0,4169.9361686389475,4334.309547058918,Aumento_Velocidade,0
pedido_4145.2106269481765_823,195.77838385792757,195.24098821721805,180.24098821721805,5.324094371847251,10,4.3174997042506105,Scooter,Sunny,High,Urban,False,0,1,1,4145.2106269481765,4335.451615165394,Aumento_Velocidade,0
pedido_4262.052421440079_916,99.003947290643,79.33725657245012,64.33725657245012,3.195647600591573,10,5.0,Scooter,Sunny,High,Urban,False,0,1,1,4262.052421440079,4336.38967801253,Aumento_Velocidade,1
pedido_4223.094837547556_877,136.9024974005576,114.0232406561799,99.0232406561799,15.12234016273652,15,5.0,Moto,Stormy,Jam,Metropolitian,False,0,1,0,4223.094837547556,4337.118078203736,Aumento_Velocidade,1
pedido_4228.074275137687_885,124.31518129063979,114.60346921510703,99.60346921510703,9.358273445490607,10,4.777675432914427,Scooter,Stormy,Jam,Metropolitian,False,0,1,0,4228.074275137687,4337.677744352794,Aumento_Velocidade,1
pedido_4252.056092298967_908,96.13210509996945,91.47281747519064,76.47281747519064,9.363279806196818,10,4.689590793501286,Moto,Sunny,High,Metropolitian,False,0,1,1,4252.056092298967,4338.528909774158,Aumento_Velocidade,1
pedido_4232.323389902279_893,123.0944990501343,116.28407411083462,101.28407411083462,0.0,5,4.546369355797887,Scooter,Stormy,Jam,Metropolitian,True,0,1,0,4232.323389902279,4338.607464013114,Aumento_Velocidade,1
pedido_4242.536337080375_901,94.53840908232574,87.38894524677141,87.38894524677141,1.884864975003735,10,4.724238800968749,Moto,Sunny,Low,Metropolitian,False,0,0,1,4242.536337080375,4339.925282327146,Nenhuma,1
pedido_4229.570811266028_888,130.992527115471,121.06587837485966,106.06587837485966,1.7150439173193006,5,4.59459278748985,Moto,Windy,High,Metropolitian,False,0,1,0,4229.570811266028,4340.636689640887,Aumento_Velocidade,1
pedido_4215.140303698587_869,118.79431705425549,120.94574620992229,120.94574620992229,15.079900295156206,5,4.78776435327827,Moto,Sunny,Low,Metropolitian,True,0,0,1,4215.140303698587,4341.086049908509,Nenhuma,0
pedido_4168.921051366944_837,178.20030225393276,172.19572627749787,157.19572627749787,7.631977920363079,15,4.446936649239081,Scooter,Foggy,High,Metropolitian,False,0,1,0,4168.921051366944,4341.116777644442,Aumento_Velocidade,0
pedido_4216.1732525183625_870,130.1646528332808,124.95151683093991,109.95151683093991,10.084314941904594,15,4.635631777319794,Moto,Stormy,High,Urban,False,0,1,0,4216.1732525183625,4341.124769349302,Aumento_Velocidade,1
pedido_4232.9149286931815_894,128.2397866820502,113.61414975927569,98.61414975927569,7.72289546306338,10,4.659152787797525,Moto,Windy,Jam,Metropolitian,False,0,1,0,4232.9149286931815,4341.529078452457,Aumento_Velocidade,1
pedido_4238.450267217331_897,104.82613000915951,103.26380419695705,88.26380419695705,12.907312037719915,15,5.0,Moto,Sunny,Medium,Metropolitian,True,0,0,1,4238.450267217331,4341.714071414288,Rota_Reduzida,1
pedido_4190.596944638091_852,181.42382200807995,162.23859884374218,147.23859884374218,10.194075343500757,5,4.376343543602195,Scooter,Stormy,High,Urban,False,0,1,0,4190.596944638091,4342.835543481833,Aumento_Velocidade,0
pedido_4249.539076791194_904,102.08981388395627,100.79559078366961,85.79559078366961,11.775085365157924,10,4.810839944966161,Scooter,Sunny,High,Urban,False,0,1,1,4249.539076791194,4345.3346675748635,Aumento_Velocidade,1
pedido_4218.827892784416_871,145.16503103549755,128.412746557211,113.412746557211,17.68104244232526,15,4.770106407590767,Moto,Foggy,High,Urban,True,0,1,0,4218.827892784416,4347.240639341627,Aumento_Velocidade,1
pedido_4219.131796720041_872,129.44584567962016,140.13456889133622,125.13456889133622,5.878293476512214,5,4.668803143368143,Moto,Windy,High,Urban,True,0,1,0,4219.131796720041,4349.266365611377,Aumento_Velocidade,0
pedido_4222.440660396344_876,133.1521311081123,130.64536054497532,115.64536054497532,19.985255610689357,15,4.498579645054034,Moto,Windy,High,Metropolitian,False,0,1,0,4222.440660396344,4353.0860209413195,Aumento_Velocidade,1
pedido_4241.8477291764075_900,137.00434819405214,121.5280471241431,106.5280471241431,10.239321638380673,5,4.774357972215871,Moto,Sandstorms,Medium,Urban,True,0,0,0,4241.8477291764075,4353.375776300551,Rota_Reduzida,1
pedido_4236.535202231172_896,127.77893736758784,121.89496752991468,106.89496752991468,6.426617927262733,10,4.554013733903086,Scooter,Sandstorms,Jam,Metropolitian,False,0,1,0,4236.535202231172,4353.430169761086,Aumento_Velocidade,1
pedido_4169.410927926747_838,197.48927739863785,190.61595566008853,175.61595566008853,11.113130410017149,10,4.392984145574737,Moto,Windy,Jam,Urban,False,0,1,0,4169.410927926747,4355.0268835868355,Aumento_Velocidade,0
pedido_4251.266790300064_907,130.7651276169162,114.0779276892865,99.0779276892865,13.107072921493424,5,4.562252462844139,Scooter,Stormy,High,Metropolitian,False,0,1,0,4251.266790300064,4355.34471798935,Aumento_Velocidade,1
pedido_4225.678861408263_880,135.87327850784735,134.96982662819357,119.96982662819357,3.029409281038211,10,5.0,Scooter,Sandstorms,High,Metropolitian,False,0,1,0,4225.678861408263,4355.648688036457,Aumento_Velocidade,1
pedido_4229.3391700579705_887,136.5398492498131,126.67372085272231,111.67372085272231,5.476091586440578,15,4.680441508889611,Moto,Windy,Medium,Metropolitian,False,0,0,0,4229.3391700579705,4356.0128909106925,Rota_Reduzida,1
pedido_4230.0233405543595_890,149.3693821199547,138.28768201766997,123.28768201766997,13.265169632805563,5,4.704284513511935,Scooter,Foggy,Jam,Metropolitian,False,0,1,0,4230.0233405543595,4358.311022572029,Aumento_Velocidade,0
pedido_4250.912729752974_905,141.32008033116873,113.23335673928608,98.23335673928608,16.11384415780114,10,4.7256414866571435,Scooter,Foggy,High,Metropolitian,False,0,1,0,4250.912729752974,4359.14608649226,Aumento_Velocidade,1
pedido_4176.5225477515_846,200.96546366811862,195.18687949183558,180.18687949183558,16.98896575476258,5,4.386953743544397,Scooter,Foggy,Jam,Urban,False,0,1,0,4176.5225477515,4361.709427243335,Aumento_Velocidade,0
pedido_4236.237167308676_895,141.97346936170933,131.8912549917907,116.8912549917907,13.13020168687532,10,4.464854377071588,Moto,Foggy,Medium,Metropolitian,False,0,0,0,4236.237167308676,4363.128422300467,Rota_Reduzida,1
pedido_4248.985492281963_903,110.8665129399027,99.52689421087427,99.52689421087427,16.138116277010106,15,4.663974120175641,Moto,Foggy,Low,Metropolitian,False,0,0,0,4248.985492281963,4363.512386492837,Nenhuma,1
pedido_4230.761734395893_891,133.2374444571589,137.79861929318037,122.79861929318037,0.0,10,4.694242592704502,Moto,Foggy,High,Urban,True,0,1,0,4230.761734395893,4363.560353689073,Aumento_Velocidade,0
pedido_4209.0780883519465_864,173.50993879997583,164.80702287678807,144.80702287678807,14.555863116189808,10,4.28004921673505,Scooter,Sunny,High,Other,True,0,1,1,4209.0780883519465,4363.885111228735,Rota_Reduzida,0
pedido_4257.402226107953_914,133.1817589023007,119.17985761587822,104.17985761587822,8.910238192842861,5,4.787917395965171,Moto,Foggy,High,Metropolitian,False,0,1,0,4257.402226107953,4366.582083723831,Aumento_Velocidade,1
pedido_4240.911198452105_899,142.15103644375816,130.97061171380335,115.97061171380335,18.608987210349902,10,4.635710267236522,Scooter,Foggy,High,Metropolitian,False,0,1,0,4240.911198452105,4366.881810165908,Aumento_Velocidade,1
pedido_4239.0606859481295_898,135.7975343682578,139.19984816262516,124.19984816262516,15.268713872272322,5,4.7688056989939,Moto,Windy,High,Metropolitian,True,0,1,0,4239.0606859481295,4368.260534110755,Aumento_Velocidade,0
pedido_4262.3289460262795_917,125.01205540405702,122.95330324145358,102.95330324145358,11.800653360609958,5,4.849911112645485,Scooter,Stormy,High,Other,False,0,1,0,4262.3289460262795,4370.282249267733,Rota_Reduzida,1
pedido_4190.592320831818_851,187.20066366877487,191.82582066061875,176.82582066061875,5.175956787361665,5,4.4362542159064,Moto,Sunny,Jam,Urban,False,0,1,1,4190.592320831818,4372.418141492437,Aumento_Velocidade,0
pedido_4250.919667166533_906,132.46128709756692,110.15722181617163,110.15722181617163,3.518413595739905,15,4.447159341162756,Moto,Windy,Low,Urban,False,0,0,0,4250.919667166533,4376.076888982705,Nenhuma,1
pedido_4255.670406390968_911,133.4347195190689,130.4382933775634,115.43829337756341,5.6387058238689045,5,4.958383027910299,Scooter,Foggy,Jam,Metropolitian,True,0,1,0,4255.670406390968,4376.108699768532,Aumento_Velocidade,1
pedido_4255.647714137518_910,134.69050683900977,121.01364177021347,106.01364177021347,13.103411892040047,15,4.525516787451613,Scooter,Windy,Medium,Metropolitian,False,0,0,0,4255.647714137518,4376.661355907731,Rota_Reduzida,1
pedido_4260.432651883599_915,128.8208085269841,117.88515570519834,102.88515570519834,5.8354938093566044,15,4.937756100440304,Scooter,Stormy,Jam,Metropolitian,True,0,1,0,4260.432651883599,4378.317807588797,Aumento_Velocidade,1
pedido_4288.141080592183_933,95.3925029513344,91.0411224194818,76.0411224194818,1.4589858981053374,15,4.8780372642047505,Scooter,Sunny,High,Metropolitian,False,0,1,1,4288.141080592183,4379.1822030116655,Aumento_Velocidade,1
pedido_4256.392524762366_912,134.80558238292366,123.57689800840598,108.57689800840598,5.132698519776974,15,4.756176308356545,Scooter,Stormy,Medium,Urban,False,0,0,0,4256.392524762366,4379.969422770771,Rota_Reduzida,1
pedido_4254.926574885627_909,139.81822587391676,135.5009611083515,120.5009611083515,14.121767803815807,5,4.615240089240083,Moto,Windy,Jam,Metropolitian,True,0,1,0,4254.926574885627,4380.427535993978,Aumento_Velocidade,0
pedido_4277.359234861262_925,127.31479556131167,115.31206787578199,100.31206787578199,8.174247518745455,5,4.523684015979435,Moto,Stormy,High,Urban,False,0,1,0,4277.359234861262,4382.671302737044,Aumento_Velocidade,1
pedido_4257.368783890352_913,132.37447800387795,135.46542516031488,120.46542516031488,0.0,10,4.943538353283025,Moto,Stormy,Medium,Metropolitian,False,0,0,0,4257.368783890352,4387.834209050667,Rota_Reduzida,0
pedido_4293.008416218501_939,134.41578154217095,106.62020896404401,91.62020896404401,0.0,5,4.606173975129609,Scooter,Foggy,High,Metropolitian,False,0,1,0,4293.008416218501,4389.628625182545,Aumento_Velocidade,1
pedido_4265.4394943290135_920,134.64698554925323,124.55148738602824,109.55148738602824,12.785728759231375,15,4.59420627550679,Moto,Stormy,Jam,Metropolitian,False,0,1,0,4265.4394943290135,4389.990981715042,Aumento_Velocidade,1
pedido_4306.194158142112_952,101.62886116662526,94.59228362088996,79.59228362088996,13.14972377210997,5,4.720881508907158,Moto,Sunny,High,Metropolitian,False,0,1,1,4306.194158142112,4390.786441763003,Aumento_Velocidade,1
pedido_4278.628824371027_927,134.03354829748864,112.53286172062721,97.53286172062721,4.474726413251863,15,4.735447386316644,Moto,Sandstorms,Medium,Metropolitian,False,0,0,0,4278.628824371027,4391.161686091654,Rota_Reduzida,1
pedido_4285.751098020361_931,103.19235163628784,111.00156164245831,96.00156164245831,2.382446128017239,10,4.493332971504733,Scooter,Sunny,High,Metropolitian,True,0,1,1,4285.751098020361,4391.752659662819,Aumento_Velocidade,1
pedido_4290.5833279126355_935,133.65496545831928,101.98024581831085,86.98024581831085,11.457556315814045,15,4.5420800410695605,Moto,Windy,High,Metropolitian,True,0,1,0,4290.5833279126355,4392.563573730947,Aumento_Velocidade,1
pedido_4292.677047707_938,102.7611043405945,101.23745320957666,86.23745320957666,6.033292186292046,15,4.505771641386056,Moto,Sunny,Jam,Metropolitian,False,0,1,1,4292.677047707,4393.914500916577,Aumento_Velocidade,1
pedido_4266.059242938599_921,134.3751210934883,141.4047971259772,126.40479712597721,0.0,5,4.666797205138105,Moto,Foggy,High,Metropolitian,False,0,1,0,4266.059242938599,4397.464040064576,Aumento_Velocidade,0
pedido_4297.654038925715_942,124.56306293160415,114.88545753036996,99.88545753036996,5.716497798642207,5,4.506496807916371,Moto,Stormy,High,Metropolitian,False,0,1,0,4297.654038925715,4402.5394964560855,Aumento_Velocidade,1
pedido_4283.462263859732_929,131.28338211859287,130.82948347709936,115.82948347709936,0.0,5,4.486344702591184,Scooter,Sandstorms,High,Urban,False,0,1,0,4283.462263859732,4404.291747336832,Aumento_Velocidade,1
pedido_4305.624444236585_951,134.7974215953007,99.0150790501914,84.0150790501914,4.349609185444876,15,4.7132494867699375,Moto,Foggy,High,Urban,False,0,1,0,4305.624444236585,4404.639523286776,Aumento_Velocidade,1
pedido_4330.590861364737_4,95.83018223132427,75.51808313692533,60.51808313692533,2.8961946523146014,15,4.583266151027516,Moto,Sunny,High,Metropolitian,False,0,1,1,4330.590861364737,4406.108944501662,Aumento_Velocidade,1
pedido_4277.823297708746_926,133.60637322109795,123.86014242065662,123.86014242065662,3.449097305626724,5,4.922333220776579,Van,Windy,Medium,Metropolitian,False,0,0,0,4277.823297708746,4406.683440129403,Nenhuma,0
pedido_4302.360724917256_947,130.86697850841105,108.4158105405245,93.4158105405245,5.945818784895788,15,4.5250485182577185,Scooter,Sandstorms,High,Urban,False,0,1,0,4302.360724917256,4410.776535457781,Aumento_Velocidade,1
pedido_4300.725012701258_944,102.50875583707625,106.23057540163444,106.23057540163444,15.653374201420496,5,5.0,Moto,Stormy,Low,Urban,False,0,0,0,4300.725012701258,4411.955588102892,Nenhuma,1
pedido_4292.660686449693_937,136.68893557745514,120.64739939715832,105.64739939715832,13.369503766609855,15,4.726127574194126,Moto,Sandstorms,Medium,Metropolitian,False,0,0,0,4292.660686449693,4413.308085846851,Rota_Reduzida,1
pedido_4295.657119544562_940,133.47114867571312,124.29684150003439,109.29684150003439,14.698759679506345,10,4.681729753706951,Moto,Stormy,Medium,Urban,False,0,0,0,4295.657119544562,4414.953961044596,Rota_Reduzida,1
pedido_4301.651321986539_946,132.07070184250608,125.98670084866558,110.98670084866558,9.806723819028033,5,4.553495134366674,Moto,Windy,High,Metropolitian,True,0,1,0,4301.651321986539,4417.6380228352045,Aumento_Velocidade,1
pedido_4279.319237507069_928,133.18234810890326,133.47588737542299,133.47588737542299,1.3017747561221453,5,5.0,Van,Windy,High,Metropolitian,True,0,1,0,4279.319237507069,4417.795124882492,Nenhuma,0
pedido_4301.188174433842_945,128.86708058067612,116.65812788876724,101.65812788876724,0.7850908755264694,15,4.65356898053446,Moto,Stormy,High,Urban,True,0,1,0,4301.188174433842,4417.846302322609,Aumento_Velocidade,1
pedido_4244.154540606203_902,198.27303756518424,179.63166908922994,164.63166908922994,17.440634569798686,10,4.314594533270056,Moto,Foggy,Jam,Metropolitian,True,0,1,0,4244.154540606203,4418.786209695433,Aumento_Velocidade,0
pedido_4306.970402359554_953,129.920892116524,118.23992610874163,103.23992610874163,2.884657917390457,10,4.656768805525845,Moto,Sandstorms,Medium,Metropolitian,False,0,0,0,4306.970402359554,4420.210328468295,Rota_Reduzida,1
pedido_4308.347487665217_954,142.78917243311918,122.98539589754186,107.98539589754186,12.662436140364616,5,4.8408834542535475,Moto,Foggy,Medium,Metropolitian,False,0,0,0,4308.347487665217,4421.332883562759,Rota_Reduzida,1
pedido_4351.649225817748_11,94.44982424601581,70.77003718042255,55.77003718042255,1.7632025177923696,15,4.846345608307758,Scooter,Sunny,Medium,Metropolitian,False,0,0,1,4351.649225817748,4422.41926299817,Rota_Reduzida,1
pedido_4275.27831150472_924,177.71209972977636,152.61573409555007,137.61573409555007,6.681350762095552,10,4.159215515966293,Moto,Foggy,High,Metropolitian,False,0,1,0,4275.27831150472,4422.894045600269,Aumento_Velocidade,0
pedido_4347.784563336121_9,99.3974574175129,85.19896174556797,70.19896174556797,7.364296378882114,5,4.718098687874652,Scooter,Sunny,Jam,Urban,False,0,1,1,4347.784563336121,4422.98352508169,Aumento_Velocidade,1
pedido_4286.043409479693_932,152.28830895397738,147.15241843265298,132.15241843265298,13.558253815110815,5,5.0,Moto,Foggy,Jam,Metropolitian,False,0,1,0,4286.043409479693,4423.1958279123455,Aumento_Velocidade,0
pedido_4304.044775043288_950,130.9697219685936,120.17804309965757,105.17804309965757,10.148348234159442,15,4.791425810610494,Moto,Sandstorms,Jam,Metropolitian,False,0,1,0,4304.044775043288,4424.2228181429455,Aumento_Velocidade,1
pedido_4284.7205709747495_930,142.0740600930958,140.74239404120982,125.74239404120982,12.315967304491558,15,4.746529345101858,Moto,Foggy,High,Metropolitian,False,0,1,0,4284.7205709747495,4425.4629650159595,Aumento_Velocidade,0
pedido_4353.457426580591_13,102.38665475488781,85.46801588679456,70.46801588679456,15.353089578268523,5,4.574363802458043,Moto,Sunny,High,Metropolitian,False,0,1,1,4353.457426580591,4428.925442467386,Aumento_Velocidade,1
pedido_4300.25842856367_943,130.3229842711921,135.0574399880048,120.0574399880048,11.621275918158139,10,4.906210171850914,Moto,Stormy,High,Urban,False,0,1,0,4300.25842856367,4430.3158685516755,Aumento_Velocidade,0
pedido_4303.54136381432_949,134.0293638312794,133.53255607934054,118.53255607934054,8.645146397699236,10,4.60237738279491,Scooter,Foggy,High,Metropolitian,False,0,1,0,4303.54136381432,4432.073919893661,Aumento_Velocidade,1
pedido_4289.144726422509_934,130.14412327669478,143.19837592229692,128.19837592229692,18.153314171705148,15,4.692378431633992,Moto,Stormy,High,Metropolitian,False,0,1,0,4289.144726422509,4432.343102344806,Aumento_Velocidade,0
pedido_4331.147379566551_5,101.46907718661929,96.46783373116565,96.46783373116565,1.3090559910220376,5,4.627221437287118,Van,Sandstorms,Low,Metropolitian,False,0,0,0,4331.147379566551,4432.615213297716,Nenhuma,1
pedido_4328.522631132308_2,129.8212018878874,112.26829879968298,97.26829879968298,10.156586958639402,10,4.770121017020541,Moto,Stormy,High,Urban,True,0,1,0,4328.522631132308,4435.790929931991,Aumento_Velocidade,1
pedido_4328.779786552843_3,97.07196058382635,105.23711531228693,105.23711531228693,8.586213170782424,5,4.730586953694483,Moto,Sunny,Low,Metropolitian,False,0,0,1,4328.779786552843,4439.0169018651295,Nenhuma,1
pedido_4291.827220937387_936,178.64119323461597,158.90845210670116,143.90845210670116,3.8172753836562396,5,4.4243724745808635,Scooter,Foggy,High,Metropolitian,False,0,1,0,4291.827220937387,4440.735673044089,Aumento_Velocidade,0
pedido_4337.026579425306_7,132.0280916498577,110.91691030032561,95.91691030032561,7.467085227743791,10,4.909461350602847,Moto,Foggy,High,Metropolitian,False,0,1,0,4337.026579425306,4442.943489725632,Aumento_Velocidade,1
pedido_4407.740125002104_44,33.978666426212115,31.53310785645163,31.53310785645163,9.199268295410736,5,4.931732212284681,Scooter,Sunny,Low,Metropolitian,True,1,0,1,4407.740125002104,4444.273232858555,Nenhuma,1
pedido_4263.127845121288_918,169.51040171208203,166.4180793848537,166.4180793848537,0.31375022161166743,15,4.404097548346514,Van,Sandstorms,Medium,Metropolitian,False,0,0,0,4263.127845121288,4444.545924506142,Nenhuma,0
pedido_4302.628976215023_948,170.00171415046103,142.3559225272323,127.35592252723231,2.1733093182610523,15,4.362798389840065,Scooter,Sandstorms,Medium,Metropolitian,False,0,0,0,4302.628976215023,4444.984898742255,Rota_Reduzida,0
pedido_4322.566669290449_0,132.22867706592288,120.51460529805684,120.51460529805684,12.350222065700482,10,4.8980518046145844,Van,Foggy,High,Other,False,0,1,0,4322.566669290449,4453.081274588506,Nenhuma,0
pedido_4335.2335291464815_6,133.1817589023007,124.7884009157672,109.7884009157672,8.07968353382321,15,4.778872443537719,Scooter,Foggy,High,Metropolitian,False,0,1,0,4335.2335291464815,4460.021930062248,Aumento_Velocidade,1
pedido_4376.831995813322_31,112.36431529147616,83.58510762665085,68.58510762665085,15.212400123037202,15,4.50034530907,Scooter,Sunny,Jam,Metropolitian,False,0,1,1,4376.831995813322,4460.417103439972,Aumento_Velocidade,1
pedido_4296.595348912323_941,176.07509193932322,167.05904224180932,152.05904224180932,9.453739372041,15,4.154555730085853,Scooter,Stormy,Medium,Urban,False,0,0,0,4296.595348912323,4463.654391154132,Rota_Reduzida,0
pedido_4348.60080642728_10,145.17322761122423,115.88156215444445,100.88156215444445,18.464143934011442,15,4.618704636179749,Moto,Foggy,High,Metropolitian,True,0,1,0,4348.60080642728,4464.482368581725,Aumento_Velocidade,1
pedido_4339.1037204688755_8,138.42157472887084,130.79037224458034,115.79037224458034,9.552262277064242,10,4.597440752590996,Moto,Windy,Medium,Metropolitian,True,0,0,0,4339.1037204688755,4464.894092713455,Rota_Reduzida,1
pedido_4354.70709705461_14,130.142437491438,115.6048524541916,100.6048524541916,6.970020662555092,10,4.526506441814565,Scooter,Windy,High,Metropolitian,False,0,1,0,4354.70709705461,4465.311949508802,Aumento_Velocidade,1
pedido_4328.006426070016_1,152.73728675095995,151.27721341727604,136.27721341727604,14.364358809014773,5,4.549683822447673,Scooter,Foggy,Jam,Metropolitian,False,0,1,0,4328.006426070016,4469.283639487292,Aumento_Velocidade,0
pedido_4357.242723178131_18,130.992527115471,123.40642963032121,108.40642963032121,1.65120884464373,5,4.642204868787793,Moto,Windy,High,Metropolitian,False,0,1,0,4357.242723178131,4470.6491528084525,Aumento_Velocidade,1
pedido_4369.162022113192_25,132.16566041906526,104.856029256715,89.856029256715,17.0866464549945,15,4.907467322762304,Scooter,Stormy,High,Metropolitian,True,0,1,0,4369.162022113192,4474.018051369907,Aumento_Velocidade,1
pedido_4398.954133803222_41,95.33831897717346,80.25644329807672,65.25644329807672,6.840422833672289,10,4.668906426894692,Scooter,Sunny,Medium,Metropolitian,False,0,0,1,4398.954133803222,4474.210577101299,Rota_Reduzida,1
pedido_4352.5995369539005_12,110.23865527158043,111.78832744600749,111.78832744600749,23.37232081878576,10,4.654079435230448,Scooter,Foggy,Low,Metropolitian,True,0,0,0,4352.5995369539005,4474.387864399908,Nenhuma,1
pedido_4356.378893145882_16,129.4306379683732,124.78338505828279,109.78338505828279,15.869867162071786,10,4.8624147692482715,Moto,Stormy,High,Urban,False,0,1,0,4356.378893145882,4476.162278204165,Aumento_Velocidade,1
pedido_4357.041432281805_17,144.94276481933912,125.55080206371917,110.55080206371917,11.270152296905668,10,4.452364264734461,Moto,Foggy,High,Metropolitian,True,0,1,0,4357.041432281805,4477.592234345524,Aumento_Velocidade,1
pedido_4394.338213150991_38,104.48241935848236,88.91018418624704,73.91018418624704,19.107454645041397,10,4.755725774820824,Scooter,Sunny,High,Metropolitian,True,0,1,1,4394.338213150991,4478.248397337237,Aumento_Velocidade,1
pedido_4366.317954480064_23,136.08806812076986,123.09488936012653,108.09488936012653,20.84797633353255,5,4.748627014993427,Moto,Stormy,Jam,Metropolitian,False,0,1,0,4366.317954480064,4479.41284384019,Aumento_Velocidade,1
pedido_4369.917924123465_27,127.84590043283606,115.7728672439608,100.7728672439608,4.559513107735811,15,4.648795024132156,Scooter,Stormy,High,Metropolitian,False,0,1,0,4369.917924123465,4485.690791367426,Aumento_Velocidade,1
pedido_4366.198003490733_22,128.18382108314682,129.87164720531638,114.87164720531638,6.074193980238601,5,5.0,Moto,Foggy,Medium,Metropolitian,True,0,0,0,4366.198003490733,4486.069650696049,Rota_Reduzida,1
pedido_4457.400654012205_67,49.25749227630026,15.699544934555867,15.699544934555867,12.71641809750956,15,4.7450393192276,Scooter,Windy,Medium,Metropolitian,False,1,0,0,4457.400654012205,4488.100198946761,Nenhuma,1
pedido_4369.700927710358_26,126.16576392278829,109.81835019870918,109.81835019870918,7.422629121866157,10,4.5703654815017005,Van,Foggy,Medium,Metropolitian,True,0,0,0,4369.700927710358,4489.519277909068,Nenhuma,1
pedido_4356.2584111547585_15,129.44885251543553,134.5213644270041,119.5213644270041,6.138317379788605,15,4.749279474574601,Scooter,Sandstorms,High,Metropolitian,True,0,1,0,4356.2584111547585,4490.779775581763,Aumento_Velocidade,1
pedido_4376.919087549443_32,135.62626201359802,114.81325089370696,99.81325089370696,12.451300910825148,15,5.0,Moto,Sandstorms,High,Metropolitian,False,0,1,0,4376.919087549443,4491.73233844315,Aumento_Velocidade,1
pedido_4382.836528962333_35,131.78534608617304,109.24757992435313,94.24757992435313,1.6949479540196983,15,4.708255860380569,Scooter,Sandstorms,High,Metropolitian,False,0,1,0,4382.836528962333,4492.084108886686,Aumento_Velocidade,1
pedido_4375.902353748153_30,134.8361073812856,126.18729064211348,111.18729064211348,16.97462580356404,10,4.601711079150868,Scooter,Sandstorms,High,Metropolitian,False,0,1,0,4375.902353748153,4497.089644390266,Aumento_Velocidade,1
pedido_4393.023828274241_37,105.8662279948134,109.20065260338905,94.20065260338905,5.44487351567065,10,4.524659141021866,Moto,Sunny,High,Urban,False,0,1,1,4393.023828274241,4497.22448087763,Aumento_Velocidade,1
pedido_4362.810276472156_20,134.216246866602,139.96452481329632,124.96452481329632,13.519964985603014,10,4.663430994101599,Moto,Windy,Medium,Metropolitian,False,0,0,0,4362.810276472156,4497.774801285453,Rota_Reduzida,0
pedido_4371.284483570859_28,133.9787561266745,137.82328176713378,122.82328176713378,2.944567453408775,5,4.9860489119628095,Scooter,Windy,High,Metropolitian,False,0,1,0,4371.284483570859,4499.107765337993,Aumento_Velocidade,0
pedido_4381.255196425076_33,137.11066752177416,129.26988743844268,114.26988743844268,10.877341817514155,5,4.677260445790206,Moto,Stormy,Jam,Metropolitian,True,0,1,0,4381.255196425076,4500.525083863518,Aumento_Velocidade,1
pedido_4362.882496854459_21,151.51801626721675,145.25080448851864,130.25080448851864,10.699741078914137,10,4.551830066153324,Scooter,Foggy,Jam,Urban,False,0,1,0,4362.882496854459,4503.133301342978,Aumento_Velocidade,0
pedido_4424.915324821837_51,101.17663549600017,71.98774453951694,71.98774453951694,6.614413965269011,10,4.780568906799945,Moto,Sandstorms,Low,Urban,False,0,0,0,4424.915324821837,4506.903069361354,Nenhuma,1
pedido_4361.401807670605_19,145.1053723817884,151.47249113997208,136.47249113997208,19.292538133938926,10,4.684671781138928,Moto,Foggy,High,Metropolitian,True,0,1,0,4361.401807670605,4507.874298810577,Aumento_Velocidade,0
pedido_4473.625197896594_76,46.89295638893609,24.9680019272951,24.9680019272951,16.12070839842794,15,4.607172500900649,Moto,Sandstorms,High,Metropolitian,False,1,1,0,4473.625197896594,4513.593199823889,Nenhuma,1
pedido_4367.808349805872_24,141.1565283554223,146.4780306705987,131.4780306705987,12.866430544875007,15,4.631121429348163,Scooter,Sandstorms,Jam,Metropolitian,False,0,1,0,4367.808349805872,4514.286380476471,Aumento_Velocidade,0
pedido_4404.290177954987_42,102.97554539623748,100.97196289326351,100.97196289326351,4.266449670295206,10,4.82379094083832,Scooter,Sandstorms,Low,Urban,True,0,0,0,4404.290177954987,4515.26214084825,Nenhuma,1
pedido_4421.313595505475_47,98.88220686180085,89.3616996455509,89.3616996455509,6.239903375161208,5,4.545324085043544,Scooter,Sunny,Low,Metropolitian,False,0,0,1,4421.313595505475,4515.675295151026,Nenhuma,1
pedido_4396.398846009626_40,141.5653798675711,126.23258928718042,111.23258928718042,17.65193950133384,10,4.766642505839151,Scooter,Foggy,High,Urban,False,0,1,0,4396.398846009626,4517.631435296807,Aumento_Velocidade,1
pedido_4381.983754801285_34,151.67529943576588,142.1314446024211,127.13144460242111,18.541953580428263,15,4.647154564454015,Moto,Foggy,Jam,Metropolitian,False,0,1,0,4381.983754801285,4524.115199403705,Aumento_Velocidade,0
pedido_4374.144800560745_29,178.32023742014235,160.27686459674513,145.27686459674513,6.490417807701847,10,4.292941993536324,Scooter,Foggy,High,Metropolitian,True,0,1,0,4374.144800560745,4529.421665157491,Aumento_Velocidade,0
pedido_4417.158765259495_46,134.8819635623919,117.90020484119331,102.90020484119331,15.407093141825928,10,4.707002675322735,Moto,Windy,Medium,Metropolitian,False,0,0,0,4417.158765259495,4530.058970100688,Rota_Reduzida,1
pedido_4425.59264658311_52,105.10282458888263,93.12020102222169,93.12020102222169,16.508884429823432,15,4.792945373787316,Moto,Windy,Low,Metropolitian,True,0,0,0,4425.59264658311,4533.712847605331,Nenhuma,1
pedido_4438.428568433213_56,103.8326881689607,85.7000468309618,85.7000468309618,5.210990579746575,10,4.778840817256245,Moto,Stormy,Low,Metropolitian,True,0,0,0,4438.428568433213,4534.128615264174,Nenhuma,1
pedido_4480.906847204893_80,43.54282417222253,43.47754070099576,43.47754070099576,7.2852038239320915,10,4.8170616131881925,Moto,Foggy,High,Metropolitian,False,1,1,0,4480.906847204893,4534.384387905889,Nenhuma,1
pedido_4424.000830702064_50,138.54294018016012,110.89258608151374,95.89258608151374,17.72742851647646,15,4.858190363436237,Scooter,Windy,Medium,Metropolitian,True,0,0,0,4424.000830702064,4534.893416783578,Rota_Reduzida,1
pedido_4422.883794885074_49,128.36260269177163,119.08605603977688,104.08605603977688,5.436911083817982,10,4.718965423019126,Scooter,Foggy,Medium,Urban,False,0,0,0,4422.883794885074,4536.969850924851,Rota_Reduzida,1
pedido_4444.169298628726_59,100.84321446878413,88.31278881667086,88.31278881667086,13.245842395590177,5,4.9898912476103305,Van,Sunny,Medium,Metropolitian,False,0,0,1,4444.169298628726,4537.482087445397,Nenhuma,1
pedido_4385.423228860678_36,176.2644323952217,152.1426576907274,137.1426576907274,9.02837793144171,15,4.430796327199589,Scooter,Sandstorms,High,Metropolitian,True,0,1,0,4385.423228860678,4537.565886551405,Aumento_Velocidade,0
pedido_4435.110002660239_54,109.88381840020837,91.77702771850508,91.77702771850508,18.081886515360473,15,4.928676563269625,Moto,Foggy,Low,Metropolitian,False,0,0,0,4435.110002660239,4541.887030378744,Nenhuma,1
pedido_4405.976649845396_43,139.63590888620277,143.59918908760577,128.59918908760577,10.456916434883947,10,4.831299165514243,Moto,Windy,Medium,Metropolitian,True,0,0,0,4405.976649845396,4544.575838933002,Rota_Reduzida,0
pedido_4453.35775107453_64,99.27905819169862,92.21204668953388,77.21204668953388,6.400090315011869,15,4.752885501844068,Scooter,Sunny,Jam,Metropolitian,False,0,1,1,4453.35775107453,4545.569797764064,Aumento_Velocidade,1
pedido_4411.459926139398_45,135.2338915937963,138.74075995931207,123.74075995931207,18.060418661942307,15,4.820327228777062,Moto,Sandstorms,High,Metropolitian,False,0,1,0,4411.459926139398,4550.200686098709,Aumento_Velocidade,0
pedido_4518.6475766344765_103,41.359675056304965,19.099002940708985,19.099002940708985,8.16769531658287,15,4.749000505847259,Van,Windy,Medium,Urban,True,1,0,0,4518.6475766344765,4552.746579575186,Nenhuma,1
pedido_4494.7137054258355_89,97.23124925060068,63.27640562329758,43.27640562329758,8.015552971789186,15,5.0,Scooter,Sunny,Jam,Other,False,0,1,1,4494.7137054258355,4552.990111049133,Rota_Reduzida,1
pedido_4429.8261682582115_53,140.00366703754403,131.76800527771726,116.76800527771726,13.339973321649067,10,5.0,Scooter,Windy,High,Metropolitian,True,0,1,0,4429.8261682582115,4556.594173535928,Aumento_Velocidade,1
pedido_4446.233447805773_61,133.84444198160432,121.41650906638766,106.41650906638766,13.046299218502318,5,4.704884053751784,Scooter,Windy,High,Metropolitian,False,0,1,0,4446.233447805773,4557.64995687216,Aumento_Velocidade,1
pedido_4422.156985393424_48,142.12282187454412,132.4662260062177,132.4662260062177,12.640758509652795,5,4.689464479007408,Van,Foggy,High,Metropolitian,False,0,1,0,4422.156985393424,4559.623211399642,Nenhuma,0
pedido_4444.678508393221_60,138.3000173921562,126.43114552489743,111.43114552489743,9.947748837638013,5,4.778152195770623,Scooter,Foggy,High,Urban,True,0,1,0,4444.678508393221,4561.109653918118,Aumento_Velocidade,1
pedido_4490.156401664329_88,94.73764226563742,79.48061769507657,64.48061769507657,16.96632624565295,10,4.835841218305092,Moto,Sunny,Medium,Other,False,0,0,1,4490.156401664329,4564.637019359406,Rota_Reduzida,1
pedido_4443.029354311424_58,133.8548519021885,133.32499292055982,118.32499292055982,9.931958860238083,5,5.0,Moto,Stormy,Medium,Metropolitian,False,0,0,0,4443.029354311424,4566.354347231983,Rota_Reduzida,1
pedido_4468.337065859525_72,135.01860041914273,99.67784556422532,84.67784556422532,11.353906866110913,15,4.787052566433332,Moto,Windy,High,Metropolitian,True,0,1,0,4468.337065859525,4568.01491142375,Aumento_Velocidade,1
pedido_4441.66911752754_57,133.12357893747864,137.31445162185256,122.31445162185256,15.113858925696865,5,4.795739517051326,Moto,Stormy,Jam,Metropolitian,False,0,1,0,4441.66911752754,4568.983569149393,Aumento_Velocidade,0
pedido_4487.601635836198_87,94.31635932365464,91.7670882271027,76.7670882271027,3.7923422070892734,5,4.700095799688664,Scooter,Sunny,Medium,Urban,False,0,0,1,4487.601635836198,4569.368724063301,Rota_Reduzida,1
pedido_4438.038306909864_55,131.42479428771028,136.65843161477113,121.65843161477113,11.397950420014308,10,4.712281538578397,Scooter,Stormy,High,Metropolitian,False,0,1,0,4438.038306909864,4569.696738524635,Aumento_Velocidade,0
pedido_4471.657395295164_74,125.09460064402484,98.74479397111854,83.74479397111854,4.10400440895539,15,4.559900932754516,Moto,Sandstorms,Jam,Metropolitian,True,0,1,0,4471.657395295164,4570.402189266282,Aumento_Velocidade,1
pedido_4396.10104311781_39,195.03900335956482,176.92373617459225,161.92373617459225,10.346444799104113,15,4.425228705413433,Scooter,Foggy,Jam,Metropolitian,True,0,1,0,4396.10104311781,4573.024779292402,Aumento_Velocidade,0
pedido_4455.619097423432_66,141.5653798675711,130.43615581329502,115.43615581329502,17.652904520729805,5,4.806038924452013,Moto,Foggy,High,Metropolitian,False,0,1,0,4455.619097423432,4576.055253236727,Aumento_Velocidade,1
pedido_4505.3363740929935_95,98.46884860164056,78.72165596662296,63.72165596662296,2.291530774517275,10,4.704327802369208,Scooter,Sunny,High,Metropolitian,True,0,1,1,4505.3363740929935,4579.058030059617,Aumento_Velocidade,1
pedido_4468.017709092314_71,126.45566465863135,112.47801894795818,97.47801894795818,7.859573103541575,15,4.466681626879975,Moto,Sandstorms,Jam,Metropolitian,False,0,1,0,4468.017709092314,4580.495728040272,Aumento_Velocidade,1
pedido_4447.635919508888_63,135.05431243524654,144.0422616217589,129.0422616217589,10.237934098864661,5,4.996748922960394,Scooter,Sandstorms,High,Metropolitian,False,0,1,0,4447.635919508888,4581.678181130647,Aumento_Velocidade,0
pedido_4446.359517085619_62,110.88718249698594,120.38442652307035,120.38442652307035,11.444477682978246,15,4.659067976527377,Moto,Foggy,Low,Metropolitian,False,0,0,0,4446.359517085619,4581.743943608689,Nenhuma,0
pedido_4475.454352970707_78,127.68784875238822,116.94551449770412,101.94551449770412,7.135781619115445,5,4.5877358787364075,Moto,Stormy,Jam,Metropolitian,False,0,1,0,4475.454352970707,4582.399867468411,Aumento_Velocidade,1
pedido_4482.970169490582_82,127.43887853040428,107.38862099427391,92.38862099427391,5.525291539879315,10,4.775332679421245,Moto,Stormy,High,Metropolitian,False,0,1,0,4482.970169490582,4585.3587904848555,Aumento_Velocidade,1
pedido_4472.287485886705_75,134.31615932826077,119.88361793996157,104.88361793996157,1.3424448787121803,10,4.647981760765841,Moto,Windy,Medium,Metropolitian,False,0,0,0,4472.287485886705,4587.171103826667,Rota_Reduzida,1
pedido_4462.661839831054_68,141.007127883658,138.98370857602958,123.98370857602958,16.990998770401188,5,4.49029800305407,Scooter,Foggy,High,Metropolitian,False,0,1,0,4462.661839831054,4591.645548407083,Aumento_Velocidade,0
pedido_4474.327876492797_77,135.76807368764494,122.98292857804151,107.98292857804151,17.14406189060646,10,5.0,Moto,Sandstorms,High,Urban,False,0,1,0,4474.327876492797,4592.310805070839,Aumento_Velocidade,1
pedido_4497.939811007525_91,99.00028397177608,80.50751962899645,80.50751962899645,6.93293688170466,15,4.608514606006153,Moto,Foggy,Low,Metropolitian,False,0,0,0,4497.939811007525,4593.447330636522,Nenhuma,1
pedido_4470.130517340058_73,142.93432265125898,135.52307202522655,120.52307202522655,12.239109048340787,5,4.74222777774883,Moto,Sandstorms,Jam,Metropolitian,True,0,1,0,4470.130517340058,4595.6535893652845,Aumento_Velocidade,0
pedido_4485.603499113715_84,134.12547944357516,117.77334060168648,102.77334060168648,4.9415467220402824,10,4.744527676504229,Moto,Foggy,High,Urban,False,0,1,0,4485.603499113715,4598.376839715402,Aumento_Velocidade,1
pedido_4525.059952799759_107,97.25628711649657,84.15909603988962,69.15909603988962,4.221961853746498,5,4.856576561452856,Scooter,Sunny,High,Metropolitian,False,0,1,1,4525.059952799759,4599.219048839649,Aumento_Velocidade,1
pedido_4486.479642837609_86,134.17823557672259,115.93493119975469,100.93493119975469,9.967586796666701,15,4.532693513826967,Moto,Windy,High,Metropolitian,True,0,1,0,4486.479642837609,4602.414574037364,Aumento_Velocidade,1
pedido_4499.912416761537_93,123.39882070508894,112.96552567774503,97.96552567774503,4.0192384731518125,5,4.730354423580071,Scooter,Stormy,Jam,Urban,False,0,1,0,4499.912416761537,4602.877942439282,Aumento_Velocidade,1
pedido_4453.73534703256_65,121.2203984222763,144.4450883081554,144.4450883081554,11.192296164803505,5,4.929683368696937,Scooter,Sunny,Low,Metropolitian,False,0,0,1,4453.73534703256,4603.180435340715,Nenhuma,0
pedido_4485.727518864874_85,134.67909238233042,122.76974683697992,107.76974683697992,11.075491238969796,10,4.879298628613164,Scooter,Stormy,Medium,Metropolitian,True,0,0,0,4485.727518864874,4603.497265701853,Rota_Reduzida,1
pedido_4509.200847784094_100,131.3283193778849,94.98867225798685,79.98867225798685,3.92966454351129,15,4.864168051576851,Moto,Stormy,Medium,Urban,True,0,0,0,4509.200847784094,4604.18952004208,Rota_Reduzida,1
pedido_4480.877489219933_79,129.2744901820895,109.40855219076845,109.40855219076845,2.920166394781367,15,4.593666236646751,Van,Foggy,Jam,Metropolitian,True,0,1,0,4480.877489219933,4605.286041410701,Nenhuma,1
pedido_4466.227968208916_70,145.87938966426697,153.8526250509729,138.8526250509729,22.39495516004791,5,4.839050398227707,Moto,Foggy,Medium,Metropolitian,True,0,0,0,4466.227968208916,4610.080593259889,Rota_Reduzida,0
pedido_4524.441202596476_106,103.51518506064639,97.64283601077732,82.64283601077732,20.107001962593994,5,4.822295407803368,Moto,Sunny,Medium,Metropolitian,False,0,0,1,4524.441202596476,4612.084038607253,Rota_Reduzida,1
pedido_4482.498755699524_81,130.1565637841622,136.1588954189884,121.15889541898841,3.536224619010417,10,4.62846228011174,Scooter,Sandstorms,High,Urban,True,0,1,0,4482.498755699524,4613.657651118512,Aumento_Velocidade,0
pedido_4506.273374771416_97,131.68252913169783,118.84346701355419,103.84346701355419,3.863804387365562,5,4.600620365110169,Scooter,Windy,High,Metropolitian,False,0,1,0,4506.273374771416,4615.116841784969,Aumento_Velocidade,1
pedido_4483.781707366105_83,145.17322761122423,132.6688700301909,117.6688700301909,18.172820319339493,15,4.590237848604512,Moto,Foggy,High,Metropolitian,True,0,1,0,4483.781707366105,4616.4505773962965,Aumento_Velocidade,1
pedido_4495.607780571442_90,120.8816120049666,110.89401565105784,110.89401565105784,14.932576722100384,10,4.839315033349717,Scooter,Sunny,Low,Metropolitian,False,0,0,1,4495.607780571442,4616.5017962225,Nenhuma,1
pedido_4575.04727402231_129,60.65189519946263,43.46413759727432,28.464137597274323,12.832039994997507,15,4.388320737296459,Moto,Foggy,Medium,Metropolitian,True,1,0,0,4575.04727402231,4618.511411619585,Rota_Reduzida,1
pedido_4522.692888503503_105,137.89749534365936,111.8909679324832,96.8909679324832,17.026081982691572,5,4.514181989094316,Scooter,Sandstorms,Medium,Urban,False,0,0,0,4522.692888503503,4624.5838564359865,Rota_Reduzida,1
pedido_4508.308133941044_98,137.35616469801903,126.78115890463462,111.78115890463462,4.893750179397188,5,5.0,Moto,Windy,Medium,Urban,False,0,0,0,4508.308133941044,4625.089292845679,Rota_Reduzida,1
pedido_4550.997161977261_116,107.78080294969345,86.43746598951935,71.43746598951935,16.071069191149668,5,4.653433455920597,Moto,Sunny,Medium,Urban,True,0,0,1,4550.997161977261,4627.434627966781,Rota_Reduzida,1
pedido_4517.68137283403_102,125.79028943853449,111.74472631375478,96.74472631375478,6.788688833479912,15,4.649419813058686,Scooter,Foggy,Medium,Metropolitian,False,0,0,0,4517.68137283403,4629.426099147785,Rota_Reduzida,1
pedido_4541.444544613682_109,109.53428324452926,88.71977015726543,73.71977015726543,16.755677662499377,15,4.5086092486705525,Moto,Sunny,High,Metropolitian,True,0,1,1,4541.444544613682,4630.164314770947,Aumento_Velocidade,1
pedido_4506.144913417916_96,134.40843873366808,131.0041792982487,116.00417929824869,18.53159433645001,10,4.917519037154947,Moto,Windy,High,Urban,False,0,1,0,4506.144913417916,4632.149092716164,Aumento_Velocidade,1
pedido_4508.941469308819_99,133.5578348387472,128.24181746448892,113.24181746448892,12.49244031452375,10,4.693643718634362,Scooter,Windy,High,Metropolitian,False,0,1,0,4508.941469308819,4632.183286773308,Aumento_Velocidade,1
pedido_4547.109475648143_114,102.38665475488781,93.55250901041943,78.55250901041943,15.79377453149599,10,4.556613673259373,Scooter,Sunny,High,Metropolitian,False,0,1,1,4547.109475648143,4635.661984658563,Aumento_Velocidade,1
pedido_4587.10949584047_135,50.80213856386733,40.25115943761817,40.25115943761817,11.198673980397675,10,4.619367070051351,Scooter,Sandstorms,Medium,Metropolitian,True,1,0,0,4587.10949584047,4637.360655278088,Nenhuma,1
pedido_4466.112562740033_69,186.98931383840545,181.98028771778564,166.98028771778564,20.037388954782536,5,4.390255777522116,Scooter,Stormy,High,Urban,True,0,1,0,4466.112562740033,4638.092850457819,Aumento_Velocidade,0
pedido_4543.615923213866_111,109.6217326806584,112.9637051231137,97.9637051231137,13.20142430361843,5,4.71735584824162,Scooter,Sunny,Jam,Metropolitian,False,0,1,1,4543.615923213866,4646.57962833698,Aumento_Velocidade,1
pedido_4551.315769181976_117,129.36101408685738,101.09964243577228,86.09964243577228,16.36668170121772,10,4.6780175240280215,Moto,Stormy,High,Metropolitian,False,0,1,0,4551.315769181976,4647.415411617749,Aumento_Velocidade,1
pedido_4521.460310586125_104,137.8741703477411,126.12268523845034,111.12268523845034,4.913313267077725,15,4.728448074701584,Moto,Windy,Medium,Metropolitian,True,0,0,0,4521.460310586125,4647.582995824576,Rota_Reduzida,1
pedido_4543.032479612107_110,132.94751036836544,110.57156911272264,95.57156911272264,16.159484659690044,10,4.705045214868589,Moto,Stormy,Medium,Metropolitian,True,0,0,0,4543.032479612107,4648.604048724829,Rota_Reduzida,1
pedido_4611.296621739477_151,43.6235555309119,27.419670076593988,27.419670076593988,13.000845626738789,10,5.0,Scooter,Stormy,High,Metropolitian,False,1,1,0,4611.296621739477,4648.716291816071,Nenhuma,1
pedido_4577.5846124259_131,95.86854740525581,82.87582503623865,67.87582503623865,8.08095735095458,5,4.7496737310353545,Moto,Sunny,Medium,Metropolitian,False,0,0,1,4577.5846124259,4650.4604374621385,Rota_Reduzida,1
pedido_4509.955004323552_101,175.3088695710238,147.2174796372526,132.2174796372526,4.877039638038234,10,4.39322343936138,Scooter,Windy,High,Metropolitian,True,0,1,0,4509.955004323552,4652.172483960805,Aumento_Velocidade,0
pedido_4504.4513297220765_94,151.26777877522332,156.4434800039229,141.4434800039229,18.54927456960087,10,4.65527361698544,Moto,Foggy,Jam,Metropolitian,True,0,1,0,4504.4513297220765,4655.894809725999,Aumento_Velocidade,0
pedido_4598.674676703733_143,51.0878800922665,53.08338778771622,53.08338778771622,12.404695141281376,5,5.0,Scooter,Sandstorms,Medium,Metropolitian,True,1,0,0,4598.674676703733,4656.758064491449,Nenhuma,1
pedido_4532.490619301992_108,134.99448163279635,139.92886381683553,119.92886381683553,12.75078843431579,5,4.614319881714913,Moto,Windy,High,Semi-Urban,True,0,1,0,4532.490619301992,4657.419483118828,Rota_Reduzida,1
pedido_4563.6871212588385_121,133.49846318068467,95.40216247901056,80.40216247901056,14.660780381704306,15,4.888986368108007,Moto,Windy,High,Metropolitian,False,0,1,0,4563.6871212588385,4659.089283737849,Aumento_Velocidade,1
pedido_4570.391676392652_124,102.55356625346316,101.36603384975058,86.36603384975058,11.53213466671117,5,5.0,Scooter,Sunny,High,Metropolitian,False,0,1,1,4570.391676392652,4661.757710242402,Aumento_Velocidade,1
pedido_4498.260148825538_92,186.08615434524913,175.7858010554926,160.7858010554926,14.628700290817651,5,4.378027992036178,Moto,Windy,High,Metropolitian,False,0,1,0,4498.260148825538,4664.0459498810305,Aumento_Velocidade,0
pedido_4548.570700474047_115,134.92937131532568,125.70904439638127,110.70904439638127,20.237431253228962,5,4.750501363115911,Scooter,Stormy,Medium,Metropolitian,False,0,0,0,4548.570700474047,4664.279744870429,Rota_Reduzida,1
pedido_4570.959685793696_125,97.64785828064164,102.87577824430014,87.87577824430014,8.184075294043,10,4.7807988261702485,Moto,Sunny,High,Metropolitian,True,0,1,1,4570.959685793696,4668.835464037996,Aumento_Velocidade,1
pedido_4596.889527983723_142,94.73936803933202,81.46391833955461,66.46391833955461,7.724078092144275,10,4.663875727865761,Moto,Sunny,High,Urban,False,0,1,1,4596.889527983723,4673.353446323278,Aumento_Velocidade,1
pedido_4556.943555237903_118,134.10260387513424,121.79918700231923,106.79918700231923,10.18434017048937,10,4.4621246712357925,Moto,Sandstorms,Jam,Metropolitian,True,0,1,0,4556.943555237903,4673.742742240222,Aumento_Velocidade,1
pedido_4561.334671357369_120,131.0018788877529,123.42711185433245,108.42711185433245,11.556519404748567,10,4.634530919999432,Moto,Stormy,High,Metropolitian,False,0,1,0,4561.334671357369,4679.761783211701,Aumento_Velocidade,1
pedido_4582.893046349068_132,94.83358183149862,87.23211611902,87.23211611902,7.2173491510463235,10,4.80140776735075,Moto,Sunny,Low,Other,False,0,0,1,4582.893046349068,4680.125162468088,Nenhuma,1
pedido_4545.905029722038_113,138.1611588122121,144.56090375140047,129.56090375140047,12.730792810149781,5,4.66041921567847,Scooter,Windy,Medium,Metropolitian,True,0,0,0,4545.905029722038,4680.465933473439,Rota_Reduzida,0
pedido_4632.034243481641_170,45.24886899300763,34.00585053585373,34.00585053585373,5.928209620548558,15,4.751449258866083,Moto,Windy,Jam,Metropolitian,False,1,1,0,4632.034243481641,4681.040094017495,Nenhuma,1
pedido_4573.197303448654_127,130.94526367133798,110.8449095404573,95.8449095404573,12.725658785955982,15,4.583506177162,Moto,Stormy,High,Metropolitian,False,0,1,0,4573.197303448654,4684.042212989111,Aumento_Velocidade,1
pedido_4568.245427392805_123,136.07765899363275,122.51410404769692,107.51410404769692,5.43934904043776,10,4.973593671509148,Scooter,Foggy,High,Urban,False,0,1,0,4568.245427392805,4685.759531440502,Aumento_Velocidade,1
pedido_4558.69566189688_119,129.6578154282254,137.33821177381807,122.33821177381807,2.6716058831046214,5,4.822462991379128,Scooter,Sandstorms,Medium,Metropolitian,False,0,0,0,4558.69566189688,4686.033873670698,Rota_Reduzida,0
pedido_4574.334995230488_128,129.40150162760185,120.45292411688786,105.45292411688786,3.7084064241692953,10,4.9137947939192435,Scooter,Windy,High,Urban,True,0,1,0,4574.334995230488,4689.7879193473755,Aumento_Velocidade,1
pedido_4658.962606413099_192,38.50746423878213,20.311044252243178,20.311044252243178,17.061425010380642,15,4.488384478556969,Moto,Sandstorms,Low,Metropolitian,False,1,0,0,4658.962606413099,4694.273650665342,Nenhuma,1
pedido_4575.474446777813_130,127.90056202866018,125.55813544930771,110.55813544930771,5.89596735541385,10,4.729696146371959,Moto,Stormy,Jam,Urban,False,0,1,0,4575.474446777813,4696.032582227121,Aumento_Velocidade,1
pedido_4593.74058821625_138,101.06406957050189,97.50808085967802,97.50808085967802,8.151458377050702,5,4.67897588647249,Moto,Windy,Low,Metropolitian,True,0,0,0,4593.74058821625,4696.248669075928,Nenhuma,1
pedido_4565.729863580894_122,131.9012147297906,141.53503862883736,126.53503862883736,3.743016665008539,5,4.653868183789356,Moto,Windy,High,Metropolitian,False,0,1,0,4565.729863580894,4697.264902209731,Aumento_Velocidade,0
pedido_4617.525589079432_158,94.87554004418845,92.70527822124163,77.70527822124163,2.0671995317328813,5,4.9481820732631885,Moto,Sunny,High,Urban,False,0,1,1,4617.525589079432,4700.230867300674,Aumento_Velocidade,1
pedido_4585.096789314686_133,131.80422517814605,128.31244455603405,113.31244455603405,7.99644549636233,5,4.512278441349213,Scooter,Stormy,Medium,Metropolitian,False,0,0,0,4585.096789314686,4703.4092338707205,Rota_Reduzida,1
pedido_4586.282989622526_134,142.13460532732793,127.5361342479163,112.5361342479163,12.298716848707576,5,5.0,Moto,Foggy,High,Metropolitian,False,0,1,0,4586.282989622526,4703.819123870442,Aumento_Velocidade,1
pedido_4628.823254260605_167,105.19975107848433,78.56058508162796,63.56058508162796,15.829501814027346,15,4.581252975776703,Scooter,Sunny,High,Metropolitian,True,0,1,1,4628.823254260605,4707.383839342233,Aumento_Velocidade,1
pedido_4605.912517885894_147,130.27333573090723,113.27185777143488,98.27185777143488,19.08288020701356,5,4.731626246161784,Moto,Stormy,High,Metropolitian,False,0,1,0,4605.912517885894,4709.184375657329,Aumento_Velocidade,1
pedido_4620.725334066501_161,101.08763451063527,84.73509188888877,84.73509188888877,12.776484610206401,5,5.0,Van,Windy,Low,Metropolitian,False,0,0,0,4620.725334066501,4710.46042595539,Nenhuma,1
pedido_4606.3410325565765_148,134.26715610176416,111.83157689628618,96.83157689628618,10.267695236899293,10,4.906975119148613,Scooter,Sandstorms,High,Urban,False,0,1,0,4606.3410325565765,4713.172609452863,Aumento_Velocidade,1
pedido_4590.61336848307_137,142.71732172211682,122.81870253519457,107.81870253519457,19.862385636242372,15,4.626716095842311,Moto,Foggy,High,Metropolitian,False,0,1,0,4590.61336848307,4713.432071018265,Aumento_Velocidade,1
pedido_4604.7171500067125_146,133.2235388051159,120.22395285243735,105.22395285243735,7.795453829306578,5,4.789470486450217,Moto,Sandstorms,Medium,Metropolitian,False,0,0,0,4604.7171500067125,4714.941102859149,Rota_Reduzida,1
pedido_4609.927212189985_150,125.60843134932264,110.16099940754201,90.16099940754201,17.795283768505673,15,4.678648020269262,Scooter,Windy,Jam,Other,False,0,1,0,4609.927212189985,4715.088211597526,Rota_Reduzida,1
pedido_4607.600292837633_149,135.67093191227573,113.15008347062961,98.15008347062961,20.97950677660344,10,4.681958001377411,Scooter,Windy,High,Urban,False,0,1,0,4607.600292837633,4715.750376308262,Aumento_Velocidade,1
pedido_4543.863542812564_112,184.5462759946317,173.07897799681677,158.07897799681677,14.045693802959793,15,4.293236503493737,Moto,Stormy,Medium,Metropolitian,False,0,0,0,4543.863542812564,4716.942520809382,Rota_Reduzida,0
pedido_4617.524068286368_157,133.1817589023007,108.4316321490548,93.4316321490548,8.05112984757419,10,4.757855608342251,Scooter,Foggy,High,Urban,False,0,1,0,4617.524068286368,4720.955700435423,Aumento_Velocidade,1
pedido_4588.871564455934_136,134.973070425256,134.8490198521284,119.84901985212841,8.57572347853912,15,4.857600500598759,Scooter,Sandstorms,Medium,Metropolitian,False,0,0,0,4588.871564455934,4723.720584308063,Rota_Reduzida,1
pedido_4645.4056783474225_182,97.49009431361574,85.91253551895936,70.91253551895936,3.3406239535682456,10,4.653863473746294,Moto,Sunny,High,Metropolitian,False,0,1,1,4645.4056783474225,4726.3182138663815,Aumento_Velocidade,1
pedido_4618.6319576713995_159,103.47229470122213,102.71985807033838,102.71985807033838,6.750189672767302,5,4.72891146217136,Moto,Windy,Low,Metropolitian,True,0,0,0,4618.6319576713995,4726.3518157417375,Nenhuma,1
pedido_4596.669149817843_140,145.6461741801026,141.7538374282834,126.75383742828339,13.166420475068954,5,4.50685930332769,Moto,Foggy,High,Metropolitian,True,0,1,0,4596.669149817843,4728.4229872461265,Aumento_Velocidade,0
pedido_4599.295981014075_144,132.83225952499396,115.88931967021813,115.88931967021813,6.963942127734936,15,4.752280198858649,Van,Foggy,High,Metropolitian,False,0,1,0,4599.295981014075,4730.185300684293,Nenhuma,1
pedido_4613.658550092299_153,131.12049424168734,121.57599908207771,106.57599908207771,7.64445991730841,10,4.653880317228431,Moto,Sandstorms,High,Urban,False,0,1,0,4613.658550092299,4730.234549174377,Aumento_Velocidade,1
pedido_4596.7945757755215_141,133.0196758514353,136.38362958929,121.38362958929,15.153984102297873,15,4.653774865991323,Scooter,Windy,High,Metropolitian,False,0,1,0,4596.7945757755215,4733.178205364811,Aumento_Velocidade,0
pedido_4627.300968060071_166,131.5838888211861,111.63274344403956,96.63274344403956,7.926168742259803,10,4.768442918439967,Scooter,Sandstorms,High,Metropolitian,False,0,1,0,4627.300968060071,4733.933711504111,Aumento_Velocidade,1
pedido_4604.271794872299_145,146.75110648540354,130.71562019137878,115.71562019137878,20.632944017216502,15,4.700201092449073,Moto,Foggy,High,Metropolitian,True,0,1,0,4604.271794872299,4734.987415063678,Aumento_Velocidade,1
pedido_4614.383398675227_155,142.57660926987654,120.9351396913508,105.9351396913508,17.39023656503474,15,4.8120476477123475,Scooter,Sandstorms,Jam,Metropolitian,True,0,1,0,4614.383398675227,4735.318538366578,Aumento_Velocidade,1
pedido_4571.431046149614_126,171.71564594073385,164.40940419241028,149.40940419241028,0.0,15,4.43556126647408,Moto,Foggy,High,Metropolitian,False,0,1,0,4571.431046149614,4735.840450342024,Aumento_Velocidade,0
pedido_4640.2806984064355_176,110.70491496388627,102.68979388757754,87.68979388757754,20.249475007128016,10,4.840635315047351,Moto,Sunny,Jam,Metropolitian,False,0,1,1,4640.2806984064355,4737.970492294013,Aumento_Velocidade,1
pedido_4613.682300142156_154,132.65520812979105,130.16700752350468,115.16700752350468,6.607790844451639,10,4.5866220624582725,Moto,Windy,High,Metropolitian,False,0,1,0,4613.682300142156,4738.8493076656605,Aumento_Velocidade,1
pedido_4640.388510174626_178,99.89462685049811,88.6877871712836,88.6877871712836,5.616302904132853,10,4.555998019870363,Moto,Sandstorms,Low,Metropolitian,False,0,0,0,4640.388510174626,4739.07629734591,Nenhuma,1
pedido_4633.69365343396_173,141.82895138119483,118.51454673893392,103.51454673893392,13.035646388591948,5,4.548526446575142,Moto,Foggy,High,Metropolitian,False,0,1,0,4633.69365343396,4742.208200172894,Aumento_Velocidade,1
pedido_4623.427458330917_162,129.36101408685738,118.98831583344685,103.98831583344685,14.822130936837182,15,4.741165934076249,Scooter,Stormy,High,Metropolitian,False,0,1,0,4623.427458330917,4742.415774164364,Aumento_Velocidade,1
pedido_4611.985823857594_152,132.95736451401447,140.51092971397216,125.51092971397216,12.64874677520455,5,4.817492037353121,Scooter,Stormy,Medium,Metropolitian,False,0,0,0,4611.985823857594,4742.496753571567,Rota_Reduzida,0
pedido_4649.851453224125_184,103.89212365016058,93.5961043649917,78.5961043649917,12.405228192689556,15,4.8725030431392,Scooter,Sunny,Medium,Urban,True,0,0,1,4649.851453224125,4743.4475575891165,Rota_Reduzida,1
pedido_4667.575297607164_200,95.18733229388945,76.47255285672985,61.47255285672985,2.628465899469694,15,4.658016716119494,Scooter,Sunny,High,Metropolitian,False,0,1,1,4667.575297607164,4744.047850463894,Aumento_Velocidade,1
pedido_4645.020826560289_181,132.10676458157172,99.72362166528137,84.72362166528137,7.574491155215513,15,4.527337462881861,Moto,Stormy,Medium,Metropolitian,False,0,0,0,4645.020826560289,4744.7444482255705,Rota_Reduzida,1
pedido_4634.338081047064_174,135.1341148497821,122.01547894944484,107.01547894944484,12.243321328272593,5,4.792297781030248,Moto,Sandstorms,High,Metropolitian,True,0,1,0,4634.338081047064,4746.353559996509,Aumento_Velocidade,1
pedido_4626.688989965075_165,131.89740985108187,120.22353879619754,105.22353879619754,7.1384761546836355,15,4.850853563563918,Moto,Foggy,High,Metropolitian,True,0,1,0,4626.688989965075,4746.912528761272,Aumento_Velocidade,1
pedido_4636.681903760414_175,137.05141634925354,110.75557661577439,95.75557661577439,6.220902850769527,15,4.587400400755487,Scooter,Windy,Medium,Urban,True,0,0,0,4636.681903760414,4747.437480376188,Rota_Reduzida,1
pedido_4615.572484903343_156,134.68446683212727,141.9747367221681,126.9747367221681,15.226087836663957,5,4.6071075169596,Moto,Sandstorms,High,Metropolitian,False,0,1,0,4615.572484903343,4747.547221625511,Aumento_Velocidade,0
pedido_4625.4403622638665_163,131.44428158613405,133.23259363554962,118.23259363554962,8.095667695522673,5,4.725336278256246,Moto,Foggy,Jam,Metropolitian,True,0,1,0,4625.4403622638665,4748.672955899416,Aumento_Velocidade,1
pedido_4618.958093060758_160,152.20383956189036,129.84212023450922,114.84212023450922,12.163349378076983,15,4.862819890847476,Moto,Foggy,Jam,Urban,True,0,1,0,4618.958093060758,4748.800213295267,Aumento_Velocidade,1
pedido_4633.24717481179_172,134.68446683212727,127.70221678067779,112.70221678067779,15.511852023736074,5,4.590296699817908,Moto,Sandstorms,High,Metropolitian,False,0,1,0,4633.24717481179,4750.949391592468,Aumento_Velocidade,1
pedido_4629.7851057956705_168,138.12663788214053,131.22516590097356,116.22516590097356,13.366926721963948,5,4.766735478175722,Scooter,Sandstorms,Medium,Urban,True,0,0,0,4629.7851057956705,4751.010271696644,Rota_Reduzida,1
pedido_4633.147079160015_171,102.44707445047145,113.7579449280183,113.7579449280183,17.05963938622819,5,4.933570958218899,Moto,Stormy,Low,Metropolitian,False,0,0,0,4633.147079160015,4751.905024088033,Nenhuma,1
pedido_4668.031794381614_201,101.61468416745683,84.90859941235122,69.90859941235122,13.850063761635745,15,4.566690310775533,Scooter,Sunny,Medium,Metropolitian,False,0,0,1,4668.031794381614,4752.940393793966,Rota_Reduzida,1
pedido_4656.431084150798_189,102.00599211693107,102.5760279821914,87.5760279821914,11.079967852935667,10,4.602249068218161,Moto,Sunny,High,Metropolitian,False,0,1,1,4656.431084150798,4754.007112132989,Aumento_Velocidade,1
pedido_4625.763893164494_164,135.4321898433559,139.93955003690127,124.93955003690127,4.648585847295662,5,4.647631425519609,Moto,Stormy,Medium,Metropolitian,True,0,0,0,4625.763893164494,4755.703443201395,Rota_Reduzida,0
pedido_4631.592695700907_169,168.57899608968023,130.42470418840787,115.42470418840787,7.50707141856533,10,4.449183329312251,Moto,Sandstorms,Medium,Metropolitian,True,0,0,0,4631.592695700907,4757.017399889315,Rota_Reduzida,1
pedido_4650.019257426535_185,103.68764466773287,93.29585070158579,93.29585070158579,11.1271280630434,15,4.572372039016833,Scooter,Windy,Low,Metropolitian,False,0,0,0,4650.019257426535,4758.31510812812,Nenhuma,1
pedido_4659.110198657639_193,100.64613954987003,90.04825534891613,90.04825534891613,5.55670840506576,10,4.893086446846008,Moto,Sandstorms,Low,Metropolitian,False,0,0,0,4659.110198657639,4759.158454006555,Nenhuma,1
pedido_4644.309163998683_180,128.04527381063826,123.18211430114195,108.18211430114195,2.9915722289258375,10,5.0,Moto,Sandstorms,Jam,Metropolitian,False,0,1,0,4644.309163998683,4762.491278299825,Aumento_Velocidade,1
pedido_4660.568527552315_195,134.57536956458327,104.96840125532412,89.96840125532412,16.846058383757935,15,4.805680499726287,Scooter,Sandstorms,High,Metropolitian,False,0,1,0,4660.568527552315,4765.536928807639,Aumento_Velocidade,1
pedido_4660.791220484403_197,99.48723931755019,105.40227218761919,90.40227218761919,13.718757260591826,15,4.569215654186781,Moto,Sunny,Medium,Metropolitian,False,0,0,1,4660.791220484403,4766.193492672022,Rota_Reduzida,1
pedido_4655.278823970736_188,131.47357163045365,122.7220687624913,107.7220687624913,3.8855255459464213,5,4.813523600505403,Scooter,Windy,High,Metropolitian,False,0,1,0,4655.278823970736,4768.000892733227,Aumento_Velocidade,1
pedido_4646.201008920548_183,133.34633060185962,122.28468881326151,107.28468881326151,8.47922380620041,15,4.620562618165636,Moto,Foggy,High,Metropolitian,True,0,1,0,4646.201008920548,4768.4856977338095,Aumento_Velocidade,1
pedido_4641.054931348045_179,140.0414624624165,133.06326929992662,118.06326929992662,14.160963198065247,10,4.678775965339162,Scooter,Sandstorms,Jam,Urban,False,0,1,0,4641.054931348045,4769.118200647972,Aumento_Velocidade,1
pedido_4668.984513444272_202,128.1250441868888,105.45812837454812,90.45812837454812,8.722597978305373,15,4.925490139705143,Moto,Stormy,High,Urban,False,0,1,0,4668.984513444272,4774.44264181882,Aumento_Velocidade,1
pedido_4656.570185329969_190,132.65986019653798,124.60504784278311,109.60504784278311,4.041668757080749,10,4.775337187026019,Scooter,Sandstorms,High,Metropolitian,False,0,1,0,4656.570185329969,4776.175233172752,Aumento_Velocidade,1
pedido_4594.983617336493_139,189.516652198099,183.3822664666337,168.3822664666337,16.676937215418242,15,4.439284731868971,Moto,Foggy,Medium,Metropolitian,False,0,0,0,4594.983617336493,4778.365883803127,Rota_Reduzida,0
pedido_4652.492297967594_186,127.2412030103888,128.18690239600454,113.18690239600454,5.442093514493771,15,4.588424404655419,Moto,Stormy,High,Metropolitian,False,0,1,0,4652.492297967594,4780.679200363598,Aumento_Velocidade,1
pedido_4667.183143098215_199,132.42513741150682,124.03286584230423,109.03286584230423,6.873566366381498,5,4.6158093039183274,Moto,Sandstorms,High,Metropolitian,False,0,1,0,4667.183143098215,4781.216008940519,Aumento_Velocidade,1
pedido_4687.801596948793_216,107.57593876625785,93.84031834918378,78.84031834918378,13.958457754334544,15,4.6644934650660455,Scooter,Sunny,Medium,Metropolitian,True,0,0,1,4687.801596948793,4781.641915297977,Rota_Reduzida,1
pedido_4679.3301255599645_208,102.50645435495369,97.42400235957331,97.42400235957331,1.4320047194838397,5,4.705336058695752,Scooter,Stormy,Low,Metropolitian,False,0,0,0,4679.3301255599645,4781.7541279195375,Nenhuma,1
pedido_4652.756370895856_187,134.85640868071445,141.1720663878878,126.17206638788781,12.522929178823496,5,4.701697924040101,Moto,Sandstorms,High,Metropolitian,False,0,1,0,4652.756370895856,4783.928437283744,Aumento_Velocidade,0
pedido_4658.126309706594_191,147.79061116861567,138.0219129608529,123.02191296085289,10.26473559336932,5,4.968306457971734,Scooter,Foggy,Jam,Metropolitian,False,0,1,0,4658.126309706594,4786.148222667447,Aumento_Velocidade,0
pedido_4677.830512425109_205,133.56244620912418,110.82438058687971,95.82438058687971,12.081658126723676,15,4.742703670667053,Moto,Sandstorms,High,Metropolitian,False,0,1,0,4677.830512425109,4788.654893011989,Aumento_Velocidade,1
pedido_4708.677886983073_232,104.49561800541822,90.8844906287787,75.8844906287787,13.487506728694342,5,5.0,Moto,Sunny,High,Metropolitian,True,0,1,1,4708.677886983073,4789.562377611852,Aumento_Velocidade,1
pedido_4678.831669518248_207,136.41529997107637,118.38822547349153,103.38822547349153,4.7555273795805615,10,5.0,Moto,Foggy,High,Metropolitian,False,0,1,0,4678.831669518248,4792.21989499174,Aumento_Velocidade,1
pedido_4669.939903384636_203,126.49453616799754,127.54713745310085,112.54713745310085,0.2521560657557691,10,4.469487208383848,Moto,Stormy,High,Metropolitian,False,0,1,0,4669.939903384636,4792.4870408377365,Aumento_Velocidade,1
pedido_4711.705295595768_235,98.46402053761558,93.49625563910432,78.49625563910432,8.927073004352074,5,4.6850561671718705,Moto,Sunny,Jam,Metropolitian,False,0,1,1,4711.705295595768,4795.201551234873,Aumento_Velocidade,1
pedido_4705.238838047097_225,104.26384968245269,75.1617092652672,75.1617092652672,14.509855869211389,15,4.7707715121323515,Moto,Windy,Low,Metropolitian,False,0,0,0,4705.238838047097,4795.400547312363,Nenhuma,1
pedido_4680.568225836852_210,136.29102248169872,126.64475822859853,111.64475822859853,15.624001542773732,5,4.590175032721117,Moto,Stormy,Jam,Metropolitian,True,0,1,0,4680.568225836852,4797.212984065451,Aumento_Velocidade,1
pedido_4659.855408314251_194,129.9293823734775,138.58832002516576,123.58832002516576,18.953475623020203,15,4.8347916171575624,Scooter,Stormy,High,Metropolitian,False,0,1,0,4659.855408314251,4798.443728339416,Aumento_Velocidade,0
pedido_4706.401618001667_227,131.73446360968777,95.83133504624445,80.83133504624445,3.3906505447084707,15,5.0,Moto,Windy,High,Urban,True,0,1,0,4706.401618001667,4802.232953047911,Aumento_Velocidade,1
pedido_4721.855486328816_240,94.74006854850781,91.83489449243513,76.83489449243513,7.170921562490371,5,4.8531114974185305,Moto,Sunny,High,Metropolitian,False,0,1,1,4721.855486328816,4803.690380821252,Aumento_Velocidade,1
pedido_4660.6410373974595_196,132.75290817707386,155.01585608162483,140.01585608162483,6.890348917072211,5,4.810646285557322,Moto,Windy,High,Urban,False,0,1,0,4660.6410373974595,4805.656893479084,Aumento_Velocidade,0
pedido_4685.939398440334_214,144.3020970793362,123.16513484894375,108.16513484894375,15.393801060569661,15,4.66391066591032,Scooter,Foggy,High,Metropolitian,True,0,1,0,4685.939398440334,4809.104533289278,Aumento_Velocidade,1
pedido_4682.286250806219_211,135.31850075111322,129.0049041491601,114.0049041491601,14.073716404362159,15,4.962767003613834,Moto,Sandstorms,High,Metropolitian,False,0,1,0,4682.286250806219,4811.291154955379,Aumento_Velocidade,1
pedido_4694.998548245041_218,135.07878276964357,127.76785907201224,112.76785907201224,16.722118805853647,5,4.608289529962657,Moto,Sandstorms,High,Metropolitian,True,0,1,0,4694.998548245041,4812.766407317054,Aumento_Velocidade,1
pedido_4707.899792385302_229,101.78166915029676,103.63780333848105,103.63780333848105,8.070791599978445,5,4.700846323001405,Van,Sandstorms,Low,Metropolitian,False,0,0,0,4707.899792385302,4816.537595723783,Nenhuma,1
pedido_4640.313954752929_177,185.932040301657,188.0323721319717,173.0323721319717,11.680677856077244,5,4.2644780207109845,Scooter,Windy,High,Metropolitian,False,0,1,0,4640.313954752929,4818.346326884901,Aumento_Velocidade,0
pedido_4705.045303396699_224,132.65520812979105,115.6095174745519,100.6095174745519,6.676963985017805,15,4.570750764861755,Scooter,Windy,High,Urban,False,0,1,0,4705.045303396699,4820.65482087125,Aumento_Velocidade,1
pedido_4694.768467614689_217,139.95566980191794,126.23522512605712,111.23522512605712,13.672255841052568,15,4.725458415869933,Moto,Sandstorms,Jam,Metropolitian,False,0,1,0,4694.768467614689,4821.003692740746,Aumento_Velocidade,1
pedido_4702.821975923563_221,142.70331806653348,131.08999814894554,116.08999814894554,13.55819874595855,5,4.878492006704357,Scooter,Foggy,Medium,Metropolitian,False,0,0,0,4702.821975923563,4823.911974072508,Rota_Reduzida,1
pedido_4707.918951413887_230,103.04938568949098,106.2330306864222,106.2330306864222,3.658797215831595,10,4.689435990031976,Moto,Sandstorms,Low,Metropolitian,False,0,0,0,4707.918951413887,4824.151982100309,Nenhuma,1
pedido_4704.639940462763_223,128.2225744463269,122.15421012197933,107.15421012197933,3.9968000858511914,15,4.820216547992772,Moto,Stormy,High,Urban,False,0,1,0,4704.639940462763,4826.794150584742,Aumento_Velocidade,1
pedido_4695.206022447576_219,141.4619257960995,132.62166610301733,117.62166610301733,13.710215424530999,15,4.735268726363908,Moto,Sandstorms,Jam,Metropolitian,True,0,1,0,4695.206022447576,4827.827688550594,Aumento_Velocidade,1
pedido_4686.777874497531_215,149.93469309973682,146.73625419763184,131.73625419763184,17.67709114404458,10,4.776084703656002,Moto,Foggy,Jam,Metropolitian,False,0,1,0,4686.777874497531,4828.514128695163,Aumento_Velocidade,0
pedido_4706.0662810816875_226,134.20702046845372,123.90516749780735,108.90516749780735,15.5113850283308,15,4.690889869831391,Moto,Sandstorms,High,Urban,False,0,1,0,4706.0662810816875,4829.971448579495,Aumento_Velocidade,1
pedido_4737.367587250498_253,111.78506761695046,98.20465122194067,83.20465122194067,11.769154120676033,10,4.62374967948377,Moto,Sunny,Jam,Metropolitian,False,0,1,1,4737.367587250498,4830.572238472439,Aumento_Velocidade,1
pedido_4671.629880011555_204,165.56142525218874,151.68215363078656,151.68215363078656,5.430109139470821,10,4.375343780948584,Van,Sunny,Medium,Urban,True,0,0,1,4671.629880011555,4833.312033642341,Nenhuma,0
pedido_4724.0165711889695_243,130.77464878307057,109.36196837042029,94.36196837042029,5.729362197885079,15,4.713100121172205,Scooter,Windy,High,Metropolitian,False,0,1,0,4724.0165711889695,4833.3785395593895,Aumento_Velocidade,1
pedido_4720.158547775192_239,136.6065068787768,113.30190018642452,98.30190018642452,5.050602485676377,15,4.8574600050479395,Scooter,Windy,Medium,Metropolitian,False,0,0,0,4720.158547775192,4833.460447961617,Rota_Reduzida,1
pedido_4663.1049646950905_198,187.5970673233279,176.3928193886624,161.3928193886624,16.466657218248518,10,4.4259841445281705,Scooter,Foggy,Medium,Metropolitian,True,0,0,0,4663.1049646950905,4834.497784083753,Rota_Reduzida,0
pedido_4715.1121062403045_236,132.92179795105696,129.67657562968347,114.67657562968347,7.264653861134336,5,4.695407814035982,Moto,Foggy,High,Metropolitian,False,0,1,0,4715.1121062403045,4834.788681869988,Aumento_Velocidade,1
pedido_4742.710240284795_258,98.37441375212673,81.32310525219023,81.32310525219023,5.808284901754374,15,4.5791822624784135,Van,Sunny,Medium,Urban,True,0,0,1,4742.710240284795,4839.0333455369855,Nenhuma,1
pedido_4728.72822030642_247,100.89875896024635,101.999433840672,101.999433840672,5.875968677680285,10,4.859792255760024,Moto,Stormy,Low,Metropolitian,True,0,0,0,4728.72822030642,4840.727654147092,Nenhuma,1
pedido_4757.584921956335_266,104.39808968721051,83.77982008826703,68.77982008826703,11.289741584062277,15,4.812402244551603,Scooter,Sunny,High,Metropolitian,True,0,1,1,4757.584921956335,4841.364742044602,Aumento_Velocidade,1
pedido_4723.389511729025_242,130.91851907444766,118.10847645015528,103.10847645015528,0.0,15,4.893721907151019,Moto,Sandstorms,Medium,Metropolitian,False,0,0,0,4723.389511729025,4841.4979881791805,Rota_Reduzida,1
pedido_4730.360483918373_249,127.77893736758784,113.86745728086441,98.86745728086441,6.566618123086487,15,4.600345581739714,Moto,Sandstorms,Jam,Metropolitian,False,0,1,0,4730.360483918373,4844.227941199237,Aumento_Velocidade,1
pedido_4726.993899885338_245,127.43806644218229,118.82862875838842,103.82862875838842,3.095287057233635,15,4.807048634539774,Moto,Windy,Jam,Metropolitian,False,0,1,0,4726.993899885338,4845.822528643726,Aumento_Velocidade,1
pedido_4730.348881107184_248,125.48525232912223,127.4672767682298,112.4672767682298,3.8495444260769784,5,4.83918229653814,Moto,Foggy,Medium,Metropolitian,False,0,0,0,4730.348881107184,4847.816157875413,Rota_Reduzida,1
pedido_4682.372766433755_212,171.34621923909813,176.4216394715794,161.4216394715794,7.578276031577133,5,4.371575275139409,Scooter,Sandstorms,Medium,Metropolitian,False,0,0,0,4682.372766433755,4848.794405905334,Rota_Reduzida,0
pedido_4680.221626074556_209,181.97053783247065,174.47296014396656,159.47296014396656,0.0,10,4.4426872144296965,Moto,Sunny,Jam,Metropolitian,False,0,1,1,4680.221626074556,4849.694586218523,Aumento_Velocidade,0
pedido_4744.617083942194_260,102.72064245037974,100.23953769316172,100.23953769316172,18.015339419335692,5,4.715338972368443,Van,Sunny,High,Metropolitian,False,0,1,1,4744.617083942194,4849.856621635356,Nenhuma,1
pedido_4758.79640852177_267,122.30477543077123,91.45590768031526,76.45590768031526,2.1768872832699144,15,4.909615839858847,Moto,Stormy,Jam,Metropolitian,False,0,1,0,4758.79640852177,4850.252316202085,Aumento_Velocidade,1
pedido_4742.809078831215_259,134.12425690067138,107.46007917060635,92.46007917060635,12.921209078920198,15,4.539527727849493,Scooter,Windy,High,Metropolitian,False,0,1,0,4742.809078831215,4850.269158001821,Aumento_Velocidade,1
pedido_4746.9195465401135_261,101.97883651626154,93.48992870822407,93.48992870822407,10.695456447627137,10,4.995700117753538,Scooter,Windy,Low,Metropolitian,False,0,0,0,4746.9195465401135,4850.409475248338,Nenhuma,1
pedido_4753.8284517351585_264,103.42555449491033,87.84913688707042,87.84913688707042,15.884482079521124,10,4.741400289720768,Scooter,Windy,Low,Metropolitian,False,0,0,0,4753.8284517351585,4851.6775886222285,Nenhuma,1
pedido_4733.229671251241_250,136.91740120607304,119.19941190737822,104.19941190737822,16.312377317929055,15,4.46039101845385,Moto,Sandstorms,High,Urban,True,0,1,0,4733.229671251241,4852.429083158619,Aumento_Velocidade,1
pedido_4710.6966276644725_233,141.5803288898098,132.09499755172237,132.09499755172237,17.768642292532313,10,4.5266741372422805,Van,Windy,Jam,Metropolitian,True,0,1,0,4710.6966276644725,4852.791625216195,Nenhuma,0
pedido_4677.853325700053_206,189.66738065255484,186.80231653898016,171.80231653898016,15.313469834515915,5,4.353824918573301,Moto,Foggy,High,Urban,True,0,1,0,4677.853325700053,4854.655642239033,Aumento_Velocidade,0
pedido_4683.694042091612_213,188.9916732316728,171.28872901443484,156.28872901443484,22.68001533246339,15,4.38442363421369,Scooter,Stormy,High,Metropolitian,True,0,1,0,4683.694042091612,4854.982771106046,Aumento_Velocidade,0
pedido_4740.381458668821_256,130.65170073063328,117.1600441624445,102.1600441624445,5.762427109423443,15,4.50991331815829,Moto,Sandstorms,High,Metropolitian,False,0,1,0,4740.381458668821,4857.5415028312655,Aumento_Velocidade,1
pedido_4708.096095184932_231,174.78681119317562,161.50609426699435,146.50609426699435,3.538819088903046,5,4.395365574989729,Moto,Windy,High,Urban,False,0,1,0,4708.096095184932,4859.602189451926,Aumento_Velocidade,0
pedido_4766.845809749907_273,101.32538225821338,93.78295973777205,78.78295973777205,11.804931700455981,15,4.662387344400362,Moto,Sunny,High,Metropolitian,False,0,1,1,4766.845809749907,4860.628769487679,Aumento_Velocidade,1
pedido_4759.639109804517_269,129.4306379683732,103.04848215217754,88.04848215217754,15.603691325441886,15,4.921350415820001,Moto,Stormy,High,Metropolitian,False,0,1,0,4759.639109804517,4862.687591956695,Aumento_Velocidade,1
pedido_4704.324746117799_222,188.96671392600174,170.13999389200166,155.13999389200166,15.546692264174853,5,4.3175090812852,Moto,Foggy,High,Urban,True,0,1,0,4704.324746117799,4864.4647400098,Aumento_Velocidade,0
pedido_4735.875379175989_251,132.4886587340063,139.17936058222944,124.17936058222944,4.427126746755691,5,4.572573561785799,Scooter,Sandstorms,High,Urban,False,0,1,0,4735.875379175989,4865.054739758219,Aumento_Velocidade,0
pedido_4823.965770088905_308,35.04180869720531,36.159438563124816,36.159438563124816,5.106009845347507,5,4.6301245925469745,Scooter,Sunny,Low,Metropolitian,False,1,0,1,4823.965770088905,4865.12520865203,Nenhuma,1
pedido_4765.2360334919795_271,133.56244620912418,105.04880445597449,90.04880445597449,11.75111511887122,10,4.654549883230483,Moto,Sandstorms,High,Metropolitian,False,0,1,0,4765.2360334919795,4865.284837947954,Aumento_Velocidade,1
pedido_4737.4584342989365_254,132.96881234173745,127.94254955490146,112.94254955490146,6.548604975102259,15,4.707390155563935,Moto,Stormy,Medium,Metropolitian,False,0,0,0,4737.4584342989365,4865.400983853838,Rota_Reduzida,1
pedido_4789.094712019_290,98.09455266861596,81.56020939431383,66.56020939431383,4.851493083104742,10,4.663350890476625,Scooter,Sunny,High,Urban,False,0,1,1,4789.094712019,4865.654921413314,Aumento_Velocidade,1
pedido_4740.420936856868_257,135.14239088359398,136.16517403306256,121.16517403306256,4.593168354063491,5,4.803480973157381,Scooter,Stormy,Medium,Metropolitian,False,0,0,0,4740.420936856868,4866.586110889931,Rota_Reduzida,0
pedido_4727.516397610168_246,130.5357302082129,145.14669080388978,130.14669080388978,17.34350919232798,10,4.639689650254423,Scooter,Stormy,High,Metropolitian,False,0,1,0,4727.516397610168,4867.663088414058,Aumento_Velocidade,0
pedido_4739.568580421808_255,111.78506761695046,118.61259523176577,118.61259523176577,11.883671413060735,10,4.639494514748473,Van,Sunny,Jam,Metropolitian,False,0,1,1,4739.568580421808,4868.181175653574,Nenhuma,1
pedido_4753.733517621207_263,131.31426288850454,124.76350334208226,109.76350334208226,10.707649848417194,5,4.7651606847741155,Scooter,Stormy,High,Metropolitian,True,0,1,0,4753.733517621207,4868.497020963289,Aumento_Velocidade,1
pedido_4771.2921025035785_276,98.43856133186253,83.30643411885488,83.30643411885488,3.4029476663243514,15,4.503611196216923,Moto,Sunny,Low,Metropolitian,True,0,0,1,4771.2921025035785,4869.598536622433,Nenhuma,1
pedido_4736.88294819948_252,138.0574255380727,138.12384607316352,123.12384607316352,20.0907075719351,10,4.835914488466918,Moto,Stormy,Jam,Metropolitian,True,0,1,0,4736.88294819948,4870.006794272644,Aumento_Velocidade,0
pedido_4726.873302463286_244,137.65220618282714,139.45791703171923,139.45791703171923,20.624940818175936,5,4.549595246899019,Van,Sandstorms,Medium,Metropolitian,False,0,0,0,4726.873302463286,4871.331219495005,Nenhuma,0
pedido_4699.635459231088_220,184.40174977361357,172.13257300936377,157.13257300936377,17.65108907605186,15,4.1898523403562375,Moto,Sandstorms,High,Metropolitian,False,0,1,0,4699.635459231088,4871.768032240452,Aumento_Velocidade,0
pedido_4707.662456668929_228,187.96897035743734,170.989025750195,155.989025750195,14.766049767946786,10,4.305726694627389,Scooter,Sandstorms,Medium,Metropolitian,False,0,0,0,4707.662456668929,4873.651482419124,Rota_Reduzida,0
pedido_4720.019667072684_238,177.38392451968264,168.4533703348964,153.4533703348964,6.657528183750271,5,4.287552673237515,Moto,Sandstorms,High,Metropolitian,True,0,1,0,4720.019667072684,4878.47303740758,Aumento_Velocidade,0
pedido_4764.301663756355_270,128.89046389125753,125.25416202334213,110.25416202334213,4.608925405003933,5,4.918184889335307,Moto,Foggy,Jam,Metropolitian,False,0,1,0,4764.301663756355,4879.555825779697,Aumento_Velocidade,1
pedido_4776.355066088586_280,111.85518003623011,113.68071907518123,98.68071907518123,11.49836420429899,5,4.736742182489394,Moto,Sunny,Jam,Metropolitian,True,0,1,1,4776.355066088586,4880.035785163767,Aumento_Velocidade,1
pedido_4711.322885727209_234,187.13481435528243,178.96322892903027,163.96322892903027,11.61241578317839,5,4.276906654948346,Scooter,Stormy,High,Metropolitian,False,0,1,0,4711.322885727209,4880.286114656239,Aumento_Velocidade,0
pedido_4783.2000305441425_285,125.19509468439556,103.17459284832107,88.17459284832107,4.145541999068245,10,4.586318896039399,Moto,Foggy,Medium,Metropolitian,False,0,0,0,4783.2000305441425,4881.374623392464,Rota_Reduzida,1
pedido_4759.379043546457_268,136.8786325287955,127.2344847572405,112.2344847572405,2.0828070452937335,10,4.989919488726509,Moto,Foggy,High,Urban,False,0,1,0,4759.379043546457,4881.613528303697,Aumento_Velocidade,1
pedido_4771.422227122688_277,111.56662640565581,120.55490348511054,105.55490348511054,11.576807665157641,5,4.508663765361172,Moto,Sunny,Jam,Metropolitian,False,0,1,1,4771.422227122688,4881.977130607798,Aumento_Velocidade,1
pedido_4779.619515794499_283,129.2922408826794,109.16376541884273,94.16376541884273,4.3683842887748705,10,4.677623258600762,Scooter,Stormy,High,Metropolitian,False,0,1,0,4779.619515794499,4883.783281213342,Aumento_Velocidade,1
pedido_4716.139767627485_237,183.2404991686562,178.17820160434755,163.17820160434755,9.603994446178454,5,4.44601140196344,Moto,Sunny,High,Metropolitian,False,0,1,1,4716.139767627485,4884.317969231832,Aumento_Velocidade,0
pedido_4779.551481516512_282,136.3599578390772,111.08994120828034,96.08994120828034,6.632444531569193,10,4.565368638386761,Moto,Windy,Medium,Metropolitian,False,0,0,0,4779.551481516512,4885.6414227247915,Rota_Reduzida,1
pedido_4766.629227970268_272,121.2203984222763,110.37827239455954,110.37827239455954,11.13078252215661,10,4.891409770477691,Scooter,Sunny,Low,Metropolitian,False,0,0,1,4766.629227970268,4887.007500364828,Nenhuma,1
pedido_4789.65226130371_292,110.90737560553612,92.9415033827368,92.9415033827368,15.778063265120554,5,4.827362388015498,Scooter,Foggy,Low,Metropolitian,False,0,0,0,4789.65226130371,4887.593764686447,Nenhuma,1
pedido_4768.460706234825_274,127.74865931486852,121.371397525074,106.371397525074,6.290759512981983,15,4.71367613182072,Scooter,Windy,Jam,Metropolitian,False,0,1,0,4768.460706234825,4889.832103759899,Aumento_Velocidade,1
pedido_4770.565846755008_275,134.23971654931643,124.34610360944066,109.34610360944066,13.13063062622887,10,4.742304024525718,Moto,Sandstorms,High,Urban,False,0,1,0,4770.565846755008,4889.911950364449,Aumento_Velocidade,1
pedido_4785.341289094441_287,133.7849446496694,112.25867522088959,97.25867522088959,4.416475564702808,10,4.948434197042253,Moto,Windy,Medium,Metropolitian,False,0,0,0,4785.341289094441,4892.599964315331,Rota_Reduzida,1
pedido_4814.022437305709_299,101.70061447582626,85.31164342191055,70.31164342191055,19.59938732890189,15,4.616012724125107,Moto,Sunny,High,Metropolitian,False,0,1,1,4814.022437305709,4899.33408072762,Aumento_Velocidade,1
pedido_4772.252577481098_278,134.75456966814028,133.34949070538042,118.34949070538042,17.65846823657656,10,4.661355798201979,Moto,Sandstorms,High,Metropolitian,False,0,1,0,4772.252577481098,4900.602068186478,Aumento_Velocidade,1
pedido_4776.267875336928_279,141.91049511904598,128.51296188816568,113.51296188816568,13.702323588109719,15,4.981984338278854,Moto,Foggy,High,Urban,False,0,1,0,4776.267875336928,4904.780837225094,Aumento_Velocidade,1
pedido_4806.118675938628_293,134.28956988505914,109.9899582069385,94.9899582069385,2.5413743437610283,5,4.627283830635517,Moto,Windy,Medium,Metropolitian,True,0,0,0,4806.118675938628,4906.108634145567,Rota_Reduzida,1
pedido_4778.417637249463_281,144.8405198136229,127.9467122203522,112.9467122203522,17.07545843396717,15,4.672135854027725,Moto,Foggy,High,Metropolitian,True,0,1,0,4778.417637249463,4906.364349469815,Aumento_Velocidade,1
pedido_4784.836398967645_286,131.26714374550582,122.11743904634505,107.11743904634505,7.952905037760154,15,4.680713503649674,Scooter,Sandstorms,High,Urban,True,0,1,0,4784.836398967645,4906.95383801399,Aumento_Velocidade,1
pedido_4786.857032716781_288,129.74365118615847,132.76890122155584,117.76890122155584,4.363608896382447,5,4.511699309762418,Scooter,Sandstorms,Medium,Metropolitian,False,0,0,0,4786.857032716781,4909.625933938337,Rota_Reduzida,1
pedido_4808.472379779698_295,132.2103028226152,102.7905860638891,87.7905860638891,2.6989988498792057,15,4.577860934947255,Scooter,Foggy,High,Metropolitian,True,0,1,0,4808.472379779698,4911.262965843587,Aumento_Velocidade,1
pedido_4842.680588146336_320,95.60785660147273,74.04617647211624,59.046176472116244,5.995443994283929,10,4.637811095108936,Scooter,Sunny,Medium,Metropolitian,False,0,0,1,4842.680588146336,4911.726764618452,Rota_Reduzida,1
pedido_4832.891183595175_315,99.5787048972448,84.25400632329452,69.25400632329452,5.658720548285689,10,4.5223425858982536,Scooter,Sunny,Medium,Urban,True,0,0,1,4832.891183595175,4912.145189918469,Rota_Reduzida,1
pedido_4817.570997715633_301,97.75913992308796,91.43341752769766,91.43341752769766,0.819249703123412,5,4.775953101038833,Van,Sunny,Low,Metropolitian,False,0,0,1,4817.570997715633,4914.004415243331,Nenhuma,1
pedido_4814.323650440688_300,111.656403005909,103.67275393349425,88.67275393349425,15.801744684337265,15,4.5827261264022106,Scooter,Sunny,Jam,Urban,False,0,1,1,4814.323650440688,4917.996404374182,Aumento_Velocidade,1
pedido_4781.379798831409_284,131.7515131589048,143.25118212307538,128.25118212307538,0.0,10,4.69970068815759,Scooter,Sandstorms,High,Metropolitian,False,0,1,0,4781.379798831409,4919.630980954485,Aumento_Velocidade,0
pedido_4722.444183009276_241,199.37005297189276,202.6437937116576,187.6437937116576,11.795721886674148,10,4.295954852847781,Moto,Stormy,Jam,Urban,False,0,1,0,4722.444183009276,4920.0879767209335,Aumento_Velocidade,0
pedido_4810.968669950375_297,132.67563768407663,111.54310015944677,96.54310015944677,6.077885258547336,15,4.933299186809593,Moto,Sandstorms,High,Metropolitian,False,0,1,0,4810.968669950375,4922.5117701098225,Aumento_Velocidade,1
pedido_4871.7155378991465_339,45.30939919550783,45.99818028907366,45.99818028907366,19.43019700310079,5,4.720695563542724,Moto,Windy,High,Metropolitian,False,1,1,0,4871.7155378991465,4922.71371818822,Nenhuma,1
pedido_4820.391742723306_304,130.22040801448227,113.89833465712469,98.89833465712469,6.907718671925367,5,4.759042540799119,Moto,Sandstorms,High,Urban,True,0,1,0,4820.391742723306,4924.290077380431,Aumento_Velocidade,1
pedido_4858.922437851363_328,59.30831664001383,60.93924320109507,60.93924320109507,3.5446016451669187,5,4.449331324463597,Scooter,Sandstorms,Jam,Urban,False,1,1,0,4858.922437851363,4924.861681052458,Nenhuma,1
pedido_4832.0766214037085_314,131.11359947212316,103.36706472976385,88.36706472976385,9.795705708838927,5,4.645891606371633,Moto,Windy,Jam,Urban,True,0,1,0,4832.0766214037085,4925.4436861334725,Aumento_Velocidade,1
pedido_4789.1075321884255_291,141.64340419195923,137.17126694325003,122.17126694325003,13.7908423469213,15,4.615725414240279,Moto,Sandstorms,Jam,Urban,True,0,1,0,4789.1075321884255,4926.278799131675,Aumento_Velocidade,0
pedido_4748.010788484054_262,186.5482289557541,189.2673071589247,174.2673071589247,15.577241200246696,5,4.368499569040096,Scooter,Stormy,High,Metropolitian,True,0,1,0,4748.010788484054,4927.278095642978,Aumento_Velocidade,0
pedido_4807.987948792458_294,135.7141828141574,122.54150743669749,107.54150743669749,6.684928390631802,15,5.0,Moto,Foggy,High,Metropolitian,True,0,1,0,4807.987948792458,4930.529456229156,Aumento_Velocidade,1
pedido_4819.298417472518_302,136.34544717937973,119.20636895959393,104.20636895959393,1.4885059032691257,15,4.902183916552255,Moto,Foggy,High,Metropolitian,False,0,1,0,4819.298417472518,4938.504786432112,Aumento_Velocidade,1
pedido_4756.539761902338_265,189.46944666985706,193.0764151426632,178.0764151426632,11.010784554362571,5,4.415346624442498,Moto,Foggy,High,Urban,False,0,1,0,4756.539761902338,4939.616177045001,Aumento_Velocidade,0
pedido_4838.448015566882_317,104.7548123409815,87.48051071672953,87.48051071672953,14.88154090010105,15,5.0,Scooter,Windy,Low,Urban,True,0,0,0,4838.448015566882,4940.928526283611,Nenhuma,1
pedido_4899.1666827332265_361,42.43992135489283,30.486329687433816,30.486329687433816,6.192572282895359,15,4.780954534257283,Moto,Stormy,High,Metropolitian,True,1,1,0,4899.1666827332265,4944.65301242066,Nenhuma,1
pedido_4809.868462893919_296,137.10448633692113,130.03674778591008,130.03674778591008,4.2366918535165405,5,5.0,Van,Foggy,High,Metropolitian,False,0,1,0,4809.868462893919,4944.905210679829,Nenhuma,0
pedido_4836.578692581709_316,137.6421823913141,113.97911901443243,98.97911901443243,15.981514051453635,10,4.848891558798593,Moto,Windy,Medium,Metropolitian,True,0,0,0,4836.578692581709,4945.557811596142,Rota_Reduzida,1
pedido_4845.685020646444_323,103.95994351791434,94.93572645172493,94.93572645172493,9.654671735511558,5,4.5995703358641435,Van,Sunny,Low,Urban,False,0,0,1,4845.685020646444,4945.620747098169,Nenhuma,1
pedido_4826.198553570263_309,136.7250101763143,124.66807166193172,109.66807166193172,19.817593228025174,10,4.820192651597653,Moto,Windy,Jam,Urban,False,0,1,0,4826.198553570263,4945.8666252321955,Aumento_Velocidade,1
pedido_4844.757056162627_322,125.28956694435125,114.23511971474589,99.23511971474589,3.6147405722312334,5,4.481143410670205,Moto,Stormy,High,Metropolitian,False,0,1,0,4844.757056162627,4948.992175877373,Aumento_Velocidade,1
pedido_4839.693856026779_318,102.38665475488781,99.49968290006646,99.49968290006646,15.754825724381309,10,4.624778921982889,Van,Sunny,High,Metropolitian,False,0,1,1,4839.693856026779,4949.193538926846,Nenhuma,1
pedido_4848.3472084274035_325,128.2225744463269,110.96616113578763,95.96616113578763,3.3790666550569712,5,4.770689592083298,Scooter,Stormy,High,Metropolitian,False,0,1,0,4848.3472084274035,4949.313369563191,Aumento_Velocidade,1
pedido_4819.330341921774_303,131.7025454518257,130.34899656347827,115.34899656347827,1.026110416708499,15,4.799575042506707,Moto,Windy,High,Metropolitian,False,0,1,0,4819.330341921774,4949.679338485252,Aumento_Velocidade,1
pedido_4786.91314573024_289,183.0386022137768,169.68414823023681,154.68414823023681,9.486819036044515,15,4.37376146547129,Scooter,Stormy,Jam,Urban,False,0,1,0,4786.91314573024,4956.597293960477,Aumento_Velocidade,0
pedido_4827.797375886027_310,124.68294342737848,138.80028369040937,123.80028369040937,3.0946753944870307,5,4.648332179694499,Moto,Sandstorms,Jam,Metropolitian,False,0,1,0,4827.797375886027,4956.597659576437,Aumento_Velocidade,0
pedido_4863.720498858179_334,109.7849844197985,105.1064964328371,90.1064964328371,14.681680744569151,5,4.750126286375485,Moto,Sunny,Jam,Urban,True,0,1,1,4863.720498858179,4958.826995291016,Aumento_Velocidade,1
pedido_4842.558731083062_319,145.37894838609327,133.2390782576767,118.23907825767671,12.201233782152396,5,4.651682765617016,Scooter,Foggy,High,Metropolitian,True,0,1,0,4842.558731083062,4965.797809340739,Aumento_Velocidade,1
pedido_4843.604606754034_321,130.56087931010725,123.18029146406127,108.18029146406127,5.3750410065208065,15,4.765757840364209,Scooter,Windy,High,Urban,False,0,1,0,4843.604606754034,4966.784898218095,Aumento_Velocidade,1
pedido_4869.536719574881_338,105.19975107848433,103.01328616550161,88.01328616550161,14.695913613222947,10,4.636655334632148,Moto,Sunny,High,Metropolitian,True,0,1,1,4869.536719574881,4967.550005740383,Aumento_Velocidade,1
pedido_4948.754193948073_384,43.6235555309119,8.62402012233116,8.62402012233116,12.616778353131252,15,5.0,Scooter,Stormy,High,Metropolitian,False,1,1,0,4948.754193948073,4972.378214070404,Nenhuma,1
pedido_4831.467354515739_313,141.7195557967645,132.19819251118622,132.19819251118622,17.665248797050026,10,4.517753040733194,Van,Foggy,High,Urban,False,0,1,0,4831.467354515739,4973.665547026925,Nenhuma,0
pedido_4821.242820775395_305,173.99740928363107,157.97393618854963,142.97393618854963,2.0299003199033145,10,4.3151406467758315,Moto,Windy,Medium,Metropolitian,False,0,0,0,4821.242820775395,4974.216756963944,Rota_Reduzida,0
pedido_4862.106402484974_332,132.7565820075959,117.34616109050069,102.34616109050069,6.337605036454169,10,4.7692928582111,Moto,Stormy,Medium,Urban,True,0,0,0,4862.106402484974,4974.452563575474,Rota_Reduzida,1
pedido_4886.391190516453_350,98.66723304363478,93.67522948602974,78.67522948602974,13.315888088417013,15,4.646172652370735,Moto,Sunny,Medium,Metropolitian,False,0,0,1,4886.391190516453,4980.066420002483,Rota_Reduzida,1
pedido_4811.240732089851_298,170.24679074110182,169.01534126851976,154.01534126851976,16.15471216503947,15,4.347740924586743,Moto,Sunny,Jam,Metropolitian,False,0,1,1,4811.240732089851,4980.2560733583705,Aumento_Velocidade,0
pedido_4898.655418262646_358,94.63158532354707,81.81952655873373,66.81952655873373,6.992935190820434,15,4.729618836646297,Moto,Sunny,High,Metropolitian,False,0,1,1,4898.655418262646,4980.47494482138,Aumento_Velocidade,1
pedido_4881.114626676309_345,125.55902667169586,107.54090520548576,92.54090520548576,8.957133830966345,10,4.992157903597761,Moto,Foggy,Medium,Metropolitian,False,0,0,0,4881.114626676309,4983.655531881795,Rota_Reduzida,1
pedido_4859.04683584619_329,134.59668425365794,125.76860387127368,110.76860387127368,10.059525041550973,15,4.6376568546705546,Moto,Sandstorms,Medium,Urban,False,0,0,0,4859.04683584619,4984.815439717464,Rota_Reduzida,1
pedido_4831.426908345656_312,185.78001382965965,153.4818664849958,138.4818664849958,16.39302268297967,15,4.392355871311286,Moto,Windy,High,Metropolitian,True,0,1,0,4831.426908345656,4984.908774830651,Aumento_Velocidade,0
pedido_4823.644001033219_307,149.2246576811014,157.99817848933856,157.99817848933856,14.062984028012382,5,4.810325255555244,Van,Foggy,Jam,Metropolitian,False,0,1,0,4823.644001033219,4986.642179522558,Nenhuma,0
pedido_4877.016212128788_342,129.88621090544964,117.27667262686917,102.27667262686917,3.001163904025836,10,4.6021880646235,Moto,Windy,Jam,Metropolitian,True,0,1,0,4877.016212128788,4989.292884755657,Aumento_Velocidade,1
pedido_4910.085868778622_372,94.20773221615744,74.21683891649931,74.21683891649931,6.550588629430041,5,4.579227458104429,Van,Sunny,Medium,Metropolitian,False,0,0,1,4910.085868778622,4989.302707695121,Nenhuma,1
pedido_4822.442812886219_306,190.12153842519808,172.23968477265367,157.23968477265367,7.646329977915561,10,4.143973915251579,Scooter,Sunny,High,Metropolitian,True,0,1,1,4822.442812886219,4989.682497658873,Aumento_Velocidade,0
pedido_4882.94783080053_347,124.87153509361714,98.08445741525858,98.08445741525858,0.0,10,4.801203550571922,Van,Sandstorms,Jam,Urban,False,0,1,0,4882.94783080053,4991.032288215789,Nenhuma,1
pedido_4879.039211043065_344,137.1053797399156,122.72699954531797,107.72699954531797,6.4668360691114755,5,5.0,Scooter,Sandstorms,High,Urban,False,0,1,0,4879.039211043065,4991.766210588383,Aumento_Velocidade,1
pedido_4872.271443780981_340,134.20702046845372,124.60326673622174,109.60326673622174,14.35323937878031,10,4.719443699170376,Moto,Sandstorms,High,Metropolitian,False,0,1,0,4872.271443780981,4991.874710517202,Aumento_Velocidade,1
pedido_4908.2265405818625_371,106.65221548234197,89.25872437481256,74.25872437481256,14.435912337994578,10,4.530156250435817,Moto,Sunny,High,Urban,False,0,1,1,4908.2265405818625,4992.485264956675,Aumento_Velocidade,1
pedido_4874.748587791894_341,135.8251700970151,127.87385435321212,112.87385435321212,13.974308349621161,5,4.58567257252154,Scooter,Windy,Jam,Urban,False,0,1,0,4874.748587791894,4992.622442145106,Aumento_Velocidade,1
pedido_4868.016505107412_336,135.95752999441467,125.98124001686864,110.98124001686864,12.198683412942483,15,4.597438080947605,Moto,Windy,Medium,Metropolitian,True,0,0,0,4868.016505107412,4993.99774512428,Rota_Reduzida,1
pedido_4878.332626239649_343,132.141537028009,126.67912502714805,111.67912502714805,6.8906231912793405,5,4.85039586713299,Moto,Foggy,High,Metropolitian,False,0,1,0,4878.332626239649,4995.011751266797,Aumento_Velocidade,1
pedido_4881.376854433848_346,141.3178313642075,119.43710025001403,104.43710025001403,15.709990455401638,10,4.58236779962717,Moto,Foggy,High,Metropolitian,False,0,1,0,4881.376854433848,4995.813954683862,Aumento_Velocidade,1
pedido_4846.816752873114_324,131.45885747458362,144.04696300095077,144.04696300095077,10.97529717393694,5,4.489541846295828,Van,Stormy,High,Metropolitian,False,0,1,0,4846.816752873114,4995.863715874065,Nenhuma,0
pedido_4859.115945003997_330,133.7705525141963,122.39511714594278,122.39511714594278,9.144493427824774,15,4.735303404729002,Van,Foggy,High,Metropolitian,False,0,1,0,4859.115945003997,4996.51106214994,Nenhuma,0
pedido_4892.919600019123_353,133.04012929077166,104.6974481693228,89.6974481693228,0.1992761867951378,15,4.560740893929871,Moto,Foggy,High,Metropolitian,True,0,1,0,4892.919600019123,4997.617048188446,Aumento_Velocidade,1
pedido_4850.430310308008_326,175.57744083983374,159.35381382231714,144.35381382231714,8.058489773433749,5,4.3700906668137405,Moto,Windy,High,Metropolitian,False,0,1,0,4850.430310308008,4999.784124130326,Aumento_Velocidade,0
pedido_4868.521120820774_337,135.67399248892332,131.51674626787062,116.51674626787062,9.746114692954762,15,4.987022540349108,Scooter,Sandstorms,High,Metropolitian,True,0,1,0,4868.521120820774,5000.037867088645,Aumento_Velocidade,1
pedido_4896.353359779489_356,100.02389535461688,101.04617086627425,101.04617086627425,5.405235224297117,5,5.0,Moto,Stormy,Low,Metropolitian,False,0,0,0,4896.353359779489,5002.399530645764,Nenhuma,1
pedido_4901.539425035191_363,126.95343610733217,108.51177628584243,93.51177628584243,6.074712120832906,10,4.561593493326686,Scooter,Stormy,High,Metropolitian,False,0,1,0,4901.539425035191,5005.051201321034,Aumento_Velocidade,1
pedido_4829.351649112288_311,186.2223752693938,181.45477720608858,166.45477720608858,10.094907016985848,10,4.260688464613364,Moto,Stormy,Jam,Metropolitian,True,0,1,0,4829.351649112288,5005.806426318377,Aumento_Velocidade,0
pedido_4907.470450429793_368,94.66103990806613,94.02332692564131,94.02332692564131,7.658076968442982,5,4.872619801714743,Van,Sunny,High,Urban,False,0,1,1,4907.470450429793,5006.493777355435,Nenhuma,1
pedido_4860.264634731795_331,128.2794996852016,142.28138826229898,142.28138826229898,4.624781603643492,5,4.503448582651904,Van,Windy,High,Urban,False,0,1,0,4860.264634731795,5007.546022994094,Nenhuma,0
pedido_4968.924651600667_398,62.07830023345311,46.127182777845995,31.127182777845995,1.256666889423503,10,4.436676143197759,Moto,Foggy,High,Metropolitian,False,1,1,0,4968.924651600667,5010.051834378513,Aumento_Velocidade,1
pedido_4903.061889198074_365,132.1512012648348,118.57459368343565,103.57459368343565,8.545952544860167,5,4.622542516705353,Moto,Stormy,Medium,Urban,False,0,0,0,4903.061889198074,5011.636482881509,Rota_Reduzida,1
pedido_4930.446413215937_377,101.85119079044857,92.51348943179516,77.51348943179516,13.90637982271982,5,4.764121153569032,Moto,Sunny,High,Metropolitian,False,0,1,1,4930.446413215937,5012.959902647733,Aumento_Velocidade,1
pedido_4893.738170194117_354,133.539271009579,120.70686838542028,105.70686838542028,10.104259086775771,15,4.525505485284343,Moto,Sandstorms,Jam,Metropolitian,False,0,1,0,4893.738170194117,5014.445038579537,Aumento_Velocidade,1
pedido_4897.767453681851_357,132.08039412490245,122.59477085954157,107.59477085954157,1.7747459549055709,10,4.783643417833433,Scooter,Sandstorms,High,Metropolitian,False,0,1,0,4897.767453681851,5015.362224541393,Aumento_Velocidade,1
pedido_4966.464223878432_396,44.84548050133018,44.21838875407799,44.21838875407799,6.983050632068856,5,4.598868246253739,Moto,Sandstorms,High,Urban,False,1,1,0,4966.464223878432,5015.6826126325095,Nenhuma,1
pedido_4885.8017989025875_349,111.30597501399274,115.07445252302551,115.07445252302551,11.131243296456711,15,4.659273963323479,Van,Foggy,Low,Metropolitian,False,0,0,0,4885.8017989025875,5015.876251425613,Nenhuma,1
pedido_4854.858948546037_327,174.82199780740868,168.4641152180846,153.4641152180846,2.9601818678453786,10,4.449147523803914,Moto,Sandstorms,Jam,Urban,False,0,1,0,4854.858948546037,5018.323063764122,Aumento_Velocidade,0
pedido_4929.037736743245_376,110.31743086982756,95.67203338169521,80.67203338169521,17.155971144996773,10,4.588456279707371,Moto,Sunny,Jam,Metropolitian,False,0,1,1,4929.037736743245,5019.70977012494,Aumento_Velocidade,1
pedido_4889.652133470548_352,134.46615317956642,140.2346007795475,125.23460077954749,17.522149930783847,5,4.789489581602982,Scooter,Windy,High,Urban,False,0,1,0,4889.652133470548,5019.886734250095,Aumento_Velocidade,0
pedido_4865.883251128907_335,150.86688329977414,145.83908559598413,145.83908559598413,13.389901368244594,10,4.796379615028314,Van,Foggy,Jam,Metropolitian,True,0,1,0,4865.883251128907,5021.722336724892,Nenhuma,0
pedido_4883.280192149946_348,130.3121625543739,150.52806846811933,135.52806846811933,1.518059778357256,5,4.696316007874496,Scooter,Windy,High,Metropolitian,False,0,1,0,4883.280192149946,5023.808260618065,Aumento_Velocidade,0
pedido_4978.609757254316_408,46.854181843980975,40.2168586704976,40.2168586704976,17.449217421959435,5,4.726678760363602,Moto,Foggy,High,Metropolitian,True,1,1,0,4978.609757254316,5023.826615924813,Nenhuma,1
pedido_4908.02214665399_369,135.0768807264416,120.99950346232637,105.99950346232637,13.754943712490835,10,4.572909048013013,Moto,Sandstorms,High,Metropolitian,True,0,1,0,4908.02214665399,5024.021650116316,Aumento_Velocidade,1
pedido_4899.033908281632_360,137.98688202835197,135.07889394639128,120.07889394639128,22.251259248743317,5,5.0,Moto,Sandstorms,High,Metropolitian,False,0,1,0,4899.033908281632,5024.112802228023,Aumento_Velocidade,0
pedido_4898.878719249404_359,128.2225744463269,135.89598449779032,120.89598449779032,3.6474287775300978,5,4.759024860207796,Scooter,Stormy,High,Urban,False,0,1,0,4898.878719249404,5024.7747037471945,Aumento_Velocidade,0
pedido_4904.371085604636_366,144.0016080217865,122.43662345364302,107.43662345364302,12.677329156073107,15,4.589595210867487,Moto,Foggy,Medium,Urban,True,0,0,0,4904.371085604636,5026.807709058279,Rota_Reduzida,1
pedido_4895.053717618977_355,135.8251700970151,133.84316937446775,118.84316937446775,14.918889727425857,15,4.636375057665873,Scooter,Windy,Jam,Metropolitian,False,0,1,0,4895.053717618977,5028.896886993445,Aumento_Velocidade,1
pedido_4955.665372771161_389,94.93444902906255,84.66057354500393,69.66057354500393,2.4097266571515914,5,4.816851073662313,Moto,Sunny,High,Metropolitian,False,0,1,1,4955.665372771161,5030.325946316165,Aumento_Velocidade,1
pedido_4906.04174549274_367,135.7009491227729,130.13203350559272,115.13203350559272,8.8803738539263,10,4.959664195666355,Moto,Windy,High,Metropolitian,False,0,1,0,4906.04174549274,5031.173778998333,Aumento_Velocidade,1
pedido_4862.628986198647_333,170.6361813256401,167.0980410375156,167.0980410375156,16.95090722606653,5,4.372871401107563,Scooter,Foggy,Low,Urban,False,0,0,0,4862.628986198647,5034.727027236163,Nenhuma,0
pedido_4908.026644159404_370,130.22040801448227,131.72489615587185,116.72489615587185,6.3081534290119805,10,4.759373912458389,Scooter,Sandstorms,High,Metropolitian,True,0,1,0,4908.026644159404,5034.751540315276,Aumento_Velocidade,1
pedido_4900.638549534068_362,136.78631507425038,139.64037827613652,124.64037827613652,12.79270026459791,10,4.837303424292879,Scooter,Sandstorms,Medium,Metropolitian,False,0,0,0,4900.638549534068,5035.278927810205,Rota_Reduzida,0
pedido_4902.959885143769_364,136.72204101071284,132.79158788759207,117.79158788759207,14.684720732855153,15,4.465653841310546,Moto,Sandstorms,High,Metropolitian,True,0,1,0,4902.959885143769,5035.751473031361,Aumento_Velocidade,1
pedido_4943.354569617004_380,98.78113029324714,91.45435343224972,91.45435343224972,3.5071256984335317,5,4.821817030927348,Van,Sunny,Jam,Metropolitian,False,0,1,1,4943.354569617004,5039.808923049253,Nenhuma,1
pedido_4916.452826360045_373,136.34491385489824,134.41780046732316,119.41780046732316,15.396884624246184,5,4.971246031121257,Moto,Sandstorms,High,Metropolitian,True,0,1,0,4916.452826360045,5040.870626827368,Aumento_Velocidade,1
pedido_4943.8942786574125_381,127.22633727826113,103.14024152130595,88.14024152130595,3.7559380610653017,15,4.627037604977081,Moto,Windy,Jam,Metropolitian,False,0,1,0,4943.8942786574125,5047.034520178719,Aumento_Velocidade,1
pedido_4960.9992431502915_392,94.49594367259826,92.01407699675335,77.01407699675335,6.344735938807554,10,4.77883126064807,Moto,Sunny,High,Urban,False,0,1,1,4960.9992431502915,5048.013320147044,Aumento_Velocidade,1
pedido_4887.386263346934_351,161.31704363889358,157.35916354908784,157.35916354908784,12.49911087230723,5,4.406955123185969,Moto,Windy,Low,Metropolitian,False,0,0,0,4887.386263346934,5049.745426896022,Nenhuma,0
pedido_4955.818203524424_390,125.66624655240177,94.1783391189414,79.1783391189414,8.607135438515325,15,4.986063390278802,Moto,Foggy,Medium,Metropolitian,False,0,0,0,4955.818203524424,5049.996542643365,Rota_Reduzida,1
pedido_4981.697246311143_409,95.73633023881752,81.24350710115567,66.24350710115567,6.689231545220343,5,4.798378183344511,Scooter,Sunny,Medium,Metropolitian,False,0,0,1,4981.697246311143,5052.940753412299,Rota_Reduzida,1
pedido_4947.31047194751_382,102.98396420915626,92.10723475524837,92.10723475524837,13.056699139655022,15,4.915072093539967,Moto,Sandstorms,Low,Urban,False,0,0,0,4947.31047194751,5054.417706702759,Nenhuma,1
pedido_4933.116529743612_379,118.2413683632489,120.51096246576697,120.51096246576697,20.82532195869406,5,4.712122859707107,Van,Sunny,Low,Metropolitian,False,0,0,1,4933.116529743612,5058.627492209379,Nenhuma,0
pedido_4927.336517906357_375,138.15822506494976,131.86216422841093,116.86216422841093,18.860994686567103,15,4.714327917209059,Scooter,Sandstorms,Medium,Metropolitian,False,0,0,0,4927.336517906357,5059.198682134767,Rota_Reduzida,1
pedido_4965.857108289485_395,99.62808302081272,94.52606486251503,79.52606486251503,6.266817287059457,15,4.922528080830043,Moto,Sunny,Jam,Metropolitian,False,0,1,1,4965.857108289485,5060.383173152,Aumento_Velocidade,1
pedido_4976.302679963248_405,103.38421072674699,101.66947887969312,86.66947887969312,12.535900184753775,5,4.491990501920305,Scooter,Sunny,Medium,Urban,True,0,0,1,4976.302679963248,5067.972158842941,Rota_Reduzida,1
pedido_4947.657758635937_383,141.73992669741926,125.15215180728023,110.15215180728023,12.250124738801794,15,4.565829563207564,Scooter,Foggy,High,Urban,False,0,1,0,4947.657758635937,5072.809910443218,Aumento_Velocidade,1
pedido_4977.910913162964_407,131.24959913617099,105.88590883525626,90.88590883525626,6.451155499838775,5,4.517131687562876,Scooter,Sandstorms,High,Metropolitian,False,0,1,0,4977.910913162964,5073.79682199822,Aumento_Velocidade,1
pedido_4969.134500299956_400,111.04340742701856,111.26779922074442,96.26779922074442,11.60051568247072,10,4.742938614659052,Scooter,Sunny,Jam,Metropolitian,False,0,1,1,4969.134500299956,5075.402299520701,Aumento_Velocidade,1
pedido_4950.202045070262_385,123.3980388630499,125.48800351550136,110.48800351550136,0.0,15,4.595872231267894,Scooter,Stormy,Jam,Metropolitian,False,0,1,0,4950.202045070262,5075.690048585763,Aumento_Velocidade,1
pedido_4961.1510368024_393,141.32008033116873,125.1420088512431,110.1420088512431,14.503736650748987,10,4.652997386293375,Scooter,Foggy,High,Metropolitian,False,0,1,0,4961.1510368024,5081.293045653643,Aumento_Velocidade,1
pedido_4958.553113289206_391,131.65737561148538,113.1811528851834,113.1811528851834,3.7219282259008404,10,4.521153477408998,Van,Sandstorms,Medium,Metropolitian,True,0,0,0,4958.553113289206,5081.734266174389,Nenhuma,1
pedido_4975.266527909505_403,101.83865903440335,111.67512237703208,96.67512237703208,12.677207287609725,10,4.919145970328121,Moto,Sunny,High,Metropolitian,False,0,1,1,4975.266527909505,5081.941650286538,Aumento_Velocidade,1
pedido_4969.118900958911_399,134.89737278925892,117.97430152868378,102.97430152868378,12.40215515123652,10,4.602075859330895,Moto,Windy,High,Metropolitian,True,0,1,0,4969.118900958911,5082.093202487595,Aumento_Velocidade,1
pedido_4932.3217749662335_378,135.58280253549194,135.53131250769255,135.53131250769255,13.03083886399904,15,5.0,Van,Stormy,Medium,Metropolitian,False,0,0,0,4932.3217749662335,5082.853087473926,Nenhuma,0
pedido_4962.012205114217_394,134.26524228980983,121.83250812774833,106.83250812774833,3.8761625899487306,15,4.757447739969842,Scooter,Windy,Medium,Urban,False,0,0,0,4962.012205114217,5083.844713241965,Rota_Reduzida,1
pedido_5036.120507823912_438,53.50335420226253,34.4647262137516,34.4647262137516,5.83779447268756,15,4.766970660138253,Moto,Sandstorms,Medium,Metropolitian,False,1,0,0,5036.120507823912,5085.585234037663,Nenhuma,1
pedido_4953.225713540349_386,140.19943154947018,137.564933158755,122.564933158755,14.648806649093295,10,4.919322246919432,Moto,Foggy,High,Metropolitian,False,0,1,0,4953.225713540349,5085.7906466991035,Aumento_Velocidade,0
pedido_4923.965089323959_374,166.93408772211424,180.08698899594438,165.08698899594438,7.415670623705721,5,4.318714153330063,Scooter,Sunny,Medium,Metropolitian,False,0,0,1,4923.965089323959,5094.052078319903,Rota_Reduzida,0
pedido_4969.899088311374_402,139.81822587391676,133.77254351797893,118.77254351797893,14.848762059952207,10,4.60773629829834,Scooter,Windy,Jam,Metropolitian,True,0,1,0,4969.899088311374,5098.671631829353,Aumento_Velocidade,1
pedido_4983.252821057558_410,141.3178313642075,126.30042626174742,111.30042626174742,16.04772418027681,5,4.577513514630192,Moto,Foggy,High,Metropolitian,False,0,1,0,4983.252821057558,5099.553247319306,Aumento_Velocidade,1
pedido_4953.876513820802_388,134.12678161363235,136.73096265437934,136.73096265437934,19.508069176801108,10,4.8315705284009915,Van,Windy,High,Urban,False,0,1,0,4953.876513820802,5100.607476475181,Nenhuma,0
pedido_4976.05109869476_404,151.4835754311721,135.68559613779317,120.68559613779317,12.928340267727243,5,4.836202952416424,Moto,Foggy,Jam,Metropolitian,True,0,1,0,4976.05109869476,5101.736694832553,Aumento_Velocidade,0
pedido_4967.676415208188_397,135.71084824131245,145.33889545335086,130.33889545335086,7.279418167291929,5,4.821538702344342,Scooter,Windy,Medium,Metropolitian,False,0,0,0,4967.676415208188,5103.015310661539,Rota_Reduzida,0
pedido_5003.59697661009_423,125.40422554411462,99.79322140881517,84.79322140881517,8.699978029521386,15,4.900003114916312,Moto,Foggy,Medium,Urban,False,0,0,0,5003.59697661009,5103.390198018905,Rota_Reduzida,1
pedido_5048.905283258938_448,38.248924783139174,50.57405162370618,50.57405162370618,2.6314478374803043,5,4.6899921279427375,Moto,Sunny,High,Metropolitian,False,1,1,1,5048.905283258938,5104.479334882644,Nenhuma,1
pedido_4989.5767790081745_414,136.1353020414182,126.24157678764408,111.24157678764408,11.654099245728421,5,4.875062874532738,Scooter,Windy,Jam,Urban,False,0,1,0,4989.5767790081745,5105.818355795818,Aumento_Velocidade,1
pedido_5037.194979696796_439,98.78155909260609,75.67822362517356,60.67822362517356,10.07495117268884,10,4.835771962573197,Moto,Sunny,Medium,Metropolitian,False,0,0,1,5037.194979696796,5107.873203321969,Rota_Reduzida,1
pedido_4969.551614797788_401,136.1655712492137,144.29155002027468,129.29155002027468,16.585583083057966,10,4.632709354966917,Moto,Sandstorms,Medium,Metropolitian,False,0,0,0,4969.551614797788,5108.843164818062,Rota_Reduzida,0
pedido_4992.491446246405_417,136.37617664587154,116.73776897618555,101.73776897618555,14.391483873929698,15,4.923404849041869,Scooter,Windy,High,Metropolitian,True,0,1,0,4992.491446246405,5109.22921522259,Aumento_Velocidade,1
pedido_4987.842527402017_413,135.31850075111322,127.30526973436761,112.30526973436761,16.16386490943399,10,4.952005776795203,Scooter,Sandstorms,High,Metropolitian,False,0,1,0,4987.842527402017,5110.147797136385,Aumento_Velocidade,1
pedido_4977.799415820335_406,134.95534409295462,135.2152038981826,120.21520389818261,13.820257637550686,15,4.610599368448688,Moto,Sandstorms,High,Metropolitian,False,0,1,0,4977.799415820335,5113.014619718517,Aumento_Velocidade,0
pedido_4953.625869451885_387,159.17864762302526,146.36317289327567,146.36317289327567,17.427798217114944,15,4.405832018156561,Moto,Stormy,Low,Metropolitian,False,0,0,0,4953.625869451885,5114.989042345161,Nenhuma,0
pedido_4991.087170193543_416,125.20032831834475,124.01415600961124,109.01415600961124,6.414870059640036,15,4.5491571570354035,Moto,Foggy,Medium,Urban,True,0,0,0,4991.087170193543,5115.101326203154,Rota_Reduzida,1
pedido_4990.501025591249_415,134.12425690067138,124.9530567972632,109.9530567972632,12.551318663644746,15,4.5422425001532645,Scooter,Windy,High,Urban,False,0,1,0,4990.501025591249,5115.454082388513,Aumento_Velocidade,1
pedido_4993.504624919604_418,149.1076947561497,132.84809343893238,117.84809343893238,16.348293510886077,5,4.7413359774678385,Moto,Foggy,Jam,Metropolitian,False,0,1,0,4993.504624919604,5116.352718358537,Aumento_Velocidade,1
pedido_5016.061603924417_426,126.40381272079905,101.42025316195468,86.42025316195468,3.305855120784143,15,4.733545896724073,Moto,Windy,Jam,Urban,False,0,1,0,5016.061603924417,5117.481857086372,Aumento_Velocidade,1
pedido_5001.09230657135_421,126.74826315390487,118.33776680357974,103.33776680357974,3.487472659492351,15,4.903253471262984,Moto,Windy,Jam,Urban,False,0,1,0,5001.09230657135,5119.43007337493,Aumento_Velocidade,1
pedido_5010.813086888503_425,134.51104555526933,118.94746373587617,103.94746373587617,16.223972453207605,5,4.809889978050124,Moto,Sandstorms,High,Metropolitian,False,0,1,0,5010.813086888503,5119.760550624379,Aumento_Velocidade,1
pedido_5091.975335472243_470,62.981284322974,33.47568323554063,18.47568323554063,10.748426274789477,15,4.378161912380317,Moto,Windy,High,Metropolitian,True,1,1,0,5091.975335472243,5125.451018707784,Aumento_Velocidade,1
pedido_5048.272802820822_447,110.68582314232148,89.94846439006672,74.94846439006672,11.120040083919006,5,4.514461198034221,Moto,Sunny,Jam,Metropolitian,False,0,1,1,5048.272802820822,5128.221267210889,Aumento_Velocidade,1
pedido_4985.532584326735_411,154.4659016551866,149.38858477197502,134.38858477197502,12.429623632959629,10,4.523457736179654,Scooter,Foggy,Jam,Urban,False,0,1,0,4985.532584326735,5129.9211690987095,Aumento_Velocidade,0
pedido_5025.2493962632725_430,101.78249561289658,99.98697906962113,99.98697906962113,4.3253976164847785,5,5.0,Scooter,Windy,Low,Urban,False,0,0,0,5025.2493962632725,5130.236375332894,Nenhuma,1
pedido_5047.209410987796_445,102.05999656397222,85.26924064809967,70.26924064809967,6.4436171863835074,15,4.515386514222018,Moto,Sunny,Jam,Metropolitian,True,0,1,1,5047.209410987796,5132.478651635896,Aumento_Velocidade,1
pedido_5031.753042036074_434,131.64846086956666,102.80346801872503,87.80346801872503,2.2209710654366597,15,4.461817187520497,Moto,Foggy,High,Metropolitian,True,0,1,0,5031.753042036074,5134.556510054798,Aumento_Velocidade,1
pedido_4999.100119412832_420,125.3417144319022,121.1304274219633,121.1304274219633,4.326151049391234,15,4.522097752528814,Van,Stormy,High,Metropolitian,True,0,1,0,4999.100119412832,5135.230546834795,Nenhuma,0
pedido_5032.397789956125_435,134.37619654620727,103.02292632544216,88.02292632544216,14.828043261746604,15,4.546727374137532,Moto,Stormy,Medium,Metropolitian,True,0,0,0,5032.397789956125,5135.420716281567,Rota_Reduzida,1
pedido_5031.20491790334_432,134.57001196479968,109.73330417398975,94.73330417398975,13.911789698990518,10,4.761720598819161,Moto,Sandstorms,High,Metropolitian,False,0,1,0,5031.20491790334,5135.93822207733,Aumento_Velocidade,1
pedido_5046.930054429085_444,105.85738492529215,81.31236460230713,81.31236460230713,16.73450837269735,10,4.769920287504724,Moto,Windy,Low,Metropolitian,True,0,0,0,5046.930054429085,5138.242419031392,Nenhuma,1
pedido_5034.697921779848_437,124.75626100245047,114.08151188558264,99.08151188558264,3.187416615201806,5,4.527992794647538,Moto,Foggy,Medium,Urban,False,0,0,0,5034.697921779848,5138.779433665431,Rota_Reduzida,1
pedido_5002.626099520608_422,134.21504553323146,124.25837704958806,124.25837704958806,15.126329267150593,15,4.945778876446846,Van,Sandstorms,High,Metropolitian,False,0,1,0,5002.626099520608,5141.884476570196,Nenhuma,0
pedido_5016.1487168552385_427,136.0007113218702,135.1322319335214,120.13223193352141,13.965597730618228,10,4.7306947130363275,Moto,Windy,High,Urban,True,0,1,0,5016.1487168552385,5146.28094878876,Aumento_Velocidade,0
pedido_5064.281435029851_460,127.78747185950002,83.73557542657942,68.73557542657942,4.693472278203744,15,4.912902632910833,Moto,Sandstorms,Jam,Metropolitian,False,0,1,0,5064.281435029851,5148.01701045643,Aumento_Velocidade,1
pedido_5024.618974073813_428,133.87638909820663,134.48535827985194,119.48535827985194,16.057291749957834,5,4.534670624754376,Moto,Windy,High,Metropolitian,True,0,1,0,5024.618974073813,5149.104332353665,Aumento_Velocidade,1
pedido_5073.084779369293_462,95.83018223132427,86.49118966535961,71.49118966535961,2.65755564024416,10,4.593863903830065,Scooter,Sunny,High,Metropolitian,False,0,1,1,5073.084779369293,5154.575969034652,Aumento_Velocidade,1
pedido_5050.8437243343715_449,97.49009431361574,103.61786784597697,103.61786784597697,4.157253311516674,5,4.678941984098192,Van,Sunny,High,Metropolitian,False,0,1,1,5050.8437243343715,5159.461592180349,Nenhuma,1
pedido_4994.766495045845_419,163.10702926103826,162.36086001453629,162.36086001453629,14.076674633907858,5,4.1940178110482345,Moto,Sandstorms,Low,Metropolitian,False,0,0,0,4994.766495045845,5162.127355060381,Nenhuma,0
pedido_5043.871790260791_443,132.11607334148687,119.16870869013763,104.16870869013763,9.213729577185857,15,4.703649372390786,Scooter,Stormy,Medium,Urban,True,0,0,0,5043.871790260791,5163.040498950929,Rota_Reduzida,1
pedido_5051.910906549754_450,130.29316619952073,122.81585109638445,107.81585109638445,1.3308459422918695,5,4.81901854049568,Moto,Windy,High,Metropolitian,True,0,1,0,5051.910906549754,5164.726757646138,Aumento_Velocidade,1
pedido_5040.471379937775_441,135.4093229520381,112.46475475708553,112.46475475708553,3.845048749890147,15,4.260163354346905,Van,Windy,Low,Urban,False,0,0,0,5040.471379937775,5167.936134694861,Nenhuma,1
pedido_5080.9793769709995_463,95.54621114191794,92.08897851544262,77.08897851544262,8.706011224338297,10,4.618647340713136,Moto,Sunny,High,Metropolitian,False,0,1,1,5080.9793769709995,5168.068355486442,Aumento_Velocidade,1
pedido_5041.984237538879_442,140.20326941467613,131.59795667235218,116.59795667235218,15.057066688673293,10,4.7714261605942845,Moto,Windy,Jam,Metropolitian,True,0,1,0,5041.984237538879,5168.582194211231,Aumento_Velocidade,1
pedido_5126.909887045097_491,44.65744865603557,36.89646588413875,36.89646588413875,7.394426460019041,5,4.69304376006056,Moto,Stormy,High,Metropolitian,True,1,1,0,5126.909887045097,5168.806352929236,Nenhuma,1
pedido_5068.661154498279_461,96.19498745517116,85.53577543961465,85.53577543961465,3.618606044229753,15,4.610691924769414,Moto,Sunny,Low,Metropolitian,False,0,0,1,5068.661154498279,5169.196929937893,Nenhuma,1
pedido_5025.606311566777_431,131.9515597341283,154.36587609622674,139.36587609622674,0.0,5,4.613095523278316,Moto,Sandstorms,High,Metropolitian,False,0,1,0,5025.606311566777,5169.972187663004,Aumento_Velocidade,0
pedido_5057.716431825462_453,131.2320773752179,124.44221783163059,109.44221783163059,2.218320884291795,5,4.7223771626151825,Scooter,Windy,High,Metropolitian,False,0,1,0,5057.716431825462,5172.158649657093,Aumento_Velocidade,1
pedido_5047.754039372467_446,134.33045026072563,134.9282451954991,119.9282451954991,13.198329607430237,5,4.674433963488058,Scooter,Windy,Medium,Metropolitian,False,0,0,0,5047.754039372467,5172.682284567965,Rota_Reduzida,1
pedido_5062.553610865136_458,130.3228223294581,120.63178500777548,105.63178500777548,9.967175587496794,5,4.663896885650898,Moto,Stormy,High,Metropolitian,False,0,1,0,5062.553610865136,5173.185395872912,Aumento_Velocidade,1
pedido_5054.262215754879_451,145.10180668824276,129.39367395622162,114.39367395622162,14.373709196663627,5,5.0,Moto,Foggy,Medium,Metropolitian,False,0,0,0,5054.262215754879,5173.655889711101,Rota_Reduzida,1
pedido_5084.891718997697_466,100.75863504844659,90.22472488403358,75.22472488403358,4.044472070343609,15,4.661545193093433,Scooter,Sunny,Jam,Metropolitian,True,0,1,1,5084.891718997697,5175.116443881731,Aumento_Velocidade,1
pedido_4986.508500967508_412,187.13481435528243,173.99878052194936,173.99878052194936,11.227880827573667,15,4.301669741346508,Van,Stormy,High,Metropolitian,False,0,1,0,4986.508500967508,5175.5072814894575,Nenhuma,0
pedido_5006.278078412087_424,191.61713970592018,171.42268046661792,156.42268046661792,6.888344146333815,15,4.398685926855668,Scooter,Sunny,High,Metropolitian,True,0,1,1,5006.278078412087,5177.700758878705,Aumento_Velocidade,0
pedido_5113.778242615676_478,96.666394607737,64.39061830366546,49.39061830366546,4.605384459161469,15,4.514147431304133,Moto,Sunny,Medium,Metropolitian,False,0,0,1,5113.778242615676,5178.168860919342,Rota_Reduzida,1
pedido_5060.765292368684_456,132.5890508583103,123.44790703567415,108.44790703567415,15.833260598025335,10,4.612109297132147,Scooter,Windy,High,Metropolitian,False,0,1,0,5060.765292368684,5179.2131994043575,Aumento_Velocidade,1
pedido_5039.168059174939_440,177.0439595111867,146.06120285011107,131.06120285011107,2.16857658489623,10,4.436930401492914,Moto,Foggy,High,Metropolitian,False,0,1,0,5039.168059174939,5180.22926202505,Aumento_Velocidade,0
pedido_5090.688052631914_469,103.25719614272063,85.19211593543089,85.19211593543089,14.191245370476606,5,4.856080164079634,Moto,Sandstorms,Low,Metropolitian,True,0,0,0,5090.688052631914,5180.880168567344,Nenhuma,1
pedido_5062.469531243608_457,128.5420439003665,128.97939193378147,113.97939193378147,2.6002968098092842,5,4.644222164127047,Moto,Stormy,High,Metropolitian,False,0,1,0,5062.469531243608,5181.44892317739,Aumento_Velocidade,1
pedido_5025.167496398635_429,174.84242363790335,168.9505237025117,153.9505237025117,7.708660697478937,5,4.420340480944279,Moto,Stormy,High,Urban,False,0,1,0,5025.167496398635,5184.118020101147,Aumento_Velocidade,0
pedido_5059.452788875525_454,137.19326460182893,125.62248025408914,110.62248025408914,10.035390253987334,15,4.852295642570564,Scooter,Foggy,Medium,Urban,True,0,0,0,5059.452788875525,5185.075269129614,Rota_Reduzida,1
pedido_5060.074110629755_455,131.19275837410942,125.82754793218376,110.82754793218376,14.6079435672255,15,4.944668514993964,Scooter,Stormy,High,Metropolitian,True,0,1,0,5060.074110629755,5185.901658561938,Aumento_Velocidade,1
pedido_5089.355428899243_467,132.61895272995193,103.14545467311441,88.14545467311441,0.5990783608561205,10,4.800467657116922,Moto,Sandstorms,High,Urban,False,0,1,0,5089.355428899243,5187.500883572357,Aumento_Velocidade,1
pedido_5094.289404999788_472,103.62956677230113,84.2872491865931,84.2872491865931,17.265383230052233,10,4.901660997289309,Moto,Windy,Low,Metropolitian,False,0,0,0,5094.289404999788,5188.57665418638,Nenhuma,1
pedido_5057.482362645273_452,132.6161307299686,138.09164728096926,123.09164728096926,11.703661441879632,10,4.611118138070642,Moto,Windy,High,Metropolitian,False,0,1,0,5057.482362645273,5190.574009926242,Aumento_Velocidade,0
pedido_5084.301248710482_464,135.7975343682578,116.89719910980396,101.89719910980396,14.998369740159047,5,4.825761945871678,Scooter,Windy,High,Metropolitian,True,0,1,0,5084.301248710482,5191.198447820286,Aumento_Velocidade,1
pedido_5031.529395024748_433,173.24451264843148,161.29392641500513,146.29392641500513,2.440234913551597,15,4.402002823530622,Scooter,Sandstorms,Jam,Metropolitian,True,0,1,0,5031.529395024748,5192.823321439753,Aumento_Velocidade,0
pedido_5062.675524203302_459,132.00271944808503,140.2426698978478,125.2426698978478,1.6413195337724389,5,4.637211082828025,Moto,Sandstorms,High,Metropolitian,False,0,1,0,5062.675524203302,5192.91819410115,Aumento_Velocidade,0
pedido_5090.633006222199_468,129.816823247367,108.04915529356349,93.04915529356349,8.893651032426721,10,4.737421530199204,Moto,Stormy,High,Metropolitian,False,0,1,0,5090.633006222199,5193.682161515762,Aumento_Velocidade,1
pedido_5166.645300982872_529,45.18799233616639,26.106255189233238,26.106255189233238,21.950727446186356,10,4.530960174610694,Van,Sunny,Low,Metropolitian,False,1,0,1,5166.645300982872,5202.751556172105,Nenhuma,1
pedido_5033.397205749671_436,202.3427839434352,176.74953141818312,161.74953141818312,15.666005119250329,10,4.29182212370413,Moto,Foggy,Jam,Metropolitian,False,0,1,0,5033.397205749671,5205.146737167855,Aumento_Velocidade,0
pedido_5126.031181730445_490,99.51876533257081,86.70305114137777,71.70305114137777,5.984541658943489,10,4.650366293716994,Moto,Sunny,Jam,Urban,False,0,1,1,5126.031181730445,5207.734232871822,Aumento_Velocidade,1
pedido_5104.984865284996_476,135.6361929006826,108.37207183614478,93.37207183614478,5.768561626620618,10,4.7102219522414055,Scooter,Stormy,Medium,Metropolitian,False,0,0,0,5104.984865284996,5208.356937121141,Rota_Reduzida,1
pedido_5096.331319269315_473,123.972845954399,115.53131392683031,100.53131392683031,4.416944002006959,15,4.475700415569725,Scooter,Stormy,Jam,Metropolitian,False,0,1,0,5096.331319269315,5211.862633196145,Aumento_Velocidade,1
pedido_5126.911540878086_492,135.4798309176438,98.46325372212709,83.46325372212709,14.238525831266095,10,5.0,Moto,Stormy,Medium,Metropolitian,False,0,0,0,5126.911540878086,5220.374794600213,Rota_Reduzida,1
pedido_5178.588305219099_543,44.21981731259577,30.62599322597876,30.62599322597876,15.587009819159857,15,4.922887765590378,Moto,Stormy,High,Metropolitian,False,1,1,0,5178.588305219099,5224.214298445078,Nenhuma,1
pedido_5093.174943520703_471,144.3193226154171,131.55099382413974,116.55099382413974,17.924338559946094,15,4.681785370715384,Scooter,Foggy,Medium,Metropolitian,False,0,0,0,5093.174943520703,5224.725937344842,Rota_Reduzida,1
pedido_5124.091430750402_488,129.59732596432724,111.8330021488922,96.8330021488922,9.935402308490467,5,4.821631748014816,Moto,Stormy,High,Metropolitian,False,0,1,0,5124.091430750402,5225.924432899294,Aumento_Velocidade,1
pedido_5100.789840345018_474,135.5747097034046,125.24385700433311,110.24385700433311,19.048897218169827,15,4.759344565050039,Moto,Windy,Medium,Urban,False,0,0,0,5100.789840345018,5226.033697349351,Rota_Reduzida,1
pedido_5111.6726534720065_477,134.9261934771926,115.4339893360764,100.4339893360764,4.472658613767595,15,5.0,Moto,Sandstorms,Medium,Urban,False,0,0,0,5111.6726534720065,5227.106642808083,Rota_Reduzida,1
pedido_5123.158391130446_487,104.16872305286684,99.03642446302004,99.03642446302004,19.865270497686208,5,4.6195653463375335,Van,Sunny,Medium,Metropolitian,False,0,0,1,5123.158391130446,5227.194815593466,Nenhuma,1
pedido_5114.815942676901_479,105.6641059035038,109.34253893317927,109.34253893317927,10.88360802379875,5,4.569401261864251,Scooter,Stormy,Low,Metropolitian,True,0,0,0,5114.815942676901,5229.15848161008,Nenhuma,1
pedido_5145.707153224315_508,101.2523330807588,68.77631941162947,68.77631941162947,8.027478091428264,15,4.846514389338255,Scooter,Stormy,Low,Urban,False,0,0,0,5145.707153224315,5229.483472635945,Nenhuma,1
pedido_5157.018962690842_515,103.17170697001423,73.15240425786732,58.15240425786732,9.227320472862875,15,4.512225596410235,Scooter,Sunny,High,Urban,False,0,1,1,5157.018962690842,5230.17136694871,Aumento_Velocidade,1
pedido_5116.051747433242_481,134.22747445221634,115.47273027286519,100.47273027286519,12.186103586638815,15,4.555954720426057,Scooter,Stormy,Jam,Urban,False,0,1,0,5116.051747433242,5231.524477706107,Aumento_Velocidade,1
pedido_5116.755675304457_482,130.85951845746234,115.57153758260091,100.57153758260091,2.734035981058499,15,4.557717828022594,Moto,Windy,High,Metropolitian,False,0,1,0,5116.755675304457,5232.3272128870585,Aumento_Velocidade,1
pedido_5101.06125356831_475,131.64846086956666,141.3108764530075,126.3108764530075,1.5802816390288466,5,4.4778853975478645,Moto,Foggy,High,Metropolitian,True,0,1,0,5101.06125356831,5232.372130021318,Aumento_Velocidade,0
pedido_5122.610685586142_486,131.0018788877529,121.27783929855309,106.27783929855309,11.783451814739362,5,4.626881279854603,Moto,Stormy,High,Urban,False,0,1,0,5122.610685586142,5233.888524884695,Aumento_Velocidade,1
pedido_5121.020420773621_483,140.19943154947018,115.36658122878538,100.36658122878538,15.819436365183524,15,4.889712771633858,Moto,Foggy,High,Metropolitian,False,0,1,0,5121.020420773621,5236.387002002406,Aumento_Velocidade,1
pedido_5139.823613341965_500,102.58673770130301,98.35820127156695,83.35820127156695,15.036672365106504,15,4.713918298525628,Scooter,Sunny,Medium,Urban,False,0,0,1,5139.823613341965,5238.181814613532,Rota_Reduzida,1
pedido_5141.2635158046505_502,105.19975107848433,97.46118054252952,82.46118054252952,14.104163029410786,15,4.59104038491221,Moto,Sunny,High,Metropolitian,True,0,1,1,5141.2635158046505,5238.72469634718,Aumento_Velocidade,1
pedido_5159.543161932874_518,94.49594367259826,88.18917801368914,73.18917801368914,6.400707183878515,10,4.758155374973294,Moto,Sunny,High,Metropolitian,False,0,1,1,5159.543161932874,5242.732339946563,Aumento_Velocidade,1
pedido_5084.488135164005_465,178.87269681851126,159.12249959424872,144.12249959424872,17.188429944064637,15,4.216447883032575,Scooter,Sunny,High,Metropolitian,True,0,1,1,5084.488135164005,5243.610634758254,Aumento_Velocidade,0
pedido_5115.600702227818_480,130.22115973519726,113.07040244932045,113.07040244932045,14.858871655106105,15,4.778684996291424,Van,Stormy,High,Metropolitian,True,0,1,0,5115.600702227818,5243.671104677139,Nenhuma,1
pedido_5133.683935361677_493,134.05618403169638,115.78777690721492,100.78777690721492,4.932169987575304,10,4.766245835104718,Scooter,Foggy,High,Metropolitian,False,0,1,0,5133.683935361677,5244.471712268892,Aumento_Velocidade,1
pedido_5158.499416471529_517,97.73645979857947,97.14126725709855,82.14126725709855,4.905047711079834,5,4.806642310663772,Moto,Sunny,High,Urban,False,0,1,1,5158.499416471529,5245.640683728628,Aumento_Velocidade,1
pedido_5142.16610157169_505,101.35372819088701,114.91915981027887,99.91915981027887,9.891649188239896,5,4.80780134070903,Moto,Sunny,High,Metropolitian,False,0,1,1,5142.16610157169,5247.085261381969,Aumento_Velocidade,1
pedido_5152.576560110099_510,112.20309868165614,101.43492488599402,86.43492488599402,14.774551216654817,10,4.583030359951415,Moto,Sunny,Jam,Metropolitian,True,0,1,1,5152.576560110099,5249.011484996094,Aumento_Velocidade,1
pedido_5219.560793923399_575,46.36990797164772,26.01422071489563,26.01422071489563,13.026924429927655,5,5.0,Van,Stormy,Medium,Metropolitian,False,1,0,0,5219.560793923399,5250.575014638294,Nenhuma,1
pedido_5161.364283885397_520,99.27905819169862,96.14031596903644,81.14031596903644,6.464487307288209,10,4.795978044150471,Moto,Sunny,Jam,Urban,False,0,1,1,5161.364283885397,5252.504599854433,Aumento_Velocidade,1
pedido_5142.644707959195_506,133.79004859782617,117.35428193139981,102.35428193139981,11.384630213775075,10,4.607665662438637,Moto,Sandstorms,High,Urban,False,0,1,0,5142.644707959195,5254.998989890595,Aumento_Velocidade,1
pedido_5165.585815379502_525,132.26718347614715,92.0284421468656,77.0284421468656,17.49029071141343,15,4.476705360200481,Moto,Stormy,High,Metropolitian,True,0,1,0,5165.585815379502,5257.6142575263675,Aumento_Velocidade,1
pedido_5182.3173781192945_546,100.00171326255364,80.67390840948362,65.67390840948362,4.870385898419361,10,4.715097959666965,Moto,Sunny,High,Metropolitian,True,0,1,1,5182.3173781192945,5257.991286528778,Aumento_Velocidade,1
pedido_5134.097760593475_494,127.60344218924585,125.15063767377032,110.15063767377032,4.494934131735008,15,4.84332625212961,Scooter,Foggy,Medium,Metropolitian,False,0,0,0,5134.097760593475,5259.248398267246,Rota_Reduzida,1
pedido_5141.657049795126_503,129.53355183756187,118.2232867926916,103.2232867926916,2.312151449619757,15,4.948890438736158,Scooter,Stormy,High,Urban,True,0,1,0,5141.657049795126,5259.8803365878175,Aumento_Velocidade,1
pedido_5140.110533656442_501,133.49846318068467,126.16601866596667,111.16601866596667,15.758307267662602,10,4.905866655010763,Moto,Windy,High,Urban,False,0,1,0,5140.110533656442,5261.276552322409,Aumento_Velocidade,1
pedido_5138.661793843591_498,134.5142525570483,123.80163937393147,108.80163937393147,4.080082324869627,15,4.763015738970348,Moto,Foggy,High,Metropolitian,False,0,1,0,5138.661793843591,5262.463433217523,Aumento_Velocidade,1
pedido_5137.426916819929_497,141.67887272572975,136.38949614045862,121.38949614045862,16.171744186638684,5,4.951422680473805,Moto,Foggy,High,Urban,False,0,1,0,5137.426916819929,5263.816412960387,Aumento_Velocidade,0
pedido_5141.848447313379_504,133.54052809759443,121.97449185124452,106.97449185124452,7.837900198514073,15,4.686633632603517,Moto,Foggy,High,Urban,False,0,1,0,5141.848447313379,5263.822939164624,Aumento_Velocidade,1
pedido_5213.1046328986495_570,44.41189771666574,37.18365730248463,37.18365730248463,7.891327187505722,15,4.711612382921608,Moto,Stormy,High,Metropolitian,False,1,1,0,5213.1046328986495,5265.288290201134,Nenhuma,1
pedido_5175.62853781887_541,109.29133288707492,89.73685499454703,74.73685499454703,16.6660709565347,15,4.655741754050581,Moto,Sunny,Medium,Metropolitian,True,0,0,1,5175.62853781887,5265.365392813417,Rota_Reduzida,1
pedido_5135.716532184822_495,149.3693821199547,140.159416840468,125.159416840468,13.240030601796187,5,4.725275985120611,Moto,Foggy,Jam,Metropolitian,False,0,1,0,5135.716532184822,5265.8759490252905,Aumento_Velocidade,0
pedido_5121.4146550606065_484,153.87562508115536,155.2149267212448,140.2149267212448,13.374023130438855,5,4.504041388359296,Scooter,Foggy,Jam,Metropolitian,False,0,1,0,5121.4146550606065,5266.629581781851,Aumento_Velocidade,0
pedido_5136.412960922313_496,142.399854513784,137.30283419427747,122.30283419427747,15.344998222702685,10,4.590812262207645,Scooter,Foggy,Medium,Urban,False,0,0,0,5136.412960922313,5268.71579511659,Rota_Reduzida,0
pedido_5122.005540891776_485,141.13093199804703,152.55499065806387,137.55499065806387,14.501508626942371,10,4.491779729340401,Moto,Windy,Jam,Metropolitian,True,0,1,0,5122.005540891776,5269.56053154984,Aumento_Velocidade,0
pedido_5180.1903553208285_544,95.26239116359118,91.3049813363142,76.3049813363142,2.984910415939308,15,4.729599490181046,Scooter,Sunny,High,Metropolitian,False,0,1,1,5180.1903553208285,5271.495336657143,Aumento_Velocidade,1
pedido_5193.425572656955_555,95.5788166304276,83.50719529634108,68.50719529634108,6.565122082751263,10,4.557808077994528,Moto,Sunny,High,Urban,False,0,1,1,5193.425572656955,5271.932767953296,Aumento_Velocidade,1
pedido_5158.4671975154915_516,134.8892163978526,124.29819854832155,109.29819854832155,14.687352148939668,5,4.693644573980977,Moto,Windy,Jam,Metropolitian,False,0,1,0,5158.4671975154915,5272.765396063813,Aumento_Velocidade,1
pedido_5155.16019194462_514,132.2070388870399,127.79420119851491,112.79420119851491,7.389714415183397,5,4.737887500124736,Moto,Windy,High,Urban,False,0,1,0,5155.16019194462,5272.954393143135,Aumento_Velocidade,1
pedido_5164.614117006064_524,128.38371726589193,108.65251838145478,93.65251838145478,3.063623333467607,15,4.728637051552958,Scooter,Stormy,High,Metropolitian,True,0,1,0,5164.614117006064,5273.266635387518,Aumento_Velocidade,1
pedido_5153.367331599904_511,128.38993636279594,131.16539077561083,116.16539077561083,5.8416646609082,5,4.627044818168642,Scooter,Windy,Jam,Metropolitian,False,0,1,0,5153.367331599904,5274.532722375515,Aumento_Velocidade,1
pedido_5172.457321256477_537,134.75456966814028,113.08884922727344,98.08884922727344,17.391717793851697,5,4.682842135559741,Scooter,Sandstorms,High,Metropolitian,False,0,1,0,5172.457321256477,5275.546170483751,Aumento_Velocidade,1
pedido_5169.876682328008_531,127.33182687957513,105.97923385016716,90.97923385016716,5.3060558056065465,15,4.895231729283564,Scooter,Windy,Jam,Urban,False,0,1,0,5169.876682328008,5275.855916178176,Aumento_Velocidade,1
pedido_5152.223874419041_509,136.0873153819284,130.8403920755565,115.84039207555651,16.800709771630004,10,4.506763935881278,Moto,Sandstorms,High,Metropolitian,False,0,1,0,5152.223874419041,5278.064266494597,Aumento_Velocidade,1
pedido_5167.425631456158_530,132.43260634307043,110.94910762755076,95.94910762755076,2.190434949584679,15,4.666262598552324,Scooter,Foggy,High,Urban,True,0,1,0,5167.425631456158,5278.374739083709,Aumento_Velocidade,1
pedido_5176.902821781281_542,132.46286757874685,111.47679204745755,96.47679204745755,10.398608346566881,5,4.930517055837299,Scooter,Foggy,Medium,Other,True,0,0,0,5176.902821781281,5278.379613828739,Rota_Reduzida,1
pedido_5142.900002529574_507,143.5283257557421,135.53487028601643,120.53487028601643,15.11434051167811,15,4.681771949695552,Moto,Foggy,Medium,Metropolitian,True,0,0,0,5142.900002529574,5278.43487281559,Rota_Reduzida,0
pedido_5160.603179324216_519,127.45512275384834,128.29589229549387,113.29589229549387,4.471490140240771,5,5.0,Scooter,Stormy,Jam,Metropolitian,False,0,1,0,5160.603179324216,5278.89907161971,Aumento_Velocidade,1
pedido_5154.211321890857_513,134.5611617538637,129.96083181196758,114.96083181196758,3.7049229765066887,10,5.0,Moto,Sandstorms,High,Metropolitian,True,0,1,0,5154.211321890857,5279.172153702824,Aumento_Velocidade,1
pedido_5162.989904865262_522,131.51674031147215,117.0493075479219,102.0493075479219,0.0,15,4.633452975698362,Moto,Windy,High,Metropolitian,False,0,1,0,5162.989904865262,5280.039212413184,Aumento_Velocidade,1
pedido_5171.021987344042_535,137.37960303874803,109.32350863503224,94.32350863503224,14.649503380632181,15,4.917429545022367,Scooter,Stormy,Jam,Metropolitian,True,0,1,0,5171.021987344042,5280.345495979074,Aumento_Velocidade,1
pedido_5173.118414687566_538,134.68446683212727,102.52623275260382,102.52623275260382,14.188049082519642,5,4.620134408497476,Van,Sandstorms,High,Metropolitian,False,0,1,0,5173.118414687566,5280.644647440169,Nenhuma,1
pedido_5125.03510526226_489,187.3226113434092,162.74477174804127,147.74477174804127,15.66971701536155,10,4.444308160097079,Scooter,Stormy,High,Metropolitian,False,0,1,0,5125.03510526226,5282.779877010301,Aumento_Velocidade,0
pedido_5195.591860850812_559,100.08347468573285,93.97618923440747,78.97618923440747,0.0,10,4.546400992891865,Moto,Sunny,High,Metropolitian,False,0,1,1,5195.591860850812,5284.5680500852195,Aumento_Velocidade,1
pedido_5166.541572876866_527,135.69932021909986,119.12222028645903,104.12222028645903,10.432456412709993,15,4.705386152531589,Scooter,Stormy,Medium,Metropolitian,False,0,0,0,5166.541572876866,5285.663793163325,Rota_Reduzida,1
pedido_5174.254066932246_540,136.38915102731787,117.36993637284192,102.36993637284192,11.392064917754022,10,4.999423962229016,Scooter,Windy,High,Metropolitian,False,0,1,0,5174.254066932246,5286.624003305088,Aumento_Velocidade,1
pedido_5154.170629809089_512,128.5701615747001,142.9809112780785,127.98091127807851,6.465710371450979,5,4.798100085014969,Moto,Stormy,High,Metropolitian,False,0,1,0,5154.170629809089,5287.151541087168,Aumento_Velocidade,0
pedido_5182.30947009483_545,122.44153830325249,111.93273187094367,91.93273187094367,4.68020592115088,15,4.462308168760821,Moto,Sandstorms,High,Other,False,0,1,0,5182.30947009483,5289.242201965774,Rota_Reduzida,1
pedido_5165.94554043695_526,133.53426031245093,133.66449024045582,118.66449024045582,10.656461912590544,5,4.767290515468261,Moto,Sandstorms,High,Urban,True,0,1,0,5165.94554043695,5289.610030677406,Aumento_Velocidade,1
pedido_5190.66547734237_552,123.41220357396854,105.15058996888654,85.15058996888654,7.310680852376694,15,4.649024681565933,Scooter,Foggy,High,Other,False,0,1,0,5190.66547734237,5290.816067311256,Rota_Reduzida,1
pedido_5174.187571083651_539,130.19815261666574,108.60759138762371,108.60759138762371,7.857883555069778,10,4.608793830585226,Van,Windy,Jam,Metropolitian,False,0,1,0,5174.187571083651,5292.795162471275,Nenhuma,1
pedido_5170.678419603005_533,133.64441369650768,123.15679662084122,108.15679662084122,1.690094436072318,15,4.7914784320004,Moto,Foggy,High,Metropolitian,False,0,1,0,5170.678419603005,5293.835216223846,Aumento_Velocidade,1
pedido_5195.0443202882125_558,132.16322789244947,104.7363955838576,89.7363955838576,1.002590238499832,10,4.824484218914586,Moto,Stormy,Medium,Metropolitian,False,0,0,0,5195.0443202882125,5294.78071587207,Rota_Reduzida,1
pedido_5163.045170175056_523,140.3868007376531,136.8448468844887,121.8448468844887,16.604789499526177,10,4.783521352480851,Moto,Windy,Jam,Metropolitian,True,0,1,0,5163.045170175056,5294.890017059545,Aumento_Velocidade,0
pedido_5166.604889177926_528,128.5701615747001,128.7159567991835,113.71595679918349,6.649954361475787,15,4.754777961831404,Scooter,Stormy,High,Urban,False,0,1,0,5166.604889177926,5295.32084597711,Aumento_Velocidade,1
pedido_5162.212627255715_521,129.49992951897042,138.7716112961557,123.7716112961557,9.805665583754251,10,4.835667224253447,Moto,Foggy,Jam,Metropolitian,False,0,1,0,5162.212627255715,5295.984238551871,Aumento_Velocidade,0
pedido_5193.896690871953_557,100.32975233547643,89.13444135210291,89.13444135210291,3.3492175897082688,15,4.570184804201724,Scooter,Foggy,Low,Metropolitian,True,0,0,0,5193.896690871953,5298.031132224056,Nenhuma,1
pedido_5138.727544139304_499,176.14031909273046,165.07758386700996,150.07758386700996,4.22203951584403,10,4.245524966519771,Moto,Sandstorms,High,Urban,False,0,1,0,5138.727544139304,5298.805128006314,Aumento_Velocidade,0
pedido_5186.279263711663_550,129.20183095500593,113.23967359134241,98.23967359134241,5.4826657248521204,15,4.88765699427957,Moto,Windy,High,Metropolitian,False,0,1,0,5186.279263711663,5299.518937303005,Aumento_Velocidade,1
pedido_5193.485893329306_556,101.62922382031205,101.31242353207755,101.31242353207755,5.386929229182342,5,4.507398771815684,Moto,Stormy,Low,Metropolitian,False,0,0,0,5193.485893329306,5299.798316861384,Nenhuma,1
pedido_5172.397983113675_536,135.89637094743486,137.46779924718476,122.46779924718476,5.8397719966332575,5,4.663464035475163,Moto,Sandstorms,Medium,Metropolitian,False,0,0,0,5172.397983113675,5299.865782360859,Rota_Reduzida,0
pedido_5184.36055460071_549,133.41595329693868,121.52062863939071,106.52062863939071,11.416036763083488,10,4.792145190127621,Moto,Windy,High,Metropolitian,False,0,1,0,5184.36055460071,5300.881183240101,Aumento_Velocidade,1
pedido_5170.195127926625_532,149.2384062533612,143.5923637274477,128.5923637274477,16.64662019660273,5,4.715415181381099,Scooter,Foggy,Jam,Metropolitian,False,0,1,0,5170.195127926625,5303.787491654072,Aumento_Velocidade,0
pedido_5190.753668018054_553,127.53162732466447,118.43273740845822,103.43273740845822,7.109735293221768,10,4.747046925355175,Scooter,Sandstorms,Jam,Metropolitian,False,0,1,0,5190.753668018054,5304.186405426512,Aumento_Velocidade,1
pedido_5184.153466818579_548,137.33982681095208,122.7266339312794,107.7266339312794,16.75700768683075,15,4.7671316834372925,Scooter,Sandstorms,Medium,Metropolitian,True,0,0,0,5184.153466818579,5306.880100749858,Rota_Reduzida,1
pedido_5235.341382827114_587,99.3974574175129,72.27193901612237,57.271939016122374,6.660753791790187,15,4.684910033013993,Moto,Sunny,Jam,Metropolitian,False,0,1,1,5235.341382827114,5307.613321843237,Aumento_Velocidade,1
pedido_5170.762726715431_534,133.345107750683,143.789486922768,128.789486922768,15.636618937640486,10,4.622183146531539,Moto,Stormy,Medium,Metropolitian,False,0,0,0,5170.762726715431,5309.552213638199,Rota_Reduzida,0
pedido_5184.033562864258_547,130.85957355042035,126.16123341973278,111.16123341973278,8.088310388129266,15,4.7660824268094775,Moto,Foggy,Jam,Metropolitian,False,0,1,0,5184.033562864258,5310.19479628399,Aumento_Velocidade,1
pedido_5264.674888873729_614,64.74919231166838,56.16678649031634,41.16678649031634,1.8139322390529005,5,4.427619388931999,Moto,Stormy,High,Metropolitian,False,1,1,0,5264.674888873729,5310.841675364046,Aumento_Velocidade,1
pedido_5274.865462338123_623,45.72508451699484,26.065217881302146,26.065217881302146,16.970618185628098,10,4.7949681872735095,Scooter,Stormy,High,Metropolitian,True,1,1,0,5274.865462338123,5310.930680219425,Nenhuma,1
pedido_5234.755664827242_586,111.15684782682273,81.97616009206257,66.97616009206257,13.438220199099023,10,4.567338897460202,Moto,Sunny,Jam,Metropolitian,False,0,1,1,5234.755664827242,5311.731824919305,Aumento_Velocidade,1
pedido_5209.713026679291_568,129.20526932100512,107.81163976446824,92.81163976446824,0.0,10,4.464636138244792,Moto,Windy,High,Metropolitian,True,0,1,0,5209.713026679291,5312.524666443759,Aumento_Velocidade,1
pedido_5227.87694904269_581,100.00171326255364,89.64832053457303,74.64832053457303,5.253188139008686,10,4.710966915211034,Moto,Sunny,High,Urban,True,0,1,1,5227.87694904269,5312.525269577263,Aumento_Velocidade,1
pedido_5198.69317694053_562,102.48765194097236,110.17874693900845,110.17874693900845,14.134671674231146,5,5.0,Moto,Stormy,Low,Metropolitian,False,0,0,0,5198.69317694053,5313.871923879538,Nenhuma,1
pedido_5192.6770528260895_554,128.1514454261406,111.82665967458405,111.82665967458405,5.719641428535128,10,4.797848882490497,Van,Foggy,Medium,Metropolitian,False,0,0,0,5192.6770528260895,5314.503712500674,Nenhuma,1
pedido_5200.6089188698_564,131.51674031147215,125.01799358519412,110.01799358519412,0.0,5,4.64394622682555,Scooter,Windy,High,Metropolitian,False,0,1,0,5200.6089188698,5315.6269124549935,Aumento_Velocidade,1
pedido_5219.526140481309_574,101.84043561517271,102.38603614697675,87.38603614697675,15.547214972764685,10,4.792400730565195,Scooter,Sunny,High,Metropolitian,False,0,1,1,5219.526140481309,5316.912176628286,Aumento_Velocidade,1
pedido_5238.573646549307_591,101.34890079123261,90.83535157079595,75.83535157079595,5.336104115316256,5,4.952889021354998,Scooter,Sunny,Jam,Urban,False,0,1,1,5238.573646549307,5319.408998120103,Aumento_Velocidade,1
pedido_5224.258510262467_578,128.68226324164496,108.16547581380972,93.16547581380972,5.936778522551139,5,4.731805033612125,Scooter,Stormy,High,Metropolitian,False,0,1,0,5224.258510262467,5322.423986076276,Aumento_Velocidade,1
pedido_5197.140100682545_560,130.3356826567849,131.8660407600076,116.86604076000759,4.81709028805291,10,4.880990369774216,Scooter,Windy,Jam,Metropolitian,True,0,1,0,5197.140100682545,5324.006141442553,Aumento_Velocidade,1
pedido_5293.674016645185_632,47.85438011325228,20.76899669280789,20.76899669280789,14.028373278596984,10,4.47317534278795,Moto,Sandstorms,Jam,Metropolitian,True,1,1,0,5293.674016645185,5324.443013337993,Nenhuma,1
pedido_5214.330742362713_571,133.7629571977518,121.0036394193362,106.0036394193362,17.84031452341795,5,4.542149514061193,Scooter,Windy,High,Metropolitian,False,0,1,0,5214.330742362713,5325.33438178205,Aumento_Velocidade,1
pedido_5209.324347959815_567,134.5142525570483,121.92088708276344,106.92088708276344,4.239594136581886,10,4.845776657775673,Scooter,Foggy,High,Metropolitian,False,0,1,0,5209.324347959815,5326.245235042578,Aumento_Velocidade,1
pedido_5204.960762445177_565,134.0793123492507,131.36665434767718,116.36665434767718,10.347015576603074,5,5.0,Moto,Stormy,High,Metropolitian,True,0,1,0,5204.960762445177,5326.327416792855,Aumento_Velocidade,1
pedido_5231.5361082494865_582,134.3751210934883,109.67329083018085,94.67329083018085,0.0,5,4.683710571251319,Moto,Foggy,High,Metropolitian,False,0,1,0,5231.5361082494865,5331.2093990796675,Aumento_Velocidade,1
pedido_5186.577861501298_551,136.37617664587154,149.68770912754812,134.68770912754812,14.695898910139162,10,4.851660208467274,Moto,Windy,High,Metropolitian,True,0,1,0,5186.577861501298,5331.265570628846,Aumento_Velocidade,0
pedido_5208.968323922616_566,125.66180564290056,128.84838348293317,113.84838348293317,4.315289415194396,10,4.741064273595589,Moto,Sandstorms,Jam,Urban,True,0,1,0,5208.968323922616,5332.816707405549,Aumento_Velocidade,1
pedido_5250.983456721448_601,98.37441375212673,92.0834749909764,77.0834749909764,5.077185160727161,5,4.600477298456702,Scooter,Sunny,Medium,Urban,True,0,0,1,5250.983456721448,5333.066931712425,Rota_Reduzida,1
pedido_5227.655325923003_580,97.59779765280932,100.45981780707369,100.45981780707369,0.0,5,4.590267227631909,Moto,Foggy,Low,Urban,True,0,0,0,5227.655325923003,5333.115143730077,Nenhuma,1
pedido_5223.776496860795_577,130.11106812481032,111.08593800516948,96.08593800516948,2.160989875385158,15,4.828939577893708,Moto,Sandstorms,High,Metropolitian,True,0,1,0,5223.776496860795,5334.862434865965,Aumento_Velocidade,1
pedido_5211.579483252649_569,133.12374154855567,128.50749419020497,113.50749419020497,16.448077640257623,10,4.592779479181898,Moto,Stormy,Jam,Metropolitian,False,0,1,0,5211.579483252649,5335.086977442854,Aumento_Velocidade,1
pedido_5236.094516175711_589,96.45092969835939,110.03286772377632,95.03286772377632,9.76324217244429,5,4.591106074839884,Scooter,Sunny,High,Metropolitian,False,0,1,1,5236.094516175711,5336.1273838994875,Aumento_Velocidade,1
pedido_5265.641452908166_615,101.66934876013009,75.35764612668078,60.35764612668078,13.48335153033263,15,4.659124150030319,Scooter,Sunny,High,Metropolitian,False,0,1,1,5265.641452908166,5340.999099034847,Aumento_Velocidade,1
pedido_5232.177549239632_585,134.3572283787156,109.99683009679424,94.99683009679424,4.9252043667259775,15,4.513644759183043,Moto,Stormy,Medium,Urban,False,0,0,0,5232.177549239632,5342.174379336426,Rota_Reduzida,1
pedido_5224.413007550424_579,122.83126294404491,118.2995905552674,118.2995905552674,2.422533614447771,5,4.477299941820588,Van,Sandstorms,High,Other,False,0,1,0,5224.413007550424,5347.712598105691,Nenhuma,1
pedido_5223.537421175061_576,130.3150239244158,129.26556807739274,114.26556807739274,5.69949412456909,10,4.553622650745047,Moto,Foggy,Jam,Metropolitian,False,0,1,0,5223.537421175061,5347.802989252454,Aumento_Velocidade,1
pedido_5251.083759011384_603,110.51422181690967,107.38928078737382,92.38928078737382,16.910624372013164,5,4.577149088810493,Moto,Sunny,Jam,Metropolitian,False,0,1,1,5251.083759011384,5348.473039798758,Aumento_Velocidade,1
pedido_5216.407800949153_572,133.87638909820663,143.27009550304155,128.27009550304155,16.315854593480946,5,4.535768145228951,Moto,Windy,High,Urban,True,0,1,0,5216.407800949153,5349.677896452195,Aumento_Velocidade,0
pedido_5244.295656669641_595,99.16059771634094,99.1032328088897,99.1032328088897,8.318007072265926,10,4.673840266530614,Moto,Windy,Low,Metropolitian,False,0,0,0,5244.295656669641,5353.398889478531,Nenhuma,1
pedido_5309.314139004894_647,62.85767973905149,45.77646439665897,30.776464396658973,13.46195500131695,15,4.4007309412486615,Scooter,Foggy,High,Metropolitian,False,1,1,0,5309.314139004894,5355.090603401553,Aumento_Velocidade,1
pedido_5238.566859760062_590,133.50257601495613,122.28261701905888,107.28261701905888,13.55933764756234,10,4.570269832290631,Moto,Windy,High,Urban,False,0,1,0,5238.566859760062,5355.849476779121,Aumento_Velocidade,1
pedido_5243.697194140623_593,136.37695337191965,122.9062044331124,107.9062044331124,15.074325758082061,5,4.508902796587246,Moto,Sandstorms,Medium,Metropolitian,False,0,0,0,5243.697194140623,5356.603398573735,Rota_Reduzida,1
pedido_5244.970976815172_598,134.17086296971436,118.25625518741157,103.25625518741157,11.392377380274425,10,4.996850779400628,Scooter,Stormy,High,Metropolitian,True,0,1,0,5244.970976815172,5358.227232002584,Aumento_Velocidade,1
pedido_5254.099185182256_604,126.73970209046402,112.63194229137501,97.63194229137501,7.31347308721212,10,4.995164789593281,Scooter,Foggy,Medium,Metropolitian,False,0,0,0,5254.099185182256,5361.731127473631,Rota_Reduzida,1
pedido_5200.3054399305765_563,188.72963776731996,172.22173704763975,157.22173704763975,1.2390938888911371,5,4.437720277084427,Moto,Sunny,High,Metropolitian,False,0,1,1,5200.3054399305765,5362.527176978217,Aumento_Velocidade,0
pedido_5251.054697929012_602,132.49103640531567,112.50946371128374,97.50946371128374,8.855264272074443,15,4.853056995373901,Moto,Foggy,High,Urban,False,0,1,0,5251.054697929012,5363.564161640295,Aumento_Velocidade,1
pedido_5286.450251164131_628,101.8544257070725,77.85049423773474,62.850494237734736,12.702882117303918,15,4.798342354959131,Scooter,Sunny,High,Metropolitian,False,0,1,1,5286.450251164131,5364.300745401866,Aumento_Velocidade,1
pedido_5247.083012779753_600,133.1817589023007,117.91569807306769,102.91569807306769,8.171357446061652,15,4.819276244217344,Moto,Foggy,High,Urban,False,0,1,0,5247.083012779753,5364.99871085282,Aumento_Velocidade,1
pedido_5267.086222912905_616,95.83018223132427,93.3587640396559,93.3587640396559,2.8073255360685203,5,4.5846663961295615,Van,Sunny,High,Metropolitian,False,0,1,1,5267.086222912905,5365.4449869525615,Nenhuma,1
pedido_5263.748902901945_612,99.52735105208863,107.8382573680372,92.8382573680372,5.489901508886813,10,5.0,Moto,Sunny,High,Metropolitian,False,0,1,1,5263.748902901945,5366.587160269983,Aumento_Velocidade,1
pedido_5235.639225344423_588,141.32008033116873,141.91467447977047,126.91467447977047,14.972711958342193,5,4.695418386971938,Scooter,Foggy,High,Urban,False,0,1,0,5235.639225344423,5367.553899824194,Aumento_Velocidade,0
pedido_5232.133666640893_584,134.51104555526933,136.29242985828677,121.29242985828677,16.356419480228382,15,4.814608027635279,Moto,Sandstorms,High,Metropolitian,False,0,1,0,5232.133666640893,5368.42609649918,Aumento_Velocidade,0
pedido_5231.777482673614_583,133.2366472173958,128.57158970882188,128.57158970882188,1.2693229500177,10,4.453760098153479,Van,Foggy,High,Metropolitian,False,0,1,0,5231.777482673614,5370.349072382436,Nenhuma,0
pedido_5244.155166080995_594,134.58204529738882,136.78238497840712,121.78238497840712,16.73719694120865,5,4.572276174941333,Scooter,Windy,High,Metropolitian,True,0,1,0,5244.155166080995,5370.937551059402,Aumento_Velocidade,0
pedido_5270.496779438509_618,141.90398567706964,112.34674475153818,97.34674475153818,11.474836150047503,5,4.668460596953543,Scooter,Foggy,Medium,Metropolitian,False,0,0,0,5270.496779438509,5372.843524190048,Rota_Reduzida,1
pedido_5258.174686419372_609,142.399854513784,115.09053399315945,100.09053399315945,14.632990772333727,15,4.585506320960807,Moto,Foggy,Medium,Metropolitian,False,0,0,0,5258.174686419372,5373.265220412532,Rota_Reduzida,1
pedido_5244.62960886893_597,132.54464392905672,138.85143383451424,123.85143383451424,6.2697152220506975,5,4.661198563289879,Moto,Windy,High,Urban,False,0,1,0,5244.62960886893,5373.481042703444,Aumento_Velocidade,0
pedido_5245.578347759969_599,137.14857430077927,138.25506294393625,123.25506294393625,9.897112802021066,5,4.702008618334995,Scooter,Windy,Jam,Metropolitian,False,0,1,0,5245.578347759969,5373.833410703905,Aumento_Velocidade,0
pedido_5216.837421565019_573,175.43030116636646,159.5781134486085,144.5781134486085,4.2768741500077905,15,4.3568948380194445,Moto,Stormy,High,Urban,False,0,1,0,5216.837421565019,5376.415535013628,Aumento_Velocidade,0
pedido_5254.545941408949_606,133.85802550775205,123.61507092451185,108.61507092451185,10.74061079903853,15,4.525808061196937,Moto,Windy,High,Metropolitian,False,0,1,0,5254.545941408949,5378.161012333461,Aumento_Velocidade,1
pedido_5302.638374604491_640,97.01961496543177,76.51967112297984,61.519671122979844,1.0733433487038253,15,4.972287592004439,Moto,Sunny,High,Metropolitian,False,0,1,1,5302.638374604491,5379.158045727471,Aumento_Velocidade,1
pedido_5263.476121050156_611,131.28338211859287,117.97685997439561,102.97685997439561,0.0,15,4.4802606843877655,Moto,Sandstorms,High,Metropolitian,False,0,1,0,5263.476121050156,5381.452981024551,Aumento_Velocidade,1
pedido_5304.387048783153_641,100.37514196433915,87.4321041195306,72.4321041195306,11.175273312348509,5,4.8952742945667955,Moto,Sunny,Medium,Metropolitian,False,0,0,1,5304.387048783153,5381.8191529026835,Rota_Reduzida,1
pedido_5262.066557608521_610,140.20326941467613,120.99208832943123,105.99208832943123,14.561982694220525,15,4.822694844408067,Moto,Windy,Jam,Urban,True,0,1,0,5262.066557608521,5383.058645937952,Aumento_Velocidade,1
pedido_5282.046019661934_626,130.47859419947972,113.69459761441307,98.69459761441307,16.826987832151975,5,4.514754006964337,Scooter,Stormy,High,Metropolitian,False,0,1,0,5282.046019661934,5385.740617276348,Aumento_Velocidade,1
pedido_5244.323306087357_596,135.78502402387468,147.02403515278755,132.02403515278755,22.925282697628155,10,4.9460211584885165,Moto,Windy,High,Urban,False,0,1,0,5244.323306087357,5386.3473412401445,Aumento_Velocidade,0
pedido_5270.7880458677955_619,131.63377386629992,123.824856888395,108.824856888395,7.076550384971254,10,4.654305185190504,Scooter,Sandstorms,High,Urban,False,0,1,0,5270.7880458677955,5389.61290275619,Aumento_Velocidade,1
pedido_5274.840627606267_622,128.9649817732296,126.24547365225766,111.24547365225766,4.711698985898443,5,4.548991602738063,Moto,Foggy,Jam,Metropolitian,False,0,1,0,5274.840627606267,5391.086101258525,Aumento_Velocidade,1
pedido_5286.829873649239_630,124.77338092806826,115.97113989956569,100.97113989956569,3.079203621331383,5,4.609312479317692,Scooter,Sandstorms,Jam,Metropolitian,True,0,1,0,5286.829873649239,5392.801013548805,Aumento_Velocidade,1
pedido_5273.696653393388_621,133.77483873398543,131.14698417424285,116.14698417424285,14.999884804651435,5,4.567726782637324,Moto,Stormy,Medium,Metropolitian,False,0,0,0,5273.696653393388,5394.843637567631,Rota_Reduzida,1
pedido_5257.538663676625_607,131.57676882179226,132.49015690560245,132.49015690560245,20.01818353895425,5,4.508240189224926,Van,Stormy,High,Metropolitian,False,0,1,0,5257.538663676625,5395.028820582228,Nenhuma,0
pedido_5264.630426307246_613,132.6047503066837,136.4233094540518,121.4233094540518,9.9070183098563,10,4.55862629551823,Moto,Stormy,Medium,Urban,False,0,0,0,5264.630426307246,5396.0537357612975,Rota_Reduzida,0
pedido_5281.770937666602_625,135.1510607300275,125.28257228817569,110.28257228817569,4.846062757744642,5,4.965110881534162,Moto,Stormy,Medium,Metropolitian,False,0,0,0,5281.770937666602,5397.053509954777,Rota_Reduzida,1
pedido_5321.8450265941665_653,95.54621114191794,77.31325454654107,62.313254546541074,8.569094653293039,15,4.638587547585846,Moto,Sunny,High,Metropolitian,False,0,1,1,5321.8450265941665,5399.158281140708,Aumento_Velocidade,1
pedido_5197.537336169916_561,184.5747916815294,192.13783625598197,192.13783625598197,10.500154875672786,10,4.194269039573842,Van,Windy,High,Metropolitian,False,0,1,0,5197.537336169916,5399.6751724258975,Nenhuma,0
pedido_5286.661843129306_629,131.9489033539637,113.41177905381673,98.41177905381673,7.406967432312008,15,4.833369551360456,Moto,Sandstorms,High,Urban,False,0,1,0,5286.661843129306,5400.073622183123,Aumento_Velocidade,1
pedido_5257.550654313543_608,130.85669787789487,152.89988854561122,137.89988854561122,9.37246601008889,5,4.606096460120245,Scooter,Foggy,Jam,Metropolitian,False,0,1,0,5257.550654313543,5400.450542859155,Aumento_Velocidade,0
pedido_5296.254564710421_634,133.8603358861522,109.28710316414652,94.28710316414652,5.390705120175938,10,4.732964155033666,Scooter,Foggy,High,Metropolitian,False,0,1,0,5296.254564710421,5400.541667874567,Aumento_Velocidade,1
pedido_5240.280288455933_592,177.6643518369414,170.31470717268755,155.31470717268755,16.41424378321286,5,4.433046592875854,Moto,Sunny,High,Metropolitian,False,0,1,1,5240.280288455933,5400.59499562862,Aumento_Velocidade,0
pedido_5302.595600080826_639,130.992527115471,99.54936430015161,84.54936430015161,1.8429690647893562,15,4.610107531438014,Scooter,Windy,High,Metropolitian,False,0,1,0,5302.595600080826,5402.144964380978,Aumento_Velocidade,1
pedido_5284.31580579603_627,135.68232385306356,117.95681192191611,102.95681192191611,4.768136321491998,15,4.698985190022698,Scooter,Stormy,Medium,Metropolitian,False,0,0,0,5284.31580579603,5402.272617717946,Rota_Reduzida,1
pedido_5269.656814728194_617,136.97768638887428,142.66133340398522,127.66133340398522,7.149954373793749,5,4.9947082595624215,Scooter,Windy,Medium,Metropolitian,False,0,0,0,5269.656814728194,5402.318148132179,Rota_Reduzida,0
pedido_5326.29558606959_655,103.97624879793109,87.48081718040538,72.48081718040538,20.060490944388544,10,4.513689350200591,Scooter,Sunny,Medium,Urban,False,0,0,1,5326.29558606959,5408.776403249995,Rota_Reduzida,1
pedido_5277.354100727459_624,127.87764088294615,135.84168087242017,120.84168087242017,9.67932538842782,15,4.620502148753204,Moto,Stormy,High,Urban,True,0,1,0,5277.354100727459,5413.195781599879,Aumento_Velocidade,0
pedido_5291.796201154261_631,137.1488585172847,131.96861663130525,116.96861663130525,13.419874560345923,5,4.828407255055633,Moto,Windy,Jam,Metropolitian,False,0,1,0,5291.796201154261,5413.764817785566,Aumento_Velocidade,1
pedido_5294.525805060443_633,149.2246576811014,125.70946831819973,110.70946831819973,14.49716728898778,15,4.8195689673253,Scooter,Foggy,Jam,Urban,False,0,1,0,5294.525805060443,5420.235273378643,Aumento_Velocidade,1
pedido_5298.694272213859_636,132.19334455705842,121.72488211345234,106.72488211345234,10.126872221414608,15,4.543767995288816,Scooter,Sandstorms,High,Metropolitian,False,0,1,0,5298.694272213859,5420.419154327312,Aumento_Velocidade,1
pedido_5272.41187047322_620,174.29385916376413,150.2938785504095,135.2938785504095,2.55953759400647,15,4.342925372312301,Moto,Stormy,Jam,Metropolitian,False,0,1,0,5272.41187047322,5422.705749023629,Aumento_Velocidade,0
pedido_5308.062101384975_644,131.68252913169783,124.8786424810713,109.8786424810713,3.2640482019777437,5,4.580231016216246,Scooter,Windy,High,Metropolitian,False,0,1,0,5308.062101384975,5422.940743866046,Aumento_Velocidade,1
pedido_5254.232565523914_605,186.9908687491383,170.09506379586892,155.09506379586892,16.659412868582717,15,4.425518143376693,Moto,Stormy,High,Metropolitian,False,0,1,0,5254.232565523914,5424.327629319782,Aumento_Velocidade,0
pedido_5327.143419106759_656,131.9489033539637,107.88109995335967,92.88109995335967,7.4413097550164125,5,4.8397786751025915,Moto,Sandstorms,High,Metropolitian,False,0,1,0,5327.143419106759,5425.024519060119,Aumento_Velocidade,1
pedido_5339.220278257901_660,98.97229356687076,86.70684538385022,71.70684538385022,0.6543890645448194,15,4.84341377129964,Moto,Sunny,High,Metropolitian,True,0,1,1,5339.220278257901,5425.927123641751,Aumento_Velocidade,1
pedido_5318.165225031137_652,110.50897060591545,102.76623913696851,102.76623913696851,14.890365343107652,5,4.895643472674155,Van,Foggy,Low,Metropolitian,False,0,0,0,5318.165225031137,5425.931464168106,Nenhuma,1
pedido_5299.063008940039_638,134.01173920623864,137.2589605023844,122.25896050238441,3.4808007085219193,5,4.867706177054597,Moto,Foggy,High,Metropolitian,False,0,1,0,5299.063008940039,5426.321969442423,Aumento_Velocidade,0
pedido_5309.451845889086_648,138.9420434426088,119.07186917483034,104.07186917483034,14.475119500223473,15,5.0,Moto,Windy,Medium,Metropolitian,False,0,0,0,5309.451845889086,5428.523715063917,Rota_Reduzida,1
pedido_5297.546751106782_635,141.67887272572975,131.66338731340147,116.66338731340147,16.328562618479296,15,5.0,Moto,Foggy,High,Metropolitian,False,0,1,0,5297.546751106782,5429.210138420183,Aumento_Velocidade,1
pedido_5350.699106480266_671,102.80279240044632,85.4343693356923,70.4343693356923,10.765753684870973,10,4.901479983445512,Moto,Sunny,High,Urban,False,0,1,1,5350.699106480266,5431.133475815958,Aumento_Velocidade,1
pedido_5304.608767765058_642,131.33445229746053,132.9294775269245,117.9294775269245,8.81449738585374,10,4.7658747166606705,Scooter,Windy,High,Metropolitian,True,0,1,0,5304.608767765058,5432.538245291982,Aumento_Velocidade,1
pedido_5298.823578661058_637,135.62668032694182,143.98231010823437,128.98231010823437,9.92404357944705,5,4.838945741003488,Moto,Windy,High,Metropolitian,False,0,1,0,5298.823578661058,5432.805888769292,Aumento_Velocidade,0
pedido_5308.818642675319_646,101.48099573650988,115.29435977626989,115.29435977626989,6.61308017057885,10,4.465805105869238,Van,Stormy,Low,Metropolitian,False,0,0,0,5308.818642675319,5434.113002451589,Nenhuma,1
pedido_5315.171154500609_650,127.59980392749029,119.1387193759436,104.1387193759436,5.041834877515334,15,4.724459499839243,Scooter,Windy,Jam,Metropolitian,False,0,1,0,5315.171154500609,5434.309873876553,Aumento_Velocidade,1
pedido_5306.629735647098_643,132.2070388870399,132.55521131720081,117.55521131720081,7.441718761876263,15,4.6985265150589255,Scooter,Windy,High,Metropolitian,False,0,1,0,5306.629735647098,5439.184946964298,Aumento_Velocidade,1
pedido_5330.884756478581_659,130.46075994969547,109.77708114316741,94.77708114316741,1.9171851071766235,15,4.533793090334112,Scooter,Sandstorms,High,Metropolitian,False,0,1,0,5330.884756478581,5440.661837621748,Aumento_Velocidade,1
pedido_5308.409229713708_645,139.9909635943531,138.35611927458376,123.35611927458376,11.400068424844413,10,4.746767596098111,Moto,Windy,Jam,Metropolitian,True,0,1,0,5308.409229713708,5441.765348988291,Aumento_Velocidade,0
pedido_5340.976127292794_663,130.65650131838288,109.00795832587082,94.00795832587082,5.943076243750149,10,4.9926030864934825,Scooter,Stormy,High,Urban,True,0,1,0,5340.976127292794,5444.984085618666,Aumento_Velocidade,1
pedido_5350.21597483477_670,129.59430586216735,96.89066823447581,81.89066823447581,9.619459600349028,15,4.615422955227362,Moto,Stormy,High,Metropolitian,False,0,1,0,5350.21597483477,5447.106643069246,Aumento_Velocidade,1
pedido_5341.269183861241_664,129.60196663970186,106.78666065063445,91.78666065063445,13.784523697964648,15,4.91825416574402,Moto,Stormy,High,Metropolitian,False,0,1,0,5341.269183861241,5448.055844511875,Aumento_Velocidade,1
pedido_5322.150458481987_654,137.21123014397003,137.18936542772906,122.18936542772906,11.409677949036166,5,4.800537094552057,Moto,Windy,Jam,Metropolitian,False,0,1,0,5322.150458481987,5449.339823909716,Aumento_Velocidade,0
pedido_5316.668324533175_651,136.37695337191965,138.79053678593394,123.79053678593394,14.423252393146317,10,4.523955395301601,Moto,Sandstorms,Medium,Metropolitian,False,0,0,0,5316.668324533175,5450.458861319109,Rota_Reduzida,0
pedido_5327.63609353166_657,136.7154970346951,123.88183455865178,108.88183455865178,6.6517847113886654,15,4.640715076266519,Moto,Sandstorms,Medium,Urban,True,0,0,0,5327.63609353166,5451.517928090311,Rota_Reduzida,1
pedido_5343.325491357119_665,130.68146715861013,123.82265438888979,103.82265438888979,15.596222912050434,5,4.607156748584719,Moto,Foggy,High,Other,False,0,1,0,5343.325491357119,5452.148145746009,Rota_Reduzida,1
pedido_5340.548773800844_662,123.82115556514502,122.52160846662385,107.52160846662385,4.208288693244845,5,4.8906727498979965,Moto,Foggy,Medium,Metropolitian,True,0,0,0,5340.548773800844,5453.070382267468,Rota_Reduzida,1
pedido_5352.1212612341715_673,132.7393207758664,101.95315899174966,86.95315899174966,4.866305376839557,15,4.686103495435154,Moto,Foggy,High,Metropolitian,True,0,1,0,5352.1212612341715,5454.074420225921,Aumento_Velocidade,1
pedido_5309.770214477378_649,136.8936701845073,151.2330366435378,136.2330366435378,15.551243215572448,10,4.525556198822856,Moto,Windy,Jam,Metropolitian,False,0,1,0,5309.770214477378,5456.0032511209165,Aumento_Velocidade,0
pedido_5350.79347703939_672,127.77893736758784,110.85855273208223,95.85855273208223,6.2726548671074225,10,4.617076541336962,Scooter,Sandstorms,Jam,Metropolitian,False,0,1,0,5350.79347703939,5456.652029771472,Aumento_Velocidade,1
pedido_5346.400926516557_669,136.09019083060704,117.32151260946395,102.32151260946395,12.911001917805741,10,4.74124138458074,Scooter,Sandstorms,High,Metropolitian,True,0,1,0,5346.400926516557,5458.722439126021,Aumento_Velocidade,1
pedido_5344.14006897505_666,130.94526367133798,133.49988834420358,118.49988834420358,12.89360046535967,5,4.645421390465678,Scooter,Stormy,High,Metropolitian,False,0,1,0,5344.14006897505,5467.639957319254,Aumento_Velocidade,1
pedido_5329.695559102841_658,144.10472562916527,143.60285900865824,128.60285900865824,13.905166958512392,10,4.870216244244597,Moto,Foggy,Medium,Metropolitian,True,0,0,0,5329.695559102841,5468.298418111499,Rota_Reduzida,0
pedido_5345.11238395198_667,128.89838338866633,134.50606513600286,119.50606513600286,7.892595547820763,5,4.907402673232788,Moto,Windy,Jam,Urban,False,0,1,0,5345.11238395198,5469.618449087982,Aumento_Velocidade,1
pedido_5352.687619640063_675,127.50871515206823,128.92926093744052,113.92926093744052,0.4910368191541252,5,4.567444140102372,Moto,Windy,Jam,Urban,False,0,1,0,5352.687619640063,5471.616880577503,Aumento_Velocidade,1
pedido_5352.420187361457_674,143.13772521093324,121.79463763454385,106.79463763454385,15.874369003461744,15,4.939632179340551,Moto,Foggy,Medium,Metropolitian,False,0,0,0,5352.420187361457,5474.214824996,Rota_Reduzida,1
pedido_5369.6059606385625_677,128.40015393385323,110.54277504412815,95.54277504412815,4.663082522619793,10,4.603243278692132,Scooter,Sandstorms,Jam,Metropolitian,False,0,1,0,5369.6059606385625,5475.148735682691,Aumento_Velocidade,1
pedido_5346.074056670102_668,129.36317452941614,140.88116483684902,125.88116483684902,6.618212030096076,5,4.86017883222722,Moto,Foggy,Jam,Urban,False,0,1,0,5346.074056670102,5476.955221506952,Aumento_Velocidade,0
pedido_5372.467324739679_679,131.81316523553363,119.19115035568173,104.19115035568173,5.983621601948967,5,4.8557838808833065,Moto,Foggy,High,Metropolitian,True,0,1,0,5372.467324739679,5481.658475095361,Aumento_Velocidade,1
pedido_5373.343285317854_682,144.19907353125774,116.64973377190566,101.64973377190566,11.381796149463867,10,4.690567640360774,Moto,Foggy,Medium,Urban,True,0,0,0,5373.343285317854,5484.993019089759,Rota_Reduzida,1
pedido_5428.762506153024_711,44.566748474479986,59.93818001733597,59.93818001733597,10.768092329474605,5,4.628025547574402,Moto,Stormy,Jam,Metropolitian,False,1,1,0,5428.762506153024,5493.70068617036,Nenhuma,1
pedido_5408.560841753651_698,97.49009431361574,96.13207018526842,81.13207018526842,4.046329060228757,5,4.739280074022006,Scooter,Sunny,High,Urban,False,0,1,1,5408.560841753651,5494.69291193892,Aumento_Velocidade,1
pedido_5383.201953141204_685,135.39231956662525,113.90572765427086,98.90572765427086,10.308289694907678,15,4.811271112605689,Scooter,Windy,Medium,Metropolitian,False,0,0,0,5383.201953141204,5497.107680795475,Rota_Reduzida,1
pedido_5370.036470704662_678,130.65996888675747,119.58705876934235,119.58705876934235,13.327189351983858,10,4.621256166574766,Van,Stormy,High,Urban,False,0,1,0,5370.036470704662,5499.6235294740045,Nenhuma,1
pedido_5339.569494892475_661,177.42120854371532,167.7669237073739,147.7669237073739,8.351282389954424,15,4.411914405532568,Moto,Sandstorms,High,Semi-Urban,False,0,1,0,5339.569494892475,5502.336418599849,Rota_Reduzida,0
pedido_5410.755709823198_701,123.40083122371925,99.12088799425202,84.12088799425202,1.0850869722172165,10,4.7019655540775265,Moto,Stormy,Jam,Metropolitian,False,0,1,0,5410.755709823198,5504.876597817451,Aumento_Velocidade,1
pedido_5373.654416829117_683,142.399854513784,136.55229076807956,121.55229076807956,15.332697923020369,10,4.643508028574425,Scooter,Foggy,Medium,Metropolitian,False,0,0,0,5373.654416829117,5505.206707597196,Rota_Reduzida,0
pedido_5418.681763731597_706,103.51779957801696,72.99455962068325,72.99455962068325,14.946455103038563,15,4.771112148265919,Moto,Sandstorms,Low,Metropolitian,True,0,0,0,5418.681763731597,5506.676323352281,Nenhuma,1
pedido_5388.400414449741_687,130.50299220116958,130.42897209851458,115.42897209851458,5.925180527391864,5,5.0,Moto,Stormy,High,Urban,False,0,1,0,5388.400414449741,5508.829386548256,Aumento_Velocidade,1
pedido_5388.657823338387_688,129.1477315054536,121.99237398246368,106.99237398246368,2.8760975645257423,15,4.673193937648131,Scooter,Windy,High,Urban,True,0,1,0,5388.657823338387,5510.650197320851,Aumento_Velocidade,1
pedido_5391.352921514012_691,130.8626028675974,119.31377720805116,104.31377720805116,14.397159126608452,15,4.633094539529199,Scooter,Stormy,High,Metropolitian,True,0,1,0,5391.352921514012,5510.666698722063,Aumento_Velocidade,1
pedido_5431.51056691304_712,100.96722327894045,76.54725414637073,76.54725414637073,5.701812627350992,5,4.5787439392293106,Moto,Windy,Low,Metropolitian,False,0,0,0,5431.51056691304,5513.05782105941,Nenhuma,1
pedido_5390.644164051549_689,134.68446683212727,122.6914618412577,107.6914618412577,15.391132245772917,15,4.616753318148403,Moto,Sandstorms,High,Metropolitian,False,0,1,0,5390.644164051549,5513.335625892806,Aumento_Velocidade,1
pedido_5377.906892925545_684,129.26080653668706,141.80078240067425,126.80078240067425,6.0014927535831575,10,5.0,Scooter,Stormy,Jam,Metropolitian,False,0,1,0,5377.906892925545,5514.70767532622,Aumento_Velocidade,0
pedido_5412.543438052696_703,134.41578154217095,112.58516128355043,97.58516128355043,0.0,5,4.565871355394561,Moto,Foggy,High,Metropolitian,False,0,1,0,5412.543438052696,5515.128599336246,Aumento_Velocidade,1
pedido_5404.035369230575_694,133.345107750683,119.33746069141904,104.33746069141904,15.416903316850988,10,4.599289259513572,Scooter,Stormy,Medium,Urban,False,0,0,0,5404.035369230575,5518.372829921995,Rota_Reduzida,1
pedido_5420.525169070287_708,129.67799242937988,103.25713046497299,88.25713046497299,6.7092594272279955,10,4.642464228874435,Scooter,Stormy,High,Metropolitian,False,0,1,0,5420.525169070287,5518.78229953526,Aumento_Velocidade,1
pedido_5383.752860061248_686,133.71047407167887,145.03523038566516,130.03523038566516,11.23411553180269,5,4.95435534093942,Moto,Sandstorms,High,Metropolitian,False,0,1,0,5383.752860061248,5518.788090446913,Aumento_Velocidade,0
pedido_5407.746132277108_696,125.82283207891876,122.54831308413245,107.54831308413245,6.389432669648478,5,4.482046417063253,Moto,Sandstorms,Jam,Metropolitian,False,0,1,0,5407.746132277108,5520.29444536124,Aumento_Velocidade,1
pedido_5367.808998007499_676,174.78681119317562,153.37378204264354,138.37378204264354,3.820917787664359,15,4.3647207441037095,Moto,Windy,High,Metropolitian,False,0,1,0,5367.808998007499,5521.182780050142,Aumento_Velocidade,0
pedido_5373.312111200653_681,137.72072968029147,137.87423388424324,137.87423388424324,9.764518166076495,10,4.449931335297821,Scooter,Sandstorms,Low,Metropolitian,False,0,0,0,5373.312111200653,5521.186345084896,Nenhuma,0
pedido_5416.715238247505_705,132.99619135879243,111.52417138705533,96.52417138705533,6.0237421293915965,10,4.867387493432685,Scooter,Foggy,High,Urban,False,0,1,0,5416.715238247505,5523.239409634561,Aumento_Velocidade,1
pedido_5434.138976904539_716,95.04243564858406,91.02786259842316,76.02786259842316,2.978768948896919,15,4.851728163828131,Moto,Sunny,High,Urban,False,0,1,1,5434.138976904539,5525.166839502962,Aumento_Velocidade,1
pedido_5406.238042488098_695,135.60078864174193,119.789457694802,104.789457694802,10.075012942676171,15,4.672540573931502,Moto,Windy,High,Urban,False,0,1,0,5406.238042488098,5526.0275001828995,Aumento_Velocidade,1
pedido_5416.044341007002_704,129.4306379683732,121.66598052192609,106.66598052192609,14.520765856836844,5,4.904886707253319,Moto,Stormy,High,Urban,False,0,1,0,5416.044341007002,5527.710321528928,Aumento_Velocidade,1
pedido_5411.761625941518_702,133.8434674552088,121.03087468659086,106.03087468659086,2.2537844944530594,10,4.842570787401477,Scooter,Windy,Medium,Metropolitian,False,0,0,0,5411.761625941518,5527.792500628109,Rota_Reduzida,1
pedido_5408.6918142315835_699,132.52653517314405,133.27253174437575,118.27253174437575,15.08948890146225,5,4.540364867030086,Moto,Windy,High,Metropolitian,False,0,1,0,5408.6918142315835,5531.964345975959,Aumento_Velocidade,1
pedido_5408.480437090594_697,153.06335844353165,132.09533636301856,117.09533636301856,16.606903752766442,10,4.494143347246653,Moto,Foggy,Jam,Metropolitian,False,0,1,0,5408.480437090594,5535.575773453613,Aumento_Velocidade,1
pedido_5419.279146786323_707,132.76211608902713,116.75691756210745,101.75691756210745,3.6316855279429734,15,4.891881716016772,Scooter,Stormy,Medium,Urban,False,0,0,0,5419.279146786323,5536.03606434843,Rota_Reduzida,1
pedido_5455.273745715773_724,99.29050006470595,98.1607364416729,78.1607364416729,1.3954506096993513,5,4.622763080729925,Moto,Sunny,Jam,Other,True,0,1,1,5455.273745715773,5538.434482157446,Rota_Reduzida,1
pedido_5390.747695417472_690,141.07016872238734,138.26120596756718,138.26120596756718,17.08560784392786,10,4.616767865939969,Van,Sandstorms,Jam,Urban,False,0,1,0,5390.747695417472,5539.008901385039,Nenhuma,0
pedido_5438.5432365140105_717,130.9697219685936,104.80667316015838,89.80667316015838,10.061899158156521,15,4.786508504882189,Moto,Sandstorms,Jam,Metropolitian,False,0,1,0,5438.5432365140105,5543.349909674169,Aumento_Velocidade,1
pedido_5433.813044359568_715,139.9069521965192,115.51712033487378,100.51712033487378,14.63517696045228,10,5.0,Scooter,Windy,Medium,Urban,True,0,0,0,5433.813044359568,5544.330164694442,Rota_Reduzida,1
pedido_5410.731149592341_700,120.8816120049666,130.14605515486667,130.14605515486667,14.847267243917731,5,4.777751390069105,Moto,Sunny,Low,Metropolitian,False,0,0,1,5410.731149592341,5545.877204747208,Nenhuma,0
pedido_5432.341214036285_713,134.68446683212727,119.68927095970892,104.68927095970892,14.030354395425045,10,4.567839212614256,Moto,Sandstorms,High,Metropolitian,False,0,1,0,5432.341214036285,5547.030484995994,Aumento_Velocidade,1
pedido_5485.164910874321_733,45.57133370310232,46.90836077539766,46.90836077539766,2.52262389198508,15,4.477629728015369,Moto,Stormy,High,Urban,False,1,1,0,5485.164910874321,5547.073271649719,Nenhuma,1
pedido_5463.474153800944_727,104.48682768603697,97.70564437542275,82.70564437542275,6.475026317222149,5,4.542227435687973,Scooter,Sunny,High,Metropolitian,True,0,1,1,5463.474153800944,5551.179798176367,Aumento_Velocidade,1
pedido_5438.735724801812_718,125.74985526030866,127.98760316730056,112.98760316730056,0.5254939067139164,5,4.682451511887738,Moto,Foggy,Medium,Metropolitian,False,0,0,0,5438.735724801812,5556.723327969112,Rota_Reduzida,1
pedido_5398.942261629843_692,167.21419877765953,167.9749302707688,152.9749302707688,2.724574560666437,5,4.411159627206213,Moto,Sunny,Medium,Metropolitian,False,0,0,1,5398.942261629843,5556.917191900612,Rota_Reduzida,0
pedido_5519.168125740416_755,45.52834340950803,36.26835114630839,36.26835114630839,0.03967354543122159,5,4.793377320499313,Moto,Foggy,Jam,Urban,False,1,1,0,5519.168125740416,5560.436476886724,Nenhuma,1
pedido_5439.0652346039205_719,132.5096053689441,123.34801434168381,108.34801434168381,6.7436339669792495,15,4.621811527504864,Moto,Foggy,High,Urban,True,0,1,0,5439.0652346039205,5562.413248945604,Aumento_Velocidade,1
pedido_5432.402185168695_714,142.92304740360868,130.2931404406522,115.2931404406522,12.850316444180365,15,4.527573672318843,Moto,Foggy,Medium,Metropolitian,True,0,0,0,5432.402185168695,5562.695325609347,Rota_Reduzida,1
pedido_5524.165681478503_759,39.63068121146671,34.927541207557624,34.927541207557624,14.417893569209141,5,4.714532043051157,Van,Sandstorms,Low,Urban,True,1,0,0,5524.165681478503,5564.0932226860605,Nenhuma,1
pedido_5452.856055853047_723,129.626641360191,119.49118699243715,104.49118699243715,7.4684718403232235,10,4.729753960123491,Moto,Stormy,High,Metropolitian,False,0,1,0,5452.856055853047,5567.347242845484,Aumento_Velocidade,1
pedido_5500.022646463238_746,96.30006755880163,78.46992874738727,63.46992874738727,8.411281424594936,5,4.770410385081721,Scooter,Sunny,Medium,Urban,False,0,0,1,5500.022646463238,5568.492575210626,Rota_Reduzida,1
pedido_5477.6064171767985_731,101.61481017132195,103.654173234481,88.654173234481,15.82805590015746,5,4.682844182097367,Scooter,Sunny,High,Metropolitian,False,0,1,1,5477.6064171767985,5571.26059041128,Aumento_Velocidade,1
pedido_5373.089877360615_680,197.07413361185561,209.2546316282217,194.2546316282217,11.947573713283688,5,4.271650182541281,Moto,Sandstorms,Jam,Metropolitian,False,0,1,0,5373.089877360615,5572.344508988836,Aumento_Velocidade,0
pedido_5460.442678098035_726,127.75341724911756,123.20368452825272,108.20368452825272,4.6126959084729275,5,4.816436492441679,Scooter,Stormy,High,Metropolitian,False,0,1,0,5460.442678098035,5573.646362626288,Aumento_Velocidade,1
pedido_5446.48034986229_721,138.48977505468906,140.09820923947285,125.09820923947285,17.958543456291363,5,4.516090813571561,Moto,Sandstorms,Medium,Metropolitian,False,0,0,0,5446.48034986229,5576.578559101762,Rota_Reduzida,0
pedido_5401.699214823259_693,179.4956819648028,185.51150758022533,170.51150758022533,5.613117956735011,5,4.388967988625884,Moto,Foggy,High,Metropolitian,False,0,1,0,5401.699214823259,5577.210722403484,Aumento_Velocidade,0
pedido_5501.052193721401_747,96.80460343686596,82.152603576547,67.152603576547,6.058126563750317,10,4.838737873954723,Moto,Sunny,Medium,Urban,False,0,0,1,5501.052193721401,5578.204797297948,Rota_Reduzida,1
pedido_5493.147240425574_738,97.21798027955808,101.04817301558305,86.04817301558305,3.1517115734878876,5,4.766845426211476,Moto,Sunny,High,Metropolitian,False,0,1,1,5493.147240425574,5584.195413441157,Aumento_Velocidade,1
pedido_5449.454164680562_722,130.5423719076351,136.31556888297283,121.31556888297283,10.841552274358065,15,4.692671605833801,Moto,Stormy,High,Metropolitian,False,0,1,0,5449.454164680562,5585.769733563535,Aumento_Velocidade,0
pedido_5443.304133716195_720,133.16964257909854,133.38529180452937,133.38529180452937,7.721582025068198,10,4.880879710022138,Van,Stormy,Medium,Urban,True,0,0,0,5443.304133716195,5586.689425520724,Nenhuma,0
pedido_5472.647093581077_729,120.58155167367784,104.41343191913448,104.41343191913448,12.57377266554185,10,4.541448038005107,Moto,Sunny,Low,Urban,False,0,0,1,5472.647093581077,5587.060525500211,Nenhuma,1
pedido_5425.421781069022_710,174.3008964274034,176.04500261687846,161.04500261687846,7.252453885205021,5,4.152063863924786,Moto,Windy,High,Metropolitian,False,0,1,0,5425.421781069022,5591.4667836859,Aumento_Velocidade,0
pedido_5496.989513269637_743,105.35578317344843,84.70059329406568,84.70059329406568,3.5168243745009446,10,4.748895958796173,Scooter,Stormy,Low,Urban,True,0,0,0,5496.989513269637,5591.690106563703,Nenhuma,1
pedido_5509.980828555284_753,99.05590523092877,94.00864708322612,79.00864708322612,0.0,5,4.618737544761818,Moto,Sunny,Jam,Metropolitian,False,0,1,1,5509.980828555284,5593.989475638509,Aumento_Velocidade,1
pedido_5492.545454557705_737,112.33004146799334,111.45289800153999,96.45289800153999,13.59123474684168,5,4.55597222328428,Moto,Sunny,Jam,Urban,True,0,1,1,5492.545454557705,5593.998352559245,Aumento_Velocidade,1
pedido_5489.0184685734175_734,104.85627689033635,112.57613553146342,97.57613553146342,15.921379065091864,10,4.722540722237994,Moto,Sunny,High,Metropolitian,True,0,1,1,5489.0184685734175,5596.594604104881,Aumento_Velocidade,1
pedido_5493.953820633771_739,109.613570526908,103.95768398826675,88.95768398826675,12.7792535497561,15,4.7350497981890145,Scooter,Sunny,Jam,Metropolitian,False,0,1,1,5493.953820633771,5597.911504622038,Aumento_Velocidade,1
pedido_5425.251518536802_709,162.45773619978155,167.8163852053641,167.8163852053641,14.223051367311545,5,4.42698722056921,Scooter,Windy,Low,Urban,False,0,0,0,5425.251518536802,5598.067903742166,Nenhuma,0
pedido_5497.867095192025_744,135.2338915937963,105.2492246953654,90.2492246953654,17.552860851009,10,4.754810735436075,Scooter,Sandstorms,High,Metropolitian,False,0,1,0,5497.867095192025,5598.11631988739,Aumento_Velocidade,1
pedido_5456.054729940131_725,132.74663021012202,134.38053972159312,134.38053972159312,2.8354299914432204,10,4.598019458539195,Van,Stormy,Medium,Metropolitian,False,0,0,0,5456.054729940131,5600.435269661724,Nenhuma,0
pedido_5482.287263557731_732,129.78896486355157,120.85850666774482,105.85850666774482,6.748081763656964,15,4.80996544580364,Moto,Foggy,Jam,Metropolitian,False,0,1,0,5482.287263557731,5603.145770225477,Aumento_Velocidade,1
pedido_5526.562821758081_762,98.97229356687076,90.96864020303799,75.96864020303799,0.5873228530044159,5,4.792778388401687,Scooter,Sunny,High,Metropolitian,True,0,1,1,5526.562821758081,5607.531461961119,Aumento_Velocidade,1
pedido_5473.5938052635_730,132.141537028009,134.45429806315843,119.45429806315843,6.828678336515647,15,4.8630409784171444,Scooter,Foggy,High,Metropolitian,False,0,1,0,5473.5938052635,5608.048103326659,Aumento_Velocidade,1
pedido_5496.885557494089_742,125.93055663878708,128.34415404959677,113.34415404959677,2.6702679544374326,5,4.523693103109374,Scooter,Stormy,High,Urban,False,0,1,0,5496.885557494089,5615.229711543686,Aumento_Velocidade,1
pedido_5503.408235739979_750,133.9769074125073,117.03053526716664,102.03053526716664,12.299234076540554,10,4.795572497320984,Moto,Sandstorms,Medium,Other,False,0,0,0,5503.408235739979,5615.438771007146,Rota_Reduzida,1
pedido_5517.129392604568_754,128.23841603244833,99.30207142757048,84.30207142757048,2.277305437859862,15,4.873040531268973,Moto,Stormy,High,Metropolitian,False,0,1,0,5517.129392604568,5616.431464032139,Aumento_Velocidade,1
pedido_5501.565857482386_748,129.4306379683732,125.45669506786541,110.45669506786541,15.169145148606441,5,4.861084759082355,Moto,Stormy,High,Metropolitian,False,0,1,0,5501.565857482386,5617.022552550251,Aumento_Velocidade,1
pedido_5520.953724082175_757,129.4306379683732,102.78412336656382,87.78412336656382,16.066797479602418,10,4.9038911206512275,Scooter,Stormy,High,Metropolitian,False,0,1,0,5520.953724082175,5618.737847448739,Aumento_Velocidade,1
pedido_5502.741999152161_749,129.6578154282254,126.42804288355794,111.42804288355794,2.5130075488362418,5,4.80740143370889,Moto,Sandstorms,Medium,Metropolitian,False,0,0,0,5502.741999152161,5619.170042035719,Rota_Reduzida,1
pedido_5470.545833734913_728,133.12357893747864,150.38045788852747,135.38045788852747,14.538967938129758,15,4.770895110554043,Scooter,Stormy,Jam,Metropolitian,False,0,1,0,5470.545833734913,5620.92629162344,Aumento_Velocidade,0
pedido_5495.551105965035_741,130.01651170229442,125.47539940119248,110.47539940119248,7.736055509250717,15,4.726490340738713,Moto,Stormy,High,Metropolitian,False,0,1,0,5495.551105965035,5621.026505366228,Aumento_Velocidade,1
pedido_5499.730646610231_745,129.47617017427112,121.57396513004633,106.57396513004633,6.407524440500309,15,4.713902165779753,Moto,Foggy,Jam,Metropolitian,False,0,1,0,5499.730646610231,5621.304611740277,Aumento_Velocidade,1
pedido_5542.515673663422_772,96.32118997249381,82.29195344127781,67.29195344127781,8.03585216967111,15,5.0,Scooter,Sunny,Medium,Metropolitian,False,0,0,1,5542.515673663422,5624.807627104699,Rota_Reduzida,1
pedido_5505.299782003481_751,128.5701615747001,131.48540729238715,116.48540729238715,6.423036154646825,5,4.836545338436147,Scooter,Stormy,High,Metropolitian,False,0,1,0,5505.299782003481,5626.785189295868,Aumento_Velocidade,1
pedido_5527.609598954385_763,111.656403005909,100.69248616928917,85.69248616928917,14.762262379834661,15,4.644626321366138,Moto,Sunny,Jam,Metropolitian,False,0,1,1,5527.609598954385,5628.302085123674,Aumento_Velocidade,1
pedido_5521.8198737173025_758,131.7285614227887,111.58287670600308,96.58287670600308,9.79485660779996,10,4.645009457021503,Scooter,Stormy,Medium,Metropolitian,False,0,0,0,5521.8198737173025,5628.402750423305,Rota_Reduzida,1
pedido_5551.026649294367_778,101.13833093960928,85.7715332597652,70.7715332597652,10.015084329930447,10,4.696654982741501,Scooter,Sunny,High,Metropolitian,False,0,1,1,5551.026649294367,5631.798182554133,Aumento_Velocidade,1
pedido_5526.215422281557_760,126.51694053425892,110.9480068749658,95.9480068749658,7.907605049829957,10,4.478264934477532,Scooter,Stormy,High,Urban,True,0,1,0,5526.215422281557,5632.163429156522,Aumento_Velocidade,1
pedido_5579.697315356078_797,49.348949288926086,50.93829908564718,50.93829908564718,1.022760998907441,5,4.476720009129411,Scooter,Stormy,High,Metropolitian,False,1,1,0,5579.697315356078,5635.635614441726,Nenhuma,1
pedido_5589.0401426738945_804,43.73004112416257,31.60332477876046,31.60332477876046,4.75800966529245,15,4.654090985887926,Moto,Stormy,Medium,Metropolitian,False,1,0,0,5589.0401426738945,5635.643467452655,Nenhuma,1
pedido_5526.378313295258_761,133.26001537785646,114.33966109866599,99.33966109866599,5.18210564809936,10,4.869754633583601,Moto,Foggy,High,Urban,False,0,1,0,5526.378313295258,5635.717974393923,Aumento_Velocidade,1
pedido_5601.094419692982_812,44.8533215220422,32.09587843208314,32.09587843208314,1.4112672348867625,5,4.665753361391673,Moto,Foggy,Medium,Metropolitian,False,1,0,0,5601.094419692982,5638.190298125065,Nenhuma,1
pedido_5519.838862233987_756,132.4345812077915,118.69583917358679,103.69583917358679,17.057571513880674,15,5.0,Scooter,Stormy,High,Metropolitian,False,0,1,0,5519.838862233987,5638.534701407574,Aumento_Velocidade,1
pedido_5534.04641654534_767,106.19062887604873,90.47391254232275,90.47391254232275,5.976942352487433,15,4.53679676530523,Van,Sunny,High,Metropolitian,False,0,1,1,5534.04641654534,5639.520329087663,Nenhuma,1
pedido_5548.382270408261_776,103.39544604883865,77.91388881015305,77.91388881015305,13.426207069940448,15,4.682183657863646,Moto,Sandstorms,Low,Metropolitian,False,0,0,0,5548.382270408261,5641.296159218415,Nenhuma,1
pedido_5527.880479799618_764,133.85288347212477,125.58986972214305,110.58986972214305,10.205889458050247,10,4.915566488382889,Moto,Stormy,Medium,Metropolitian,True,0,0,0,5527.880479799618,5648.470349521761,Rota_Reduzida,1
pedido_5560.391556455107_785,103.48239808328758,79.72820422314582,79.72820422314582,13.991760940156503,10,4.545508993942347,Scooter,Windy,Low,Metropolitian,False,0,0,0,5560.391556455107,5650.1197606782525,Nenhuma,1
pedido_5531.438201872519_765,125.57057811265726,124.68494960869404,109.68494960869404,8.738797205855647,10,4.7315500894588265,Moto,Foggy,Medium,Metropolitian,False,0,0,0,5531.438201872519,5651.123151481213,Rota_Reduzida,1
pedido_5489.33290717304_735,185.86800637241788,172.14443946805304,157.14443946805304,15.234256137544971,5,4.3595409151507,Moto,Sandstorms,High,Urban,True,0,1,0,5489.33290717304,5651.477346641093,Aumento_Velocidade,0
pedido_5549.153694134524_777,97.52774111935356,87.39576344352392,87.39576344352392,8.768691084637922,15,4.888936080798774,Moto,Sunny,Low,Metropolitian,False,0,0,1,5549.153694134524,5651.549457578048,Nenhuma,1
pedido_5563.009938127509_787,101.38311198974657,97.00775908022713,82.00775908022713,9.25067731705531,10,4.667090185686984,Moto,Sunny,Jam,Metropolitian,False,0,1,1,5563.009938127509,5655.017697207736,Aumento_Velocidade,1
pedido_5566.329265676372_790,93.75956042871167,95.72206705260605,80.72206705260605,2.770174689611603,10,4.582724703542116,Moto,Sunny,Medium,Metropolitian,False,0,0,1,5566.329265676372,5657.051332728978,Rota_Reduzida,1
pedido_5552.180697944894_779,132.65520812979105,105.66868044666016,90.66868044666016,6.892602780085196,15,4.552369687609168,Moto,Windy,High,Urban,False,0,1,0,5552.180697944894,5657.849378391554,Aumento_Velocidade,1
pedido_5541.917836633272_770,110.90737560553612,102.15012371577731,102.15012371577731,14.419922839302071,15,4.781788557672665,Scooter,Foggy,Low,Metropolitian,False,0,0,0,5541.917836633272,5659.067960349049,Nenhuma,1
pedido_5547.05146785011_774,136.14778512474152,113.14457835784762,98.14457835784762,8.214987665960827,15,5.0,Scooter,Sandstorms,High,Metropolitian,False,0,1,0,5547.05146785011,5660.196046207958,Aumento_Velocidade,1
pedido_5540.047335793302_769,134.14109550680436,132.02769857400875,117.02769857400875,5.269057647419432,5,4.557446759048246,Moto,Foggy,High,Metropolitian,False,0,1,0,5540.047335793302,5662.075034367311,Aumento_Velocidade,1
pedido_5542.460405319825_771,131.52032848814864,130.60737782322252,115.60737782322252,7.3357946514088725,5,4.69939833903147,Moto,Sandstorms,High,Urban,False,0,1,0,5542.460405319825,5663.067783143048,Aumento_Velocidade,1
pedido_5492.260877803356_736,186.92172888524442,175.25661517955803,160.25661517955803,14.981361263790518,15,4.400513884767457,Moto,Sandstorms,Medium,Metropolitian,True,0,0,0,5492.260877803356,5667.5174929829145,Rota_Reduzida,0
pedido_5617.298676171083_824,42.511755291386294,36.61945266158359,36.61945266158359,6.931487243498868,15,5.0,Moto,Foggy,Medium,Metropolitian,False,1,0,0,5617.298676171083,5668.918128832666,Nenhuma,1
pedido_5553.08213485693_780,131.8875472649707,118.37537898594314,103.37537898594314,4.78101644849493,15,4.503879610859779,Moto,Foggy,High,Metropolitian,False,0,1,0,5553.08213485693,5671.457513842873,Aumento_Velocidade,1
pedido_5545.943320222368_773,144.19909289982505,131.35873316191714,116.35873316191714,11.915655270260846,10,4.458373423714761,Moto,Sandstorms,Jam,Metropolitian,False,0,1,0,5545.943320222368,5672.3020533842855,Aumento_Velocidade,1
pedido_5532.379134447394_766,130.69499870138299,134.98408372490195,134.98408372490195,8.571330607080727,5,4.397256074285575,Moto,Stormy,Low,Other,False,0,0,0,5532.379134447394,5672.363218172296,Nenhuma,0
pedido_5560.812213994139_786,135.7975343682578,121.57282598512984,106.57282598512984,15.383876360267044,5,4.756403860212064,Moto,Windy,High,Metropolitian,True,0,1,0,5560.812213994139,5672.385039979268,Aumento_Velocidade,1
pedido_5602.606118416526_813,98.53960581868711,83.1249253807968,68.1249253807968,9.555380819278263,5,4.911827149101686,Moto,Sunny,High,Metropolitian,True,0,1,1,5602.606118416526,5675.731043797323,Aumento_Velocidade,1
pedido_5578.299263290211_796,140.6032133489843,99.18595638524519,84.18595638524519,11.590182552061908,15,5.0,Moto,Windy,Jam,Urban,False,0,1,0,5578.299263290211,5677.4852196754555,Aumento_Velocidade,1
pedido_5600.364789206883_810,96.09964104671644,92.20973882912571,72.20973882912571,6.275530828229546,5,4.70352356043404,Moto,Sunny,High,Other,True,0,1,1,5600.364789206883,5677.574528036009,Rota_Reduzida,1
pedido_5557.019909871108_784,132.65488063328652,126.33341610586947,111.33341610586947,3.6008956709828333,10,4.864167405771499,Moto,Sandstorms,High,Urban,False,0,1,0,5557.019909871108,5678.353325976977,Aumento_Velocidade,1
pedido_5556.720201457162_783,150.9927451333786,122.29794240823014,107.29794240823014,16.518957840291325,15,4.818990926940962,Scooter,Foggy,Jam,Metropolitian,True,0,1,0,5556.720201457162,5679.018143865393,Aumento_Velocidade,1
pedido_5575.39215467343_795,136.9024974005576,111.77932720584303,96.77932720584303,15.410251953222236,10,5.0,Scooter,Stormy,Jam,Urban,False,0,1,0,5575.39215467343,5682.171481879273,Aumento_Velocidade,1
pedido_5595.544839194432_807,95.77860584291076,92.34462631097404,77.34462631097404,1.496132610473457,10,4.635474414542841,Moto,Sunny,High,Urban,False,0,1,1,5595.544839194432,5682.889465505406,Aumento_Velocidade,1
pedido_5569.279316364484_792,134.4927399598692,123.71136610713253,108.71136610713253,16.357831880512,5,4.603692904397925,Moto,Windy,High,Metropolitian,True,0,1,0,5569.279316364484,5682.990682471616,Aumento_Velocidade,1
pedido_5563.07477385879_788,131.9515597341283,130.36383028269952,115.36383028269952,1.1062264978941512,5,4.575014111522336,Moto,Sandstorms,High,Metropolitian,False,0,1,0,5563.07477385879,5683.438604141489,Aumento_Velocidade,1
pedido_5566.582815348922_791,134.5142525570483,116.93315440838492,101.93315440838492,4.367072292777707,15,4.755747596598128,Moto,Foggy,High,Metropolitian,False,0,1,0,5566.582815348922,5683.515969757307,Aumento_Velocidade,1
pedido_5554.971253964846_781,141.2801078036962,134.36966643513898,119.36966643513898,16.42099008789286,10,4.719583007023305,Moto,Foggy,High,Metropolitian,False,0,1,0,5554.971253964846,5684.340920399985,Aumento_Velocidade,1
pedido_5495.221211844415_740,192.63562263350377,189.66848599010063,174.66848599010063,6.661135675172285,15,4.257404179330332,Scooter,Sunny,High,Metropolitian,False,0,1,1,5495.221211844415,5684.889697834516,Aumento_Velocidade,0
pedido_5570.360983089589_793,132.50339649078256,115.90853608795527,100.90853608795527,9.051711426306372,15,4.674593581261651,Moto,Windy,Jam,Metropolitian,True,0,1,0,5570.360983089589,5686.269519177545,Aumento_Velocidade,1
pedido_5538.87941732985_768,186.91264563933112,152.360745913823,137.360745913823,13.573423612451476,15,4.257306892313387,Scooter,Stormy,High,Metropolitian,False,0,1,0,5538.87941732985,5691.240163243673,Aumento_Velocidade,0
pedido_5508.231501778831_752,186.05468416856414,194.16630840075163,179.16630840075163,13.901145519427283,5,4.42197079334518,Scooter,Windy,Medium,Urban,True,0,0,0,5508.231501778831,5692.397810179583,Rota_Reduzida,0
pedido_5603.622828031679_814,95.25023207545257,99.43388750289722,84.43388750289722,0.0,5,4.665738345754589,Moto,Sunny,High,Metropolitian,False,0,1,1,5603.622828031679,5693.056715534576,Aumento_Velocidade,1
pedido_5570.769196079786_794,131.03979234049356,133.31669904267085,118.31669904267085,5.013002701367693,10,4.707230324782727,Scooter,Windy,High,Metropolitian,False,0,1,0,5570.769196079786,5699.085895122456,Aumento_Velocidade,1
pedido_5600.395566471527_811,99.74425660307057,85.04293672188966,85.04293672188966,5.178521847326648,15,4.781401249592915,Scooter,Foggy,Low,Metropolitian,False,0,0,0,5600.395566471527,5700.438503193416,Nenhuma,1
pedido_5588.76008745117_803,132.10718164668265,114.11173446485597,99.11173446485597,9.309670978896053,15,4.541618480266507,Moto,Sandstorms,Medium,Metropolitian,False,0,0,0,5588.76008745117,5702.8718219160255,Rota_Reduzida,1
pedido_5547.246500367098_775,184.55158189368044,162.40917776648337,147.40917776648337,18.102893178076084,10,4.424937950490263,Scooter,Windy,High,Metropolitian,False,0,1,0,5547.246500367098,5704.655678133581,Aumento_Velocidade,0
pedido_5674.18606494098_867,48.943390382358,20.977773982646276,20.977773982646276,0.9987596768477358,10,4.532267609964713,Moto,Foggy,High,Metropolitian,False,1,1,0,5674.18606494098,5705.163838923626,Nenhuma,1
pedido_5582.3456145356095_798,130.12096100425848,123.09050859428231,108.09050859428231,0.09990567278431417,15,4.736742823666656,Moto,Windy,High,Urban,True,0,1,0,5582.3456145356095,5705.436123129892,Aumento_Velocidade,1
pedido_5582.51842914058_799,131.3211239078799,133.64868851696028,118.64868851696028,8.265107805386213,5,4.876579324037671,Moto,Stormy,Medium,Metropolitian,False,0,0,0,5582.51842914058,5706.167117657541,Rota_Reduzida,1
pedido_5612.167448255003_819,102.42183649459491,87.41519673160086,87.41519673160086,19.114036200544447,10,4.857316336065626,Moto,Stormy,Low,Metropolitian,False,0,0,0,5612.167448255003,5709.5826449866045,Nenhuma,1
pedido_5617.80994864156_825,134.05618403169638,99.92579378590312,84.92579378590312,4.783088431405124,10,4.82207573711353,Scooter,Foggy,High,Metropolitian,False,0,1,0,5617.80994864156,5712.735742427463,Aumento_Velocidade,1
pedido_5626.622071259224_829,128.82160162125592,88.27186550391204,73.27186550391204,6.6972602129244105,15,4.781495402134147,Scooter,Stormy,Jam,Metropolitian,True,0,1,0,5626.622071259224,5714.893936763136,Aumento_Velocidade,1
pedido_5584.32147928795_800,138.3930486039183,126.17953488228457,126.17953488228457,19.400801373872433,5,4.91204071435726,Van,Sandstorms,Medium,Metropolitian,False,0,0,0,5584.32147928795,5715.501014170234,Nenhuma,0
pedido_5635.671978234757_837,94.34577866027905,90.20653396564182,75.20653396564182,7.933612032665572,5,4.81129979139842,Moto,Sunny,High,Metropolitian,False,0,1,1,5635.671978234757,5715.878512200399,Aumento_Velocidade,1
pedido_5555.253483598947_782,177.6643518369414,171.46844240858687,156.46844240858687,16.518097213122786,5,4.404510346938588,Scooter,Sunny,High,Metropolitian,False,0,1,1,5555.253483598947,5716.721926007534,Aumento_Velocidade,0
pedido_5613.360054149289_821,127.0109653739065,104.73914597872647,89.73914597872647,7.073063261367624,15,4.521295869768323,Moto,Stormy,High,Urban,False,0,1,0,5613.360054149289,5718.099200128016,Aumento_Velocidade,1
pedido_5610.254627510438_818,128.8287777762883,120.26517254670897,105.26517254670897,8.237589168507755,5,4.5997547119786635,Moto,Sandstorms,Jam,Metropolitian,True,0,1,0,5610.254627510438,5720.519800057146,Aumento_Velocidade,1
pedido_5625.339610231465_827,101.61481017132195,105.42979587442349,90.42979587442349,15.73424228892483,5,4.66355385671003,Scooter,Sunny,High,Urban,False,0,1,1,5625.339610231465,5720.769406105888,Aumento_Velocidade,1
pedido_5595.696705062408_808,132.91777910048873,136.9342331173538,121.93423311735381,13.129667740779155,5,4.964856364370533,Moto,Stormy,High,Metropolitian,False,0,1,0,5595.696705062408,5722.630938179762,Aumento_Velocidade,0
pedido_5615.564732130307_823,130.94526367133798,117.25955702168905,102.25955702168905,12.625087989693196,5,4.550442991012828,Moto,Stormy,High,Metropolitian,False,0,1,0,5615.564732130307,5722.824289151996,Aumento_Velocidade,1
pedido_5597.19435853859_809,127.27301323447846,131.8339889597142,116.83398895971419,4.89873470336234,10,4.6301848573567215,Moto,Stormy,High,Metropolitian,False,0,1,0,5597.19435853859,5724.028347498304,Aumento_Velocidade,1
pedido_5608.05178052534_816,131.47357163045365,106.50855238574448,106.50855238574448,3.368390044534679,10,4.764040901582304,Van,Windy,High,Metropolitian,False,0,1,0,5608.05178052534,5724.5603329110845,Nenhuma,1
pedido_5641.630652651451_844,99.26107910328872,94.32498492570936,79.32498492570936,11.58940822649792,5,4.800672918640917,Moto,Sunny,Medium,Metropolitian,False,0,0,1,5641.630652651451,5725.95563757716,Rota_Reduzida,1
pedido_5644.015311519261_848,106.65221548234197,82.74898191157229,67.74898191157229,14.804917425371556,15,4.544858652360427,Moto,Sunny,High,Urban,False,0,1,1,5644.015311519261,5726.764293430833,Aumento_Velocidade,1
pedido_5641.847090461034_845,99.74425660307057,77.20835510255242,77.20835510255242,4.8963968913933,10,4.75318462072897,Moto,Foggy,Low,Metropolitian,False,0,0,0,5641.847090461034,5729.0554455635865,Nenhuma,1
pedido_5653.955992147436_855,101.57229113235952,81.42978919836301,66.42978919836301,13.7499832186475,10,4.646997122850824,Scooter,Sunny,High,Metropolitian,False,0,1,1,5653.955992147436,5730.385781345799,Aumento_Velocidade,1
pedido_5604.995171507607_815,136.5304568569866,130.63484230150394,115.63484230150394,18.87119279184021,10,4.490043711297909,Moto,Sandstorms,High,Metropolitian,False,0,1,0,5604.995171507607,5730.630013809111,Aumento_Velocidade,1
pedido_5613.312984492222_820,129.49468008607283,126.23615952105379,111.23615952105379,9.809968283781268,10,4.654865175493604,Moto,Stormy,High,Metropolitian,True,0,1,0,5613.312984492222,5734.549144013276,Aumento_Velocidade,1
pedido_5626.115754499024_828,129.76486193434457,109.55236449956296,94.55236449956296,14.500625614014567,15,4.611716036811593,Moto,Stormy,High,Metropolitian,False,0,1,0,5626.115754499024,5735.668118998587,Aumento_Velocidade,1
pedido_5631.2907894137825_831,133.42047368950995,111.02016437246354,96.02016437246354,17.09471605040432,10,4.687018408160475,Moto,Windy,High,Urban,False,0,1,0,5631.2907894137825,5737.310953786246,Aumento_Velocidade,1
pedido_5564.959149626626_789,182.50504276463354,183.9394183833022,168.9394183833022,16.286457066177203,5,4.404272941490297,Scooter,Stormy,Medium,Semi-Urban,True,0,0,0,5564.959149626626,5738.898568009928,Rota_Reduzida,0
pedido_5613.480160396974_822,134.82258544930943,137.15896789702055,122.15896789702055,18.11077437011372,5,4.899692044837511,Moto,Sandstorms,High,Metropolitian,False,0,1,0,5613.480160396974,5740.639128293994,Aumento_Velocidade,0
pedido_5586.392722128836_801,176.79186238166716,159.7315404804435,144.7315404804435,5.144605436306989,10,4.423918505819291,Moto,Sandstorms,High,Metropolitian,False,0,1,0,5586.392722128836,5741.124262609279,Aumento_Velocidade,0
pedido_5634.313880077679_834,98.71650902594666,97.66628319776558,97.66628319776558,5.424683722955644,10,4.605442118512258,Van,Sunny,High,Metropolitian,False,0,1,1,5634.313880077679,5741.980163275444,Nenhuma,1
pedido_5655.415208819325_859,99.83003715228719,87.76153696250051,72.76153696250051,5.884949187528436,15,4.818036435152565,Moto,Sunny,Jam,Metropolitian,True,0,1,1,5655.415208819325,5743.176745781826,Aumento_Velocidade,1
pedido_5627.4908550805185_830,133.77483873398543,121.89832070736858,106.89832070736858,14.738140404439882,10,4.623514336007475,Scooter,Stormy,Medium,Metropolitian,False,0,0,0,5627.4908550805185,5744.389175787887,Rota_Reduzida,1
pedido_5648.52174177399_850,104.35506418274845,107.18681696466193,92.18681696466193,14.857385554987768,5,4.910364268034674,Moto,Sunny,Medium,Metropolitian,True,0,0,1,5648.52174177399,5745.708558738652,Rota_Reduzida,1
pedido_5635.662214155799_836,132.96881234173745,115.556548558236,100.556548558236,6.898564007891871,10,4.7162677163062785,Moto,Stormy,Medium,Urban,False,0,0,0,5635.662214155799,5746.218762714035,Rota_Reduzida,1
pedido_5621.682017817224_826,133.42097770981422,129.98371155656147,114.98371155656147,11.89140403942495,10,4.751631606639174,Scooter,Windy,Medium,Metropolitian,False,0,0,0,5621.682017817224,5746.665729373785,Rota_Reduzida,1
pedido_5631.639826242211_832,130.65170073063328,120.89703417442445,105.89703417442445,5.457540893252016,10,4.524829973065472,Moto,Sandstorms,High,Metropolitian,False,0,1,0,5631.639826242211,5747.536860416635,Aumento_Velocidade,1
pedido_5640.2030984934_841,125.78391384243,122.98841395087292,102.98841395087292,1.4260279089748913,5,4.714921515335529,Scooter,Foggy,High,Other,False,0,1,0,5640.2030984934,5748.191512444273,Rota_Reduzida,1
pedido_5635.358022329741_835,141.2625011195438,126.26811914943474,111.26811914943474,11.169405888758117,5,4.605408416466491,Moto,Sandstorms,Jam,Urban,False,0,1,0,5635.358022329741,5751.626141479176,Aumento_Velocidade,1
pedido_5657.899003260055_861,132.95731688939796,98.91552276592782,83.91552276592782,7.836168896218689,10,4.833063887694851,Scooter,Foggy,High,Metropolitian,True,0,1,0,5657.899003260055,5751.814526025983,Aumento_Velocidade,1
pedido_5594.867609084165_806,186.65028088462353,158.1173855800938,143.1173855800938,15.186331793540877,15,4.3466018433380205,Moto,Sandstorms,Medium,Metropolitian,True,0,0,0,5594.867609084165,5752.984994664259,Rota_Reduzida,0
pedido_5654.974527784806_857,96.7117177293491,105.21546591431589,90.21546591431589,9.765161470341972,10,4.756212676334664,Moto,Sunny,Medium,Metropolitian,False,0,0,1,5654.974527784806,5755.189993699122,Rota_Reduzida,1
pedido_5645.597717008138_849,134.7531706339311,116.17360765800768,101.17360765800768,9.860952154808238,10,4.557841555875214,Moto,Foggy,Medium,Metropolitian,False,0,0,0,5645.597717008138,5756.771324666145,Rota_Reduzida,1
pedido_5638.332278751841_839,136.85868952867082,125.97816654969759,110.97816654969759,17.735229374274926,10,4.773272512515453,Moto,Windy,High,Metropolitian,True,0,1,0,5638.332278751841,5759.3104453015385,Aumento_Velocidade,1
pedido_5588.50462239696_802,185.83590190739548,182.13495551007873,167.13495551007873,15.69350919403847,5,4.433536266783995,Moto,Sandstorms,High,Metropolitian,False,0,1,0,5588.50462239696,5760.639577907039,Aumento_Velocidade,0
pedido_5638.7846681641695_840,130.8626028675974,122.88314402517122,107.88314402517122,15.608974998962982,15,4.6256529556116845,Moto,Stormy,High,Metropolitian,True,0,1,0,5638.7846681641695,5761.667812189341,Aumento_Velocidade,1
pedido_5637.820982119562_838,132.5890508583103,120.10077093636687,120.10077093636687,15.632242371169365,5,4.563404682923544,Van,Windy,High,Metropolitian,False,0,1,0,5637.820982119562,5762.921753055929,Nenhuma,0
pedido_5736.528028973127_915,44.864901724383806,18.756947250930587,18.756947250930587,1.6591965138821174,10,4.851640026041772,Moto,Windy,Jam,Urban,False,1,1,0,5736.528028973127,5765.284976224058,Nenhuma,1
pedido_5655.409816676552_858,102.05339860497476,96.06641589017816,96.06641589017816,12.049405620227786,15,4.653925433065895,Moto,Sandstorms,Low,Metropolitian,False,0,0,0,5655.409816676552,5766.47623256673,Nenhuma,1
pedido_5653.850788742461_853,142.6028216612111,113.01158466016267,98.01158466016267,17.65085114564389,15,5.0,Scooter,Sandstorms,Jam,Urban,False,0,1,0,5653.850788742461,5766.862373402624,Aumento_Velocidade,1
pedido_5633.880332076458_833,137.2776997089783,143.07164325949057,128.07164325949057,9.920109792025274,5,4.726832283839079,Scooter,Foggy,High,Urban,False,0,1,0,5633.880332076458,5766.951975335949,Aumento_Velocidade,0
pedido_5691.938250331313_879,100.51210724833504,85.69566767000019,70.69566767000019,0.0,5,4.847450216036239,Scooter,Sunny,Jam,Metropolitian,True,0,1,1,5691.938250331313,5767.633918001313,Aumento_Velocidade,1
pedido_5643.321555468884_847,135.17722456092622,134.4037409184938,119.40374091849381,17.00212672104334,5,5.0,Scooter,Sandstorms,High,Metropolitian,False,0,1,0,5643.321555468884,5767.725296387378,Aumento_Velocidade,1
pedido_5609.81340936472_817,174.04680597416154,163.68833801981734,148.68833801981734,3.02617394004058,10,4.222884467874577,Moto,Stormy,High,Urban,True,0,1,0,5609.81340936472,5768.501747384537,Aumento_Velocidade,0
pedido_5641.484286514171_843,132.02274868357563,134.25822149170529,119.25822149170529,2.9433693964828893,10,4.701666775978531,Moto,Sandstorms,High,Metropolitian,False,0,1,0,5641.484286514171,5770.7425080058765,Aumento_Velocidade,1
pedido_5656.656445735366_860,126.77917466406375,125.79153605601047,110.79153605601047,4.3001223714100485,5,4.658509499399982,Moto,Foggy,Jam,Metropolitian,False,0,1,0,5656.656445735366,5772.447981791376,Aumento_Velocidade,1
pedido_5591.117661477848_805,188.4320361054396,185.11471725183554,170.11471725183554,15.131070631871165,15,4.397615763967938,Scooter,Windy,Medium,Metropolitian,False,0,0,0,5591.117661477848,5776.232378729684,Rota_Reduzida,0
pedido_5724.725457058464_902,62.060756346123135,65.5044328854793,50.504432885479304,16.665935695188637,5,4.439439513298335,Moto,Windy,Jam,Metropolitian,True,1,1,0,5724.725457058464,5780.229889943943,Aumento_Velocidade,1
pedido_5692.649646952708_882,101.84043561517271,87.97515618804705,72.97515618804705,16.24684489091056,15,4.790736664566013,Moto,Sunny,High,Urban,False,0,1,1,5692.649646952708,5780.624803140755,Aumento_Velocidade,1
pedido_5653.893702674248_854,139.22660117614151,138.3185120720138,123.31851207201379,5.555911679477851,5,4.988497572372833,Moto,Sandstorms,Medium,Metropolitian,True,0,0,0,5653.893702674248,5782.212214746261,Rota_Reduzida,0
pedido_5654.627424409097_856,133.34913206797495,128.7149263971356,113.7149263971356,16.22781397128191,15,4.843324731018809,Moto,Windy,High,Metropolitian,False,0,1,0,5654.627424409097,5783.342350806233,Aumento_Velocidade,1
pedido_5657.918548033247_862,128.5420439003665,131.35317292864522,116.35317292864522,2.367260661940562,10,4.5754015842505895,Scooter,Stormy,High,Urban,False,0,1,0,5657.918548033247,5784.271720961892,Aumento_Velocidade,1
pedido_5669.211549949794_866,129.42435318566885,116.33290174400489,101.33290174400489,9.492866832174444,15,4.720262043976545,Scooter,Stormy,High,Metropolitian,False,0,1,0,5669.211549949794,5785.544451693799,Aumento_Velocidade,1
pedido_5649.882053334481_851,142.80847679669222,135.76769102930254,120.76769102930254,13.192578481097351,15,4.949796387039091,Moto,Foggy,Medium,Metropolitian,False,0,0,0,5649.882053334481,5785.649744363783,Rota_Reduzida,0
pedido_5680.769144724117_873,127.4117464960537,107.40700085375764,92.40700085375764,7.473633285848015,15,4.765972979859113,Scooter,Stormy,Jam,Metropolitian,False,0,1,0,5680.769144724117,5788.176145577874,Aumento_Velocidade,1
pedido_5679.349687180938_871,132.24012204548762,111.34933860412113,96.34933860412113,2.33922039250683,15,4.556205105977368,Scooter,Sandstorms,High,Metropolitian,False,0,1,0,5679.349687180938,5790.699025785059,Aumento_Velocidade,1
pedido_5702.505917415486_887,110.96919719054709,95.76364145556646,80.76364145556646,10.651901098553399,10,4.557585973055882,Scooter,Sunny,Jam,Metropolitian,False,0,1,1,5702.505917415486,5793.269558871052,Aumento_Velocidade,1
pedido_5663.881167187024_865,130.5278221205001,131.63042780695974,116.63042780695974,10.68185371946763,15,4.855889074657313,Scooter,Stormy,High,Urban,False,0,1,0,5663.881167187024,5795.5115949939845,Aumento_Velocidade,1
pedido_5692.756477131468_883,109.89635398808134,92.96472989299052,92.96472989299052,14.934180830360736,10,4.815780941114102,Van,Sunny,Jam,Metropolitian,False,0,1,1,5692.756477131468,5795.721207024459,Nenhuma,1
pedido_5758.310121033793_931,39.71914696784377,24.116895802293655,24.116895802293655,19.244154379493864,15,4.759192164165964,Moto,Sunny,High,Metropolitian,False,1,1,1,5758.310121033793,5797.427016836086,Nenhuma,1
pedido_5712.897403468077_892,105.24489040650703,93.15883696319769,78.15883696319769,18.274835078394325,10,4.973172609392341,Scooter,Sunny,High,Metropolitian,True,0,1,1,5712.897403468077,5801.056240431274,Aumento_Velocidade,1
pedido_5684.231430044974_876,131.11294560379613,117.44562304432941,102.44562304432941,7.972789245315548,15,4.913968816095141,Moto,Sandstorms,High,Urban,False,0,1,0,5684.231430044974,5801.677053089304,Aumento_Velocidade,1
pedido_5713.620434229745_895,99.65603512819388,93.41854989241895,78.41854989241895,3.830822910363784,10,4.895742308839955,Scooter,Sunny,Jam,Urban,False,0,1,1,5713.620434229745,5802.038984122164,Aumento_Velocidade,1
pedido_5682.047844355918_874,133.12357893747864,126.25719466064393,111.25719466064393,15.428054313779564,10,4.833361602108052,Scooter,Stormy,Jam,Urban,False,0,1,0,5682.047844355918,5803.305039016562,Aumento_Velocidade,1
pedido_5659.398461318442_863,152.53824666752377,144.3228097733769,129.3228097733769,26.4470501142538,15,4.942727488552995,Moto,Foggy,Jam,Metropolitian,False,0,1,0,5659.398461318442,5803.721271091819,Aumento_Velocidade,0
pedido_5683.467486778472_875,136.03302261727933,130.827567904445,115.827567904445,4.962301946873247,5,4.521072403527342,Scooter,Windy,Medium,Metropolitian,False,0,0,0,5683.467486778472,5804.295054682918,Rota_Reduzida,1
pedido_5640.384165183863_842,175.35101542245354,166.46544261798525,151.46544261798525,5.895904881971738,15,4.264847423950296,Scooter,Stormy,High,Metropolitian,False,0,1,0,5640.384165183863,5806.849607801848,Aumento_Velocidade,0
pedido_5727.056223072094_904,94.7760576264949,64.80741371212865,64.80741371212865,3.9342115168275402,15,4.8449614989101875,Moto,Sunny,Low,Metropolitian,False,0,0,1,5727.056223072094,5806.863636784223,Nenhuma,1
pedido_5702.173837393723_886,129.6934935596865,116.55229599038597,101.55229599038597,2.519361396382302,5,4.926500600031661,Scooter,Windy,High,Metropolitian,True,0,1,0,5702.173837393723,5808.726133384109,Aumento_Velocidade,1
pedido_5692.198670681477_880,134.05618403169638,118.40404919505454,103.40404919505454,5.067614588268466,15,4.7612551841105795,Moto,Foggy,High,Metropolitian,False,0,1,0,5692.198670681477,5810.602719876531,Aumento_Velocidade,1
pedido_5781.222647758403_949,44.124524827990946,20.056144144491768,20.056144144491768,13.127555820134148,10,4.809001614627839,Moto,Stormy,Jam,Urban,False,1,1,0,5781.222647758403,5811.278791902894,Nenhuma,1
pedido_5706.677156240635_889,96.77728687855644,91.31424100559275,91.31424100559275,6.649490809827138,15,4.9644237838371215,Moto,Sunny,Low,Metropolitian,False,0,0,1,5706.677156240635,5812.991397246227,Nenhuma,1
pedido_5641.8521039260295_846,177.24154729455327,176.65462859846804,161.65462859846804,5.480093540770623,10,4.447372581857594,Moto,Stormy,Jam,Metropolitian,False,0,1,0,5641.8521039260295,5813.506732524497,Aumento_Velocidade,0
pedido_5690.526190581353_878,132.0813584930208,134.04426429643195,119.04426429643195,4.7402905201023176,5,4.660279287049744,Moto,Sandstorms,High,Urban,False,0,1,0,5690.526190581353,5814.570454877785,Aumento_Velocidade,1
pedido_5699.181443001634_885,130.53914308432832,120.7987812679464,105.7987812679464,5.439048127727838,10,4.605249320158639,Moto,Windy,High,Urban,False,0,1,0,5699.181443001634,5814.9802242695805,Aumento_Velocidade,1
pedido_5659.59341579127_864,172.20267886393154,162.64369884769746,147.64369884769746,8.069130951716142,10,4.205395130669793,Moto,Foggy,Medium,Metropolitian,True,0,0,0,5659.59341579127,5817.237114638967,Rota_Reduzida,0
pedido_5693.626004848138_884,152.07769915675908,136.52915665722512,121.52915665722512,19.43692909969439,5,4.582538640998363,Moto,Foggy,Jam,Urban,False,0,1,0,5693.626004848138,5820.155161505363,Aumento_Velocidade,0
pedido_5651.688536762148_852,181.56799655124732,168.6721603285977,153.6721603285977,9.859175892872754,15,4.328299914291611,Moto,Sandstorms,High,Metropolitian,True,0,1,0,5651.688536762148,5820.360697090746,Aumento_Velocidade,0
pedido_5731.674407371196_909,100.96722327894045,73.74672696997567,73.74672696997567,5.820653359515726,15,4.60708175111986,Moto,Windy,Low,Metropolitian,False,0,0,0,5731.674407371196,5820.421134341172,Nenhuma,1
pedido_5713.448596334988_894,128.71078030954953,108.17896736544392,93.17896736544392,4.28616195341035,15,4.690160606006462,Scooter,Foggy,Jam,Metropolitian,True,0,1,0,5713.448596334988,5821.627563700432,Aumento_Velocidade,1
pedido_5706.513635623632_888,131.20782627778868,115.58786317146948,100.58786317146948,9.65358382534641,15,4.467262252846013,Moto,Windy,High,Metropolitian,True,0,1,0,5706.513635623632,5822.101498795101,Aumento_Velocidade,1
pedido_5717.423137243739_898,110.88718249698594,95.20719470523636,95.20719470523636,11.609533488479308,10,4.698317636466267,Moto,Foggy,Low,Urban,False,0,0,0,5717.423137243739,5822.630331948975,Nenhuma,1
pedido_5679.853728628527_872,176.76783500341972,143.7788335700852,128.7788335700852,7.676000413916666,15,4.437843710518766,Scooter,Sandstorms,Jam,Urban,True,0,1,0,5679.853728628527,5823.6325621986125,Aumento_Velocidade,0
pedido_5684.965165983929_877,138.42021661539306,150.34582606524845,135.34582606524845,13.89636074825619,5,4.857520591315716,Moto,Windy,Medium,Metropolitian,True,0,0,0,5684.965165983929,5825.310992049178,Rota_Reduzida,0
pedido_5741.747210959908_918,105.39507473830426,94.29269835429545,79.29269835429545,17.655359413217205,5,5.0,Moto,Sunny,High,Metropolitian,True,0,1,1,5741.747210959908,5826.039909314204,Aumento_Velocidade,1
pedido_5708.902494780113_890,136.2875146519965,124.30678396276443,109.30678396276443,15.430014979311402,10,4.948375419787547,Scooter,Sandstorms,Medium,Metropolitian,False,0,0,0,5708.902494780113,5828.209278742877,Rota_Reduzida,1
pedido_5781.0105860104995_948,50.7491572275383,33.11830348464241,33.11830348464241,19.665481270939225,15,5.0,Moto,Windy,Medium,Urban,False,1,0,0,5781.0105860104995,5829.128889495142,Nenhuma,1
pedido_5715.590537597477_897,134.23971654931643,124.73941802235782,109.73941802235782,12.95711604993066,5,4.673822429975286,Moto,Sandstorms,High,Metropolitian,False,0,1,0,5715.590537597477,5830.329955619835,Aumento_Velocidade,1
pedido_5756.82438976617_928,100.90298526224777,73.64683333590177,58.646833335901775,15.408836670289695,15,4.753038304517325,Moto,Sunny,Medium,Urban,False,0,0,1,5756.82438976617,5830.471223102071,Rota_Reduzida,1
pedido_5723.193661887724_900,127.78140288572862,109.81933911836951,94.81933911836951,2.132184018079067,15,4.498197997833764,Scooter,Windy,High,Metropolitian,True,0,1,0,5723.193661887724,5833.013001006094,Aumento_Velocidade,1
pedido_5728.025685027243_907,128.56303719545974,108.31533141111102,93.31533141111102,5.764540102615419,15,5.0,Moto,Foggy,Medium,Semi-Urban,True,0,0,0,5728.025685027243,5836.341016438354,Rota_Reduzida,1
pedido_5732.834645614063_912,134.20702046845372,114.75790872201884,99.75790872201884,15.943690818538526,5,4.675336474992886,Moto,Sandstorms,High,Metropolitian,False,0,1,0,5732.834645614063,5837.592554336083,Aumento_Velocidade,1
pedido_5674.850797494889_868,184.23791920081618,160.11210511858104,160.11210511858104,17.67513929038988,5,4.255278339181765,Van,Windy,High,Metropolitian,False,0,1,0,5674.850797494889,5839.96290261347,Nenhuma,0
pedido_5709.477465023046_891,135.2338915937963,133.90593632178891,118.90593632178891,17.183163375966764,15,4.793832444529233,Moto,Sandstorms,High,Metropolitian,False,0,1,0,5709.477465023046,5843.383401344835,Aumento_Velocidade,1
pedido_5675.657168194623_870,192.67895541920777,170.04800522160772,155.04800522160772,5.80864385194417,15,4.437980479387157,Moto,Sunny,High,Metropolitian,True,0,1,1,5675.657168194623,5845.705173416231,Aumento_Velocidade,0
pedido_5674.963034560489_869,186.40895326649405,171.3042564520693,156.3042564520693,17.259071982488216,15,4.438007021208538,Moto,Stormy,High,Urban,False,0,1,0,5674.963034560489,5846.267291012558,Aumento_Velocidade,0
pedido_5757.560975472459_929,98.61311810204704,74.13125086447405,74.13125086447405,5.724437868072979,15,4.4684984945221835,Moto,Sandstorms,Low,Other,False,0,0,0,5757.560975472459,5846.692226336933,Nenhuma,1
pedido_5737.4224302729635_916,137.71819004468705,121.32397778461129,106.32397778461129,13.03275964578222,5,5.0,Moto,Stormy,Jam,Metropolitian,False,0,1,0,5737.4224302729635,5848.746408057575,Aumento_Velocidade,1
pedido_5713.90249372472_896,136.62493054569046,134.98812395255177,119.98812395255177,21.81218857916112,15,4.772968366369296,Moto,Sandstorms,Medium,Metropolitian,False,0,0,0,5713.90249372472,5848.8906176772725,Rota_Reduzida,1
pedido_5805.018379890004_962,44.43255719547861,29.147306232205523,29.147306232205523,4.748699676036374,15,5.0,Scooter,Windy,Medium,Metropolitian,False,1,0,0,5805.018379890004,5849.16568612221,Nenhuma,1
pedido_5726.224437949727_903,142.57660926987654,123.75995821941402,108.75995821941402,17.193175452792588,15,4.752282453626814,Moto,Sandstorms,Jam,Urban,True,0,1,0,5726.224437949727,5849.984396169141,Aumento_Velocidade,1
pedido_5727.374357804378_905,135.34087709919237,128.62148799914868,113.62148799914868,7.1771947826722,10,4.658315854024549,Moto,Windy,Medium,Urban,False,0,0,0,5727.374357804378,5850.995845803526,Rota_Reduzida,1
pedido_5717.866291542698_899,143.5283257557421,136.1602503197005,121.16025031970051,14.948426480811612,15,4.654760917995387,Moto,Foggy,Medium,Metropolitian,True,0,0,0,5717.866291542698,5854.0265418623985,Rota_Reduzida,0
pedido_5769.192704745912_939,94.87554004418845,96.46280468601003,81.46280468601003,1.8936387414531217,5,4.913924581237738,Moto,Sunny,High,Urban,False,0,1,1,5769.192704745912,5855.655509431922,Aumento_Velocidade,1
pedido_5731.018101581462_908,130.15165249681087,124.87477933481071,109.87477933481071,5.745049830588514,15,4.834755311488879,Moto,Sandstorms,High,Metropolitian,True,0,1,0,5731.018101581462,5855.8928809162735,Aumento_Velocidade,1
pedido_5723.992635730862_901,141.5653798675711,143.6272714884173,128.6272714884173,17.299322428325148,5,4.82806975823902,Moto,Foggy,High,Metropolitian,False,0,1,0,5723.992635730862,5857.619907219279,Aumento_Velocidade,0
pedido_5737.604909748634_917,131.4779601365737,108.54329173935812,108.54329173935812,7.367570812756041,15,4.903190724189241,Van,Sandstorms,High,Metropolitian,False,0,1,0,5737.604909748634,5861.148201487992,Nenhuma,1
pedido_5777.874190465582_945,98.40654167894269,93.40799448799096,78.40799448799096,6.7974835172475725,5,4.7059564293700955,Moto,Sunny,High,Metropolitian,True,0,1,1,5777.874190465582,5861.282184953573,Aumento_Velocidade,1
pedido_5692.582715502426_881,177.4715841195258,179.61000060660476,164.61000060660476,14.52360527333172,5,4.424783274495388,Scooter,Sunny,High,Metropolitian,False,0,1,1,5692.582715502426,5862.192716109031,Aumento_Velocidade,0
pedido_5751.328898600304_922,132.26718347614715,122.18582272224748,107.18582272224748,18.177722729641264,5,4.534961948501845,Moto,Stormy,High,Metropolitian,True,0,1,0,5751.328898600304,5863.514721322551,Aumento_Velocidade,1
pedido_5713.363396433677_893,176.68191749995913,161.09093388904242,146.09093388904242,13.417359257856546,5,4.427250682519967,Moto,Sunny,High,Metropolitian,True,0,1,1,5713.363396433677,5864.454330322719,Aumento_Velocidade,0
pedido_5757.574184620364_930,129.2922408826794,112.94147750675063,97.94147750675063,4.004791898127779,10,4.6766431857803905,Moto,Stormy,High,Metropolitian,False,0,1,0,5757.574184620364,5865.515662127114,Aumento_Velocidade,1
pedido_5752.080004003166_923,130.07391154917005,114.4202648363659,99.4202648363659,0.6769449267151186,15,4.815261401423322,Moto,Sandstorms,High,Metropolitian,True,0,1,0,5752.080004003166,5866.5002688395325,Aumento_Velocidade,1
pedido_5778.755324761442_947,102.19847333539951,83.45386201622492,83.45386201622492,17.318827396695216,5,4.96935307134028,Scooter,Windy,Low,Metropolitian,False,0,0,0,5778.755324761442,5867.209186777667,Nenhuma,1
pedido_5774.075360934995_941,104.28411853047639,93.38374236149856,78.38374236149856,13.346441797742454,15,4.68388553061566,Moto,Sunny,High,Urban,True,0,1,1,5774.075360934995,5867.459103296494,Aumento_Velocidade,1
pedido_5782.181314459155_951,98.61957191852171,86.95712266714261,71.95712266714261,5.455039019816884,15,4.925882598169143,Moto,Sunny,Medium,Metropolitian,False,0,0,1,5782.181314459155,5869.1384371262975,Rota_Reduzida,1
pedido_5755.09698762669_926,135.56342651820458,119.71583483287696,104.71583483287696,15.596117591440143,10,4.837853972293729,Moto,Windy,Jam,Metropolitian,False,0,1,0,5755.09698762669,5869.812822459567,Aumento_Velocidade,1
pedido_5762.760589582474_936,132.44845292830442,120.63394578679956,100.63394578679956,18.364212909553093,10,4.939050190656733,Scooter,Foggy,High,Other,False,0,1,0,5762.760589582474,5873.394535369273,Rota_Reduzida,1
pedido_5733.866977172319_913,143.22798230201667,140.12839778319258,125.12839778319258,20.826474567805665,15,4.53103365652255,Scooter,Foggy,High,Metropolitian,False,0,1,0,5733.866977172319,5873.995374955512,Aumento_Velocidade,0
pedido_5755.83120991781_927,138.08654739218676,124.27360726212567,109.27360726212567,11.651883757139327,10,4.949533152181372,Moto,Stormy,Jam,Metropolitian,True,0,1,0,5755.83120991781,5875.104817179936,Aumento_Velocidade,1
pedido_5778.645789914808_946,99.12969740049589,91.55522918038339,91.55522918038339,2.65899841553247,5,4.618736603772929,Moto,Windy,Low,Metropolitian,False,0,0,0,5778.645789914808,5875.201019095191,Nenhuma,1
pedido_5775.071145633841_942,132.94277536605009,105.52844802982108,90.52844802982108,16.288034173874333,10,4.802095082944645,Scooter,Stormy,Jam,Metropolitian,False,0,1,0,5775.071145633841,5875.599593663663,Aumento_Velocidade,1
pedido_5754.145877348887_925,142.69880885257305,127.92365444557626,112.92365444557626,14.342976015711418,10,4.694148089245744,Moto,Foggy,Medium,Urban,False,0,0,0,5754.145877348887,5877.069531794463,Rota_Reduzida,1
pedido_5776.209343234575_944,101.5552435681509,87.22857049787942,87.22857049787942,7.177935326039558,15,5.0,Moto,Windy,Low,Metropolitian,False,0,0,0,5776.209343234575,5878.437913732454,Nenhuma,1
pedido_5753.7011894296475_924,134.7347176470133,132.3296684255406,117.3296684255406,12.59297073309537,10,4.912224523227261,Moto,Sandstorms,High,Metropolitian,False,0,1,0,5753.7011894296475,5881.0308578551885,Aumento_Velocidade,1
pedido_5747.074766206896_920,134.11805094838238,139.03837073238446,124.03837073238446,8.651759968047603,10,5.0,Moto,Sandstorms,Jam,Urban,True,0,1,0,5747.074766206896,5881.113136939281,Aumento_Velocidade,0
pedido_5799.471157341388_960,95.39972886521163,83.79400383495582,68.79400383495582,0.0,15,4.792428293312749,Moto,Sunny,High,Urban,False,0,1,1,5799.471157341388,5883.265161176344,Aumento_Velocidade,1
pedido_5797.032729599815_959,101.8176641212379,96.53679086226796,81.53679086226796,20.006367172720175,5,4.7151581122641275,Moto,Sunny,High,Metropolitian,False,0,1,1,5797.032729599815,5883.569520462083,Aumento_Velocidade,1
pedido_5761.811294339866_935,132.5890508583103,123.39642481753845,108.39642481753845,15.615247994466408,15,4.612828076813695,Moto,Windy,High,Metropolitian,False,0,1,0,5761.811294339866,5885.207719157404,Aumento_Velocidade,1
pedido_5768.960638908964_938,149.1076947561497,116.35600276812579,101.35600276812579,14.436682426996976,15,4.743619897693698,Moto,Foggy,Jam,Urban,False,0,1,0,5768.960638908964,5885.31664167709,Aumento_Velocidade,1
pedido_5759.48957238664_932,152.1258839000584,136.9188350324068,121.9188350324068,19.692237302565342,5,4.666520959203864,Moto,Foggy,Jam,Metropolitian,True,0,1,0,5759.48957238664,5886.408407419047,Aumento_Velocidade,0
pedido_5765.482820909918_937,142.18336710877625,126.25782894635623,111.25782894635623,12.731795600652395,10,5.0,Scooter,Foggy,High,Urban,False,0,1,0,5765.482820909918,5886.740649856274,Aumento_Velocidade,1
pedido_5734.333554875356_914,174.61005275747488,166.58122875530017,151.58122875530017,7.389433628181999,5,4.306119367334086,Moto,Stormy,High,Urban,True,0,1,0,5734.333554875356,5890.914783630656,Aumento_Velocidade,0
pedido_5732.82379786831_911,177.84839692214834,169.25653192236538,154.25653192236538,6.597736751270452,5,4.325540366964518,Moto,Windy,Jam,Urban,False,0,1,0,5732.82379786831,5892.080329790675,Aumento_Velocidade,0
pedido_5759.992741019953_934,139.70864792478278,142.46058246233258,127.46058246233258,11.426719112468895,5,4.476223201779322,Moto,Stormy,Jam,Metropolitian,False,0,1,0,5759.992741019953,5892.453323482286,Aumento_Velocidade,0
pedido_5759.507507413888_933,132.42649540217445,138.01491366441053,123.01491366441053,5.79456467939647,15,5.0,Moto,Windy,High,Metropolitian,False,0,1,0,5759.507507413888,5897.522421078298,Aumento_Velocidade,0
pedido_5789.793647538446_954,129.9684466239904,107.84248585219282,92.84248585219282,8.279734097008435,15,4.6633888980312275,Scooter,Stormy,High,Metropolitian,False,0,1,0,5789.793647538446,5897.636133390639,Aumento_Velocidade,1
pedido_5803.04827377093_961,135.50349704249348,101.80550537520315,86.80550537520315,16.94687139755498,10,4.985569951117578,Scooter,Stormy,Medium,Metropolitian,False,0,0,0,5803.04827377093,5899.853779146133,Rota_Reduzida,1
pedido_5782.118603364129_950,133.05301520761498,128.05169474103155,113.05169474103155,9.253559460435183,5,4.469434737585418,Moto,Foggy,Jam,Metropolitian,True,0,1,0,5782.118603364129,5900.17029810516,Aumento_Velocidade,1
pedido_5809.5646092457155_966,123.4461031951064,103.65258615545312,83.65258615545312,6.39226556883286,10,4.860515465204158,Scooter,Foggy,High,Other,False,0,1,0,5809.5646092457155,5903.217195401168,Rota_Reduzida,1
pedido_5727.992701304833_906,193.699593113112,181.26099664575315,166.26099664575315,2.6956642186345663,10,4.403743434319859,Scooter,Sunny,High,Metropolitian,False,0,1,1,5727.992701304833,5904.253697950586,Aumento_Velocidade,0
pedido_5805.301154046156_963,100.7075572962485,94.14974251683144,94.14974251683144,2.066458526062947,5,4.799048373863797,Moto,Stormy,Low,Metropolitian,False,0,0,0,5805.301154046156,5904.4508965629875,Nenhuma,1
pedido_5732.214440397099_910,178.31528929265264,174.8588736862083,159.8588736862083,4.476522676244028,15,4.20109974804464,Moto,Foggy,High,Urban,False,0,1,0,5732.214440397099,5907.073314083307,Aumento_Velocidade,0
pedido_5772.01461917219_940,141.234304302999,143.0554116409914,128.0554116409914,17.566310607750562,15,4.856949221824416,Scooter,Foggy,High,Metropolitian,False,0,1,0,5772.01461917219,5915.070030813181,Aumento_Velocidade,0
pedido_5776.096166870993_943,133.26001537785646,145.83312396985485,130.83312396985485,4.701519240957557,10,4.940547376171862,Scooter,Foggy,High,Metropolitian,False,0,1,0,5776.096166870993,5916.929290840848,Aumento_Velocidade,0
pedido_5748.017447689368_921,187.2194951346056,169.1890036270267,154.1890036270267,19.73251530161076,15,4.4492244460504935,Moto,Foggy,Medium,Metropolitian,True,0,0,0,5748.017447689368,5917.206451316395,Rota_Reduzida,0
pedido_5792.218343156885_956,135.28946396046075,127.41789025066822,112.41789025066822,13.075544558382557,15,4.631550164719405,Scooter,Stormy,Medium,Metropolitian,True,0,0,0,5792.218343156885,5919.636233407553,Rota_Reduzida,1
pedido_5805.503582568465_964,127.9754943419807,116.84851576622239,101.84851576622239,5.465242683604459,15,4.771600255621395,Scooter,Windy,Jam,Urban,False,0,1,0,5805.503582568465,5922.352098334688,Aumento_Velocidade,1
pedido_5796.917013394529_958,134.50358565486462,131.38888012721782,116.38888012721782,14.202321853987824,10,4.942196201861799,Moto,Sandstorms,High,Metropolitian,True,0,1,0,5796.917013394529,5923.305893521747,Aumento_Velocidade,1
pedido_5811.975391785789_967,130.69048923704733,124.10101021672,109.10101021672,0.0,5,4.650046600963718,Moto,Sandstorms,High,Metropolitian,True,0,1,0,5811.975391785789,5926.076402002509,Aumento_Velocidade,1
pedido_5782.335476154198_952,175.6158435234842,155.77804833225176,140.77804833225176,6.3024513517268685,5,4.400494724153503,Moto,Sandstorms,High,Metropolitian,True,0,1,0,5782.335476154198,5928.11352448645,Aumento_Velocidade,0
pedido_5807.536044756459_965,122.88088411858261,121.29897125339377,106.29897125339377,1.5251006330250978,15,4.520110184892155,Scooter,Sandstorms,Jam,Metropolitian,False,0,1,0,5807.536044756459,5928.835016009853,Aumento_Velocidade,1
pedido_5788.565919888682_953,169.51040171208203,156.73582199536412,141.73582199536412,0.0,5,4.439093641723113,Scooter,Sandstorms,Medium,Metropolitian,False,0,0,0,5788.565919888682,5935.301741884046,Rota_Reduzida,0
pedido_5745.604284573241_919,195.22014710852773,177.00910476812172,177.00910476812172,5.340877866339731,15,4.380182476035479,Van,Sunny,High,Urban,False,0,1,1,5745.604284573241,5937.613389341363,Nenhuma,0
pedido_5789.821450623847_955,184.4192918676476,174.50573855504447,159.50573855504447,16.386668937746737,5,4.337037789586005,Moto,Stormy,Medium,Metropolitian,False,0,0,0,5789.821450623847,5954.327189178892,Rota_Reduzida,0
pedido_5793.254502111048_957,186.57923785775844,172.2589163618764,157.2589163618764,21.844829665215542,5,4.400861650735869,Moto,Windy,High,Metropolitian,True,0,1,0,5793.254502111048,5955.513418472925,Aumento_Velocidade,0
pedido_7227.744228507693_18,43.58307652594626,22.07307516542199,22.07307516542199,2.6659734419891685,15,4.5294023385365145,Moto,Sunny,High,Metropolitian,True,1,1,1,7227.744228507693,7264.817303673115,Nenhuma,1
pedido_7209.277418205891_4,101.8544257070725,90.13825451062166,75.13825451062166,13.124659106749293,5,4.778173204303097,Scooter,Sunny,High,Metropolitian,False,0,1,1,7209.277418205891,7289.415672716513,Aumento_Velocidade,1
pedido_7210.609800307524_7,102.38665475488781,85.91686482000163,70.91686482000163,15.053203244392463,15,4.613373450558919,Scooter,Sunny,High,Metropolitian,False,0,1,1,7210.609800307524,7296.526665127526,Aumento_Velocidade,1
pedido_7203.953259032378_0,94.83795869279585,91.05570298664999,91.05570298664999,8.613362122552143,5,4.55500852344601,Van,Sunny,Medium,Metropolitian,False,0,0,1,7203.953259032378,7300.008962019028,Nenhuma,1
pedido_7215.515835149017_8,100.29342475858844,101.06472708357228,81.06472708357228,14.075585593294992,5,5.0,Moto,Sunny,High,Other,False,0,1,1,7215.515835149017,7301.58056223259,Rota_Reduzida,1
pedido_7206.4781202191625_2,135.3060443793462,103.74681799415701,88.74681799415701,14.35328831893785,10,4.679014691167022,Moto,Sandstorms,High,Urban,True,0,1,0,7206.4781202191625,7305.22493821332,Aumento_Velocidade,1
pedido_7220.768554754451_12,98.30735841297896,89.9831484062785,74.9831484062785,8.347728014155415,10,4.712305596108126,Moto,Sunny,High,Metropolitian,True,0,1,1,7220.768554754451,7305.751703160729,Aumento_Velocidade,1
pedido_7210.031771259943_5,100.96722327894045,84.96405753509306,84.96405753509306,5.768701650287726,15,4.615033751875929,Scooter,Windy,Low,Metropolitian,False,0,0,0,7210.031771259943,7309.995828795036,Nenhuma,1
pedido_7210.179692940468_6,128.39458596569582,115.34199607835309,100.34199607835309,7.680149023758839,5,4.77082171912855,Scooter,Stormy,High,Urban,False,0,1,0,7210.179692940468,7315.521689018821,Aumento_Velocidade,1
pedido_7254.357778022917_31,59.534182790632585,55.64189885716381,55.64189885716381,17.209509109240603,10,4.26734664952357,Scooter,Foggy,Jam,Metropolitian,False,1,1,0,7254.357778022917,7319.999676880081,Nenhuma,1
pedido_7219.119008111206_11,104.80978324531836,112.52326203519333,97.52326203519333,17.658596478229537,5,4.924518206060139,Moto,Sunny,High,Metropolitian,True,0,1,1,7219.119008111206,7321.6422701464,Aumento_Velocidade,1
pedido_7249.223148671297_27,99.51876533257081,82.28316470205466,67.28316470205466,5.78733370187969,10,4.723726503421982,Moto,Sunny,Jam,Metropolitian,False,0,1,1,7249.223148671297,7326.506313373352,Aumento_Velocidade,1
pedido_7221.203013770596_13,130.92499823761014,108.47779663842502,93.47779663842502,8.782563626701622,15,4.525292196990396,Moto,Sandstorms,High,Metropolitian,False,0,1,0,7221.203013770596,7329.680810409021,Aumento_Velocidade,1
pedido_7218.427454916678_10,128.10338629484463,117.38790655683059,102.38790655683059,4.245755603290133,10,4.606533568032946,Moto,Stormy,High,Metropolitian,False,0,1,0,7218.427454916678,7330.815361473508,Aumento_Velocidade,1
pedido_7226.181398240352_16,139.28425167254022,116.9239866049125,101.9239866049125,18.235258703584233,10,4.999067309080789,Scooter,Windy,Medium,Metropolitian,False,0,0,0,7226.181398240352,7338.105384845265,Rota_Reduzida,1
pedido_7237.51381189521_20,101.92106332080041,110.4229041135211,95.4229041135211,14.2287201165725,10,4.789980373718059,Scooter,Sunny,High,Urban,False,0,1,1,7237.51381189521,7342.936716008731,Aumento_Velocidade,1
pedido_7244.518231864953_22,122.93654859122803,116.12161972729747,96.12161972729747,8.287831563604552,5,4.8029112321218195,Scooter,Stormy,High,Other,True,0,1,0,7244.518231864953,7345.639851592251,Rota_Reduzida,1
pedido_7230.047780153261_19,128.06032010693454,121.66298388671876,106.66298388671876,2.2753333303028906,10,5.0,Moto,Sandstorms,Jam,Metropolitian,False,0,1,0,7230.047780153261,7346.710764039979,Aumento_Velocidade,1
pedido_7227.0635440373735_17,125.30060676168671,132.6361252219413,112.63612522194131,18.6830408557202,10,4.771927951396754,Moto,Stormy,High,Other,False,0,1,0,7227.0635440373735,7349.699669259315,Rota_Reduzida,1
pedido_7224.8142938727_15,132.42341625007936,130.728161893024,115.72816189302401,7.224160347751937,10,4.722042244659553,Moto,Foggy,High,Urban,True,0,1,0,7224.8142938727,7350.542455765723,Aumento_Velocidade,1
pedido_7270.499931711488_39,99.0155242483077,80.57477849096414,65.57477849096414,4.924093525124628,15,4.610799274559426,Scooter,Sunny,Jam,Metropolitian,False,0,1,1,7270.499931711488,7351.0747102024525,Aumento_Velocidade,1
pedido_7246.690769851689_23,133.88414428674756,115.56934340306836,100.56934340306836,18.074806200074747,10,4.71237195130921,Scooter,Stormy,Jam,Metropolitian,False,0,1,0,7246.690769851689,7357.260113254757,Aumento_Velocidade,1
pedido_7205.054888849739_1,175.11929064102281,152.95777563465447,137.95777563465447,9.612344344822159,15,4.431368980966897,Scooter,Stormy,Medium,Metropolitian,True,0,0,0,7205.054888849739,7358.012664484393,Rota_Reduzida,0
pedido_7258.371487063128_32,131.31452148343413,104.34183030358001,89.34183030358001,9.659208216072553,15,4.691250357666799,Moto,Foggy,Medium,Metropolitian,True,0,0,0,7258.371487063128,7362.713317366708,Rota_Reduzida,1
pedido_7218.209875623037_9,138.15822506494976,151.38193424574126,136.38193424574126,18.302948681264205,10,4.650716050182326,Scooter,Sandstorms,Medium,Metropolitian,False,0,0,0,7218.209875623037,7364.591809868778,Rota_Reduzida,0
pedido_7207.7556343203505_3,172.405369836529,169.1842853828927,154.1842853828927,0.0,5,4.287912674671263,Moto,Sandstorms,High,Metropolitian,True,0,1,0,7207.7556343203505,7366.9399197032435,Aumento_Velocidade,0
pedido_7251.31161411437_30,131.31007929737657,121.58226892688955,106.58226892688955,8.797922229824913,10,4.786533955624261,Moto,Sandstorms,High,Urban,False,0,1,0,7251.31161411437,7367.89388304126,Aumento_Velocidade,1
pedido_7246.987338193245_24,131.31007929737657,131.35439517766693,116.35439517766693,8.780506753609275,5,4.799380961285169,Moto,Sandstorms,High,Urban,False,0,1,0,7246.987338193245,7368.341733370912,Aumento_Velocidade,1
pedido_7267.828603239473_38,129.36101408685738,113.63908624791983,98.63908624791983,15.860739903609263,5,4.698942609145768,Scooter,Stormy,High,Metropolitian,False,0,1,0,7267.828603239473,7371.467689487393,Aumento_Velocidade,1
pedido_7223.577243535145_14,175.60262096913092,154.0005095607671,139.0005095607671,6.233179611856017,15,4.380456524727643,Moto,Windy,High,Metropolitian,False,0,1,0,7223.577243535145,7377.577753095911,Aumento_Velocidade,0
pedido_7277.526489900217_43,130.0510352848598,104.50655132787008,89.50655132787008,13.391129132847443,15,4.851539977508038,Scooter,Stormy,High,Metropolitian,False,0,1,0,7277.526489900217,7382.033041228087,Aumento_Velocidade,1
pedido_7250.98536036333_29,148.64300053574473,142.25297799071478,127.25297799071478,10.439565373541416,5,4.946203470237877,Scooter,Foggy,Jam,Urban,False,0,1,0,7250.98536036333,7383.238338354045,Aumento_Velocidade,0
pedido_7276.003832594684_42,128.74001761613513,113.21114368055268,98.21114368055268,16.74943195546169,15,4.846575107841224,Scooter,Stormy,High,Metropolitian,False,0,1,0,7276.003832594684,7389.214976275237,Aumento_Velocidade,1
pedido_7267.585895180384_37,131.9515597341283,134.1587457126373,119.15874571263731,0.0,5,4.588886835008988,Moto,Sandstorms,High,Metropolitian,False,0,1,0,7267.585895180384,7391.744640893021,Aumento_Velocidade,1
pedido_7260.876480031179_34,132.2011587751808,141.03395483464152,126.03395483464152,16.5219570434291,5,4.753573534722319,Scooter,Stormy,Medium,Metropolitian,False,0,0,0,7260.876480031179,7391.910434865821,Rota_Reduzida,0
pedido_7352.854356764538_84,40.317339288879595,26.603094425777158,26.603094425777158,15.793163261993339,15,4.7422277162303486,Scooter,Sunny,Medium,Metropolitian,True,1,0,1,7352.854356764538,7394.457451190316,Nenhuma,1
pedido_7281.0856918091895_46,128.35655595703986,119.66344565523067,104.66344565523067,2.9551373651595894,10,4.851612746884862,Scooter,Stormy,High,Metropolitian,False,0,1,0,7281.0856918091895,7395.7491374644205,Aumento_Velocidade,1
pedido_7295.364205669295_53,125.31290395108915,103.37051621901189,88.37051621901189,0.0,15,5.0,Moto,Foggy,Medium,Metropolitian,False,0,0,0,7295.364205669295,7398.734721888307,Rota_Reduzida,1
pedido_7275.814148916907_40,149.23408829202896,123.7385911820798,108.7385911820798,13.8455967666,15,4.877802513761813,Scooter,Foggy,Jam,Urban,False,0,1,0,7275.814148916907,7399.552740098987,Aumento_Velocidade,1
pedido_7240.539963921629_21,162.4648102033286,154.4025348286817,154.4025348286817,14.2855760035913,5,4.225056158149209,Moto,Stormy,Low,Urban,False,0,0,0,7240.539963921629,7399.942498750311,Nenhuma,0
pedido_7291.753738496709_50,132.74985190309857,109.72822307119968,94.72822307119968,1.5131961687386477,15,4.754800138919392,Scooter,Sandstorms,High,Metropolitian,False,0,1,0,7291.753738496709,7401.481961567909,Aumento_Velocidade,1
pedido_7287.0641220115185_48,130.78481102416515,124.58424684111355,109.58424684111355,3.968878925295999,5,4.7216504605895375,Moto,Sandstorms,High,Metropolitian,True,0,1,0,7287.0641220115185,7401.648368852632,Aumento_Velocidade,1
pedido_7278.074239827738_44,135.78937388233808,130.5113716983139,115.5113716983139,6.3997320817006855,10,4.752397560895487,Moto,Windy,Medium,Metropolitian,False,0,0,0,7278.074239827738,7403.585611526052,Rota_Reduzida,1
pedido_7364.02771090521_93,44.07982737952384,30.73962132392309,30.73962132392309,8.200922366882548,10,4.532566042968723,Scooter,Windy,High,Metropolitian,False,1,1,0,7364.02771090521,7404.767332229134,Nenhuma,1
pedido_7250.51105711333_28,163.3365127890072,144.62759139392742,144.62759139392742,11.082423982354094,15,4.393715964691009,Moto,Windy,Low,Metropolitian,False,0,0,0,7250.51105711333,7410.138648507257,Nenhuma,0
pedido_7248.536511211433_25,189.46944666985706,173.58902303580697,158.58902303580697,11.432669806484824,5,4.372554055412379,Moto,Foggy,High,Metropolitian,False,0,1,0,7248.536511211433,7412.1255342472405,Aumento_Velocidade,0
pedido_7308.912806379229_57,132.77901003241487,113.5547179713313,98.5547179713313,18.166119689339315,5,4.936503325447382,Moto,Stormy,High,Metropolitian,True,0,1,0,7308.912806379229,7412.46752435056,Aumento_Velocidade,1
pedido_7285.933356305462_47,131.29120342940465,131.61781467684153,116.61781467684153,4.6286715154643705,10,4.718441072637255,Scooter,Windy,High,Metropolitian,False,0,1,0,7285.933356305462,7412.551170982304,Aumento_Velocidade,1
pedido_7280.761370229388_45,134.20702046845372,137.02538671807673,122.02538671807673,14.556014155565451,10,4.723769014688138,Moto,Sandstorms,High,Metropolitian,False,0,1,0,7280.761370229388,7412.786756947465,Aumento_Velocidade,0
pedido_7291.971660462343_51,134.84355452194856,107.76080397071614,107.76080397071614,8.246217602727397,15,5.0,Van,Sandstorms,Medium,Metropolitian,False,0,0,0,7291.971660462343,7414.732464433059,Nenhuma,1
pedido_7322.883305480946_63,102.93791356336945,82.75850858141415,82.75850858141415,14.970657536610982,10,4.672569760860768,Moto,Sandstorms,Low,Metropolitian,False,0,0,0,7322.883305480946,7415.64181406236,Nenhuma,1
pedido_7339.659592102553_73,98.43361892563966,61.61306071510431,61.61306071510431,10.331329494009779,15,4.571721851242565,Van,Sunny,Medium,Metropolitian,False,0,0,1,7339.659592102553,7416.272652817657,Nenhuma,1
pedido_7292.648696469024_52,141.67887272572975,124.85011863382991,109.85011863382991,16.167927587322655,15,4.983546324061518,Scooter,Foggy,High,Metropolitian,False,0,1,0,7292.648696469024,7417.498815102854,Aumento_Velocidade,1
pedido_7275.890883182493_41,143.91163808820735,127.04676831869011,127.04676831869011,15.666419982018095,15,4.641767775360052,Van,Foggy,High,Metropolitian,True,0,1,0,7275.890883182493,7417.937651501183,Nenhuma,0
pedido_7266.256576435946_36,178.4165804503747,165.0580425515729,150.0580425515729,5.841121579786167,5,4.32297139716861,Moto,Foggy,High,Urban,False,0,1,0,7266.256576435946,7421.314618987519,Aumento_Velocidade,0
pedido_7313.090304671581_59,100.83142345821166,93.5490280971849,93.5490280971849,6.633323854297762,15,5.0,Moto,Windy,Low,Metropolitian,True,0,0,0,7313.090304671581,7421.6393327687665,Nenhuma,1
pedido_7310.119533981278_58,132.43260634307043,118.72071178647408,103.72071178647408,2.137215699668062,10,4.650651790119094,Scooter,Foggy,High,Metropolitian,True,0,1,0,7310.119533981278,7423.840245767752,Aumento_Velocidade,1
pedido_7324.136552380958_65,110.46772200407192,108.53056976457252,93.53056976457252,19.721471767254023,10,4.6928698375590185,Scooter,Sunny,Jam,Metropolitian,True,0,1,1,7324.136552380958,7427.667122145531,Aumento_Velocidade,1
pedido_7299.526943534175_55,144.56485776559944,140.30772442189843,125.30772442189843,12.311715106312558,5,4.869600918073121,Moto,Foggy,High,Urban,True,0,1,0,7299.526943534175,7429.834667956074,Aumento_Velocidade,0
pedido_7303.422273573207_56,126.80664071777552,121.6656496920675,121.6656496920675,20.054316566979345,5,4.740489446151131,Van,Windy,Jam,Other,False,0,1,0,7303.422273573207,7430.087923265275,Nenhuma,0
pedido_7396.129360268086_112,44.13786916148065,24.285678451245253,24.285678451245253,9.1224767748058,10,4.51995755763836,Moto,Stormy,High,Metropolitian,False,1,1,0,7396.129360268086,7430.415038719331,Nenhuma,1
pedido_7248.952877833088_26,196.55987856517962,188.05912893284284,173.05912893284284,16.05300248173897,10,4.323382077308121,Scooter,Sandstorms,Jam,Urban,False,0,1,0,7248.952877833088,7432.012006765931,Aumento_Velocidade,0
pedido_7344.847856108886_77,110.95020990734577,98.72018705957322,83.72018705957322,12.983615549356157,5,5.0,Scooter,Sunny,Jam,Metropolitian,False,0,1,1,7344.847856108886,7433.56804316846,Aumento_Velocidade,1
pedido_7324.6950445857365_66,132.4886587340063,114.58622451569414,99.58622451569414,3.560805137193716,10,4.638200991108966,Moto,Sandstorms,High,Metropolitian,False,0,1,0,7324.6950445857365,7434.281269101431,Aumento_Velocidade,1
pedido_7336.181280012716_70,101.19838795074129,84.20735288625632,84.20735288625632,4.289984763977806,15,4.458393131863191,Moto,Windy,Low,Metropolitian,False,0,0,0,7336.181280012716,7435.388632898973,Nenhuma,1
pedido_7290.28633293626_49,145.10180668824276,150.61665670477836,135.61665670477836,14.299878075632556,10,5.0,Moto,Foggy,Medium,Metropolitian,False,0,0,0,7290.28633293626,7435.902989641038,Rota_Reduzida,0
pedido_7330.161725242462_69,132.0143942073065,116.16556985303362,101.16556985303362,5.5310234412491965,5,4.675657675953851,Moto,Sandstorms,High,Metropolitian,False,0,1,0,7330.161725242462,7436.327295095496,Aumento_Velocidade,1
pedido_7265.901768115515_35,157.50287444487225,166.39329795488146,166.39329795488146,14.992158560752394,5,4.410377944944616,Moto,Sandstorms,Low,Metropolitian,True,0,0,0,7265.901768115515,7437.295066070396,Nenhuma,0
pedido_7317.453894287686_61,134.58204529738882,131.16358076476865,116.16358076476865,16.93199872168804,10,4.570932268448168,Moto,Windy,High,Urban,True,0,1,0,7317.453894287686,7443.617475052455,Aumento_Velocidade,1
pedido_7344.479555046591_76,103.41372292326734,99.8857287480681,84.8857287480681,13.063090823343382,15,4.772818004988158,Moto,Sunny,High,Metropolitian,True,0,1,1,7344.479555046591,7444.365283794658,Aumento_Velocidade,1
pedido_7328.261925284904_68,129.12186397506426,127.03632028068756,112.03632028068756,0.7103199847085078,5,4.534467768436725,Scooter,Windy,Jam,Metropolitian,True,0,1,0,7328.261925284904,7445.298245565591,Aumento_Velocidade,1
pedido_7358.7190683143845_88,98.5285790259287,84.85588942860231,84.85588942860231,0.0,5,4.50357375149346,Van,Foggy,Low,Metropolitian,False,0,0,0,7358.7190683143845,7448.574957742987,Nenhuma,1
pedido_7315.983147861741_60,134.20702046845372,145.269849308556,130.269849308556,14.16462681562615,5,4.701804666788436,Moto,Sandstorms,High,Metropolitian,False,0,1,0,7315.983147861741,7451.252997170297,Aumento_Velocidade,0
pedido_7259.005518915045_33,186.91796766327408,194.390036301456,179.390036301456,4.6389528215538745,15,4.392500418116102,Moto,Sunny,Jam,Metropolitian,True,0,1,1,7259.005518915045,7453.395555216502,Aumento_Velocidade,0
pedido_7321.941891858991_62,129.76486193434457,139.33518333366706,124.33518333366706,15.652974431600938,10,4.575718841749438,Moto,Stormy,High,Metropolitian,False,0,1,0,7321.941891858991,7456.277075192658,Aumento_Velocidade,0
pedido_7323.604223086361_64,149.6575320335434,133.4767367319011,118.4767367319011,18.738371572059947,15,4.743908816975367,Scooter,Foggy,Jam,Metropolitian,False,0,1,0,7323.604223086361,7457.080959818262,Aumento_Velocidade,1
pedido_7414.743429710961_120,44.62368308426121,34.490501719443955,34.490501719443955,13.73533996515495,10,4.72622774077768,Van,Stormy,Medium,Metropolitian,False,1,0,0,7414.743429710961,7459.233931430405,Nenhuma,1
pedido_7362.623571962041_91,112.07426533661638,82.59048645761372,82.59048645761372,14.816548252318702,15,4.606609015936049,Scooter,Foggy,Low,Urban,True,0,0,0,7362.623571962041,7460.214058419655,Nenhuma,1
pedido_7343.88027975812_75,135.78175526201267,116.57174471818522,101.57174471818522,17.615907405093726,15,4.767583906374622,Moto,Windy,Medium,Urban,False,0,0,0,7343.88027975812,7460.452024476305,Rota_Reduzida,1
pedido_7355.672422054424_85,134.20702046845372,116.670514709398,101.670514709398,14.63697364112258,5,4.682626598372737,Moto,Sandstorms,High,Metropolitian,False,0,1,0,7355.672422054424,7462.342936763822,Aumento_Velocidade,1
pedido_7386.259861673245_105,98.46884860164056,76.853533460466,61.853533460466,2.5149731398688604,15,4.653503525189429,Moto,Sunny,High,Metropolitian,True,0,1,1,7386.259861673245,7463.113395133711,Aumento_Velocidade,1
pedido_7369.156807720435_100,109.29540746527898,99.89679512008665,84.89679512008665,18.148463328822668,10,5.0,Scooter,Sunny,Jam,Metropolitian,True,0,1,1,7369.156807720435,7464.053602840521,Aumento_Velocidade,1
pedido_7383.675725177362_103,106.20906400080378,85.84851394000748,70.84851394000748,13.425132078873053,10,4.488070477662653,Scooter,Sunny,High,Urban,False,0,1,1,7383.675725177362,7464.52423911737,Aumento_Velocidade,1
pedido_7363.2962782043805_92,103.13468852382971,111.37604219503879,96.37604219503879,1.4423471208451466,5,5.0,Moto,Sunny,Jam,Metropolitian,True,0,1,1,7363.2962782043805,7464.67232039942,Aumento_Velocidade,1
pedido_7327.817145510577_67,141.8150411933179,147.07908517915732,132.07908517915732,14.150792933116207,5,4.959448102407357,Scooter,Sandstorms,Jam,Metropolitian,False,0,1,0,7327.817145510577,7464.896230689734,Aumento_Velocidade,0
pedido_7337.124303451053_71,140.11079745283524,138.92613751431261,123.92613751431261,12.671865424615888,5,4.78100944789067,Scooter,Sandstorms,Jam,Urban,False,0,1,0,7337.124303451053,7466.050440965365,Aumento_Velocidade,0
pedido_7342.057583199245_74,134.51104555526933,129.32485544656936,114.32485544656936,15.733632028157755,10,4.814251726209915,Scooter,Sandstorms,High,Metropolitian,False,0,1,0,7342.057583199245,7466.382438645814,Aumento_Velocidade,1
pedido_7364.888732042444_95,97.25822735877176,107.42400985255597,92.42400985255597,6.117103922970433,10,4.782070745783193,Scooter,Sunny,High,Metropolitian,False,0,1,1,7364.888732042444,7467.312741895,Aumento_Velocidade,1
pedido_7351.367336095846_81,132.65520812979105,121.0315377977297,106.0315377977297,6.424022479009926,10,4.647650573701651,Scooter,Windy,High,Metropolitian,False,0,1,0,7351.367336095846,7467.398873893576,Aumento_Velocidade,1
pedido_7338.024116240811_72,143.87999213971185,130.04751125807616,115.04751125807616,14.550612188605424,15,4.828394984724031,Moto,Foggy,High,Metropolitian,True,0,1,0,7338.024116240811,7468.071627498887,Aumento_Velocidade,1
pedido_7356.290757421564_86,134.85640868071445,111.94115697199676,96.94115697199676,12.47009558922461,15,4.715248770763076,Moto,Sandstorms,High,Metropolitian,False,0,1,0,7356.290757421564,7468.231914393561,Aumento_Velocidade,1
pedido_7297.8548168983625_54,183.0386022137768,170.47200872622852,155.47200872622852,9.577192446432681,15,4.440063675336901,Scooter,Stormy,Jam,Urban,False,0,1,0,7297.8548168983625,7468.326825624591,Aumento_Velocidade,0
pedido_7346.109854824312_79,138.46641522191248,131.10832783909416,116.10832783909416,15.263449273631181,10,4.512150323952645,Scooter,Stormy,Jam,Metropolitian,False,0,1,0,7346.109854824312,7472.218182663406,Aumento_Velocidade,1
pedido_7364.382390341302_94,104.76061484720417,119.30711017863464,104.30711017863464,18.581603384991435,5,4.814928077490556,Moto,Sunny,High,Metropolitian,True,0,1,1,7364.382390341302,7473.689500519937,Aumento_Velocidade,1
pedido_7424.694321765065_128,45.59844314109118,37.218340981168346,37.218340981168346,12.859530140230937,15,4.930416208494479,Scooter,Stormy,High,Metropolitian,True,1,1,0,7424.694321765065,7476.912662746234,Nenhuma,1
pedido_7367.193765391494_99,135.3060443793462,110.04400288680964,95.04400288680964,14.370121077376623,15,4.663678464085733,Moto,Sandstorms,High,Urban,True,0,1,0,7367.193765391494,7477.2377682783035,Aumento_Velocidade,1
pedido_7357.57678113783_87,133.79104047427344,124.94908336369295,109.94908336369295,5.679189404112848,10,4.8139667576658285,Scooter,Foggy,High,Metropolitian,False,0,1,0,7357.57678113783,7477.525864501523,Aumento_Velocidade,1
pedido_7362.361190531863_90,133.29489237256897,126.43322831857023,111.43322831857023,11.810069833034687,5,4.8179349498341315,Scooter,Windy,High,Urban,False,0,1,0,7362.361190531863,7478.794418850433,Aumento_Velocidade,1
pedido_7430.230277087396_132,49.70840004919216,45.48083448967531,45.48083448967531,17.12787150054178,5,4.718833003707962,Moto,Windy,Medium,Metropolitian,False,1,0,0,7430.230277087396,7480.711111577071,Nenhuma,1
pedido_7351.577272165697_82,132.60897704509705,130.44950255426892,115.44950255426892,1.886046170333437,15,4.54477503144139,Moto,Windy,Medium,Metropolitian,False,0,0,0,7351.577272165697,7482.026774719966,Rota_Reduzida,1
pedido_7389.731457982149_107,103.04938568949098,88.94871249370999,88.94871249370999,3.3845476371200407,5,4.681535940786186,Moto,Sandstorms,Low,Metropolitian,False,0,0,0,7389.731457982149,7483.680170475858,Nenhuma,1
pedido_7393.670129854774_110,97.21798027955808,90.45382775967481,75.45382775967481,3.890752318279236,15,4.768281969016995,Moto,Sunny,High,Metropolitian,False,0,1,1,7393.670129854774,7484.123957614449,Aumento_Velocidade,1
pedido_7344.869642726644_78,142.69880885257305,124.39018428587352,124.39018428587352,15.573195516655447,15,4.656868638567869,Van,Foggy,Medium,Urban,False,0,0,0,7344.869642726644,7484.259827012517,Nenhuma,0
pedido_7361.952648416378_89,133.68357605391355,133.0099653052728,113.0099653052728,3.533790765927333,10,5.0,Scooter,Windy,High,Semi-Urban,False,0,1,0,7361.952648416378,7484.962613721651,Rota_Reduzida,1
pedido_7393.824166107807_111,133.03987330531243,106.20190898084209,91.20190898084209,15.31023425808305,5,4.5573145396002115,Moto,Stormy,Jam,Metropolitian,False,0,1,0,7393.824166107807,7490.026075088649,Aumento_Velocidade,1
pedido_7348.5143236534595_80,142.2433667986336,146.84202765124257,131.84202765124257,19.543875380451453,10,4.633610784763943,Scooter,Foggy,High,Metropolitian,False,0,1,0,7348.5143236534595,7490.356351304702,Aumento_Velocidade,0
pedido_7365.530887065766_98,141.80441839550375,127.76642840161892,112.76642840161892,10.719335423787077,15,4.599786676491161,Moto,Foggy,Medium,Metropolitian,False,0,0,0,7365.530887065766,7493.2973154673855,Rota_Reduzida,1
pedido_7387.74250105053_106,133.50287630574877,116.92999971188675,101.92999971188675,17.44540661206222,15,4.5775776906351755,Moto,Windy,High,Metropolitian,False,0,1,0,7387.74250105053,7504.672500762417,Aumento_Velocidade,1
pedido_7364.891509948576_96,128.45915457085135,141.15753448325506,126.15753448325506,5.665307658058642,15,5.0,Scooter,Foggy,Medium,Urban,False,0,0,0,7364.891509948576,7506.049044431831,Rota_Reduzida,0
pedido_7415.15264308458_121,104.85627689033635,101.05264553274867,86.05264553274867,15.182812725318069,5,4.690936230722535,Scooter,Sunny,High,Metropolitian,True,0,1,1,7415.15264308458,7506.205288617329,Aumento_Velocidade,1
pedido_7392.856316100909_108,135.2574796881312,127.00156830772005,112.00156830772005,17.822059893027838,5,4.689082489985517,Scooter,Windy,Medium,Metropolitian,False,0,0,0,7392.856316100909,7509.857884408629,Rota_Reduzida,1
pedido_7458.224195937506_150,40.07841713348339,46.733827833155615,46.733827833155615,15.765101505368238,5,4.593650829719919,Moto,Sunny,High,Metropolitian,False,1,1,1,7458.224195937506,7509.958023770661,Nenhuma,1
pedido_7416.2462926479975_122,122.05736522033392,100.20737587676038,85.20737587676038,2.3070403574463874,15,4.502989132444262,Moto,Sandstorms,Jam,Metropolitian,True,0,1,0,7416.2462926479975,7516.453668524758,Aumento_Velocidade,1
pedido_7400.034243252484_115,129.906352315028,126.51619098221417,111.51619098221417,8.06724193273962,5,4.621085683526652,Moto,Stormy,High,Metropolitian,False,0,1,0,7400.034243252484,7516.5504342346985,Aumento_Velocidade,1
pedido_7418.357519150756_126,135.45581225544925,112.38212619749481,97.38212619749481,5.116734433338974,5,4.778074192323407,Moto,Sandstorms,Medium,Metropolitian,False,0,0,0,7418.357519150756,7520.739645348251,Rota_Reduzida,1
pedido_7417.033421738724_123,135.35758024500464,116.89452088405902,101.89452088405902,19.638075221705385,5,4.673060382293767,Scooter,Windy,Jam,Metropolitian,False,0,1,0,7417.033421738724,7523.927942622783,Aumento_Velocidade,1
pedido_7393.150042190308_109,144.65638861687444,141.61310282557957,126.61310282557957,23.32993785165793,5,4.7614431311370575,Scooter,Foggy,High,Metropolitian,False,0,1,0,7393.150042190308,7524.763145015888,Aumento_Velocidade,0
pedido_7417.771542576984_124,133.8434674552088,112.86933441209374,97.86933441209374,2.923922607873335,10,4.839070338839175,Moto,Windy,Medium,Urban,False,0,0,0,7417.771542576984,7525.640876989078,Rota_Reduzida,1
pedido_7417.94156728101_125,129.47527490682356,119.14291628069253,104.14291628069253,13.360590387479437,5,4.813120275766801,Moto,Stormy,High,Urban,False,0,1,0,7417.94156728101,7527.084483561703,Aumento_Velocidade,1
pedido_7400.837862120539_116,134.83268633413834,127.41517962318883,112.41517962318883,10.845156706258145,15,4.84204172584925,Moto,Windy,High,Metropolitian,False,0,1,0,7400.837862120539,7528.253041743728,Aumento_Velocidade,1
pedido_7352.571336678307_83,188.63123006211475,182.23232172422425,167.23232172422425,15.222175933457317,10,4.117259273405357,Moto,Foggy,High,Metropolitian,False,0,1,0,7352.571336678307,7529.803658402531,Aumento_Velocidade,0
pedido_7411.797381710326_119,125.81241671419555,119.40767334987615,104.40767334987615,2.2673389507906867,15,4.4974993546710476,Moto,Stormy,High,Metropolitian,False,0,1,0,7411.797381710326,7531.205055060202,Aumento_Velocidade,1
pedido_7408.838558531238_118,134.06561286390615,128.9864375016392,113.98643750163919,9.538147399547912,10,4.55984913491267,Scooter,Foggy,High,Metropolitian,False,0,1,0,7408.838558531238,7532.824996032878,Aumento_Velocidade,1
pedido_7430.784994694864_133,109.43302888323352,107.70622834968427,92.70622834968427,13.811821446042757,10,4.802688756622318,Scooter,Sunny,Jam,Metropolitian,False,0,1,1,7430.784994694864,7533.491223044548,Aumento_Velocidade,1
pedido_7378.340583651331_102,179.25352009795174,165.52904477008462,150.52904477008462,20.050044061635518,5,4.250564067179807,Moto,Sunny,High,Metropolitian,False,0,1,1,7378.340583651331,7533.869628421416,Aumento_Velocidade,0
pedido_7365.312355314017_97,171.68322709508863,169.25896995481946,154.25896995481946,15.126454504724938,15,4.081658383489437,Moto,Sunny,Jam,Metropolitian,False,0,1,1,7365.312355314017,7534.5713252688365,Aumento_Velocidade,0
pedido_7443.188517858193_139,103.34497903309905,77.41425988500092,77.41425988500092,8.257718674359761,15,4.538089466506446,Scooter,Sandstorms,Low,Metropolitian,False,0,0,0,7443.188517858193,7535.602777743195,Nenhuma,1
pedido_7428.64822371279_130,102.77100945330601,102.61990616989283,102.61990616989283,6.8460113496876325,10,4.816147412824614,Moto,Windy,Low,Urban,False,0,0,0,7428.64822371279,7541.268129882683,Nenhuma,1
pedido_7447.353906070653_141,129.56817753469937,99.26011773133098,84.26011773133098,4.889995276100634,10,4.5051013512713265,Moto,Sandstorms,High,Urban,True,0,1,0,7447.353906070653,7541.614023801983,Aumento_Velocidade,1
pedido_7398.3003762792_114,171.6121800610332,151.4850071605655,136.4850071605655,0.0,10,4.439977824094776,Scooter,Windy,Jam,Metropolitian,True,0,1,0,7398.3003762792,7544.785383439765,Aumento_Velocidade,0
pedido_7472.858850947302_157,104.07082915916385,80.99916874416138,65.99916874416138,17.62893313662698,10,4.905813861216208,Moto,Sunny,Medium,Metropolitian,False,0,0,1,7472.858850947302,7548.858019691464,Rota_Reduzida,1
pedido_7375.320886778802_101,184.61239836773493,174.56908794119644,159.56908794119644,13.631982935635827,15,4.224009320905472,Scooter,Windy,High,Metropolitian,False,0,1,0,7375.320886778802,7549.8899747199985,Aumento_Velocidade,0
pedido_7438.76005156993_138,132.51708626687187,121.32060546230592,106.32060546230592,2.583272481875894,5,5.0,Moto,Windy,High,Urban,True,0,1,0,7438.76005156993,7550.080657032236,Aumento_Velocidade,1
pedido_7405.2264943260325_117,144.21975274826923,150.74821324160138,135.74821324160138,14.107897687989439,10,5.0,Moto,Foggy,High,Urban,True,0,1,0,7405.2264943260325,7550.974707567634,Aumento_Velocidade,0
pedido_7422.971896608439_127,135.87397560093197,133.52719567086143,118.52719567086143,8.650268067698349,10,4.969955593263523,Moto,Sandstorms,High,Metropolitian,False,0,1,0,7422.971896608439,7551.4990922793,Aumento_Velocidade,1
pedido_7433.934353763589_136,134.51104555526933,125.53853736916346,110.53853736916346,16.295185093244413,10,4.8352996754851505,Moto,Sandstorms,High,Metropolitian,False,0,1,0,7433.934353763589,7554.472891132752,Aumento_Velocidade,1
pedido_7429.1997448188295_131,136.0873153819284,138.78422599573918,123.78422599573918,16.723489716058772,5,4.516725843318163,Moto,Sandstorms,High,Metropolitian,False,0,1,0,7429.1997448188295,7557.983970814568,Aumento_Velocidade,0
pedido_7385.112933456372_104,179.4956819648028,178.98246613085803,163.98246613085803,5.30713851454272,10,4.419503410667835,Moto,Foggy,High,Metropolitian,False,0,1,0,7385.112933456372,7559.09539958723,Aumento_Velocidade,0
pedido_7481.376892986082_162,103.63779484575515,77.89682338965281,62.89682338965281,13.928715921320535,15,4.772586327643833,Scooter,Sunny,High,Metropolitian,True,0,1,1,7481.376892986082,7559.273716375735,Aumento_Velocidade,1
pedido_7471.803142419321_156,103.49681175181634,98.55357981382589,83.55357981382589,13.197095069239483,5,4.917703476287642,Moto,Sunny,Medium,Urban,True,0,0,1,7471.803142419321,7560.356722233148,Rota_Reduzida,1
pedido_7433.690517715754_135,130.51708845118355,128.3333867609078,113.33338676090781,6.094841339789765,15,4.880765741072847,Moto,Windy,High,Metropolitian,False,0,1,0,7433.690517715754,7562.023904476662,Aumento_Velocidade,1
pedido_7450.445899765304_144,127.61054435746048,121.68094672718813,106.68094672718813,5.98640388180192,5,4.496897596861939,Moto,Windy,Jam,Metropolitian,False,0,1,0,7450.445899765304,7562.1268464924915,Aumento_Velocidade,1
pedido_7532.6817966056415_198,44.89810362122526,28.168699478351904,28.168699478351904,14.615326703106952,5,5.0,Moto,Stormy,High,Metropolitian,True,1,1,0,7532.6817966056415,7565.850496083994,Nenhuma,1
pedido_7445.398378796188_140,134.7974215953007,130.583320780242,115.58332078024199,3.187014918434418,5,4.71032030364815,Scooter,Foggy,High,Urban,False,0,1,0,7445.398378796188,7565.9816995764295,Aumento_Velocidade,1
pedido_7436.920739095634_137,127.73783541667713,139.67274166747225,124.67274166747225,4.657337345921753,5,4.675025230476352,Moto,Stormy,High,Metropolitian,True,0,1,0,7436.920739095634,7566.5934807631065,Aumento_Velocidade,0
pedido_7464.989297242391_155,123.15182698680572,111.6487218610075,91.6487218610075,4.44147723582298,10,4.7696457801774494,Moto,Foggy,Jam,Other,False,0,1,0,7464.989297242391,7566.638019103399,Rota_Reduzida,1
pedido_7396.823051371073_113,179.2940048121068,180.46621911528564,165.46621911528564,4.958391559291233,5,4.376139157775922,Moto,Foggy,High,Metropolitian,True,0,1,0,7396.823051371073,7567.289270486359,Aumento_Velocidade,0
pedido_7452.960312743077_146,131.78534608617304,119.33304333609235,104.33304333609235,2.2772038604643408,10,4.744555495769737,Moto,Sandstorms,High,Urban,False,0,1,0,7452.960312743077,7567.29335607917,Aumento_Velocidade,1
pedido_7431.387556464166_134,144.4884318628987,139.23707752337512,124.23707752337512,17.08349946680851,15,4.879873206409809,Moto,Foggy,Medium,Metropolitian,False,0,0,0,7431.387556464166,7570.624633987541,Rota_Reduzida,0
pedido_7512.424761445509_178,47.508906759364635,46.91664596267968,46.91664596267968,21.841428529987375,15,4.921699172911809,Moto,Sandstorms,High,Metropolitian,False,1,1,0,7512.424761445509,7574.341407408188,Nenhuma,1
pedido_7460.834457277882_152,129.98288199397427,120.5364678390535,105.5364678390535,13.820525877492036,10,4.460240246421839,Moto,Stormy,High,Metropolitian,False,0,1,0,7460.834457277882,7576.370925116936,Aumento_Velocidade,1
pedido_7472.89786088165_158,125.54358082714695,118.29586936418417,103.29586936418417,8.855960645072296,5,4.490544725421035,Moto,Foggy,Medium,Metropolitian,False,0,0,0,7472.89786088165,7581.193730245834,Rota_Reduzida,1
pedido_7537.005753729363_201,58.74343052090811,40.22095558746284,40.22095558746284,17.131410112053278,5,4.200942368104731,Moto,Sandstorms,Low,Metropolitian,False,1,0,0,7537.005753729363,7582.226709316826,Nenhuma,1
pedido_7457.432474065782_149,128.64689808372484,126.43008854916246,111.43008854916246,8.81286314754514,15,4.77168197208126,Scooter,Stormy,High,Metropolitian,False,0,1,0,7457.432474065782,7583.862562614944,Aumento_Velocidade,1
pedido_7448.001032924605_142,131.82091331640626,128.1685337131375,128.1685337131375,11.036692992157201,10,4.546683802026395,Van,Stormy,High,Metropolitian,True,0,1,0,7448.001032924605,7586.169566637743,Nenhuma,0
pedido_7519.197130757882_185,45.26148271349147,61.974643453756954,61.974643453756954,15.630041863316029,5,4.920871966052593,Van,Sandstorms,High,Urban,True,1,1,0,7519.197130757882,7586.17177421164,Nenhuma,1
pedido_7477.790366125394_160,133.1512379156506,108.92625753758975,93.92625753758975,10.173316815110367,15,4.6020587602709835,Moto,Sandstorms,High,Metropolitian,True,0,1,0,7477.790366125394,7586.716623662984,Aumento_Velocidade,1
pedido_7485.096988226559_166,97.70385677473216,94.29813993838854,94.29813993838854,6.322002009048258,10,4.885129094417222,Scooter,Sunny,Low,Urban,False,0,0,1,7485.096988226559,7589.395128164948,Nenhuma,1
pedido_7453.687728212383_147,134.56035850346612,140.78395939124528,125.78395939124528,10.382207682911144,10,4.627160953062784,Moto,Stormy,Jam,Urban,False,0,1,0,7453.687728212383,7589.471687603628,Aumento_Velocidade,0
pedido_7514.312710885466_179,103.21384191446903,86.21723206329482,71.21723206329482,17.199633083255026,5,5.0,Scooter,Sunny,High,Metropolitian,False,0,1,1,7514.312710885466,7590.52994294876,Aumento_Velocidade,1
pedido_7553.0716572901665_214,44.47978181787796,34.203776929761055,34.203776929761055,12.688591640444905,5,4.554361255001829,Scooter,Foggy,High,Metropolitian,False,1,1,0,7553.0716572901665,7592.275434219928,Nenhuma,1
pedido_7480.71752876338_161,103.52368612863889,102.85798560098928,102.85798560098928,17.137363286773304,10,4.7401079747783,Scooter,Windy,Low,Metropolitian,False,0,0,0,7480.71752876338,7593.575514364369,Nenhuma,1
pedido_7497.3772250115235_171,122.51002003681302,93.64293617739699,93.64293617739699,2.395756251801325,5,4.842784370122194,Van,Stormy,Jam,Metropolitian,False,0,1,0,7497.3772250115235,7596.020161188921,Nenhuma,1
pedido_7449.371825924395_143,151.25659107391527,152.05789369345237,137.05789369345237,15.45494010334276,10,4.586869275870122,Moto,Foggy,Jam,Metropolitian,True,0,1,0,7449.371825924395,7596.429719617848,Aumento_Velocidade,0
pedido_7426.609065598942_129,188.58980840976363,171.2373076409696,156.2373076409696,14.644739976716954,15,4.385568009065297,Scooter,Windy,Medium,Metropolitian,False,0,0,0,7426.609065598942,7597.846373239911,Rota_Reduzida,0
pedido_7476.585333448966_159,129.36101408685738,108.44016047703272,108.44016047703272,13.996324854796912,15,4.739314144877332,Van,Stormy,High,Urban,False,0,1,0,7476.585333448966,7600.0254939259985,Nenhuma,1
pedido_7484.791633193294_165,128.06318059579183,119.4080818960943,104.4080818960943,4.751855226755741,15,4.802906150575859,Moto,Stormy,High,Urban,True,0,1,0,7484.791633193294,7604.1997150893885,Aumento_Velocidade,1
pedido_7481.775037080797_163,135.999765876465,129.59333887939658,114.59333887939658,14.408125999936637,10,4.892257726994087,Scooter,Windy,Medium,Urban,False,0,0,0,7481.775037080797,7606.368375960194,Rota_Reduzida,1
pedido_7456.951713846225_148,150.93865531839876,154.63437488338232,139.63437488338232,13.331409922729158,10,4.947618144417556,Scooter,Foggy,Jam,Metropolitian,True,0,1,0,7456.951713846225,7606.586088729608,Aumento_Velocidade,0
pedido_7530.611523625143_195,94.81794157749519,82.17628538111373,67.17628538111373,6.064515821241789,10,4.578123612920127,Moto,Sunny,Medium,Other,True,0,0,1,7530.611523625143,7607.787809006256,Rota_Reduzida,1
pedido_7452.122891707699_145,175.24098704964817,161.59276358687177,146.59276358687177,7.063919044506972,10,4.439522669425582,Scooter,Windy,High,Metropolitian,False,0,1,0,7452.122891707699,7608.715655294571,Aumento_Velocidade,0
pedido_7459.415425469452_151,153.28291759373425,159.73298557048415,144.73298557048415,21.3041994793755,5,4.5839307685839685,Scooter,Foggy,Jam,Metropolitian,True,0,1,0,7459.415425469452,7609.148411039936,Aumento_Velocidade,0
pedido_7502.275094276513_173,100.9611513986964,94.60448504837397,94.60448504837397,2.049481338610519,15,4.935065107679627,Scooter,Windy,Low,Metropolitian,False,0,0,0,7502.275094276513,7611.879579324887,Nenhuma,1
pedido_7483.921397663292_164,135.58399321509893,133.25207824841488,118.25207824841488,7.817686028708942,10,4.849506115773702,Moto,Windy,Medium,Urban,False,0,0,0,7483.921397663292,7612.173475911707,Rota_Reduzida,1
pedido_7515.850303552723_180,126.49453616799754,102.30957746162812,87.30957746162812,0.766483003312505,10,4.466246604571092,Scooter,Stormy,High,Metropolitian,False,0,1,0,7515.850303552723,7613.159881014351,Aumento_Velocidade,1
pedido_7486.70546855435_167,135.33385504438797,112.92745649674964,112.92745649674964,12.547753266918964,15,4.635400670544423,Van,Sandstorms,High,Metropolitian,False,0,1,0,7486.70546855435,7614.6329250511,Nenhuma,1
pedido_7518.18780781492_182,97.86460107041489,108.07749490501706,93.07749490501706,6.564255830800523,5,4.7807177476038385,Moto,Sunny,High,Metropolitian,True,0,1,1,7518.18780781492,7616.265302719938,Aumento_Velocidade,1
pedido_7525.117159527621_191,97.49009431361574,89.11865942489023,89.11865942489023,4.197351261392917,5,4.674701103461458,Van,Sunny,High,Urban,False,0,1,1,7525.117159527621,7619.235818952511,Nenhuma,1
pedido_7464.780016567108_154,176.7488281613606,167.0845800829113,152.0845800829113,3.9535144620730085,5,4.425176045052663,Moto,Sandstorms,High,Metropolitian,False,0,1,0,7464.780016567108,7621.864596650019,Aumento_Velocidade,0
pedido_7503.9545119252525_174,137.5796349767595,120.05267790268297,105.05267790268297,21.091896144231818,15,4.834301742582364,Scooter,Sandstorms,High,Metropolitian,False,0,1,0,7503.9545119252525,7624.007189827936,Aumento_Velocidade,1
pedido_7532.454751920548_197,99.93006716445991,92.41911518914182,77.41911518914182,7.007390530664703,15,4.748198924198847,Moto,Sunny,Jam,Metropolitian,True,0,1,1,7532.454751920548,7624.87386710969,Aumento_Velocidade,1
pedido_7520.515577969839_186,104.43808784722138,98.80078150014498,98.80078150014498,17.054435951631504,10,4.766708807532833,Van,Windy,Low,Metropolitian,False,0,0,0,7520.515577969839,7629.316359469984,Nenhuma,1
pedido_7524.109920344056_190,132.995615172204,106.62139129780618,91.62139129780618,15.935557620012329,15,4.749174339110525,Scooter,Stormy,Jam,Metropolitian,False,0,1,0,7524.109920344056,7630.731311641863,Aumento_Velocidade,1
pedido_7544.053904577_207,99.62715641296285,87.61045556788362,72.61045556788362,3.1310527591996684,15,4.661676989341651,Moto,Sunny,High,Metropolitian,True,0,1,1,7544.053904577,7631.664360144884,Aumento_Velocidade,1
pedido_7548.511383565674_210,99.54331429971224,70.72526859167372,70.72526859167372,4.881267990351606,15,4.969827329585053,Moto,Foggy,Low,Urban,False,0,0,0,7548.511383565674,7634.236652157348,Nenhuma,1
pedido_7508.837638956001_175,133.50287630574877,136.26516443996297,121.26516443996297,17.4580901667331,5,4.579298091161844,Scooter,Windy,High,Metropolitian,False,0,1,0,7508.837638956001,7635.102803395964,Aumento_Velocidade,0
pedido_7462.313678436748_153,171.70451039423574,180.14777309652152,165.14777309652152,4.216852969467379,10,4.31958045324157,Moto,Foggy,Medium,Metropolitian,True,0,0,0,7462.313678436748,7637.46145153327,Rota_Reduzida,0
pedido_7518.323173095696_183,133.82927346757592,119.94291275024042,104.94291275024042,19.92453274058249,15,4.716983222215756,Moto,Windy,Medium,Urban,False,0,0,0,7518.323173095696,7638.266085845937,Rota_Reduzida,1
pedido_7499.837820851361_172,132.0827558429857,134.77148480093288,134.77148480093288,8.89312948800023,5,4.5596261266310005,Van,Sandstorms,High,Metropolitian,False,0,1,0,7499.837820851361,7639.609305652294,Nenhuma,0
pedido_7511.504870548878_176,143.73231567177737,129.45356604519628,114.45356604519628,11.498330741171888,15,4.575312104192038,Moto,Foggy,Medium,Metropolitian,True,0,0,0,7511.504870548878,7640.958436594075,Rota_Reduzida,1
pedido_7492.9552938148245_168,151.81725244422014,153.58183599146923,138.58183599146923,21.055416902443522,10,4.6787357612001665,Moto,Foggy,Jam,Urban,True,0,1,0,7492.9552938148245,7641.537129806294,Aumento_Velocidade,0
pedido_7543.895478627245_206,131.22900238239345,114.62747841953804,94.62747841953804,14.271527769995865,5,5.0,Moto,Windy,High,Other,False,0,1,0,7543.895478627245,7643.522957046784,Rota_Reduzida,1
pedido_7521.153814736501_187,140.87632678067135,128.1107286201186,113.1107286201186,11.973428017213797,10,4.882919122978298,Moto,Sandstorms,Jam,Metropolitian,False,0,1,0,7521.153814736501,7644.2645433566195,Aumento_Velocidade,1
pedido_7521.94261792609_189,136.45112207942776,134.12344341964894,119.12344341964894,7.099787493786286,5,4.738055815741396,Scooter,Windy,Medium,Metropolitian,True,0,0,0,7521.94261792609,7646.0660613457385,Rota_Reduzida,1
pedido_7518.472182274364_184,143.93889410153798,138.97845360652505,123.97845360652505,14.688627777765662,5,4.934447862784399,Scooter,Foggy,Medium,Urban,True,0,0,0,7518.472182274364,7647.450635880889,Rota_Reduzida,0
pedido_7544.299376419477_208,127.4117464960537,114.3220692064798,99.3220692064798,6.657312908953287,5,4.825531188807844,Scooter,Stormy,Jam,Metropolitian,False,0,1,0,7544.299376419477,7648.621445625957,Aumento_Velocidade,1
pedido_7534.71247690652_200,129.76486193434457,121.94242521659436,106.94242521659436,14.189566484593946,10,4.633516386526244,Scooter,Stormy,High,Metropolitian,False,0,1,0,7534.71247690652,7651.654902123115,Aumento_Velocidade,1
pedido_7527.551598440318_192,133.34916362235722,129.77788180328633,114.77788180328633,1.7359878393221475,10,4.852503277559937,Scooter,Foggy,High,Metropolitian,False,0,1,0,7527.551598440318,7652.329480243605,Aumento_Velocidade,1
pedido_7541.275026768357_204,135.3060443793462,121.22347885738075,106.22347885738075,14.576717567294821,5,4.663843371348657,Moto,Sandstorms,High,Metropolitian,True,0,1,0,7541.275026768357,7652.498505625737,Aumento_Velocidade,1
pedido_7516.307747214897_181,132.4886587340063,147.0712956899857,132.0712956899857,3.4983380776469537,5,4.561925683719342,Scooter,Sandstorms,High,Metropolitian,False,0,1,0,7516.307747214897,7653.379042904883,Aumento_Velocidade,0
pedido_7542.925207841891_205,124.81777509513779,121.34527623346558,106.34527623346558,3.3499569280948283,5,4.686692694146435,Scooter,Stormy,Jam,Metropolitian,True,0,1,0,7542.925207841891,7654.270484075357,Aumento_Velocidade,1
pedido_7493.631632953501_169,177.86306299838407,168.00500411219983,153.00500411219983,18.421714074407134,10,4.37554508706048,Moto,Sunny,High,Urban,True,0,1,1,7493.631632953501,7656.636637065701,Aumento_Velocidade,0
pedido_7532.01080220816_196,130.23375860557692,130.33788684482198,115.33788684482198,6.673502289515833,10,4.667190297743646,Moto,Windy,High,Urban,True,0,1,0,7532.01080220816,7657.348689052982,Aumento_Velocidade,1
pedido_7521.2051065450105_188,156.10187877457557,146.25553121571716,131.25553121571716,12.278841831371354,5,4.454583491129085,Scooter,Foggy,Jam,Metropolitian,True,0,1,0,7521.2051065450105,7657.460637760728,Aumento_Velocidade,0
pedido_7611.31303306045_252,46.80242042800077,31.252634162319218,31.252634162319218,7.7835909726991925,15,4.4572404564302115,Scooter,Stormy,Jam,Metropolitian,False,1,1,0,7611.31303306045,7657.565667222769,Nenhuma,1
pedido_7530.355857752362_194,128.23841603244833,144.3731747369064,124.3731747369064,2.01767183262974,5,4.932132518220874,Scooter,Stormy,High,Semi-Urban,False,0,1,0,7530.355857752362,7659.729032489268,Rota_Reduzida,0
pedido_7571.0061994397565_225,98.61409883921586,84.50366722442814,84.50366722442814,8.084097666865658,5,4.779519884117565,Van,Sunny,Jam,Metropolitian,False,0,1,1,7571.0061994397565,7660.509866664184,Nenhuma,1
pedido_7539.401327036512_202,142.4903829005456,131.71737621009177,116.71737621009177,12.708672696206005,5,4.641768025352178,Moto,Foggy,High,Urban,False,0,1,0,7539.401327036512,7661.118703246604,Aumento_Velocidade,1
pedido_7511.900519595485_177,176.20743067240215,154.32552478714345,139.32552478714345,5.2620726526084125,10,4.422518396771018,Scooter,Stormy,Jam,Metropolitian,True,0,1,0,7511.900519595485,7661.226044382629,Aumento_Velocidade,0
pedido_7550.802666844823_211,125.05982079998284,122.01090376075913,107.01090376075913,8.799540663330127,5,4.521639533175079,Scooter,Foggy,Medium,Metropolitian,True,0,0,0,7550.802666844823,7662.813570605582,Rota_Reduzida,1
pedido_7496.805853229639_170,177.73469440159533,156.32004587754153,156.32004587754153,6.861020186843935,10,4.184231521955388,Van,Windy,Jam,Metropolitian,False,0,1,0,7496.805853229639,7663.125899107181,Nenhuma,0
pedido_7529.156783296713_193,137.73680184937226,145.47777113177955,130.47777113177955,13.190067073638309,5,4.917447010216898,Scooter,Stormy,Jam,Urban,True,0,1,0,7529.156783296713,7664.634554428492,Aumento_Velocidade,0
pedido_7552.442921211023_212,130.2724199799915,124.89414622940774,109.89414622940774,18.601333167654566,5,4.714598936635815,Moto,Stormy,High,Metropolitian,False,0,1,0,7552.442921211023,7667.3370674404305,Aumento_Velocidade,1
pedido_7546.779055863967_209,127.83034834829658,126.24460175557567,111.24460175557567,6.2901926298914335,10,4.861122319524512,Moto,Stormy,High,Metropolitian,True,0,1,0,7546.779055863967,7668.023657619543,Aumento_Velocidade,1
pedido_7552.62961434411_213,132.97412603154743,121.27475089883424,106.27475089883424,0.8470518312087822,10,4.528919483107226,Moto,Foggy,High,Urban,True,0,1,0,7552.62961434411,7668.904365242945,Aumento_Velocidade,1
pedido_7563.756875126072_223,126.35659703130803,110.56693833838762,95.56693833838762,7.4375173525817635,10,4.7223825225609195,Moto,Foggy,Medium,Metropolitian,True,0,0,0,7563.756875126072,7669.32381346446,Rota_Reduzida,1
pedido_7595.2513752219975_244,98.99944394579985,88.76502126092132,73.76502126092132,4.767731631807017,5,4.70781595457742,Scooter,Sunny,Medium,Metropolitian,True,0,0,1,7595.2513752219975,7674.016396482919,Rota_Reduzida,1
pedido_7539.520600985332_203,144.2881053718045,135.94174232053274,120.94174232053274,16.86630166186834,15,5.0,Scooter,Windy,Jam,Metropolitian,True,0,1,0,7539.520600985332,7675.462343305864,Aumento_Velocidade,0
pedido_7561.615216456899_222,117.69711066140243,105.17343427831042,105.17343427831042,6.316522171604225,10,4.576993064531087,Van,Sandstorms,Jam,Other,True,0,1,0,7561.615216456899,7676.78865073521,Nenhuma,1
pedido_7632.011708500861_266,43.73459994969333,41.04156365691309,41.04156365691309,2.9070135981673393,5,4.744860563524187,Moto,Stormy,High,Other,False,1,1,0,7632.011708500861,7678.053272157774,Nenhuma,1
pedido_7578.805305426678_230,133.34913206797495,114.13242946746406,99.13242946746406,14.902614092251891,5,4.814064840397912,Moto,Windy,High,Metropolitian,False,0,1,0,7578.805305426678,7682.9377348941425,Aumento_Velocidade,1
pedido_7554.137971950012_217,132.71950295366054,130.31790207788882,115.31790207788882,4.45890134682281,15,4.752553152647795,Moto,Foggy,High,Urban,True,0,1,0,7554.137971950012,7684.455874027901,Aumento_Velocidade,1
pedido_7575.262692858478_227,131.4092293416383,124.49472398807492,109.49472398807492,12.519342274572306,5,4.893191437190962,Moto,Stormy,High,Metropolitian,True,0,1,0,7575.262692858478,7689.757416846553,Aumento_Velocidade,1
pedido_7581.570402783747_233,102.58777673110018,93.57614675310236,93.57614675310236,12.427909366914577,15,4.751222924895431,Scooter,Stormy,Low,Urban,False,0,0,0,7581.570402783747,7690.146549536849,Nenhuma,1
pedido_7653.539108122197_277,34.627967775316414,22.76691120340041,22.76691120340041,7.997037598566694,15,4.8889032468211,Moto,Sunny,Medium,Metropolitian,True,1,0,1,7653.539108122197,7691.306019325597,Nenhuma,1
pedido_7576.852139627439_228,129.6578154282254,120.06984560367454,105.06984560367454,1.7734670069887413,10,4.785724382649633,Moto,Sandstorms,Medium,Metropolitian,False,0,0,0,7576.852139627439,7691.9219852311135,Rota_Reduzida,1
pedido_7559.979522302374_221,140.9383507766569,137.82139128945687,122.82139128945687,11.712299022537298,10,4.6658823047259315,Scooter,Foggy,High,Metropolitian,False,0,1,0,7559.979522302374,7692.800913591831,Aumento_Velocidade,0
pedido_7589.34904247909_241,106.1323010789871,99.19108403734512,99.19108403734512,12.948564595445923,5,4.507525380442279,Moto,Windy,Low,Metropolitian,True,0,0,0,7589.34904247909,7693.540126516435,Nenhuma,1
pedido_7599.918569014133_246,102.75137233423769,103.68567292814805,88.68567292814805,18.194152987266115,5,4.767444386299657,Scooter,Sunny,High,Metropolitian,False,0,1,1,7599.918569014133,7693.604241942281,Aumento_Velocidade,1
pedido_7569.644847448609_224,137.9445256686809,124.64101906147707,109.64101906147707,17.08040050137179,15,4.72852251513307,Moto,Sandstorms,Medium,Metropolitian,False,0,0,0,7569.644847448609,7694.285866510086,Rota_Reduzida,1
pedido_7584.701221397509_239,131.5362269068041,110.39888387948415,95.39888387948415,9.785088162769481,15,4.829757994330585,Moto,Sandstorms,High,Metropolitian,True,0,1,0,7584.701221397509,7695.1001052769925,Aumento_Velocidade,1
pedido_7558.59307719106_220,135.7975343682578,126.61851964534472,126.61851964534472,15.789684150636827,10,4.771281898584427,Van,Windy,High,Urban,True,0,1,0,7558.59307719106,7695.211596836404,Nenhuma,0
pedido_7556.832744029798_218,135.1095516584319,143.88311222912853,128.88311222912853,16.85179085609963,10,5.0,Moto,Sandstorms,High,Urban,False,0,1,0,7556.832744029798,7695.715856258927,Aumento_Velocidade,0
pedido_7605.908492406594_248,101.99006422730132,100.08726370879678,85.08726370879678,16.552980101441786,5,4.787539135114966,Moto,Sunny,High,Metropolitian,False,0,1,1,7605.908492406594,7695.995756115391,Aumento_Velocidade,1
pedido_7557.65234150396_219,128.53879175017417,143.72081372929176,128.72081372929176,6.7306263503808665,10,4.597400943332787,Scooter,Windy,Jam,Metropolitian,False,0,1,0,7557.65234150396,7696.373155233252,Aumento_Velocidade,0
pedido_7554.106873348822_216,135.14647897973052,133.0417088076864,133.0417088076864,7.125511945923898,10,4.4810442574242835,Van,Windy,Medium,Metropolitian,False,0,0,0,7554.106873348822,7697.148582156508,Nenhuma,0
pedido_7584.134724627854_236,134.34705410781217,126.36168997551528,111.36168997551528,6.518337813399518,5,4.555212911889382,Moto,Sandstorms,Medium,Urban,False,0,0,0,7584.134724627854,7700.496414603369,Rota_Reduzida,1
pedido_7573.187994325855_226,133.66942358731842,131.50491556572499,116.50491556572499,13.488438091089275,15,4.5818273961081974,Moto,Windy,High,Metropolitian,False,0,1,0,7573.187994325855,7704.69290989158,Aumento_Velocidade,1
pedido_7668.07963794801_282,40.81224707052014,27.363513428128442,27.363513428128442,10.87885023487207,10,4.826410870601458,Moto,Windy,Low,Metropolitian,False,1,0,0,7668.07963794801,7705.443151376138,Nenhuma,1
pedido_7624.106511821243_262,108.56243341973216,87.81174232130307,72.81174232130307,12.925008972451904,10,4.54397597291262,Moto,Sunny,High,Metropolitian,True,0,1,1,7624.106511821243,7706.918254142546,Aumento_Velocidade,1
pedido_7598.529960135467_245,128.04830767786407,108.68631236867758,93.68631236867758,7.009138484515809,15,4.88686412122295,Moto,Stormy,High,Metropolitian,False,0,1,0,7598.529960135467,7707.216272504144,Aumento_Velocidade,1
pedido_7584.346710636483_237,132.55036597985864,129.41606975935073,114.41606975935073,8.298592060507506,10,4.508168945368158,Moto,Sandstorms,Medium,Metropolitian,False,0,0,0,7584.346710636483,7708.762780395834,Rota_Reduzida,1
pedido_7690.873507006537_299,33.403721412110706,11.222245102814956,11.222245102814956,5.304193890099387,10,4.805088532819937,Moto,Sunny,Low,Metropolitian,True,1,0,1,7690.873507006537,7712.095752109351,Nenhuma,1
pedido_7617.501195526222_255,98.92379162099641,79.98220360729638,79.98220360729638,7.995343210184414,15,4.465251134652715,Van,Foggy,Low,Metropolitian,False,0,0,0,7617.501195526222,7712.483399133518,Nenhuma,1
pedido_7534.38994504824_199,177.78584191021494,183.42945936431266,168.42945936431266,6.2489623973203585,10,4.273644571367001,Moto,Foggy,High,Metropolitian,False,0,1,0,7534.38994504824,7712.819404412553,Aumento_Velocidade,0
pedido_7606.3766783160345_249,96.8006086267214,106.59867224589529,91.59867224589529,5.725114347503601,15,4.98716431085087,Moto,Sunny,Medium,Metropolitian,False,0,0,1,7606.3766783160345,7712.97535056193,Rota_Reduzida,1
pedido_7553.1002946244935_215,187.84701601945187,161.24261582023857,146.24261582023857,18.13966694023683,15,4.344364249666701,Moto,Sandstorms,Medium,Metropolitian,False,0,0,0,7553.1002946244935,7714.342910444732,Rota_Reduzida,0
pedido_7604.934582672518_247,135.35273384526806,120.72543293771186,105.72543293771186,15.939257211478658,5,4.7951807302641285,Moto,Windy,Medium,Metropolitian,False,0,0,0,7604.934582672518,7715.66001561023,Rota_Reduzida,1
pedido_7581.283326911925_232,140.6692264980523,135.15785105878416,120.15785105878416,13.366353171033708,15,4.717761288055629,Moto,Sandstorms,Jam,Metropolitian,True,0,1,0,7581.283326911925,7716.441177970709,Aumento_Velocidade,0
pedido_7593.904340504696_243,133.29489237256897,128.91363718311862,113.91363718311862,11.892942667977117,10,4.815162433445423,Moto,Windy,High,Metropolitian,False,0,1,0,7593.904340504696,7717.817977687814,Aumento_Velocidade,1
pedido_7646.4225192172335_274,94.66103990806613,77.95514517084314,62.95514517084314,7.6451739368148015,10,4.915782117351042,Moto,Sunny,High,Metropolitian,False,0,1,1,7646.4225192172335,7719.3776643880765,Aumento_Velocidade,1
pedido_7607.584638898821_250,128.9843587813809,112.12233769473471,97.12233769473471,9.367421356889563,15,4.85621285925095,Scooter,Windy,Jam,Metropolitian,False,0,1,0,7607.584638898821,7719.706976593556,Aumento_Velocidade,1
pedido_7584.544634664705_238,136.17399602508746,135.2063656872174,120.20636568721741,10.360593315055532,15,4.82595591318389,Scooter,Windy,Medium,Metropolitian,False,0,0,0,7584.544634664705,7719.751000351923,Rota_Reduzida,0
pedido_7623.8620492336395_260,129.34163027927568,101.33291314972831,86.33291314972831,5.460099904565369,10,4.86097496008381,Moto,Foggy,Jam,Metropolitian,False,0,1,0,7623.8620492336395,7720.194962383368,Aumento_Velocidade,1
pedido_7583.984185387939_235,141.3178313642075,142.63530664126378,127.63530664126378,14.067404467979618,10,4.562067559510366,Moto,Foggy,High,Metropolitian,False,0,1,0,7583.984185387939,7721.619492029203,Aumento_Velocidade,0
pedido_7592.709227270788_242,130.0510352848598,138.9269502512068,123.92695025120679,13.377972383721541,5,4.859396946118949,Moto,Stormy,High,Metropolitian,False,0,1,0,7592.709227270788,7721.636177521995,Aumento_Velocidade,0
pedido_7615.918335164541_254,131.40379734675707,124.92094619882187,109.92094619882187,6.59680876723036,5,4.872337064058282,Moto,Windy,High,Metropolitian,False,0,1,0,7615.918335164541,7730.839281363363,Aumento_Velocidade,1
pedido_7623.970432934981_261,132.75290817707386,109.12081597034158,94.12081597034158,6.278921065520587,15,4.8388280639717545,Moto,Windy,High,Urban,False,0,1,0,7623.970432934981,7733.091248905323,Aumento_Velocidade,1
pedido_7584.852806195647_240,135.2338915937963,159.45324434133076,144.45324434133076,17.94221999177251,5,4.783505452662958,Moto,Sandstorms,High,Metropolitian,False,0,1,0,7584.852806195647,7734.306050536978,Aumento_Velocidade,0
pedido_7641.614639060826_271,101.30634037996386,91.40752029656889,91.40752029656889,11.727553285391203,5,4.671004400565664,Van,Sunny,Medium,Metropolitian,False,0,0,1,7641.614639060826,7738.022159357395,Nenhuma,1
pedido_7659.658936435682_279,99.05590523092877,64.16969010373799,64.16969010373799,0.0,15,4.630528129894572,Van,Sunny,Jam,Metropolitian,False,0,1,1,7659.658936435682,7738.82862653942,Nenhuma,1
pedido_7625.664687146726_263,126.96320503767106,117.04339113414508,102.04339113414508,9.66272455872151,15,4.782756150187434,Moto,Sandstorms,Jam,Metropolitian,False,0,1,0,7625.664687146726,7742.708078280871,Aumento_Velocidade,1
pedido_7635.854533058071_269,101.67102229222705,97.41679315115113,97.41679315115113,8.392517101861063,10,4.877937937683312,Scooter,Sandstorms,Low,Metropolitian,False,0,0,0,7635.854533058071,7743.271326209222,Nenhuma,1
pedido_7607.832715768919_251,142.15103644375816,130.57924483039164,130.57924483039164,18.583507911307894,5,4.570738338743931,Van,Foggy,High,Metropolitian,False,0,1,0,7607.832715768919,7743.411960599311,Nenhuma,0
pedido_7623.835334929565_259,119.9852105449858,110.95831266502785,110.95831266502785,15.6319799256162,10,4.894831012673261,Scooter,Sunny,Low,Urban,False,0,0,1,7623.835334929565,7744.793647594593,Nenhuma,1
pedido_7583.854295693557_234,187.92022331195636,166.691425248107,151.691425248107,16.847928616600385,10,4.411908475376057,Moto,Foggy,High,Metropolitian,False,0,1,0,7583.854295693557,7745.5457209416645,Aumento_Velocidade,0
pedido_7623.3261173964565_257,134.74100388570048,136.9540376472388,121.9540376472388,4.14931194747426,5,4.641130641009392,Moto,Windy,Medium,Metropolitian,False,0,0,0,7623.3261173964565,7750.280155043695,Rota_Reduzida,0
pedido_7639.471522251785_270,128.01663287416045,125.90924979781235,105.90924979781235,18.787486822875138,5,4.4530782900119705,Moto,Stormy,High,Other,False,0,1,0,7639.471522251785,7750.380772049598,Rota_Reduzida,1
pedido_7644.679771546808_273,130.8591084473134,107.22551071584685,92.22551071584685,13.469026384577917,15,4.717356562890593,Scooter,Stormy,High,Urban,True,0,1,0,7644.679771546808,7751.905282262655,Aumento_Velocidade,1
pedido_7633.301563907332_268,130.6259691696806,129.94507297999547,114.94507297999547,3.537786234663945,5,4.830789423393783,Scooter,Sandstorms,Medium,Metropolitian,False,0,0,0,7633.301563907332,7753.246636887327,Rota_Reduzida,1
pedido_7623.535960588351_258,140.19943154947018,138.99999872602714,123.99999872602714,16.07584445079127,10,4.937525554720229,Moto,Foggy,High,Metropolitian,False,0,1,0,7623.535960588351,7757.5359593143785,Aumento_Velocidade,0
pedido_7701.3956299190195_309,52.49147053902408,52.70285647386297,52.70285647386297,20.572610444444773,5,4.754194158359379,Scooter,Sandstorms,Medium,Urban,False,1,0,0,7701.3956299190195,7759.0984863928825,Nenhuma,1
pedido_7643.959717817956_272,133.69690463638102,106.55401011636401,106.55401011636401,11.004585988184946,10,5.0,Van,Stormy,High,Urban,True,0,1,0,7643.959717817956,7760.51372793432,Nenhuma,1
pedido_7633.103702847007_267,132.42513741150682,127.67347323035938,112.67347323035938,6.3388186917208715,15,4.565709306705938,Moto,Sandstorms,High,Urban,False,0,1,0,7633.103702847007,7760.777176077367,Aumento_Velocidade,1
pedido_7623.228836919204_256,138.9337268245504,148.85924197799625,133.85924197799625,16.688677547360005,5,4.669371351248101,Moto,Windy,Jam,Metropolitian,True,0,1,0,7623.228836919204,7762.0880788972,Aumento_Velocidade,0
pedido_7578.741251933727_229,189.74695827602704,187.91049069663973,172.91049069663973,9.057345145787426,15,4.37497080501645,Moto,Sunny,High,Urban,False,0,1,1,7578.741251933727,7766.651742630366,Aumento_Velocidade,0
pedido_7681.060471204691_291,103.68743505520023,76.73441938348981,76.73441938348981,13.650754171096013,10,4.672288754911899,Scooter,Sandstorms,Low,Urban,False,0,0,0,7681.060471204691,7767.79489058818,Nenhuma,1
pedido_7670.40396829462_284,130.44988961041798,104.63836311980931,89.63836311980931,15.048436148068957,10,4.494330195115102,Moto,Stormy,High,Metropolitian,False,0,1,0,7670.40396829462,7770.04233141443,Aumento_Velocidade,1
pedido_7664.365663773266_281,104.25059741179528,101.50726698640658,101.50726698640658,10.667529269838735,5,4.732820768204041,Moto,Sandstorms,Low,Metropolitian,False,0,0,0,7664.365663773266,7770.872930759672,Nenhuma,1
pedido_7654.743489082273_278,132.3094422460359,122.10550501445351,107.10550501445351,5.627579632078882,10,4.811892388767364,Moto,Sandstorms,High,Metropolitian,False,0,1,0,7654.743489082273,7771.8489940967265,Aumento_Velocidade,1
pedido_7614.490757681561_253,176.56111664886623,162.5169467764865,147.5169467764865,21.64645937068782,10,4.405488181462262,Scooter,Sunny,High,Metropolitian,False,0,1,1,7614.490757681561,7772.007704458048,Aumento_Velocidade,0
pedido_7580.223626990576_231,179.3626792924605,185.40040294046094,185.40040294046094,11.821099195694774,10,4.319789753646595,Van,Sunny,High,Urban,True,0,1,1,7580.223626990576,7775.6240299310375,Nenhuma,0
pedido_7734.756960842081_327,44.87773923060345,31.799219983875517,31.799219983875517,13.914445996846494,10,4.6459721988521725,Scooter,Windy,Jam,Metropolitian,False,1,1,0,7734.756960842081,7776.556180825956,Nenhuma,1
pedido_7663.598230557662_280,129.93029812439323,113.05146083160614,98.05146083160614,19.231715785345315,15,4.786794035108336,Scooter,Stormy,High,Metropolitian,False,0,1,0,7663.598230557662,7776.649691389268,Aumento_Velocidade,1
pedido_7671.71215414722_285,134.23075597098114,111.00246081631514,96.00246081631514,13.089641992925062,10,4.76147870647689,Moto,Windy,High,Metropolitian,False,0,1,0,7671.71215414722,7777.714614963535,Aumento_Velocidade,1
pedido_7681.945518067305_293,102.84198900603003,98.21800197971952,83.21800197971952,7.838274271211083,15,4.540628178345249,Moto,Sunny,High,Urban,False,0,1,1,7681.945518067305,7780.163520047025,Aumento_Velocidade,1
pedido_7684.186327709866_295,125.343143144716,108.34055334044332,93.34055334044332,4.089843489812006,5,4.896723147294264,Moto,Foggy,Medium,Metropolitian,False,0,0,0,7684.186327709866,7782.526881050309,Rota_Reduzida,1
pedido_7629.729160653463_265,177.42120854371532,165.84915085124652,150.84915085124652,8.868749663260544,5,4.3727754618345545,Moto,Sandstorms,High,Urban,False,0,1,0,7629.729160653463,7785.578311504709,Aumento_Velocidade,0
pedido_7680.492227451767_290,133.65875631530523,109.01530290563458,94.01530290563458,16.44771476086748,15,4.897767724033018,Scooter,Stormy,Medium,Metropolitian,False,0,0,0,7680.492227451767,7789.507530357401,Rota_Reduzida,1
pedido_7669.635707205015_283,132.38429434347648,120.04381223980783,105.04381223980783,6.523915358897232,15,4.529580800844275,Moto,Stormy,Medium,Metropolitian,False,0,0,0,7669.635707205015,7789.679519444823,Rota_Reduzida,1
pedido_7647.881723049483_275,169.0929187714829,148.37017834179545,133.37017834179545,0.0,10,4.437509890805383,Moto,Windy,High,Metropolitian,True,0,1,0,7647.881723049483,7791.251901391279,Aumento_Velocidade,0
pedido_7671.808134448231_286,140.94959928408446,126.58412272414193,111.58412272414193,18.94137471104431,10,4.849814499214575,Moto,Sandstorms,Jam,Metropolitian,False,0,1,0,7671.808134448231,7793.392257172372,Aumento_Velocidade,1
pedido_7681.2410814112145_292,127.79803703836889,123.09516448246899,108.09516448246899,5.7156623795174895,5,4.751070967529229,Scooter,Stormy,High,Metropolitian,True,0,1,0,7681.2410814112145,7794.336245893684,Aumento_Velocidade,1
pedido_7722.405655054226_319,99.5009171748263,84.4437016333541,64.4437016333541,14.197351315765268,10,4.618307929816273,Scooter,Sunny,High,Other,False,0,1,1,7722.405655054226,7796.84935668758,Rota_Reduzida,1
pedido_7650.553592641971_276,174.6734277880249,151.74555520664717,136.74555520664717,4.275633922799485,10,4.424057307438848,Moto,Stormy,Jam,Metropolitian,False,0,1,0,7650.553592641971,7797.299147848618,Aumento_Velocidade,0
pedido_7709.813718668031_311,109.89635398808134,95.97322809921404,80.97322809921404,14.025236346732193,10,4.799454011744944,Moto,Sunny,Jam,Metropolitian,False,0,1,1,7709.813718668031,7800.786946767244,Aumento_Velocidade,1
pedido_7723.453208228918_320,101.4471000441293,90.4898843984339,75.4898843984339,0.6101513601680786,5,5.0,Moto,Sunny,High,Metropolitian,True,0,1,1,7723.453208228918,7803.943092627352,Aumento_Velocidade,1
pedido_7684.279616418749_296,127.20475549124738,112.41759045966995,112.41759045966995,4.606980317708555,10,4.839158178270818,Van,Windy,Jam,Urban,False,0,1,0,7684.279616418749,7806.697206878419,Nenhuma,1
pedido_7677.177997479718_287,136.17925366971681,124.66397550141258,124.66397550141258,17.778739200465974,5,4.520680777860397,Van,Windy,Medium,Metropolitian,True,0,0,0,7677.177997479718,7806.841972981131,Nenhuma,0
pedido_7677.715235228064_288,136.54692876326445,141.08429396392984,126.08429396392984,21.785434588514477,5,4.8125649944828,Scooter,Windy,High,Metropolitian,False,0,1,0,7677.715235228064,7808.799529191993,Aumento_Velocidade,0
pedido_7696.9681948567795_305,133.19058839541245,118.23530700157471,103.23530700157471,12.728871085506736,10,4.965856206844459,Moto,Stormy,High,Metropolitian,True,0,1,0,7696.9681948567795,7810.203501858354,Aumento_Velocidade,1
pedido_7698.431169880789_306,126.1126455488563,112.0749382349927,97.0749382349927,3.5245566276032623,15,4.47337174366935,Moto,Windy,Jam,Metropolitian,False,0,1,0,7698.431169880789,7810.506108115781,Aumento_Velocidade,1
pedido_7734.52547797759_326,99.25598659187514,81.65053194792672,66.65053194792672,6.2719112756495505,10,4.982688385366735,Scooter,Sunny,High,Metropolitian,True,0,1,1,7734.52547797759,7811.176009925516,Aumento_Velocidade,1
pedido_7679.242723539205_289,133.4939360579514,132.16095840449535,117.16095840449535,7.0033358722052,15,4.487143449327532,Scooter,Sandstorms,Medium,Metropolitian,False,0,0,0,7679.242723539205,7811.403681943701,Rota_Reduzida,1
pedido_7686.949545070602_297,141.5653798675711,125.3945494589261,110.3945494589261,17.224019723849455,15,4.828079568467025,Scooter,Foggy,High,Urban,False,0,1,0,7686.949545070602,7812.344094529528,Aumento_Velocidade,1
pedido_7691.610941334792_300,130.3867672589117,131.83868804945072,116.83868804945072,4.1945134864335865,10,4.955037766704316,Scooter,Windy,Jam,Metropolitian,False,0,1,0,7691.610941334792,7818.449629384243,Aumento_Velocidade,1
pedido_7695.157489989826_302,127.58910403043068,125.36335375836393,110.36335375836393,6.383002257968576,15,4.863277934983677,Moto,Sandstorms,Jam,Urban,False,0,1,0,7695.157489989826,7820.52084374819,Aumento_Velocidade,1
pedido_7695.237024274839_303,134.32112067416054,131.54366433383075,116.54366433383075,13.315574016719804,10,4.91934136637284,Moto,Windy,High,Metropolitian,False,0,1,0,7695.237024274839,7821.78068860867,Aumento_Velocidade,1
pedido_7714.276113111555_315,111.29241142981039,108.01137181138178,93.01137181138178,11.993595579047122,15,4.524816998489898,Scooter,Sunny,Jam,Metropolitian,False,0,1,1,7714.276113111555,7822.2874849229365,Aumento_Velocidade,1
pedido_7725.63866029195_323,127.85844639660827,107.69937542717304,92.69937542717304,6.010991381573,5,4.6281396878035945,Scooter,Foggy,Medium,Metropolitian,False,0,0,0,7725.63866029195,7823.338035719124,Rota_Reduzida,1
pedido_7629.183262286758_264,188.78742656974524,191.25635579517765,191.25635579517765,17.156530200533755,5,4.279194953074342,Van,Foggy,Medium,Metropolitian,False,0,0,0,7629.183262286758,7825.439618081936,Nenhuma,0
pedido_7695.810642938253_304,136.5398492498131,130.8173754326811,115.8173754326811,5.4393021037480045,15,4.682894969007614,Moto,Windy,Medium,Metropolitian,False,0,0,0,7695.810642938253,7826.628018370934,Rota_Reduzida,1
pedido_7716.906242192157_316,134.49245964109585,111.02982612797841,111.02982612797841,16.695411414026402,5,4.719326162925181,Van,Windy,Jam,Metropolitian,False,0,1,0,7716.906242192157,7832.936068320136,Nenhuma,1
pedido_7700.8623439500525_308,151.02971091692942,141.76416645456064,126.76416645456064,14.211906639702411,10,4.611955396923661,Scooter,Foggy,Jam,Metropolitian,False,0,1,0,7700.8623439500525,7837.626510404613,Aumento_Velocidade,0
pedido_7689.409868500045_298,175.46634955776116,149.910735941592,134.910735941592,8.716824817446996,15,4.165405661305722,Moto,Windy,High,Metropolitian,True,0,1,0,7689.409868500045,7839.320604441637,Aumento_Velocidade,0
pedido_7724.827498247037_322,127.54396087641952,119.14189408243678,104.14189408243678,1.8153880989420306,15,4.611958771713088,Moto,Foggy,Jam,Metropolitian,False,0,1,0,7724.827498247037,7843.9693923294735,Aumento_Velocidade,1
pedido_7692.356940318781_301,140.11079745283524,164.6047130707958,149.6047130707958,12.763669779366085,5,4.7928654305348655,Scooter,Sandstorms,Jam,Urban,False,0,1,0,7692.356940318781,7846.961653389577,Aumento_Velocidade,0
pedido_7682.200787904922_294,184.55158189368044,172.98093657111846,157.98093657111846,17.707384437372102,10,4.398375180209439,Moto,Windy,High,Metropolitian,False,0,1,0,7682.200787904922,7850.1817244760405,Aumento_Velocidade,0
pedido_7738.814479215988_329,135.3060443793462,117.99630330352184,102.99630330352184,15.550974292217944,15,4.654485822125146,Moto,Sandstorms,High,Metropolitian,True,0,1,0,7738.814479215988,7856.81078251951,Aumento_Velocidade,1
pedido_7755.556202652653_338,105.48206441365542,111.7574820960201,96.7574820960201,13.331337146751672,5,4.6665505182935885,Moto,Sunny,Medium,Urban,True,0,0,1,7755.556202652653,7857.313684748673,Rota_Reduzida,1
pedido_7724.575584152654_321,125.55883068395417,128.47506396032688,128.47506396032688,6.254160754812156,5,4.793743767387704,Van,Foggy,Medium,Metropolitian,False,0,0,0,7724.575584152654,7858.050648112981,Nenhuma,0
pedido_7766.405777989944_344,102.1391114095941,77.13915958586139,77.13915958586139,5.876456779397332,15,4.6972526790560565,Moto,Sandstorms,Low,Metropolitian,True,0,0,0,7766.405777989944,7858.544937575805,Nenhuma,1
pedido_7720.074324613611_318,133.64525976224732,148.71223532350064,133.71223532350064,9.538480894354116,5,4.579595227169536,Scooter,Foggy,High,Urban,True,0,1,0,7720.074324613611,7858.786559937112,Aumento_Velocidade,0
pedido_7750.345027534666_335,100.42667931148652,108.25255644429052,108.25255644429052,7.6826344185275826,5,4.879599346280855,Moto,Stormy,Low,Urban,False,0,0,0,7750.345027534666,7863.597583978956,Nenhuma,1
pedido_7756.363245301732_339,132.96881234173745,118.05184168607914,103.05184168607914,7.0846385604266375,5,4.704920242319314,Moto,Stormy,Medium,Metropolitian,False,0,0,0,7756.363245301732,7864.415086987811,Rota_Reduzida,1
pedido_7767.957835261766_345,129.67908773226986,97.16468354620915,82.16468354620915,3.055726703288567,15,4.549589339278245,Moto,Sandstorms,High,Metropolitian,False,0,1,0,7767.957835261766,7865.122518807975,Aumento_Velocidade,1
pedido_7734.43988325876_325,112.3122770172745,126.58198803138615,126.58198803138615,14.468468201562288,5,4.508021592909483,Van,Foggy,Low,Metropolitian,False,0,0,0,7734.43988325876,7866.021871290147,Nenhuma,0
pedido_7703.945706819964_310,177.68081728882578,169.41858183428056,154.41858183428056,9.71847181219698,10,4.354689616295474,Scooter,Windy,Medium,Metropolitian,True,0,0,0,7703.945706819964,7868.364288654244,Rota_Reduzida,0
pedido_7754.529513380459_337,134.34705410781217,124.30394694463928,109.30394694463928,6.966406490319541,5,4.638876370558416,Scooter,Sandstorms,Medium,Metropolitian,False,0,0,0,7754.529513380459,7868.833460325099,Rota_Reduzida,1
pedido_7742.421550857078_331,131.64209897786156,126.7489737489129,111.7489737489129,0.9855772497823416,15,4.686211569394433,Moto,Windy,High,Urban,False,0,1,0,7742.421550857078,7869.170524605991,Aumento_Velocidade,1
pedido_7736.872701287232_328,138.12972305338477,134.16992291707922,119.16992291707922,13.763085657465005,15,4.718441078536739,Moto,Windy,Medium,Metropolitian,True,0,0,0,7736.872701287232,7871.042624204311,Rota_Reduzida,1
pedido_7710.062920381379_312,186.02470630166576,162.15376767851114,147.15376767851114,11.90919005843704,15,4.440065538917847,Moto,Windy,High,Metropolitian,False,0,1,0,7710.062920381379,7872.21668805989,Aumento_Velocidade,0
pedido_7750.7832860896715_336,135.7296831187415,133.28022268363554,118.28022268363554,5.9961603424296746,5,4.9028278655382875,Scooter,Sandstorms,Medium,Metropolitian,False,0,0,0,7750.7832860896715,7874.063508773307,Rota_Reduzida,1
pedido_7802.575729031935_363,95.0769523290975,71.92541457320289,56.925414573202886,0.9929051003784846,15,5.0,Moto,Sunny,Medium,Metropolitian,False,0,0,1,7802.575729031935,7874.501143605138,Rota_Reduzida,1
pedido_7719.3578744467_317,139.54661081832498,151.66728878876737,151.66728878876737,10.394033885384903,5,4.85220697510992,Van,Foggy,High,Metropolitian,False,0,1,0,7719.3578744467,7876.0251632354675,Nenhuma,0
pedido_7802.252554385732_362,99.15853485489077,79.0277457704251,64.0277457704251,5.593573984218917,10,4.656717064987521,Moto,Sunny,Medium,Urban,True,0,0,1,7802.252554385732,7876.280300156157,Rota_Reduzida,1
pedido_7777.562004724431_348,130.45673339603294,98.86825938932661,83.86825938932661,7.161132701391973,15,4.844817742446083,Moto,Windy,High,Metropolitian,True,0,1,0,7777.562004724431,7876.430264113757,Aumento_Velocidade,1
pedido_7776.860892234179_347,101.85067578837038,89.71551341241445,89.71551341241445,15.287418104841189,10,5.0,Van,Sunny,High,Metropolitian,False,0,1,1,7776.860892234179,7876.576405646593,Nenhuma,1
pedido_7711.603834224034_313,176.7488281613606,175.57097594238405,160.57097594238405,4.451389388526751,5,4.390359635777358,Moto,Sandstorms,High,Metropolitian,False,0,1,0,7711.603834224034,7877.174810166418,Aumento_Velocidade,0
pedido_7745.52910287927_333,133.8603358861522,141.93680842141737,126.93680842141737,5.465666816038141,5,4.7022075990589425,Moto,Foggy,High,Metropolitian,False,0,1,0,7745.52910287927,7877.465911300687,Aumento_Velocidade,0
pedido_7756.715488264143_340,149.14368222883098,131.05723338454428,116.05723338454428,13.829955152844018,5,4.729278539318929,Moto,Foggy,Jam,Metropolitian,False,0,1,0,7756.715488264143,7877.7727216486865,Aumento_Velocidade,1
pedido_7781.623606672869_351,128.04003209954664,102.28830222854053,87.28830222854053,5.1925019948966655,10,4.665897857961228,Moto,Sandstorms,Jam,Metropolitian,False,0,1,0,7781.623606672869,7878.911908901409,Aumento_Velocidade,1
pedido_7760.995386871643_342,97.15328399508643,113.29598986459575,113.29598986459575,8.214794203598817,5,4.68693874764293,Scooter,Sunny,Low,Metropolitian,True,0,0,1,7760.995386871643,7879.291376736239,Nenhuma,1
pedido_7803.18623108428_364,102.58424060468982,76.57455401490466,61.57455401490466,15.971069664311,15,5.0,Scooter,Sunny,Medium,Metropolitian,False,0,0,1,7803.18623108428,7879.760785099184,Rota_Reduzida,1
pedido_7783.882799815943_353,129.80317654106096,106.27494233862654,91.27494233862654,0.0,5,4.83798506633722,Moto,Foggy,Jam,Metropolitian,True,0,1,0,7783.882799815943,7880.15774215457,Aumento_Velocidade,1
pedido_7790.114474636434_357,103.95225657762019,76.35944801823932,76.35944801823932,14.605756876458619,15,4.684695841085316,Moto,Stormy,Low,Metropolitian,False,0,0,0,7790.114474636434,7881.4739226546735,Nenhuma,1
pedido_7713.437688454781_314,198.48570814521491,178.15512656550095,163.15512656550095,17.486709171503403,5,4.359610468184695,Scooter,Stormy,Jam,Urban,True,0,1,0,7713.437688454781,7881.592815020282,Aumento_Velocidade,0
pedido_7744.437654297116_332,139.66215885312468,137.54084421011422,122.54084421011422,14.477348062044717,15,5.0,Scooter,Windy,High,Metropolitian,True,0,1,0,7744.437654297116,7881.97849850723,Aumento_Velocidade,0
pedido_7747.242511613246_334,144.3755487351001,135.2305807984495,120.2305807984495,16.160227045147046,15,4.51178900152032,Moto,Foggy,High,Metropolitian,True,0,1,0,7747.242511613246,7882.473092411696,Aumento_Velocidade,0
pedido_7832.336807070614_380,44.92657429283429,35.24409841939615,35.24409841939615,12.195376201268658,15,4.758209445445582,Moto,Stormy,High,Metropolitian,False,1,1,0,7832.336807070614,7882.58090549001,Nenhuma,1
pedido_7785.08449444549_354,100.93939920169288,87.84663852920978,87.84663852920978,5.513315913650074,10,4.7452491534335035,Scooter,Sandstorms,Low,Metropolitian,False,0,0,0,7785.08449444549,7882.9311329747,Nenhuma,1
pedido_7848.70983143901_386,62.61253020357765,44.98002862542413,29.980028625424133,18.826923667918827,10,4.362524968937091,Moto,Stormy,High,Metropolitian,False,1,1,0,7848.70983143901,7888.689860064434,Aumento_Velocidade,1
pedido_7741.923779461403_330,175.9222090102598,157.50215170076922,142.50215170076922,8.771192719211923,5,4.404787250123986,Moto,Windy,High,Metropolitian,False,0,1,0,7741.923779461403,7889.425931162172,Aumento_Velocidade,0
pedido_7768.847863962805_346,133.35735721105127,122.25574744686335,107.25574744686335,3.0338167359994275,15,4.65474146446233,Moto,Foggy,High,Metropolitian,False,0,1,0,7768.847863962805,7891.103611409668,Aumento_Velocidade,1
pedido_7700.276122288194_307,190.18905784312662,202.0260386598461,187.0260386598461,8.04994807478299,5,4.404495395479839,Moto,Sunny,High,Urban,False,0,1,1,7700.276122288194,7892.30216094804,Aumento_Velocidade,0
pedido_7794.044789783244_360,95.54621114191794,108.77049416737646,93.77049416737646,8.756252932113664,5,4.580521250725798,Scooter,Sunny,High,Metropolitian,False,0,1,1,7794.044789783244,7892.81528395062,Aumento_Velocidade,1
pedido_7756.814504384609_341,132.0143942073065,131.76195561090898,131.76195561090898,5.753213293774341,5,4.675990396055691,Van,Sandstorms,High,Metropolitian,False,0,1,0,7756.814504384609,7893.576459995518,Nenhuma,0
pedido_7788.068614163714_355,99.05351679054677,101.72751416777282,101.72751416777282,2.5778376287852303,5,4.655775192254264,Scooter,Foggy,Low,Metropolitian,True,0,0,0,7788.068614163714,7894.796128331487,Nenhuma,1
pedido_7803.48949308315_365,98.55858180739403,76.6666339974818,76.6666339974818,6.923075269493852,15,4.616184882463874,Van,Sunny,Medium,Metropolitian,True,0,0,1,7803.48949308315,7895.156127080631,Nenhuma,1
pedido_7837.998917296604_381,45.775274621191556,53.28384322425694,53.28384322425694,13.40371484500738,5,4.845206708065539,Moto,Windy,High,Metropolitian,False,1,1,0,7837.998917296604,7896.282760520861,Nenhuma,1
pedido_7792.709309216909_359,97.73645979857947,109.25103530203073,94.25103530203073,5.649695915925592,10,4.805834962677825,Moto,Sunny,High,Metropolitian,False,0,1,1,7792.709309216909,7896.96034451894,Aumento_Velocidade,1
pedido_7874.591200205414_404,37.71457976750128,18.03170029848804,18.03170029848804,13.516677290279652,5,4.731249857757354,Moto,Sunny,Jam,Metropolitian,False,1,1,1,7874.591200205414,7897.622900503902,Nenhuma,1
pedido_7783.245746011615_352,134.12922871369588,129.33057891665214,114.33057891665214,10.61744170246729,5,4.809182302398266,Moto,Stormy,Medium,Metropolitian,False,0,0,0,7783.245746011615,7902.576324928267,Rota_Reduzida,1
pedido_7823.237075326695_376,100.00171326255364,90.44950838226686,75.44950838226686,5.791157492573447,5,4.689968767374799,Scooter,Sunny,High,Metropolitian,True,0,1,1,7823.237075326695,7903.686583708962,Aumento_Velocidade,1
pedido_7788.922390902884_356,127.96394983580235,102.38727358013305,102.38727358013305,6.532809333482036,15,4.696074441531396,Van,Stormy,Jam,Urban,False,0,1,0,7788.922390902884,7906.3096644830175,Nenhuma,1
pedido_7816.407317582148_372,95.86193917624409,90.21312247858377,75.21312247858377,1.2724055232995823,15,4.588002794707426,Moto,Sunny,High,Urban,False,0,1,1,7816.407317582148,7906.620440060731,Aumento_Velocidade,1
pedido_7779.918970783811_349,129.3930696053037,127.7691808948345,112.7691808948345,7.633383610405302,15,4.665231257926925,Scooter,Stormy,Jam,Metropolitian,True,0,1,0,7779.918970783811,7907.688151678646,Aumento_Velocidade,1
pedido_7732.154910174004_324,196.22986886026504,181.98258364902748,166.98258364902748,16.850326622397823,10,4.326303336016766,Moto,Windy,Jam,Metropolitian,True,0,1,0,7732.154910174004,7909.137493823031,Aumento_Velocidade,0
pedido_7780.206403112615_350,132.36481215780856,135.32034843360023,120.32034843360023,4.3318761427155765,10,4.666026282348561,Moto,Sandstorms,High,Metropolitian,False,0,1,0,7780.206403112615,7910.526751546215,Aumento_Velocidade,0
pedido_7812.203589797684_371,134.74875097436018,105.19180517708413,90.19180517708413,4.475513172788284,15,4.5794169918459975,Moto,Foggy,High,Urban,False,0,1,0,7812.203589797684,7917.395394974768,Aumento_Velocidade,1
pedido_7791.299520969665_358,136.87032076315958,133.94862604875067,118.94862604875067,12.143057659388665,10,4.612518149716635,Moto,Sandstorms,Medium,Metropolitian,False,0,0,0,7791.299520969665,7920.248147018416,Rota_Reduzida,1
pedido_7766.350193871979_343,177.24154729455327,154.31430307518067,139.31430307518067,4.9376564407469985,15,4.431036362539537,Moto,Stormy,Jam,Urban,False,0,1,0,7766.350193871979,7920.66449694716,Aumento_Velocidade,0
pedido_7866.170934738191_396,44.907465915163776,39.76338952480866,39.76338952480866,5.883347324271544,15,4.680541327309828,Scooter,Windy,Jam,Metropolitian,False,1,1,0,7866.170934738191,7920.934324263,Nenhuma,1
pedido_7827.0254133282015_377,130.14159717784216,99.43482946088972,84.43482946088972,0.0,15,4.690723402461178,Scooter,Sandstorms,Medium,Metropolitian,False,0,0,0,7827.0254133282015,7926.460242789091,Rota_Reduzida,1
pedido_7807.5001456624195_367,137.00853914510066,129.86028794641112,114.86028794641112,17.431980184337814,5,4.502626310995866,Moto,Sandstorms,Medium,Metropolitian,True,0,0,0,7807.5001456624195,7927.360433608831,Rota_Reduzida,1
pedido_7804.716995216975_366,131.16424252679963,123.58501557712998,108.58501557712998,8.473622145259911,15,4.677507984086402,Scooter,Sandstorms,High,Metropolitian,False,0,1,0,7804.716995216975,7928.302010794105,Aumento_Velocidade,1
pedido_7819.651327525903_374,130.46075994969547,110.3117237906799,95.3117237906799,2.1024021320877773,15,4.541846063917299,Moto,Sandstorms,High,Urban,False,0,1,0,7819.651327525903,7929.963051316583,Aumento_Velocidade,1
pedido_7808.2651374126335_368,142.2305933620532,122.61905661978196,107.61905661978196,13.834636862208468,15,4.635551903168818,Scooter,Foggy,Medium,Metropolitian,False,0,0,0,7808.2651374126335,7930.8841940324155,Rota_Reduzida,1
pedido_7808.778089470312_369,112.48095327572992,115.34896915110382,115.34896915110382,13.560282737503723,10,4.467787695776456,Scooter,Foggy,Low,Urban,False,0,0,0,7808.778089470312,7934.127058621416,Nenhuma,1
pedido_7890.513702703783_414,49.54872642525102,29.3590938727638,29.3590938727638,19.883092492113654,15,4.514019613228152,Van,Windy,Medium,Other,True,1,0,0,7890.513702703783,7934.8727965765465,Nenhuma,1
pedido_7811.117368033992_370,101.50622965217507,114.17120358097623,114.17120358097623,12.094342724597162,10,4.552942402805585,Moto,Sandstorms,Low,Metropolitian,False,0,0,0,7811.117368033992,7935.288571614968,Nenhuma,1
pedido_7830.3952557005405_379,100.71890639815673,91.29568162530558,91.29568162530558,2.5218524974078576,15,5.0,Scooter,Stormy,Low,Metropolitian,False,0,0,0,7830.3952557005405,7936.690937325846,Nenhuma,1
pedido_7887.857732739143_411,40.95975500611707,38.85321200339372,38.85321200339372,6.749822401616246,10,4.7432442280274465,Scooter,Windy,Medium,Metropolitian,True,1,0,0,7887.857732739143,7936.710944742536,Nenhuma,1
pedido_7801.302087011445_361,134.5142525570483,149.04822224451794,134.04822224451794,3.1742720502250705,5,4.799543775538702,Scooter,Foggy,High,Metropolitian,False,0,1,0,7801.302087011445,7940.350309255963,Aumento_Velocidade,0
pedido_7828.885609088632_378,131.7515131589048,128.12978165818424,113.12978165818424,0.2682341547165814,5,4.654890666720098,Scooter,Sandstorms,High,Metropolitian,False,0,1,0,7828.885609088632,7947.015390746817,Aumento_Velocidade,1
pedido_7821.949673787627_375,134.47844461283577,138.07793185441864,123.07793185441864,3.070669288070237,5,4.6048425477225585,Scooter,Foggy,High,Metropolitian,False,0,1,0,7821.949673787627,7950.027605642045,Aumento_Velocidade,0
pedido_7889.4208480499_413,106.17039724623298,78.84164122212093,63.84164122212093,11.363387835315331,5,4.617407220502588,Moto,Sunny,Medium,Metropolitian,True,0,0,1,7889.4208480499,7958.262489272021,Rota_Reduzida,1
pedido_7910.621749686223_428,42.942573224216105,46.29890613451283,46.29890613451283,17.98876933533296,5,4.680483989334936,Moto,Sunny,High,Metropolitian,True,1,1,1,7910.621749686223,7961.920655820735,Nenhuma,1
pedido_7871.7139704857245_401,98.12226307366083,90.85487783803927,75.85487783803927,5.924668516250531,15,4.696301858331496,Moto,Sunny,High,Metropolitian,False,0,1,1,7871.7139704857245,7962.568848323764,Aumento_Velocidade,1
pedido_7840.6233337913145_383,142.25424983983586,124.30826021352456,109.30826021352456,16.65218956293394,15,4.586503738576103,Scooter,Foggy,Medium,Metropolitian,False,0,0,0,7840.6233337913145,7964.931594004839,Rota_Reduzida,1
pedido_7863.5946902849_394,103.76862093550601,107.91117500230109,92.91117500230109,19.138823068284967,10,4.613517282934307,Moto,Sunny,Medium,Metropolitian,False,0,0,1,7863.5946902849,7966.505865287201,Rota_Reduzida,1
pedido_7857.347334769112_389,135.75228273183686,117.61770367190584,102.61770367190584,14.850660723737445,10,4.5023340745505385,Moto,Sandstorms,Medium,Metropolitian,True,0,0,0,7857.347334769112,7969.965038441018,Rota_Reduzida,1
pedido_7894.4300565199455_417,97.01090703425177,61.31874214493482,61.31874214493482,6.021421176825072,15,4.7524505334872975,Moto,Sunny,Low,Metropolitian,True,0,0,1,7894.4300565199455,7970.74879866488,Nenhuma,1
pedido_7858.646009380203_390,132.5995064518903,122.63634179308809,107.63634179308809,15.899874312474209,5,5.0,Scooter,Stormy,High,Metropolitian,False,0,1,0,7858.646009380203,7971.282351173291,Aumento_Velocidade,1
pedido_7846.004291557542_385,142.125323584607,136.24177279492912,121.24177279492912,10.606934344805785,5,4.883246678475339,Moto,Foggy,Medium,Metropolitian,False,0,0,0,7846.004291557542,7972.246064352471,Rota_Reduzida,0
pedido_7877.85170569938_407,102.29948798392786,100.4498370936944,85.4498370936944,19.02859716955929,10,4.862070145817435,Scooter,Sunny,High,Urban,False,0,1,1,7877.85170569938,7973.301542793074,Aumento_Velocidade,1
pedido_7844.998854006556_384,133.54167802044813,128.57343078700265,113.57343078700265,8.413351719514678,15,4.723516675463764,Scooter,Windy,High,Urban,False,0,1,0,7844.998854006556,7973.5722847935585,Aumento_Velocidade,1
pedido_7877.1390302747295_406,105.99661913663921,97.36870890357936,82.36870890357936,13.582039316229931,15,4.617324653313306,Moto,Sunny,Medium,Metropolitian,True,0,0,1,7877.1390302747295,7974.507739178309,Rota_Reduzida,1
pedido_7858.924748498381_391,126.55100793384632,126.72536176599758,111.72536176599758,4.587222355920002,5,4.580813684917423,Moto,Stormy,High,Urban,True,0,1,0,7858.924748498381,7975.650110264378,Aumento_Velocidade,1
pedido_7840.281689041156_382,150.01712195914584,146.92781379663649,131.92781379663649,15.188859857910966,5,4.659934695707555,Moto,Foggy,Jam,Metropolitian,True,0,1,0,7840.281689041156,7977.209502837793,Aumento_Velocidade,0
pedido_7860.469286675775_392,129.906352315028,129.871083365912,114.871083365912,8.414966620623108,5,4.63413093468707,Scooter,Stormy,High,Metropolitian,False,0,1,0,7860.469286675775,7980.3403700416875,Aumento_Velocidade,1
pedido_7856.0360344314495_388,131.21559757745345,126.09330650665717,111.09330650665717,3.3626116624305613,15,5.0,Moto,Stormy,High,Metropolitian,False,0,1,0,7856.0360344314495,7982.129340938107,Aumento_Velocidade,1
pedido_7818.615975778199_373,186.48379159036654,169.9769184878281,154.9769184878281,13.876856782001397,10,4.241598728686427,Scooter,Stormy,High,Urban,False,0,1,0,7818.615975778199,7983.592894266027,Aumento_Velocidade,0
pedido_7888.140678142856_412,109.89635398808134,108.02457725211191,93.02457725211191,14.565042497977608,5,4.7998448401488485,Moto,Sunny,Jam,Metropolitian,False,0,1,1,7888.140678142856,7986.165255394968,Aumento_Velocidade,1
pedido_7933.653495730023_444,47.1434675210908,49.49598368382851,49.49598368382851,16.263163054189018,5,5.0,Moto,Sandstorms,High,Urban,False,1,1,0,7933.653495730023,7988.149479413852,Nenhuma,1
pedido_7871.212215520905_400,128.23841603244833,117.26451329368456,102.26451329368456,2.2016930298684696,15,4.9219120787099815,Moto,Stormy,High,Metropolitian,False,0,1,0,7871.212215520905,7988.47672881459,Aumento_Velocidade,1
pedido_7907.697795720612_426,104.7851826951676,90.23669434467114,75.23669434467114,11.802895201094522,10,4.575231638958082,Scooter,Sunny,High,Metropolitian,True,0,1,1,7907.697795720612,7992.934490065283,Aumento_Velocidade,1
pedido_7862.4644810941345_393,131.5982592454037,136.11185284398482,121.11185284398482,7.935835260493478,10,4.656856033547897,Scooter,Windy,High,Metropolitian,True,0,1,0,7862.4644810941345,7993.576333938119,Aumento_Velocidade,0
pedido_7898.074044202621_421,138.31099215575512,106.99711986960801,91.99711986960801,19.351883653474975,5,4.886941524805285,Moto,Sandstorms,Medium,Urban,False,0,0,0,7898.074044202621,7995.071164072229,Rota_Reduzida,1
pedido_7881.691979388682_409,126.35510438370828,119.52239086467497,99.52239086467497,7.801214977095912,15,4.524746918156614,Scooter,Windy,Jam,Other,True,0,1,0,7881.691979388682,7996.214370253357,Rota_Reduzida,1
pedido_7866.622838493589_398,139.42236834418847,130.39669031672872,115.39669031672872,13.387250456577954,15,4.487915064548305,Moto,Windy,Jam,Metropolitian,False,0,1,0,7866.622838493589,7997.019528810318,Aumento_Velocidade,1
pedido_7882.001902834022_410,135.78175526201267,112.24142996749863,112.24142996749863,17.22586333010879,5,4.779012141288143,Van,Windy,Medium,Metropolitian,False,0,0,0,7882.001902834022,7999.24333280152,Nenhuma,1
pedido_7865.200220884176_395,136.99583104464924,141.71624010937882,126.71624010937882,17.006262951122594,10,4.954801609137578,Moto,Windy,High,Metropolitian,False,0,1,0,7865.200220884176,8001.916460993555,Aumento_Velocidade,0
pedido_7928.064598682453_439,96.6209904593523,79.99189795561851,64.99189795561851,5.536855123104064,10,4.822348339931058,Moto,Sunny,Medium,Metropolitian,False,0,0,1,7928.064598682453,8003.056496638072,Rota_Reduzida,1
pedido_7880.507177763647_408,137.9244991884706,133.74330433953205,118.74330433953205,10.137093708678663,5,4.499860584176082,Moto,Windy,Jam,Metropolitian,False,0,1,0,7880.507177763647,8004.250482103179,Aumento_Velocidade,1
pedido_7899.352585670136_422,132.4946085953814,112.92819403092996,97.92819403092996,6.872598511029037,10,4.788697802740651,Moto,Foggy,High,Urban,True,0,1,0,7899.352585670136,8007.280779701066,Aumento_Velocidade,1
pedido_7894.423279799773_416,125.48525232912223,118.36733149202016,103.36733149202016,3.8375040401025515,10,4.845824256464767,Moto,Foggy,Medium,Metropolitian,False,0,0,0,7894.423279799773,8007.790611291793,Rota_Reduzida,1
pedido_7951.902043767583_457,101.4451700281988,61.6460637812082,46.6460637812082,16.56721989554388,10,4.8736182357649485,Scooter,Sunny,High,Metropolitian,False,0,1,1,7951.902043767583,8008.5481075487905,Aumento_Velocidade,1
pedido_7902.76373856626_424,140.19943154947018,111.50179345699625,96.50179345699625,16.291575585066123,10,4.928089206481433,Scooter,Foggy,High,Metropolitian,False,0,1,0,7902.76373856626,8009.265532023256,Aumento_Velocidade,1
pedido_7871.858217887507_402,143.5835448517802,148.91128991629762,133.91128991629762,16.499196867499226,5,4.764419585952317,Scooter,Foggy,Medium,Metropolitian,True,0,0,0,7871.858217887507,8010.769507803804,Rota_Reduzida,0
pedido_7914.2155778007545_432,97.20959618618707,90.40390859837905,90.40390859837905,6.191443694803178,10,4.91556285523104,Van,Sunny,High,Metropolitian,False,0,1,1,7914.2155778007545,8014.619486399133,Nenhuma,1
pedido_7907.7435268005565_427,135.06828144650794,118.12397253201378,103.12397253201378,15.613440465583153,5,4.910892791374929,Moto,Windy,Jam,Metropolitian,False,0,1,0,7907.7435268005565,8015.86749933257,Aumento_Velocidade,1
pedido_7911.324390149913_429,125.28573027736176,109.85437366784183,94.85437366784183,7.194403002804988,10,4.453956026789896,Moto,Sandstorms,Jam,Metropolitian,True,0,1,0,7911.324390149913,8016.178763817755,Aumento_Velocidade,1
pedido_7851.68370962644_387,175.22997039707863,169.7490393146585,154.7490393146585,6.989978264744279,10,4.390097446663523,Moto,Windy,High,Metropolitian,True,0,1,0,7851.68370962644,8016.432748941098,Aumento_Velocidade,0
pedido_7873.7672266284935_403,135.58280253549194,133.14927097719521,133.14927097719521,12.9246924895236,10,4.95653002276953,Van,Stormy,Medium,Metropolitian,False,0,0,0,7873.7672266284935,8016.916497605689,Nenhuma,0
pedido_7899.687774732769_423,109.1948777478852,112.55582878839724,112.55582878839724,12.510355006646314,5,5.0,Moto,Foggy,Low,Metropolitian,False,0,0,0,7899.687774732769,8017.243603521166,Nenhuma,1
pedido_7935.540437504082_445,103.03064534750423,84.3502111407647,69.3502111407647,14.374409512181298,15,4.466042249794524,Moto,Sunny,Medium,Metropolitian,False,0,0,1,7935.540437504082,8019.890648644846,Rota_Reduzida,1
pedido_7894.940114897704_418,133.82238666838774,130.63360393340972,115.63360393340972,9.832688530338434,10,4.8548107668599645,Scooter,Sandstorms,Jam,Metropolitian,True,0,1,0,7894.940114897704,8020.573718831114,Aumento_Velocidade,1
pedido_7981.843226595246_473,44.358525972047325,37.13088601966634,37.13088601966634,3.3039598608191474,5,4.5187141904995665,Moto,Foggy,High,Metropolitian,True,1,1,0,7981.843226595246,8023.974112614912,Nenhuma,1
pedido_7893.407450213072_415,130.99869070357013,131.29993015407715,116.29993015407715,4.538650582737981,15,4.780249927617952,Scooter,Windy,High,Metropolitian,False,0,1,0,7893.407450213072,8024.707380367148,Aumento_Velocidade,1
pedido_7897.852368866501_420,135.60078864174193,137.7232867238179,122.72328672381789,10.117451490244758,5,4.693760715569921,Scooter,Windy,High,Metropolitian,False,0,1,0,7897.852368866501,8025.575655590319,Aumento_Velocidade,0
pedido_7916.735858949837_434,141.32008033116873,109.90643979026981,94.90643979026981,14.417221367539751,15,4.697148885386744,Scooter,Foggy,High,Metropolitian,False,0,1,0,7916.735858949837,8026.642298740107,Aumento_Velocidade,1
pedido_7867.520053992779_399,153.27189122162767,161.8653319080359,146.8653319080359,11.262624408206062,15,4.492150027329982,Moto,Foggy,Jam,Metropolitian,False,0,1,0,7867.520053992779,8029.385385900815,Aumento_Velocidade,0
pedido_7866.581769442842_397,187.3226113434092,164.6797940487715,149.6797940487715,15.837324655889706,15,4.392815577020456,Moto,Stormy,High,Metropolitian,False,0,1,0,7866.581769442842,8031.261563491614,Aumento_Velocidade,0
pedido_7925.545566806378_438,110.83785674041458,96.50502790976063,96.50502790976063,16.762550993031873,10,4.867563752512178,Moto,Foggy,Low,Metropolitian,False,0,0,0,7925.545566806378,8032.050594716138,Nenhuma,1
pedido_7989.49362435106_476,39.960550986983115,29.426815141180356,29.426815141180356,11.708968027641983,15,5.0,Moto,Sunny,Medium,Urban,False,1,0,1,7989.49362435106,8033.920439492241,Nenhuma,1
pedido_7949.340277775904_454,104.68946350435597,74.77481010384258,74.77481010384258,15.363849890142452,10,4.95502454414713,Moto,Stormy,Low,Metropolitian,True,0,0,0,7949.340277775904,8034.115087879746,Nenhuma,1
pedido_7962.904327845997_464,95.11501464702829,71.67986360848195,56.67986360848195,3.024562417913359,15,4.963065564697348,Moto,Sunny,Medium,Metropolitian,False,0,0,1,7962.904327845997,8034.584191454479,Rota_Reduzida,1
pedido_7946.586430246061_453,102.04504269588844,89.66615568168335,74.66615568168335,16.951516545049024,15,4.872191654156674,Moto,Sunny,High,Metropolitian,False,0,1,1,7946.586430246061,8036.252585927745,Aumento_Velocidade,1
pedido_7937.845387365549_447,125.28956694435125,104.29388278553313,89.29388278553313,3.7739143191353515,10,4.518956407191109,Moto,Stormy,High,Metropolitian,False,0,1,0,7937.845387365549,8037.139270151082,Aumento_Velocidade,1
pedido_7942.085099835794_450,109.70865919334231,100.10966567929843,85.10966567929843,17.36491524404623,10,4.721891895834326,Moto,Sunny,Jam,Metropolitian,False,0,1,1,7942.085099835794,8037.1947655150925,Aumento_Velocidade,1
pedido_7874.769429375803_405,178.6483698338115,173.60287185942175,158.60287185942175,15.286028642915225,5,4.391474259290419,Moto,Sunny,High,Metropolitian,False,0,1,1,7874.769429375803,8038.372301235225,Aumento_Velocidade,0
pedido_7897.104424452989_419,167.83543470770724,142.20503997751356,127.20503997751356,0.0,15,4.43152134676851,Moto,Stormy,High,Metropolitian,True,0,1,0,7897.104424452989,8039.309464430503,Aumento_Velocidade,0
pedido_7911.7723979423745_430,133.47731910420856,112.80628614359426,112.80628614359426,1.5751353093721714,15,4.423644287607702,Moto,Windy,Low,Metropolitian,False,0,0,0,7911.7723979423745,8039.578684085969,Nenhuma,1
pedido_7930.969662042773_440,133.57252064713242,114.18069398529803,99.18069398529803,7.802098735770452,10,4.610043999643446,Moto,Windy,High,Urban,False,0,1,0,7930.969662042773,8040.150356028071,Aumento_Velocidade,1
pedido_7905.892060554249_425,133.60637322109795,120.94386878075699,120.94386878075699,4.276926984936713,15,4.933017732821729,Van,Windy,Medium,Metropolitian,False,0,0,0,7905.892060554249,8041.835929335006,Nenhuma,0
pedido_7918.020678268369_435,136.45112207942776,130.99186896331054,115.99186896331054,7.081189558107582,10,4.692425181905313,Moto,Windy,Medium,Metropolitian,True,0,0,0,7918.020678268369,8044.0125472316795,Rota_Reduzida,1
pedido_7971.51572982426_466,96.89459848611727,82.46294823353851,67.46294823353851,6.252856644353151,10,4.890547094637719,Scooter,Sunny,Medium,Urban,False,0,0,1,7971.51572982426,8048.978678057799,Rota_Reduzida,1
pedido_7912.748570709258_431,134.89431514508453,128.93816866288498,128.93816866288498,15.72817662574463,10,4.491845112416145,Van,Windy,Medium,Urban,False,0,0,0,7912.748570709258,8051.686739372143,Nenhuma,0
pedido_7933.530887173244_443,129.9608221635397,125.00828505053457,110.00828505053457,6.088677660433715,10,4.830364038162481,Scooter,Sandstorms,Jam,Metropolitian,True,0,1,0,7933.530887173244,8053.539172223778,Aumento_Velocidade,1
pedido_7931.534057089722_441,132.91777910048873,122.5719779017613,107.5719779017613,12.92459195984994,15,5.0,Moto,Stormy,High,Urban,False,0,1,0,7931.534057089722,8054.106034991483,Aumento_Velocidade,1
pedido_7968.88843986615_465,98.8314390815526,87.18833219035231,72.18833219035231,7.605594540602237,15,4.61220035131399,Moto,Sunny,Jam,Metropolitian,False,0,1,1,7968.88843986615,8056.076772056503,Aumento_Velocidade,1
pedido_7923.816884546465_437,134.76604725816682,133.33005887765427,118.33005887765427,7.937200020010772,15,4.5185731680459265,Moto,Windy,Medium,Metropolitian,False,0,0,0,7923.816884546465,8057.14694342412,Rota_Reduzida,1
pedido_7961.93903144752_463,128.63604381718903,107.72671630167305,92.72671630167305,7.441896940774453,5,4.543717021097784,Scooter,Windy,High,Metropolitian,True,0,1,0,7961.93903144752,8059.6657477491935,Aumento_Velocidade,1
pedido_7921.352584524439_436,129.9684466239904,143.50141825921065,128.50141825921065,7.953445625976931,10,4.744747899544697,Scooter,Stormy,High,Urban,False,0,1,0,7921.352584524439,8059.85400278365,Aumento_Velocidade,0
pedido_7936.410299858888_446,135.60781003089846,134.68624363442228,119.68624363442228,6.526694292164535,5,4.473325837869323,Moto,Windy,Medium,Metropolitian,True,0,0,0,7936.410299858888,8061.0965434933105,Rota_Reduzida,1
pedido_7943.738175249325_451,143.89040075327938,125.52310171089965,110.52310171089965,15.78943713012541,10,5.0,Scooter,Sandstorms,Jam,Metropolitian,True,0,1,0,7943.738175249325,8064.261276960225,Aumento_Velocidade,1
pedido_7953.941537093104_459,123.72262387586275,126.74001758813682,106.74001758813682,9.277071607336007,5,4.756284246617281,Scooter,Windy,High,Other,False,0,1,0,7953.941537093104,8065.68155468124,Rota_Reduzida,1
pedido_7932.323847758407_442,137.07943613490824,139.77161915928775,124.77161915928775,16.390805668089342,10,5.0,Scooter,Sandstorms,Medium,Urban,False,0,0,0,7932.323847758407,8067.095466917695,Rota_Reduzida,0
pedido_7949.764305781282_455,133.1064003090769,107.73211911177462,107.73211911177462,11.957455052669662,15,4.774045605038595,Van,Windy,High,Metropolitian,False,0,1,0,7949.764305781282,8072.496424893056,Nenhuma,1
pedido_7952.351739241359_458,102.58775036566331,112.28708795588537,112.28708795588537,3.377127967840961,10,4.573128177871805,Scooter,Windy,Low,Metropolitian,True,0,0,0,7952.351739241359,8074.638827197244,Nenhuma,1
pedido_7973.393865871196_468,122.54819110943788,112.62916484218462,97.62916484218462,4.352095524102099,5,4.799592354311751,Scooter,Stormy,Jam,Urban,False,0,1,0,7973.393865871196,8076.023030713381,Aumento_Velocidade,1
pedido_8006.134428427613_484,99.5787048972448,75.13271928285837,60.132719282858375,5.89910809500694,10,4.46001547174011,Scooter,Sunny,Medium,Metropolitian,True,0,0,1,8006.134428427613,8076.267147710471,Rota_Reduzida,1
pedido_7994.584872611452_479,109.3782555541022,97.96604176615469,82.96604176615469,9.99883684137524,5,5.0,Scooter,Sunny,Jam,Metropolitian,False,0,1,1,7994.584872611452,8082.550914377606,Aumento_Velocidade,1
pedido_7996.733792570247_481,99.35212520989081,99.01942038104349,84.01942038104349,2.4028978008404285,5,4.60615929893604,Moto,Sunny,High,Metropolitian,True,0,1,1,7996.733792570247,8085.75321295129,Aumento_Velocidade,1
pedido_7974.580006367781_470,125.83677739114661,121.67991382386302,106.67991382386302,8.560334304263709,5,4.947666347382799,Scooter,Foggy,Medium,Metropolitian,True,0,0,0,7974.580006367781,8086.259920191644,Rota_Reduzida,1
pedido_7982.376477647524_474,130.5357302082129,109.4604891853365,94.4604891853365,17.501426857355533,10,4.642109178356951,Moto,Stormy,High,Metropolitian,False,0,1,0,7982.376477647524,8086.8369668328605,Aumento_Velocidade,1
pedido_7961.675854854181_462,131.05537396819742,135.5012025612762,115.50120256127619,14.158965113147566,10,4.520985765514613,Moto,Foggy,High,Other,False,0,1,0,7961.675854854181,8087.177057415457,Rota_Reduzida,1
pedido_7954.755816456485_460,133.41178331890254,138.6427845102555,123.6427845102555,9.125049538770549,10,4.775655191334647,Moto,Foggy,High,Metropolitian,False,0,1,0,7954.755816456485,8088.398600966741,Aumento_Velocidade,0
pedido_7974.493083757988_469,131.63377386629992,125.92222357943862,110.92222357943862,7.196787182890402,15,4.737304161819552,Scooter,Sandstorms,High,Urban,False,0,1,0,7974.493083757988,8100.415307337426,Aumento_Velocidade,1
pedido_8003.08242878129_483,129.93975270145276,98.22697463351102,83.22697463351102,16.382372164832514,15,4.880756704585098,Scooter,Windy,Medium,Other,False,0,0,0,8003.08242878129,8101.309403414802,Rota_Reduzida,1
pedido_7941.721781557484_449,175.6526224766438,160.438872837288,145.438872837288,4.910325881103687,15,4.384961220944526,Moto,Stormy,High,Urban,False,0,1,0,7941.721781557484,8102.160654394772,Aumento_Velocidade,0
pedido_7950.922004615241_456,175.74865551218906,153.81534408737576,138.81534408737576,9.672842028572925,15,4.417529539996321,Scooter,Windy,High,Metropolitian,True,0,1,0,7950.922004615241,8104.737348702617,Aumento_Velocidade,0
pedido_7916.192657870272_433,184.92703979859758,195.0823557498793,180.0823557498793,16.78673415547826,10,4.23921564117507,Moto,Windy,Medium,Metropolitian,True,0,0,0,7916.192657870272,8106.275013620152,Rota_Reduzida,0
pedido_8007.229181547804_486,129.80108567018078,104.89656441285526,89.89656441285526,17.517425265343967,10,4.803570305085155,Moto,Stormy,High,Metropolitian,False,0,1,0,8007.229181547804,8107.1257459606595,Aumento_Velocidade,1
pedido_7972.341760332558_467,133.4903143361064,139.1080016432636,124.1080016432636,20.234130928099436,15,4.73295836718518,Scooter,Stormy,High,Urban,False,0,1,0,7972.341760332558,8111.449761975821,Aumento_Velocidade,0
pedido_8019.134130051795_490,103.95668446228377,100.70241120702158,85.70241120702158,20.42096757031074,10,4.799138960565008,Moto,Sunny,High,Urban,False,0,1,1,8019.134130051795,8114.836541258816,Aumento_Velocidade,1
pedido_7991.228673016931_477,134.21504553323146,129.13049025388443,114.13049025388443,16.320031082046743,10,4.905551294842613,Scooter,Sandstorms,High,Metropolitian,False,0,1,0,7991.228673016931,8115.359163270815,Aumento_Velocidade,1
pedido_7957.538512800003_461,180.9400526209674,163.40207774129556,148.40207774129556,10.190221112243215,10,4.390846293532322,Scooter,Windy,High,Metropolitian,True,0,1,0,7957.538512800003,8115.940590541299,Aumento_Velocidade,0
pedido_8011.545107275216_488,132.92179795105696,107.62012629495682,92.62012629495682,6.357600576345649,15,4.6767199968609425,Moto,Foggy,High,Metropolitian,False,0,1,0,8011.545107275216,8119.165233570173,Aumento_Velocidade,1
pedido_8030.14950669953_493,100.63592624270207,99.69732693726479,84.69732693726479,2.8862268570735714,5,4.744606284298851,Moto,Sunny,Jam,Metropolitian,True,0,1,1,8030.14950669953,8119.846833636795,Aumento_Velocidade,1
pedido_8059.065166966114_506,46.04714685005248,51.23576493413276,51.23576493413276,3.2308465844477783,10,4.852377651028069,Moto,Windy,Medium,Metropolitian,False,1,0,0,8059.065166966114,8120.300931900247,Nenhuma,1
pedido_7938.284766726003_448,184.71241476950158,192.45329476040308,177.45329476040308,17.605382781169816,5,4.354191521680052,Scooter,Windy,High,Metropolitian,True,0,1,0,7938.284766726003,8120.738061486406,Aumento_Velocidade,0
pedido_7975.994199537543_471,144.65535799908875,155.8898870086593,140.8898870086593,16.774513239446094,5,4.714864130849113,Moto,Foggy,High,Metropolitian,True,0,1,0,7975.994199537543,8121.8840865462025,Aumento_Velocidade,0
pedido_7945.091784817617_452,190.91823904069724,187.12090228042766,172.12090228042766,7.117601489368251,5,4.420053725846413,Scooter,Sunny,High,Metropolitian,False,0,1,1,7945.091784817617,8122.212687098045,Aumento_Velocidade,0
pedido_8006.320385108753_485,132.65520812979105,121.06059717616768,106.06059717616768,6.587848822231853,10,4.625534672524082,Scooter,Windy,High,Metropolitian,False,0,1,0,8006.320385108753,8122.380982284921,Aumento_Velocidade,1
pedido_7991.368884843786_478,135.8251700970151,136.35337511147156,121.35337511147156,14.928590571568742,10,4.612476609184584,Moto,Windy,Jam,Metropolitian,False,0,1,0,7991.368884843786,8122.722259955258,Aumento_Velocidade,0
pedido_7996.359115619654_480,133.08799493746596,128.6948259709769,113.6948259709769,11.303792824773156,15,4.812053106697826,Moto,Stormy,Medium,Metropolitian,False,0,0,0,7996.359115619654,8125.053941590631,Rota_Reduzida,1
pedido_8101.444304460186_535,39.238071480837675,15.158879756291213,15.158879756291213,13.544125137441696,10,4.806872721137462,Moto,Sunny,High,Metropolitian,False,1,1,1,8101.444304460186,8126.603184216477,Nenhuma,1
pedido_8069.669590563034_516,95.86854740525581,62.7410043160219,47.7410043160219,8.584499313389614,10,4.652987042752321,Moto,Sunny,Medium,Metropolitian,False,0,0,1,8069.669590563034,8127.410594879056,Rota_Reduzida,1
pedido_8027.042951469338_492,127.78004842522951,112.72089209386604,97.72089209386604,7.838923236257509,5,4.633290746520918,Moto,Sandstorms,Jam,Metropolitian,False,0,1,0,8027.042951469338,8129.763843563203,Aumento_Velocidade,1
pedido_8021.944077846059_491,130.12720727181323,120.23039125389298,105.23039125389298,5.584072326938313,5,4.982981885984689,Moto,Stormy,High,Metropolitian,False,0,1,0,8021.944077846059,8132.174469099952,Aumento_Velocidade,1
pedido_8046.255287331248_496,104.85346991470328,88.56610442588494,73.56610442588494,16.520152662918004,15,4.715777589652893,Scooter,Sunny,High,Metropolitian,True,0,1,1,8046.255287331248,8134.821391757133,Aumento_Velocidade,1
pedido_8046.3172993236785_497,107.58556485445536,103.34809802076121,88.34809802076121,15.32563822992324,5,4.730678042638154,Scooter,Sunny,Medium,Metropolitian,True,0,0,1,8046.3172993236785,8139.66539734444,Rota_Reduzida,1
pedido_8059.159194462014_507,101.89555479484996,81.42809561111176,66.42809561111176,14.521961810890806,15,4.555038645102567,Moto,Sunny,Medium,Metropolitian,False,0,0,1,8059.159194462014,8140.587290073126,Rota_Reduzida,1
pedido_8063.381361597603_509,94.87554004418845,88.71960495238469,73.71960495238469,1.8630267865322168,5,4.866870220934698,Scooter,Sunny,High,Metropolitian,False,0,1,1,8063.381361597603,8142.100966549988,Aumento_Velocidade,1
pedido_8009.828024123922_487,128.12096350786683,128.03005703383164,128.03005703383164,5.853813171053255,5,4.494887526026076,Van,Foggy,Medium,Metropolitian,False,0,0,0,8009.828024123922,8142.858081157753,Nenhuma,0
pedido_8064.465272237768_512,103.32508923398831,83.76322356762373,68.76322356762373,1.1654147898652223,10,4.534321228293288,Scooter,Sunny,High,Metropolitian,True,0,1,1,8064.465272237768,8143.2284958053915,Aumento_Velocidade,1
pedido_8099.664474381595_534,43.56892602169588,42.78660116863021,42.78660116863021,5.044295444140778,5,4.94841184045662,Scooter,Sandstorms,High,Metropolitian,False,1,1,0,8099.664474381595,8147.451075550225,Nenhuma,1
pedido_8017.528730122532_489,130.95762496298153,129.7264209786259,129.7264209786259,6.372003954896665,5,5.0,Van,Stormy,High,Urban,True,0,1,0,8017.528730122532,8152.255151101158,Nenhuma,0
pedido_8055.0608656152435_501,110.748104631779,97.86597005014211,82.86597005014211,15.54800245342391,15,4.979008192572942,Moto,Sunny,Jam,Metropolitian,False,0,1,1,8055.0608656152435,8152.926835665386,Aumento_Velocidade,1
pedido_7981.596129033995_472,184.66666088007108,171.59044184539562,156.59044184539562,9.417806599451561,15,4.285479769909051,Moto,Sunny,High,Metropolitian,True,0,1,1,7981.596129033995,8153.18657087939,Aumento_Velocidade,0
pedido_8040.656008286257_494,132.02274868357563,125.81291211186229,110.81291211186229,2.2976186941917742,5,4.7349774258138035,Scooter,Sandstorms,High,Metropolitian,False,0,1,0,8040.656008286257,8156.46892039812,Aumento_Velocidade,1
pedido_7985.063454761704_475,189.17333303350722,171.76094261089435,156.76094261089435,16.36726455488554,15,4.423844564493944,Moto,Foggy,High,Metropolitian,True,0,1,0,7985.063454761704,8156.8243973725985,Aumento_Velocidade,0
pedido_8092.4154699205255_527,94.63158532354707,74.53826635929546,59.53826635929546,7.070040438993375,5,4.733716988144033,Scooter,Sunny,High,Metropolitian,False,0,1,1,8092.4154699205255,8156.953736279821,Aumento_Velocidade,1
pedido_8050.62757891027_500,105.78197732287988,98.19591712346043,98.19591712346043,16.87573028073747,10,4.7699552059321055,Moto,Stormy,Low,Metropolitian,True,0,0,0,8050.62757891027,8158.82349603373,Nenhuma,1
pedido_8000.918691620916_482,177.4715841195258,170.71510276730493,155.71510276730493,14.287319300840188,5,4.406851890894457,Moto,Sunny,High,Urban,False,0,1,1,8000.918691620916,8161.633794388222,Aumento_Velocidade,0
pedido_8109.20242689152_544,47.13748542681308,47.60765081509511,47.60765081509511,13.265067605900505,5,4.70600917575876,Scooter,Windy,Jam,Metropolitian,True,1,1,0,8109.20242689152,8161.810077706616,Nenhuma,1
pedido_8042.02988903438_495,136.71681532193537,120.38095153381889,105.38095153381889,12.650622642388829,15,5.0,Scooter,Sandstorms,High,Metropolitian,True,0,1,0,8042.02988903438,8162.410840568199,Aumento_Velocidade,1
pedido_8049.87452368796_499,139.5030962160427,128.00954866748285,113.00954866748285,10.620845015681407,5,4.82955143553233,Moto,Sandstorms,Jam,Metropolitian,False,0,1,0,8049.87452368796,8167.884072355443,Aumento_Velocidade,1
pedido_8064.475723860744_513,115.02374532205202,116.91584389351966,96.91584389351966,3.697405248232994,10,4.7209441619890855,Scooter,Stormy,Jam,Other,False,0,1,0,8064.475723860744,8171.3915677542645,Rota_Reduzida,1
pedido_8056.022551293265_502,136.28143219805156,121.15310972688528,106.15310972688528,7.19482702405957,10,4.595193999314727,Scooter,Windy,Medium,Metropolitian,False,0,0,0,8056.022551293265,8172.17566102015,Rota_Reduzida,1
pedido_8076.925480928206_519,99.3974574175129,95.61416282379038,80.61416282379038,6.458729852685417,15,4.650005232160307,Scooter,Sunny,Jam,Urban,False,0,1,1,8076.925480928206,8172.539643751996,Aumento_Velocidade,1
pedido_8058.705209012729_505,132.75290817707386,119.7427615210203,104.7427615210203,7.183302118697715,10,4.772433470059844,Scooter,Windy,High,Urban,False,0,1,0,8058.705209012729,8173.447970533749,Aumento_Velocidade,1
pedido_8047.112727643255_498,133.90230297525136,131.51985771326272,116.51985771326272,13.946752854214898,10,4.657770511604718,Moto,Windy,High,Urban,False,0,1,0,8047.112727643255,8173.632585356518,Aumento_Velocidade,1
pedido_8087.195344467436_525,102.11770937331092,71.67071930327063,71.67071930327063,6.1069329422689185,15,4.6685124915725265,Moto,Windy,Low,Metropolitian,False,0,0,0,8087.195344467436,8173.866063770707,Nenhuma,1
pedido_8061.887540359361_508,137.17731253222402,122.04614584943975,107.04614584943975,13.523298128936865,5,4.76786096449616,Moto,Windy,Jam,Metropolitian,False,0,1,0,8061.887540359361,8173.933686208801,Aumento_Velocidade,1
pedido_8063.950531872003_510,130.19815261666574,110.81016258968472,95.81016258968472,7.958864238064415,15,4.611325386525225,Scooter,Windy,Jam,Metropolitian,False,0,1,0,8063.950531872003,8174.760694461687,Aumento_Velocidade,1
pedido_8068.919303292222_515,122.51002003681302,113.83718542111778,98.83718542111778,2.51999374405916,10,4.756056548840177,Moto,Stormy,Jam,Metropolitian,False,0,1,0,8068.919303292222,8177.75648871334,Aumento_Velocidade,1
pedido_8087.71170612626_526,109.80017986845388,92.19806220379718,77.19806220379718,17.154663749250467,15,4.683389260500104,Scooter,Sunny,Medium,Metropolitian,True,0,0,1,8087.71170612626,8179.909768330057,Rota_Reduzida,1
pedido_8084.086732292821_524,110.05350976389829,98.64550024762751,83.64550024762751,15.288911705714144,15,4.67666597172671,Scooter,Sunny,Jam,Metropolitian,False,0,1,1,8084.086732292821,8182.732232540448,Aumento_Velocidade,1
pedido_8070.923641108241_517,123.11418795688475,123.85144243254854,108.85144243254854,2.9921377559186815,5,4.730106015034639,Scooter,Stormy,Jam,Urban,False,0,1,0,8070.923641108241,8184.77508354079,Aumento_Velocidade,1
pedido_8064.164606152254_511,133.97723823252863,128.29001465897477,113.29001465897477,10.897962436278473,10,4.562321350976125,Moto,Stormy,Medium,Urban,False,0,0,0,8064.164606152254,8187.454620811229,Rota_Reduzida,1
pedido_8065.7290577375825_514,132.08738865094864,126.78905287565883,111.78905287565883,6.913051318774302,10,5.0,Moto,Stormy,High,Urban,False,0,1,0,8065.7290577375825,8187.518110613241,Aumento_Velocidade,1
pedido_8071.13776233939_518,133.64441369650768,125.98262712439924,110.98262712439924,2.132291549445815,10,4.799644324913318,Moto,Foggy,High,Metropolitian,False,0,1,0,8071.13776233939,8192.12038946379,Aumento_Velocidade,1
pedido_8094.125329261908_529,134.7971466556775,101.89299181747799,86.89299181747799,5.791429715092893,15,5.0,Moto,Foggy,High,Metropolitian,True,0,1,0,8094.125329261908,8196.018321079386,Aumento_Velocidade,1
pedido_8120.502616560606_549,99.05590523092877,82.64635825555845,67.64635825555845,1.1915340975241744,10,4.6087070761234905,Moto,Sunny,Jam,Metropolitian,False,0,1,1,8120.502616560606,8198.148974816164,Aumento_Velocidade,1
pedido_8104.066024201821_538,100.75863504844659,104.80291946512497,89.80291946512497,4.262703962162169,5,4.676625841127092,Scooter,Sunny,Jam,Metropolitian,True,0,1,1,8104.066024201821,8198.868943666947,Aumento_Velocidade,1
pedido_8079.056057939447_520,135.76807368764494,125.89218530091006,110.89218530091006,17.76771786209688,10,4.953156877778275,Scooter,Sandstorms,High,Urban,False,0,1,0,8079.056057939447,8199.948243240357,Aumento_Velocidade,1
pedido_8083.959569681626_523,133.54167802044813,126.99544106731068,111.99544106731068,8.814589134619458,5,4.660455798398721,Moto,Windy,High,Urban,False,0,1,0,8083.959569681626,8200.955010748936,Aumento_Velocidade,1
pedido_8079.345421621149_521,135.03735662962148,123.56027203130841,108.56027203130841,2.1908123920157743,15,5.0,Moto,Windy,Medium,Urban,True,0,0,0,8079.345421621149,8202.905693652458,Rota_Reduzida,1
pedido_8125.5853773268855_552,105.8662279948134,96.01595510383144,81.01595510383144,5.057120547522995,5,4.520500232767616,Scooter,Sunny,High,Metropolitian,False,0,1,1,8125.5853773268855,8211.601332430717,Aumento_Velocidade,1
pedido_8082.065672488383_522,136.5304568569866,134.62508824411626,119.62508824411626,18.935970893534808,10,4.5384872541351555,Moto,Sandstorms,High,Urban,False,0,1,0,8082.065672488383,8211.6907607325,Aumento_Velocidade,1
pedido_8124.20564269236_551,121.38311250021468,100.11319025287699,80.11319025287699,5.907308011742775,10,4.458149281017577,Scooter,Windy,High,Other,False,0,1,0,8124.20564269236,8214.318832945237,Rota_Reduzida,1
pedido_8158.236959696018_573,39.26365876066386,42.41729190800829,42.41729190800829,10.548767414598752,15,4.859910539217713,Scooter,Sunny,High,Urban,False,1,1,1,8158.236959696018,8215.654251604026,Nenhuma,1
pedido_8097.962905289215_533,132.37916115113907,122.86016574300231,107.86016574300231,2.0646291142352617,10,4.811457142448127,Moto,Stormy,Medium,Urban,False,0,0,0,8097.962905289215,8215.823071032217,Rota_Reduzida,1
pedido_8112.19881696995_547,124.75989381478189,110.04099925701755,95.04099925701755,2.828418485489608,10,4.611704360283549,Moto,Foggy,Medium,Metropolitian,False,0,0,0,8112.19881696995,8217.239816226967,Rota_Reduzida,1
pedido_8106.926508757585_540,136.495532914919,111.16150556465595,96.16150556465595,15.515585956442928,15,4.695573217462462,Scooter,Sandstorms,Medium,Urban,False,0,0,0,8106.926508757585,8218.08801432224,Rota_Reduzida,1
pedido_8095.434089152675_531,134.82258544930943,134.91221539417236,119.91221539417236,18.57461941650242,5,4.945235341121288,Moto,Sandstorms,High,Metropolitian,False,0,1,0,8095.434089152675,8220.346304546847,Aumento_Velocidade,1
pedido_8101.733998113163_536,127.66722869532683,128.6172909911409,113.61729099114089,5.125701413516133,5,4.680887444614562,Moto,Stormy,Jam,Urban,False,0,1,0,8101.733998113163,8220.351289104303,Aumento_Velocidade,1
pedido_8108.244500592318_542,128.4041617622523,97.27836914602564,97.27836914602564,5.217493155912197,15,4.6349550860312965,Van,Sandstorms,Jam,Urban,True,0,1,0,8108.244500592318,8220.522869738345,Nenhuma,1
pedido_8136.322995155963_560,94.56930387439498,79.56893858600661,79.56893858600661,2.8808787615363896,5,4.926124463420158,Van,Sunny,Low,Metropolitian,False,0,0,1,8136.322995155963,8220.89193374197,Nenhuma,1
pedido_8096.409137407008_532,139.61793600136465,125.22932380617166,110.22932380617166,11.073265588586436,15,4.578155084697318,Moto,Windy,Jam,Metropolitian,True,0,1,0,8096.409137407008,8221.638461213179,Aumento_Velocidade,1
pedido_8109.993862879885_545,131.7337005873243,111.81803693527752,96.81803693527752,12.595885504017097,15,4.648121643394935,Scooter,Stormy,High,Metropolitian,True,0,1,0,8109.993862879885,8221.811899815162,Aumento_Velocidade,1
pedido_8114.147610462044_548,129.75177068621898,122.51610076403442,107.51610076403442,0.5243505890667288,5,4.556016496176824,Scooter,Sandstorms,Medium,Urban,False,0,0,0,8114.147610462044,8226.663711226078,Rota_Reduzida,1
pedido_8125.776946772771_553,101.8544257070725,97.51777574210455,97.51777574210455,12.72292938468274,5,4.809337830352783,Van,Sunny,High,Metropolitian,False,0,1,1,8125.776946772771,8228.294722514876,Nenhuma,1
pedido_8110.25328720656_546,143.91163808820735,127.274819895331,112.274819895331,14.006406913059164,10,4.639783997006227,Moto,Foggy,High,Metropolitian,True,0,1,0,8110.25328720656,8232.52810710189,Aumento_Velocidade,1
pedido_8108.538390119704_543,144.94278854649065,129.8174628998297,114.8174628998297,21.23534846429987,10,4.66259552598416,Scooter,Foggy,High,Metropolitian,False,0,1,0,8108.538390119704,8233.355853019533,Aumento_Velocidade,1
pedido_8093.172926556687_528,132.54464392905672,125.4225688306883,125.4225688306883,6.797411351253878,15,4.705452083863641,Van,Windy,High,Metropolitian,False,0,1,0,8093.172926556687,8233.595495387375,Nenhuma,0
pedido_8102.708016043809_537,131.09906871720924,132.89458552749045,117.89458552749045,2.7375555716106326,15,4.660971940358268,Scooter,Windy,High,Metropolitian,False,0,1,0,8102.708016043809,8235.6026015713,Aumento_Velocidade,1
pedido_8134.007392924845_558,129.76486193434457,102.08505449588894,87.08505449588894,14.12551480095806,15,4.63951831847415,Moto,Stormy,High,Metropolitian,False,0,1,0,8134.007392924845,8236.092447420733,Aumento_Velocidade,1
pedido_8128.459108263804_554,132.36481215780856,118.26541559468376,103.26541559468376,4.282481888695827,5,4.736804065504835,Moto,Sandstorms,High,Metropolitian,False,0,1,0,8128.459108263804,8236.724523858487,Aumento_Velocidade,1
pedido_8057.415557216219_504,187.9369820726718,179.74778572189533,164.74778572189533,15.422212454461647,15,4.34068431862391,Moto,Windy,Medium,Metropolitian,False,0,0,0,8057.415557216219,8237.163342938115,Rota_Reduzida,0
pedido_8137.209653245291_561,94.20773221615744,90.89135828800825,90.89135828800825,6.579755165378918,10,4.569990425804979,Van,Sunny,Medium,Metropolitian,False,0,0,1,8137.209653245291,8238.1010115333,Nenhuma,1
pedido_8159.533207398092_574,95.87510461492036,75.1784082939364,75.1784082939364,3.729409713814644,5,4.5081318642728645,Van,Sunny,Medium,Metropolitian,False,0,0,1,8159.533207398092,8239.711615692027,Nenhuma,1
pedido_8128.767001853797_555,130.2318883716006,121.81676114610454,106.81676114610454,6.8813200120479205,5,4.560480020499849,Scooter,Foggy,Jam,Metropolitian,False,0,1,0,8128.767001853797,8240.583762999902,Aumento_Velocidade,1
pedido_8057.328965902865_503,198.32127965838768,186.7975304227204,171.7975304227204,11.11709211595832,15,4.395244605024014,Moto,Stormy,Jam,Metropolitian,True,0,1,0,8057.328965902865,8244.126496325585,Aumento_Velocidade,0
pedido_8143.11851225984_563,101.67019641242756,96.6466847948113,96.6466847948113,2.989148392522055,5,4.717053480947453,Moto,Windy,Low,Metropolitian,False,0,0,0,8143.11851225984,8244.76519705465,Nenhuma,1
pedido_8105.742612379451_539,140.15727878894708,149.382866687679,134.382866687679,16.501100122752852,5,4.650857794165526,Moto,Sandstorms,Jam,Metropolitian,False,0,1,0,8105.742612379451,8245.12547906713,Aumento_Velocidade,0
pedido_8149.438922831981_569,132.65520812979105,101.67787323543307,86.67787323543307,6.493618859084921,10,4.569240289016297,Scooter,Windy,High,Metropolitian,False,0,1,0,8149.438922831981,8246.116796067414,Aumento_Velocidade,1
pedido_8162.915452975755_577,102.84198900603003,89.45352612886022,74.45352612886022,7.8300308251315744,10,4.524575396684779,Scooter,Sunny,High,Metropolitian,False,0,1,1,8162.915452975755,8247.368979104616,Aumento_Velocidade,1
pedido_8135.638175164604_559,130.80428664175128,116.59800278435179,101.59800278435179,4.816696413913654,15,4.639674803799377,Moto,Windy,High,Metropolitian,False,0,1,0,8135.638175164604,8252.236177948957,Aumento_Velocidade,1
pedido_8158.084582250617_572,102.52560702811523,84.42085009197245,84.42085009197245,18.445329174048894,10,4.768905061562991,Van,Sunny,High,Urban,False,0,1,1,8158.084582250617,8252.50543234259,Nenhuma,1
pedido_8120.964424545452_550,131.8894892545976,132.0789503293533,117.07895032935329,4.703184060408278,15,4.871350295880026,Scooter,Foggy,High,Metropolitian,True,0,1,0,8120.964424545452,8253.043374874806,Aumento_Velocidade,1
pedido_8201.570416988136_593,44.10065299629136,37.094790410692795,37.094790410692795,12.227847596492255,15,4.679490011974323,Moto,Foggy,High,Metropolitian,False,1,1,0,8201.570416988136,8253.665207398828,Nenhuma,1
pedido_8156.8313953429615_571,94.55255668310538,105.06477915015552,90.06477915015552,7.57458401516086,10,4.748486439503554,Scooter,Sunny,High,Metropolitian,False,0,1,1,8156.8313953429615,8256.896174493117,Aumento_Velocidade,1
pedido_8243.594516730733_619,39.91691332247419,0.0,0.0,11.94937644163921,15,4.551587212385972,Scooter,Sunny,High,Metropolitian,False,1,1,1,8243.594516730733,8258.594516730733,Nenhuma,1
pedido_8133.751098556811_557,141.4204070980739,132.13773707867654,117.13773707867654,18.198875435945855,10,4.8965902149837595,Moto,Windy,Jam,Metropolitian,True,0,1,0,8133.751098556811,8260.888835635487,Aumento_Velocidade,1
pedido_8143.713791284497_564,121.08597395049232,113.30421407187009,113.30421407187009,16.811953314736556,5,4.750531846691165,Scooter,Sunny,Low,Metropolitian,False,0,0,1,8143.713791284497,8262.018005356367,Nenhuma,1
pedido_8094.155203178282_530,187.3226113434092,173.02792747022048,158.02792747022048,14.586013201368369,10,4.370029278912369,Moto,Stormy,High,Metropolitian,False,0,1,0,8094.155203178282,8262.183130648502,Aumento_Velocidade,0
pedido_8138.605944950288_562,132.77142412791815,124.17759781091902,109.17759781091902,4.537733430277272,15,4.838459896674698,Scooter,Sandstorms,High,Metropolitian,False,0,1,0,8138.605944950288,8262.783542761208,Aumento_Velocidade,1
pedido_8146.985012686297_566,133.9729649483207,129.475648646223,114.475648646223,6.007861659746117,5,4.682225215725273,Scooter,Foggy,High,Metropolitian,False,0,1,0,8146.985012686297,8266.46066133252,Aumento_Velocidade,1
pedido_8161.88095916902_576,95.34859168225346,90.03805658240447,90.03805658240447,0.04645372020254257,15,4.974212405866833,Moto,Sunny,Low,Metropolitian,False,0,0,1,8161.88095916902,8266.919015751424,Nenhuma,1
pedido_8223.06601818448_608,44.42698544389544,42.55691282384337,42.55691282384337,11.186432125827837,5,4.884011261923093,Moto,Foggy,High,Metropolitian,False,1,1,0,8223.06601818448,8270.622931008324,Nenhuma,1
pedido_8153.77276132912_570,134.40590749942737,117.92396101028459,102.92396101028459,17.213667047489988,15,4.906697019139314,Moto,Stormy,Jam,Metropolitian,False,0,1,0,8153.77276132912,8271.696722339404,Aumento_Velocidade,1
pedido_8184.109008007776_584,101.13372221980404,87.93781191791504,72.93781191791504,6.711308029599503,15,4.973397765883407,Scooter,Sunny,Jam,Metropolitian,False,0,1,1,8184.109008007776,8272.04681992569,Aumento_Velocidade,1
pedido_8173.949469899427_579,102.61586563468965,84.5789467217496,84.5789467217496,6.97030507192512,15,4.519069819056389,Scooter,Sandstorms,Low,Metropolitian,False,0,0,0,8173.949469899427,8273.528416621177,Nenhuma,1
pedido_8147.289612614561_567,134.70483731974008,127.31577558688414,112.31577558688414,10.396890315695085,15,4.73178195150528,Moto,Sandstorms,High,Metropolitian,False,0,1,0,8147.289612614561,8274.605388201444,Aumento_Velocidade,1
pedido_8147.90943144641_568,150.176895997673,133.27390327749464,118.27390327749464,12.914993446620581,10,4.8762651096385845,Scooter,Foggy,Jam,Metropolitian,False,0,1,0,8147.90943144641,8276.183334723904,Aumento_Velocidade,1
pedido_8130.327902004743_556,169.2051434925611,151.09314588206118,136.09314588206118,1.317919471617607,10,4.341647530234801,Moto,Stormy,High,Urban,True,0,1,0,8130.327902004743,8276.421047886804,Aumento_Velocidade,0
pedido_8244.401066458257_621,41.163996522423886,21.516832960121533,21.516832960121533,11.287263199730937,15,5.0,Scooter,Sunny,Jam,Urban,False,1,1,1,8244.401066458257,8280.917899418379,Nenhuma,1
pedido_8164.529833671969_578,133.04012929077166,121.9627207603042,106.9627207603042,0.0,10,4.619634510109475,Scooter,Foggy,High,Metropolitian,True,0,1,0,8164.529833671969,8281.492554432272,Aumento_Velocidade,1
pedido_8199.802775683653_592,102.38665475488781,91.89308843625645,76.89308843625645,14.170015297328293,5,4.63284254636406,Moto,Sunny,High,Metropolitian,False,0,1,1,8199.802775683653,8281.695864119909,Aumento_Velocidade,1
pedido_8193.093692834276_587,125.08422856989364,97.88730789479831,82.88730789479831,5.2078389363651,10,4.537796856578329,Moto,Stormy,High,Metropolitian,True,0,1,0,8193.093692834276,8285.981000729074,Aumento_Velocidade,1
pedido_8178.619507142446_581,124.01493299448674,117.61118696476605,102.61118696476605,1.8900487534859365,5,5.0,Scooter,Stormy,Jam,Metropolitian,False,0,1,0,8178.619507142446,8286.230694107213,Aumento_Velocidade,1
pedido_8177.977784800585_580,134.75456966814028,119.52921828535892,104.52921828535892,18.032913541982975,5,4.738400990055638,Moto,Sandstorms,High,Metropolitian,False,0,1,0,8177.977784800585,8287.507003085944,Aumento_Velocidade,1
pedido_8107.134085365469_541,177.42140322876597,186.1716320420961,171.1716320420961,6.70648022502407,10,4.436503688513953,Moto,Stormy,Jam,Metropolitian,False,0,1,0,8107.134085365469,8288.305717407566,Aumento_Velocidade,0
pedido_8195.927636999293_590,103.76862093550601,102.4732014926306,87.4732014926306,18.495674670220627,5,4.637869675694173,Scooter,Sunny,Medium,Urban,False,0,0,1,8195.927636999293,8288.400838491923,Rota_Reduzida,1
pedido_8207.179313731867_597,101.45095968537234,87.74299328467143,72.74299328467143,2.0941382721164996,10,4.866206671970326,Moto,Sunny,Jam,Urban,True,0,1,1,8207.179313731867,8289.922307016539,Aumento_Velocidade,1
pedido_8207.795768627591_599,96.50378212545165,98.16630137159953,83.16630137159953,1.5832995646689483,5,4.899497220645726,Moto,Sunny,Medium,Metropolitian,False,0,0,1,8207.795768627591,8295.96206999919,Rota_Reduzida,1
pedido_8234.619922815002_615,99.51876533257081,71.99191657047531,56.99191657047531,5.087046472179674,10,4.676151710697372,Scooter,Sunny,Jam,Metropolitian,False,0,1,1,8234.619922815002,8301.611839385478,Aumento_Velocidade,1
pedido_8195.330086454318_589,133.81320105254937,117.56724905415442,102.56724905415442,2.5658226410013665,5,4.738911051458227,Moto,Foggy,High,Urban,False,0,1,0,8195.330086454318,8302.897335508473,Aumento_Velocidade,1
pedido_8194.030678312767_588,128.68577041953824,118.03100331403908,103.03100331403908,3.406717520723296,10,5.0,Scooter,Sandstorms,Jam,Urban,False,0,1,0,8194.030678312767,8307.061681626807,Aumento_Velocidade,1
pedido_8225.757275258631_609,98.78113029324714,92.87886250837992,77.87886250837992,3.7346927562297942,5,4.814798226528431,Moto,Sunny,Jam,Metropolitian,False,0,1,1,8225.757275258631,8308.636137767011,Aumento_Velocidade,1
pedido_8144.263727485109_565,161.07972529815444,159.53357584405947,159.53357584405947,13.131596560025123,5,4.2392035711723395,Moto,Stormy,Low,Metropolitian,False,0,0,0,8144.263727485109,8308.797303329167,Nenhuma,0
pedido_8180.090834521205_582,133.9798600126324,138.45348781941058,123.45348781941058,5.944718547657122,10,4.796189278208619,Moto,Foggy,High,Metropolitian,False,0,1,0,8180.090834521205,8313.544322340615,Aumento_Velocidade,0
pedido_8216.162293918938_605,103.77442333628102,100.96269090029598,85.96269090029598,9.577056429699189,15,4.5379580983092325,Moto,Sunny,High,Metropolitian,False,0,1,1,8216.162293918938,8317.124984819235,Aumento_Velocidade,1
pedido_8188.355512384812_586,128.8818462204144,134.76005671612958,119.76005671612958,7.33232214095287,10,4.53801766945005,Scooter,Foggy,Jam,Metropolitian,False,0,1,0,8188.355512384812,8318.115569100943,Aumento_Velocidade,1
pedido_8272.480782809609_636,61.849434222822126,45.659842759190944,30.659842759190944,9.883361989265499,15,4.375973444369228,Scooter,Foggy,High,Metropolitian,False,1,1,0,8272.480782809609,8318.1406255688,Aumento_Velocidade,1
pedido_8181.286219007059_583,132.5890508583103,149.47286100601295,134.47286100601295,14.216484966722085,5,4.637175840454748,Moto,Windy,High,Metropolitian,False,0,1,0,8181.286219007059,8320.759080013073,Aumento_Velocidade,0
pedido_8273.842665182136_637,46.25942334700809,38.51982285987771,38.51982285987771,3.7115579797923397,10,4.7978758405618755,Moto,Windy,High,Metropolitian,True,1,1,0,8273.842665182136,8322.362488042014,Nenhuma,1
pedido_8196.44227785863_591,132.54464392905672,114.34379072895413,114.34379072895413,6.466107076897766,15,4.687086062603906,Van,Windy,High,Metropolitian,False,0,1,0,8196.44227785863,8325.786068587584,Nenhuma,1
pedido_8225.994854329949_610,106.06717078087904,95.12745188758225,95.12745188758225,15.333337910739985,5,4.470361581641347,Moto,Stormy,Low,Metropolitian,True,0,0,0,8225.994854329949,8326.12230621753,Nenhuma,1
pedido_8202.284724651749_594,133.56244620912418,135.66068368417248,120.66068368417248,12.130160526121639,5,4.7396913120879365,Scooter,Sandstorms,High,Metropolitian,False,0,1,0,8202.284724651749,8327.945408335921,Aumento_Velocidade,0
pedido_8206.456056243536_595,133.34913206797495,132.04488175943376,117.04488175943376,14.709576089382406,5,4.796631890399588,Moto,Windy,High,Metropolitian,False,0,1,0,8206.456056243536,8328.50093800297,Aumento_Velocidade,1
pedido_8207.92518019529_600,130.02014371614584,121.03960499784046,106.03960499784046,10.201170944292404,15,4.754286883930787,Scooter,Stormy,Jam,Urban,False,0,1,0,8207.92518019529,8328.964785193131,Aumento_Velocidade,1
pedido_8206.834943261145_596,137.11224460204926,128.51623372075045,113.51623372075045,15.341038161584141,10,4.591422547536641,Moto,Windy,Medium,Metropolitian,True,0,0,0,8206.834943261145,8330.351176981896,Rota_Reduzida,1
pedido_8221.560486439623_607,131.92462082394565,111.29225114497862,96.29225114497862,6.5964537432848065,15,4.7528251690191405,Scooter,Stormy,Medium,Metropolitian,False,0,0,0,8221.560486439623,8332.8527375846,Rota_Reduzida,1
pedido_8210.485260643061_603,131.40379734675707,134.070005037731,119.070005037731,6.533748909977991,10,4.896138925426706,Scooter,Windy,High,Urban,False,0,1,0,8210.485260643061,8339.555265680792,Aumento_Velocidade,1
pedido_8160.46602102035_575,187.34968763630775,179.93077699549562,164.93077699549562,14.452010857768657,15,4.301734094068611,Scooter,Stormy,High,Metropolitian,False,0,1,0,8160.46602102035,8340.396798015845,Aumento_Velocidade,0
pedido_8209.012191859243_602,133.41595329693868,131.61542952944973,116.61542952944973,11.131618140652616,15,4.795352745462938,Moto,Windy,High,Metropolitian,False,0,1,0,8209.012191859243,8340.627621388692,Aumento_Velocidade,1
pedido_8231.86567543963_613,132.4741772184434,109.00537590681031,94.00537590681031,5.819250900091259,15,4.727543305212759,Scooter,Foggy,High,Metropolitian,True,0,1,0,8231.86567543963,8340.871051346441,Aumento_Velocidade,1
pedido_8235.754621517497_618,104.18827605745356,105.34938136938142,105.34938136938142,20.51828239260777,5,4.945575059384552,Van,Sunny,High,Urban,False,0,1,1,8235.754621517497,8346.10400288688,Nenhuma,1
pedido_8184.276168121727_585,177.78584191021494,163.16886456113875,148.16886456113875,6.411682259149486,15,4.263904928977085,Moto,Foggy,High,Metropolitian,False,0,1,0,8184.276168121727,8347.445032682866,Aumento_Velocidade,0
pedido_8229.389975461248_612,109.75760262289805,114.74297341777933,114.74297341777933,13.002652656256528,5,4.894129712579837,Scooter,Foggy,Low,Metropolitian,False,0,0,0,8229.389975461248,8349.132948879027,Nenhuma,1
pedido_8208.162289071464_601,134.51104555526933,132.29678698372985,132.29678698372985,16.18141239642696,10,4.8014979834770415,Van,Sandstorms,High,Urban,False,0,1,0,8208.162289071464,8350.459076055195,Nenhuma,0
pedido_8235.73842019071_617,123.27465377624324,116.00953619587307,101.00953619587307,0.6590816228122911,15,4.529744304422759,Moto,Sandstorms,Jam,Metropolitian,False,0,1,0,8235.73842019071,8351.747956386584,Aumento_Velocidade,1
pedido_8226.357090243735_611,130.76110616373245,118.40061146919089,118.40061146919089,6.6478430089137,15,4.396305750764364,Scooter,Stormy,Low,Metropolitian,False,0,0,0,8226.357090243735,8359.757701712926,Nenhuma,1
pedido_8252.356616391951_626,99.77403809903724,93.49085796080315,93.49085796080315,6.023477425713885,15,4.93914968056314,Moto,Stormy,Low,Metropolitian,False,0,0,0,8252.356616391951,8360.847474352755,Nenhuma,1
pedido_8235.420011274991_616,136.11264911075537,126.8537144392497,111.8537144392497,16.855733383755428,15,4.819015973038956,Moto,Windy,High,Metropolitian,True,0,1,0,8235.420011274991,8362.273725714242,Aumento_Velocidade,1
pedido_8284.064142582478_642,99.26599853486776,84.0611064391458,64.0611064391458,2.1662601976220586,15,4.749060873571941,Moto,Sunny,Jam,Other,True,0,1,1,8284.064142582478,8363.125249021623,Rota_Reduzida,1
pedido_8249.238716092399_623,133.4276074477385,114.50342216864323,99.50342216864323,3.3832088838644117,15,4.728447908794144,Scooter,Stormy,Medium,Metropolitian,False,0,0,0,8249.238716092399,8363.742138261043,Rota_Reduzida,1
pedido_8250.230796177582_624,129.56451112933797,119.07345169533627,104.07345169533627,7.654753634044795,10,4.737767407306611,Moto,Stormy,High,Metropolitian,False,0,1,0,8250.230796177582,8364.304247872918,Aumento_Velocidade,1
pedido_8295.969658718324_658,94.87554004418845,81.4511066146476,66.4511066146476,2.5777696825641008,5,4.879561727411207,Scooter,Sunny,High,Urban,False,0,1,1,8295.969658718324,8367.420765332972,Aumento_Velocidade,1
pedido_8250.841883109524_625,130.4900228746409,117.360201055847,102.360201055847,10.458471119299752,15,4.562185116757197,Scooter,Stormy,High,Metropolitian,False,0,1,0,8250.841883109524,8368.20208416537,Aumento_Velocidade,1
pedido_8207.750416326242_598,173.84489136553742,162.16758807519236,147.16758807519236,7.846572208119838,15,4.39855132736032,Moto,Windy,Medium,Metropolitian,False,0,0,0,8207.750416326242,8369.918004401434,Rota_Reduzida,0
pedido_8278.635232420922_639,97.94570474772533,97.80435785202971,82.80435785202971,4.893773644805308,10,4.753657246941187,Scooter,Sunny,Medium,Urban,True,0,0,1,8278.635232420922,8371.439590272952,Rota_Reduzida,1
pedido_8346.647294831353_692,46.34267445478855,10.748594338896748,10.748594338896748,1.8375560757541147,15,4.557692463212679,Scooter,Foggy,High,Metropolitian,True,1,1,0,8346.647294831353,8372.39588917025,Nenhuma,1
pedido_8234.334302905065_614,140.3189656986193,143.07045237650883,128.07045237650883,16.684473997291953,10,4.9224757588891395,Moto,Foggy,High,Metropolitian,False,0,1,0,8234.334302905065,8372.404755281574,Aumento_Velocidade,0
pedido_8259.893021854707_628,133.051824642882,123.76855715456281,108.76855715456281,6.780832108434463,5,4.575325474400671,Scooter,Stormy,Medium,Metropolitian,False,0,0,0,8259.893021854707,8373.66157900927,Rota_Reduzida,1
pedido_8270.124078963809_634,131.31950454912854,104.73369180750444,89.73369180750444,11.086288404076578,15,4.553504602476338,Scooter,Stormy,High,Metropolitian,False,0,1,0,8270.124078963809,8374.857770771314,Aumento_Velocidade,1
pedido_8244.602492575177_622,132.37640653175018,142.0429396509482,127.0429396509482,4.767383243469218,5,4.783800375488109,Scooter,Sandstorms,High,Metropolitian,False,0,1,0,8244.602492575177,8376.645432226125,Aumento_Velocidade,0
pedido_8289.862181668126_648,102.7257640377333,77.04012367091795,77.04012367091795,2.2614780667471694,10,4.9771687086849905,Moto,Sandstorms,Low,Urban,False,0,0,0,8289.862181668126,8376.902305339045,Nenhuma,1
pedido_8293.20080579336_652,97.36430284549328,85.02954034590701,70.02954034590701,5.5954358967420506,15,4.472813514702879,Scooter,Sunny,Medium,Metropolitian,False,0,0,1,8293.20080579336,8378.230346139268,Rota_Reduzida,1
pedido_8280.5014348883_640,104.07082915916385,85.041934001523,85.041934001523,17.20560044673051,15,4.918925509209074,Van,Sunny,Medium,Metropolitian,False,0,0,1,8280.5014348883,8380.543368889823,Nenhuma,1
pedido_8289.646760223535_647,103.41372292326734,92.43688215367808,77.43688215367808,13.11802635362121,15,4.790701806951432,Scooter,Sunny,High,Metropolitian,True,0,1,1,8289.646760223535,8382.083642377213,Aumento_Velocidade,1
pedido_8261.953603359532_630,131.73446360968777,121.77469630709157,106.77469630709157,3.2312111352927873,15,5.0,Scooter,Windy,High,Metropolitian,True,0,1,0,8261.953603359532,8383.728299666624,Aumento_Velocidade,1
pedido_8259.632633425746_627,132.0234887729761,133.83417744467047,118.83417744467047,3.670483991151629,10,4.906994205109743,Moto,Foggy,High,Urban,True,0,1,0,8259.632633425746,8388.466810870417,Aumento_Velocidade,1
pedido_8290.983268589169_649,102.77100945330601,93.96968552575059,93.96968552575059,6.99742912753374,5,4.800473856666602,Scooter,Windy,Low,Urban,False,0,0,0,8290.983268589169,8389.952954114919,Nenhuma,1
pedido_8293.095204542431_650,102.35970845081678,97.1244147959732,82.1244147959732,18.241189173914155,15,4.555622560515532,Moto,Sunny,High,Metropolitian,False,0,1,1,8293.095204542431,8390.219619338404,Aumento_Velocidade,1
pedido_8217.499379005036_606,189.5963799434055,178.90340802201308,163.90340802201308,13.214317854347323,10,4.4029247986956275,Scooter,Foggy,High,Metropolitian,True,0,1,0,8217.499379005036,8391.40278702705,Aumento_Velocidade,0
pedido_8214.98605226312_604,188.58980840976363,186.6661952381286,171.6661952381286,14.62383792518029,5,4.356807188721646,Moto,Windy,Medium,Metropolitian,False,0,0,0,8214.98605226312,8391.65224750125,Rota_Reduzida,0
pedido_8266.36215236701_632,131.63377386629992,126.61061259381484,111.61061259381484,6.247442405756851,15,4.744906018182286,Moto,Sandstorms,High,Urban,False,0,1,0,8266.36215236701,8392.972764960825,Aumento_Velocidade,1
pedido_8272.363192323939_635,138.29634575638403,127.61767832126583,112.61767832126583,16.079686340709124,10,4.915759175638117,Moto,Sandstorms,Medium,Metropolitian,True,0,0,0,8272.363192323939,8394.980870645204,Rota_Reduzida,1
pedido_8284.181809052334_643,136.3599578390772,126.33616850687548,111.33616850687548,6.547654018810496,5,4.623182338331648,Scooter,Windy,Medium,Metropolitian,False,0,0,0,8284.181809052334,8400.51797755921,Rota_Reduzida,1
pedido_8293.188409297423_651,134.31531238908138,112.58782320306582,97.58782320306582,4.649069922971477,10,4.538539009975492,Scooter,Sandstorms,Medium,Metropolitian,False,0,0,0,8293.188409297423,8400.77623250049,Rota_Reduzida,1
pedido_8287.862966026225_646,130.33013629111784,113.28952022419236,98.28952022419236,10.491359191376112,15,4.872522007982359,Moto,Stormy,High,Urban,False,0,1,0,8287.862966026225,8401.152486250417,Aumento_Velocidade,1
pedido_8243.669099945171_620,174.82854998839298,168.9877144564683,153.9877144564683,6.425186961029058,5,4.304774039067868,Moto,Stormy,High,Metropolitian,False,0,1,0,8243.669099945171,8402.65681440164,Aumento_Velocidade,0
pedido_8265.031516591043_631,136.8877077770909,127.78041859474149,127.78041859474149,12.573341277771686,10,4.648999251294843,Van,Sandstorms,Medium,Metropolitian,False,0,0,0,8265.031516591043,8402.811935185784,Nenhuma,0
pedido_8361.445301521611_704,47.948177404829025,32.96662191316612,32.96662191316612,22.936711398583412,10,4.988030578339297,Scooter,Windy,High,Metropolitian,True,1,1,0,8361.445301521611,8404.411923434778,Nenhuma,1
pedido_8363.638765469983_705,48.9152682960663,36.281825384052695,36.281825384052695,19.565077578085077,5,4.52416988132897,Van,Windy,Jam,Metropolitian,False,1,1,0,8363.638765469983,8404.920590854035,Nenhuma,1
pedido_8312.944658891516_670,125.57968715550557,99.58703363734338,79.58703363734338,14.539612062898922,15,4.681221862142183,Moto,Windy,Jam,Other,False,0,1,0,8312.944658891516,8407.531692528859,Rota_Reduzida,1
pedido_8266.960504306759_633,149.88227794022228,150.69669637183975,135.69669637183975,11.535563722176402,5,4.6928392666624505,Scooter,Foggy,Jam,Metropolitian,False,0,1,0,8266.960504306759,8407.6572006786,Aumento_Velocidade,0
pedido_8275.36979010726_638,143.87999213971185,137.75223438073544,122.75223438073544,14.327776125661178,10,4.80449224820572,Scooter,Foggy,High,Metropolitian,True,0,1,0,8275.36979010726,8408.122024487995,Aumento_Velocidade,0
pedido_8299.737342858602_661,133.17641874363258,108.5281137756246,93.5281137756246,14.286665562112363,15,4.660466133456705,Scooter,Stormy,Jam,Metropolitian,False,0,1,0,8299.737342858602,8408.265456634226,Aumento_Velocidade,1
pedido_8306.806740533748_664,103.04938568949098,92.68931339461446,92.68931339461446,3.668486104266946,10,4.693319339872722,Moto,Sandstorms,Low,Metropolitian,False,0,0,0,8306.806740533748,8409.496053928362,Nenhuma,1
pedido_8283.929235659825_641,136.39321346059566,125.6026151229778,110.6026151229778,4.602364715369605,15,4.543005887945672,Scooter,Sandstorms,Medium,Metropolitian,True,0,0,0,8283.929235659825,8409.531850782803,Rota_Reduzida,1
pedido_8286.69758525122_645,141.67887272572975,123.45305704859527,108.45305704859527,15.892805322842927,15,4.995079098194096,Moto,Foggy,High,Urban,False,0,1,0,8286.69758525122,8410.150642299815,Aumento_Velocidade,1
pedido_8322.308406940636_674,124.36443532049907,98.53212125539108,83.53212125539108,3.996908184250821,5,4.660232513012715,Moto,Sandstorms,Jam,Metropolitian,False,0,1,0,8322.308406940636,8410.840528196028,Aumento_Velocidade,1
pedido_8294.539735659464_655,132.09596270400462,116.90994899989315,101.90994899989315,1.784542910572204,15,4.948937733375943,Scooter,Foggy,High,Urban,True,0,1,0,8294.539735659464,8411.449684659357,Aumento_Velocidade,1
pedido_8330.490408256881_683,95.39972886521163,80.9855645722861,65.9855645722861,0.0,15,4.79055487065195,Moto,Sunny,High,Metropolitian,False,0,1,1,8330.490408256881,8411.475972829166,Aumento_Velocidade,1
pedido_8261.383596548209_629,149.6575320335434,160.20954671441646,145.20954671441646,18.794267672826052,5,4.704815519881192,Moto,Foggy,Jam,Metropolitian,False,0,1,0,8261.383596548209,8411.593143262626,Aumento_Velocidade,0
pedido_8285.466729344033_644,135.35758024500464,126.676874942898,111.676874942898,19.427661649310746,15,4.689486566708892,Moto,Windy,Jam,Metropolitian,False,0,1,0,8285.466729344033,8412.14360428693,Aumento_Velocidade,1
pedido_8331.173393613084_685,99.25430254186008,81.10043023694173,66.10043023694173,8.906170097876585,15,4.566722653885436,Moto,Sunny,Medium,Metropolitian,True,0,0,1,8331.173393613084,8412.273823850026,Rota_Reduzida,1
pedido_8312.66739202932_669,125.66624655240177,100.99920833143612,85.99920833143612,8.76625135892773,15,5.0,Scooter,Foggy,Medium,Metropolitian,False,0,0,0,8312.66739202932,8413.666600360755,Rota_Reduzida,1
pedido_8297.778521230675_660,137.5796349767595,122.82699644355014,107.82699644355014,22.230923555941853,10,4.757932430829849,Scooter,Sandstorms,High,Urban,False,0,1,0,8297.778521230675,8415.605517674225,Aumento_Velocidade,1
pedido_8296.146849404151_659,128.83702044747974,130.20623128032062,115.20623128032062,13.809113803653343,5,4.8109861567403565,Moto,Stormy,High,Urban,False,0,1,0,8296.146849404151,8416.353080684472,Aumento_Velocidade,1
pedido_8294.185052852636_654,130.8626028675974,118.66671737340162,118.66671737340162,14.839278496460272,5,4.632235794122539,Van,Stormy,High,Metropolitian,True,0,1,0,8294.185052852636,8417.851770226038,Nenhuma,1
pedido_8306.846000932726_665,135.047042150189,117.11870120739056,102.11870120739056,10.224288442545422,10,4.810492162913399,Moto,Foggy,Medium,Metropolitian,False,0,0,0,8306.846000932726,8418.964702140116,Rota_Reduzida,1
pedido_8295.304297216953_657,127.1078617314641,135.18400207882067,120.18400207882067,0.0,5,4.90514279509388,Moto,Windy,Jam,Urban,False,0,1,0,8295.304297216953,8420.488299295774,Aumento_Velocidade,0
pedido_8294.105352093591_653,133.43657027271232,137.53891997502427,122.53891997502427,10.981064537847356,5,4.830764473776904,Moto,Sandstorms,High,Metropolitian,False,0,1,0,8294.105352093591,8421.644272068615,Aumento_Velocidade,0
pedido_8332.63518592378_686,130.8626028675974,94.21411100074303,79.21411100074303,14.863702368329678,10,4.636594595287805,Moto,Stormy,High,Urban,True,0,1,0,8332.63518592378,8421.849296924524,Aumento_Velocidade,1
pedido_8330.555333927216_684,106.65221548234197,102.42258668676726,87.42258668676726,15.054552603074145,5,4.480598332419859,Moto,Sunny,High,Metropolitian,False,0,1,1,8330.555333927216,8422.977920613983,Aumento_Velocidade,1
pedido_8322.57596050701_675,124.88630376556037,105.8397650141386,90.8397650141386,2.2155641713480385,10,4.987657887684106,Scooter,Foggy,Medium,Metropolitian,False,0,0,0,8322.57596050701,8423.415725521148,Rota_Reduzida,1
pedido_8302.245687505521_662,136.46900156537944,131.30758329919195,116.30758329919195,19.19425436511383,5,4.8338637285969055,Moto,Windy,High,Metropolitian,True,0,1,0,8302.245687505521,8423.553270804714,Aumento_Velocidade,1
pedido_8327.939490315348_681,100.27111934125689,90.76018006388824,90.76018006388824,1.3775965839488507,5,4.926864953889039,Moto,Windy,Low,Semi-Urban,False,0,0,0,8327.939490315348,8423.699670379236,Nenhuma,1
pedido_8304.2126575693_663,127.24367888595586,130.59888912369303,115.59888912369303,5.052242662054839,5,4.783063389159872,Moto,Stormy,Jam,Metropolitian,False,0,1,0,8304.2126575693,8424.811546692994,Aumento_Velocidade,1
pedido_8326.266502079658_680,124.94370983333262,118.14378042982727,98.14378042982727,10.79930808996031,10,4.686254312928206,Moto,Sandstorms,High,Other,True,0,1,0,8326.266502079658,8434.410282509485,Rota_Reduzida,1
pedido_8322.837140684507_676,128.04830767786407,117.81095199988836,102.81095199988836,7.253337979528186,10,4.870730477237054,Scooter,Stormy,High,Metropolitian,False,0,1,0,8322.837140684507,8435.648092684396,Aumento_Velocidade,1
pedido_8345.76447035612_691,104.57363651468671,96.4707017778941,81.4707017778941,14.143936936845186,10,5.0,Moto,Sunny,High,Urban,True,0,1,1,8345.76447035612,8437.235172134015,Aumento_Velocidade,1
pedido_8295.127271465197_656,135.97704137449227,147.6158426881619,132.6158426881619,20.088738739500606,10,4.776664832355035,Moto,Sandstorms,High,Metropolitian,False,0,1,0,8295.127271465197,8437.743114153358,Aumento_Velocidade,0
pedido_8308.697656699569_666,134.21504553323146,129.8867977844089,114.88679778440891,14.431619890237245,15,4.863193195441395,Moto,Sandstorms,High,Metropolitian,False,0,1,0,8308.697656699569,8438.584454483978,Aumento_Velocidade,1
pedido_8367.39023248593_708,95.3925029513344,76.29976444650015,61.29976444650015,1.4325567684173808,10,4.856671110626739,Moto,Sunny,High,Metropolitian,False,0,1,1,8367.39023248593,8438.68999693243,Aumento_Velocidade,1
pedido_8325.856725354672_679,125.91971231336726,113.75865730318071,98.75865730318071,8.942496261233753,15,4.94361019565037,Moto,Foggy,Medium,Urban,True,0,0,0,8325.856725354672,8439.615382657852,Rota_Reduzida,1
pedido_8325.69030344343_677,132.06236376967018,116.90730545828092,101.90730545828092,8.585058860207234,15,4.761819990683008,Scooter,Stormy,Medium,Metropolitian,True,0,0,0,8325.69030344343,8442.597608901711,Rota_Reduzida,1
pedido_8308.731113327622_667,144.73347349167915,141.48805944941435,126.48805944941435,17.95600730029624,10,4.757890060889148,Moto,Foggy,Medium,Metropolitian,False,0,0,0,8308.731113327622,8445.219172777037,Rota_Reduzida,0
pedido_8321.792619758155_673,135.35098541391193,136.35505789754424,121.35505789754424,5.628139467997022,5,4.625389858496689,Moto,Stormy,Medium,Metropolitian,False,0,0,0,8321.792619758155,8448.1476776557,Rota_Reduzida,0
pedido_8325.76574320779_678,136.72204101071284,129.50038935308714,114.50038935308714,15.3278955127648,10,4.463882138066815,Moto,Sandstorms,High,Metropolitian,True,0,1,0,8325.76574320779,8450.266132560877,Aumento_Velocidade,1
pedido_8316.398530321232_671,120.9615595324833,124.60160422027215,124.60160422027215,17.552682969457386,10,4.586602203516329,Scooter,Sunny,Low,Metropolitian,False,0,0,1,8316.398530321232,8451.000134541504,Nenhuma,0
pedido_8329.260174319004_682,101.12789499359491,108.77381043398896,108.77381043398896,2.0945778313659615,15,5.0,Scooter,Stormy,Low,Urban,False,0,0,0,8329.260174319004,8453.033984752994,Nenhuma,1
pedido_8353.619361989886_698,130.22115973519726,100.34070128213962,85.34070128213962,15.745839009808634,15,4.784465889477654,Moto,Stormy,High,Metropolitian,True,0,1,0,8353.619361989886,8453.960063272025,Aumento_Velocidade,1
pedido_8348.391281772538_693,133.17641874363258,113.82309509189675,98.82309509189675,14.601048388673624,10,4.739241357965278,Scooter,Stormy,Jam,Metropolitian,False,0,1,0,8348.391281772538,8457.214376864435,Aumento_Velocidade,1
pedido_8356.22903211497_700,134.33481253643853,101.08611954372843,86.08611954372843,16.881040196533785,15,4.903295425729442,Moto,Sandstorms,High,Metropolitian,True,0,1,0,8356.22903211497,8457.315151658699,Aumento_Velocidade,1
pedido_8348.670271931043_694,134.51104555526933,108.98980133364881,93.98980133364881,14.218422920078229,15,4.7694728898125165,Scooter,Sandstorms,High,Metropolitian,False,0,1,0,8348.670271931043,8457.660073264693,Aumento_Velocidade,1
pedido_8374.167094315595_709,102.38665475488781,88.85175970697811,73.85175970697811,15.569261344499742,10,4.58137221492243,Moto,Sunny,High,Metropolitian,False,0,1,1,8374.167094315595,8458.018854022574,Aumento_Velocidade,1
pedido_8333.568554849686_687,131.19275837410942,109.63735159645891,109.63735159645891,15.410428924884002,15,4.908312506773778,Van,Stormy,High,Metropolitian,True,0,1,0,8333.568554849686,8458.205906446145,Nenhuma,1
pedido_8350.148776190399_695,98.90884907823967,103.13683598335103,103.13683598335103,7.305505079318332,5,4.643904448401665,Van,Sunny,Jam,Urban,False,0,1,1,8350.148776190399,8458.28561217375,Nenhuma,1
pedido_8351.10817373905_696,135.60078864174193,113.33673401696359,98.33673401696359,10.094305518727165,10,4.675078633193725,Scooter,Windy,High,Metropolitian,False,0,1,0,8351.10817373905,8459.444907756015,Aumento_Velocidade,1
pedido_8342.372859955596_689,134.33045026072563,128.5278245662554,113.52782456625539,13.426270102126788,5,4.73494607054724,Scooter,Windy,Medium,Urban,False,0,0,0,8342.372859955596,8460.900684521852,Rota_Reduzida,1
pedido_8341.882453338705_688,134.52457831880213,121.68052958371891,106.68052958371891,16.57108528714909,15,4.779359104180904,Scooter,Sandstorms,High,Metropolitian,False,0,1,0,8341.882453338705,8463.562982922424,Aumento_Velocidade,1
pedido_8356.236431262592_701,133.77939199216166,112.26776890008816,97.26776890008816,8.719729883791985,15,4.602987818897164,Moto,Windy,High,Metropolitian,False,0,1,0,8356.236431262592,8468.50420016268,Aumento_Velocidade,1
pedido_8389.556559597726_713,99.93006716445991,86.56148529439909,71.56148529439909,6.577227852105572,10,4.735552357992699,Moto,Sunny,Jam,Urban,True,0,1,1,8389.556559597726,8471.118044892126,Aumento_Velocidade,1
pedido_8321.565608293304_672,149.3595783085656,162.18931952679893,147.18931952679893,16.736674102496973,10,4.795559047915028,Scooter,Foggy,Jam,Metropolitian,False,0,1,0,8321.565608293304,8478.754927820102,Aumento_Velocidade,0
pedido_8355.24063725716_699,110.28222339982908,118.57339976594433,118.57339976594433,18.07949883153657,5,4.849819501938444,Scooter,Foggy,Low,Metropolitian,False,0,0,0,8355.24063725716,8478.814037023105,Nenhuma,1
pedido_8360.242227488981_703,133.2235388051159,116.2478367969187,116.2478367969187,7.816208440021685,5,4.796986223577269,Van,Sandstorms,Medium,Urban,False,0,0,0,8360.242227488981,8481.4900642859,Nenhuma,1
pedido_8448.554667524888_745,60.06951334300142,43.50566319625612,28.505663196256123,0.0,5,4.441863831021878,Scooter,Stormy,Jam,Metropolitian,False,1,1,0,8448.554667524888,8482.060330721144,Aumento_Velocidade,1
pedido_8397.611023215293_717,105.49354776418694,96.75353019612318,81.75353019612318,18.429771956981728,5,4.990011846808113,Moto,Sunny,High,Metropolitian,True,0,1,1,8397.611023215293,8484.364553411417,Aumento_Velocidade,1
pedido_8413.117685205689_724,94.49594367259826,76.43929337615438,61.43929337615438,6.470535268903705,10,4.769757379856674,Moto,Sunny,High,Urban,False,0,1,1,8413.117685205689,8484.556978581842,Aumento_Velocidade,1
pedido_8312.344447110876_668,175.6526224766438,184.49547125836278,169.49547125836278,5.528762900405497,5,4.3987100343749725,Scooter,Stormy,High,Metropolitian,False,0,1,0,8312.344447110876,8486.839918369238,Aumento_Velocidade,0
pedido_8435.335845842199_736,45.64618930938969,42.347108080348406,42.347108080348406,5.280373427782916,10,4.603351938287336,Moto,Stormy,Jam,Metropolitian,False,1,1,0,8435.335845842199,8487.682953922547,Nenhuma,1
pedido_8366.922129735502_706,144.3020970793362,129.43675512201995,114.43675512201995,14.64858210945761,10,4.677550244332414,Moto,Foggy,High,Metropolitian,True,0,1,0,8366.922129735502,8491.358884857522,Aumento_Velocidade,1
pedido_8384.942720265179_711,131.57345377933837,117.86800656462793,102.86800656462793,1.6392771732774665,5,5.0,Moto,Stormy,High,Metropolitian,False,0,1,0,8384.942720265179,8492.810726829806,Aumento_Velocidade,1
pedido_8398.773268990039_718,98.57270892282246,81.24745048598805,81.24745048598805,7.628255187651775,15,4.559273391207776,Van,Sunny,Jam,Urban,False,0,1,1,8398.773268990039,8495.020719476026,Nenhuma,1
pedido_8367.11408534594_707,134.64571568031948,138.37161231115866,123.37161231115866,10.839656453946938,5,4.47895863299077,Moto,Windy,High,Metropolitian,True,0,1,0,8367.11408534594,8495.485697657099,Aumento_Velocidade,0
pedido_8351.337638891802_697,137.07867707629848,145.2914197566281,145.2914197566281,6.07706367760013,5,4.79212936073241,Van,Sandstorms,Medium,Metropolitian,True,0,0,0,8351.337638891802,8501.62905864843,Nenhuma,0
pedido_8391.714170525127_716,133.0196758514353,121.69553637023739,106.69553637023739,16.20634577578032,5,4.705741393536823,Moto,Windy,High,Metropolitian,False,0,1,0,8391.714170525127,8503.409706895365,Aumento_Velocidade,1
pedido_8344.610297762525_690,174.96842637883725,170.43716852991497,155.43716852991497,3.08972687361022,5,4.410177430612058,Moto,Sandstorms,Jam,Urban,False,0,1,0,8344.610297762525,8505.04746629244,Aumento_Velocidade,0
pedido_8388.798638865363_712,131.07737535811307,122.95640617246664,107.95640617246664,19.83798434720822,10,4.476797872079726,Scooter,Stormy,High,Metropolitian,False,0,1,0,8388.798638865363,8506.75504503783,Aumento_Velocidade,1
pedido_8383.304903443277_710,118.91366668736742,115.36945609303471,115.36945609303471,17.333849980481983,10,4.722445282320044,Scooter,Sunny,Low,Urban,True,0,0,1,8383.304903443277,8508.674359536311,Nenhuma,1
pedido_8390.954007831551_715,125.60117149951513,123.49447593787232,108.49447593787232,3.338372106096631,15,4.689282455719992,Moto,Foggy,Medium,Metropolitian,False,0,0,0,8390.954007831551,8514.448483769424,Rota_Reduzida,1
pedido_8404.20065269915_721,102.23197050001205,97.33469731468634,97.33469731468634,10.488106250011835,15,4.735207795442108,Scooter,Stormy,Low,Metropolitian,False,0,0,0,8404.20065269915,8516.535350013837,Nenhuma,1
pedido_8401.761593169793_719,103.18114181434905,103.24936532429777,103.24936532429777,4.403404848843451,15,4.822607488089686,Moto,Sandstorms,Low,Metropolitian,False,0,0,0,8401.761593169793,8520.010958494091,Nenhuma,1
pedido_8409.164740970917_723,137.1053797399156,119.73707056070566,104.73707056070566,7.265129226832373,15,5.0,Moto,Sandstorms,High,Urban,False,0,1,0,8409.164740970917,8528.901811531623,Aumento_Velocidade,1
pedido_8423.361797679869_726,102.50875583707625,92.29521197537271,92.29521197537271,15.89879008567361,15,4.983204264752742,Moto,Stormy,Low,Metropolitian,False,0,0,0,8423.361797679869,8530.657009655242,Nenhuma,1
pedido_8408.339837844558_722,137.54355154498893,122.58946232461432,107.58946232461432,12.409348787798098,15,4.957336247999676,Scooter,Sandstorms,Medium,Metropolitian,False,0,0,0,8408.339837844558,8530.929300169173,Rota_Reduzida,1
pedido_8424.02856445997_727,125.19509468439556,113.30910972216321,98.30910972216321,4.384748016871856,15,4.575298138906321,Moto,Foggy,Medium,Urban,False,0,0,0,8424.02856445997,8537.337674182134,Rota_Reduzida,1
pedido_8425.71433370284_729,132.96881234173745,118.09557384070223,103.09557384070223,7.106578545268162,10,4.661870833978388,Moto,Stormy,Medium,Metropolitian,False,0,0,0,8425.71433370284,8538.809907543542,Rota_Reduzida,1
pedido_8359.25535574548_702,188.67355863739115,173.51328423465736,173.51328423465736,15.37599648202027,10,4.44850157299158,Van,Sandstorms,Medium,Metropolitian,False,0,0,0,8359.25535574548,8542.768639980137,Nenhuma,0
pedido_8419.602769704401_725,134.54974707776185,124.02173135840485,109.02173135840485,9.88035205108364,15,4.846612587783437,Scooter,Foggy,Medium,Urban,False,0,0,0,8419.602769704401,8543.624501062806,Rota_Reduzida,1
pedido_8389.788701088004_714,174.94619195562774,164.3275959779542,149.3275959779542,3.6992721383090257,5,4.3430934578804,Moto,Windy,High,Metropolitian,True,0,1,0,8389.788701088004,8544.116297065959,Aumento_Velocidade,0
pedido_8461.645342643596_748,95.35388776223063,89.49344480267905,74.49344480267905,3.02789123016197,10,4.737208327865973,Moto,Sunny,High,Urban,False,0,1,1,8461.645342643596,8546.138787446276,Aumento_Velocidade,1
pedido_8430.421985500749_734,130.78481102416515,119.0025093675975,104.0025093675975,4.049198865204594,15,4.67163212350559,Scooter,Sandstorms,High,Urban,True,0,1,0,8430.421985500749,8549.424494868346,Aumento_Velocidade,1
pedido_8427.323068455948_730,140.82995587917088,132.4388447503813,117.43884475038129,17.405949803701443,5,4.7260753119987235,Scooter,Sandstorms,Jam,Metropolitian,False,0,1,0,8427.323068455948,8549.761913206328,Aumento_Velocidade,1
pedido_8479.119129904191_760,98.14802361612992,83.06310319134,68.06310319134,3.4587238885535765,5,4.5718984101853035,Moto,Sunny,High,Urban,False,0,1,1,8479.119129904191,8552.182233095531,Aumento_Velocidade,1
pedido_8425.623720590647_728,138.47368290849994,133.7298588343297,118.72985883432969,17.10070162024894,10,4.681007616048608,Scooter,Sandstorms,Medium,Metropolitian,False,0,0,0,8425.623720590647,8554.353579424976,Rota_Reduzida,1
pedido_8429.491353806601_732,136.8622612719988,129.19575480583188,114.19575480583188,12.370842851118944,15,4.75125818276334,Scooter,Stormy,Jam,Metropolitian,True,0,1,0,8429.491353806601,8558.687108612434,Aumento_Velocidade,1
pedido_8486.743189559655_766,101.38311198974657,72.68674832526851,57.68674832526851,9.24280348927096,15,4.70114071708544,Moto,Sunny,Jam,Urban,False,0,1,1,8486.743189559655,8559.429937884923,Aumento_Velocidade,1
pedido_8444.74671110696_743,134.7366504334015,125.30962872246067,110.30962872246067,6.36512720973089,5,4.927874482178252,Scooter,Sandstorms,Medium,Metropolitian,False,0,0,0,8444.74671110696,8560.05633982942,Rota_Reduzida,1
pedido_8442.490577363418_742,134.8819635623919,123.84293757960725,108.84293757960725,15.396926695105352,10,4.737750957600676,Moto,Windy,Medium,Metropolitian,False,0,0,0,8442.490577363418,8561.333514943026,Rota_Reduzida,1
pedido_8495.421872859746_771,94.63158532354707,65.97466097501038,50.97466097501038,7.139668882612368,15,4.663509416718706,Scooter,Sunny,High,Metropolitian,False,0,1,1,8495.421872859746,8561.396533834757,Aumento_Velocidade,1
pedido_8428.20607002868_731,132.42649540217445,142.71706630066942,127.71706630066942,5.813834609368177,10,4.952665742438115,Moto,Windy,High,Metropolitian,False,0,1,0,8428.20607002868,8565.92313632935,Aumento_Velocidade,0
pedido_8440.003202888845_739,136.05095226808302,131.3290861369452,116.3290861369452,16.99466846481499,10,4.53508914053819,Moto,Sandstorms,High,Urban,False,0,1,0,8440.003202888845,8566.332289025791,Aumento_Velocidade,1
pedido_8437.584189019066_738,113.2703106806412,119.91422196267075,119.91422196267075,19.837727343962598,10,4.612570903892645,Van,Foggy,Low,Metropolitian,True,0,0,0,8437.584189019066,8567.498410981736,Nenhuma,1
pedido_8440.515351338734_740,136.41529997107637,137.31414608035922,122.31414608035922,5.048452603940397,5,5.0,Scooter,Foggy,High,Metropolitian,False,0,1,0,8440.515351338734,8567.829497419094,Aumento_Velocidade,0
pedido_8466.461033845708_751,143.93889410153798,113.90082253266345,98.90082253266345,14.943904666659662,5,4.883773027991937,Moto,Foggy,Medium,Metropolitian,True,0,0,0,8466.461033845708,8570.361856378371,Rota_Reduzida,1
pedido_8436.057184202316_737,131.47357163045365,141.68856222163777,126.68856222163777,4.01361165810915,10,4.846492709304181,Moto,Windy,High,Urban,False,0,1,0,8436.057184202316,8572.745746423954,Aumento_Velocidade,0
pedido_8471.37122727_753,101.61481017132195,111.47407160216072,96.47407160216072,15.173857272649753,5,4.729579013495729,Moto,Sunny,High,Urban,False,0,1,1,8471.37122727,8572.84529887216,Aumento_Velocidade,1
pedido_8442.115562577612_741,143.1929969186241,135.75073869795548,120.75073869795548,10.71612812410373,10,4.534886395867197,Scooter,Foggy,Medium,Metropolitian,True,0,0,0,8442.115562577612,8572.866301275568,Rota_Reduzida,0
pedido_8446.00709887185_744,131.15508176500424,128.5285305460828,113.5285305460828,16.520756149464372,15,4.938453475242014,Moto,Stormy,High,Metropolitian,True,0,1,0,8446.00709887185,8574.535629417933,Aumento_Velocidade,1
pedido_8464.263119605306_750,128.35880988461827,117.03822734088594,102.03822734088594,7.865126088437144,10,4.898290918573437,Moto,Stormy,Jam,Metropolitian,True,0,1,0,8464.263119605306,8576.301346946193,Aumento_Velocidade,1
pedido_8475.232027371732_755,137.29560567163873,106.69736829199559,91.69736829199559,20.27485063917986,10,4.56507993368612,Scooter,Stormy,Medium,Metropolitian,False,0,0,0,8475.232027371732,8576.929395663728,Rota_Reduzida,1
pedido_8483.535822282664_763,101.85067578837038,88.62821979371455,88.62821979371455,15.766873159021806,5,4.956211147585263,Van,Sunny,High,Urban,False,0,1,1,8483.535822282664,8577.164042076378,Nenhuma,1
pedido_8461.37396150534_747,102.92598097793538,109.10947942845978,109.10947942845978,3.992936324444682,10,4.500700343493212,Scooter,Windy,Low,Metropolitian,True,0,0,0,8461.37396150534,8580.4834409338,Nenhuma,1
pedido_8404.080053759622_720,178.77771113798696,184.6308015094646,169.6308015094646,9.147407995614227,10,4.389830957042755,Moto,Foggy,High,Urban,False,0,1,0,8404.080053759622,8583.710855269086,Aumento_Velocidade,0
pedido_8472.240063561054_754,139.3843438120984,118.52926435255915,103.52926435255915,16.691387361684257,10,4.964045510659122,Moto,Windy,Jam,Metropolitian,False,0,1,0,8472.240063561054,8585.769327913613,Aumento_Velocidade,1
pedido_8515.413542911807_780,95.63430438732016,82.96938148028696,67.96938148028696,6.958675574542182,5,5.0,Moto,Sunny,High,Metropolitian,False,0,1,1,8515.413542911807,8588.382924392094,Aumento_Velocidade,1
pedido_8478.7668843125_759,124.09546224107763,114.6283732890812,99.6283732890812,3.8757291138732413,10,4.622068253877681,Moto,Stormy,Jam,Metropolitian,True,0,1,0,8478.7668843125,8588.39525760158,Aumento_Velocidade,1
pedido_8533.96925790623_790,45.6389539310718,39.87545711416301,39.87545711416301,6.100493849488316,15,4.631189618453877,Moto,Sandstorms,High,Metropolitian,True,1,1,0,8533.96925790623,8588.844715020394,Nenhuma,1
pedido_8483.541574869821_764,127.18407034260261,105.76672275540942,90.76672275540942,6.552438529930638,15,4.7741251390566495,Moto,Sandstorms,Jam,Metropolitian,False,0,1,0,8483.541574869821,8589.308297625232,Aumento_Velocidade,1
pedido_8497.613408719148_772,109.98302550914394,97.48636989563543,82.48636989563543,15.107259856941903,10,4.774701016973739,Moto,Sunny,Jam,Metropolitian,True,0,1,1,8497.613408719148,8590.099778614784,Aumento_Velocidade,1
pedido_8493.703815808478_769,101.29554141607021,101.92988156293677,86.92988156293677,14.03915196523885,10,4.907926476083435,Scooter,Sunny,High,Urban,False,0,1,1,8493.703815808478,8590.633697371415,Aumento_Velocidade,1
pedido_8431.840568037243_735,185.64336374911161,169.43480063563013,154.43480063563013,11.822998212786512,5,4.319327525204373,Scooter,Stormy,Medium,Urban,False,0,0,0,8431.840568037243,8591.275368672874,Rota_Reduzida,0
pedido_8464.05671854843_749,129.76486193434457,138.69637215500498,123.69637215500498,14.249011765502454,5,4.576664900137804,Moto,Stormy,High,Metropolitian,False,0,1,0,8464.05671854843,8592.753090703436,Aumento_Velocidade,0
pedido_8500.290814318443_774,103.43522374624038,103.48360568900227,88.48360568900227,7.402720279360565,10,4.485108169002874,Scooter,Sunny,High,Metropolitian,False,0,1,1,8500.290814318443,8598.774420007445,Aumento_Velocidade,1
pedido_8491.338129432952_768,142.0278705030726,107.78761725032166,92.78761725032166,19.856461957054197,15,4.831282655030242,Moto,Foggy,High,Urban,False,0,1,0,8491.338129432952,8599.125746683274,Aumento_Velocidade,1
pedido_8469.351481911926_752,134.38082885625315,116.88941453342412,116.88941453342412,3.287076087582181,15,4.9520391947245015,Van,Windy,Medium,Urban,False,0,0,0,8469.351481911926,8601.24089644535,Nenhuma,1
pedido_8536.367201201185_792,94.30507830669478,75.09677397085899,55.09677397085899,3.3901192512690317,10,4.580841281371081,Moto,Sunny,High,Other,False,0,1,1,8536.367201201185,8601.463975172044,Rota_Reduzida,1
pedido_8479.955974279948_761,133.9451599921436,132.40643582888944,117.40643582888944,13.44192501100803,5,4.656333186176567,Moto,Stormy,Medium,Metropolitian,True,0,0,0,8479.955974279948,8602.362410108837,Rota_Reduzida,1
pedido_8493.988825718267_770,133.27005168612786,108.71112245909474,93.71112245909474,16.47236493143299,15,4.970374674369266,Scooter,Stormy,High,Metropolitian,True,0,1,0,8493.988825718267,8602.699948177362,Aumento_Velocidade,1
pedido_8484.149719151053_765,141.13050966014185,128.91045472149096,113.91045472149096,18.565289269063623,5,4.87956336019009,Scooter,Foggy,High,Metropolitian,False,0,1,0,8484.149719151053,8603.060173872544,Aumento_Velocidade,1
pedido_8478.715184886622_758,129.74507675874946,125.15945569390863,110.15945569390863,13.603112293472174,15,4.855862058107759,Scooter,Stormy,High,Metropolitian,False,0,1,0,8478.715184886622,8603.87464058053,Aumento_Velocidade,1
pedido_8480.938512375498_762,133.0196758514353,123.76417183484105,108.76417183484105,15.469345706098244,15,4.6775232858919304,Moto,Windy,High,Urban,False,0,1,0,8480.938512375498,8604.702684210339,Aumento_Velocidade,1
pedido_8476.27459942351_756,142.18461699938933,139.4748707067781,124.47487070677809,17.699836837954933,5,4.722906104333392,Scooter,Foggy,High,Urban,False,0,1,0,8476.27459942351,8605.749470130288,Aumento_Velocidade,0
pedido_8499.226474313484_773,98.78155909260609,109.04050519647441,94.04050519647441,10.137685161633328,15,4.752104518475894,Moto,Sunny,Medium,Metropolitian,False,0,0,1,8499.226474313484,8608.266979509957,Rota_Reduzida,1
pedido_8429.81402723677_733,174.72933173818737,174.9919327615259,174.9919327615259,4.653362632580234,5,4.420432722442528,Van,Foggy,Medium,Metropolitian,False,0,0,0,8429.81402723677,8609.805959998295,Nenhuma,0
pedido_8576.887321983508_811,43.592310375437386,23.522540171526956,23.522540171526956,5.846100269184863,10,4.865391504998501,Moto,Sandstorms,High,Metropolitian,False,1,1,0,8576.887321983508,8610.409862155035,Nenhuma,1
pedido_8451.17101602274_746,175.32795645433026,159.3874944646599,144.3874944646599,2.331815802610689,15,4.3271030014758844,Scooter,Sandstorms,High,Metropolitian,False,0,1,0,8451.17101602274,8610.558510487399,Aumento_Velocidade,0
pedido_8487.240307821641_767,137.5357417999982,129.74768568140297,114.74768568140297,0.0,15,5.0,Scooter,Foggy,High,Metropolitian,False,0,1,0,8487.240307821641,8616.987993503044,Aumento_Velocidade,1
pedido_8476.955240739178_757,138.01314934663046,145.35647992414442,130.35647992414442,19.356720999572048,10,4.596877615041058,Scooter,Sandstorms,Medium,Metropolitian,False,0,0,0,8476.955240739178,8617.311720663323,Rota_Reduzida,0
pedido_8509.30533459203_776,128.16847489935887,108.88730112949439,93.88730112949439,3.425028137114726,15,4.780896727013747,Scooter,Stormy,High,Urban,True,0,1,0,8509.30533459203,8618.192635721525,Aumento_Velocidade,1
pedido_8520.633826389432_784,129.58531132566569,107.62212763571144,92.62212763571144,9.911958713265712,5,4.918803433390043,Scooter,Stormy,High,Metropolitian,False,0,1,0,8520.633826389432,8618.255954025144,Aumento_Velocidade,1
pedido_8508.53700363385_775,102.89290287235266,109.391763625916,109.391763625916,11.326355759775774,5,4.620468683010282,Scooter,Sandstorms,Low,Metropolitian,False,0,0,0,8508.53700363385,8622.928767259766,Nenhuma,1
pedido_8509.402594473928_777,134.02605850636724,113.84039278526606,98.84039278526606,22.04733900460804,15,4.684991633676098,Scooter,Stormy,High,Urban,False,0,1,0,8509.402594473928,8623.242987259195,Aumento_Velocidade,1
pedido_8510.001702123605_778,132.0813584930208,125.80025607194409,110.80025607194409,4.868352479261556,5,4.674220957718955,Moto,Sandstorms,High,Metropolitian,False,0,1,0,8510.001702123605,8625.801958195549,Aumento_Velocidade,1
pedido_8523.957079339089_785,124.01493299448674,113.44850596063294,98.44850596063294,2.1405651112859885,5,5.0,Moto,Stormy,Jam,Metropolitian,False,0,1,0,8523.957079339089,8627.40558529972,Aumento_Velocidade,1
pedido_8570.444379648297_808,44.25327264065078,51.492875740504495,51.492875740504495,5.196339625158257,10,4.6201503061530875,Van,Sandstorms,High,Urban,False,1,1,0,8570.444379648297,8631.937255388802,Nenhuma,1
pedido_8591.425558665665_817,45.53030952011946,30.861453409749394,30.861453409749394,17.100039906378772,10,4.947458387124708,Moto,Foggy,High,Metropolitian,False,1,1,0,8591.425558665665,8632.287012075414,Nenhuma,1
pedido_8531.028993266718_788,101.6069017217382,92.57526303148629,92.57526303148629,2.169556524395409,15,4.528619532607276,Moto,Stormy,Low,Metropolitian,False,0,0,0,8531.028993266718,8638.604256298204,Nenhuma,1
pedido_8523.973664501182_786,129.2775440851988,124.96286603502037,109.96286603502037,5.948994621469329,5,4.549318041399031,Scooter,Windy,Jam,Metropolitian,True,0,1,0,8523.973664501182,8638.936530536203,Aumento_Velocidade,1
pedido_8539.675050129257_793,102.373964885675,94.8027727616715,94.8027727616715,6.036811662453326,5,4.677447882360766,Moto,Sandstorms,Low,Metropolitian,True,0,0,0,8539.675050129257,8639.477822890929,Nenhuma,1
pedido_8533.332749279558_789,122.52266648407924,113.04655124941547,93.04655124941547,6.117190481082761,15,4.801966749638851,Moto,Sandstorms,High,Other,False,0,1,0,8533.332749279558,8641.379300528974,Rota_Reduzida,1
pedido_8542.31174143651_795,102.964762049927,94.20480067485674,94.20480067485674,16.98141152396305,5,4.648192825988851,Moto,Windy,Low,Urban,False,0,0,0,8542.31174143651,8641.516542111367,Nenhuma,1
pedido_8516.387876162466_781,129.7674206134111,137.51504569623847,122.51504569623847,5.147324982394132,5,4.7993302136122535,Moto,Foggy,Jam,Urban,False,0,1,0,8516.387876162466,8643.902921858704,Aumento_Velocidade,0
pedido_8567.429193090691_803,99.3974574175129,85.6491863640561,70.6491863640561,6.671382457221696,10,4.691113174858957,Moto,Sunny,Jam,Metropolitian,False,0,1,1,8567.429193090691,8648.078379454748,Aumento_Velocidade,1
pedido_8525.696243793407_787,141.01400961458071,125.94178718625514,110.94178718625514,16.011263857817575,15,4.915097263515864,Moto,Sandstorms,Jam,Urban,False,0,1,0,8525.696243793407,8651.638030979662,Aumento_Velocidade,1
pedido_8539.753310413762_794,134.69050683900977,122.41232269102696,107.41232269102696,12.584988004113349,5,4.54534338002313,Moto,Windy,Medium,Metropolitian,False,0,0,0,8539.753310413762,8652.165633104789,Rota_Reduzida,1
pedido_8570.012369101383_806,94.29195456174988,87.67660442150753,72.67660442150753,3.4303377331363913,10,4.6741853570486365,Moto,Sunny,Medium,Metropolitian,False,0,0,1,8570.012369101383,8652.68897352289,Rota_Reduzida,1
pedido_8516.511556834837_782,166.48592186449642,142.2809900205459,127.28099002054589,16.29622104710779,15,4.384599769234405,Moto,Sunny,Jam,Metropolitian,True,0,1,1,8516.511556834837,8658.792546855384,Aumento_Velocidade,0
pedido_8556.30942230151_801,101.61481017132195,104.04010992776699,89.04010992776699,16.339023407035473,15,4.671448177266496,Moto,Sunny,High,Metropolitian,False,0,1,1,8556.30942230151,8660.349532229278,Aumento_Velocidade,1
pedido_8547.158282371762_797,140.33950404704848,126.86210469472672,111.86210469472672,11.9034973223877,5,4.82266525761468,Moto,Foggy,High,Urban,False,0,1,0,8547.158282371762,8664.020387066488,Aumento_Velocidade,1
pedido_8545.543935372714_796,127.84312972024415,118.71181834233371,103.71181834233371,3.7860710649346414,15,4.6835037424985995,Scooter,Stormy,High,Urban,True,0,1,0,8545.543935372714,8664.255753715048,Aumento_Velocidade,1
pedido_8550.997954148344_798,130.85763918372012,121.37418951964412,106.37418951964412,8.845764324844325,15,4.519310549235146,Moto,Windy,High,Metropolitian,True,0,1,0,8550.997954148344,8672.372143667988,Aumento_Velocidade,1
pedido_8564.934643891409_802,132.06234873211497,117.49641824322163,102.49641824322163,6.753645779218118,5,4.763058562445545,Scooter,Sandstorms,High,Metropolitian,False,0,1,0,8564.934643891409,8672.43106213463,Aumento_Velocidade,1
pedido_8513.306009987311_779,180.99991206778807,169.22777752108522,149.22777752108522,14.907263883631597,10,4.373810993767515,Moto,Sandstorms,High,Other,False,0,1,0,8513.306009987311,8672.533787508397,Rota_Reduzida,0
pedido_8535.749972099376_791,137.0916916702819,139.70985648943832,124.70985648943832,16.85675957988103,15,4.6490010890257825,Moto,Sandstorms,Medium,Metropolitian,False,0,0,0,8535.749972099376,8675.459828588815,Rota_Reduzida,0
pedido_8553.588774210233_799,133.23382719633193,133.8222888780285,118.8222888780285,15.977894711871677,5,5.0,Scooter,Stormy,High,Urban,True,0,1,0,8553.588774210233,8677.411063088262,Aumento_Velocidade,1
pedido_8555.77991619042_800,136.05537415395855,126.78396276783252,111.78396276783252,13.403964034219623,10,4.841775374157649,Moto,Windy,High,Urban,True,0,1,0,8555.77991619042,8677.563878958254,Aumento_Velocidade,1
pedido_8600.454495801463_821,98.02310366218242,88.13789810644829,73.13789810644829,8.594948272044745,5,4.60300875876435,Moto,Sunny,Jam,Metropolitian,False,0,1,1,8600.454495801463,8678.592393907911,Aumento_Velocidade,1
pedido_8643.074925873601_841,39.69876252392612,25.748780953242914,25.748780953242914,4.078710985245452,10,4.995511098025266,Moto,Sunny,Jam,Urban,False,1,1,1,8643.074925873601,8678.823706826845,Nenhuma,1
pedido_8519.906671350143_783,174.6734277880249,164.47790233531293,149.47790233531293,4.356133886816761,10,4.402248892923987,Moto,Stormy,Jam,Metropolitian,False,0,1,0,8519.906671350143,8679.384573685456,Aumento_Velocidade,0
pedido_8570.299533037884_807,102.71467576916594,121.96287431573982,106.96287431573982,7.047344718941465,5,4.497456282540881,Moto,Sunny,Jam,Urban,False,0,1,1,8570.299533037884,8682.262407353623,Aumento_Velocidade,1
pedido_8575.357715568029_810,106.43323004978248,98.05827344540643,98.05827344540643,20.376943174977704,15,4.942259761329893,Moto,Foggy,Low,Other,True,0,0,0,8575.357715568029,8688.415989013434,Nenhuma,1
pedido_8614.059235177983_828,101.53653060362772,85.47574965086436,70.47574965086436,13.574055450123605,10,4.688296199625908,Scooter,Sunny,High,Metropolitian,False,0,1,1,8614.059235177983,8694.534984828848,Aumento_Velocidade,1
pedido_8573.722386508713_809,111.656403005909,117.1851673043328,117.1851673043328,14.965657136413867,5,4.561523006136499,Van,Sunny,Jam,Metropolitian,False,0,1,1,8573.722386508713,8695.907553813046,Nenhuma,1
pedido_8594.84182866807_819,104.6834303859763,105.731299075819,90.731299075819,18.548163890507144,15,4.732090868921972,Moto,Sunny,Medium,Metropolitian,False,0,0,1,8594.84182866807,8700.573127743888,Rota_Reduzida,1
pedido_8582.897244165002_814,134.05193592192418,115.53578678432322,115.53578678432322,4.739043466441345,5,4.536428845190435,Van,Stormy,Medium,Metropolitian,True,0,0,0,8582.897244165002,8703.433030949325,Nenhuma,1
pedido_8597.573425829081_820,101.8544257070725,111.19913911916697,96.19913911916697,12.849925185368605,10,4.809483132407791,Scooter,Sunny,High,Urban,False,0,1,1,8597.573425829081,8703.772564948249,Aumento_Velocidade,1
pedido_8612.169302704226_826,99.52735105208863,94.22139096131365,79.22139096131365,5.019338683612631,15,5.0,Moto,Sunny,High,Metropolitian,False,0,1,1,8612.169302704226,8706.390693665538,Aumento_Velocidade,1
pedido_8601.709215435627_822,109.81572628245364,105.63068217501058,90.63068217501058,15.70736163856156,15,4.76729063683394,Scooter,Sunny,Jam,Metropolitian,False,0,1,1,8601.709215435627,8707.339897610638,Aumento_Velocidade,1
pedido_8579.653890784946_813,138.25422070661023,128.250430586637,113.25043058663701,5.532564216796581,15,4.650636804644063,Scooter,Sandstorms,Medium,Metropolitian,True,0,0,0,8579.653890784946,8707.904321371583,Rota_Reduzida,1
pedido_8619.588467838134_831,107.47536726401931,89.29877533878214,74.29877533878214,20.469992255789766,15,4.7996120184669,Moto,Sunny,Medium,Urban,False,0,0,1,8619.588467838134,8708.887243176916,Rota_Reduzida,1
pedido_8611.060777119535_825,111.66065916361329,108.37934864368238,93.37934864368238,11.898351903959115,10,4.927525151500318,Scooter,Sunny,Jam,Metropolitian,True,0,1,1,8611.060777119535,8714.440125763218,Aumento_Velocidade,1
pedido_8608.364701627514_823,128.79591118080657,93.18024246678155,93.18024246678155,14.919389962820995,15,4.7800243284593975,Van,Stormy,High,Urban,False,0,1,0,8608.364701627514,8716.544944094296,Nenhuma,1
pedido_8567.858259517974_804,181.40488864325505,166.29023540193776,146.29023540193776,15.569088739364584,5,4.310108215798963,Moto,Sandstorms,High,Other,True,0,1,0,8567.858259517974,8719.148494919911,Rota_Reduzida,0
pedido_8618.268428966521_830,94.46276446586921,90.9680144990324,90.9680144990324,3.210864550975102,10,4.709284490723216,Moto,Sunny,Low,Metropolitian,False,0,0,1,8618.268428966521,8719.236443465554,Nenhuma,1
pedido_8593.525563757477_818,131.64209897786156,129.21985243639512,114.21985243639512,0.0,15,4.656865764000231,Moto,Windy,High,Metropolitian,False,0,1,0,8593.525563757477,8722.745416193873,Aumento_Velocidade,1
pedido_8610.701341830236_824,134.0293638312794,114.12904220420617,99.12904220420617,7.818320479675175,15,4.580526775347063,Moto,Foggy,High,Metropolitian,False,0,1,0,8610.701341830236,8724.830384034442,Aumento_Velocidade,1
pedido_8568.57578054047_805,175.80930449092418,167.36099257531887,152.36099257531887,5.69899163071349,5,4.414631375071601,Scooter,Sandstorms,High,Metropolitian,True,0,1,0,8568.57578054047,8725.936773115789,Aumento_Velocidade,0
pedido_8577.265272131639_812,178.27176568042717,149.39959909086784,134.39959909086784,7.020173536952139,15,4.363291004132881,Moto,Foggy,High,Metropolitian,False,0,1,0,8577.265272131639,8726.664871222507,Aumento_Velocidade,0
pedido_8632.151838963708_835,122.60497368346569,99.51411877663548,79.51411877663548,0.0,15,4.94847243511726,Moto,Stormy,High,Other,True,0,1,0,8632.151838963708,8726.665957740342,Rota_Reduzida,1
pedido_8619.622825721051_832,131.43805205060914,108.82184800115976,93.82184800115976,7.825078756887459,15,4.732174386781785,Moto,Sandstorms,High,Metropolitian,False,0,1,0,8619.622825721051,8728.444673722212,Aumento_Velocidade,1
pedido_8678.30336112105_859,38.61418271083739,47.07697905984926,47.07697905984926,11.480872103891999,5,4.457607057523678,Moto,Sunny,Jam,Metropolitian,False,1,1,1,8678.30336112105,8730.3803401809,Nenhuma,1
pedido_8614.001844130291_827,132.37640653175018,120.42057432789667,105.42057432789667,4.930642331683842,15,4.764834012944509,Scooter,Sandstorms,High,Metropolitian,False,0,1,0,8614.001844130291,8734.422418458187,Aumento_Velocidade,1
pedido_8641.909584967805_840,128.11651522341845,95.44076207800313,80.44076207800313,6.19721164321226,15,4.731824469127462,Moto,Stormy,High,Metropolitian,False,0,1,0,8641.909584967805,8737.350347045809,Aumento_Velocidade,1
pedido_8588.62258946858_815,144.71107099989163,159.6247894843904,144.6247894843904,12.994700766278394,5,4.662434317093129,Moto,Foggy,High,Metropolitian,True,0,1,0,8588.62258946858,8738.24737895297,Aumento_Velocidade,0
pedido_8628.186101815172_833,135.50455766345638,117.25825365678422,102.25825365678422,15.786850920563817,10,4.481612154551978,Scooter,Sandstorms,High,Metropolitian,False,0,1,0,8628.186101815172,8740.444355471956,Aumento_Velocidade,1
pedido_8639.384255270086_839,140.19943154947018,103.63815001315402,88.63815001315402,14.320664967585383,15,4.937627815268078,Scooter,Foggy,High,Urban,False,0,1,0,8639.384255270086,8743.02240528324,Aumento_Velocidade,1
pedido_8670.298774896979_857,110.31743086982756,84.12802632888378,69.12802632888378,18.102970901560766,5,4.622474307291555,Moto,Sunny,Jam,Metropolitian,False,0,1,1,8670.298774896979,8744.426801225864,Aumento_Velocidade,1
pedido_8669.869433646196_856,111.3484510815989,84.75043430309157,69.75043430309157,12.6830729642058,15,4.72317958287841,Scooter,Sunny,Jam,Metropolitian,True,0,1,1,8669.869433646196,8754.619867949288,Aumento_Velocidade,1
pedido_8617.227372671216_829,129.9293823734775,142.66833240280832,127.66833240280832,18.4160801395817,10,4.764445320787219,Moto,Stormy,High,Metropolitian,False,0,1,0,8617.227372671216,8754.895705074025,Aumento_Velocidade,0
pedido_8644.263634998631_843,127.47269185925416,112.27623307984457,97.27623307984457,5.431810463242899,15,4.699400930269923,Scooter,Stormy,High,Metropolitian,True,0,1,0,8644.263634998631,8756.539868078477,Aumento_Velocidade,1
pedido_8589.57968191242_816,179.1795073124452,177.34076389982158,162.34076389982158,7.965928811743645,5,4.379256971186476,Moto,Sandstorms,Jam,Metropolitian,False,0,1,0,8589.57968191242,8756.920445812242,Aumento_Velocidade,0
pedido_8646.53082954681_846,131.88030213156816,116.06030023338855,101.06030023338855,8.354336239102715,10,4.848876932318883,Moto,Foggy,Jam,Urban,True,0,1,0,8646.53082954681,8757.591129780198,Aumento_Velocidade,1
pedido_8682.021219727636_862,98.74421943099154,85.88455459404464,70.88455459404464,5.89295718144893,5,4.61492239335134,Moto,Sunny,High,Metropolitian,False,0,1,1,8682.021219727636,8757.90577432168,Aumento_Velocidade,1
pedido_8661.293515569141_853,133.34913206797495,108.43913257301371,93.43913257301371,14.463130756875023,5,4.787652035246653,Moto,Windy,High,Metropolitian,False,0,1,0,8661.293515569141,8759.732648142155,Aumento_Velocidade,1
pedido_8648.490196407914_848,122.09376535050345,101.6961033649266,101.6961033649266,1.346723934958562,10,4.509312217561421,Van,Stormy,High,Other,False,0,1,0,8648.490196407914,8760.18629977284,Nenhuma,1
pedido_8661.841313289_854,98.9478185908805,83.58778118327481,83.58778118327481,9.612725132648098,15,5.0,Scooter,Windy,Low,Metropolitian,False,0,0,0,8661.841313289,8760.429094472274,Nenhuma,1
pedido_8643.993351742694_842,97.75226651869147,102.96262528827455,102.96262528827455,8.601227026087514,15,4.561369462589793,Moto,Windy,Low,Metropolitian,False,0,0,0,8643.993351742694,8761.95597703097,Nenhuma,1
pedido_8656.925521751558_851,131.24959913617099,111.67253588705161,96.67253588705161,6.789729642397047,15,4.490365727084009,Scooter,Sandstorms,High,Metropolitian,False,0,1,0,8656.925521751558,8768.59805763861,Aumento_Velocidade,1
pedido_8635.073404628421_836,132.0143942073065,134.00945919943905,119.00945919943905,5.329430812623302,15,4.749804035065763,Moto,Sandstorms,High,Metropolitian,False,0,1,0,8635.073404628421,8769.08286382786,Aumento_Velocidade,1
pedido_8690.891905363356_866,100.90298526224777,92.03698617986393,77.03698617986393,15.722116863578401,5,4.796949699656887,Scooter,Sunny,Medium,Metropolitian,False,0,0,1,8690.891905363356,8772.92889154322,Rota_Reduzida,1
pedido_8631.963773946914_834,134.71716291298995,146.17355447076184,131.17355447076184,12.974032446599109,10,4.639912063817925,Moto,Sandstorms,High,Metropolitian,False,0,1,0,8631.963773946914,8773.137328417677,Aumento_Velocidade,0
pedido_8677.086018299602_858,123.33772277780575,98.1140979250094,83.1140979250094,2.386048996616396,15,4.625850437027497,Moto,Stormy,Jam,Metropolitian,False,0,1,0,8677.086018299602,8775.20011622461,Aumento_Velocidade,1
pedido_8685.879537200142_864,102.96140195964212,99.63329922659968,84.63329922659968,5.161874159708284,5,4.538358863737997,Moto,Sunny,Jam,Urban,False,0,1,1,8685.879537200142,8775.512836426742,Aumento_Velocidade,1
pedido_8635.820400368815_837,145.10180668824276,145.10350073692405,130.10350073692405,15.549037431773998,10,4.966932770869989,Scooter,Foggy,Medium,Metropolitian,False,0,0,0,8635.820400368815,8775.92390110574,Rota_Reduzida,0
pedido_8657.036034928538_852,127.11212200038874,130.503017087828,115.503017087828,6.061204962028831,5,4.759477927867021,Moto,Stormy,High,Metropolitian,True,0,1,0,8657.036034928538,8777.539052016366,Aumento_Velocidade,1
pedido_8656.745546205155_850,136.2875146519965,132.22241110988097,117.22241110988097,15.245379686802005,5,4.892225005320116,Scooter,Sandstorms,Medium,Metropolitian,False,0,0,0,8656.745546205155,8778.967957315035,Rota_Reduzida,1
pedido_8647.146467717948_847,129.36101408685738,130.3390615278599,130.3390615278599,15.41536434682152,10,4.681827047220304,Van,Stormy,High,Metropolitian,False,0,1,0,8647.146467717948,8787.485529245809,Nenhuma,0
pedido_8644.615722026789_844,151.67529943576588,154.62896320058036,139.62896320058036,18.257156636111265,5,4.57651117136046,Scooter,Foggy,Jam,Metropolitian,False,0,1,0,8644.615722026789,8789.24468522737,Aumento_Velocidade,0
pedido_8655.579923421747_849,152.73728675095995,133.99133730474247,118.99133730474247,15.0506221028665,15,4.4867500040723804,Moto,Foggy,Jam,Metropolitian,False,0,1,0,8655.579923421747,8789.571260726489,Aumento_Velocidade,1
pedido_8701.233097509328_872,99.2314168338644,81.49055434945734,81.49055434945734,5.373496675608291,10,4.581494735610232,Moto,Foggy,Low,Metropolitian,False,0,0,0,8701.233097509328,8792.723651858785,Nenhuma,1
pedido_8669.024012868675_855,130.8626028675974,134.65253022725267,119.65253022725267,15.892175777125857,5,4.61145408166547,Moto,Stormy,High,Metropolitian,True,0,1,0,8669.024012868675,8793.676543095928,Aumento_Velocidade,1
pedido_8681.533551942566_861,127.87984620643726,112.3215846007257,97.3215846007257,1.3538151137158767,15,4.756726374458714,Scooter,Foggy,Jam,Metropolitian,False,0,1,0,8681.533551942566,8793.855136543292,Aumento_Velocidade,1
pedido_8696.702177544637_867,102.38665475488781,107.2655005887896,92.2655005887896,16.21286165250716,5,4.585370524794252,Moto,Sunny,High,Urban,False,0,1,1,8696.702177544637,8793.967678133427,Aumento_Velocidade,1
pedido_8682.298044517627_863,133.783626981442,124.1254039918662,109.1254039918662,13.275687259962648,5,4.621811406050849,Moto,Windy,High,Metropolitian,False,0,1,0,8682.298044517627,8796.423448509493,Aumento_Velocidade,1
pedido_8678.751307162038_860,130.76923128442797,134.3278518972848,119.3278518972848,1.807702045485171,5,4.7892674879615535,Moto,Windy,High,Metropolitian,False,0,1,0,8678.751307162038,8803.079159059324,Aumento_Velocidade,1
pedido_8645.742037745184_845,166.90948244038017,169.20008368009115,154.20008368009115,0.5821172234462733,10,4.27556589437518,Scooter,Sandstorms,Medium,Metropolitian,True,0,0,0,8645.742037745184,8809.942121425274,Rota_Reduzida,0
pedido_8637.819792941636_838,175.31124224822656,179.06832339751253,164.06832339751253,4.597081742168507,10,4.322942378835274,Moto,Stormy,High,Metropolitian,False,0,1,0,8637.819792941636,8811.888116339149,Aumento_Velocidade,0
pedido_8700.579264479478_870,110.28222339982908,105.61322807354894,105.61322807354894,17.557925958018615,15,4.785273236303273,Moto,Foggy,Low,Metropolitian,False,0,0,0,8700.579264479478,8821.192492553027,Nenhuma,1
pedido_8690.841769605822_865,133.79004859782617,120.08477403861755,120.08477403861755,11.226073129627391,15,4.618410493339154,Van,Sandstorms,High,Urban,False,0,1,0,8690.841769605822,8825.92654364444,Nenhuma,0
pedido_8701.493941447534_873,133.94368076158997,135.09389380669663,120.09389380669663,17.402559581217815,5,4.550629141291617,Scooter,Stormy,Jam,Metropolitian,False,0,1,0,8701.493941447534,8826.587835254231,Aumento_Velocidade,0
pedido_8697.77948220639_868,129.88870397355717,141.36958722607775,126.36958722607775,8.654187757976366,5,4.765101202235974,Moto,Windy,Jam,Metropolitian,False,0,1,0,8697.77948220639,8829.149069432468,Aumento_Velocidade,0
pedido_8698.296157089106_869,141.04238638937838,141.14683424745854,126.14683424745854,11.015503640257938,5,5.0,Moto,Sandstorms,Jam,Metropolitian,False,0,1,0,8698.296157089106,8829.442991336564,Aumento_Velocidade,0
pedido_8700.922782040318_871,179.33948097373428,172.86587854851686,172.86587854851686,13.630769282921053,10,4.282038687538654,Van,Sunny,High,Metropolitian,False,0,1,1,8700.922782040318,8883.788660588834,Nenhuma,0
