id_pedido,previsao_min,tempo_real_min,tempo_corrigido_min,delivery_distance,tempo_coleta,Agent_Rating,Vehicle,Weather,Traffic,Area,weekend,is_grocery,jam_or_high_traffic,is_sunny_weather,tempo_criacao_sim,tempo_conclusao_sim,decisao,is_otd
pedido_1.4297822025327416_0,43.168452630120115,43.50432176625503,43.50432176625503,2.9745403183728194,5,4.75371232413085,Scooter,Foggy,Medium,Metropolitian,True,1,0,0,1.4297822025327416,49.934103968787774,Nenhuma,1
pedido_7.345318256217287_3,43.92277103045097,44.825091150317114,44.825091150317114,11.736857877820569,5,4.8427726046304365,Moto,Sunny,Low,Metropolitian,False,1,0,1,7.345318256217287,57.170409406534404,Nenhuma,1
pedido_26.473147405340633_15,43.50260003401039,39.51806132131806,39.51806132131806,13.23710266438764,5,4.816375789025873,Van,Stormy,High,Metropolitian,False,1,1,0,26.473147405340633,70.9912087266587,Nenhuma,1
pedido_35.47965027855455_22,45.62595244512005,41.03380476168459,41.03380476168459,15.683005246293623,15,4.451563583775273,Scooter,Foggy,High,Metropolitian,False,1,1,0,35.47965027855455,91.51345504023914,Nenhuma,1
pedido_13.295106420210379_4,124.61148129266216,102.91552029751233,82.91552029751233,1.5578262456761833,5,4.759980947303827,Scooter,Foggy,High,Other,False,0,1,0,13.295106420210379,101.2106267177227,Rota_Reduzida,1
pedido_24.422894771331343_12,110.67991680109118,89.41151962222489,74.41151962222489,14.015694022906269,5,4.964121815562218,Moto,Sunny,Jam,Metropolitian,False,0,1,1,24.422894771331343,103.83441439355623,Aumento_Velocidade,1
pedido_46.133882260102354_29,48.98733359245741,45.35862651650421,45.35862651650421,13.93298417566288,15,4.826420233194708,Moto,Foggy,Medium,Metropolitian,True,1,0,0,46.133882260102354,106.49250877660657,Nenhuma,1
pedido_5.778203285438909_1,133.29583074714068,119.99248605280815,104.99248605280815,18.623909052405256,5,4.602449166288424,Moto,Windy,High,Metropolitian,False,0,1,0,5.778203285438909,115.77068933824705,Aumento_Velocidade,0
pedido_15.946880176940919_5,129.72325151464426,108.82823362157119,93.82823362157119,9.999223687166134,10,4.709354848102157,Scooter,Stormy,High,Metropolitian,True,0,1,0,15.946880176940919,119.77511379851211,Aumento_Velocidade,1
pedido_30.670636871991483_18,131.3211239078799,90.99436392196532,75.99436392196532,7.87167410683195,15,4.883788279601566,Moto,Stormy,Medium,Urban,False,0,0,0,30.670636871991483,121.6650007939568,Rota_Reduzida,1
pedido_18.044868863633585_7,126.80353270585144,110.19515199597276,95.19515199597276,2.030526552236955,10,4.735235625661137,Moto,Foggy,Jam,Urban,False,0,1,0,18.044868863633585,123.24002085960635,Aumento_Velocidade,0
pedido_25.132169994781965_13,97.86881843348426,105.64118815896981,90.64118815896981,7.304534608060912,10,4.90070572542759,Scooter,Sunny,High,Metropolitian,True,0,1,1,25.132169994781965,125.77335815375177,Aumento_Velocidade,1
pedido_44.981464778389864_27,100.99428131803002,93.95311549252784,78.95311549252784,10.430592196558743,5,4.650025076129947,Moto,Sunny,High,Metropolitian,False,0,1,1,44.981464778389864,128.9345802709177,Aumento_Velocidade,1
pedido_27.904680883226842_17,100.09523940536532,97.41648684634585,97.41648684634585,4.530366562567333,5,4.476980869228748,Moto,Foggy,Low,Metropolitian,False,0,0,0,27.904680883226842,130.3211677295727,Nenhuma,1
pedido_19.870094748816243_8,135.4400105374369,121.10760812255667,106.10760812255667,13.797165391269255,5,4.9525792871833,Moto,Stormy,Medium,Urban,False,0,0,0,19.870094748816243,130.9777028713729,Rota_Reduzida,0
pedido_26.538588679066258_16,132.43964273295543,112.8566728497641,97.8566728497641,9.275312960438752,10,4.823797999598043,Moto,Sandstorms,High,Metropolitian,False,0,1,0,26.538588679066258,134.39526152883036,Aumento_Velocidade,0
pedido_16.419497344191637_6,134.72264390563637,123.44110638762189,108.44110638762189,12.412984259073893,10,4.922830405482933,Moto,Stormy,Medium,Metropolitian,True,0,0,0,16.419497344191637,134.8606037318135,Rota_Reduzida,0
pedido_34.97352343329681_21,133.9813208323942,106.582250285206,91.582250285206,13.732969734112226,10,4.731081650357009,Moto,Windy,High,Metropolitian,False,0,1,0,34.97352343329681,136.55577371850282,Aumento_Velocidade,1
pedido_7.280477935952456_2,140.19943154947018,141.60300904357996,126.60300904357996,14.612091906078222,5,4.901334266859494,Scooter,Foggy,High,Metropolitian,False,0,1,0,7.280477935952456,138.88348697953242,Aumento_Velocidade,0
pedido_24.320688515476345_11,104.17531995715824,101.48019944878148,101.48019944878148,19.307589745274093,15,4.514158831548721,Moto,Windy,Low,Urban,False,0,0,0,24.320688515476345,140.8008879642578,Nenhuma,1
pedido_71.14649053750239_37,95.39972886521163,75.06136206918367,60.06136206918367,0.0,10,4.751288481851618,Moto,Sunny,High,Metropolitian,False,0,1,1,71.14649053750239,141.20785260668606,Aumento_Velocidade,1
pedido_26.001663814300688_14,138.48097184584412,127.06480831426543,112.06480831426543,16.065993238150398,5,4.542914123537764,Scooter,Stormy,Jam,Urban,False,0,1,0,26.001663814300688,143.06647212856612,Aumento_Velocidade,0
pedido_62.61508287778685_33,104.7851826951676,92.39927755126945,77.39927755126945,11.434557219594065,5,4.640404573718529,Scooter,Sunny,High,Metropolitian,True,0,1,1,62.61508287778685,145.0143604290563,Aumento_Velocidade,1
pedido_22.08816205919709_9,135.31850075111322,123.43147551736394,108.43147551736394,15.897634882088198,15,5.0,Moto,Sandstorms,High,Metropolitian,False,0,1,0,22.08816205919709,145.51963757656102,Aumento_Velocidade,0
pedido_119.03100762249001_65,41.29446311169099,22.416805456946456,22.416805456946456,16.074245330520494,10,4.515591244519017,Moto,Sunny,High,Metropolitian,False,1,1,1,119.03100762249001,151.44781307943646,Nenhuma,1
pedido_34.29096657988558_19,129.36101408685738,127.93480710601918,112.93480710601918,15.670746219399085,5,4.732673318510925,Moto,Stormy,High,Metropolitian,False,0,1,0,34.29096657988558,152.22577368590476,Aumento_Velocidade,0
pedido_41.65475303555723_24,101.83758068084282,109.13205693739161,109.13205693739161,5.201100091963759,5,4.507516880238984,Moto,Stormy,Low,Metropolitian,False,0,0,0,41.65475303555723,155.78680997294884,Nenhuma,1
pedido_59.884835909223696_32,110.1894428267045,106.65692535939142,91.65692535939142,10.416833082700663,5,4.696764590513627,Scooter,Sunny,Jam,Metropolitian,True,0,1,1,59.884835909223696,156.54176126861512,Aumento_Velocidade,1
pedido_38.551328841546386_23,105.19975107848433,113.08483290388129,113.08483290388129,14.900104387963298,5,4.597610825609908,Van,Sunny,High,Metropolitian,True,0,1,1,38.551328841546386,156.63616174542767,Nenhuma,1
pedido_139.64046055416023_75,44.57449905671875,11.774287100380242,11.774287100380242,9.567812059782216,10,4.879389560618736,Moto,Stormy,Medium,Metropolitian,False,1,0,0,139.64046055416023,161.41474765454046,Nenhuma,1
pedido_72.07004313512736_38,97.55190445031891,85.64068631774312,85.64068631774312,8.533928139440675,5,4.864352103741927,Van,Sunny,Medium,Metropolitian,False,0,0,1,72.07004313512736,162.71072945287048,Nenhuma,1
pedido_44.33320382551036_26,133.539271009579,118.95599495503632,103.95599495503632,9.97105206799398,15,4.531407078069236,Moto,Sandstorms,Jam,Metropolitian,False,0,1,0,44.33320382551036,163.28919878054668,Aumento_Velocidade,0
pedido_116.60082688719082_63,43.87043801530643,38.49739255727557,38.49739255727557,9.396449004786119,10,4.704444696944355,Scooter,Stormy,Medium,Metropolitian,False,1,0,0,116.60082688719082,165.0982194444664,Nenhuma,1
pedido_46.85392459943821_30,137.0401775347903,123.26853404632419,108.26853404632419,5.525996902530425,10,4.7730461240438204,Scooter,Windy,Medium,Metropolitian,False,0,0,0,46.85392459943821,165.1224586457624,Rota_Reduzida,0
pedido_45.46945630327568_28,134.22218529110773,126.52069072499577,111.52069072499577,11.474090222961308,10,4.734759410857541,Scooter,Stormy,Medium,Urban,False,0,0,0,45.46945630327568,166.99014702827145,Rota_Reduzida,0
pedido_34.43529274074336_20,136.5398492498131,139.04222573114583,124.04222573114583,5.0396988711522495,10,4.669893240465234,Moto,Windy,Medium,Metropolitian,False,0,0,0,34.43529274074336,168.4775184718892,Rota_Reduzida,0
pedido_78.07376722567106_39,99.08255980570272,89.63989482582517,89.63989482582517,9.884106982384633,5,4.492483408132823,Moto,Windy,Low,Urban,False,0,0,0,78.07376722567106,172.71366205149621,Nenhuma,1
pedido_42.082474427845874_25,134.0548327371561,137.26765700890738,122.26765700890738,13.830856722176607,15,4.745819242832208,Scooter,Windy,High,Metropolitian,False,0,1,0,42.082474427845874,179.35013143675326,Aumento_Velocidade,0
pedido_70.74610228164782_35,132.23883538428598,110.30951517664475,95.30951517664475,15.857037345079597,15,4.798463218368274,Moto,Stormy,Medium,Metropolitian,False,0,0,0,70.74610228164782,181.05561745829257,Rota_Reduzida,0
pedido_23.594450671292062_10,185.4344730888647,158.08230878053462,143.08230878053462,15.805696654899299,15,4.296868302085723,Moto,Windy,High,Urban,False,0,1,0,23.594450671292062,181.67675945182668,Aumento_Velocidade,0
pedido_62.78770335744302_34,137.61740068824457,122.24685030879931,107.24685030879931,3.9565732882385403,15,5.0,Scooter,Sandstorms,High,Metropolitian,False,0,1,0,62.78770335744302,185.03455366624235,Aumento_Velocidade,0
pedido_80.76185668972738_41,131.99848680634327,119.31545987684333,104.31545987684333,9.372499695783828,5,4.866516307283869,Scooter,Sandstorms,High,Metropolitian,False,0,1,0,80.76185668972738,190.07731656657072,Aumento_Velocidade,0
pedido_94.70661283650645_53,122.17004013863209,107.26072028598658,92.26072028598658,1.2386131433881005,5,4.54971622884804,Scooter,Stormy,Jam,Metropolitian,False,0,1,0,94.70661283650645,191.96733312249302,Aumento_Velocidade,1
pedido_54.01925061205758_31,129.85153427647796,122.98758371235365,122.98758371235365,7.443200313635691,15,4.631650295075307,Van,Windy,High,Urban,True,0,1,0,54.01925061205758,192.00683432441124,Nenhuma,0
pedido_71.06758191384944_36,144.85897253022222,131.0595165045254,116.05951650452539,21.48130286488159,10,4.600178910270031,Moto,Foggy,High,Metropolitian,False,0,1,0,71.06758191384944,197.12709841837483,Aumento_Velocidade,0
pedido_151.84384652881798_85,41.43911754960924,40.90376479345922,40.90376479345922,17.56022695621928,5,5.0,Moto,Sunny,Jam,Metropolitian,False,1,1,1,151.84384652881798,197.74761132227718,Nenhuma,1
pedido_90.71538982451705_48,140.20607312631896,117.26600464043756,102.26600464043756,16.925124253116287,5,4.724910720042964,Scooter,Sandstorms,Jam,Metropolitian,False,0,1,0,90.71538982451705,197.9813944649546,Aumento_Velocidade,0
pedido_96.2359282611384_54,102.40025861228636,92.30162926483936,92.30162926483936,4.7424577676764965,10,4.53208418464458,Van,Sandstorms,Low,Urban,False,0,0,0,96.2359282611384,198.53755752597777,Nenhuma,1
pedido_81.48022042746966_42,132.42649540217445,123.65515993672716,108.65515993672716,5.429005299135955,10,5.0,Moto,Windy,High,Metropolitian,False,0,1,0,81.48022042746966,200.1353803641968,Aumento_Velocidade,0
pedido_82.46609583012886_44,128.04003209954664,125.15045087646703,110.15045087646703,4.701471492995689,10,4.653537236789526,Moto,Sandstorms,Jam,Metropolitian,False,0,1,0,82.46609583012886,202.6165467065959,Aumento_Velocidade,0
pedido_176.6483193327551_100,44.17197229269957,11.01529805230523,11.01529805230523,7.471394593294459,15,4.722903553584413,Moto,Foggy,High,Metropolitian,True,1,1,0,176.6483193327551,202.66361738506035,Nenhuma,1
pedido_93.02450587199351_50,99.12761224366159,104.89606970350589,104.89606970350589,12.39421432651252,5,4.781296120778494,Van,Sunny,Medium,Metropolitian,False,0,0,1,93.02450587199351,202.9205755754994,Nenhuma,1
pedido_81.82042574254339_43,128.82160162125592,130.3548806355469,115.35488063554689,6.411697593756003,10,4.754079566216608,Moto,Stormy,Jam,Metropolitian,True,0,1,0,81.82042574254339,207.17530637809028,Aumento_Velocidade,0
pedido_107.32361833250081_59,99.26243080131454,95.03538466739741,95.03538466739741,7.41478231749389,5,4.692391067318822,Van,Sunny,Medium,Urban,True,0,0,1,107.32361833250081,207.35900299989822,Nenhuma,1
pedido_91.96697414875678_49,132.31177527759706,127.48070006946148,112.48070006946148,4.630102765218961,5,4.852643061056887,Moto,Sandstorms,High,Metropolitian,False,0,1,0,91.96697414875678,209.44767421821825,Aumento_Velocidade,0
pedido_84.29505747656607_45,135.35098541391193,137.6007495882868,122.60074958828679,5.80772834955767,5,4.641854145427186,Scooter,Stormy,Medium,Metropolitian,False,0,0,0,84.29505747656607,211.89580706485287,Rota_Reduzida,0
pedido_88.35012493524515_47,137.30053333689682,134.0057138182849,119.0057138182849,18.542733855852074,5,4.932175181086834,Moto,Windy,High,Metropolitian,True,0,1,0,88.35012493524515,212.35583875353007,Aumento_Velocidade,0
pedido_97.60345920968261_55,136.1353020414182,125.51475015265467,110.51475015265467,12.047225286074429,5,4.890967632326149,Scooter,Windy,Jam,Metropolitian,False,0,1,0,97.60345920968261,213.11820936233727,Aumento_Velocidade,0
pedido_93.14589461053419_51,133.0196758514353,128.31908941378174,113.31908941378174,14.495491783063606,10,4.696905253257198,Scooter,Windy,High,Metropolitian,False,0,1,0,93.14589461053419,216.46498402431592,Aumento_Velocidade,0
pedido_87.48114762395463_46,133.26716965196425,137.74573066345772,122.74573066345772,19.30582250192022,10,4.528856956358535,Moto,Windy,High,Metropolitian,False,0,1,0,87.48114762395463,220.22687828741235,Aumento_Velocidade,0
pedido_141.90938947645355_77,101.60770588119756,88.59399996297014,73.59399996297014,1.8603803691759446,5,4.5336130301053625,Moto,Sunny,Jam,Metropolitian,False,0,1,1,141.90938947645355,220.5033894394237,Aumento_Velocidade,1
pedido_109.63584104125205_60,135.60078864174193,116.79740997483067,101.79740997483067,10.1074776675596,10,4.706978282933527,Scooter,Windy,High,Metropolitian,False,0,1,0,109.63584104125205,221.43325101608272,Aumento_Velocidade,0
pedido_98.35429725997379_57,129.72488940687205,129.3766770736981,114.37667707369809,16.469235191987924,10,4.622936329492173,Scooter,Stormy,High,Metropolitian,False,0,1,0,98.35429725997379,222.7309743336719,Aumento_Velocidade,0
pedido_98.00855717590537_56,132.10753179396585,129.1997966699131,114.1997966699131,5.913903348503522,15,4.6448658874543485,Moto,Sandstorms,High,Metropolitian,False,0,1,0,98.00855717590537,227.20835384581846,Aumento_Velocidade,0
pedido_165.2309064431354_94,45.61912569825931,58.42708749857428,58.42708749857428,6.0875413522161725,5,4.75593089845145,Scooter,Windy,High,Urban,True,1,1,0,165.2309064431354,228.6579939417097,Nenhuma,1
pedido_126.97222833601921_70,123.3960283444196,107.02356900170352,92.02356900170352,3.7498857361789195,10,4.59862868920252,Moto,Stormy,Jam,Metropolitian,False,0,1,0,126.97222833601921,228.99579733772273,Aumento_Velocidade,1
pedido_131.18385885327328_73,128.99373840194562,102.5368364743407,87.5368364743407,3.7643188810834873,15,4.810608742664062,Moto,Windy,High,Metropolitian,True,0,1,0,131.18385885327328,233.72069532761398,Aumento_Velocidade,1
pedido_126.51130147223584_69,127.07061503284211,118.83361447963568,98.83361447963568,13.344741150892517,10,4.610167808417477,Moto,Sandstorms,High,Other,False,0,1,0,126.51130147223584,235.34491595187154,Rota_Reduzida,0
pedido_140.1251437136712_76,98.85824445449846,98.35643505462947,98.35643505462947,9.199399710911436,5,4.4735147903176635,Moto,Sunny,Low,Metropolitian,True,0,0,1,140.1251437136712,243.48157876830066,Nenhuma,1
pedido_117.89694897602698_64,136.6139242988607,126.67041463085835,111.67041463085835,16.77614086806454,15,5.0,Scooter,Sandstorms,Medium,Metropolitian,False,0,0,0,117.89694897602698,244.56736360688532,Rota_Reduzida,0
pedido_94.18706152531091_52,131.84635940445804,135.786951599159,135.786951599159,7.045303452044072,15,4.354918932089102,Moto,Windy,Low,Metropolitian,True,0,0,0,94.18706152531091,244.97401312446993,Nenhuma,0
pedido_80.42820494822303_40,178.08816503964462,165.44739751064677,150.44739751064677,6.266879747849098,15,4.4303384991517945,Scooter,Sandstorms,Jam,Metropolitian,False,0,1,0,80.42820494822303,245.8756024588698,Aumento_Velocidade,0
pedido_137.32590056320765_74,128.391554293676,109.11460117552942,94.11460117552942,4.810595268775245,15,4.684494228691055,Moto,Stormy,High,Metropolitian,False,0,1,0,137.32590056320765,246.44050173873705,Aumento_Velocidade,0
pedido_155.92729953121335_88,128.23453465443276,99.37446848759637,84.37446848759637,5.755311145541755,10,4.910800682896694,Scooter,Foggy,Medium,Metropolitian,False,0,0,0,155.92729953121335,250.30176801880972,Rota_Reduzida,1
pedido_145.01475906343657_79,135.62668032694182,105.39251956162946,90.39251956162946,9.81257795097634,15,4.840654229882144,Moto,Windy,High,Metropolitian,False,0,1,0,145.01475906343657,250.40727862506603,Aumento_Velocidade,0
pedido_128.55705911965583_72,129.85819006597035,133.03299137962247,118.03299137962247,6.165570202167142,5,4.911206837732028,Scooter,Windy,High,Metropolitian,False,0,1,0,128.55705911965583,251.5900504992783,Aumento_Velocidade,0
pedido_111.35225454719786_61,142.1877512180064,140.609436028363,125.609436028363,16.68451105978056,15,4.500887156636881,Moto,Foggy,Medium,Metropolitian,True,0,0,0,111.35225454719786,251.96169057556085,Rota_Reduzida,0
pedido_128.07985094380317_71,134.89431514508453,126.98106988222779,111.98106988222779,16.235279793588788,15,4.496214218974069,Moto,Windy,Medium,Metropolitian,False,0,0,0,128.07985094380317,255.06092082603095,Rota_Reduzida,0
pedido_157.6291462899967_89,97.70385677473216,88.30145783056008,88.30145783056008,7.333572094411722,15,4.900245209364369,Van,Sunny,Low,Metropolitian,False,0,0,1,157.6291462899967,260.9306041205568,Nenhuma,1
pedido_122.0656307087779_67,136.62129636355223,149.64048773255914,134.64048773255914,13.694931135314388,5,4.862202494910688,Moto,Windy,High,Metropolitian,True,0,1,0,122.0656307087779,261.706118441337,Aumento_Velocidade,0
pedido_181.32727053652974_104,99.48065014401479,77.57998466221274,77.57998466221274,6.031073157475461,5,4.820682659921276,Moto,Foggy,Low,Metropolitian,True,0,0,0,181.32727053652974,263.90725519874246,Nenhuma,1
pedido_222.18088704870837_133,45.933134570679044,29.727777011529028,29.727777011529028,18.206893511432394,15,4.914468425192381,Scooter,Windy,High,Metropolitian,True,1,1,0,222.18088704870837,266.9086640602374,Nenhuma,1
pedido_153.48369478484383_86,105.19975107848433,98.92887850491336,98.92887850491336,15.576691443719849,15,4.5919834868017695,Van,Sunny,High,Metropolitian,True,0,1,1,153.48369478484383,267.4125732897572,Nenhuma,1
pedido_174.97880691205478_98,102.84198900603003,100.63360606133581,85.63360606133581,7.926616978451301,10,4.521417190560119,Moto,Sunny,High,Metropolitian,False,0,1,1,174.97880691205478,270.6124129733906,Aumento_Velocidade,1
pedido_114.59339274614959_62,174.90373935816018,166.6402427291033,151.6402427291033,2.9732028445148493,5,4.2311003521869806,Moto,Stormy,High,Metropolitian,False,0,1,0,114.59339274614959,271.23363547525287,Aumento_Velocidade,0
pedido_184.52262946646835_105,98.30735841297896,86.76551151557315,71.76551151557315,8.139852735658687,15,4.7009074883639155,Scooter,Sunny,High,Urban,True,0,1,1,184.52262946646835,271.2881409820415,Aumento_Velocidade,1
pedido_157.7710967796286_90,135.38632609663065,113.55050410225181,98.55050410225181,5.986934833181995,15,4.737011073644567,Moto,Stormy,Medium,Metropolitian,False,0,0,0,157.7710967796286,271.3216008818804,Rota_Reduzida,0
pedido_173.78160827217246_97,99.52735105208863,107.96966141928655,92.96966141928655,5.119392162937767,5,5.0,Moto,Sunny,High,Metropolitian,False,0,1,1,173.78160827217246,271.751269691459,Aumento_Velocidade,1
pedido_151.8005947411843_84,131.95632292084653,120.80132172493941,105.80132172493941,7.028015014087925,15,5.0,Scooter,Sandstorms,Jam,Metropolitian,False,0,1,0,151.8005947411843,272.6019164661237,Aumento_Velocidade,0
pedido_144.5219223765793_78,127.89511999121646,125.32686285138524,125.32686285138524,6.035958360650379,5,4.890211712785083,Van,Sandstorms,Jam,Metropolitian,False,0,1,0,144.5219223765793,274.8487852279645,Nenhuma,0
pedido_145.3943514247872_80,130.610999983634,125.64279535268994,125.64279535268994,11.880849533808647,5,4.489044328736695,Van,Stormy,High,Metropolitian,False,0,1,0,145.3943514247872,276.0371467774771,Nenhuma,0
pedido_150.83209333733456_83,129.58043363698226,135.2654503116707,120.26545031167069,13.176667690891252,5,4.8383407542451815,Scooter,Stormy,High,Metropolitian,False,0,1,0,150.83209333733456,276.0975436490053,Aumento_Velocidade,0
pedido_163.60911199928225_92,131.33124705940475,124.28244920483962,109.28244920483962,8.401911794420707,5,4.586541516105035,Scooter,Foggy,Jam,Metropolitian,False,0,1,0,163.60911199928225,277.8915612041219,Aumento_Velocidade,0
pedido_168.69462234678141_95,125.9069267250954,114.49785059733972,99.49785059733972,6.759595244690724,10,4.693280889948255,Moto,Foggy,Medium,Urban,False,0,0,0,168.69462234678141,278.19247294412116,Rota_Reduzida,0
pedido_154.12273709461977_87,133.23052042172824,141.06244619174356,121.06244619174356,15.478156393482514,5,4.5997693675284905,Scooter,Sandstorms,Jam,Other,False,0,1,0,154.12273709461977,280.1851832863633,Rota_Reduzida,0
pedido_164.00131264295467_93,141.02078597415502,118.88100215264376,103.88100215264376,12.239550697873977,15,4.800585520680624,Scooter,Foggy,High,Urban,False,0,1,0,164.00131264295467,282.8823147955984,Aumento_Velocidade,0
pedido_123.97920681122588_68,173.71286669133644,164.42481241209774,149.42481241209774,2.142905101919927,15,4.392110172607346,Scooter,Stormy,High,Metropolitian,True,0,1,0,123.97920681122588,288.40401922332364,Aumento_Velocidade,0
pedido_180.2880156499433_103,125.20167945999107,114.47573571366149,99.47573571366149,2.4945013443313715,10,4.760546092562606,Moto,Foggy,Medium,Metropolitian,False,0,0,0,180.2880156499433,289.7637513636048,Rota_Reduzida,0
pedido_119.36221347439972_66,185.58262408991217,171.466261194006,156.466261194006,18.89534994334037,15,4.398818099757858,Scooter,Sandstorms,Medium,Urban,True,0,0,0,119.36221347439972,290.8284746684057,Rota_Reduzida,0
pedido_187.75724738093314_108,102.658559118447,103.92711713197909,88.92711713197909,2.175717336777535,15,4.496068094331073,Scooter,Sunny,Jam,Metropolitian,True,0,1,1,187.75724738093314,291.6843645129122,Aumento_Velocidade,1
pedido_196.7089594732804_114,97.19814407249282,97.68482221632624,82.68482221632624,6.136417156435806,15,4.761879293349853,Moto,Sunny,High,Metropolitian,False,0,1,1,196.7089594732804,294.3937816896066,Aumento_Velocidade,1
pedido_185.59862805181476_107,136.3599578390772,109.86719257828958,94.86719257828958,6.868182403431955,15,4.585353040366717,Moto,Windy,Medium,Metropolitian,False,0,0,0,185.59862805181476,295.4658206301043,Rota_Reduzida,0
pedido_198.03733553095813_115,103.75110453651791,90.38755368068728,90.38755368068728,16.26685984641604,10,4.543823987689876,Moto,Stormy,Low,Metropolitian,False,0,0,0,198.03733553095813,298.4248892116454,Nenhuma,1
pedido_179.97107191907176_102,136.32217717839816,129.48202628781164,114.48202628781164,9.798933970456867,5,4.7360531061241415,Moto,Sandstorms,Medium,Metropolitian,True,0,0,0,179.97107191907176,299.4530982068834,Rota_Reduzida,0
pedido_176.95689470855288_101,136.84498335034323,135.05143079179334,120.05143079179334,18.68279679075846,5,4.723347767126067,Scooter,Stormy,Jam,Metropolitian,True,0,1,0,176.95689470855288,302.00832550034625,Aumento_Velocidade,0
pedido_184.58461872548529_106,127.77468333692268,113.19494197655278,113.19494197655278,8.574364579502872,5,4.6174872185943086,Van,Stormy,High,Urban,True,0,1,0,184.58461872548529,302.77956070203805,Nenhuma,1
pedido_224.17678790194265_134,97.25628711649657,87.5790586254276,72.5790586254276,4.283757776119705,10,4.909622198435637,Moto,Sunny,High,Metropolitian,False,0,1,1,224.17678790194265,306.75584652737024,Aumento_Velocidade,1
pedido_203.13522274473578_117,128.79591118080657,113.97643603745036,98.97643603745036,16.04534280522357,5,4.8337736173715875,Moto,Stormy,High,Metropolitian,False,0,1,0,203.13522274473578,307.11165878218617,Aumento_Velocidade,1
pedido_212.39343525699363_125,95.54621114191794,95.09860725021228,80.09860725021228,7.842060926350363,15,4.604831010246543,Moto,Sunny,High,Urban,False,0,1,1,212.39343525699363,307.4920425072059,Aumento_Velocidade,1
pedido_103.04161428533286_58,193.59179321584196,190.88206368602627,190.88206368602627,1.7594610117402674,15,4.404137344633375,Van,Sunny,High,Metropolitian,True,0,1,1,103.04161428533286,308.9236779713591,Nenhuma,0
pedido_273.2155838147817_166,48.61810835732313,21.44525658310623,21.44525658310623,21.292589887019,15,4.479772242657999,Scooter,Foggy,High,Metropolitian,True,1,1,0,273.2155838147817,309.66084039788797,Nenhuma,1
pedido_228.13039513836932_138,101.47464162636092,87.4782254256904,72.4782254256904,6.136374954303305,10,5.0,Scooter,Sunny,High,Metropolitian,True,0,1,1,228.13039513836932,310.6086205640597,Aumento_Velocidade,1
pedido_147.04948703102596_81,162.0566315829845,158.9397089712689,158.9397089712689,16.4099366894238,5,4.285330513249961,Van,Sunny,Low,Other,True,0,0,1,147.04948703102596,310.9891960022949,Nenhuma,0
pedido_236.50848891338725_147,112.11563579652245,79.68465169994545,64.68465169994545,12.245711521460443,10,4.460383365462899,Scooter,Sunny,Jam,Urban,True,0,1,1,236.50848891338725,311.19314061333273,Aumento_Velocidade,1
pedido_221.0117939501693_131,102.18611891951947,81.26969053177768,81.26969053177768,1.661359711740074,10,4.571868833143118,Moto,Stormy,Low,Metropolitian,False,0,0,0,221.0117939501693,312.281484481947,Nenhuma,1
pedido_221.9610568111688_132,96.38165713281526,85.6593728680416,85.6593728680416,7.6272315865030915,5,4.828432182058414,Scooter,Sunny,Low,Urban,True,0,0,1,221.9610568111688,312.62042967921036,Nenhuma,1
pedido_198.6423083423877_116,130.15165249681087,121.43888654101127,106.43888654101127,5.605220695265077,10,4.806622806268666,Moto,Sandstorms,High,Metropolitian,True,0,1,0,198.6423083423877,315.081194883399,Aumento_Velocidade,0
pedido_169.8276238756514_96,134.0293638312794,130.79758201311768,130.79758201311768,8.216643743482852,15,4.643388900692199,Van,Foggy,High,Metropolitian,False,0,1,0,169.8276238756514,315.6252058887691,Nenhuma,0
pedido_188.26200970059426_110,143.37275940953907,139.18791531351604,124.18791531351604,20.17954685422506,5,4.573726565917885,Scooter,Foggy,Medium,Metropolitian,False,0,0,0,188.26200970059426,317.4499250141103,Rota_Reduzida,0
pedido_226.59183241405998_136,102.67543762184755,93.25303900830173,78.25303900830173,17.644926209636978,15,4.92751615007162,Moto,Sunny,High,Metropolitian,False,0,1,1,226.59183241405998,319.84487142236173,Aumento_Velocidade,1
pedido_245.74053492647445_152,102.658559118447,84.34689548541222,69.34689548541222,2.7028684631019746,5,4.526760333917252,Scooter,Sunny,Jam,Metropolitian,True,0,1,1,245.74053492647445,320.08743041188666,Aumento_Velocidade,1
pedido_192.54893361420628_112,134.89431514508453,138.59097214218914,123.59097214218914,15.584659526946151,5,4.487461057931727,Moto,Windy,Medium,Metropolitian,False,0,0,0,192.54893361420628,321.1399057563954,Rota_Reduzida,0
pedido_214.93603913875893_128,133.92299353077976,117.15231904879897,102.15231904879897,17.8310708742451,5,4.7439546387052465,Scooter,Windy,High,Metropolitian,False,0,1,0,214.93603913875893,322.0883581875579,Aumento_Velocidade,0
pedido_207.12387028489266_121,127.57638294732693,120.50737388661526,105.50737388661526,8.228237323299567,10,4.564031318786743,Moto,Stormy,Jam,Urban,False,0,1,0,207.12387028489266,322.6312441715079,Aumento_Velocidade,0
pedido_204.30069961220212_118,133.99890357162533,119.0986745243818,104.0986745243818,2.6472195432816896,15,4.62431434700488,Scooter,Windy,Medium,Metropolitian,False,0,0,0,204.30069961220212,323.3993741365839,Rota_Reduzida,0
pedido_148.69593745971358_82,183.5543875858223,185.6461060271398,170.6461060271398,3.3114872678414176,5,4.378704706670543,Scooter,Sunny,Jam,Metropolitian,False,0,1,1,148.69593745971358,324.3420434868534,Aumento_Velocidade,0
pedido_187.87047748588532_109,141.32008033116873,142.24751267815012,127.24751267815012,14.518923110652853,10,4.744995483498341,Moto,Foggy,High,Metropolitian,False,0,1,0,187.87047748588532,325.1179901640354,Aumento_Velocidade,0
pedido_213.4023741608518_126,129.01666075656678,124.5847282501681,109.5847282501681,3.4194456213683706,5,4.466580451915461,Moto,Windy,High,Metropolitian,False,0,1,0,213.4023741608518,327.9871024110199,Aumento_Velocidade,0
pedido_159.22023161167255_91,197.95904827299117,169.83148664559405,154.83148664559405,17.76729459826911,15,4.3274620645921456,Moto,Windy,Jam,Metropolitian,False,0,1,0,159.22023161167255,329.0517182572666,Aumento_Velocidade,0
pedido_227.69374217520593_137,111.7775570951552,101.51179414881848,86.51179414881848,13.978074858445677,15,4.5523505734280985,Scooter,Sunny,Jam,Metropolitian,False,0,1,1,227.69374217520593,329.2055363240244,Aumento_Velocidade,1
pedido_204.86906928688524_120,131.33843019433047,130.18810978114598,115.18810978114598,14.585431640698628,10,4.532202234098361,Scooter,Stormy,High,Metropolitian,True,0,1,0,204.86906928688524,330.05717906803125,Aumento_Velocidade,0
pedido_233.59810845593353_142,103.44296228728543,81.92016218286794,81.92016218286794,4.323349283519605,15,4.751085505674399,Van,Windy,Low,Urban,True,0,0,0,233.59810845593353,330.5182706388015,Nenhuma,1
pedido_208.49818400747859_123,143.91163808820735,128.4606300522512,113.46063005225119,16.270846692982527,10,4.598050434419372,Moto,Foggy,High,Urban,True,0,1,0,208.49818400747859,331.9588140597298,Aumento_Velocidade,0
pedido_193.31652475675298_113,170.41434921049466,141.6943305629173,126.69433056291729,7.706247333958622,15,4.413800825640825,Moto,Sandstorms,Medium,Urban,False,0,0,0,193.31652475675298,335.01085531967027,Rota_Reduzida,0
pedido_274.0052874011201_168,45.86670860827366,52.066627983665896,52.066627983665896,5.771379274281315,10,4.547750575181239,Scooter,Stormy,Jam,Metropolitian,False,1,1,0,274.0052874011201,336.071915384786,Nenhuma,1
pedido_232.4688912081176_140,124.59475385135707,114.93620982458357,99.93620982458357,2.5113367247545737,5,4.836193638688715,Moto,Stormy,Jam,Metropolitian,True,0,1,0,232.4688912081176,337.40510103270117,Aumento_Velocidade,1
pedido_240.77463029625503_150,125.48525232912223,103.36960019459427,88.36960019459427,3.4316420701951635,10,4.773779138061325,Moto,Foggy,Medium,Urban,False,0,0,0,240.77463029625503,339.1442304908493,Rota_Reduzida,1
pedido_228.72464879661308_139,132.85919081787796,116.18075162997005,101.18075162997005,9.280580799050519,10,4.5722315170228,Scooter,Sandstorms,High,Metropolitian,False,0,1,0,228.72464879661308,339.9054004265831,Aumento_Velocidade,0
pedido_204.77762291142648_119,142.9086419165717,145.3056360548753,130.3056360548753,11.045839019739457,5,4.922506054120964,Moto,Sandstorms,Jam,Metropolitian,True,0,1,0,204.77762291142648,340.08325896630174,Aumento_Velocidade,0
pedido_232.5806095900832_141,133.32736708556072,118.12331778170991,103.12331778170991,2.545117928028562,5,4.900912157583032,Moto,Foggy,High,Metropolitian,False,0,1,0,232.5806095900832,340.70392737179316,Aumento_Velocidade,0
pedido_191.8955970828571_111,167.9157617838879,149.0913249739097,134.0913249739097,18.46369067297963,15,4.421958105182393,Scooter,Sunny,Medium,Metropolitian,True,0,0,1,191.8955970828571,340.98692205676684,Rota_Reduzida,0
pedido_296.77858295165254_182,44.60982543153522,39.38229762981482,39.38229762981482,15.664645551164018,5,4.847685943955608,Moto,Foggy,High,Metropolitian,False,1,1,0,296.77858295165254,341.1608805814674,Nenhuma,1
pedido_207.5672350745565_122,129.2922408826794,130.06231662881126,130.06231662881126,3.7137883698697634,5,4.673303095813792,Van,Stormy,High,Metropolitian,False,0,1,0,207.5672350745565,342.6295517033677,Nenhuma,0
pedido_265.47926780819597_161,98.02310366218242,80.20133810048713,65.20133810048713,8.703389521748008,15,4.613380092692951,Scooter,Sunny,Jam,Metropolitian,False,0,1,1,265.47926780819597,345.6806059086831,Aumento_Velocidade,1
pedido_252.24186999332235_156,103.43522374624038,94.31175585487712,79.31175585487712,6.397807569655932,15,4.51664054369192,Moto,Sunny,High,Metropolitian,False,0,1,1,252.24186999332235,346.55362584819943,Aumento_Velocidade,1
pedido_266.21839366651085_162,102.50123768847499,90.47933204340922,75.47933204340922,18.71752872940936,5,4.709358703087357,Moto,Sunny,High,Metropolitian,False,0,1,1,266.21839366651085,346.69772570992006,Aumento_Velocidade,1
pedido_218.7521565083568_130,134.12478179379187,118.3406969390368,118.3406969390368,8.997516142502622,10,4.267878517341836,Van,Stormy,Low,Metropolitian,False,0,0,0,218.7521565083568,347.0928534473936,Nenhuma,0
pedido_243.66991630067804_151,102.6954300078503,100.68098418425228,100.68098418425228,12.447316154240497,5,4.921665414297924,Moto,Sandstorms,Low,Metropolitian,False,0,0,0,243.66991630067804,349.3509004849303,Nenhuma,1
pedido_175.91710576110688_99,193.699593113112,166.23352742101181,166.23352742101181,2.957204886063233,10,4.444824425932439,Van,Sunny,High,Metropolitian,False,0,1,1,175.91710576110688,352.15063318211867,Nenhuma,0
pedido_217.77411612493174_129,135.4109741568783,130.40540632292485,130.40540632292485,5.171320847646755,5,4.2609494144988265,Moto,Windy,Low,Metropolitian,False,0,0,0,217.77411612493174,353.1795224478566,Nenhuma,0
pedido_235.72831717679338_145,129.87852048954355,124.85390869082792,109.85390869082792,0.0,10,4.835957776914162,Moto,Sandstorms,Medium,Metropolitian,False,0,0,0,235.72831717679338,355.58222586762133,Rota_Reduzida,0
pedido_225.89699921871954_135,134.43302439740822,131.59745786321614,116.59745786321614,1.1468544514498724,15,5.0,Scooter,Windy,Medium,Metropolitian,False,0,0,0,225.89699921871954,357.4944570819357,Rota_Reduzida,0
pedido_214.15605623750866_127,151.02971091692942,150.02439435251418,135.02439435251418,15.311388904244096,10,4.60727603541737,Scooter,Foggy,Jam,Metropolitian,False,0,1,0,214.15605623750866,359.1804505900228,Aumento_Velocidade,0
pedido_278.884155552165_175,97.56480591209817,82.01694641662955,67.01694641662955,4.842488515954331,15,4.866923359174876,Moto,Sunny,High,Metropolitian,False,0,1,1,278.884155552165,360.90110196879453,Aumento_Velocidade,1
pedido_209.06759788703826_124,169.05433111832812,163.20592866177563,148.20592866177563,17.574095466817734,5,4.367285901434791,Moto,Sunny,Medium,Metropolitian,False,0,0,1,209.06759788703826,362.2735265488139,Rota_Reduzida,0
pedido_236.40036081030968_146,150.23349248921787,137.6441538286999,122.6441538286999,19.747654683715986,5,4.697523531064376,Scooter,Foggy,Jam,Metropolitian,False,0,1,0,236.40036081030968,364.04451463900955,Aumento_Velocidade,0
pedido_247.63905756109116_153,134.34705410781217,129.1615285547368,114.1615285547368,6.266610561198154,5,4.623661267047189,Scooter,Sandstorms,Medium,Metropolitian,False,0,0,0,247.63905756109116,366.80058611582797,Rota_Reduzida,0
pedido_313.8843239734072_192,48.38291269729439,38.288092594538426,38.288092594538426,10.819665508448225,15,5.0,Scooter,Foggy,Medium,Urban,False,1,0,0,313.8843239734072,367.1724165679457,Nenhuma,1
pedido_274.8335662001086_169,127.78747185950002,98.53937995575713,83.53937995575713,4.734555895529426,10,4.9197506733220795,Moto,Sandstorms,Jam,Metropolitian,False,0,1,0,274.8335662001086,368.3729461558657,Aumento_Velocidade,1
pedido_299.83644833502836_183,97.49009431361574,70.83849942738121,55.83849942738121,3.4261549547580996,15,4.650520580710034,Moto,Sunny,High,Urban,False,0,1,1,299.83644833502836,370.6749477624096,Aumento_Velocidade,1
pedido_234.5248649397902_143,127.40830342628186,148.57196314483306,133.57196314483306,6.839142077749284,5,4.9325511786197,Scooter,Windy,Jam,Urban,False,0,1,0,234.5248649397902,373.09682808462327,Aumento_Velocidade,0
pedido_266.54523213075515_163,135.20296211182148,110.22930405071492,95.22930405071492,3.191758656786949,15,4.6556179312415695,Moto,Windy,Medium,Urban,True,0,0,0,266.54523213075515,376.77453618147007,Rota_Reduzida,0
pedido_259.48312590225106_160,134.41578154217095,118.56683589599115,103.56683589599115,1.0782118162202554,15,4.619736634719191,Moto,Foggy,High,Metropolitian,False,0,1,0,259.48312590225106,378.0499617982422,Aumento_Velocidade,0
pedido_250.82000870252887_155,141.5653798675711,132.9930224070764,117.99302240707641,17.897410330217003,10,4.800965451495826,Moto,Foggy,High,Metropolitian,False,0,1,0,250.82000870252887,378.8130311096053,Aumento_Velocidade,0
pedido_236.51103168664594_148,151.58747396505365,142.44232667866376,127.44232667866376,15.036227437236263,15,4.9853297572769,Scooter,Foggy,Jam,Metropolitian,False,0,1,0,236.51103168664594,378.95335836530967,Aumento_Velocidade,0
pedido_234.93304131196703_144,142.43452326684994,129.95962546525692,129.95962546525692,17.258468291382403,15,5.0,Van,Foggy,High,Urban,False,0,1,0,234.93304131196703,379.89266677722395,Nenhuma,0
pedido_253.95649888834507_158,131.09709452684876,131.79158020663775,116.79158020663775,5.258651553799459,10,4.783195283762897,Moto,Foggy,Jam,Metropolitian,True,0,1,0,253.95649888834507,380.7480790949828,Aumento_Velocidade,0
pedido_271.0123192655145_165,102.53214944579574,96.89991852015113,96.89991852015113,0.008766869179996917,15,4.645437065199178,Moto,Stormy,Low,Metropolitian,False,0,0,0,271.0123192655145,382.91223778566564,Nenhuma,1
pedido_290.65843470242504_178,106.20906400080378,102.85286349538542,87.85286349538542,13.511408604156092,5,4.53443382772364,Moto,Sunny,High,Metropolitian,False,0,1,1,290.65843470242504,383.51129819781045,Aumento_Velocidade,1
pedido_255.96040505008233_159,131.9515597341283,141.3097854140512,126.30978541405119,0.0,5,4.636226248945698,Scooter,Sandstorms,High,Metropolitian,False,0,1,0,255.96040505008233,387.2701904641335,Aumento_Velocidade,0
pedido_276.84952187886455_173,128.54929568720055,116.89836875207033,101.89836875207033,5.829355058732332,10,4.6458742116773015,Moto,Windy,High,Metropolitian,True,0,1,0,276.84952187886455,388.7478906309349,Aumento_Velocidade,0
pedido_249.08191894108893_154,132.4946085953814,145.37414112822492,130.37414112822492,6.645781010136279,10,4.815391479108666,Scooter,Foggy,High,Urban,True,0,1,0,249.08191894108893,389.4560600693138,Aumento_Velocidade,0
pedido_291.8063592363298_179,99.87489762878651,93.01836686428213,93.01836686428213,4.371616201381913,5,5.0,Moto,Foggy,Low,Metropolitian,False,0,0,0,291.8063592363298,389.82472610061194,Nenhuma,1
pedido_276.16582754472626_172,129.80108567018078,115.98138751299624,100.98138751299624,17.851435890222646,15,4.820875523751085,Moto,Stormy,High,Metropolitian,False,0,1,0,276.16582754472626,392.1472150577225,Aumento_Velocidade,0
pedido_273.36309150235894_167,135.78727601634907,124.84828820985948,109.84828820985948,10.4630464397852,10,4.603498459520442,Moto,Stormy,Medium,Metropolitian,False,0,0,0,273.36309150235894,393.21137971221845,Rota_Reduzida,0
pedido_275.658825623824_171,132.6234179340039,131.1126061164137,116.1126061164137,7.673610210996399,5,4.551127369233697,Moto,Stormy,Medium,Metropolitian,False,0,0,0,275.658825623824,396.7714317402377,Rota_Reduzida,0
pedido_285.30259855293133_176,101.73858031593204,102.28851205211028,102.28851205211028,4.911826793407274,10,4.9075851457060615,Scooter,Windy,Low,Metropolitian,False,0,0,0,285.30259855293133,397.5911106050416,Nenhuma,1
pedido_275.31344953058755_170,131.76336074827427,123.94205737239724,108.94205737239724,5.644594540357721,15,5.0,Moto,Windy,High,Metropolitian,True,0,1,0,275.31344953058755,399.2555069029848,Aumento_Velocidade,0
pedido_325.4262202028261_200,97.49009431361574,74.1066894070973,59.106689407097306,3.6003014304257492,15,4.6525369985321055,Moto,Sunny,High,Urban,False,0,1,1,325.4262202028261,399.53290960992337,Aumento_Velocidade,1
pedido_289.12284213134274_177,144.45964253589793,112.19847603298305,97.19847603298305,13.017568799265444,15,4.960230257978767,Moto,Foggy,High,Urban,True,0,1,0,289.12284213134274,401.3213181643258,Aumento_Velocidade,0
pedido_361.334276017718_220,46.45256813576864,30.075747995995194,30.075747995995194,12.60576532282954,10,4.6850624914179315,Scooter,Sandstorms,High,Metropolitian,False,1,1,0,361.334276017718,401.4100240137132,Nenhuma,1
pedido_304.25484639449013_187,128.0005474843919,102.53335043947921,87.53335043947921,3.247176776785001,10,4.9165076320557795,Moto,Stormy,High,Metropolitian,False,0,1,0,304.25484639449013,401.7881968339693,Aumento_Velocidade,1
pedido_325.7850208390905_201,100.37514196433915,83.64315789817876,68.64315789817876,10.941506890349903,15,4.926333916780903,Moto,Sunny,Medium,Metropolitian,False,0,0,1,325.7850208390905,409.42817873726926,Rota_Reduzida,1
pedido_239.24042102678007_149,173.5513450509402,172.03386095116335,157.03386095116335,1.0674750931409793,15,4.44250231639292,Moto,Sandstorms,Jam,Metropolitian,False,0,1,0,239.24042102678007,411.2742819779434,Aumento_Velocidade,0
pedido_252.57068558975652_157,175.80292109547247,164.33810456722182,149.33810456722182,4.55519616649796,10,4.187538236150476,Scooter,Sandstorms,High,Metropolitian,False,0,1,0,252.57068558975652,411.90879015697834,Aumento_Velocidade,0
pedido_268.4276443428684_164,189.33592478863608,146.74776500668116,131.74776500668116,20.1158375680889,15,4.359054499809232,Moto,Foggy,High,Metropolitian,False,0,1,0,268.4276443428684,415.17540934954957,Aumento_Velocidade,0
pedido_294.06309517983436_180,143.13772521093324,122.60399287528105,107.60399287528105,14.918578885654252,15,4.878966888466661,Moto,Foggy,Medium,Metropolitian,False,0,0,0,294.06309517983436,416.6670880551154,Rota_Reduzida,0
pedido_331.6117725085842_204,104.80978324531836,90.3246753798463,75.3246753798463,17.435778264034713,10,4.935881384335075,Moto,Sunny,High,Metropolitian,True,0,1,1,331.6117725085842,416.9364478884305,Aumento_Velocidade,1
pedido_339.3864957897736_212,96.63792328164016,87.44384842649539,72.44384842649539,9.71775553336886,10,4.913729975858684,Moto,Sunny,High,Metropolitian,False,0,1,1,339.3864957897736,421.830344216269,Aumento_Velocidade,1
pedido_278.5189619803738_174,137.19292557694578,148.7321432029256,133.7321432029256,13.300508415908023,10,4.607084203454332,Scooter,Windy,Medium,Urban,True,0,0,0,278.5189619803738,422.2511051832994,Rota_Reduzida,0
pedido_306.92984562408094_188,134.21504553323146,125.37441500950183,110.37441500950183,15.743234314762088,5,4.852906228113491,Moto,Sandstorms,High,Metropolitian,False,0,1,0,306.92984562408094,422.30426063358277,Aumento_Velocidade,0
pedido_294.1062511644394_181,134.05104536364345,133.62597458330487,118.62597458330487,1.9403660385408386,10,4.951438215717037,Moto,Windy,Medium,Metropolitian,False,0,0,0,294.1062511644394,422.7322257477443,Rota_Reduzida,0
pedido_307.1415370590365_189,135.03940058555585,116.9074777247975,101.9074777247975,10.197646573561048,15,4.877680903177547,Moto,Windy,High,Metropolitian,False,0,1,0,307.1415370590365,424.049014783834,Aumento_Velocidade,0
pedido_344.8234292951468_213,101.22283965988579,91.58654582665758,76.58654582665758,8.064108086093517,5,4.470710680166568,Scooter,Sunny,Jam,Urban,True,0,1,1,344.8234292951468,426.4099751218044,Aumento_Velocidade,1
pedido_321.9576250753857_198,99.70717048573329,99.46786154581768,99.46786154581768,9.766966608508607,5,5.0,Scooter,Sunny,Low,Metropolitian,True,0,0,1,321.9576250753857,426.4254866212034,Nenhuma,1
pedido_303.9499880547727_186,132.65520812979105,130.2382969935942,115.23829699359419,6.436192912613314,10,4.637290508510131,Scooter,Windy,High,Metropolitian,False,0,1,0,303.9499880547727,429.1882850483669,Aumento_Velocidade,0
pedido_361.56916555272215_222,44.69122416623965,63.51344675226126,63.51344675226126,6.722979509999296,5,4.716256176598194,Moto,Stormy,High,Urban,True,1,1,0,361.56916555272215,430.0826123049834,Nenhuma,1
pedido_309.7187628951232_190,132.95736451401447,111.92078484463757,111.92078484463757,13.284130426160113,10,4.820415190996243,Van,Stormy,Medium,Metropolitian,False,0,0,0,309.7187628951232,431.63954773976076,Nenhuma,0
pedido_320.51247911675296_197,133.57252064713242,122.91831822090543,107.91831822090543,8.338264463034509,10,4.592984403024207,Moto,Windy,High,Metropolitian,False,0,1,0,320.51247911675296,438.4307973376584,Aumento_Velocidade,0
pedido_414.6964394702867_257,41.31605194326316,20.181427722393774,20.181427722393774,11.026628983010738,5,4.512718268251668,Moto,Windy,Low,Metropolitian,True,1,0,0,414.6964394702867,439.87786719268047,Nenhuma,1
pedido_318.8660199041892_194,135.35169549841987,131.56815464091054,116.56815464091054,5.798341143224962,5,4.764017293448219,Moto,Sandstorms,Medium,Metropolitian,False,0,0,0,318.8660199041892,440.4341745450997,Rota_Reduzida,0
pedido_320.34616788816015_196,136.34491385489824,121.31657536246189,106.31657536246189,15.162799583218014,15,4.950676061950466,Scooter,Sandstorms,High,Metropolitian,True,0,1,0,320.34616788816015,441.66274325062204,Aumento_Velocidade,0
pedido_331.6170221889985_205,135.55322291939956,111.26361242918367,96.26361242918367,9.641314437250802,15,5.0,Scooter,Foggy,High,Metropolitian,False,0,1,0,331.6170221889985,442.88063461818217,Aumento_Velocidade,0
pedido_313.2446353406839_191,141.87369076914754,141.14341124389207,126.14341124389207,13.29666034040143,5,4.583934346949234,Moto,Foggy,High,Metropolitian,False,0,1,0,313.2446353406839,444.38804658457593,Aumento_Velocidade,0
pedido_326.08452933337117_202,132.98830656521758,121.65254478525449,106.65254478525449,4.410720654971488,15,4.856520362054898,Scooter,Stormy,Medium,Metropolitian,False,0,0,0,326.08452933337117,447.7370741186256,Rota_Reduzida,0
pedido_336.45963606352024_209,136.26809010294815,111.91226287744213,96.91226287744213,11.822710094560854,15,4.955521636050969,Moto,Windy,High,Metropolitian,False,0,1,0,336.45963606352024,448.37189894096235,Aumento_Velocidade,0
pedido_329.33138328936514_203,130.78277028269227,120.28981899671444,105.28981899671444,2.6593439716264937,15,4.788508573292868,Scooter,Stormy,Medium,Metropolitian,True,0,0,0,329.33138328936514,449.62120228607955,Rota_Reduzida,0
pedido_318.075221584226_193,126.31345672453853,126.802546141453,126.802546141453,6.211939194786149,5,4.938918784334913,Van,Stormy,High,Metropolitian,False,0,1,0,318.075221584226,449.87776772567895,Nenhuma,0
pedido_332.58236600567034_208,134.05104536364345,126.95984349406237,111.95984349406237,2.89376783863427,10,4.9613591014664316,Moto,Windy,Medium,Metropolitian,False,0,0,0,332.58236600567034,454.54220949973273,Rota_Reduzida,0
pedido_348.6155178218327_214,127.04619499383739,106.10036925327199,91.10036925327199,7.552629918439379,15,4.716969930720948,Moto,Sandstorms,Jam,Urban,False,0,1,0,348.6155178218327,454.7158870751047,Aumento_Velocidade,0
pedido_389.51062456415775_239,58.32561836503059,50.941585564124935,50.941585564124935,13.646876224869146,15,4.251199460443169,Moto,Stormy,Medium,Urban,False,1,0,0,389.51062456415775,455.4522101282827,Nenhuma,1
pedido_319.47979491769655_195,137.10448633692113,148.36480675449678,133.36480675449678,4.421034068927113,5,5.0,Scooter,Foggy,High,Metropolitian,False,0,1,0,319.47979491769655,457.84460167219333,Aumento_Velocidade,0
pedido_322.54239941779554_199,129.36101408685738,147.85624410310226,132.85624410310226,15.069795021905675,5,4.71989845952259,Scooter,Stormy,High,Metropolitian,False,0,1,0,322.54239941779554,460.3986435208978,Aumento_Velocidade,0
pedido_351.80827137520754_217,102.71264224712915,105.86892067393067,105.86892067393067,14.683098829221084,5,4.597174958100032,Scooter,Windy,Low,Metropolitian,False,0,0,0,351.80827137520754,462.6771920491382,Nenhuma,1
pedido_379.717079857851_235,101.97577899240491,88.58007098881036,73.58007098881036,4.318286914273209,10,4.524518262091467,Moto,Sunny,Jam,Metropolitian,False,0,1,1,379.717079857851,463.29715084666134,Aumento_Velocidade,1
pedido_438.57806236269096_273,39.49340792140317,16.61631542615426,16.61631542615426,12.518281897663458,10,4.722800059962491,Moto,Sunny,High,Metropolitian,False,1,1,1,438.57806236269096,465.1943777888452,Nenhuma,1
pedido_338.1206331115983_211,128.1830394123232,137.1306627583473,122.13066275834731,4.6293181077242345,5,4.8398895666446355,Moto,Foggy,Medium,Metropolitian,False,0,0,0,338.1206331115983,465.2512958699456,Rota_Reduzida,0
pedido_361.3951721062448_221,105.65178973513284,88.93321417777221,88.93321417777221,10.302422693956842,15,4.847697796173807,Moto,Foggy,Low,Metropolitian,True,0,0,0,361.3951721062448,465.32838628401703,Nenhuma,1
pedido_337.8102830534791_210,140.58333922900198,137.6688232838138,122.6688232838138,14.68899499468647,5,4.496128179243713,Moto,Foggy,High,Metropolitian,False,0,1,0,337.8102830534791,465.47910633729293,Aumento_Velocidade,0
pedido_397.9492627582568_246,98.77794724109636,72.62247677013931,57.622476770139315,1.8387741522821055,10,4.660173912614947,Moto,Sunny,High,Metropolitian,True,0,1,1,397.9492627582568,465.5717395283961,Aumento_Velocidade,1
pedido_375.7567186297094_229,128.79591118080657,94.97583167105677,79.97583167105677,15.162627426699817,10,4.772900231363125,Scooter,Stormy,High,Metropolitian,False,0,1,0,375.7567186297094,465.73255030076615,Aumento_Velocidade,1
pedido_366.15238344488586_225,126.35659703130803,105.54606260437076,90.54606260437076,7.080827771206951,10,4.742554990126968,Moto,Foggy,Medium,Metropolitian,True,0,0,0,366.15238344488586,466.69844604925663,Rota_Reduzida,1
pedido_362.22967026209056_223,132.5508659775986,105.30302712408934,90.30302712408934,4.122631023395896,15,4.848151756469666,Moto,Stormy,Medium,Urban,False,0,0,0,362.22967026209056,467.5326973861799,Rota_Reduzida,0
pedido_358.72543643609225_219,145.46135275153117,110.18100155298711,95.18100155298711,13.448775483251,15,4.472593805170608,Scooter,Foggy,High,Metropolitian,True,0,1,0,358.72543643609225,468.90643798907934,Aumento_Velocidade,0
pedido_353.8994800940977_218,128.48875841771687,115.13678252633602,100.13678252633602,2.104296916744158,15,4.790889234512214,Moto,Stormy,High,Metropolitian,False,0,1,0,353.8994800940977,469.0362626204337,Aumento_Velocidade,0
pedido_351.7337164740173_216,129.6934935596865,122.59649509375097,107.59649509375097,2.6700576894594263,10,4.8793638638957795,Moto,Windy,High,Urban,True,0,1,0,351.7337164740173,469.3302115677683,Aumento_Velocidade,0
pedido_350.13273874154197_215,136.20554377668626,130.4015686286381,115.4015686286381,15.685643929028346,5,4.648887182730756,Scooter,Sandstorms,Medium,Urban,False,0,0,0,350.13273874154197,470.53430737018004,Rota_Reduzida,0
pedido_395.3579439460028_242,101.35372819088701,83.73300566580966,68.73300566580966,10.129821463168842,10,4.785920995465722,Scooter,Sunny,High,Urban,False,0,1,1,395.3579439460028,474.09094961181245,Aumento_Velocidade,1
pedido_331.8835007378697_206,136.34491385489824,136.12319805479967,136.12319805479967,15.451010970943138,10,4.976645122214752,Van,Sandstorms,High,Metropolitian,True,0,1,0,331.8835007378697,478.0066987926694,Nenhuma,0
pedido_397.89431243128763_245,99.8607203422169,90.37522294828061,75.37522294828061,8.424045550624612,5,4.908174273379756,Scooter,Sunny,Jam,Metropolitian,True,0,1,1,397.89431243128763,478.26953537956825,Aumento_Velocidade,1
pedido_378.47208107863366_232,133.61686406390123,102.65315174049641,87.65315174049641,6.01486030112812,15,4.647891604196135,Moto,Foggy,High,Metropolitian,False,0,1,0,378.47208107863366,481.1252328191301,Aumento_Velocidade,1
pedido_332.1075878828779_207,139.45896988801982,147.96010693401757,147.96010693401757,10.151566910021007,5,5.0,Van,Foggy,High,Metropolitian,True,0,1,0,332.1075878828779,485.0676948168955,Nenhuma,0
pedido_376.56733866528697_231,132.82110327419616,108.80543159502508,93.80543159502508,11.23785618703381,15,4.488822934777175,Moto,Windy,Medium,Metropolitian,False,0,0,0,376.56733866528697,485.37277026031205,Rota_Reduzida,0
pedido_300.8443988970868_184,186.87530447207325,186.02019541092818,171.02019541092818,13.478098341501976,15,4.165666003397231,Scooter,Stormy,High,Metropolitian,False,0,1,0,300.8443988970868,486.864594308015,Aumento_Velocidade,0
pedido_378.94391661233294_233,136.88146728264456,118.60261860834743,103.60261860834743,21.984525220895208,5,4.83705402263122,Scooter,Sandstorms,High,Metropolitian,True,0,1,0,378.94391661233294,487.54653522068037,Aumento_Velocidade,0
pedido_302.85920520321065_185,195.77838385792757,191.9311051132455,176.9311051132455,5.4802240688913075,10,4.3404550343811,Scooter,Sunny,High,Metropolitian,False,0,1,1,302.85920520321065,489.79031031645616,Aumento_Velocidade,0
pedido_363.74377435798675_224,136.39555129844265,129.91486502931554,114.91486502931554,6.224107348447373,15,5.0,Moto,Foggy,High,Metropolitian,False,0,1,0,363.74377435798675,493.6586393873023,Aumento_Velocidade,0
pedido_369.33056800114224_226,138.47368290849994,131.7005420496873,116.7005420496873,17.528358613032218,10,4.713595349459323,Moto,Sandstorms,Medium,Metropolitian,False,0,0,0,369.33056800114224,496.0311100508295,Rota_Reduzida,0
pedido_437.366165566112_272,48.08350009422661,48.81781500173897,48.81781500173897,0.6745193634436735,10,4.951640153697372,Scooter,Stormy,High,Urban,False,1,1,0,437.366165566112,496.18398056785094,Nenhuma,1
pedido_482.38787404220665_307,66.88150357336079,22.566855374936118,7.566855374936118,9.069510061861783,10,4.3593518620385625,Moto,Foggy,Medium,Metropolitian,True,1,0,0,482.38787404220665,499.95472941714274,Rota_Reduzida,1
pedido_386.3357636002956_238,134.20702046845372,113.96232815866674,98.96232815866674,14.299149936184774,15,4.728888521015167,Moto,Sandstorms,High,Metropolitian,False,0,1,0,386.3357636002956,500.2980917589623,Aumento_Velocidade,0
pedido_408.7677711890846_254,110.25714720894022,94.2174075297355,79.2174075297355,10.330294073978557,15,5.0,Scooter,Sunny,Jam,Urban,False,0,1,1,408.7677711890846,502.9851787188201,Aumento_Velocidade,1
pedido_383.77678505701084_236,135.58933855345487,129.3352986602415,114.3352986602415,15.98253043435147,5,4.677265946774862,Scooter,Windy,High,Metropolitian,True,0,1,0,383.77678505701084,503.11208371725235,Aumento_Velocidade,0
pedido_390.23890787880646_240,125.77908567145306,129.27161151510867,109.27161151510867,3.385116074918895,5,4.61537892523809,Moto,Foggy,High,Other,False,0,1,0,390.23890787880646,504.51051939391516,Rota_Reduzida,0
pedido_400.30500220270113_248,100.37514196433915,89.20675348386966,89.20675348386966,11.537822958663273,15,4.948002430329947,Van,Sunny,Medium,Metropolitian,False,0,0,1,400.30500220270113,504.5117556865708,Nenhuma,1
pedido_396.45864095630645_244,133.62870023072952,119.61971434186117,104.61971434186117,16.987037963707095,5,4.770018824418509,Moto,Windy,High,Metropolitian,False,0,1,0,396.45864095630645,506.0783552981676,Aumento_Velocidade,0
pedido_375.8313374508269_230,138.57004176131645,122.89276895998307,122.89276895998307,0.3094401834008771,10,4.335289070278641,Scooter,Foggy,Low,Metropolitian,False,0,0,0,375.8313374508269,508.72410641080995,Nenhuma,0
pedido_384.2188150270293_237,136.2716292499163,136.54013783265162,121.54013783265162,6.305648752197912,5,4.979415248076706,Moto,Sandstorms,Medium,Metropolitian,False,0,0,0,384.2188150270293,510.7589528596809,Rota_Reduzida,0
pedido_425.42156242306703_264,97.65207564371103,86.53590177437071,71.53590177437071,8.476472423453352,15,4.9251398780778,Scooter,Sunny,High,Metropolitian,True,0,1,1,425.42156242306703,511.95746419743773,Aumento_Velocidade,1
pedido_373.3852106188736_228,133.87595194938137,128.7639438311475,128.7639438311475,5.468567658817675,10,4.629882592079106,Van,Foggy,High,Urban,False,0,1,0,373.3852106188736,512.1491544500211,Nenhuma,0
pedido_412.4902423969442_256,127.4006787041865,113.8911175893676,98.8911175893676,6.012774824323827,5,4.575408930188506,Moto,Stormy,High,Urban,False,0,1,0,412.4902423969442,516.3813599863118,Aumento_Velocidade,1
pedido_379.24598468618734_234,131.08049843383515,122.2784121171569,122.2784121171569,4.571921932599681,15,4.574268696252771,Van,Windy,High,Metropolitian,False,0,1,0,379.24598468618734,516.5243968033442,Nenhuma,0
pedido_402.237653055611_249,131.07522266804284,119.97531167117589,104.97531167117589,7.565558737975998,10,4.661742834508704,Scooter,Sandstorms,High,Metropolitian,False,0,1,0,402.237653055611,517.2129647267869,Aumento_Velocidade,0
pedido_395.6196665190976_243,127.48637158344809,123.02289880781942,108.02289880781942,0.0,15,4.848806807285532,Scooter,Windy,Jam,Metropolitian,False,0,1,0,395.6196665190976,518.6425653269171,Aumento_Velocidade,0
pedido_408.2532694187247_253,129.36101408685738,121.32938211383205,106.32938211383205,14.255123223947434,5,4.651390272027474,Moto,Stormy,High,Urban,False,0,1,0,408.2532694187247,519.5826515325567,Aumento_Velocidade,0
pedido_404.1918323565688_251,136.93795295592471,126.15686942284188,111.15686942284188,9.251335728898333,5,4.958298813877806,Moto,Sandstorms,High,Metropolitian,False,0,1,0,404.1918323565688,520.3487017794107,Aumento_Velocidade,0
pedido_390.77385834971534_241,137.07227207457674,120.8980036304342,120.8980036304342,16.41528226317112,10,4.591777280723029,Van,Windy,Medium,Metropolitian,True,0,0,0,390.77385834971534,521.6718619801495,Nenhuma,0
pedido_430.79958853529513_268,110.0815239665522,102.02109640792126,87.02109640792126,10.837287713547907,5,4.717539740136203,Scooter,Sunny,Jam,Metropolitian,False,0,1,1,430.79958853529513,522.8206849432164,Aumento_Velocidade,1
pedido_403.1432025772942_250,131.68252913169783,125.0458742690758,110.0458742690758,4.01600479734618,10,4.595034924076598,Scooter,Windy,High,Urban,False,0,1,0,403.1432025772942,523.18907684637,Aumento_Velocidade,0
pedido_423.6780929237211_262,134.46615317956642,109.52034976522734,94.52034976522734,17.262699238710578,5,4.8308604169887746,Moto,Windy,High,Metropolitian,False,0,1,0,423.6780929237211,523.1984426889485,Aumento_Velocidade,1
pedido_425.77295770514553_265,101.55557633256099,101.74295609009033,101.74295609009033,3.431909242974801,5,4.618720946654157,Moto,Sandstorms,Low,Metropolitian,False,0,0,0,425.77295770514553,532.5159137952359,Nenhuma,1
pedido_418.75269236113854_258,135.44712869951218,119.4822582022409,104.4822582022409,20.711052297357934,10,4.980266691926493,Moto,Stormy,High,Urban,False,0,1,0,418.75269236113854,533.2349505633795,Aumento_Velocidade,0
pedido_399.77649808269484_247,133.0407644296023,144.69409291526085,129.69409291526085,12.232746373481877,5,4.616918267345269,Moto,Windy,High,Metropolitian,False,0,1,0,399.77649808269484,534.4705909979557,Aumento_Velocidade,0
pedido_477.9753169316764_302,68.62180223766447,57.471529784776465,42.471529784776465,16.41230757924394,15,4.2557127641513315,Scooter,Sunny,Jam,Metropolitian,False,1,1,1,477.9753169316764,535.4468467164529,Aumento_Velocidade,1
pedido_479.7820666081587_304,100.29125694947945,55.82356259419038,40.82356259419038,9.542796276680209,15,4.872776308763765,Moto,Sunny,Medium,Metropolitian,True,0,0,1,479.7820666081587,535.6056292023491,Rota_Reduzida,1
pedido_424.07212294393787_263,130.56087931010725,122.55966888328362,107.55966888328362,5.558280084562776,5,4.785025544797967,Moto,Windy,High,Urban,False,0,1,0,424.07212294393787,536.6317918272215,Aumento_Velocidade,0
pedido_459.477540602704_287,96.80921212309678,82.21777449350743,67.21777449350743,2.7895263168458406,10,5.0,Moto,Sunny,High,Metropolitian,False,0,1,1,459.477540602704,536.6953150962114,Aumento_Velocidade,1
pedido_439.32851919016764_274,99.99605459652689,85.57626122815905,85.57626122815905,1.6394303789014413,15,4.644422633007971,Moto,Sandstorms,Low,Metropolitian,False,0,0,0,439.32851919016764,539.9047804183267,Nenhuma,1
pedido_445.78978732458614_281,129.47527490682356,107.75262871535524,92.75262871535524,13.491540953853969,10,4.821798956442715,Moto,Stormy,High,Urban,False,0,1,0,445.78978732458614,548.5424160399414,Aumento_Velocidade,1
pedido_440.76291726765913_275,126.07047119062528,120.89090256536097,105.89090256536097,0.0,5,4.69499587526093,Moto,Sandstorms,Medium,Other,False,0,0,0,440.76291726765913,551.6538198330201,Rota_Reduzida,0
pedido_420.3378329368776_260,127.9754943419807,136.4619471832329,121.4619471832329,5.824336232008869,10,4.754265156543556,Moto,Windy,Jam,Metropolitian,False,0,1,0,420.3378329368776,551.7997801201104,Aumento_Velocidade,0
pedido_419.2419408365178_259,134.40539903365476,133.29075498769296,118.29075498769296,15.019903638821122,15,4.537361800422559,Moto,Stormy,Medium,Metropolitian,False,0,0,0,419.2419408365178,552.5326958242108,Rota_Reduzida,0
pedido_371.63686684864996_227,185.49687363136715,166.6424720595538,166.6424720595538,13.042894569862218,15,4.311260825531865,Van,Sandstorms,High,Metropolitian,False,0,1,0,371.63686684864996,553.2793389082037,Nenhuma,0
pedido_427.70903405078315_266,133.77939199216166,121.05265334829352,121.05265334829352,8.688558868963874,5,4.562312114754229,Van,Windy,High,Metropolitian,False,0,1,0,427.70903405078315,553.7616873990767,Nenhuma,0
pedido_449.68863746533816_284,125.19509468439556,114.09987522361895,99.09987522361895,3.718226370055916,5,4.642419987620675,Scooter,Foggy,Medium,Metropolitian,False,0,0,0,449.68863746533816,553.7885126889571,Rota_Reduzida,1
pedido_408.0005981656099_252,141.67941332302524,146.77741021504121,131.77741021504121,14.763836603917266,15,4.500146401490289,Moto,Foggy,Medium,Metropolitian,False,0,0,0,408.0005981656099,554.7780083806512,Rota_Reduzida,0
pedido_433.3530798893263_269,133.88414428674756,126.5128842541825,111.5128842541825,17.583973995386334,10,4.725254984127595,Moto,Stormy,Jam,Metropolitian,False,0,1,0,433.3530798893263,554.8659641435088,Aumento_Velocidade,0
pedido_446.62723709738685_282,130.4046118552678,108.63339008515277,93.63339008515277,3.2393762549916842,15,4.467031314237486,Moto,Sandstorms,High,Metropolitian,True,0,1,0,446.62723709738685,555.2606271825396,Aumento_Velocidade,0
pedido_445.0946081942099_280,103.5846097588127,103.9729439383356,103.9729439383356,3.3171934421317415,10,4.773080522729138,Scooter,Sandstorms,Low,Metropolitian,False,0,0,0,445.0946081942099,559.0675521325455,Nenhuma,1
pedido_430.1935657395762_267,131.98738227142172,128.9651059144054,113.9651059144054,2.788268445744891,15,4.515707621620329,Scooter,Foggy,High,Metropolitian,False,0,1,0,430.1935657395762,559.1586716539816,Aumento_Velocidade,0
pedido_436.74825793488435_271,129.4306379683732,127.85228816511687,112.85228816511687,15.842586651631152,10,4.903897845131489,Scooter,Stormy,High,Urban,False,0,1,0,436.74825793488435,559.6005461000012,Aumento_Velocidade,0
pedido_440.9890883704431_276,134.7366504334015,124.90462707593394,109.90462707593394,7.49655615758116,10,4.877279220411949,Scooter,Sandstorms,Medium,Urban,False,0,0,0,440.9890883704431,560.893715446377,Rota_Reduzida,0
pedido_486.66226800087736_311,101.91300712602568,74.81669023126196,59.81669023126196,12.299930295591665,15,4.830534296794504,Moto,Sunny,High,Metropolitian,False,0,1,1,486.66226800087736,561.4789582321393,Aumento_Velocidade,1
pedido_458.14550258827694_286,103.65520586564915,88.77093350926638,88.77093350926638,10.76420190608258,15,4.550236953754756,Van,Windy,Low,Metropolitian,False,0,0,0,458.14550258827694,561.9164360975433,Nenhuma,1
pedido_472.05135324427454_297,111.05925746240926,99.94151619921729,84.94151619921729,11.787286094808657,5,4.934297550124102,Moto,Sunny,Jam,Metropolitian,False,0,1,1,472.05135324427454,561.9928694434918,Aumento_Velocidade,1
pedido_441.3155780318039_277,134.57001196479968,126.59846523936582,111.59846523936582,13.959103417803327,10,4.768481555936798,Moto,Sandstorms,High,Metropolitian,False,0,1,0,441.3155780318039,562.9140432711697,Aumento_Velocidade,0
pedido_460.75269991159513_288,127.11803868282054,108.86353582565184,93.86353582565184,1.0009693860972888,10,4.861397656766325,Moto,Foggy,Jam,Metropolitian,False,0,1,0,460.75269991159513,564.6162357372469,Aumento_Velocidade,1
pedido_443.19265998828143_279,134.46615317956642,108.1153082385905,108.1153082385905,18.208502715344927,15,4.76138995188018,Van,Windy,High,Urban,False,0,1,0,443.19265998828143,566.3079682268719,Nenhuma,0
pedido_411.615661805446_255,131.43805205060914,146.39300032597185,146.39300032597185,7.946709998247748,10,4.7058711094308805,Van,Sandstorms,High,Metropolitian,False,0,1,0,411.615661805446,568.0086621314179,Nenhuma,0
pedido_466.84204176602816_293,104.10475800927355,86.38209393711233,86.38209393711233,14.834368277202591,15,4.711480221235729,Moto,Sandstorms,Low,Metropolitian,True,0,0,0,466.84204176602816,568.2241357031405,Nenhuma,1
pedido_473.4571336865971_298,97.49009431361574,105.73943879335712,90.73943879335712,3.8223102802995648,10,4.732351226716841,Moto,Sunny,High,Metropolitian,False,0,1,1,473.4571336865971,574.1965724799543,Aumento_Velocidade,1
pedido_420.69471081719496_261,175.3088695710238,153.9256998388987,138.9256998388987,4.671016920761824,15,4.38235831984171,Moto,Windy,High,Metropolitian,True,0,1,0,420.69471081719496,574.6204106560937,Aumento_Velocidade,0
pedido_461.9476315035685_290,133.9008044917858,112.71921464033102,97.71921464033102,13.597885570600345,15,4.610822376247256,Scooter,Stormy,Jam,Metropolitian,False,0,1,0,461.9476315035685,574.6668461438995,Aumento_Velocidade,0
pedido_487.0843397862429_313,104.33386862581922,79.05021457267063,79.05021457267063,10.780885120210144,10,4.480892885631649,Moto,Windy,Low,Metropolitian,False,0,0,0,487.0843397862429,576.1345543589135,Nenhuma,1
pedido_460.9554014028756_289,138.92026323036686,128.12747132628962,113.12747132628962,10.259615436122681,5,4.749142216953983,Scooter,Foggy,Medium,Urban,True,0,0,0,460.9554014028756,579.0828727291653,Rota_Reduzida,0
pedido_465.52872406078444_291,124.9225092727546,123.94996984670959,108.94996984670959,3.276913702870965,5,4.854416574352411,Moto,Sandstorms,Jam,Metropolitian,False,0,1,0,465.52872406078444,579.4786939074941,Aumento_Velocidade,0
pedido_478.37220214664484_303,125.22229342850119,113.9786206819787,93.9786206819787,1.8554373781709756,10,5.0,Scooter,Windy,Jam,Other,False,0,1,0,478.37220214664484,582.3508228286236,Rota_Reduzida,0
pedido_516.3342161526917_337,92.74769105096807,77.05633225208751,62.056332252087515,10.404730025544353,5,4.605411832046066,Moto,Sunny,Medium,Other,False,0,0,1,516.3342161526917,583.3905484047792,Rota_Reduzida,1
pedido_447.047178336431_283,137.1732497899251,136.43541317774572,121.43541317774572,14.813993408676298,15,5.0,Moto,Windy,High,Metropolitian,False,0,1,0,447.047178336431,583.4825915141766,Aumento_Velocidade,0
pedido_466.5819641177791_292,127.62446094524606,122.45195807447948,107.45195807447948,5.812904233707855,10,4.616220884098692,Moto,Stormy,Jam,Metropolitian,False,0,1,0,466.5819641177791,584.0339221922586,Aumento_Velocidade,0
pedido_468.6602162016776_295,132.60897704509705,122.7999564574202,107.7999564574202,2.3822561922208885,10,4.5496061824806855,Moto,Windy,Medium,Metropolitian,False,0,0,0,468.6602162016776,586.4601726590978,Rota_Reduzida,0
pedido_493.7189367950223_318,98.71650902594666,103.7624512177546,88.7624512177546,5.26714190789459,5,4.613124498551261,Moto,Sunny,High,Urban,False,0,1,1,493.7189367950223,587.4813880127768,Aumento_Velocidade,1
pedido_475.9155376269528_301,132.3272512953978,112.89990899572757,97.89990899572757,7.215198758072681,15,4.917514666764268,Scooter,Stormy,Medium,Metropolitian,False,0,0,0,475.9155376269528,588.8154466226804,Rota_Reduzida,0
pedido_471.64090923446736_296,129.4306379683732,112.57241986572274,112.57241986572274,15.339293822820546,5,4.890695780079439,Van,Stormy,High,Urban,False,0,1,0,471.64090923446736,589.2133291001901,Nenhuma,1
pedido_512.0856166193975_332,99.94615149916358,87.56613489460756,72.56613489460756,9.214205036562175,5,4.705239298132996,Moto,Sunny,Jam,Metropolitian,True,0,1,1,512.0856166193975,589.651751514005,Aumento_Velocidade,1
pedido_490.8479548359561_316,129.76486193434457,109.64961319750729,94.64961319750729,14.270175440469144,5,4.637956562132298,Scooter,Stormy,High,Metropolitian,False,0,1,0,490.8479548359561,590.4975680334634,Aumento_Velocidade,1
pedido_468.1049290818632_294,135.4555102732682,134.21082014322718,119.21082014322718,5.598882119515414,5,4.639681553209065,Moto,Sandstorms,Medium,Metropolitian,False,0,0,0,468.1049290818632,592.3157492250904,Rota_Reduzida,0
pedido_435.27568599732996_270,175.6526224766438,162.55187849830816,147.55187849830816,5.393171468265254,15,4.42156720161582,Scooter,Stormy,High,Urban,False,0,1,0,435.27568599732996,597.8275644956382,Aumento_Velocidade,0
pedido_529.6064296896711_344,94.31635932365464,79.30599101563136,64.30599101563136,3.809159500997878,5,4.719536680948845,Moto,Sunny,Medium,Metropolitian,False,0,0,1,529.6064296896711,598.9124207053025,Rota_Reduzida,1
pedido_473.52834076734837_299,141.8939224478908,130.4571770621056,115.45717706210559,14.225455239644841,10,4.76148381250641,Moto,Sandstorms,Jam,Metropolitian,True,0,1,0,473.52834076734837,598.985517829454,Aumento_Velocidade,0
pedido_493.49011947046137_317,130.60661519987934,105.51862632779975,90.51862632779975,16.592011793971704,15,4.6545350235322935,Moto,Stormy,High,Metropolitian,True,0,1,0,493.49011947046137,599.0087457982611,Aumento_Velocidade,0
pedido_484.6201422427922_309,130.3229842711921,115.29356276087515,100.29356276087515,11.590030310374276,15,4.905374281602502,Moto,Stormy,High,Metropolitian,False,0,1,0,484.6201422427922,599.9137050036674,Aumento_Velocidade,0
pedido_483.2228219018612_308,125.3417144319022,123.33922400029422,108.33922400029422,4.2757700401443595,10,4.490803818692159,Scooter,Stormy,High,Urban,True,0,1,0,483.2228219018612,601.5620459021554,Aumento_Velocidade,0
pedido_475.06322926240534_300,136.6024734064214,138.1222786368038,123.1222786368038,13.614293874472425,5,4.530881990985396,Scooter,Sandstorms,High,Urban,True,0,1,0,475.06322926240534,603.1855078992091,Aumento_Velocidade,0
pedido_442.1165425785883_278,186.58656824034077,172.0961116676775,157.0961116676775,12.305339861879219,5,4.330723655332905,Moto,Stormy,High,Urban,True,0,1,0,442.1165425785883,604.2126542462657,Aumento_Velocidade,0
pedido_566.8453998007487_375,66.95579845763369,41.97102474365178,26.971024743651782,4.897624705887575,15,4.389545669382212,Moto,Windy,Medium,Metropolitian,False,1,0,0,566.8453998007487,608.8164245444005,Rota_Reduzida,1
pedido_500.3999510637655_325,137.73567808132367,123.51399442608488,103.51399442608488,14.301510769177145,5,4.77313539762551,Moto,Foggy,Jam,Other,False,0,1,0,500.3999510637655,608.9139454898504,Rota_Reduzida,0
pedido_487.1011057882126_314,143.05945443782988,121.9724448205722,106.9724448205722,15.61306881634529,15,4.782198643269002,Moto,Foggy,Medium,Metropolitian,False,0,0,0,487.1011057882126,609.0735506087848,Rota_Reduzida,0
pedido_501.8641278914093_327,129.34163027927568,118.78074493230145,103.78074493230145,5.33194310161558,5,4.875310352969626,Scooter,Foggy,Jam,Metropolitian,False,0,1,0,501.8641278914093,610.6448728237108,Aumento_Velocidade,0
pedido_498.3353763150946_323,132.3099708719281,117.82800090883968,102.82800090883968,7.376701393964055,10,4.696821998688123,Moto,Foggy,High,Metropolitian,True,0,1,0,498.3353763150946,611.1633772239343,Aumento_Velocidade,0
pedido_497.45292574777676_322,129.4306379683732,118.91873333609882,103.91873333609882,14.227009011690985,10,4.899348279848475,Moto,Stormy,High,Metropolitian,False,0,1,0,497.45292574777676,611.3716590838756,Aumento_Velocidade,0
pedido_515.1534079372846_335,137.27515258137,101.39782650757482,86.39782650757482,12.629662359777914,10,5.0,Moto,Windy,High,Metropolitian,False,0,1,0,515.1534079372846,611.5512344448593,Aumento_Velocidade,1
pedido_577.273474269985_387,44.88178060204902,28.184441513099955,28.184441513099955,18.07078992991854,10,4.607490710715056,Moto,Sandstorms,Jam,Metropolitian,False,1,1,0,577.273474269985,615.4579157830849,Nenhuma,1
pedido_497.09325446639514_320,129.392961359268,118.8346488176825,103.8346488176825,16.514958386877524,15,4.919492070263751,Scooter,Stormy,High,Urban,False,0,1,0,497.09325446639514,615.9279032840776,Aumento_Velocidade,0
pedido_484.97852899296106_310,126.58681308644648,137.66786720721456,122.66786720721456,2.39927048947319,10,4.723667640591256,Scooter,Windy,Jam,Metropolitian,False,0,1,0,484.97852899296106,617.6463962001756,Aumento_Velocidade,0
pedido_501.59255037773175_326,131.73446360968777,116.91147734811798,101.91147734811798,3.7763750992400746,15,5.0,Moto,Windy,High,Metropolitian,True,0,1,0,501.59255037773175,618.5040277258497,Aumento_Velocidade,0
pedido_501.969586967496_328,131.16424252679963,116.77050251436566,101.77050251436566,8.626058662797293,15,4.691324245306952,Moto,Sandstorms,High,Metropolitian,False,0,1,0,501.969586967496,618.7400894818618,Aumento_Velocidade,0
pedido_495.713199178458_319,131.7025454518257,123.10038676357661,108.10038676357661,0.0,15,4.778210906311694,Moto,Windy,High,Urban,False,0,1,0,495.713199178458,618.8135859420346,Aumento_Velocidade,0
pedido_514.5570092357596_334,125.79028943853449,109.41506910446786,94.41506910446786,6.584634551834597,10,4.617618526349739,Moto,Foggy,Medium,Metropolitian,False,0,0,0,514.5570092357596,618.9720783402274,Rota_Reduzida,1
pedido_454.11823114826956_285,175.24098704964817,175.12546832017813,160.12546832017813,6.88182927517986,5,4.406598437659227,Moto,Windy,High,Metropolitian,False,0,1,0,454.11823114826956,619.2436994684476,Aumento_Velocidade,0
pedido_488.89754676502054_315,143.8959592512242,139.02268339488484,124.02268339488484,13.793803590490974,10,4.936872272393662,Scooter,Foggy,High,Metropolitian,True,0,1,0,488.89754676502054,622.9202301599054,Aumento_Velocidade,0
pedido_512.0745943572174_331,133.8468207273119,115.24572936638347,100.24572936638347,12.799819907407452,15,4.621135662106608,Moto,Windy,Medium,Metropolitian,False,0,0,0,512.0745943572174,627.3203237236008,Rota_Reduzida,0
pedido_498.3713295722373_324,133.34633060185962,141.0492127488115,126.0492127488115,7.874427271941597,5,4.633105350427716,Scooter,Foggy,High,Metropolitian,True,0,1,0,498.3713295722373,629.4205423210487,Aumento_Velocidade,0
pedido_532.5985029967873_348,100.52551238629248,98.40349295900909,83.40349295900909,4.138036186999423,15,4.597514055635884,Moto,Sunny,High,Urban,True,0,1,1,532.5985029967873,631.0019959557964,Aumento_Velocidade,1
pedido_501.97783069153974_329,131.12826230236283,121.05970614364904,121.05970614364904,4.535694852118715,10,4.5917256274337515,Van,Windy,Jam,Metropolitian,True,0,1,0,501.97783069153974,633.0375368351888,Nenhuma,0
pedido_497.36994824303076_321,134.4430990285097,140.8735052219154,125.8735052219154,6.056791353451998,10,4.649213892880948,Moto,Stormy,Medium,Metropolitian,False,0,0,0,497.36994824303076,633.2434534649461,Rota_Reduzida,0
pedido_555.6335200430876_364,104.7897023401856,78.37427933777057,63.374279337770574,12.77120908308935,15,4.634439956150172,Scooter,Sunny,High,Metropolitian,True,0,1,1,555.6335200430876,634.0077993808582,Aumento_Velocidade,1
pedido_516.6092564665397_338,136.28143219805156,128.53361232547445,113.53361232547445,7.4785573035797395,5,4.644399774450586,Scooter,Windy,Medium,Metropolitian,False,0,0,0,516.6092564665397,635.1428687920142,Rota_Reduzida,0
pedido_519.9667319536662_340,132.2031715160993,120.70553922964581,105.70553922964581,9.967957003229948,10,4.943636508091816,Scooter,Stormy,Medium,Metropolitian,False,0,0,0,519.9667319536662,635.672271183312,Rota_Reduzida,0
pedido_531.5289385033682_346,103.94440246195502,99.54053561486458,99.54053561486458,19.555373452525018,5,4.451643288694044,Scooter,Windy,Low,Metropolitian,False,0,0,0,531.5289385033682,636.0694741182327,Nenhuma,1
pedido_515.9495367855328_336,130.5840820227643,125.78109912653775,110.78109912653775,3.1628277238823146,10,4.904342436785098,Scooter,Windy,High,Metropolitian,False,0,1,0,515.9495367855328,636.7306359120705,Aumento_Velocidade,0
pedido_526.1115157086458_343,129.14836907580207,116.49598784705329,101.49598784705329,9.513885455143694,10,4.735789568983052,Moto,Foggy,Medium,Metropolitian,False,0,0,0,526.1115157086458,637.607503555699,Rota_Reduzida,0
pedido_486.9063729651676_312,173.14598553136213,162.4062514900566,142.4062514900566,14.164857961470819,10,4.37036552756504,Moto,Sunny,High,Other,False,0,1,1,486.9063729651676,639.3126244552242,Rota_Reduzida,0
pedido_513.2473689302575_333,133.73428228540055,137.19714479079406,122.19714479079406,16.50669947812645,5,4.612561040533149,Moto,Stormy,Medium,Metropolitian,True,0,0,0,513.2473689302575,640.4445137210515,Rota_Reduzida,0
pedido_480.80215100247_305,186.57923785775844,167.31912332854088,152.31912332854088,21.831915501893715,10,4.424840349317092,Moto,Windy,High,Metropolitian,True,0,1,0,480.80215100247,643.1212743310109,Aumento_Velocidade,0
pedido_480.9894391582604_306,188.58980840976363,164.0588379980721,149.0588379980721,15.03115394817372,15,4.383863530790128,Scooter,Windy,Medium,Urban,False,0,0,0,480.9894391582604,645.0482771563325,Rota_Reduzida,0
pedido_540.9605782395859_352,130.95762496298153,119.09028418367184,104.09028418367184,6.728930337563471,5,4.958594683029427,Scooter,Stormy,High,Urban,True,0,1,0,540.9605782395859,650.0508624232577,Aumento_Velocidade,0
pedido_545.2429734747826_359,102.9809959597591,90.35820492469942,90.35820492469942,12.849040179976457,15,4.542255916659739,Moto,Windy,Low,Metropolitian,False,0,0,0,545.2429734747826,650.601178399482,Nenhuma,1
pedido_561.1830284518976_371,123.51380192665893,97.22587013507427,77.22587013507427,11.69295171641149,15,4.580090004743119,Moto,Windy,High,Other,False,0,1,0,561.1830284518976,653.4088985869719,Rota_Reduzida,1
pedido_540.097526952971_351,130.50299220116958,118.89947557202524,103.89947557202524,5.981213337492862,10,5.0,Scooter,Stormy,High,Metropolitian,False,0,1,0,540.097526952971,653.9970025249962,Aumento_Velocidade,0
pedido_542.3123378604793_355,134.40590749942737,125.4600629358444,110.4600629358444,18.606567545221004,5,4.866491742741324,Moto,Stormy,Jam,Metropolitian,False,0,1,0,542.3123378604793,657.7724007963236,Aumento_Velocidade,0
pedido_520.0971773857907_341,132.01787598571434,122.82869391793375,122.82869391793375,5.902761974647454,15,4.440730479976297,Moto,Windy,Low,Metropolitian,False,0,0,0,520.0971773857907,657.9258713037244,Nenhuma,0
pedido_544.8050009554494_358,134.0293638312794,123.42286731834872,108.42286731834872,8.762894027822338,5,4.575478518676794,Scooter,Foggy,High,Metropolitian,False,0,1,0,544.8050009554494,658.2278682737981,Aumento_Velocidade,0
pedido_542.2902916818265_354,130.65383996663937,123.78544228660661,108.78544228660661,5.94890066606573,10,4.6620508571033925,Scooter,Sandstorms,High,Urban,True,0,1,0,542.2902916818265,661.075733968433,Aumento_Velocidade,0
pedido_570.3242312250932_378,102.99583120292121,101.4931458605179,86.4931458605179,12.001593934056471,5,4.95961197957028,Scooter,Sunny,High,Metropolitian,False,0,1,1,570.3242312250932,661.817377085611,Aumento_Velocidade,1
pedido_541.9700397136166_353,127.96394983580235,130.01964271879828,115.01964271879828,7.19086414365935,5,4.740427135369732,Scooter,Stormy,Jam,Urban,False,0,1,0,541.9700397136166,661.989682432415,Aumento_Velocidade,0
pedido_523.9748178190004_342,138.05633203621642,138.41162840683393,123.41162840683393,10.837803596257853,15,4.591941561316935,Moto,Sandstorms,Medium,Metropolitian,True,0,0,0,523.9748178190004,662.3864462258343,Rota_Reduzida,0
pedido_555.1711250394643_363,128.08229272549468,110.24612478021909,95.24612478021909,5.136691026688968,15,4.483953851751422,Scooter,Windy,High,Metropolitian,False,0,1,0,555.1711250394643,665.4172498196834,Aumento_Velocidade,0
pedido_504.874729712809_330,175.43030116636646,171.44465816151205,156.44465816151205,4.007491234649993,5,4.393493632335681,Moto,Stormy,High,Metropolitian,False,0,1,0,504.874729712809,666.3193878743211,Aumento_Velocidade,0
pedido_538.7315245353749_350,130.46484824925682,133.30885926588326,118.30885926588326,4.747899397530493,10,5.0,Moto,Stormy,High,Metropolitian,False,0,1,0,538.7315245353749,667.0403838012581,Aumento_Velocidade,0
pedido_551.9839559538999_361,131.40099094289366,116.63884434442824,101.63884434442824,7.43446837914507,15,4.542688795283695,Scooter,Sandstorms,High,Metropolitian,False,0,1,0,551.9839559538999,668.6228002983281,Aumento_Velocidade,0
pedido_531.9634017412782_347,131.6635863367043,142.56469679647103,127.56469679647103,9.60191430540026,10,4.515060514437669,Scooter,Windy,High,Metropolitian,False,0,1,0,531.9634017412782,669.5280985377492,Aumento_Velocidade,0
pedido_537.7993916754923_349,133.3051352232105,122.02545237148473,122.02545237148473,16.54851376917544,10,4.557209909438459,Van,Stormy,Medium,Urban,False,0,0,0,537.7993916754923,669.824844046977,Nenhuma,0
pedido_559.7991679754806_368,126.62666002843366,110.70373164521212,95.70373164521212,1.4912080672646035,15,4.479620105943699,Moto,Windy,Jam,Metropolitian,False,0,1,0,559.7991679754806,670.5028996206927,Aumento_Velocidade,0
pedido_606.5483625194956_411,99.13974634427389,66.41554871742011,51.41554871742011,3.14096762645516,15,4.662034338880625,Scooter,Sunny,Jam,Metropolitian,False,0,1,1,606.5483625194956,672.9639112369157,Aumento_Velocidade,1
pedido_565.8767356426898_374,132.295553357147,108.54068812255741,93.54068812255741,5.897332535287367,15,4.826551784019635,Moto,Sandstorms,High,Metropolitian,False,0,1,0,565.8767356426898,674.4174237652472,Aumento_Velocidade,0
pedido_555.109197802388_362,129.42766501532498,131.2461008965341,116.2461008965341,2.3379260830862867,5,4.670838691420511,Scooter,Stormy,High,Metropolitian,False,0,1,0,555.109197802388,676.3552986989222,Aumento_Velocidade,0
pedido_573.720475179796_384,135.50455766345638,107.87503924032083,92.87503924032083,15.514881608771244,10,4.512726284362389,Scooter,Sandstorms,High,Metropolitian,False,0,1,0,573.720475179796,676.5955144201168,Aumento_Velocidade,1
pedido_543.8528355831492_357,137.00810414837437,137.778639296356,122.778639296356,13.510459533631288,10,4.620946392998289,Scooter,Windy,Medium,Metropolitian,True,0,0,0,543.8528355831492,676.6314748795052,Rota_Reduzida,0
pedido_645.5139665960605_439,48.22537054305942,16.35357278116838,16.35357278116838,16.378225158516955,15,4.736307965234368,Moto,Foggy,Medium,Urban,False,1,0,0,645.5139665960605,676.8675393772289,Nenhuma,1
pedido_542.6783785996513_356,134.17821650461204,134.4209233890833,119.4209233890833,10.80977121829236,15,4.932991071779995,Moto,Sandstorms,High,Metropolitian,True,0,1,0,542.6783785996513,677.0993019887346,Aumento_Velocidade,0
pedido_560.1645809541725_369,141.63245201355764,122.32941672197757,107.32941672197757,16.983877733651212,10,4.566328770529893,Scooter,Foggy,High,Metropolitian,False,0,1,0,560.1645809541725,677.49399767615,Aumento_Velocidade,0
pedido_609.6860461392956_417,101.27238825680092,67.94209787988035,52.94209787988035,2.533546112686386,15,4.874147362208557,Scooter,Sunny,Jam,Metropolitian,True,0,1,1,609.6860461392956,677.628144019176,Aumento_Velocidade,1
pedido_530.2169183225891_345,171.23918675958345,154.28025037565658,139.28025037565658,0.49513127461824613,10,4.446589539172323,Scooter,Sandstorms,High,Metropolitian,False,0,1,0,530.2169183225891,679.4971686982457,Aumento_Velocidade,0
pedido_569.5187096385479_376,137.35616469801903,111.8342492630986,96.8342492630986,5.9054143937493,15,5.0,Moto,Windy,Medium,Metropolitian,False,0,0,0,569.5187096385479,681.3529589016465,Rota_Reduzida,0
pedido_561.5997237018858_372,140.62704366312087,130.3415136153659,115.3415136153659,14.4667203036717,5,4.634728725288008,Moto,Sandstorms,Jam,Metropolitian,False,0,1,0,561.5997237018858,681.9412373172516,Aumento_Velocidade,0
pedido_648.2262167307779_445,42.94253566833235,24.389342060680903,24.389342060680903,3.575927138863565,10,4.694259370241552,Van,Foggy,Jam,Metropolitian,False,1,1,0,648.2262167307779,682.6155587914587,Nenhuma,1
pedido_628.8162856362791_423,49.27771196143891,49.70213913619811,49.70213913619811,14.11115171310544,5,4.8756897758672455,Van,Windy,Medium,Metropolitian,True,1,0,0,628.8162856362791,683.5184247724771,Nenhuma,1
pedido_570.4729137289314_379,138.48097184584412,114.11981807303204,99.11981807303204,15.681200278531493,15,4.5299359218498125,Moto,Stormy,Jam,Metropolitian,False,0,1,0,570.4729137289314,684.5927318019635,Aumento_Velocidade,0
pedido_560.4355555001379_370,145.00682205131372,131.38850654104476,116.38850654104476,12.421914896925564,10,4.8656119726788445,Moto,Foggy,High,Metropolitian,True,0,1,0,560.4355555001379,686.8240620411826,Aumento_Velocidade,0
pedido_575.3935641411454_386,130.22040801448227,116.5030121413839,101.5030121413839,6.743551620188272,10,4.768197339612203,Moto,Sandstorms,High,Urban,True,0,1,0,575.3935641411454,686.8965762825293,Aumento_Velocidade,0
pedido_573.2652805589777_382,135.67049247909006,118.8718766159243,103.8718766159243,20.156325993211027,10,4.598803641351426,Scooter,Windy,High,Metropolitian,True,0,1,0,573.2652805589777,687.137157174902,Aumento_Velocidade,0
pedido_632.0138574679885_425,94.63158532354707,55.48903363060984,40.48903363060984,6.365013647790576,15,4.703903505597053,Moto,Sunny,High,Metropolitian,False,0,1,1,632.0138574679885,687.5028910985983,Aumento_Velocidade,1
pedido_592.0964779142477_396,101.19838795074129,90.45287655965714,90.45287655965714,4.289847249853676,5,4.5280310194375835,Scooter,Windy,Low,Metropolitian,False,0,0,0,592.0964779142477,687.5493544739048,Nenhuma,1
pedido_573.0523614148947_381,132.59041126256759,114.71959294347096,99.71959294347096,2.421248258925608,15,4.9098131681600385,Scooter,Stormy,Medium,Urban,False,0,0,0,573.0523614148947,687.7719543583656,Rota_Reduzida,0
pedido_556.1042490300325_365,132.92623280173254,131.67749936094938,116.67749936094938,0.0,15,4.524751103843936,Moto,Windy,Medium,Metropolitian,False,0,0,0,556.1042490300325,687.7817483909819,Rota_Reduzida,0
pedido_581.3933320543923_392,129.91233184454615,117.53893405768272,102.53893405768272,5.823280338963662,5,4.583770783530487,Scooter,Sandstorms,High,Metropolitian,True,0,1,0,581.3933320543923,688.932266112075,Aumento_Velocidade,0
pedido_573.4848547525874_383,121.53954508093406,111.19846771056973,111.19846771056973,10.896035686475422,5,4.653772193261588,Moto,Sunny,Low,Metropolitian,False,0,0,1,573.4848547525874,689.6833224631571,Nenhuma,1
pedido_597.59017082299_401,97.86460107041489,103.78914294809017,88.78914294809017,7.3821829490253394,5,4.7600086237556,Moto,Sunny,High,Metropolitian,True,0,1,1,597.59017082299,691.3793137710802,Aumento_Velocidade,1
pedido_578.9914049156029_391,134.23971654931643,117.55996293623315,102.55996293623315,13.035388068078202,10,4.697082119972994,Scooter,Sandstorms,High,Urban,False,0,1,0,578.9914049156029,691.551367851836,Aumento_Velocidade,0
pedido_594.9292540220182_398,130.72811811273615,106.82488194775132,91.82488194775132,10.53159829691089,5,4.58028321099458,Moto,Stormy,High,Metropolitian,False,0,1,0,594.9292540220182,691.7541359697695,Aumento_Velocidade,1
pedido_571.4094634238901_380,133.1699167056145,130.86826394096778,115.86826394096778,7.604464864922416,5,4.966923070857641,Moto,Sandstorms,Jam,Metropolitian,True,0,1,0,571.4094634238901,692.2777273648578,Aumento_Velocidade,0
pedido_585.3122781629105_394,129.36101408685738,108.41507449978171,93.41507449978171,16.278629391959736,15,4.675944289138564,Scooter,Stormy,High,Metropolitian,False,0,1,0,585.3122781629105,693.7273526626922,Aumento_Velocidade,0
pedido_669.4493579220742_448,35.29919423650654,12.178724060998725,12.178724060998725,3.7959577919636525,15,5.0,Scooter,Sandstorms,Low,Metropolitian,False,1,0,0,669.4493579220742,696.628081983073,Nenhuma,1
pedido_578.4649324218468_390,130.6600646472938,118.49374028487273,103.49374028487273,2.1770850152135606,15,4.884139576381946,Moto,Windy,High,Urban,False,0,1,0,578.4649324218468,696.9586727067195,Aumento_Velocidade,0
pedido_518.1105710891258_339,182.8835402245737,189.46114572773703,174.46114572773703,10.078766606645647,5,4.402705575783398,Moto,Foggy,High,Metropolitian,False,0,1,0,518.1105710891258,697.5717168168628,Aumento_Velocidade,0
pedido_593.5666339436375_397,101.55277034005276,101.31295665571822,101.31295665571822,9.98385231247834,5,4.735493963648642,Scooter,Stormy,Low,Metropolitian,False,0,0,0,593.5666339436375,699.8795905993558,Nenhuma,1
pedido_577.2891868176631_388,132.7393207758664,134.0070603494136,119.00706034941359,4.738825619536685,5,4.719288350202398,Scooter,Foggy,High,Metropolitian,True,0,1,0,577.2891868176631,701.2962471670767,Aumento_Velocidade,0
pedido_599.6174859399682_404,102.77100945330601,98.41950020773449,98.41950020773449,6.96818749521383,5,4.820549894116801,Scooter,Windy,Low,Metropolitian,False,0,0,0,599.6174859399682,703.0369861477027,Nenhuma,1
pedido_583.464474975529_393,137.5319011526609,131.4156357146196,116.41563571461961,5.772837997694413,5,5.0,Moto,Sandstorms,High,Urban,False,0,1,0,583.464474975529,704.8801106901486,Aumento_Velocidade,0
pedido_577.3986526303898_389,132.7245584404563,128.03003965147613,113.03003965147613,3.433392476404224,15,4.6274574349397914,Moto,Foggy,High,Metropolitian,True,0,1,0,577.3986526303898,705.428692281866,Aumento_Velocidade,0
pedido_546.2862320096541_360,185.4344730888647,169.52518614346135,154.52518614346135,15.497919403506625,5,4.348422625575378,Moto,Windy,High,Urban,False,0,1,0,546.2862320096541,705.8114181531155,Aumento_Velocidade,0
pedido_598.0418135015178_402,130.1081869375424,121.27016092748761,106.27016092748761,7.191516844061132,5,4.610415949503719,Scooter,Windy,High,Urban,True,0,1,0,598.0418135015178,709.3119744290054,Aumento_Velocidade,0
pedido_596.5509576760662_399,126.40381272079905,123.08601517608523,108.08601517608523,4.128257346792787,5,4.69673436427016,Moto,Windy,Jam,Metropolitian,False,0,1,0,596.5509576760662,709.6369728521514,Aumento_Velocidade,0
pedido_607.4935034117738_412,106.14185238434366,107.97370327408655,92.97370327408655,15.860805563755903,10,4.510596191168112,Moto,Sunny,Medium,Metropolitian,True,0,0,1,607.4935034117738,710.4672066858603,Rota_Reduzida,1
pedido_597.5156152241778_400,101.85445132966272,99.72713635441428,99.72713635441428,10.39994654227257,15,4.6418741667033645,Moto,Sandstorms,Low,Urban,False,0,0,0,597.5156152241778,712.2427515785921,Nenhuma,1
pedido_570.0858670281866_377,127.2412030103888,140.8776313623936,140.8776313623936,5.839719877470821,5,4.602083548436444,Van,Stormy,High,Urban,False,0,1,0,570.0858670281866,715.9634983905802,Nenhuma,0
pedido_639.1322337849582_431,112.00139818667148,77.49455595879124,62.49455595879124,13.91863329475312,15,4.607045106678618,Moto,Sunny,Jam,Metropolitian,True,0,1,1,639.1322337849582,716.6267897437494,Aumento_Velocidade,1
pedido_587.8924173613489_395,133.64542714196853,132.1559589077116,117.15595890771161,1.4201802802075467,15,4.936430970483154,Moto,Windy,Medium,Metropolitian,False,0,0,0,587.8924173613489,720.0483762690604,Rota_Reduzida,0
pedido_599.4205105424551_403,135.6833589699638,120.71469571810326,105.71469571810326,10.493249261268964,15,4.455580837766203,Moto,Windy,High,Metropolitian,False,0,1,0,599.4205105424551,720.1352062605583,Aumento_Velocidade,0
pedido_561.9761734796954_373,153.06335844353165,163.16470118589095,148.16470118589095,16.695831299857034,10,4.525814652490441,Scooter,Foggy,Jam,Metropolitian,False,0,1,0,561.9761734796954,720.1408746655864,Aumento_Velocidade,0
pedido_617.7620670698229_419,135.92719941710828,113.50509992989105,98.50509992989105,13.772550661883269,5,4.692999952811575,Moto,Windy,High,Metropolitian,True,0,1,0,617.7620670698229,721.2671669997139,Aumento_Velocidade,1
pedido_605.4833944685738_409,131.80741139350275,122.69997704242436,107.69997704242436,17.27380707642691,10,4.794002099230503,Moto,Stormy,High,Metropolitian,True,0,1,0,605.4833944685738,723.1833715109982,Aumento_Velocidade,0
pedido_602.2577817398046_408,132.96829130093437,126.07777603307662,111.07777603307662,4.140021589651854,10,4.524130721816004,Moto,Windy,Medium,Metropolitian,False,0,0,0,602.2577817398046,723.3355577728812,Rota_Reduzida,0
pedido_557.1338586084746_366,177.83453227875526,172.12799551162394,157.12799551162394,2.809174453403754,10,4.352906759910362,Moto,Foggy,High,Metropolitian,False,0,1,0,557.1338586084746,724.2618541200985,Aumento_Velocidade,0
pedido_610.5423291548666_418,129.1477315054536,114.84737819216471,99.84737819216471,2.5957624573365665,15,4.674946495412034,Moto,Windy,High,Metropolitian,True,0,1,0,610.5423291548666,725.3897073470313,Aumento_Velocidade,0
pedido_608.8187001124528_415,132.52653517314405,126.74672827138255,111.74672827138255,14.258642531063154,5,4.5005551379279245,Scooter,Windy,High,Urban,False,0,1,0,608.8187001124528,725.5654283838353,Aumento_Velocidade,0
pedido_607.6863079730045_413,126.51694053425892,118.32163581872697,103.32163581872697,8.695187725933852,15,4.462746941083823,Moto,Stormy,High,Metropolitian,True,0,1,0,607.6863079730045,726.0079437917316,Aumento_Velocidade,0
pedido_640.6015444017142_435,111.05925746240926,92.70752476502152,77.70752476502152,11.643344204385116,10,4.888076566595275,Moto,Sunny,Jam,Metropolitian,False,0,1,1,640.6015444017142,728.3090691667358,Aumento_Velocidade,1
pedido_607.8000967121425_414,127.96394983580235,120.55210375881074,105.55210375881074,6.887807238738643,15,4.69944402212797,Moto,Stormy,Jam,Metropolitian,False,0,1,0,607.8000967121425,728.3522004709532,Aumento_Velocidade,0
pedido_640.4705907504574_434,106.77629764158354,98.8399104335972,83.8399104335972,14.916766219787835,5,4.551885552078387,Moto,Sunny,Medium,Urban,True,0,0,1,640.4705907504574,729.3105011840546,Rota_Reduzida,1
pedido_601.2367198055952_406,134.21504553323146,128.49008718220318,113.49008718220318,14.92518270443195,15,4.872695654011282,Moto,Sandstorms,High,Urban,False,0,1,0,601.2367198055952,729.7268069877983,Aumento_Velocidade,0
pedido_559.0867956657949_367,186.08615434524913,181.37368429062275,166.37368429062275,14.056689610519166,5,4.4114188685063755,Moto,Windy,High,Metropolitian,False,0,1,0,559.0867956657949,730.4604799564177,Aumento_Velocidade,0
pedido_620.2232002426823_421,151.02971091692942,117.30908853231993,102.30908853231993,14.1315446596303,10,4.600174665693577,Scooter,Foggy,Jam,Urban,False,0,1,0,620.2232002426823,732.5322887750023,Aumento_Velocidade,0
pedido_574.2756583180861_385,177.24154729455327,163.41579972619246,148.41579972619246,4.756110670878679,10,4.447693155512314,Scooter,Stormy,Jam,Urban,False,0,1,0,574.2756583180861,732.6914580442785,Aumento_Velocidade,0
pedido_609.2611550116097_416,142.07129899157346,133.63958896481256,118.63958896481256,13.671539899932005,10,4.932231796463678,Moto,Sandstorms,Jam,Metropolitian,True,0,1,0,609.2611550116097,737.9007439764223,Aumento_Velocidade,0
pedido_619.504270212525_420,128.98809249507812,123.5907526735005,108.5907526735005,8.798432251385467,10,4.6808091596632355,Moto,Stormy,Jam,Urban,True,0,1,0,619.504270212525,738.0950228860254,Aumento_Velocidade,0
pedido_602.0514624347869_407,152.93264694632018,136.26083975080854,121.26083975080854,16.362430386766604,15,4.537496773860517,Moto,Foggy,Jam,Metropolitian,False,0,1,0,602.0514624347869,738.3123021855954,Aumento_Velocidade,0
pedido_632.5646705717235_426,135.13478763312108,118.5059982028499,103.5059982028499,4.937517605617943,5,4.9864203214624965,Scooter,Foggy,High,Metropolitian,True,0,1,0,632.5646705717235,741.0706687745734,Aumento_Velocidade,0
pedido_600.0874949785141_405,133.4276074477385,141.3286593718612,126.32865937186119,3.9019516991259158,15,4.69407540425608,Scooter,Stormy,Medium,Metropolitian,False,0,0,0,600.0874949785141,741.4161543503753,Rota_Reduzida,0
pedido_636.6084543169713_430,131.71538928627993,116.31068680592406,101.31068680592406,2.9866330576724174,5,4.911183523911579,Scooter,Sandstorms,High,Urban,False,0,1,0,636.6084543169713,742.9191411228954,Aumento_Velocidade,0
pedido_622.8853578396411_422,133.34633060185962,125.14470209122703,110.14470209122703,8.921454432288026,10,4.642767073158492,Moto,Foggy,High,Metropolitian,True,0,1,0,622.8853578396411,743.0300599308681,Aumento_Velocidade,0
pedido_647.1395895186843_443,103.49288918982613,87.48931659037724,87.48931659037724,16.85471896301592,10,4.880177973399155,Moto,Windy,Low,Metropolitian,False,0,0,0,647.1395895186843,744.6289061090615,Nenhuma,1
pedido_640.4456127947051_433,131.56966214659013,109.59144349696378,94.59144349696378,7.84297336388199,15,4.643580845372126,Moto,Sandstorms,High,Metropolitian,True,0,1,0,640.4456127947051,750.0370562916688,Aumento_Velocidade,0
pedido_639.5397984580515_432,138.12663788214053,110.90761138481166,95.90761138481166,12.708665922875683,15,4.761450301258206,Moto,Sandstorms,Medium,Metropolitian,True,0,0,0,639.5397984580515,750.4474098428631,Rota_Reduzida,0
pedido_645.464863261457_438,124.97337501316473,98.20300598718221,98.20300598718221,9.4156712210365,10,4.689815264265387,Van,Stormy,Medium,Other,False,0,0,0,645.464863261457,753.6678692486392,Nenhuma,1
pedido_605.8903438390558_410,174.38535550086374,158.3350726314327,143.3350726314327,7.325949071408338,5,4.249370145240018,Scooter,Windy,Medium,Metropolitian,False,0,0,0,605.8903438390558,754.2254164704885,Rota_Reduzida,0
pedido_646.3487703527474_442,103.979151764602,98.49822360383915,98.49822360383915,20.24091711281672,10,4.634250258335494,Van,Sunny,High,Metropolitian,False,0,1,1,646.3487703527474,754.8469939565865,Nenhuma,1
pedido_642.0876812626009_437,131.58444361001617,126.12111658026544,111.12111658026544,8.266099407010548,5,5.0,Moto,Stormy,High,Metropolitian,False,0,1,0,642.0876812626009,758.2087978428663,Aumento_Velocidade,0
pedido_651.4166321545299_446,135.5492452260106,110.21714947588387,95.21714947588387,9.950517918618615,15,4.467699049336294,Moto,Foggy,High,Urban,False,0,1,0,651.4166321545299,761.6337816304138,Aumento_Velocidade,0
pedido_634.200533659915_429,142.44564351259285,132.43889941066914,117.43889941066914,12.74155228153477,10,4.521976094015209,Moto,Foggy,High,Urban,False,0,1,0,634.200533659915,761.6394330705841,Aumento_Velocidade,0
pedido_686.3132987166681_458,101.29554141607021,86.7994852133528,71.7994852133528,15.905852894476942,5,4.920601819670939,Moto,Sunny,High,Urban,False,0,1,1,686.3132987166681,763.1127839300209,Aumento_Velocidade,1
pedido_700.8608140811094_466,44.40663993109178,49.391939602495114,49.391939602495114,5.935156838294942,15,4.961274708687939,Moto,Foggy,High,Urban,False,1,1,0,700.8608140811094,765.2527536836045,Nenhuma,1
pedido_660.4995900125022_447,130.142437491438,107.59746784193861,92.59746784193861,6.408299741514214,15,4.537799798676524,Scooter,Windy,High,Urban,False,0,1,0,660.4995900125022,768.0970578544408,Aumento_Velocidade,0
pedido_641.4256997684229_436,138.74564366051592,138.3292125630282,123.3292125630282,16.539628374316873,10,4.498417556375025,Moto,Stormy,Jam,Metropolitian,False,0,1,0,641.4256997684229,774.7549123314511,Aumento_Velocidade,0
pedido_671.3666881464586_450,111.656403005909,110.60806770330906,95.60806770330906,15.500184951944002,10,4.570357252696746,Scooter,Sunny,Jam,Metropolitian,False,0,1,1,671.3666881464586,776.9747558497677,Aumento_Velocidade,0
pedido_687.191910261133_459,103.66448384769541,102.01678922196912,87.01678922196912,17.332128858693824,5,5.0,Moto,Sunny,Medium,Metropolitian,False,0,0,1,687.191910261133,779.2086994831021,Rota_Reduzida,1
pedido_629.1138025484037_424,173.71286669133644,164.89626345720725,149.89626345720725,2.3375791458117896,5,4.386012529707469,Moto,Stormy,High,Metropolitian,True,0,1,0,629.1138025484037,784.010066005611,Aumento_Velocidade,0
pedido_684.3517978087633_457,95.6161933841138,90.30611142927505,90.30611142927505,4.0803289857714296,10,4.871808506392679,Moto,Sunny,Low,Metropolitian,False,0,0,1,684.3517978087633,784.6579092380383,Nenhuma,1
pedido_682.245203181226_454,102.44302841681966,97.1409944562067,97.1409944562067,3.128331886565218,10,4.870360762966788,Moto,Windy,Low,Urban,False,0,0,0,682.245203181226,789.3861976374327,Nenhuma,1
pedido_632.7590420706613_427,178.32235462636493,161.85834408663385,146.85834408663385,6.461761923366973,10,4.4412753692010245,Moto,Foggy,High,Metropolitian,False,0,1,0,632.7590420706613,789.6173861572952,Aumento_Velocidade,0
pedido_721.3380392287477_479,97.49009431361574,74.51543925714486,59.51543925714486,4.166696178873906,10,4.683422403902046,Moto,Sunny,High,Metropolitian,False,0,1,1,721.3380392287477,790.8534784858925,Aumento_Velocidade,1
pedido_687.7825789136425_460,137.10448633692113,110.26108192570524,95.26108192570524,4.374632339632473,10,5.0,Moto,Foggy,High,Urban,False,0,1,0,687.7825789136425,793.0436608393477,Aumento_Velocidade,0
pedido_669.9060549201218_449,129.67577454616438,118.21063771940499,118.21063771940499,0.9040923051610443,10,4.43031003884886,Scooter,Sandstorms,Low,Metropolitian,True,0,0,0,669.9060549201218,798.1166926395268,Nenhuma,0
pedido_680.6693733471246_453,129.24031111658357,129.71709128774802,114.71709128774802,2.9428488655923477,10,4.480761372500122,Moto,Sandstorms,Medium,Urban,False,0,0,0,680.6693733471246,805.3864646348727,Rota_Reduzida,0
pedido_745.8670745912927_495,43.7671123424685,50.399625652724076,50.399625652724076,6.60821003726695,10,4.660920862876835,Scooter,Foggy,High,Metropolitian,False,1,1,0,745.8670745912927,806.2667002440169,Nenhuma,1
pedido_645.9630837133476_440,173.39744447036878,161.6808930407107,146.6808930407107,2.8426442885976884,15,4.439562962937693,Scooter,Windy,Medium,Metropolitian,False,0,0,0,645.9630837133476,807.6439767540583,Rota_Reduzida,0
pedido_682.2848929787059_455,143.63375726800467,131.73813202630384,116.73813202630384,16.643304322985525,10,4.920399788438835,Scooter,Foggy,High,Metropolitian,True,0,1,0,682.2848929787059,809.0230250050097,Aumento_Velocidade,0
pedido_633.5277419313586_428,189.46944666985706,175.50959363192004,160.50959363192004,10.981602610512901,15,4.365454518342943,Scooter,Foggy,High,Metropolitian,False,0,1,0,633.5277419313586,809.0373355632787,Aumento_Velocidade,0
pedido_702.3428907392571_467,142.2305933620532,107.36232653778444,92.36232653778444,13.882132798807273,15,4.6169107052270455,Moto,Foggy,Medium,Urban,False,0,0,0,702.3428907392571,809.7052172770416,Rota_Reduzida,0
pedido_646.0649216294299_441,179.2322742293003,169.93282190229567,154.93282190229567,4.518252980748922,10,4.418977182252671,Moto,Foggy,High,Metropolitian,False,0,1,0,646.0649216294299,810.9977435317256,Aumento_Velocidade,0
pedido_673.10355678238_451,144.81344246086476,137.9459156081525,122.94591560815249,19.126760993167437,15,4.6648641528076356,Scooter,Foggy,Medium,Urban,True,0,0,0,673.10355678238,811.0494723905325,Rota_Reduzida,0
pedido_673.1301277156064_452,141.4204070980739,148.578913694665,133.578913694665,17.69186218592391,5,4.948761829641452,Moto,Windy,Jam,Metropolitian,True,0,1,0,673.1301277156064,811.7090414102713,Aumento_Velocidade,0
pedido_700.8286518494691_465,109.89635398808134,121.0000655841699,106.0000655841699,14.108928328488593,5,4.7623287501410365,Moto,Sunny,Jam,Metropolitian,False,0,1,1,700.8286518494691,811.828717433639,Aumento_Velocidade,0
pedido_703.3032425368615_468,134.74100388570048,116.53475526718766,101.53475526718766,3.7779535825559565,10,4.639837936658867,Moto,Windy,Medium,Metropolitian,False,0,0,0,703.3032425368615,814.8379978040491,Rota_Reduzida,0
pedido_698.5307269510059_463,132.1969017801896,122.70031588741375,107.70031588741375,2.0991589687999124,10,5.0,Scooter,Stormy,High,Urban,True,0,1,0,698.5307269510059,816.2310428384196,Aumento_Velocidade,0
pedido_703.8927313197897_469,136.21039020730726,121.42819001812481,106.42819001812481,0.0,10,5.0,Moto,Sandstorms,High,Metropolitian,False,0,1,0,703.8927313197897,820.3209213379146,Aumento_Velocidade,0
pedido_707.7850806527847_471,141.8246637680968,117.54156021477726,102.54156021477726,17.11506057151017,10,4.674886566107583,Scooter,Foggy,High,Urban,False,0,1,0,707.7850806527847,820.326640867562,Aumento_Velocidade,0
pedido_705.2687674419562_470,134.53887915357794,125.50201346149512,110.50201346149512,10.369836879907494,5,4.852407302397499,Scooter,Sandstorms,High,Metropolitian,False,0,1,0,705.2687674419562,820.7707809034514,Aumento_Velocidade,0
pedido_695.2362539201345_462,134.4927399598692,131.06074211094034,116.06074211094034,14.86234115856058,10,4.598898751194636,Moto,Windy,High,Metropolitian,True,0,1,0,695.2362539201345,821.2969960310747,Aumento_Velocidade,0
pedido_693.1716078731871_461,141.5473855083037,138.47103167637917,123.47103167637917,18.264843585784668,5,4.617181784943736,Scooter,Sandstorms,Jam,Metropolitian,True,0,1,0,693.1716078731871,821.6426395495663,Aumento_Velocidade,0
pedido_744.052912753646_492,98.29319144666128,70.76534378373208,70.76534378373208,5.916633560735646,10,4.6259886786578015,Moto,Sunny,Low,Metropolitian,True,0,0,1,744.052912753646,824.818256537378,Nenhuma,1
pedido_784.8148935352564_517,45.13973489185243,25.41108136646462,25.41108136646462,10.95970235780067,15,4.8517978953508285,Van,Stormy,High,Semi-Urban,True,1,1,0,784.8148935352564,825.225974901721,Nenhuma,1
pedido_731.3258537600701_483,130.3150239244158,108.88335180570664,93.88335180570664,4.678227866578188,5,4.592927246065959,Moto,Foggy,Jam,Urban,False,0,1,0,731.3258537600701,830.2092055657768,Aumento_Velocidade,1
pedido_787.7526463743933_519,39.11256828859341,32.50071169550835,32.50071169550835,13.851157808185992,10,4.912738544992776,Scooter,Sunny,High,Metropolitian,False,1,1,1,787.7526463743933,830.2533580699017,Nenhuma,1
pedido_760.0277581909439_502,94.85844581903089,76.35706260924977,61.357062609249766,3.976743496713035,10,5.0,Moto,Sunny,Medium,Metropolitian,False,0,0,1,760.0277581909439,831.3848208001937,Rota_Reduzida,1
pedido_648.0469911529065_444,193.5736403424737,185.57410557415818,170.57410557415818,12.242514710583212,15,4.124296741697229,Scooter,Sandstorms,Jam,Urban,True,0,1,0,648.0469911529065,833.6210967270647,Aumento_Velocidade,0
pedido_715.712781406916_476,134.30396725747195,125.94083051014053,110.94083051014053,11.575542099317675,10,4.649350484080182,Moto,Stormy,Medium,Metropolitian,False,0,0,0,715.712781406916,836.6536119170564,Rota_Reduzida,0
pedido_733.0698796701216_485,99.58758920257063,94.26257222833749,94.26257222833749,8.462678179971864,10,4.954720317552006,Scooter,Stormy,Low,Metropolitian,False,0,0,0,733.0698796701216,837.3324518984591,Nenhuma,1
pedido_719.9581929627478_478,136.37695337191965,134.83927515973616,119.83927515973616,16.15046498134805,5,4.46432448766789,Moto,Sandstorms,Medium,Metropolitian,False,0,0,0,719.9581929627478,844.797468122484,Rota_Reduzida,0
pedido_730.8725136106382_482,136.2777062869119,113.99876660371791,98.99876660371791,17.291753445860056,15,4.735572341393709,Moto,Windy,High,Metropolitian,True,0,1,0,730.8725136106382,844.8712802143561,Aumento_Velocidade,0
pedido_708.5440776668323_472,163.78984997807106,152.1657360950604,132.1657360950604,17.222731832807373,5,4.405646978450348,Moto,Sunny,Jam,Other,False,0,1,1,708.5440776668323,845.7098137618927,Rota_Reduzida,0
pedido_744.9888165132974_493,109.05416205221078,103.24456763329334,88.24456763329334,14.403031619779673,15,4.486111837230033,Moto,Sunny,High,Metropolitian,True,0,1,1,744.9888165132974,848.2333841465907,Aumento_Velocidade,1
pedido_717.9836228555165_477,137.0401775347903,130.34891403605565,115.34891403605565,5.024012672631546,15,4.835904542053182,Scooter,Windy,Medium,Metropolitian,False,0,0,0,717.9836228555165,848.3325368915721,Rota_Reduzida,0
pedido_682.8590876304148_456,172.8835789445869,172.77206192301753,157.77206192301753,6.4622143821600275,10,4.414059315279111,Moto,Stormy,High,Metropolitian,True,0,1,0,682.8590876304148,850.6311495534324,Aumento_Velocidade,0
pedido_725.3979944598269_481,136.9623969997047,135.6789794186247,120.67897941862469,11.006493602538404,5,5.0,Moto,Sandstorms,Medium,Urban,False,0,0,0,725.3979944598269,851.0769738784516,Rota_Reduzida,0
pedido_699.1399944267607_464,174.57635603093163,163.61495732716062,148.61495732716062,0.0,5,4.20061172595644,Moto,Sandstorms,Jam,Metropolitian,False,0,1,0,699.1399944267607,852.7549517539213,Aumento_Velocidade,0
pedido_731.3527811080801_484,136.5513026819591,126.60906233387843,111.60906233387843,20.499293742567126,10,4.562112082236563,Moto,Windy,High,Metropolitian,True,0,1,0,731.3527811080801,852.9618434419585,Aumento_Velocidade,0
pedido_733.5105470533547_486,135.17790609396323,124.98885116782048,109.98885116782048,17.382023023624825,10,4.617027427151297,Scooter,Sandstorms,High,Metropolitian,True,0,1,0,733.5105470533547,853.4993982211752,Aumento_Velocidade,0
pedido_754.5566003225262_498,110.0814144634238,108.98380511692717,93.98380511692717,16.393262158121114,5,4.9766898640729575,Scooter,Sunny,Jam,Urban,True,0,1,1,754.5566003225262,853.5404054394534,Aumento_Velocidade,1
pedido_738.4007007158046_489,128.09910493591923,116.62343717062294,101.62343717062294,5.294995484419585,15,4.809832991547599,Moto,Foggy,Medium,Metropolitian,True,0,0,0,738.4007007158046,855.0241378864275,Rota_Reduzida,0
pedido_709.2834327542805_473,135.78937388233808,132.72912973079656,132.72912973079656,6.475004132269126,15,4.849100021221432,Van,Windy,Medium,Metropolitian,False,0,0,0,709.2834327542805,857.0125624850771,Nenhuma,0
pedido_771.3912484221582_505,100.7405940183315,91.16710718105338,76.16710718105338,3.119935667023569,10,4.6475648195927945,Moto,Sunny,Jam,Metropolitian,True,0,1,1,771.3912484221582,857.5583556032116,Aumento_Velocidade,1
pedido_745.0539134818168_494,134.62007215228348,125.40224630273363,110.40224630273363,11.31571092548408,5,4.792847859791472,Moto,Sandstorms,High,Metropolitian,True,0,1,0,745.0539134818168,860.4561597845504,Aumento_Velocidade,0
pedido_794.1764587896491_524,95.7464107889051,74.88745515554628,59.88745515554628,2.049607735995144,10,4.493392793429056,Scooter,Sunny,Medium,Metropolitian,False,0,0,1,794.1764587896491,864.0639139451954,Rota_Reduzida,1
pedido_757.9965115878537_500,105.58978427691493,97.97873439243128,97.97873439243128,16.46142568316606,10,4.672445126206473,Scooter,Stormy,Low,Metropolitian,True,0,0,0,757.9965115878537,865.975245980285,Nenhuma,1
pedido_738.5598340548001_490,136.6012425483203,133.17449547828136,118.17449547828136,17.012907023707115,10,4.915483972811883,Moto,Windy,High,Urban,True,0,1,0,738.5598340548001,866.7343295330816,Aumento_Velocidade,0
pedido_804.9793231081253_530,44.8979377897155,51.76881486898141,51.76881486898141,7.1839225368832285,10,4.745994941444919,Moto,Stormy,Jam,Metropolitian,False,1,1,0,804.9793231081253,866.7481379771067,Nenhuma,1
pedido_736.3302812458272_487,146.83272003827204,135.11481265530523,120.11481265530523,17.363330530363733,15,4.97188304033535,Moto,Foggy,Medium,Urban,False,0,0,0,736.3302812458272,871.4450939011324,Rota_Reduzida,0
pedido_746.5071319849446_496,132.96829130093437,120.68060053993186,120.68060053993186,3.583527509031291,5,4.503016475226026,Van,Windy,Medium,Urban,False,0,0,0,746.5071319849446,872.1877325248765,Nenhuma,0
pedido_757.6233631105896_499,136.25836904578244,116.15434773502366,101.15434773502366,17.032402251938507,15,4.937500129920728,Scooter,Windy,Medium,Metropolitian,False,0,0,0,757.6233631105896,873.7777108456132,Rota_Reduzida,0
pedido_736.5997515630856_488,140.62178661513974,133.4242300509188,133.4242300509188,10.71616096224764,5,4.638761809020811,Van,Foggy,High,Metropolitian,False,0,1,0,736.5997515630856,875.0239816140045,Nenhuma,0
pedido_753.3026278801755_497,130.86311520880452,136.17263838282696,121.17263838282696,8.408608579508773,5,4.760056214196436,Scooter,Stormy,Medium,Urban,False,0,0,0,753.3026278801755,879.4752662630024,Rota_Reduzida,0
pedido_741.4935909753689_491,141.277858836735,123.66452052342262,123.66452052342262,16.514330579661415,15,4.588952240023971,Van,Foggy,High,Metropolitian,False,0,1,0,741.4935909753689,880.1581114987915,Nenhuma,0
pedido_774.1098312583287_509,123.3980388630499,119.36717972232772,104.36717972232772,0.5042877082365607,5,4.555081451586066,Moto,Stormy,Jam,Metropolitian,False,0,1,0,774.1098312583287,883.4770109806564,Aumento_Velocidade,0
pedido_773.3026374501309_508,120.83408622469908,95.47763107088907,95.47763107088907,17.119645712488705,15,4.4981296231353785,Moto,Sunny,Low,Metropolitian,False,0,0,1,773.3026374501309,883.7802685210199,Nenhuma,1
pedido_760.003569818519_501,137.61740068824457,134.52433652996848,119.52433652996848,4.2746283175425965,5,5.0,Moto,Sandstorms,High,Metropolitian,False,0,1,0,760.003569818519,884.5279063484875,Aumento_Velocidade,0
pedido_823.8412544921374_542,44.02596829724785,55.951603573637684,55.951603573637684,7.053523663369889,5,4.6436403748200314,Scooter,Stormy,High,Urban,True,1,1,0,823.8412544921374,884.7928580657751,Nenhuma,1
pedido_772.0424990936009_506,133.64525976224732,123.84487364522661,108.84487364522661,9.47656690498325,5,4.55762681122258,Moto,Foggy,High,Urban,True,0,1,0,772.0424990936009,885.8873727388275,Aumento_Velocidade,0
pedido_722.6155915847767_480,184.51453190207653,164.3672250114399,149.3672250114399,12.88532952161719,15,4.379686115042902,Scooter,Stormy,Medium,Metropolitian,True,0,0,0,722.6155915847767,886.9828165962166,Rota_Reduzida,0
pedido_715.0594044496453_475,188.67355863739115,179.1535887072757,164.1535887072757,16.114960641098726,10,4.4206874290872795,Moto,Sandstorms,Medium,Metropolitian,False,0,0,0,715.0594044496453,889.212993156921,Rota_Reduzida,0
pedido_805.389217835115_533,101.67732858944782,89.30572214016428,74.30572214016428,20.12929233812571,10,4.627296296089867,Moto,Sunny,High,Metropolitian,False,0,1,1,805.389217835115,889.6949399752793,Aumento_Velocidade,1
pedido_713.2372954198178_474,192.98987978895565,181.9438964455671,166.9438964455671,4.739900035052054,10,4.40505524793368,Moto,Sunny,High,Metropolitian,True,0,1,1,713.2372954198178,890.1811918653849,Aumento_Velocidade,0
pedido_770.6281726772812_504,143.77573389795361,121.35137364429647,106.35137364429647,16.509330084867717,15,4.841409150271036,Scooter,Foggy,High,Metropolitian,True,0,1,0,770.6281726772812,891.9795463215777,Aumento_Velocidade,0
pedido_778.1250978634481_510,133.26001537785646,123.89113243666506,108.89113243666506,4.804903158842247,5,4.870722239258564,Moto,Foggy,High,Urban,False,0,1,0,778.1250978634481,892.0162303001132,Aumento_Velocidade,0
pedido_781.9869700590168_513,102.41488377670441,101.2604159282976,101.2604159282976,2.4681675251951214,10,4.800416538305804,Scooter,Sandstorms,Low,Metropolitian,False,0,0,0,781.9869700590168,893.2473859873144,Nenhuma,1
pedido_783.5650845875415_514,132.42513741150682,115.61418669525551,100.61418669525551,6.45437070683968,10,4.555680982097647,Moto,Sandstorms,High,Metropolitian,False,0,1,0,783.5650845875415,894.179271282797,Aumento_Velocidade,0
pedido_772.9667860253905_507,133.2366472173958,127.07382256766749,112.07382256766749,0.0,10,4.527452302990131,Scooter,Foggy,High,Metropolitian,False,0,1,0,772.9667860253905,895.0406085930581,Aumento_Velocidade,0
pedido_798.7995983490488_525,121.35503094490355,109.47192150556964,89.47192150556964,2.8302129150921465,10,4.561296081161029,Scooter,Windy,High,Other,False,0,1,0,798.7995983490488,898.2715198546184,Rota_Reduzida,1
pedido_792.9938719914451_521,134.7974215953007,105.62439793681804,90.62439793681804,3.2579343454555727,15,4.710697712937025,Scooter,Foggy,High,Metropolitian,False,0,1,0,792.9938719914451,898.6182699282631,Aumento_Velocidade,0
pedido_821.0555482639302_539,99.52735105208863,83.4407608787755,68.4407608787755,5.4634758307723095,10,5.0,Scooter,Sunny,High,Metropolitian,False,0,1,1,821.0555482639302,899.4963091427057,Aumento_Velocidade,1
pedido_786.0633404301175_518,130.97703125776897,122.1000807758293,107.1000807758293,18.871750041028847,10,4.491177603274484,Moto,Stormy,High,Urban,False,0,1,0,786.0633404301175,903.1634212059467,Aumento_Velocidade,0
pedido_792.0754900013382_520,130.43581245774737,114.24347969487272,99.24347969487272,17.66337865302179,15,4.899643681176998,Scooter,Stormy,High,Metropolitian,False,0,1,0,792.0754900013382,906.3189696962108,Aumento_Velocidade,0
pedido_805.3191868302687_532,129.42071859254193,101.71938375706982,86.71938375706982,14.305239031614226,15,4.831534406119744,Scooter,Windy,Medium,Other,False,0,0,0,805.3191868302687,907.0385705873385,Rota_Reduzida,1
pedido_793.3748749013897_523,101.29487390263023,102.32003999616398,102.32003999616398,21.275970146985685,15,4.714388665597486,Van,Sandstorms,Low,Metropolitian,False,0,0,0,793.3748749013897,910.6949148975536,Nenhuma,1
pedido_829.5806331966902_545,96.91522621858735,82.66515306323896,67.66515306323896,6.04193485330988,15,4.763490891234838,Moto,Sunny,Medium,Metropolitian,False,0,0,1,829.5806331966902,912.2457862599292,Rota_Reduzida,1
pedido_778.4760893579069_511,135.39823089047906,147.74787622253058,132.74787622253058,18.363292064788368,5,4.742008335693527,Moto,Sandstorms,High,Metropolitian,True,0,1,0,778.4760893579069,916.2239655804374,Aumento_Velocidade,0
pedido_784.1275581301195_515,129.55930572708635,143.58532444285206,128.58532444285206,5.423344593278869,5,4.657649114562566,Moto,Foggy,Jam,Metropolitian,False,0,1,0,784.1275581301195,917.7128825729716,Aumento_Velocidade,0
pedido_800.3750870106497_527,131.4092293416383,127.11876265271533,112.11876265271533,12.685752775066188,10,4.902216173779164,Moto,Stormy,High,Metropolitian,True,0,1,0,800.3750870106497,922.493849663365,Aumento_Velocidade,0
pedido_784.5568834653919_516,132.03906984993938,128.9322424711802,128.9322424711802,5.228539017227387,10,5.0,Van,Sandstorms,Jam,Metropolitian,False,0,1,0,784.5568834653919,923.4891259365721,Nenhuma,0
pedido_801.7793371164338_528,133.87595194938137,132.1320105550751,117.13201055507511,5.7069029285083195,5,4.55564088402151,Moto,Foggy,High,Metropolitian,False,0,1,0,801.7793371164338,923.9113476715089,Aumento_Velocidade,0
pedido_805.2105489841987_531,134.39833402897818,129.03427391159943,114.03427391159943,15.300603469805566,5,4.602438627003267,Moto,Windy,Medium,Urban,False,0,0,0,805.2105489841987,924.244822895798,Rota_Reduzida,0
pedido_803.2339597744253_529,140.31010914265866,134.329270585287,119.32927058528699,16.75153777776087,5,4.667900977612309,Scooter,Sandstorms,Jam,Metropolitian,False,0,1,0,803.2339597744253,927.5632303597123,Aumento_Velocidade,0
pedido_834.6299837363429_549,109.04725505516431,98.37332916358729,83.37332916358729,16.320319381343616,10,4.935387289302992,Scooter,Sunny,Jam,Metropolitian,False,0,1,1,834.6299837363429,928.0033128999302,Aumento_Velocidade,1
pedido_818.8054815243329_537,134.15263375981826,119.38124213673942,104.38124213673942,9.528106922954526,5,4.68532803643869,Moto,Sandstorms,Medium,Metropolitian,False,0,0,0,818.8054815243329,928.1867236610723,Rota_Reduzida,0
pedido_799.5166733547303_526,138.46641522191248,139.9004319281615,124.90043192816151,14.754219407112409,5,4.508022817326184,Moto,Stormy,Jam,Metropolitian,False,0,1,0,799.5166733547303,929.4171052828918,Aumento_Velocidade,0
pedido_819.6700713361435_538,134.60810629545335,127.91125531817343,107.91125531817343,20.29887630515431,5,4.514633549061122,Moto,Windy,High,Semi-Urban,False,0,1,0,819.6700713361435,932.5813266543169,Rota_Reduzida,0
pedido_822.2801455369696_541,128.36260269177163,111.67479451340387,96.67479451340387,5.552344737998379,15,4.671456388945895,Moto,Foggy,Medium,Metropolitian,False,0,0,0,822.2801455369696,933.9549400503735,Rota_Reduzida,0
pedido_824.3847428185508_543,132.1214206828547,118.03921273353143,103.03921273353143,5.7492923156839595,10,4.551089632827642,Moto,Sandstorms,High,Metropolitian,False,0,1,0,824.3847428185508,937.4239555520821,Aumento_Velocidade,0
pedido_831.0845680943659_547,101.62886116662526,106.37965500940481,91.37965500940481,12.621120847701867,15,4.738749779216631,Moto,Sunny,High,Metropolitian,False,0,1,1,831.0845680943659,937.4642231037707,Aumento_Velocidade,0
pedido_886.2040994641551_579,44.24834550506506,41.99338920783351,41.99338920783351,0.0,10,4.703774650283842,Moto,Sunny,High,Metropolitian,True,1,1,1,886.2040994641551,938.1974886719886,Nenhuma,1
pedido_808.7965696401667_534,137.72896461962475,139.68909649466994,124.68909649466994,4.512459715015461,5,4.968781205366016,Moto,Sandstorms,High,Metropolitian,False,0,1,0,808.7965696401667,938.4856661348366,Aumento_Velocidade,0
pedido_892.7564994234389_584,43.60860681249047,41.47953470700804,41.47953470700804,5.641566639012206,5,4.845855064339773,Scooter,Foggy,Medium,Metropolitian,False,1,0,0,892.7564994234389,939.2360341304469,Nenhuma,1
pedido_761.8105818977554_503,174.37299506353975,185.5834663201444,170.5834663201444,5.244766690868699,10,4.410822130290731,Moto,Windy,High,Urban,False,0,1,0,761.8105818977554,942.3940482178998,Aumento_Velocidade,0
pedido_868.7226116841222_561,99.8869645997601,74.10369324522482,59.10369324522482,5.30131856828395,15,4.895020484487663,Scooter,Sunny,Jam,Metropolitian,False,0,1,1,868.7226116841222,942.826304929347,Aumento_Velocidade,1
pedido_812.404548521775_536,133.1215512232589,132.27734158978592,117.27734158978592,6.644542383376846,15,5.0,Scooter,Sandstorms,Jam,Urban,True,0,1,0,812.404548521775,944.681890111561,Aumento_Velocidade,0
pedido_810.3790022202463_535,143.68780309353846,133.07739045822507,133.07739045822507,16.130395900884423,5,4.842643138815937,Van,Foggy,Medium,Metropolitian,True,0,0,0,810.3790022202463,948.4563926784714,Nenhuma,0
pedido_836.669679114979_550,135.08739797319882,119.42054776497702,104.42054776497702,12.848861170439076,10,4.863034663653249,Scooter,Sandstorms,High,Urban,True,0,1,0,836.669679114979,951.0902268799559,Aumento_Velocidade,0
pedido_844.5451153104519_551,132.37640653175018,112.09500987053103,97.09500987053103,4.703747874181335,15,4.802416111768448,Moto,Sandstorms,High,Metropolitian,False,0,1,0,844.5451153104519,956.640125180983,Aumento_Velocidade,0
pedido_830.0399990679069_546,133.20760602150574,130.90802255871563,115.90802255871563,13.720989128455747,15,4.819406819510198,Scooter,Stormy,Jam,Metropolitian,False,0,1,0,830.0399990679069,960.9480216266226,Aumento_Velocidade,0
pedido_827.521851091996_544,135.5156847378686,138.44263056875712,123.44263056875712,6.444918695301208,10,4.912956729756651,Moto,Windy,Medium,Metropolitian,False,0,0,0,827.521851091996,960.9644816607531,Rota_Reduzida,0
pedido_780.1234231130851_512,194.93469236119287,182.18722662066244,167.18722662066244,11.851415016772666,15,4.3974769949904795,Moto,Sandstorms,Jam,Metropolitian,False,0,1,0,780.1234231130851,962.3106497337476,Aumento_Velocidade,0
pedido_877.7237725608671_570,95.80700955949685,94.97386340484982,79.97386340484982,7.235993694257301,5,4.817207139129309,Moto,Sunny,Medium,Urban,False,0,0,1,877.7237725608671,962.6976359657169,Rota_Reduzida,1
pedido_886.8890712817363_580,108.59430179380588,90.20149525048576,75.20149525048576,13.698045930670666,5,4.8738560055815014,Moto,Sunny,Jam,Urban,False,0,1,1,886.8890712817363,967.090566532222,Aumento_Velocidade,1
pedido_793.010631442855_522,178.13554479251337,172.12214084614814,172.12214084614814,4.5474128688123905,5,4.169176791787169,Van,Foggy,High,Metropolitian,False,0,1,0,793.010631442855,970.1327722890031,Nenhuma,0
pedido_855.5541564849052_555,139.74503677141473,119.75834696622852,104.75834696622852,15.651993110597271,10,4.7264429234395955,Scooter,Windy,Jam,Metropolitian,True,0,1,0,855.5541564849052,970.3125034511337,Aumento_Velocidade,0
pedido_882.7587192324736_576,98.09455266861596,95.28968946075344,80.28968946075344,4.881998387073007,10,4.740516666830173,Moto,Sunny,High,Urban,False,0,1,1,882.7587192324736,973.048408693227,Aumento_Velocidade,1
pedido_866.2000880167336_560,124.20664872227105,113.59057878989869,98.59057878989869,2.4189782486088505,10,4.554100509234765,Moto,Stormy,Jam,Metropolitian,True,0,1,0,866.2000880167336,974.7906668066323,Aumento_Velocidade,0
pedido_821.5150974955395_540,177.0481216326666,157.32694326209938,142.32694326209938,9.73135886109652,15,4.447163289557104,Moto,Stormy,High,Metropolitian,False,0,1,0,821.5150974955395,978.8420407576389,Aumento_Velocidade,0
pedido_849.4589177171024_552,128.53879175017417,119.56267614178651,119.56267614178651,6.369362676867251,10,4.6034324838210985,Van,Windy,Jam,Metropolitian,False,0,1,0,849.4589177171024,979.0215938588889,Nenhuma,0
pedido_863.8408768175631_557,101.76452467469977,117.17140231239327,102.17140231239327,16.971893197175074,15,4.823384862982411,Moto,Sunny,Medium,Urban,False,0,0,1,863.8408768175631,981.0122791299564,Rota_Reduzida,0
pedido_870.7897432963513_564,130.3810862204473,122.40740376720902,107.40740376720902,8.116496154347088,5,4.74072205459887,Scooter,Foggy,Jam,Metropolitian,False,0,1,0,870.7897432963513,983.1971470635604,Aumento_Velocidade,0
pedido_875.2391252297948_567,125.39937733403286,113.43516661195252,98.43516661195252,8.586468916475319,10,4.644864444326925,Scooter,Foggy,Medium,Metropolitian,False,0,0,0,875.2391252297948,983.6742918417474,Rota_Reduzida,0
pedido_882.6135542169259_575,132.8800293070872,101.24644452345048,86.24644452345048,17.106690394008503,15,4.992763008749627,Scooter,Stormy,High,Urban,False,0,1,0,882.6135542169259,983.8599987403763,Aumento_Velocidade,1
pedido_859.0018203536374_556,136.80656228361474,116.96496882354627,116.96496882354627,4.652560454835356,10,4.685810745201945,Van,Windy,Medium,Metropolitian,False,0,0,0,859.0018203536374,985.9667891771837,Nenhuma,0
pedido_852.3540679424551_553,130.15165249681087,128.75282623147328,128.75282623147328,5.31262849725222,5,4.83980266442834,Van,Sandstorms,High,Metropolitian,True,0,1,0,852.3540679424551,986.1068941739284,Nenhuma,0
pedido_868.7649008511846_562,141.381072794161,128.35804512179408,113.35804512179408,17.15995015286878,5,4.590757206299562,Moto,Sandstorms,Jam,Metropolitian,False,0,1,0,868.7649008511846,987.1229459729786,Aumento_Velocidade,0
pedido_864.1829369078403_558,137.53113518932153,124.27771046753315,109.27771046753315,11.269774229778,15,4.7803053844411,Moto,Windy,Jam,Metropolitian,False,0,1,0,864.1829369078403,988.4606473753734,Aumento_Velocidade,0
pedido_871.9889116208387_565,134.3751210934883,130.5956305365106,115.59563053651061,0.0,5,4.671746338569002,Moto,Foggy,High,Metropolitian,False,0,1,0,871.9889116208387,992.5845421573493,Aumento_Velocidade,0
pedido_881.18821680049_573,136.11804812989126,118.47897450572631,103.47897450572631,6.344257014727141,10,4.951747332034293,Scooter,Foggy,High,Metropolitian,False,0,1,0,881.18821680049,994.6671913062163,Aumento_Velocidade,0
pedido_875.0135808734434_566,132.62609042692432,121.48684346764503,106.48684346764503,9.012017123785537,15,4.885184149464652,Moto,Foggy,High,Metropolitian,False,0,1,0,875.0135808734434,996.5004243410884,Aumento_Velocidade,0
pedido_885.6458246883539_578,136.9024974005576,122.97587006094966,107.97587006094966,14.884176714762221,5,5.0,Scooter,Stormy,Jam,Metropolitian,False,0,1,0,885.6458246883539,998.6216947493035,Aumento_Velocidade,0
pedido_901.5749820424987_591,102.18006446448985,93.49707545458216,93.49707545458216,14.377954691435919,5,4.566187678193896,Scooter,Sandstorms,Low,Metropolitian,False,0,0,0,901.5749820424987,1000.0720574970809,Nenhuma,1
pedido_884.9948332999028_577,126.06120859913533,127.42863666424793,112.42863666424793,7.5007965218477155,5,4.656597065976557,Scooter,Foggy,Medium,Metropolitian,False,0,0,0,884.9948332999028,1002.4234699641507,Rota_Reduzida,0
pedido_876.3433717718375_569,129.24945947739258,117.55634092091535,117.55634092091535,8.858650355950232,10,4.447710326587582,Moto,Windy,Low,Metropolitian,False,0,0,0,876.3433717718375,1003.8997126927528,Nenhuma,0
pedido_890.8662278337282_583,143.9383493732425,113.1094073663428,98.1094073663428,20.452366578067185,15,4.894366350668443,Moto,Sandstorms,Jam,Metropolitian,False,0,1,0,890.8662278337282,1003.975635200071,Aumento_Velocidade,0
pedido_914.1542949559789_600,101.76341635504228,90.09199873800767,75.09199873800767,3.545211844949993,15,4.498531663722109,Moto,Sunny,Jam,Metropolitian,False,0,1,1,914.1542949559789,1004.2462936939866,Aumento_Velocidade,1
pedido_853.3909283699286_554,144.3020970793362,137.0480141771128,137.0480141771128,14.192995257069443,15,4.676200843774527,Van,Foggy,High,Urban,True,0,1,0,853.3909283699286,1005.4389425470414,Nenhuma,0
pedido_833.7755698180839_548,174.82199780740868,173.52561224587132,158.52561224587132,2.520434185712199,15,4.446154269116155,Scooter,Sandstorms,Jam,Urban,False,0,1,0,833.7755698180839,1007.3011820639553,Aumento_Velocidade,0
pedido_911.4035851805564_596,135.7975343682578,106.24333263048476,91.24333263048476,15.378678249461412,5,4.802678485434019,Moto,Windy,High,Metropolitian,True,0,1,0,911.4035851805564,1007.6469178110412,Aumento_Velocidade,1
pedido_899.3996428183697_587,105.8662279948134,113.64606073091805,98.64606073091805,5.858801832773974,10,4.513725383430521,Moto,Sunny,High,Metropolitian,False,0,1,1,899.3996428183697,1008.0457035492877,Aumento_Velocidade,0
pedido_936.5057433158053_611,98.71650902594666,82.10852828984537,67.10852828984537,5.043359110628521,5,4.641464712605568,Moto,Sunny,High,Metropolitian,False,0,1,1,936.5057433158053,1008.6142716056506,Aumento_Velocidade,1
pedido_896.97922346384_586,139.7153085249541,121.90014843954225,106.90014843954225,14.396600112197154,5,4.763005474261307,Scooter,Sandstorms,Jam,Metropolitian,False,0,1,0,896.97922346384,1008.8793719033822,Aumento_Velocidade,0
pedido_869.2032494578312_563,153.40110703869067,145.18336230276444,130.18336230276444,16.543333385571064,10,5.0,Moto,Foggy,Jam,Urban,True,0,1,0,869.2032494578312,1009.3866117605957,Aumento_Velocidade,0
pedido_889.516892090918_582,133.29436213148793,131.20005518766067,116.20005518766067,7.209079288140474,5,5.0,Moto,Foggy,Jam,Metropolitian,False,0,1,0,889.516892090918,1010.7169472785786,Aumento_Velocidade,0
pedido_912.9960925049475_598,128.04830767786407,106.62458128124368,91.62458128124368,6.849715676515214,10,4.894027732295833,Moto,Stormy,High,Metropolitian,False,0,1,0,912.9960925049475,1014.6206737861911,Aumento_Velocidade,1
pedido_900.8619741916337_589,135.83600314438158,119.11597185456984,104.11597185456984,9.001989752620522,10,4.989455537907714,Moto,Windy,High,Metropolitian,False,0,1,0,900.8619741916337,1014.9779460462036,Aumento_Velocidade,0
pedido_880.1736615803555_572,134.12547944357516,140.73484504467547,125.73484504467547,5.211636651297636,10,4.707142328390461,Scooter,Foggy,High,Urban,False,0,1,0,880.1736615803555,1015.908506625031,Aumento_Velocidade,0
pedido_896.9021779682055_585,142.01743019643538,119.62811064187193,104.62811064187193,15.712330518979265,15,4.529014934847741,Scooter,Foggy,Medium,Metropolitian,True,0,0,0,896.9021779682055,1016.5302886100774,Rota_Reduzida,0
pedido_930.8046167579466_606,98.84633501984995,86.79460979874582,71.79460979874582,3.911590315235544,15,4.566086102488262,Moto,Sunny,Jam,Urban,False,0,1,1,930.8046167579466,1017.5992265566924,Aumento_Velocidade,1
pedido_912.1005620451023_597,125.42584868045519,107.03016361541906,92.03016361541906,1.8360321565331361,15,4.732814671124327,Moto,Stormy,Jam,Metropolitian,True,0,1,0,912.1005620451023,1019.1307256605213,Aumento_Velocidade,0
pedido_876.1161961166628_568,144.25696432376165,155.9246624372821,140.9246624372821,21.3948815457471,5,4.842048909484298,Moto,Sandstorms,Jam,Metropolitian,False,0,1,0,876.1161961166628,1022.0408585539449,Aumento_Velocidade,0
pedido_933.7961933304011_608,98.78113029324714,99.00892662313724,84.00892662313724,3.7532605871350304,5,4.794568046187708,Moto,Sunny,Jam,Metropolitian,False,0,1,1,933.7961933304011,1022.8051199535383,Aumento_Velocidade,1
pedido_910.8376608093013_595,129.69102038931783,123.40833133159279,108.40833133159279,0.9242909616929191,5,4.623039911037992,Moto,Windy,High,Metropolitian,True,0,1,0,910.8376608093013,1024.245992140894,Aumento_Velocidade,0
pedido_900.4934243882963_588,129.42435318566885,134.3496585191291,119.3496585191291,9.456851856499394,10,4.693119154726286,Scooter,Stormy,High,Metropolitian,False,0,1,0,900.4934243882963,1029.8430829074255,Aumento_Velocidade,0
pedido_901.1881865828828_590,151.4655876996089,139.2612709645616,124.26127096456159,11.587692061423034,5,4.926604841275952,Moto,Foggy,Jam,Urban,True,0,1,0,901.1881865828828,1030.4494575474444,Aumento_Velocidade,0
pedido_904.2895257191013_593,133.29489237256897,136.4913158284988,121.49131582849881,11.861370429468014,5,4.836420419497936,Scooter,Windy,High,Metropolitian,False,0,1,0,904.2895257191013,1030.7808415476002,Aumento_Velocidade,0
pedido_929.4529873093489_605,130.3356826567849,112.58354738944942,97.58354738944942,5.32597514062457,5,4.902186962698639,Moto,Windy,Jam,Metropolitian,True,0,1,0,929.4529873093489,1032.0365346987983,Aumento_Velocidade,1
pedido_985.002503310279_641,46.100097484879484,44.90353782803452,44.90353782803452,13.399033987449142,5,4.466566015023096,Moto,Stormy,High,Metropolitian,False,1,1,0,985.002503310279,1034.9060411383136,Nenhuma,1
pedido_926.2731201630489_604,132.89774736449783,109.66095427751267,94.66095427751267,5.898240646322548,15,5.0,Moto,Windy,High,Urban,False,0,1,0,926.2731201630489,1035.9340744405615,Aumento_Velocidade,0
pedido_865.522052046182_559,171.03621661935873,177.18763637818347,162.18763637818347,3.518010421143208,10,4.304857108096531,Scooter,Stormy,Medium,Metropolitian,False,0,0,0,865.522052046182,1037.7096884243656,Rota_Reduzida,0
pedido_881.7942017639517_574,174.74106983817833,155.9797189237476,140.9797189237476,4.914982765536098,15,4.440985684971562,Moto,Foggy,Medium,Metropolitian,False,0,0,0,881.7942017639517,1037.7739206876993,Rota_Reduzida,0
pedido_905.7717453655318_594,144.3020970793362,139.72697815098294,124.72697815098294,14.25180006059014,10,4.659690127793912,Moto,Foggy,High,Metropolitian,True,0,1,0,905.7717453655318,1040.4987235165147,Aumento_Velocidade,0
pedido_919.1481912846244_601,136.9020501593212,132.6347977106461,117.6347977106461,17.26404496020706,5,4.6124171352977035,Moto,Stormy,Jam,Metropolitian,True,0,1,0,919.1481912846244,1041.7829889952704,Aumento_Velocidade,0
pedido_945.630032617193_615,109.05416205221078,106.6111531483591,91.6111531483591,14.357157729045102,5,4.5233129947737725,Moto,Sunny,High,Metropolitian,True,0,1,1,945.630032617193,1042.241185765552,Aumento_Velocidade,1
pedido_941.4047032573867_612,103.223099969667,92.06737117221246,92.06737117221246,8.03453008230838,10,4.693504162821872,Moto,Stormy,Low,Metropolitian,False,0,0,0,941.4047032573867,1043.4720744295992,Nenhuma,1
pedido_901.598172153072_592,133.3051352232105,132.26662350881514,132.26662350881514,16.48970701957182,10,4.63901738459524,Van,Stormy,Medium,Metropolitian,False,0,0,0,901.598172153072,1043.8647956618872,Nenhuma,0
pedido_968.7739213108856_628,95.3925029513344,77.04785284166397,62.04785284166397,0.0,15,4.915257429977245,Scooter,Sunny,High,Metropolitian,False,0,1,1,968.7739213108856,1045.8217741525496,Aumento_Velocidade,1
pedido_879.8177831223703_571,186.1728709725168,176.9987565120198,161.9987565120198,16.29273054932912,5,4.383176630351591,Moto,Windy,High,Metropolitian,True,0,1,0,879.8177831223703,1046.8165396343902,Aumento_Velocidade,0
pedido_920.6395305272886_602,142.69880885257305,136.63490543197534,121.63490543197534,15.814007271289675,5,4.651822493993834,Moto,Foggy,Medium,Metropolitian,False,0,0,0,920.6395305272886,1047.2744359592639,Rota_Reduzida,0
pedido_935.7277410114095_610,131.65737561148538,113.57723220896557,98.57723220896557,3.772911943573297,15,4.511662559334318,Moto,Sandstorms,Medium,Metropolitian,True,0,0,0,935.7277410114095,1049.3049732203751,Rota_Reduzida,0
pedido_942.5788100575738_613,132.54299494031875,117.43561068214979,102.43561068214979,4.542028442863077,5,4.4660749632719385,Moto,Foggy,High,Urban,False,0,1,0,942.5788100575738,1050.0144207397236,Aumento_Velocidade,0
pedido_951.7646506053396_621,112.03997571306353,109.66339206960251,94.66339206960251,16.691949341848733,5,4.707409708624481,Moto,Sunny,Jam,Metropolitian,True,0,1,1,951.7646506053396,1051.4280426749422,Aumento_Velocidade,1
pedido_913.0898054955244_599,141.7195557967645,144.80714651142142,129.80714651142142,18.240027111825828,10,4.487599049291573,Scooter,Foggy,High,Urban,False,0,1,0,913.0898054955244,1052.8969520069459,Aumento_Velocidade,0
pedido_921.6111896121022_603,141.71486019841103,141.93691858175237,126.93691858175237,13.78852420149435,5,5.0,Scooter,Foggy,High,Metropolitian,False,0,1,0,921.6111896121022,1053.5481081938547,Aumento_Velocidade,0
pedido_950.1102654784769_619,126.88360598578919,112.92129094289506,97.92129094289506,4.057586865733205,10,4.785112214672421,Moto,Sandstorms,Jam,Urban,True,0,1,0,950.1102654784769,1058.031556421372,Aumento_Velocidade,0
pedido_954.9241277355279_623,101.82443410516946,109.78906874993302,94.78906874993302,12.631944982810143,10,4.625591230653904,Scooter,Sunny,High,Metropolitian,False,0,1,1,954.9241277355279,1059.713196485461,Aumento_Velocidade,1
pedido_1012.8825344313549_658,47.617172897287276,44.47015520211562,44.47015520211562,9.437360527815276,5,4.679572220950003,Moto,Stormy,Jam,Urban,False,1,1,0,1012.8825344313549,1062.3526896334706,Nenhuma,1
pedido_994.4378449284245_648,43.71124809663445,54.79118164356552,54.79118164356552,2.7621061272769567,15,4.613645120469346,Moto,Windy,Medium,Metropolitian,True,1,0,0,994.4378449284245,1064.22902657199,Nenhuma,1
pedido_935.4397112966801_609,130.76923128442797,130.24551013429326,115.24551013429326,1.7851133434392565,15,4.839399683594997,Scooter,Windy,High,Metropolitian,False,0,1,0,935.4397112966801,1065.6852214309733,Aumento_Velocidade,0
pedido_966.4662521070661_627,124.2301530842715,118.8006257324861,98.8006257324861,12.112999920028635,5,4.7585901676810245,Moto,Windy,High,Other,False,0,1,0,966.4662521070661,1070.2668778395523,Rota_Reduzida,0
pedido_949.8176139470557_618,137.0217743459296,131.97518801030765,116.97518801030765,16.8143168030007,5,4.673092246198811,Moto,Sandstorms,Medium,Urban,False,0,0,0,949.8176139470557,1071.7928019573633,Rota_Reduzida,0
pedido_887.8332904093278_581,200.66929266040495,196.2656666917051,181.2656666917051,15.295703111762476,5,4.421939238057992,Moto,Stormy,Jam,Metropolitian,False,0,1,0,887.8332904093278,1074.098957101033,Aumento_Velocidade,0
pedido_933.1761535728824_607,140.20326941467613,150.9973208904779,135.9973208904779,14.33448152077093,5,4.804356844766434,Moto,Windy,Jam,Metropolitian,True,0,1,0,933.1761535728824,1074.1734744633604,Aumento_Velocidade,0
pedido_945.8768248741194_616,132.4886587340063,140.90599861412096,125.90599861412096,4.203835765982644,5,4.613313369615426,Moto,Sandstorms,High,Metropolitian,False,0,1,0,945.8768248741194,1076.7828234882404,Aumento_Velocidade,0
pedido_957.3791647510295_624,139.81822587391676,119.77410170415979,104.77410170415979,15.491594196720817,15,4.637088158941641,Scooter,Windy,Jam,Metropolitian,True,0,1,0,957.3791647510295,1077.1532664551894,Aumento_Velocidade,0
pedido_946.0158652623445_617,150.1587248623217,144.32206498086134,129.32206498086134,18.875755787372317,5,4.9352870799997755,Moto,Foggy,Jam,Metropolitian,False,0,1,0,946.0158652623445,1080.3379302432058,Aumento_Velocidade,0
pedido_952.8115640114429_622,125.05957027558483,113.69076378003666,113.69076378003666,2.53198979293813,15,4.860617022389437,Van,Foggy,Medium,Metropolitian,False,0,0,0,952.8115640114429,1081.5023277914795,Nenhuma,0
pedido_981.8632794781184_638,132.77901003241487,100.01277516818652,85.01277516818652,18.142504211567534,15,4.920469746660289,Moto,Stormy,High,Metropolitian,True,0,1,0,981.8632794781184,1081.876054646305,Aumento_Velocidade,1
pedido_991.0662497747505_646,101.29554141607021,84.0276545378609,84.0276545378609,15.120274473079759,10,4.8788886518388574,Van,Sunny,High,Metropolitian,False,0,1,1,991.0662497747505,1085.0939043126114,Nenhuma,1
pedido_958.3613171688366_625,122.80988043308066,117.33487027082306,117.33487027082306,3.4408590919102835,10,4.537608964911142,Van,Stormy,Jam,Metropolitian,True,0,1,0,958.3613171688366,1085.6961874396598,Nenhuma,0
pedido_977.2765271681279_634,133.18459838649693,114.11565938295203,99.11565938295203,2.3941025800156037,10,4.944619880267435,Moto,Windy,Medium,Metropolitian,False,0,0,0,977.2765271681279,1086.39218655108,Rota_Reduzida,0
pedido_977.8616994692266_635,130.1565637841622,109.61341046235255,94.61341046235255,3.592476990258822,15,4.647505212600081,Moto,Sandstorms,High,Metropolitian,True,0,1,0,977.8616994692266,1087.475109931579,Aumento_Velocidade,0
pedido_1062.7951547296277_686,39.00949515178285,10.990896589722311,10.990896589722311,3.1360946434217034,15,4.5446281418573085,Moto,Sunny,High,Metropolitian,False,1,1,1,1062.7951547296277,1088.78605131935,Nenhuma,1
pedido_981.9050954483852_639,128.1514454261406,112.46607074198909,97.46607074198909,4.696583980961243,10,4.804190339127827,Moto,Foggy,Medium,Metropolitian,False,0,0,0,981.9050954483852,1089.3711661903742,Rota_Reduzida,0
pedido_971.6923148624805_630,140.58719644490893,118.61501649418335,103.61501649418335,11.236683807421624,15,4.874063936418316,Moto,Windy,Jam,Metropolitian,True,0,1,0,971.6923148624805,1090.3073313566638,Aumento_Velocidade,0
pedido_1043.3995545490723_672,45.42703453004678,37.35291169739614,37.35291169739614,17.627449714795517,10,4.724795945296251,Moto,Sandstorms,High,Metropolitian,True,1,1,0,1043.3995545490723,1090.7524662464684,Nenhuma,1
pedido_981.9122384705922_640,133.16107505005107,109.2398675448172,94.2398675448172,3.1230313958518114,15,4.560154568434746,Moto,Stormy,Medium,Metropolitian,False,0,0,0,981.9122384705922,1091.1521060154093,Rota_Reduzida,0
pedido_975.3489800625607_632,135.27831051114404,116.0211901611612,101.0211901611612,18.302874072050166,15,4.555147042377325,Moto,Sandstorms,High,Metropolitian,False,0,1,0,975.3489800625607,1091.370170223722,Aumento_Velocidade,0
pedido_969.3625265517921_629,133.87595194938137,122.81927252808646,107.81927252808646,5.6572145793879995,15,4.617460438184454,Scooter,Foggy,High,Metropolitian,False,0,1,0,969.3625265517921,1092.1817990798786,Aumento_Velocidade,0
pedido_1052.1362316778984_676,44.371745034571845,36.973868744944745,36.973868744944745,5.783961802272671,5,4.789827715337258,Moto,Windy,Medium,Urban,False,1,0,0,1052.1362316778984,1094.110100422843,Nenhuma,1
pedido_989.9765903561724_645,101.75531130319872,100.04342594242563,100.04342594242563,4.6167201532851125,5,4.897871296393248,Moto,Windy,Low,Metropolitian,False,0,0,0,989.9765903561724,1095.020016298598,Nenhuma,1
pedido_978.8090360377868_636,141.67887272572975,123.60104890171422,108.60104890171422,14.211546673628224,10,5.0,Moto,Foggy,High,Metropolitian,False,0,1,0,978.8090360377868,1097.410084939501,Aumento_Velocidade,0
pedido_1003.1709399678069_653,106.20906400080378,105.60210361513886,90.60210361513886,13.472748676695918,5,4.510906049332487,Moto,Sunny,High,Metropolitian,False,0,1,1,1003.1709399678069,1098.7730435829458,Aumento_Velocidade,1
pedido_972.3365970062991_631,144.3020970793362,139.26390722643058,124.26390722643058,14.50732890681369,5,4.722513478168335,Moto,Foggy,High,Urban,True,0,1,0,972.3365970062991,1101.6005042327297,Aumento_Velocidade,0
pedido_1023.8459157913695_668,103.21384191446903,82.87716575251196,67.87716575251196,17.359925458946353,10,5.0,Scooter,Sunny,High,Metropolitian,False,0,1,1,1023.8459157913695,1101.7230815438813,Aumento_Velocidade,1
pedido_1016.4444094501675_662,98.43953418834641,91.36822268468096,76.36822268468096,6.736002931448437,10,4.6275048196173945,Moto,Sunny,Medium,Metropolitian,True,0,0,1,1016.4444094501675,1102.8126321348484,Rota_Reduzida,1
pedido_1079.4530827367957_697,42.590531290923174,10.38753656362434,10.38753656362434,6.164175382033882,15,4.613368484316046,Moto,Windy,Medium,Metropolitian,False,1,0,0,1079.4530827367957,1104.84061930042,Nenhuma,1
pedido_1022.9047097305221_667,99.51876533257081,92.76202396514196,77.76202396514196,4.931324972199601,5,4.723599416578364,Scooter,Sunny,Jam,Metropolitian,False,0,1,1,1022.9047097305221,1105.6667336956639,Aumento_Velocidade,1
pedido_1006.1279793757335_655,106.33944878598084,89.9960937900062,89.9960937900062,7.7101127749508205,10,4.617737712268205,Van,Stormy,Low,Metropolitian,True,0,0,0,1006.1279793757335,1106.1240731657397,Nenhuma,1
pedido_1016.5060883832896_663,101.92106332080041,102.13948570049382,87.13948570049382,14.887643678604318,5,4.769984037145636,Moto,Sunny,High,Urban,False,0,1,1,1016.5060883832896,1108.6455740837835,Aumento_Velocidade,1
pedido_1014.1825228878215_659,102.92476314138578,85.05080205560343,85.05080205560343,18.184112889636168,10,4.855624679110201,Van,Sandstorms,Low,Metropolitian,False,0,0,0,1014.1825228878215,1109.233324943425,Nenhuma,1
pedido_997.6167786089528_649,134.05618403169638,116.08435173332563,101.08435173332563,4.723629894704294,15,4.833816999998213,Moto,Foggy,High,Metropolitian,False,0,1,0,997.6167786089528,1113.7011303422785,Aumento_Velocidade,0
pedido_988.1954566435767_643,140.65004126319144,132.2932357392695,117.2932357392695,16.70806808170525,10,4.790621364940757,Scooter,Foggy,High,Urban,False,0,1,0,988.1954566435767,1115.4886923828462,Aumento_Velocidade,0
pedido_1006.7466576240776_656,125.13637460265599,110.54249322680683,95.54249322680683,2.985929200714143,15,4.576956776076681,Scooter,Sandstorms,Medium,Other,False,0,0,0,1006.7466576240776,1117.2891508508844,Rota_Reduzida,0
pedido_987.1090856372914_642,131.0779867066751,136.52865469885597,121.52865469885597,5.974144366590781,10,4.721622180184164,Moto,Sandstorms,High,Metropolitian,True,0,1,0,987.1090856372914,1118.6377403361473,Aumento_Velocidade,0
pedido_993.4632598670968_647,134.7974215953007,125.4215675732462,110.4215675732462,4.050150094202131,15,4.65151059201756,Moto,Foggy,High,Metropolitian,False,0,1,0,993.4632598670968,1118.884827440343,Aumento_Velocidade,0
pedido_1001.1911113349274_651,135.45496281254202,128.10927237453626,113.10927237453626,0.4364687538033616,5,4.947432517911498,Moto,Windy,Medium,Urban,True,0,0,0,1001.1911113349274,1119.3003837094636,Rota_Reduzida,0
pedido_981.6460696611973_637,129.76130644365819,130.81385794812618,130.81385794812618,7.641711917633505,10,4.658892363550517,Van,Stormy,High,Metropolitian,False,0,1,0,981.6460696611973,1122.4599276093236,Nenhuma,0
pedido_944.1083384282122_614,159.7722741191211,164.58025869834458,164.58025869834458,14.42226189779763,15,4.351282122646276,Moto,Sandstorms,Low,Metropolitian,False,0,0,0,944.1083384282122,1123.6885971265567,Nenhuma,0
pedido_997.703610439378_650,134.5142525570483,112.20407414013803,112.20407414013803,3.62463788388615,15,4.8282259802969465,Van,Foggy,High,Metropolitian,False,0,1,0,997.703610439378,1124.9076845795162,Nenhuma,0
pedido_1003.9928294192812_654,132.76413637961807,133.5359858428839,118.53598584288389,4.761224239397986,5,5.0,Moto,Windy,High,Metropolitian,False,0,1,0,1003.9928294192812,1127.5288152621652,Aumento_Velocidade,0
pedido_1031.8345148627852_670,127.54396087641952,109.69244645268198,94.69244645268198,2.531156678514539,5,4.638573986453699,Scooter,Foggy,Jam,Urban,False,0,1,0,1031.8345148627852,1131.5269613154671,Aumento_Velocidade,1
pedido_958.5971648033734_626,184.64183001258593,182.846774927251,167.846774927251,10.451498728623722,10,4.3542899283641106,Moto,Windy,High,Urban,False,0,1,0,958.5971648033734,1136.4439397306244,Aumento_Velocidade,0
pedido_1009.3562732866915_657,131.1623935387865,127.86588411228485,112.86588411228485,7.683397096587846,15,4.895852197253895,Scooter,Windy,High,Metropolitian,False,0,1,0,1009.3562732866915,1137.2221573989764,Aumento_Velocidade,0
pedido_1086.2883624966637_702,47.13578377107434,43.05663849349009,43.05663849349009,12.457803604096586,10,4.530999830605782,Van,Windy,High,Urban,False,1,1,0,1086.2883624966637,1139.3450009901537,Nenhuma,1
pedido_1073.944601936598_692,103.13427682005756,66.75888212712199,51.75888212712199,4.221357859222518,15,4.544312290500003,Moto,Sunny,Jam,Metropolitian,True,0,1,1,1073.944601936598,1140.70348406372,Aumento_Velocidade,1
pedido_1022.788972197563_666,129.07022980793434,116.51548051308417,116.51548051308417,6.684476106346301,5,4.445911511153138,Scooter,Sandstorms,Low,Metropolitian,True,0,0,0,1022.788972197563,1144.3044527106472,Nenhuma,0
pedido_1048.4675417576557_673,103.42141966773595,94.26555382685817,94.26555382685817,14.37040349135798,5,4.577284008023618,Moto,Stormy,Low,Metropolitian,False,0,0,0,1048.4675417576557,1147.7330955845139,Nenhuma,1
pedido_950.9545407502196_620,202.76695262247145,198.83521847858844,183.83521847858844,15.38905761172576,15,4.437841034545425,Moto,Foggy,Jam,Metropolitian,False,0,1,0,950.9545407502196,1149.7897592288082,Aumento_Velocidade,0
pedido_1021.7124817444684_665,140.6692264980523,133.31107635035207,118.31107635035207,13.227096823252905,10,4.690167100713961,Moto,Sandstorms,Jam,Metropolitian,True,0,1,0,1021.7124817444684,1150.0235580948204,Aumento_Velocidade,0
pedido_976.4714854775573_633,166.0579455244363,169.3393164495018,169.3393164495018,14.249463363435314,10,4.088315433701964,Moto,Windy,Low,Metropolitian,True,0,0,0,976.4714854775573,1155.8108019270592,Nenhuma,0
pedido_1071.3095754403557_690,102.36680396310514,76.99014563571369,76.99014563571369,16.91973485826218,10,5.0,Moto,Windy,Low,Metropolitian,False,0,0,0,1071.3095754403557,1158.2997210760693,Nenhuma,1
pedido_1062.741525830749_685,101.45281504216737,85.70437696686002,85.70437696686002,4.528864607263742,10,4.573528466579458,Moto,Windy,Low,Metropolitian,False,0,0,0,1062.741525830749,1158.445902797609,Nenhuma,1
pedido_1002.4199494251272_652,177.36352387539392,168.68105126513336,153.68105126513336,2.5717642973083006,5,4.429622052304802,Moto,Foggy,High,Urban,False,0,1,0,1002.4199494251272,1161.1010006902607,Aumento_Velocidade,0
pedido_1060.645657406935_682,136.7052465023239,107.22323120499723,92.22323120499723,10.696791379826164,10,4.772595135051741,Scooter,Sandstorms,Medium,Metropolitian,False,0,0,0,1060.645657406935,1162.8688886119323,Rota_Reduzida,1
pedido_1031.035937087397_669,132.8662163156681,137.4098973966739,122.4098973966739,6.571874801772312,10,4.5025493401037755,Scooter,Stormy,Medium,Metropolitian,True,0,0,0,1031.035937087397,1163.445834484071,Rota_Reduzida,0
pedido_1064.278216303982_688,102.92234614888717,110.86253940302805,95.86253940302805,8.977777463361445,5,4.547297217751777,Moto,Sunny,High,Metropolitian,False,0,1,1,1064.278216303982,1165.14075570701,Aumento_Velocidade,1
pedido_1016.0616360030496_660,138.18110349650718,159.27571675678698,144.27571675678698,4.564309109188596,5,4.65509217101741,Scooter,Sandstorms,Medium,Metropolitian,True,0,0,0,1016.0616360030496,1165.3373527598364,Rota_Reduzida,0
pedido_1035.8464283242427_671,132.37142696849875,137.3381576381413,122.3381576381413,4.8010952586587035,10,4.869102968365998,Moto,Sandstorms,High,Metropolitian,False,0,1,0,1035.8464283242427,1168.184585962384,Aumento_Velocidade,0
pedido_1050.5487568959866_675,130.56087931010725,128.722289920503,113.72228992050299,5.843043151197231,5,4.777859752340549,Scooter,Windy,High,Urban,False,0,1,0,1050.5487568959866,1169.2710468164896,Aumento_Velocidade,0
pedido_1088.9536547659009_705,99.16415110617865,93.5615180135456,78.5615180135456,4.220847180822273,5,4.687385380538134,Moto,Sunny,Jam,Urban,False,0,1,1,1088.9536547659009,1172.5151727794464,Aumento_Velocidade,1
pedido_1057.2911362048235_680,141.277858836735,112.50986203032699,112.50986203032699,16.536067968386583,5,4.640554678198933,Van,Foggy,High,Metropolitian,False,0,1,0,1057.2911362048235,1174.8009982351505,Nenhuma,1
pedido_1082.9034774220152_699,129.14592996038715,98.33014422545959,83.33014422545959,3.985536209969865,10,4.764387520356973,Moto,Windy,High,Urban,True,0,1,0,1082.9034774220152,1176.2336216474748,Aumento_Velocidade,1
pedido_1055.0866239242423_679,121.00041275531133,111.74222095460975,111.74222095460975,17.11146593604226,10,4.5125529329812615,Moto,Sunny,Low,Urban,False,0,0,1,1055.0866239242423,1176.8288448788521,Nenhuma,0
pedido_1079.2085777972002_696,108.80169933461968,105.2721655764467,90.2721655764467,11.409791285911162,10,4.514263146507527,Scooter,Sunny,High,Metropolitian,True,0,1,1,1079.2085777972002,1179.4807433736469,Aumento_Velocidade,1
pedido_1079.723750725767_698,138.2955256326862,106.48434804850332,91.48434804850332,11.1803692522133,10,4.7749227268170875,Moto,Sandstorms,Medium,Urban,True,0,0,0,1079.723750725767,1181.2080987742704,Rota_Reduzida,1
pedido_1074.687086026429_694,129.9684466239904,107.07044205291199,92.07044205291199,8.420923817879087,15,4.735884131464801,Moto,Stormy,High,Metropolitian,False,0,1,0,1074.687086026429,1181.757528079341,Aumento_Velocidade,0
pedido_1058.996875277186_681,129.59430586216735,124.54373211435075,109.54373211435075,9.390672826482746,15,4.624671527841347,Scooter,Stormy,High,Metropolitian,False,0,1,0,1058.996875277186,1183.540607391537,Aumento_Velocidade,0
pedido_1074.2826074998318_693,127.9754943419807,121.94302963185555,106.94302963185555,5.685384062898606,5,4.787963497672074,Moto,Windy,Jam,Urban,False,0,1,0,1074.2826074998318,1186.2256371316873,Aumento_Velocidade,0
pedido_1060.9577626369664_683,127.83034834829658,137.75998066184133,122.75998066184133,6.241974957155766,5,4.888829205687145,Scooter,Stormy,High,Metropolitian,True,0,1,0,1060.9577626369664,1188.7177432988078,Aumento_Velocidade,0
pedido_1019.6710044464277_664,178.80527506510262,174.30613721988004,159.30613721988004,8.992117475999194,10,4.3468460957900374,Moto,Foggy,High,Urban,True,0,1,0,1019.6710044464277,1188.9771416663075,Aumento_Velocidade,0
pedido_989.7226169196775_644,197.3855391832689,199.517044027934,184.517044027934,13.850695383333397,15,4.408806039251794,Scooter,Sandstorms,Jam,Metropolitian,False,0,1,0,989.7226169196775,1189.2396609476116,Aumento_Velocidade,0
pedido_1054.787132700756_678,141.8773795015724,134.49709164986925,119.49709164986925,10.34891228977385,15,4.994726988247647,Scooter,Foggy,Medium,Metropolitian,True,0,0,0,1054.787132700756,1189.2842243506252,Rota_Reduzida,0
pedido_1108.33107678617_718,98.60080904772076,82.0091755601906,67.0091755601906,4.613889564627658,15,4.609527507725035,Moto,Sunny,High,Metropolitian,False,0,1,1,1108.33107678617,1190.3402523463606,Aumento_Velocidade,1
pedido_1061.1695516920438_684,118.34810103560214,125.83137027404561,125.83137027404561,14.129248399436117,5,4.451002883339818,Moto,Sunny,Low,Urban,True,0,0,1,1061.1695516920438,1192.0009219660894,Nenhuma,0
pedido_1107.163176432309_717,102.38665475488781,91.63614310182592,76.63614310182592,14.93422632034717,10,4.583156668194309,Moto,Sunny,High,Metropolitian,False,0,1,1,1107.163176432309,1193.7993195341348,Aumento_Velocidade,1
pedido_1063.1022572076402_687,133.22422543771026,133.26637179423696,118.26637179423696,0.0,15,4.97215077154366,Scooter,Sandstorms,High,Metropolitian,True,0,1,0,1063.1022572076402,1196.368629001877,Aumento_Velocidade,0
pedido_1102.1614823743973_714,99.09687109805219,90.94409636372018,90.94409636372018,8.284288463191748,5,4.536793438790804,Scooter,Windy,Low,Urban,False,0,0,0,1102.1614823743973,1198.1055787381174,Nenhuma,1
pedido_1049.261446852497_674,167.21419877765953,158.88026920382003,143.88026920382003,2.771044657986834,5,4.4109807375578125,Moto,Sunny,Medium,Metropolitian,False,0,0,1,1049.261446852497,1198.1417160563171,Rota_Reduzida,0
pedido_1076.585476782853_695,140.89819328805015,126.83016870869182,111.83016870869182,14.419523007633368,10,4.87344531710178,Moto,Sandstorms,Jam,Urban,False,0,1,0,1076.585476782853,1198.4156454915449,Aumento_Velocidade,0
pedido_1105.1289118995996_715,100.14627079225511,103.62842370081837,88.62842370081837,8.79718547812591,5,4.6579313447980635,Moto,Sunny,Medium,Metropolitian,True,0,0,1,1105.1289118995996,1198.757335600418,Rota_Reduzida,1
pedido_1054.6490356955608_677,139.97924802036408,129.7878744758486,129.7878744758486,14.730193061331862,15,5.0,Van,Stormy,Jam,Metropolitian,True,0,1,0,1054.6490356955608,1199.4369101714094,Nenhuma,0
pedido_1120.1997455143687_725,94.58990353618861,89.44748638565072,74.44748638565072,8.658462289438681,5,4.868404469868425,Moto,Sunny,High,Urban,False,0,1,1,1120.1997455143687,1199.6472319000195,Aumento_Velocidade,1
pedido_1094.6450342065903_710,119.9852105449858,96.9675895752427,96.9675895752427,14.054427055677245,10,4.886466536143018,Moto,Sunny,Low,Metropolitian,False,0,0,1,1094.6450342065903,1201.612623781833,Nenhuma,1
pedido_1099.0784839817943_712,136.19618260342702,112.73369651572787,97.73369651572787,12.4850915554348,5,4.8873230914577475,Scooter,Windy,High,Metropolitian,True,0,1,0,1099.0784839817943,1201.8121804975221,Aumento_Velocidade,1
pedido_1115.1397831010338_722,99.08136869365737,92.70325262238458,77.70325262238458,3.4569696681826336,10,4.767001162841218,Moto,Sunny,High,Metropolitian,True,0,1,1,1115.1397831010338,1202.8430357234183,Aumento_Velocidade,1
pedido_1087.6637803029644_704,134.89077910663988,118.675028889591,103.675028889591,14.37321311980807,15,4.617489303525672,Moto,Sandstorms,High,Metropolitian,True,0,1,0,1087.6637803029644,1206.3388091925553,Aumento_Velocidade,0
pedido_1016.1132868015957_661,183.69914589343435,190.9625911369062,175.9625911369062,9.813968658685052,15,4.218041199508238,Moto,Foggy,Medium,Metropolitian,True,0,0,0,1016.1132868015957,1207.075877938502,Rota_Reduzida,0
pedido_1086.3188694195896_703,134.5142525570483,120.94709970569548,105.94709970569548,3.444099372248443,15,4.785874877007936,Moto,Foggy,High,Metropolitian,False,0,1,0,1086.3188694195896,1207.2659691252852,Aumento_Velocidade,0
pedido_1091.4750619705621_708,128.1930844191216,121.20284046662977,106.20284046662977,9.226110616808697,10,4.890016370667699,Scooter,Stormy,High,Metropolitian,False,0,1,0,1091.4750619705621,1207.677902437192,Aumento_Velocidade,0
pedido_1112.6430918959925_720,97.49009431361574,95.79834338688403,80.79834338688403,3.416373512224103,15,4.72164058673894,Scooter,Sunny,High,Metropolitian,False,0,1,1,1112.6430918959925,1208.4414352828765,Aumento_Velocidade,1
pedido_1119.3531906268895_724,94.87554004418845,90.90011210632483,75.90011210632483,2.87074150370177,15,4.923115021645895,Scooter,Sunny,High,Metropolitian,False,0,1,1,1119.3531906268895,1210.2533027332142,Aumento_Velocidade,1
pedido_1090.0829748272265_706,119.89881207147734,111.30159417429894,111.30159417429894,14.65797051298414,10,4.529432184289906,Van,Sunny,Low,Metropolitian,False,0,0,1,1090.0829748272265,1211.3845690015255,Nenhuma,0
pedido_1073.9320662668479_691,130.32599257660078,143.53206128271606,128.53206128271606,9.258495063987493,10,4.7260703779549305,Moto,Foggy,Jam,Metropolitian,False,0,1,0,1073.9320662668479,1212.464127549564,Aumento_Velocidade,0
pedido_1090.838638791693_707,125.28956694435125,128.16498302900843,113.16498302900843,4.207925181827732,10,4.545143745110017,Moto,Stormy,High,Metropolitian,False,0,1,0,1090.838638791693,1214.0036218207015,Aumento_Velocidade,0
pedido_1098.8785668881462_711,127.74289804007219,121.32029724162811,106.32029724162811,7.561442976680219,10,4.697134242715174,Moto,Stormy,High,Metropolitian,True,0,1,0,1098.8785668881462,1215.1988641297744,Aumento_Velocidade,0
pedido_1085.0803184443487_701,143.97997731667903,141.0205090886491,126.0205090886491,20.273700838806338,5,4.811348593613955,Moto,Sandstorms,Jam,Metropolitian,False,0,1,0,1085.0803184443487,1216.1008275329978,Aumento_Velocidade,0
pedido_1179.8474569535808_752,58.53089192672078,21.711415522689137,21.711415522689137,0.0,15,4.203831168108241,Moto,Sandstorms,High,Metropolitian,False,1,1,0,1179.8474569535808,1216.55887247627,Nenhuma,1
pedido_1111.012586785755_719,106.58412499837675,115.83195003766959,100.83195003766959,18.047752216986385,5,4.538253864231193,Scooter,Sunny,High,Metropolitian,False,0,1,1,1111.012586785755,1216.8445368234247,Aumento_Velocidade,0
pedido_1065.4659309456663_689,175.0992318066918,153.27836566592754,138.27836566592754,2.4584867401082184,15,4.311678889038246,Moto,Stormy,High,Metropolitian,False,0,1,0,1065.4659309456663,1218.7442966115939,Aumento_Velocidade,0
pedido_1094.3107373769938_709,133.49846318068467,124.87039528787457,109.87039528787457,15.501633832448093,15,4.904708837129911,Scooter,Windy,High,Metropolitian,False,0,1,0,1094.3107373769938,1219.1811326648683,Aumento_Velocidade,0
pedido_1099.1827666542172_713,139.929493425998,132.74790984079007,117.74790984079007,15.151506565983606,5,5.0,Moto,Windy,Jam,Metropolitian,False,0,1,0,1099.1827666542172,1221.9306764950072,Aumento_Velocidade,0
pedido_1134.9966013309909_730,100.70083564225351,92.32827065433095,77.32827065433095,12.926977652120577,10,5.0,Moto,Sunny,Medium,Urban,False,0,0,1,1134.9966013309909,1222.3248719853218,Rota_Reduzida,1
pedido_1163.6920966740556_741,99.72771392670052,69.1801162490379,54.180116249037894,4.48832029120704,5,4.782526880246412,Scooter,Sunny,Jam,Metropolitian,False,0,1,1,1163.6920966740556,1222.8722129230935,Aumento_Velocidade,1
pedido_1192.3276966205835_757,45.769689585909454,27.444801276443982,27.444801276443982,0.8816399707010252,5,4.501672732240103,Moto,Foggy,Medium,Metropolitian,False,1,0,0,1192.3276966205835,1224.7724978970275,Nenhuma,1
pedido_1175.5538272043825_748,44.59117736600349,34.22108891019006,34.22108891019006,4.237655040711667,15,5.0,Scooter,Foggy,High,Metropolitian,False,1,1,0,1175.5538272043825,1224.7749161145725,Nenhuma,1
pedido_1106.7798531060191_716,132.56111640518574,125.8557805434748,110.8557805434748,16.724753743160345,10,4.690255416660308,Moto,Stormy,Medium,Metropolitian,True,0,0,0,1106.7798531060191,1227.635633649494,Rota_Reduzida,0
pedido_1181.9107468349862_753,46.4570057687777,48.104671651915375,48.104671651915375,16.727501861651678,5,4.707592938438917,Moto,Sandstorms,High,Metropolitian,False,1,1,0,1181.9107468349862,1235.0154184869016,Nenhuma,1
pedido_1143.4422693042284_734,111.03061472219983,102.46281137185487,87.46281137185487,12.012408259936251,5,4.807000625028857,Moto,Sunny,Jam,Urban,True,0,1,1,1143.4422693042284,1235.9050806760833,Aumento_Velocidade,1
pedido_1113.4685794263346_721,128.54841830311835,128.57744172857136,113.57744172857136,1.5667034288863944,10,4.5764970824023665,Scooter,Stormy,High,Metropolitian,False,0,1,0,1113.4685794263346,1237.046021154906,Aumento_Velocidade,0
pedido_1129.5098082525565_728,132.5995064518903,118.18608361024036,103.18608361024036,14.554885798877812,5,5.0,Moto,Stormy,High,Urban,False,0,1,0,1129.5098082525565,1237.6958918627968,Aumento_Velocidade,0
pedido_1116.2612714804484_723,135.44712869951218,127.11746656513574,112.11746656513574,21.00089875324712,15,5.0,Scooter,Stormy,High,Urban,False,0,1,0,1116.2612714804484,1243.3787380455842,Aumento_Velocidade,0
pedido_1123.763146588071_726,138.47368290849994,137.13736965652345,122.13736965652345,17.733841993569232,10,4.747954803382072,Moto,Sandstorms,Medium,Metropolitian,False,0,0,0,1123.763146588071,1255.9005162445947,Rota_Reduzida,0
pedido_1129.297560854117_727,135.0950114883197,131.87937379137043,116.87937379137043,5.62814726490538,10,4.621596910709472,Moto,Stormy,Medium,Urban,True,0,0,0,1129.297560854117,1256.1769346454873,Rota_Reduzida,0
pedido_1139.8974274652844_732,134.26524228980983,126.28571463670579,111.28571463670579,4.04510809273792,5,4.765039443431502,Moto,Windy,Medium,Metropolitian,False,0,0,0,1139.8974274652844,1256.1831421019901,Rota_Reduzida,0
pedido_1156.7402790482784_737,128.77294857909376,109.53790736501588,94.53790736501588,6.78555215473557,5,4.533339042059373,Moto,Windy,High,Metropolitian,True,0,1,0,1156.7402790482784,1256.2781864132942,Aumento_Velocidade,1
pedido_1140.2998018546048_733,133.05681345996058,124.81620972303858,109.81620972303858,0.6113232254716658,10,4.855339379285889,Moto,Sandstorms,High,Metropolitian,False,0,1,0,1140.2998018546048,1260.1160115776433,Aumento_Velocidade,0
pedido_1084.7822816131686_700,176.6789896879121,185.79669459732648,170.79669459732648,4.549638931535417,10,4.399910085710157,Scooter,Sandstorms,High,Urban,False,0,1,0,1084.7822816131686,1265.578976210495,Aumento_Velocidade,0
pedido_1170.101208076947_743,131.59140551472498,110.8079132036925,95.8079132036925,6.967284983513627,10,4.918753407189367,Moto,Sandstorms,High,Metropolitian,False,0,1,0,1170.101208076947,1275.9091212806395,Aumento_Velocidade,0
pedido_1174.079420214937_746,131.5156325366438,103.97642838912849,88.97642838912849,9.72547536439399,15,4.732299566629965,Scooter,Foggy,Jam,Metropolitian,True,0,1,0,1174.079420214937,1278.0558486040654,Aumento_Velocidade,1
pedido_1163.0956055970996_740,144.91782811938128,120.38523255065186,105.38523255065186,17.005409636439925,10,4.451284189461224,Moto,Foggy,High,Metropolitian,True,0,1,0,1163.0956055970996,1278.4808381477515,Aumento_Velocidade,0
pedido_1207.3171664933313_768,103.06528049483579,71.75198850565525,56.75198850565525,10.73403618407282,15,4.989763901506334,Scooter,Sunny,High,Urban,False,0,1,1,1207.3171664933313,1279.0691549989865,Aumento_Velocidade,1
pedido_1233.302590741408_787,63.77552532226124,52.92151511407336,37.92151511407336,0.0,10,4.332934781113949,Moto,Windy,Jam,Metropolitian,False,1,1,0,1233.302590741408,1281.2241058554814,Aumento_Velocidade,1
pedido_1194.424325002747_759,104.49506233858112,87.2307454354121,72.2307454354121,19.756730608264018,15,4.6374312653319985,Moto,Sunny,Medium,Urban,False,0,0,1,1194.424325002747,1281.655070438159,Rota_Reduzida,1
pedido_1177.529168694602_749,143.91163808820735,114.79026710559211,99.79026710559211,14.485261870734236,5,4.62875018618753,Moto,Foggy,High,Metropolitian,True,0,1,0,1177.529168694602,1282.3194358001942,Aumento_Velocidade,1
pedido_1248.1963856683515_799,45.267171003363536,30.28030541076778,30.28030541076778,4.597795968416395,5,4.835718566625713,Scooter,Stormy,Jam,Metropolitian,False,1,1,0,1248.1963856683515,1283.4766910791193,Nenhuma,1
pedido_1170.7264918783544_744,126.51228810129697,123.41341004266081,108.41341004266081,5.992733943474842,5,4.541554359080459,Scooter,Stormy,Jam,Metropolitian,False,0,1,0,1170.7264918783544,1284.1399019210153,Aumento_Velocidade,0
pedido_1159.2496809846275_738,139.86493226928096,135.019970976524,120.01997097652401,10.394915556305723,5,4.819099623607123,Moto,Foggy,Medium,Metropolitian,True,0,0,0,1159.2496809846275,1284.2696519611516,Rota_Reduzida,0
pedido_1151.335661038225_735,143.87999213971185,138.3690317871888,123.36903178718879,15.705170658709475,10,4.756970956416614,Moto,Foggy,High,Metropolitian,True,0,1,0,1151.335661038225,1284.7046928254138,Aumento_Velocidade,0
pedido_1136.7554024566355_731,183.53480275235214,153.76872122010968,138.76872122010968,12.381766217695581,10,4.4457397123963,Scooter,Stormy,Medium,Urban,True,0,0,0,1136.7554024566355,1285.5241236767451,Rota_Reduzida,0
pedido_1179.1744146042827_751,130.2215059362507,118.55956050128488,103.55956050128488,8.443948350902463,5,4.8566512156127715,Moto,Sandstorms,High,Metropolitian,True,0,1,0,1179.1744146042827,1287.7339751055677,Aumento_Velocidade,0
pedido_1133.9982821539056_729,186.23948076384903,165.33549710818454,150.33549710818454,13.937781566144261,10,4.3001397991420545,Scooter,Windy,Medium,Metropolitian,True,0,0,0,1133.9982821539056,1294.33377926209,Rota_Reduzida,0
pedido_1189.6703504800105_755,129.42435318566885,115.98646740646241,100.98646740646241,9.390059672411688,5,4.7388857476937005,Scooter,Stormy,High,Urban,False,0,1,0,1189.6703504800105,1295.656817886473,Aumento_Velocidade,0
pedido_1218.7321694211107_777,96.47934768657458,87.11608095970058,72.11608095970058,5.304604542012669,5,4.962980080846749,Moto,Sunny,Medium,Metropolitian,False,0,0,1,1218.7321694211107,1295.8482503808114,Rota_Reduzida,1
pedido_1174.2246518830148_747,130.67614850022292,126.78062362716557,111.78062362716557,4.010239852524651,10,4.986302383546133,Scooter,Foggy,Jam,Metropolitian,True,0,1,0,1174.2246518830148,1296.0052755101804,Aumento_Velocidade,0
pedido_1161.428391265737_739,142.65883632510054,127.49142889023949,127.49142889023949,16.394279325040017,10,4.683464102866756,Van,Foggy,Medium,Urban,False,0,0,0,1161.428391265737,1298.9198201559766,Nenhuma,0
pedido_1166.4729490172638_742,135.89637094743486,133.54864802236148,118.54864802236148,5.590116245540515,15,4.716630816893516,Scooter,Sandstorms,Medium,Urban,False,0,0,0,1166.4729490172638,1300.0215970396252,Rota_Reduzida,0
pedido_1207.5330012857664_769,108.80169933461968,92.87435499234503,77.87435499234503,11.4477039917831,15,4.456780815211928,Scooter,Sunny,High,Metropolitian,True,0,1,1,1207.5330012857664,1300.4073562781114,Aumento_Velocidade,1
pedido_1203.7152239761072_763,107.3723928334317,103.78943496235816,88.78943496235816,17.48165725155235,10,4.784117906499286,Moto,Sunny,Medium,Metropolitian,True,0,0,1,1203.7152239761072,1302.5046589384654,Rota_Reduzida,1
pedido_1198.026033185094_761,99.35091594877447,94.64674810842779,94.64674810842779,6.379723915399351,10,4.761867780764332,Scooter,Foggy,Low,Urban,False,0,0,0,1198.026033185094,1302.672781293522,Nenhuma,1
pedido_1209.697719156096_770,127.78624168431163,98.08896835168858,83.08896835168858,0.7724424180358049,10,4.636251299221988,Moto,Foggy,Jam,Metropolitian,False,0,1,0,1209.697719156096,1302.7866875077846,Aumento_Velocidade,1
pedido_1173.7651198964254_745,132.27554979211683,139.86837492566247,124.86837492566247,9.788067528420466,5,4.456672144304109,Scooter,Stormy,Medium,Metropolitian,True,0,0,0,1173.7651198964254,1303.6334948220879,Rota_Reduzida,0
pedido_1215.377738691734_772,95.31184662123282,99.99546393617226,84.99546393617226,2.228225824385286,5,4.730961931928875,Moto,Sunny,High,Metropolitian,False,0,1,1,1215.377738691734,1305.3732026279063,Aumento_Velocidade,1
pedido_1191.5262749090878_756,137.1732497899251,124.13256107949238,109.13256107949238,15.51818018096369,5,4.983139055602825,Moto,Windy,High,Metropolitian,False,0,1,0,1191.5262749090878,1305.6588359885802,Aumento_Velocidade,0
pedido_1269.8680022061953_814,43.932953376896094,22.569402942283403,22.569402942283403,12.247705530537065,15,4.71454995951169,Moto,Foggy,Jam,Metropolitian,False,1,1,0,1269.8680022061953,1307.4374051484788,Nenhuma,1
pedido_1199.1032835045303_762,128.03091305643989,114.15748774932405,99.15748774932405,4.489918196286628,10,4.783129917484863,Moto,Stormy,High,Metropolitian,True,0,1,0,1199.1032835045303,1308.2607712538543,Aumento_Velocidade,0
pedido_1178.4568002847043_750,141.32008033116873,140.94142195662727,125.94142195662727,14.808605508737394,10,4.722533496647972,Moto,Foggy,High,Urban,False,0,1,0,1178.4568002847043,1314.3982222413315,Aumento_Velocidade,0
pedido_1218.0504657624929_776,102.97077709614244,108.05563572747971,93.05563572747971,17.176877998785635,5,4.763450001411583,Moto,Sunny,High,Metropolitian,False,0,1,1,1218.0504657624929,1316.1061014899726,Aumento_Velocidade,1
pedido_1193.7820976516632_758,133.84444198160432,135.53063269936393,120.53063269936393,13.130154367629508,5,4.706073745536447,Moto,Windy,High,Urban,False,0,1,0,1193.7820976516632,1319.312730351027,Aumento_Velocidade,0
pedido_1207.1861132631752_767,130.09048105961844,124.78743974652267,109.78743974652267,1.9320917250159306,5,4.909839078199571,Moto,Windy,Jam,Metropolitian,True,0,1,0,1207.1861132631752,1321.973553009698,Aumento_Velocidade,0
pedido_1204.2141904756058_764,125.93693104153891,124.31583728593989,109.31583728593989,1.9195167838736213,10,4.532054238091489,Moto,Stormy,High,Urban,False,0,1,0,1204.2141904756058,1323.5300277615456,Aumento_Velocidade,0
pedido_1274.1636844082243_815,47.89599266941593,34.50237555058996,34.50237555058996,12.100644708486067,15,4.618569273148918,Moto,Windy,Medium,Metropolitian,False,1,0,0,1274.1636844082243,1323.6660599588142,Nenhuma,1
pedido_1204.2632045635755_765,140.15727878894708,124.4376083168737,109.4376083168737,15.762757717673152,10,4.7404101898290945,Scooter,Sandstorms,Jam,Metropolitian,False,0,1,0,1204.2632045635755,1323.7008128804491,Aumento_Velocidade,0
pedido_1260.0727988971641_808,94.31976068419885,64.67645644581991,49.67645644581991,4.491306947290291,15,4.74706496817615,Moto,Sunny,Medium,Metropolitian,False,0,0,1,1260.0727988971641,1324.749255342984,Rota_Reduzida,1
pedido_1222.1555331290792_780,124.23693942505002,118.9082098782402,98.9082098782402,14.628467383430396,5,4.828605295265202,Moto,Windy,High,Other,False,0,1,0,1222.1555331290792,1326.0637430073193,Rota_Reduzida,0
pedido_1218.762249522764_778,129.7674206134111,109.08483248013293,94.08483248013293,5.441054186753697,15,4.820929883280832,Moto,Foggy,Jam,Metropolitian,False,0,1,0,1218.762249522764,1327.847082002897,Aumento_Velocidade,0
pedido_1151.598660652253_736,186.92197021608004,187.00791181448048,172.00791181448048,4.021436130769793,5,4.28910163949485,Scooter,Sunny,Jam,Metropolitian,True,0,1,1,1151.598660652253,1328.6065724667335,Aumento_Velocidade,0
pedido_1215.7072222577992_773,131.30903277223456,113.44201732404642,98.44201732404642,7.897110484197203,15,4.71731447669673,Moto,Windy,Jam,Metropolitian,True,0,1,0,1215.7072222577992,1329.1492395818457,Aumento_Velocidade,0
pedido_1196.8499429698452_760,133.24079692875515,137.7116775247134,122.7116775247134,8.703620171291064,10,4.780515636557129,Scooter,Windy,High,Urban,False,0,1,0,1196.8499429698452,1329.5616204945586,Aumento_Velocidade,0
pedido_1217.1087749444928_774,129.7674206134111,103.08530104475089,103.08530104475089,4.687476900884072,10,4.751664130944578,Van,Foggy,Jam,Metropolitian,False,0,1,0,1217.1087749444928,1330.1940759892436,Nenhuma,1
pedido_1241.8580719613942_792,106.60576203902242,93.5650160574266,78.5650160574266,11.911286852183657,10,4.467102992543682,Scooter,Sunny,High,Urban,False,0,1,1,1241.8580719613942,1330.4230880188209,Aumento_Velocidade,1
pedido_1229.2887448270653_783,100.41802950986413,97.56885083600905,97.56885083600905,7.564516384887547,5,4.635142999747692,Moto,Sandstorms,Low,Metropolitian,False,0,0,0,1229.2887448270653,1331.8575956630743,Nenhuma,1
pedido_1236.400828572673_789,109.05416205221078,103.71373002185908,88.71373002185908,15.375870275800413,10,4.47764720546922,Moto,Sunny,High,Metropolitian,True,0,1,1,1236.400828572673,1335.114558594532,Aumento_Velocidade,1
pedido_1227.3403326783605_782,103.18600348947389,104.5421863955072,104.5421863955072,13.480299613163517,5,4.701613102967982,Moto,Stormy,Low,Metropolitian,False,0,0,0,1227.3403326783605,1336.8825190738676,Nenhuma,1
pedido_1217.77257499302_775,132.37916115113907,125.41473358268803,110.41473358268803,2.5553395597465274,10,4.843999259491642,Scooter,Stormy,Medium,Metropolitian,False,0,0,0,1217.77257499302,1338.1873085757081,Rota_Reduzida,0
pedido_1206.9310722903833_766,136.26809010294815,137.10054763665863,122.10054763665863,11.663317824828237,15,5.0,Moto,Windy,High,Metropolitian,False,0,1,0,1206.9310722903833,1344.031619927042,Aumento_Velocidade,0
pedido_1258.1265482049273_804,97.48490968581984,82.15307841361236,82.15307841361236,2.2615069877863845,5,4.518921707097019,Moto,Sunny,Low,Metropolitian,True,0,0,1,1258.1265482049273,1345.2796266185396,Nenhuma,1
pedido_1250.6163714555983_800,98.69400102712221,94.88679602519984,79.88679602519984,7.668645749005087,15,4.653383431600524,Scooter,Sunny,Jam,Urban,False,0,1,1,1250.6163714555983,1345.503167480798,Aumento_Velocidade,1
pedido_1297.485595473043_828,48.22534676625337,33.7757154745007,33.7757154745007,1.0757275784776974,15,4.747979130463808,Moto,Foggy,High,Urban,False,1,1,0,1297.485595473043,1346.2613109475437,Nenhuma,1
pedido_1220.792078773878_779,134.06561286390615,125.81241963211363,110.81241963211363,9.388871432989315,15,4.638932488250435,Scooter,Foggy,High,Metropolitian,False,0,1,0,1220.792078773878,1346.6044984059918,Aumento_Velocidade,0
pedido_1260.2567836782948_809,98.37180771795379,77.66757068026322,77.66757068026322,9.003196954008747,10,5.0,Moto,Foggy,Low,Metropolitian,False,0,0,0,1260.2567836782948,1347.924354358558,Nenhuma,1
pedido_1245.580047381334_795,129.20526932100512,102.56698669545254,87.56698669545254,0.37778448386897434,15,4.452327010977783,Scooter,Windy,High,Metropolitian,True,0,1,0,1245.580047381334,1348.1470340767864,Aumento_Velocidade,1
pedido_1186.5230686234204_754,181.42382200807995,172.59684079666616,157.59684079666616,9.929501156396674,5,4.434195565751872,Moto,Stormy,High,Metropolitian,False,0,1,0,1186.5230686234204,1349.1199094200865,Aumento_Velocidade,0
pedido_1258.4823455174055_805,99.003947290643,95.99032050979157,80.99032050979157,3.825822768242518,10,5.0,Scooter,Sunny,High,Metropolitian,False,0,1,1,1258.4823455174055,1349.4726660271972,Aumento_Velocidade,1
pedido_1247.7811758322002_798,102.48765194097236,87.1610843653782,87.1610843653782,14.25126283129993,15,4.998875658135836,Scooter,Stormy,Low,Urban,False,0,0,0,1247.7811758322002,1349.9422601975784,Nenhuma,1
pedido_1236.2303592257272_788,124.21802003328814,116.23801649223367,101.23801649223367,3.330348583269812,15,4.733443706625536,Moto,Foggy,Medium,Metropolitian,True,0,0,0,1236.2303592257272,1352.468375717961,Rota_Reduzida,0
pedido_1238.9563991903954_791,133.42097770981422,123.85710022301865,108.85710022301865,11.575713695712839,5,4.812813774323143,Scooter,Windy,Medium,Metropolitian,False,0,0,0,1238.9563991903954,1352.813499413414,Rota_Reduzida,0
pedido_1281.5156793695207_821,97.4496025945998,78.64356347688046,63.64356347688046,9.78713944203096,10,4.4959539764572405,Moto,Sunny,Medium,Metropolitian,False,0,0,1,1281.5156793695207,1355.1592428464012,Rota_Reduzida,1
pedido_1259.3346725033928_806,101.85067578837038,105.8404254740364,90.8404254740364,15.631799812662603,5,5.0,Moto,Sunny,High,Metropolitian,False,0,1,1,1259.3346725033928,1355.1750979774292,Aumento_Velocidade,1
pedido_1230.9637307744197_785,143.87999213971185,135.40501610746068,120.40501610746068,15.574157343954802,5,4.8185587019404545,Moto,Foggy,High,Metropolitian,True,0,1,0,1230.9637307744197,1356.3687468818803,Aumento_Velocidade,0
pedido_1253.3149135763788_801,96.12338172112565,114.3409266606068,99.3409266606068,6.607453174307113,5,4.496044743147318,Moto,Sunny,Medium,Metropolitian,False,0,0,1,1253.3149135763788,1357.6558402369856,Rota_Reduzida,1
pedido_1246.3063747639258_797,129.34163027927568,113.02830335546474,98.02830335546474,4.742019677242687,15,4.8533418442986065,Moto,Foggy,Jam,Urban,False,0,1,0,1246.3063747639258,1359.3346781193904,Aumento_Velocidade,0
pedido_1232.2132324357408_786,134.75945143054273,130.9759234148569,115.97592341485691,5.662441470018086,15,4.761645127167387,Moto,Stormy,Medium,Metropolitian,False,0,0,0,1232.2132324357408,1363.1891558505977,Rota_Reduzida,0
pedido_1298.8881243250537_831,94.59897983503738,66.74610926478502,51.74610926478502,8.056241028987651,15,4.671716393263047,Moto,Sunny,High,Metropolitian,False,0,1,1,1298.8881243250537,1365.6342335898387,Aumento_Velocidade,1
pedido_1261.189907022124_810,102.11770937331092,96.87013511992821,96.87013511992821,6.252125335834361,10,4.739726604719194,Moto,Windy,Low,Metropolitian,False,0,0,0,1261.189907022124,1368.0600421420522,Nenhuma,1
pedido_1317.1660331213268_842,44.440419179885396,41.876044606879105,41.876044606879105,17.117726875043445,10,4.856205236270249,Moto,Stormy,High,Metropolitian,False,1,1,0,1317.1660331213268,1369.0420777282059,Nenhuma,1
pedido_1255.665274787782_802,127.68784875238822,115.97255944869332,100.97255944869332,6.264967387074669,15,4.5917371476204645,Moto,Stormy,Jam,Metropolitian,False,0,1,0,1255.665274787782,1371.6378342364753,Aumento_Velocidade,0
pedido_1223.2784810930052_781,152.24312390022155,134.71379527401368,134.71379527401368,17.24210870733286,15,4.842831191941935,Van,Foggy,Jam,Metropolitian,True,0,1,0,1223.2784810930052,1372.9922763670188,Nenhuma,0
pedido_1242.588039076978_793,142.18461699938933,140.446013939205,125.44601393920499,18.033208665877396,5,4.694631250179081,Moto,Foggy,High,Metropolitian,False,0,1,0,1242.588039076978,1373.034053016183,Aumento_Velocidade,0
pedido_1257.190165099316_803,134.00965020994704,132.05204028401772,117.05204028401772,9.214592812037623,5,4.602905931375621,Moto,Windy,High,Metropolitian,False,0,1,0,1257.190165099316,1379.2422053833336,Aumento_Velocidade,0
pedido_1212.4599643598633_771,175.74051779452773,167.3704558486023,152.3704558486023,6.236160811161537,15,4.4131661434506775,Moto,Windy,High,Metropolitian,False,0,1,0,1212.4599643598633,1379.8304202084655,Aumento_Velocidade,0
pedido_1284.3620439135314_824,131.5156325366438,101.41868608769659,86.41868608769659,9.458720929506825,10,4.678353803235647,Moto,Foggy,Jam,Urban,True,0,1,0,1284.3620439135314,1380.780730001228,Aumento_Velocidade,1
pedido_1278.5988165204735_820,101.42742283254435,92.44085135388372,92.44085135388372,7.8295088063203355,10,5.0,Moto,Sandstorms,Low,Metropolitian,False,0,0,0,1278.5988165204735,1381.0396678743573,Nenhuma,1
pedido_1277.1955487093805_819,141.6082059990019,108.92300231183125,93.92300231183125,15.701906882162143,10,4.7430179663000445,Moto,Sandstorms,Jam,Metropolitian,True,0,1,0,1277.1955487093805,1381.1185510212117,Aumento_Velocidade,1
pedido_1244.4649147430628_794,139.7153085249541,147.9930202562827,132.9930202562827,14.92786056888795,5,4.798492388350598,Moto,Sandstorms,Jam,Metropolitian,False,0,1,0,1244.4649147430628,1382.4579349993455,Aumento_Velocidade,0
pedido_1276.1463595973846_818,132.92474254065405,106.89784529650389,91.89784529650389,9.470207118623149,15,4.792200798345645,Moto,Foggy,High,Urban,True,0,1,0,1276.1463595973846,1383.0442048938885,Aumento_Velocidade,0
pedido_1265.3175896437574_813,135.5068385885151,129.69654784632104,114.69654784632104,4.754569585186234,5,4.611438157431928,Scooter,Stormy,Medium,Metropolitian,False,0,0,0,1265.3175896437574,1385.0141374900784,Rota_Reduzida,0
pedido_1298.0751684519903_829,100.62325551178802,88.91164214778489,73.91164214778489,5.7573890610477845,15,4.90170943411705,Scooter,Sunny,Jam,Urban,True,0,1,1,1298.0751684519903,1386.9868105997753,Aumento_Velocidade,1
pedido_1298.6572458873043_830,102.57911321272154,88.35223338524695,73.35223338524695,17.458136433730193,15,4.6177113256397355,Moto,Sunny,High,Metropolitian,False,0,1,1,1298.6572458873043,1387.0094792725513,Aumento_Velocidade,1
pedido_1276.1186732457406_817,135.61575001181893,113.56999458992547,98.56999458992547,11.629657907528795,15,4.993349267209179,Moto,Stormy,Medium,Metropolitian,False,0,0,0,1276.1186732457406,1389.6886678356661,Rota_Reduzida,0
pedido_1348.3668019388103_860,64.223827561651,43.964478235481835,28.964478235481835,4.871122016397683,15,4.387831249575155,Moto,Stormy,High,Metropolitian,False,1,1,0,1348.3668019388103,1392.3312801742923,Aumento_Velocidade,1
pedido_1305.990229444839_837,101.13833093960928,86.8013050499186,71.8013050499186,9.901836644775045,15,4.729943704028767,Scooter,Sunny,High,Metropolitian,False,0,1,1,1305.990229444839,1392.7915344947578,Aumento_Velocidade,1
pedido_1275.0129226900829_816,142.18461699938933,132.58410322020225,117.58410322020225,18.291485634745705,5,4.726055882008458,Scooter,Foggy,High,Metropolitian,False,0,1,0,1275.0129226900829,1397.597025910285,Aumento_Velocidade,0
pedido_1285.221901253351_825,130.45673339603294,107.54733828148733,107.54733828148733,6.786785952914666,5,4.806739769666625,Van,Windy,High,Metropolitian,True,0,1,0,1285.221901253351,1397.7692395348383,Nenhuma,1
pedido_1314.1816995913537_840,105.33481927995679,94.15035790069896,79.15035790069896,15.888370254880682,5,4.8426576745014644,Scooter,Sunny,Medium,Metropolitian,True,0,0,1,1314.1816995913537,1398.3320574920526,Rota_Reduzida,1
pedido_1351.1245024612508_864,45.66592080737838,32.485618884082534,32.485618884082534,16.93446227272665,15,5.0,Scooter,Foggy,High,Metropolitian,True,1,1,0,1351.1245024612508,1398.6101213453333,Nenhuma,1
pedido_1283.3297086074194_823,134.11802551561527,121.63862293424117,106.63862293424117,13.45327912382198,15,4.876106557832573,Moto,Sandstorms,High,Metropolitian,False,0,1,0,1283.3297086074194,1404.9683315416605,Aumento_Velocidade,0
pedido_1299.5180333739647_832,133.09159733098105,106.6083426576449,91.6083426576449,2.1763253073129203,15,4.725086482275563,Scooter,Stormy,Medium,Metropolitian,False,0,0,0,1299.5180333739647,1406.1263760316097,Rota_Reduzida,0
pedido_1289.2712812992543_826,135.00753087824327,124.06906201735791,109.06906201735791,8.376953374656688,10,5.0,Moto,Windy,High,Urban,True,0,1,0,1289.2712812992543,1408.3403433166122,Aumento_Velocidade,0
pedido_1300.6623467239588_833,128.05214671675935,109.98636160171655,94.98636160171655,4.503301006650587,15,4.866933806387379,Moto,Windy,Jam,Metropolitian,False,0,1,0,1300.6623467239588,1410.6487083256752,Aumento_Velocidade,0
pedido_1359.013907648539_868,45.31969002673865,46.69295722682062,46.69295722682062,11.137006687304055,5,4.977338968091733,Van,Foggy,Jam,Metropolitian,True,1,1,0,1359.013907648539,1410.7068648753598,Nenhuma,1
pedido_1246.2209228686088_796,166.50780174671303,176.68869274785646,161.68869274785646,7.714409620778502,5,4.374914107993695,Moto,Sunny,Medium,Urban,False,0,0,1,1246.2209228686088,1412.9096156164653,Rota_Reduzida,0
pedido_1339.0087745121218_854,102.08981388395627,76.97530587048688,61.97530587048688,11.120923930632614,15,4.819538938684188,Moto,Sunny,High,Metropolitian,False,0,1,1,1339.0087745121218,1415.9840803826087,Aumento_Velocidade,1
pedido_1283.1799544794758_822,135.4269565080043,143.6829921613681,128.6829921613681,17.522255552551403,5,4.58333721372237,Moto,Sandstorms,High,Metropolitian,False,0,1,0,1283.1799544794758,1416.8629466408438,Aumento_Velocidade,0
pedido_1264.309180380641_811,159.24803942524355,143.1679842818781,143.1679842818781,15.398583544732672,10,4.423981077928805,Moto,Sandstorms,Low,Urban,False,0,0,0,1264.309180380641,1417.477164662519,Nenhuma,0
pedido_1307.313093259172_838,136.55436747650745,116.10023859215974,101.10023859215974,14.043804838335863,10,4.548190419760351,Moto,Foggy,Medium,Other,False,0,0,0,1307.313093259172,1418.4133318513318,Rota_Reduzida,0
pedido_1229.8109947924577_784,201.30482644042345,190.30699058777077,175.30699058777077,19.313891828969453,15,4.419641305505767,Scooter,Foggy,Jam,Metropolitian,False,0,1,0,1229.8109947924577,1420.1179853802284,Aumento_Velocidade,0
pedido_1305.9105442668758_836,133.9787561266745,128.49165029919374,113.49165029919374,2.5351016870876077,5,5.0,Moto,Windy,High,Metropolitian,False,0,1,0,1305.9105442668758,1424.4021945660695,Aumento_Velocidade,0
pedido_1291.4795858875466_827,140.4871397671035,134.68549631514415,119.68549631514415,14.43432397720187,15,4.786513305263679,Scooter,Foggy,High,Metropolitian,False,0,1,0,1291.4795858875466,1426.1650822026907,Aumento_Velocidade,0
pedido_1331.7555765304335_849,102.50407678774451,79.81432052179373,79.81432052179373,1.8628522133623888,15,4.69658546249109,Scooter,Windy,Low,Metropolitian,True,0,0,0,1331.7555765304335,1426.5698970522271,Nenhuma,1
pedido_1303.680052873855_835,132.96881234173745,136.41942192888203,121.41942192888203,6.283428804585974,5,4.737370458908777,Moto,Stormy,Medium,Urban,False,0,0,0,1303.680052873855,1430.099474802737,Rota_Reduzida,0
pedido_1327.1481596368562_847,102.31730649553023,102.96703748651451,87.96703748651451,15.245553598128817,15,4.606535713943266,Scooter,Sunny,Medium,Metropolitian,False,0,0,1,1327.1481596368562,1430.1151971233708,Rota_Reduzida,1
pedido_1259.96771610484_807,178.6483698338115,170.29644562732858,155.29644562732858,14.309497565697464,15,4.384212131751795,Moto,Sunny,High,Metropolitian,False,0,1,1,1259.96771610484,1430.2641617321688,Aumento_Velocidade,0
pedido_1318.896628712474_843,136.37695337191965,111.38051031241343,96.38051031241343,14.398160740592719,15,4.477176019546273,Moto,Sandstorms,Medium,Metropolitian,False,0,0,0,1318.896628712474,1430.2771390248874,Rota_Reduzida,0
pedido_1340.1528455465432_857,121.51919135113957,106.63385087103117,86.63385087103117,8.961698010268016,10,4.87920195878931,Moto,Sandstorms,High,Other,False,0,1,0,1340.1528455465432,1436.7866964175744,Rota_Reduzida,1
pedido_1238.5328209380648_790,195.4075268477792,203.56590320300862,188.56590320300862,5.4083127260250805,10,4.374563888453736,Scooter,Sunny,High,Metropolitian,True,0,1,1,1238.5328209380648,1437.0987241410735,Aumento_Velocidade,0
pedido_1300.9859308830116_834,131.891055982983,126.26162600391746,126.26162600391746,3.2992940668030943,10,5.0,Van,Sandstorms,Medium,Metropolitian,False,0,0,0,1300.9859308830116,1437.247556886929,Nenhuma,0
pedido_1326.2417091742648_845,103.47363434721541,102.14663145800618,102.14663145800618,13.553640702760532,10,5.0,Moto,Sandstorms,Low,Metropolitian,True,0,0,0,1326.2417091742648,1438.388340632271,Nenhuma,1
pedido_1314.7153234647835_841,128.48238401496502,129.02341795923684,114.02341795923684,2.574811868813879,10,4.7643620284521555,Scooter,Stormy,High,Metropolitian,False,0,1,0,1314.7153234647835,1438.7387414240204,Aumento_Velocidade,0
pedido_1333.0461116514173_850,134.6154842922761,98.45783639774822,98.45783639774822,17.541905960260053,15,4.947899506090682,Van,Windy,High,Metropolitian,False,0,1,0,1333.0461116514173,1446.5039480491655,Nenhuma,1
pedido_1339.9460664818891_856,101.19752026668668,97.60502250980237,97.60502250980237,4.840522016136883,10,4.750812395827815,Moto,Sandstorms,Low,Metropolitian,False,0,0,0,1339.9460664818891,1447.5510889916916,Nenhuma,1
pedido_1333.8921030042327_852,133.64542714196853,123.67111374060514,108.67111374060514,0.0,5,4.909972779854058,Moto,Windy,Medium,Metropolitian,False,0,0,0,1333.8921030042327,1447.5632167448377,Rota_Reduzida,0
pedido_1265.1501064066886_812,188.67355863739115,182.81200942226866,167.81200942226866,15.84433898368948,15,4.364762860477632,Scooter,Sandstorms,Medium,Metropolitian,False,0,0,0,1265.1501064066886,1447.9621158289572,Rota_Reduzida,0
pedido_1330.3106458231205_848,129.01666075656678,131.26006894732458,116.26006894732458,3.1894710158066037,5,4.538715390400291,Scooter,Windy,High,Metropolitian,False,0,1,0,1330.3106458231205,1451.570714770445,Aumento_Velocidade,0
pedido_1326.300037441183_846,132.10100172571788,113.28017972797673,113.28017972797673,5.0644177723140995,15,4.9675933711332,Van,Windy,High,Urban,True,0,1,0,1326.300037441183,1454.5802171691596,Nenhuma,0
pedido_1372.2098913522132_874,102.21359134503595,88.19931826071368,73.19931826071368,13.59677622623468,10,5.0,Moto,Sunny,High,Metropolitian,False,0,1,1,1372.2098913522132,1455.4092096129268,Aumento_Velocidade,1
pedido_1347.7871248890858_859,129.6578154282254,115.18395956437281,100.18395956437281,2.5319593071178965,10,4.789055611233377,Moto,Sandstorms,Medium,Urban,False,0,0,0,1347.7871248890858,1457.9710844534586,Rota_Reduzida,0
pedido_1351.5694148380776_865,101.47464162636092,117.65465178024184,102.65465178024184,6.1350621139123795,5,4.968600868848016,Scooter,Sunny,High,Metropolitian,True,0,1,1,1351.5694148380776,1459.2240666183195,Aumento_Velocidade,0
pedido_1353.324249670716_866,94.56360282171893,94.69092340148786,94.69092340148786,2.238404243833675,15,4.951105780732371,Moto,Sunny,Low,Metropolitian,False,0,0,1,1353.324249670716,1463.0151730722039,Nenhuma,1
pedido_1371.9368363948831_873,125.82283207891876,96.52875221337808,81.52875221337808,6.981916885168635,10,4.514597509039348,Scooter,Sandstorms,Jam,Urban,False,0,1,0,1371.9368363948831,1463.4655886082612,Aumento_Velocidade,1
pedido_1345.906740450868_858,136.07765899363275,122.82702784958923,107.82702784958923,5.519863217880268,10,4.968084115992545,Moto,Foggy,High,Metropolitian,False,0,1,0,1345.906740450868,1463.7337683004573,Aumento_Velocidade,0
pedido_1356.9435856387752_867,135.8251700970151,110.79576953320168,95.79576953320168,15.51121238045689,15,4.613618573426749,Scooter,Windy,Jam,Urban,False,0,1,0,1356.9435856387752,1467.739355171977,Aumento_Velocidade,0
pedido_1349.0861441241566_862,134.22156031072382,123.2502784807123,108.2502784807123,7.380765609082536,15,4.820710941594929,Scooter,Sandstorms,Medium,Metropolitian,False,0,0,0,1349.0861441241566,1472.3364226048689,Rota_Reduzida,0
pedido_1364.1787673121078_871,135.30943919881244,108.818371088922,93.818371088922,16.688308169943276,15,4.743934285382814,Moto,Sandstorms,High,Metropolitian,True,0,1,0,1364.1787673121078,1472.9971384010298,Aumento_Velocidade,0
pedido_1363.6032313014691_869,126.49453616799754,110.48196630858804,95.48196630858804,0.9094395206020325,15,4.535515804942172,Scooter,Stormy,High,Metropolitian,False,0,1,0,1363.6032313014691,1474.085197610057,Aumento_Velocidade,0
pedido_1349.045480818061_861,134.3950241314574,129.6012267585531,114.60122675855311,16.722883920194956,15,4.714188575917794,Moto,Sandstorms,High,Metropolitian,False,0,1,0,1349.045480818061,1478.646707576614,Aumento_Velocidade,0
pedido_1374.128691407754_875,135.9371852814941,110.94057792953127,95.94057792953127,13.774225158112978,15,4.939368167002918,Scooter,Windy,Jam,Metropolitian,False,0,1,0,1374.128691407754,1485.0692693372853,Aumento_Velocidade,0
pedido_1309.2664470793204_839,185.71047892259375,180.84546245049776,165.84546245049776,14.644495280813242,10,4.276391941905173,Moto,Sandstorms,High,Urban,False,0,1,0,1309.2664470793204,1485.1119095298181,Aumento_Velocidade,0
pedido_1363.9487466831229_870,132.141537028009,122.4184219676084,107.4184219676084,6.403256721854831,15,4.894630703103907,Moto,Foggy,High,Metropolitian,False,0,1,0,1363.9487466831229,1486.3671686507312,Aumento_Velocidade,0
pedido_1350.1097392347192_863,140.72448743529725,150.20509952617837,135.20509952617837,11.338214868386935,5,4.833803063685949,Moto,Windy,Jam,Metropolitian,True,0,1,0,1350.1097392347192,1490.3148387608976,Aumento_Velocidade,0
pedido_1321.3544652563635_844,171.48661698624278,174.52876452658344,159.52876452658344,8.834896158736644,10,4.412762412641458,Moto,Stormy,Medium,Urban,False,0,0,0,1321.3544652563635,1490.883229782947,Rota_Reduzida,0
pedido_1377.5324506151937_877,129.9293823734775,124.44089807989243,109.44089807989243,18.538014820137892,5,4.797681536451765,Moto,Stormy,High,Urban,False,0,1,0,1377.5324506151937,1491.973348695086,Aumento_Velocidade,0
pedido_1333.8916259626687_851,162.03363264273,146.52771520299484,146.52771520299484,12.768188884580386,15,4.173573694340154,Moto,Stormy,Low,Metropolitian,False,0,0,0,1333.8916259626687,1495.4193411656636,Nenhuma,0
pedido_1369.7583227052578_872,133.0196758514353,143.33442283602534,128.33442283602534,14.907818429110195,5,4.667702559438178,Moto,Windy,High,Metropolitian,False,0,1,0,1369.7583227052578,1503.0927455412832,Aumento_Velocidade,0
pedido_1380.659048951353_879,130.78481102416515,112.79131112502266,112.79131112502266,4.090959989570558,10,4.721291014393803,Van,Sandstorms,High,Metropolitian,True,0,1,0,1380.659048951353,1503.4503600763758,Nenhuma,0
pedido_1379.4448471651326_878,135.0392319513342,134.3665112054514,119.36651120545139,5.9290260053145385,5,4.9877126156026605,Moto,Foggy,High,Metropolitian,True,0,1,0,1379.4448471651326,1503.811358370584,Aumento_Velocidade,0
pedido_1335.8119375639924_853,183.66536750413312,170.37576516269075,170.37576516269075,17.8213057668022,10,4.444097545395591,Van,Sandstorms,High,Metropolitian,True,0,1,0,1335.8119375639924,1516.1877027266833,Nenhuma,0
pedido_1339.3689268253083_855,185.2227104232887,176.45467349520024,176.45467349520024,13.167927722813054,5,4.435978006919439,Van,Sandstorms,High,Urban,True,0,1,0,1339.3689268253083,1520.8236003205086,Nenhuma,0
pedido_1374.7082533883279_876,176.79186238166716,157.5752996650829,142.5752996650829,5.779858787721007,15,4.43731994948484,Moto,Sandstorms,High,Metropolitian,False,0,1,0,1374.7082533883279,1532.2835530534107,Aumento_Velocidade,0
pedido_1444.2310944332114_3,102.89700102758827,77.15766811877128,77.15766811877128,5.535651631484005,15,4.6015552697247335,Moto,Stormy,Low,Metropolitian,False,0,0,0,1444.2310944332114,1536.3887625519826,Nenhuma,1
pedido_1442.876913192306_1,132.36481215780856,112.89444146095403,97.89444146095403,4.4265871175833365,15,4.654451547779866,Moto,Sandstorms,High,Metropolitian,False,0,1,0,1442.876913192306,1555.77135465326,Aumento_Velocidade,0
pedido_1474.6389219943976_15,101.8754578411485,92.93952535079681,77.93952535079681,19.98823781855835,5,4.607035490869525,Moto,Sunny,High,Urban,False,0,1,1,1474.6389219943976,1557.5784473451945,Aumento_Velocidade,1
pedido_1441.8397635174772_0,134.0293638312794,128.61237128977515,113.61237128977515,8.472498301956179,5,4.635932349134759,Moto,Foggy,High,Metropolitian,False,0,1,0,1441.8397635174772,1560.4521348072524,Aumento_Velocidade,0
pedido_1456.1848232382456_8,99.62808302081272,115.07990214329024,100.07990214329024,7.18167359847955,5,4.947298804547955,Scooter,Sunny,Jam,Metropolitian,False,0,1,1,1456.1848232382456,1561.2647253815358,Aumento_Velocidade,0
pedido_1453.9037106987164_5,102.82954796357798,97.29466949366132,97.29466949366132,13.367502893705113,15,4.767916853921593,Moto,Windy,Low,Metropolitian,False,0,0,0,1453.9037106987164,1566.1983801923777,Nenhuma,1
pedido_1460.9572884784843_10,133.79104047427344,115.87340321808396,100.87340321808396,5.390043121508947,5,4.765508249285594,Moto,Foggy,High,Urban,False,0,1,0,1460.9572884784843,1566.8306916965682,Aumento_Velocidade,0
pedido_1491.7540814617455_26,121.42993550165092,86.99817050714756,66.99817050714756,0.0,10,4.489422797768268,Moto,Windy,High,Other,False,0,1,0,1491.7540814617455,1568.752251968893,Rota_Reduzida,1
pedido_1455.0568213267754_6,132.5890508583103,114.69985914318517,99.69985914318517,14.720784557124459,15,4.611795920202275,Scooter,Windy,High,Metropolitian,False,0,1,0,1455.0568213267754,1569.7566804699607,Aumento_Velocidade,0
pedido_1478.0091799931631_18,124.75989381478189,103.05358132900867,88.05358132900867,2.5770573415207183,5,4.564469158825257,Scooter,Foggy,Medium,Metropolitian,False,0,0,0,1478.0091799931631,1571.0627613221718,Rota_Reduzida,1
pedido_1482.4211448933029_19,110.16260416368422,93.98194464890172,78.98194464890172,11.332248321201995,15,4.668860243303804,Scooter,Sunny,Jam,Metropolitian,False,0,1,1,1482.4211448933029,1576.4030895422045,Aumento_Velocidade,1
pedido_1443.8136470235152_2,134.09240167126177,139.85803842718192,124.85803842718192,13.832849182296735,10,4.456784894653744,Moto,Windy,High,Urban,True,0,1,0,1443.8136470235152,1578.6716854506972,Aumento_Velocidade,0
pedido_1452.8508402689536_4,129.72488940687205,132.59864048831457,117.59864048831457,16.460866497288915,10,4.572669083956715,Scooter,Stormy,High,Urban,False,0,1,0,1452.8508402689536,1580.4494807572682,Aumento_Velocidade,0
pedido_1526.545155948112_37,42.04316964431247,45.40994268342173,45.40994268342173,19.170139933086592,10,4.655382896658637,Scooter,Windy,Low,Metropolitian,False,1,0,0,1526.545155948112,1581.955098631534,Nenhuma,1
pedido_1473.1612620202072_13,128.86708058067612,114.10565065989695,99.10565065989695,0.0,15,4.688126256836747,Scooter,Stormy,High,Urban,True,0,1,0,1473.1612620202072,1587.2669126801043,Aumento_Velocidade,0
pedido_1466.8062121428798_11,126.75376679803882,126.22395798851937,111.22395798851937,5.127153678143175,10,4.451389187105615,Moto,Stormy,Jam,Metropolitian,False,0,1,0,1466.8062121428798,1588.0301701313992,Aumento_Velocidade,0
pedido_1489.1918806745462_23,104.01664035978551,85.92686408788813,85.92686408788813,10.93911023051233,15,4.856501952672846,Moto,Windy,Low,Metropolitian,False,0,0,0,1489.1918806745462,1590.1187447624343,Nenhuma,1
pedido_1484.088977998239_20,127.4117464960537,111.43540150159443,96.43540150159443,7.368308503683586,15,4.776765258769136,Scooter,Stormy,Jam,Metropolitian,False,0,1,0,1484.088977998239,1595.5243794998335,Aumento_Velocidade,0
pedido_1473.5232824543866_14,140.37077103613896,130.72051832317845,115.72051832317845,16.807255821644127,15,4.917013467177744,Scooter,Foggy,High,Metropolitian,False,0,1,0,1473.5232824543866,1604.243800777565,Aumento_Velocidade,0
pedido_1491.5571272486504_25,127.84312972024415,119.97553032812519,104.97553032812519,3.398643675645332,10,4.733456408643555,Moto,Stormy,High,Metropolitian,True,0,1,0,1491.5571272486504,1606.5326575767756,Aumento_Velocidade,0
pedido_1487.9470635556331_22,132.59041126256759,131.0783920024157,116.07839200241571,2.1464352545301377,5,4.898702462636363,Moto,Stormy,Medium,Metropolitian,False,0,0,0,1487.9470635556331,1609.0254555580489,Rota_Reduzida,0
pedido_1460.518792876476_9,146.1893601952126,139.30939750865122,139.30939750865122,1.7984064256882233,10,4.369794618434092,Moto,Sunny,Low,Metropolitian,False,0,0,1,1460.518792876476,1609.8281903851273,Nenhuma,0
pedido_1491.5234713105663_24,144.85897253022222,119.3707134913225,104.3707134913225,22.417221727193414,15,4.638467604394746,Moto,Foggy,High,Metropolitian,False,0,1,0,1491.5234713105663,1610.8941848018887,Aumento_Velocidade,0
pedido_1520.759280396937_33,98.85747052239749,75.49116733760489,75.49116733760489,7.221365167851889,15,4.9052495400945055,Scooter,Foggy,Low,Urban,False,0,0,0,1520.759280396937,1611.2504477345417,Nenhuma,1
pedido_1477.7485332493993_17,142.09565234373633,145.13371485335756,130.13371485335756,10.888213891726263,5,4.732187191502092,Scooter,Foggy,Medium,Metropolitian,False,0,0,0,1477.7485332493993,1612.8822481027569,Rota_Reduzida,0
pedido_1455.1890367367787_7,166.61070867586687,153.22219336156965,153.22219336156965,13.094899331912169,10,4.419290806317463,Moto,Sunny,Low,Metropolitian,True,0,0,1,1455.1890367367787,1618.4112300983484,Nenhuma,0
pedido_1485.2907266308735_21,131.66571596707422,137.4601350784772,122.46013507847721,11.812779554152215,15,4.744232822362119,Moto,Stormy,High,Urban,True,0,1,0,1485.2907266308735,1622.7508617093506,Aumento_Velocidade,0
pedido_1472.92247274612_12,177.42120854371532,155.57008204802756,140.57008204802756,8.090034513207762,10,4.44663083731152,Moto,Sandstorms,High,Urban,False,0,1,0,1472.92247274612,1623.4925547941477,Aumento_Velocidade,0
pedido_1534.456065783964_41,106.77629764158354,99.7534062228636,84.7534062228636,14.101979363821568,10,4.620802683706772,Moto,Sunny,Medium,Urban,True,0,0,1,1534.456065783964,1629.2094720068276,Rota_Reduzida,1
pedido_1519.0635161237828_32,105.35712519631484,99.61627797652935,99.61627797652935,18.805819887992648,15,4.692974283038459,Moto,Sandstorms,Low,Metropolitian,True,0,0,0,1519.0635161237828,1633.6797941003122,Nenhuma,1
pedido_1517.3502243650448_31,102.29863384483232,103.31732276481178,103.31732276481178,7.644538253684207,15,4.956947936312192,Scooter,Sandstorms,Low,Metropolitian,True,0,0,0,1517.3502243650448,1635.6675471298565,Nenhuma,1
pedido_1515.121239935719_29,138.25438508776574,131.4975853250734,116.4975853250734,15.33776239788902,5,4.8576985739535266,Moto,Windy,Medium,Metropolitian,True,0,0,0,1515.121239935719,1636.6188252607924,Rota_Reduzida,0
pedido_1515.6797649405248_30,143.94913808820735,131.7588328036188,116.75883280361879,16.626772808503436,5,4.562624268463598,Moto,Foggy,High,Metropolitian,True,0,1,0,1515.6797649405248,1637.4385977441436,Aumento_Velocidade,0
pedido_1525.5314223857868_36,131.2320773752179,122.16471999295148,107.16471999295148,2.1844817015146636,5,4.719707117116231,Moto,Windy,High,Metropolitian,False,0,1,0,1525.5314223857868,1637.6961423787382,Aumento_Velocidade,0
pedido_1551.774256720509_49,101.90817236546181,87.03158238122558,72.03158238122558,9.92647556290936,15,4.754407327761297,Scooter,Sunny,Medium,Metropolitian,True,0,0,1,1551.774256720509,1638.8058391017344,Rota_Reduzida,1
pedido_1537.6697475592548_43,134.03880756087088,106.3588501265858,91.3588501265858,11.68199664560725,10,4.576370634766228,Moto,Sandstorms,High,Metropolitian,False,0,1,0,1537.6697475592548,1639.0285976858406,Aumento_Velocidade,1
pedido_1544.226198858337_47,103.91487400602018,90.56317412212722,90.56317412212722,7.329737209669737,5,4.487299424697451,Van,Sandstorms,Low,Urban,True,0,0,0,1544.226198858337,1639.7893729804643,Nenhuma,1
pedido_1514.9297728022966_28,133.944148828124,125.73726390839926,110.73726390839926,12.74034441092023,15,4.769991364745986,Moto,Windy,High,Metropolitian,False,0,1,0,1514.9297728022966,1640.6670367106958,Aumento_Velocidade,0
pedido_1582.015252088567_61,45.15926423866576,44.51908262595937,44.51908262595937,7.036707062562295,15,4.87631300173381,Scooter,Windy,High,Metropolitian,True,1,1,0,1582.015252088567,1641.5343347145263,Nenhuma,1
pedido_1522.3617140777963_35,132.68083131233027,129.84139328610863,114.84139328610863,9.891872023149812,5,4.838225197556072,Moto,Sandstorms,Jam,Metropolitian,True,0,1,0,1522.3617140777963,1642.2031073639048,Aumento_Velocidade,0
pedido_1475.2151747654036_16,187.368157456673,174.78856092319108,159.78856092319108,15.850692438832382,10,4.394498099389076,Moto,Sandstorms,Medium,Metropolitian,True,0,0,0,1475.2151747654036,1645.0037356885946,Rota_Reduzida,0
pedido_1529.0689717782805_38,125.38568900188545,128.9828011128039,113.98280111280391,8.090583524516552,5,4.751656275068057,Moto,Foggy,Medium,Metropolitian,False,0,0,0,1529.0689717782805,1648.0517728910843,Rota_Reduzida,0
pedido_1540.903197483914_45,133.81839565085713,119.43794290188208,104.43794290188208,18.711307034466113,5,4.760134475141863,Moto,Stormy,Medium,Metropolitian,False,0,0,0,1540.903197483914,1650.341140385796,Rota_Reduzida,0
pedido_1494.576539345534_27,160.11816752556913,146.77854330749096,146.77854330749096,14.189128045168527,10,4.399947757493129,Scooter,Stormy,Low,Urban,True,0,0,0,1494.576539345534,1651.355082653025,Nenhuma,0
pedido_1561.4723205772357_54,101.30634037996386,80.12837537743627,80.12837537743627,11.344696167451769,10,4.692762306839016,Van,Sunny,Medium,Metropolitian,False,0,0,1,1561.4723205772357,1651.600695954672,Nenhuma,1
pedido_1521.4168841259245_34,127.33705033085278,132.25946376324907,117.25946376324907,6.203909867966813,15,4.739611558205315,Moto,Stormy,Jam,Metropolitian,False,0,1,0,1521.4168841259245,1653.6763478891735,Aumento_Velocidade,0
pedido_1552.2293728482982_50,122.59299021760583,112.43015786325887,97.43015786325887,1.349913269983602,5,4.468358539290659,Moto,Sandstorms,Jam,Metropolitian,True,0,1,0,1552.2293728482982,1654.6595307115572,Aumento_Velocidade,1
pedido_1531.1160581719555_39,135.6361929006826,131.83480708769312,116.83480708769312,5.5567936522394445,10,4.661548130188624,Moto,Stormy,Medium,Metropolitian,False,0,0,0,1531.1160581719555,1657.9508652596487,Rota_Reduzida,0
pedido_1542.1019436495944_46,141.67941332302524,115.3249501354729,115.3249501354729,15.131708582737799,10,4.530208558075804,Van,Foggy,Medium,Metropolitian,False,0,0,0,1542.1019436495944,1667.4268937850673,Nenhuma,0
pedido_1554.2223934148387_52,131.98118875747863,113.20881109430306,98.20881109430306,10.194452906508271,15,4.882513944902455,Scooter,Stormy,Medium,Metropolitian,False,0,0,0,1554.2223934148387,1667.4312045091417,Rota_Reduzida,0
pedido_1568.302804497323_57,124.87481172481813,99.43842400886842,84.43842400886842,0.24220903521450676,15,4.795459059038869,Moto,Foggy,Medium,Metropolitian,True,0,0,0,1568.302804497323,1667.7412285061914,Rota_Reduzida,1
pedido_1538.6420698614572_44,130.64658772735189,125.16933172628035,125.16933172628035,15.705809847910043,5,4.701952559913108,Van,Stormy,High,Metropolitian,True,0,1,0,1538.6420698614572,1668.8114015877377,Nenhuma,0
pedido_1590.587383998895_67,102.72064245037974,88.3047837157789,73.3047837157789,17.653413582043743,10,4.715889630246818,Scooter,Sunny,High,Metropolitian,False,0,1,1,1590.587383998895,1673.8921677146739,Aumento_Velocidade,1
pedido_1628.380375936745_95,38.26863296508477,36.003042429362736,36.003042429362736,4.6150147959995795,10,4.631041459116984,Scooter,Sunny,High,Urban,False,1,1,1,1628.380375936745,1674.3834183661077,Nenhuma,1
pedido_1552.3104362066008_51,130.40343468734383,127.55729617320023,112.55729617320023,2.6769597132832583,10,5.0,Moto,Windy,Jam,Metropolitian,False,0,1,0,1552.3104362066008,1674.867732379801,Aumento_Velocidade,0
pedido_1647.322205616312_104,45.489213246258856,20.873137598576307,20.873137598576307,8.14302192474348,10,4.836856831971992,Scooter,Foggy,Jam,Metropolitian,True,1,1,0,1647.322205616312,1678.1953432148882,Nenhuma,1
pedido_1606.6318083087235_76,99.52735105208863,74.02323705707863,59.02323705707863,4.83094404994519,15,5.0,Scooter,Sunny,High,Metropolitian,False,0,1,1,1606.6318083087235,1680.6550453658022,Aumento_Velocidade,1
pedido_1532.4693575579013_40,146.14402405716407,135.79588195056252,135.79588195056252,4.694157451447653,15,4.421182492936389,Moto,Sunny,Low,Urban,False,0,0,1,1532.4693575579013,1683.2652395084638,Nenhuma,0
pedido_1560.62719419687_53,134.5142525570483,130.55077046616375,115.55077046616375,4.3097527952186265,10,4.79598773476296,Scooter,Foggy,High,Urban,False,0,1,0,1560.62719419687,1686.177964663034,Aumento_Velocidade,0
pedido_1550.6390261359124_48,135.2810887756535,146.1877822508172,131.1877822508172,13.248492811913378,5,4.628403750063072,Moto,Windy,High,Metropolitian,True,0,1,0,1550.6390261359124,1686.8268083867297,Aumento_Velocidade,0
pedido_1566.7454610723757_55,135.17790609396323,130.50281998712848,115.50281998712848,18.614072597713275,5,4.597054592411728,Moto,Sandstorms,High,Metropolitian,True,0,1,0,1566.7454610723757,1687.2482810595043,Aumento_Velocidade,0
pedido_1567.7028370408916_56,133.79004859782617,124.81877483697508,109.81877483697508,11.20573576701112,10,4.561382442743011,Moto,Sandstorms,High,Metropolitian,False,0,1,0,1567.7028370408916,1687.5216118778667,Aumento_Velocidade,0
pedido_1654.0767962597745_108,46.881143198161645,19.385195434919808,19.385195434919808,18.908128047427308,15,4.8737627750260435,Scooter,Sandstorms,High,Metropolitian,False,1,1,0,1654.0767962597745,1688.4619916946942,Nenhuma,1
pedido_1582.1058718640832_62,98.60237512013066,102.00504879580879,102.00504879580879,5.972753792258137,5,4.635748861697565,Moto,Sunny,Low,Metropolitian,True,0,0,1,1582.1058718640832,1689.110920659892,Nenhuma,1
pedido_1572.7290185694824_58,131.87216154762902,122.62625134997938,107.62625134997938,8.772894637581524,10,4.5044072377207085,Scooter,Windy,High,Metropolitian,False,0,1,0,1572.7290185694824,1690.3552699194618,Aumento_Velocidade,0
pedido_1596.6266527046944_72,105.42117075543345,105.26368661784173,90.26368661784173,3.4235688151897126,5,4.509299072540749,Scooter,Sunny,High,Urban,True,0,1,1,1596.6266527046944,1691.8903393225362,Aumento_Velocidade,1
pedido_1577.0218067018857_60,125.28956694435125,115.7477236822304,100.7477236822304,3.234521309670789,15,4.54569875757424,Moto,Stormy,High,Metropolitian,False,0,1,0,1577.0218067018857,1692.769530384116,Aumento_Velocidade,0
pedido_1585.5873011447718_65,103.18921677607565,110.82461846221885,95.82461846221885,15.649351395617337,15,4.517188053370891,Moto,Sunny,Medium,Metropolitian,False,0,0,1,1585.5873011447718,1696.4119196069908,Rota_Reduzida,0
pedido_1574.607947336118_59,136.6716789144557,127.15439087734987,112.15439087734987,10.41170660981275,10,4.466827936808089,Moto,Windy,High,Metropolitian,False,0,1,0,1574.607947336118,1696.762338213468,Aumento_Velocidade,0
pedido_1621.4957734540549_86,94.30769320083408,88.7493893089408,73.7493893089408,1.1467548306315587,5,4.666515037529565,Scooter,Sunny,Medium,Metropolitian,False,0,0,1,1621.4957734540549,1700.2451627629957,Rota_Reduzida,1
pedido_1592.9283737868661_69,120.9423903943714,119.01921603449333,99.01921603449333,6.132233142231813,10,4.787520140427341,Scooter,Stormy,High,Other,False,0,1,0,1592.9283737868661,1701.9475898213595,Rota_Reduzida,0
pedido_1590.6021571492554_68,121.40752803006471,97.89021382646249,97.89021382646249,17.49404215183167,15,4.760051304180227,Van,Sunny,Low,Metropolitian,False,0,0,1,1590.6021571492554,1703.492370975718,Nenhuma,1
pedido_1583.5920171971766_63,131.5982592454037,130.23113344109456,115.23113344109456,7.960295084458322,5,4.734408983487049,Scooter,Windy,High,Metropolitian,True,0,1,0,1583.5920171971766,1703.823150638271,Aumento_Velocidade,0
pedido_1592.961347439564_70,131.2320773752179,116.13394018235674,101.13394018235674,1.6960350125343506,10,4.689814595525231,Moto,Windy,High,Metropolitian,False,0,1,0,1592.961347439564,1704.0952876219208,Aumento_Velocidade,0
pedido_1647.87828793057_105,35.280414787594104,48.160035531289296,48.160035531289296,6.176565973095352,10,4.638920879253504,Scooter,Sandstorms,Low,Metropolitian,False,1,0,0,1647.87828793057,1706.0383234618594,Nenhuma,1
pedido_1624.7510618377316_91,102.21342551654307,75.49099972363182,75.49099972363182,13.709974248896527,10,4.967674646394357,Scooter,Stormy,Low,Metropolitian,False,0,0,0,1624.7510618377316,1710.2420615613635,Nenhuma,1
pedido_1609.0913664259297_77,102.88420096055614,92.1955073515328,92.1955073515328,16.670617278071862,10,5.0,Moto,Sandstorms,Low,Metropolitian,False,0,0,0,1609.0913664259297,1711.2868737774625,Nenhuma,1
pedido_1674.1901252199848_120,50.732382052968454,24.329399790968353,24.329399790968353,14.337132534758998,15,4.618875477175501,Scooter,Sandstorms,Medium,Metropolitian,False,1,0,0,1674.1901252199848,1713.5195250109532,Nenhuma,1
pedido_1593.4075085190605_71,133.04834682261887,127.79940423893726,112.79940423893726,7.727371207758203,10,4.641124109128937,Moto,Windy,High,Metropolitian,False,0,1,0,1593.4075085190605,1716.2069127579978,Aumento_Velocidade,0
pedido_1623.4908412177224_89,129.5997361722034,104.64507285960194,89.64507285960194,4.5363575275919645,5,4.898014004804579,Moto,Windy,High,Metropolitian,True,0,1,0,1623.4908412177224,1718.1359140773243,Aumento_Velocidade,1
pedido_1535.7498845284392_42,189.79877235898144,182.6935476756851,167.6935476756851,6.716080799924654,15,4.447142362889171,Moto,Sunny,High,Urban,True,0,1,1,1535.7498845284392,1718.4434322041243,Aumento_Velocidade,0
pedido_1598.2032348621096_73,135.76807368764494,122.19930988517433,107.19930988517433,18.66966999653166,15,4.96589160224357,Moto,Sandstorms,High,Metropolitian,False,0,1,0,1598.2032348621096,1720.402544747284,Aumento_Velocidade,0
pedido_1688.9867067167243_134,34.499732203310565,25.086052603503873,25.086052603503873,7.990144498416289,10,4.795074930162672,Moto,Stormy,Low,Metropolitian,True,1,0,0,1688.9867067167243,1724.0727593202282,Nenhuma,1
pedido_1604.6669696483511_75,130.11106812481032,130.407467858287,115.40746785828699,2.1597388109912488,5,4.7687346945067395,Scooter,Sandstorms,High,Metropolitian,True,0,1,0,1604.6669696483511,1725.074437506638,Aumento_Velocidade,0
pedido_1613.8549862971042_81,128.5365203823824,112.65139121497629,97.65139121497629,7.130622357213556,15,4.71668201544486,Moto,Stormy,Medium,Other,True,0,0,0,1613.8549862971042,1726.5063775120805,Rota_Reduzida,0
pedido_1619.6975755791323_85,134.8819635623919,118.07459019145071,103.07459019145071,15.522752780072201,5,4.7296999037144705,Moto,Windy,Medium,Metropolitian,False,0,0,0,1619.6975755791323,1727.772165770583,Rota_Reduzida,0
pedido_1588.679328861266_66,127.57949074235901,151.2331739322829,136.2331739322829,6.062619850734113,5,4.525790173985337,Scooter,Foggy,Medium,Metropolitian,False,0,0,0,1588.679328861266,1729.9125027935488,Rota_Reduzida,0
pedido_1618.1731309258375_83,126.34304305251551,122.7126661529108,102.7126661529108,13.168723738821416,10,4.671294327157468,Moto,Windy,Jam,Other,False,0,1,0,1618.1731309258375,1730.8857970787483,Rota_Reduzida,0
pedido_1610.074763938404_78,137.10448633692113,136.6755859927592,121.67558599275921,4.27102128598514,5,5.0,Moto,Foggy,High,Metropolitian,False,0,1,0,1610.074763938404,1736.750349931163,Aumento_Velocidade,0
pedido_1613.3650472765892_80,135.74125402339848,123.38668748742293,108.38668748742293,10.549529554721275,15,4.885598332902801,Moto,Sandstorms,Medium,Urban,False,0,0,0,1613.3650472765892,1736.751734764012,Rota_Reduzida,0
pedido_1623.3662602370468_88,134.01173920623864,118.77339448663508,103.77339448663508,3.722858080158161,10,4.930097205794461,Moto,Foggy,High,Urban,False,0,1,0,1623.3662602370468,1737.1396547236818,Aumento_Velocidade,0
pedido_1627.8030588445868_93,125.6182149092712,120.40498514761677,105.40498514761677,1.4085140391688125,5,4.522765824445194,Moto,Stormy,Medium,Other,False,0,0,0,1627.8030588445868,1738.2080439922036,Rota_Reduzida,0
pedido_1643.014566062603_99,127.28458771476352,101.90436521717858,86.90436521717858,6.826701840541495,10,4.515042375474897,Moto,Windy,Jam,Metropolitian,False,0,1,0,1643.014566062603,1739.9189312797816,Aumento_Velocidade,1
pedido_1610.0779274728882_79,131.55346253879947,120.57229281626536,120.57229281626536,1.0741157294521413,10,4.419799280148368,Moto,Sandstorms,Low,Metropolitian,False,0,0,0,1610.0779274728882,1740.6502202891536,Nenhuma,0
pedido_1604.3745411153477_74,133.16107505005107,121.64630199222671,121.64630199222671,3.9399796046473528,15,4.618109807840991,Van,Stormy,Medium,Urban,False,0,0,0,1604.3745411153477,1741.0208431075744,Nenhuma,0
pedido_1625.4723410845847_92,127.68098561990368,126.95281106962932,111.95281106962932,3.1952063991206554,10,4.464234248068644,Moto,Windy,High,Urban,True,0,1,0,1625.4723410845847,1747.4251521542142,Aumento_Velocidade,0
pedido_1619.2937753634512_84,140.5760645902447,142.12060633213983,127.12060633213983,17.419787445813753,5,4.995361208794495,Moto,Windy,High,Metropolitian,True,0,1,0,1619.2937753634512,1751.4143816955911,Aumento_Velocidade,0
pedido_1624.144820447686_90,127.89176257409241,133.7134164984949,118.7134164984949,6.409589566787785,10,4.777075068363133,Moto,Stormy,High,Metropolitian,True,0,1,0,1624.144820447686,1752.858236946181,Aumento_Velocidade,0
pedido_1617.7736563756796_82,133.6914941813261,138.35745785255793,123.35745785255793,9.795092684063844,15,4.610823332163016,Moto,Windy,High,Metropolitian,False,0,1,0,1617.7736563756796,1756.1311142282375,Aumento_Velocidade,0
pedido_1659.3223557188296_111,124.75989381478189,107.54036770354563,92.54036770354563,2.0737174049584657,5,4.636749977608441,Scooter,Foggy,Medium,Metropolitian,False,0,0,0,1659.3223557188296,1756.8627234223752,Rota_Reduzida,1
pedido_1623.1933009579127_87,138.755548854454,140.26715162691823,125.26715162691823,10.41467900897726,10,5.0,Moto,Windy,Medium,Metropolitian,False,0,0,0,1623.1933009579127,1758.4604525848308,Rota_Reduzida,0
pedido_1646.224209896202_102,130.22115973519726,122.29495989736067,107.29495989736067,15.119818689720596,5,4.818879410072066,Scooter,Stormy,High,Metropolitian,True,0,1,0,1646.224209896202,1758.5191697935627,Aumento_Velocidade,0
pedido_1661.6002695930836_112,101.70792621392263,92.1705607923552,92.1705607923552,10.442957488807913,5,4.6095196247166195,Scooter,Sandstorms,Low,Metropolitian,True,0,0,0,1661.6002695930836,1758.7708303854388,Nenhuma,1
pedido_1642.2567649392365_98,133.16107505005107,117.36875805984974,102.36875805984974,3.983408158310547,15,4.561248326154008,Moto,Stormy,Medium,Urban,False,0,0,0,1642.2567649392365,1759.6255229990863,Rota_Reduzida,0
pedido_1734.3332426398435_152,61.26497506681791,31.03842579491699,16.03842579491699,8.353202778118,10,4.423168152932613,Moto,Sandstorms,High,Metropolitian,False,1,1,0,1734.3332426398435,1760.3716684347605,Aumento_Velocidade,1
pedido_1644.2142645221543_101,131.64209897786156,122.9302517387022,107.9302517387022,0.26182132704184724,10,4.675897376273431,Moto,Windy,High,Metropolitian,False,0,1,0,1644.2142645221543,1762.1445162608566,Aumento_Velocidade,0
pedido_1636.6421586234194_97,150.54515122381375,135.6394317322304,120.6394317322304,15.535266260923237,5,4.855484992940046,Moto,Foggy,Jam,Metropolitian,True,0,1,0,1636.6421586234194,1762.2815903556498,Aumento_Velocidade,0
pedido_1701.6443907066523_141,49.19938636492849,56.54335631373581,56.54335631373581,12.329680459309687,5,5.0,Moto,Foggy,Medium,Metropolitian,False,1,0,0,1701.6443907066523,1763.187747020388,Nenhuma,1
pedido_1646.336564863551_103,133.2366472173958,124.54004177865392,109.54004177865392,1.2945264598614257,10,4.533667258558486,Moto,Foggy,High,Metropolitian,False,0,1,0,1646.336564863551,1765.876606642205,Aumento_Velocidade,0
pedido_1584.4437622213536_64,187.10261895788588,182.1332756230147,167.1332756230147,11.671856261627676,15,4.401187534479929,Moto,Stormy,High,Metropolitian,False,0,1,0,1584.4437622213536,1766.5770378443683,Aumento_Velocidade,0
pedido_1643.1217291635608_100,132.7039812525553,124.22856215525275,109.22856215525275,12.274591195933738,15,5.0,Moto,Stormy,High,Metropolitian,True,0,1,0,1643.1217291635608,1767.3502913188136,Aumento_Velocidade,0
pedido_1651.0033420206876_106,112.3442031211226,112.53362162888793,112.53362162888793,13.365081451730221,5,4.533609799201765,Moto,Foggy,Low,Metropolitian,False,0,0,0,1651.0033420206876,1768.5369636495755,Nenhuma,1
pedido_1662.5035158980515_113,128.391554293676,116.44367599795012,101.44367599795012,4.8445697687942175,5,4.7216612835257585,Moto,Stormy,High,Metropolitian,False,0,1,0,1662.5035158980515,1768.9471918960016,Aumento_Velocidade,0
pedido_1677.1467817521066_123,130.83913607998662,106.51219797185482,91.51219797185482,8.65308198378377,5,4.906717641929443,Moto,Sandstorms,High,Metropolitian,False,0,1,0,1677.1467817521066,1773.6589797239615,Aumento_Velocidade,1
pedido_1652.998448785178_107,122.54819110943788,129.00131315859832,114.00131315859832,3.8603021932203463,10,4.792742340475439,Scooter,Stormy,Jam,Metropolitian,False,0,1,0,1652.998448785178,1776.9997619437763,Aumento_Velocidade,0
pedido_1654.4076023313723_109,132.94039621514858,134.18387166685625,119.18387166685625,1.4377265004555806,5,4.726594347354456,Moto,Stormy,Medium,Metropolitian,False,0,0,0,1654.4076023313723,1778.5914739982286,Rota_Reduzida,0
pedido_1667.6291015701206_116,135.58933855345487,120.20436058613768,105.20436058613768,14.54516475330059,10,4.690141619821883,Moto,Windy,High,Urban,True,0,1,0,1667.6291015701206,1782.8334621562583,Aumento_Velocidade,0
pedido_1687.7043860589438_132,98.38002936765146,80.70531657591772,80.70531657591772,7.198775343859283,15,4.579450193902791,Scooter,Sunny,Low,Metropolitian,False,0,0,1,1687.7043860589438,1783.4097026348616,Nenhuma,1
pedido_1672.0540400087505_118,136.9397328472985,111.6250831757634,96.6250831757634,10.42490630667302,15,4.553492641548415,Moto,Windy,High,Metropolitian,False,0,1,0,1672.0540400087505,1783.6791231845139,Aumento_Velocidade,0
pedido_1668.4958458366116_117,127.54421622069825,125.24790266578813,110.24790266578813,4.622469944266454,5,4.943593494063107,Moto,Windy,Jam,Metropolitian,False,0,1,0,1668.4958458366116,1783.7437485023997,Aumento_Velocidade,0
pedido_1665.0782892578497_115,137.39648448599425,121.74401805167312,106.74401805167312,4.743826539382212,15,5.0,Scooter,Sandstorms,High,Metropolitian,False,0,1,0,1665.0782892578497,1786.8223073095228,Aumento_Velocidade,0
pedido_1656.105896524586_110,133.65962405425594,133.01345828169775,118.01345828169775,6.287124365380414,15,4.641323506015149,Moto,Stormy,Medium,Urban,True,0,0,0,1656.105896524586,1789.1193548062836,Rota_Reduzida,0
pedido_1672.0941266300858_119,132.1449531788646,130.39412199640142,115.39412199640142,9.822367979409327,5,4.896273799516237,Scooter,Sandstorms,High,Metropolitian,True,0,1,0,1672.0941266300858,1792.4882486264873,Aumento_Velocidade,0
pedido_1664.0776445408244_114,149.1076947561497,128.66964445147812,113.66964445147812,14.866823596113178,15,4.714305469068962,Moto,Foggy,Jam,Metropolitian,False,0,1,0,1664.0776445408244,1792.7472889923024,Aumento_Velocidade,0
pedido_1679.1273247163954_124,131.0018788877529,124.50952289137365,109.50952289137365,11.794784762385618,5,4.599748552643835,Moto,Stormy,High,Metropolitian,False,0,1,0,1679.1273247163954,1793.6368476077691,Aumento_Velocidade,0
pedido_1693.6542109831857_137,103.97336047372409,95.80604121751027,95.80604121751027,15.545249184051597,5,4.709826515724109,Scooter,Stormy,Low,Metropolitian,False,0,0,0,1693.6542109831857,1794.460252200696,Nenhuma,1
pedido_1691.1271267027528_135,98.50288047258766,100.20089096972494,100.20089096972494,5.03755138360052,5,4.532837631034847,Scooter,Sunny,Low,Metropolitian,False,0,0,1,1691.1271267027528,1796.3280176724777,Nenhuma,1
pedido_1675.3481391123144_122,135.3609394383934,124.14642684303294,109.14642684303294,6.024359876055862,15,4.620171006928655,Scooter,Sandstorms,Medium,Metropolitian,False,0,0,0,1675.3481391123144,1799.4945659553473,Rota_Reduzida,0
pedido_1694.2691658796414_138,130.64658772735189,105.23436793750719,90.23436793750719,16.24397116164316,15,4.653957307038803,Scooter,Stormy,High,Metropolitian,True,0,1,0,1694.2691658796414,1799.5035338171485,Aumento_Velocidade,0
pedido_1681.6512587767088_127,134.03184185568722,124.67520036482341,109.67520036482341,13.337384383156962,10,4.7399841607516455,Scooter,Stormy,Jam,Metropolitian,False,0,1,0,1681.6512587767088,1801.3264591415323,Aumento_Velocidade,0
pedido_1682.0029524196827_128,140.27283315705327,120.98530407644603,105.98530407644603,12.605935888102557,15,4.786761486681687,Moto,Windy,Jam,Metropolitian,True,0,1,0,1682.0029524196827,1802.9882564961288,Aumento_Velocidade,0
pedido_1629.3446439634324_96,185.84384080629906,179.17003217617287,164.17003217617287,12.530772830086764,10,4.39486077359183,Moto,Sandstorms,High,Metropolitian,False,0,1,0,1629.3446439634324,1803.5146761396054,Aumento_Velocidade,0
pedido_1679.949520863563_126,133.46339967081937,128.98825261301624,113.98825261301624,9.788116960983348,10,4.72719194453257,Scooter,Foggy,High,Urban,True,0,1,0,1679.949520863563,1803.9377734765794,Aumento_Velocidade,0
pedido_1675.3419964625325_121,134.01173920623864,126.07274069840898,126.07274069840898,3.128491222628435,5,4.857472825835117,Van,Foggy,High,Metropolitian,False,0,1,0,1675.3419964625325,1806.4147371609415,Nenhuma,0
pedido_1684.7549065842375_129,138.51286565115916,131.75288840654395,116.75288840654395,9.86885228655987,10,4.987172836958821,Scooter,Foggy,High,Metropolitian,False,0,1,0,1684.7549065842375,1811.5077949907813,Aumento_Velocidade,0
pedido_1763.7690192230598_169,44.58864153646025,33.370058873025144,33.370058873025144,16.799161387075422,15,5.0,Van,Sunny,High,Metropolitian,True,1,1,1,1763.7690192230598,1812.1390780960849,Nenhuma,1
pedido_1713.7458834446734_143,101.13833093960928,99.63106236588999,84.63106236588999,9.992109779633687,15,4.695223487161966,Moto,Sunny,High,Metropolitian,False,0,1,1,1713.7458834446734,1813.3769458105635,Aumento_Velocidade,1
pedido_1679.6747417545416_125,142.6028216612111,143.71027978487777,128.71027978487777,17.791905399920346,5,5.0,Scooter,Sandstorms,Jam,Urban,False,0,1,0,1679.6747417545416,1813.3850215394193,Aumento_Velocidade,0
pedido_1628.2202971280099_94,184.0941791808179,190.46428645531583,175.46428645531583,11.292243640479432,10,4.409979258202887,Moto,Sandstorms,High,Metropolitian,False,0,1,0,1628.2202971280099,1813.6845835833258,Aumento_Velocidade,0
pedido_1695.2563608799217_139,138.45055922934725,133.21874219293213,118.21874219293213,9.956920893865298,5,4.832878753423551,Moto,Windy,Jam,Metropolitian,True,0,1,0,1695.2563608799217,1818.4751030728537,Aumento_Velocidade,0
pedido_1716.6493594093533_144,102.18611891951947,91.90550970634969,91.90550970634969,2.353223439973971,10,4.610634832743944,Moto,Stormy,Low,Metropolitian,False,0,0,0,1716.6493594093533,1818.554869115703,Nenhuma,1
pedido_1686.2393384343802_131,135.1291845163306,137.99338115419928,122.99338115419928,10.53602042169296,10,4.617688007518549,Scooter,Windy,High,Metropolitian,True,0,1,0,1686.2393384343802,1819.2327195885796,Aumento_Velocidade,0
pedido_1749.3899923837614_160,101.92106332080041,82.67417760632658,67.67417760632658,14.640735561098364,5,4.820152199613498,Moto,Sunny,High,Metropolitian,False,0,1,1,1749.3899923837614,1822.064169990088,Aumento_Velocidade,1
pedido_1697.3436033085065_140,133.77483873398543,130.74997144373097,115.74997144373097,14.454116159360483,10,4.643824713991241,Moto,Stormy,Medium,Urban,False,0,0,0,1697.3436033085065,1823.0935747522376,Rota_Reduzida,0
pedido_1726.9150704563572_148,132.4271324920622,111.8662681375892,96.8662681375892,0.8950721541906184,5,4.473057879393164,Scooter,Stormy,Medium,Urban,False,0,0,0,1726.9150704563572,1828.7813385939464,Rota_Reduzida,1
pedido_1717.781764917521_145,127.23676774088358,111.84437582684328,96.84437582684328,3.7254145355734023,15,4.778500874401178,Moto,Windy,Jam,Metropolitian,False,0,1,0,1717.781764917521,1829.6261407443644,Aumento_Velocidade,0
pedido_1703.405157728456_142,137.48852244967932,133.34758119710952,118.34758119710952,5.9782431315489335,15,4.786133961393331,Moto,Windy,Medium,Metropolitian,False,0,0,0,1703.405157728456,1836.7527389255656,Rota_Reduzida,0
pedido_1692.551323454917_136,140.4871397671035,149.29375781613103,134.29375781613103,15.990250496667466,10,4.768477740645049,Moto,Foggy,High,Metropolitian,False,0,1,0,1692.551323454917,1836.8450812710482,Aumento_Velocidade,0
pedido_1684.8123984305375_130,133.71047407167887,147.17880625376273,147.17880625376273,11.19994753848556,5,5.0,Van,Sandstorms,High,Metropolitian,False,0,1,0,1684.8123984305375,1836.9912046843003,Nenhuma,0
pedido_1733.111296849247_151,131.12923098957708,111.87113155870232,96.87113155870232,4.380493269300995,10,4.483737788315975,Moto,Sandstorms,High,Metropolitian,False,0,1,0,1733.111296849247,1839.9824284079493,Aumento_Velocidade,0
pedido_1740.1863895284687_157,125.40504715498467,112.56538807810415,92.56538807810415,18.17318490085146,10,4.637498098028765,Moto,Windy,Jam,Other,False,0,1,0,1740.1863895284687,1842.751777606573,Rota_Reduzida,0
pedido_1734.8600303709243_153,124.87153509361714,112.0719845957882,97.0719845957882,0.7432775017188584,15,4.801095193336272,Scooter,Sandstorms,Jam,Metropolitian,False,0,1,0,1734.8600303709243,1846.9320149667124,Aumento_Velocidade,0
pedido_1728.3503795095771_150,142.15577369681645,128.5928956896946,113.59289568969459,24.42929423358975,5,4.977899461585431,Moto,Windy,Medium,Urban,False,0,0,0,1728.3503795095771,1846.9432751992717,Rota_Reduzida,0
pedido_1775.6660308393316_174,101.38770292247811,76.74110491333407,61.74110491333407,14.798750902224912,10,4.883962781066934,Scooter,Sunny,Medium,Urban,False,0,0,1,1775.6660308393316,1847.4071357526657,Rota_Reduzida,1
pedido_1743.6233928174838_159,132.39615999079282,121.81707221863857,106.81707221863857,7.395693252004294,5,4.62945624696499,Moto,Foggy,High,Metropolitian,True,0,1,0,1743.6233928174838,1855.4404650361223,Aumento_Velocidade,0
pedido_1728.304057947824_149,138.4437747987674,137.47752415321375,122.47752415321375,23.082969953146247,5,4.82144345562212,Moto,Windy,Jam,Metropolitian,False,0,1,0,1728.304057947824,1855.7815821010379,Aumento_Velocidade,0
pedido_1764.0602191348644_170,97.94570474772533,88.98681184566003,88.98681184566003,4.8094006090338475,5,4.844701858644699,Van,Sunny,Medium,Metropolitian,True,0,0,1,1764.0602191348644,1858.0470309805244,Nenhuma,1
pedido_1725.3741064689227_147,131.03979234049356,132.90850930000832,117.90850930000832,4.74224201025943,15,4.742962472424294,Scooter,Windy,High,Metropolitian,False,0,1,0,1725.3741064689227,1858.282615768931,Aumento_Velocidade,0
pedido_1813.2825859509337_185,38.158735296615674,37.226930802428846,37.226930802428846,3.785973702383515,10,4.6147836734741405,Moto,Sunny,High,Urban,False,1,1,1,1813.2825859509337,1860.5095167533625,Nenhuma,1
pedido_1736.6301516564238_154,143.18182763652143,124.19200240202218,109.19200240202218,15.065578595902666,15,4.578191444041337,Scooter,Foggy,Medium,Metropolitian,True,0,0,0,1736.6301516564238,1860.822154058446,Rota_Reduzida,0
pedido_1737.2297806189272_155,140.58333922900198,130.8635331881843,115.8635331881843,15.257296503814219,15,4.459498755109855,Scooter,Foggy,High,Metropolitian,False,0,1,0,1737.2297806189272,1868.0933138071114,Aumento_Velocidade,0
pedido_1758.7535388809033_165,133.0923709110066,114.59783282638276,99.59783282638276,8.964375111278965,10,4.789395188163304,Scooter,Foggy,High,Metropolitian,True,0,1,0,1758.7535388809033,1868.351371707286,Aumento_Velocidade,0
pedido_1797.1146905114313_179,98.90884907823967,77.85414810954936,62.85414810954936,6.598774050728831,10,4.631987708549515,Moto,Sunny,Jam,Metropolitian,False,0,1,1,1797.1146905114313,1869.9688386209807,Aumento_Velocidade,1
pedido_1749.6736127255595_161,135.45155639526504,131.45756976617355,116.45756976617355,6.464528447061212,5,5.0,Moto,Windy,High,Urban,False,0,1,0,1749.6736127255595,1871.131182491733,Aumento_Velocidade,0
pedido_1759.0187794216083_166,136.9024974005576,112.5867987412037,97.5867987412037,15.708652736588958,15,4.953989799332333,Scooter,Stormy,Jam,Metropolitian,False,0,1,0,1759.0187794216083,1871.605578162812,Aumento_Velocidade,0
pedido_1688.5234480196923_133,185.83590190739548,193.1119403972739,178.1119403972739,14.153886649643194,5,4.443627812961384,Scooter,Sandstorms,High,Metropolitian,False,0,1,0,1688.5234480196923,1871.6353884169662,Aumento_Velocidade,0
pedido_1822.096797756143_189,47.18485322952281,36.35868156486369,36.35868156486369,7.288751166133066,15,4.711532837596746,Van,Windy,Jam,Metropolitian,True,1,1,0,1822.096797756143,1873.4554793210066,Nenhuma,1
pedido_1766.7638259018772_171,125.48525232912223,118.62004484591499,103.62004484591499,3.730135740776597,5,4.752507673594388,Scooter,Foggy,Medium,Metropolitian,False,0,0,0,1766.7638259018772,1875.3838707477921,Rota_Reduzida,0
pedido_1737.4311844445513_156,135.6631170813422,140.78828259824755,125.78828259824755,10.288922740567582,15,4.880507741032306,Scooter,Windy,Medium,Urban,False,0,0,0,1737.4311844445513,1878.219467042799,Rota_Reduzida,0
pedido_1753.405836840407_164,130.43771411981393,130.60062045843787,115.60062045843787,19.78501718892308,10,4.72728301781744,Moto,Stormy,High,Metropolitian,False,0,1,0,1753.405836840407,1879.0064572988447,Aumento_Velocidade,0
pedido_1750.3234626072756_163,135.3060443793462,140.27898293650549,125.27898293650549,15.820997241048499,5,4.71784231903442,Moto,Sandstorms,High,Urban,True,0,1,0,1750.3234626072756,1880.602445543781,Aumento_Velocidade,0
pedido_1750.0875611881822_162,127.74153742557186,121.65435519822339,121.65435519822339,9.654545069618692,10,4.910508882258073,Van,Stormy,High,Metropolitian,False,0,1,0,1750.0875611881822,1881.7419163864056,Nenhuma,0
pedido_1759.9703424510913_167,137.58021891228393,128.57082992994816,113.57082992994816,10.336141717680201,10,4.849590847580058,Moto,Windy,High,Metropolitian,True,0,1,0,1759.9703424510913,1883.5411723810394,Aumento_Velocidade,0
pedido_1775.3325031387642_173,129.55244079752546,120.2543370029711,105.2543370029711,7.5275765649566395,5,5.0,Scooter,Stormy,Jam,Metropolitian,False,0,1,0,1775.3325031387642,1885.5868401417354,Aumento_Velocidade,0
pedido_1722.6270462798511_146,176.9643546228283,173.93436603690483,158.93436603690483,8.34607988223318,5,4.332292929116394,Moto,Sandstorms,High,Metropolitian,False,0,1,0,1722.6270462798511,1886.5614123167559,Aumento_Velocidade,0
pedido_1824.7958262122213_191,50.376088216386485,57.44652097973945,57.44652097973945,7.973887661048945,5,5.0,Van,Sandstorms,Medium,Urban,True,1,0,0,1824.7958262122213,1887.2423471919608,Nenhuma,1
pedido_1786.1680010799914_177,95.61126727573942,86.60883595234532,86.60883595234532,4.464757355583977,15,4.8509022505609405,Moto,Sunny,Low,Metropolitian,False,0,0,1,1786.1680010799914,1887.7768370323367,Nenhuma,1
pedido_1783.456764187109_175,128.79852146034818,107.52625376647079,92.52625376647079,7.841130976235866,15,4.770076819580315,Moto,Stormy,High,Urban,False,0,1,0,1783.456764187109,1890.9830179535797,Aumento_Velocidade,0
pedido_1762.4375895396286_168,142.69880885257305,142.14798932186534,127.14798932186534,16.109832972915175,5,4.7016700711848145,Moto,Foggy,Medium,Urban,False,0,0,0,1762.4375895396286,1894.585578861494,Rota_Reduzida,0
pedido_1784.552497253704_176,126.87643170650931,114.25869784316748,99.25869784316748,2.030109360484517,15,4.8768244249479,Moto,Foggy,Jam,Urban,False,0,1,0,1784.552497253704,1898.8111950968714,Aumento_Velocidade,0
pedido_1806.7956765409847_182,98.48219891325857,82.30983387438003,82.30983387438003,8.490572073760267,10,4.590296021609332,Van,Sunny,Low,Urban,False,0,0,1,1806.7956765409847,1899.1055104153647,Nenhuma,1
pedido_1800.1052873079213_180,131.63377386629992,112.98118863431571,97.98118863431571,6.548538121467877,5,4.695201303946089,Moto,Sandstorms,High,Metropolitian,False,0,1,0,1800.1052873079213,1903.086475942237,Aumento_Velocidade,1
pedido_1770.7161838925952_172,153.25124406642993,146.34216902232941,131.34216902232941,12.247788214110681,5,4.577913560367674,Moto,Foggy,Jam,Metropolitian,True,0,1,0,1770.7161838925952,1907.0583529149246,Aumento_Velocidade,0
pedido_1742.9834960722958_158,187.6611746763187,175.02463747591096,160.02463747591096,16.573528255328828,5,4.215519097577412,Scooter,Foggy,Medium,Urban,True,0,0,0,1742.9834960722958,1908.0081335482068,Rota_Reduzida,0
pedido_1894.6771491440675_227,37.59803654655472,0.0,0.0,1.442004842792778,15,4.4708761278624785,Moto,Windy,Low,Urban,False,1,0,0,1894.6771491440675,1909.6771491440675,Nenhuma,1
pedido_1803.8852271862158_181,111.75419249754843,94.04186878347959,94.04186878347959,11.936060682884841,15,5.0,Moto,Foggy,Low,Metropolitian,True,0,0,0,1803.8852271862158,1912.9270959696955,Nenhuma,1
pedido_1791.671269364049_178,130.64524980577818,132.87232881932914,117.87232881932914,16.009481255979896,5,4.5075190435420796,Moto,Stormy,High,Metropolitian,False,0,1,0,1791.671269364049,1914.5435981833782,Aumento_Velocidade,0
pedido_1839.1637991688242_199,97.49009431361574,82.48371395962879,67.48371395962879,3.7862830657837643,15,4.713486785659621,Scooter,Sunny,High,Metropolitian,False,0,1,1,1839.1637991688242,1921.647513128453,Aumento_Velocidade,1
pedido_1814.0435270400017_186,144.139420241241,112.65510033134962,97.65510033134962,10.567270727699146,15,5.0,Scooter,Foggy,Medium,Metropolitian,False,0,0,0,1814.0435270400017,1926.6986273713512,Rota_Reduzida,0
pedido_1889.249774447925_225,43.759400906603645,31.28513177549926,31.28513177549926,6.8688976846797924,10,5.0,Moto,Stormy,Medium,Metropolitian,False,1,0,0,1889.249774447925,1930.534906223424,Nenhuma,1
pedido_1880.5215374213853_220,43.99667884301057,35.77954932856416,35.77954932856416,2.1569389183234313,15,4.813062714629973,Scooter,Stormy,Medium,Metropolitian,True,1,0,0,1880.5215374213853,1931.3010867499495,Nenhuma,1
pedido_1820.254567462794_187,132.82951730146192,124.42501275785094,109.42501275785094,8.045213313181796,5,4.466939119016778,Moto,Stormy,Medium,Urban,True,0,0,0,1820.254567462794,1934.679580220645,Rota_Reduzida,0
pedido_1807.8676457802296_183,135.51697992340857,122.37980662790778,122.37980662790778,0.0,5,4.377642404843515,Moto,Windy,Low,Metropolitian,False,0,0,0,1807.8676457802296,1935.2474524081374,Nenhuma,0
pedido_1825.5272039962815_194,119.9852105449858,107.4087092001596,107.4087092001596,14.21027035290816,5,4.877645892729481,Moto,Sunny,Low,Metropolitian,False,0,0,1,1825.5272039962815,1937.935913196441,Nenhuma,1
pedido_1847.8934032546078_203,125.48525232912223,94.13415453860094,79.13415453860094,3.969348801854756,15,4.810286923008182,Scooter,Foggy,Medium,Urban,False,0,0,0,1847.8934032546078,1942.0275577932089,Rota_Reduzida,1
pedido_1824.8974619870999_192,133.48985486131363,124.12196871810457,109.12196871810457,9.388369252200413,10,4.697006066966952,Moto,Foggy,High,Metropolitian,False,0,1,0,1824.8974619870999,1944.0194307052045,Aumento_Velocidade,0
pedido_1825.3583003624801_193,137.94962668892623,118.88228147263553,103.88228147263553,11.682864760708933,15,4.671143476259577,Moto,Sandstorms,Medium,Metropolitian,True,0,0,0,1825.3583003624801,1944.2405818351156,Rota_Reduzida,0
pedido_1829.6489815376426_196,135.76807368764494,117.66699565702467,102.66699565702467,17.305434743697948,15,5.0,Scooter,Sandstorms,High,Urban,False,0,1,0,1829.6489815376426,1947.3159771946673,Aumento_Velocidade,0
pedido_1849.787222807678_204,127.58910403043068,98.1475616919558,83.1475616919558,6.406161709287164,15,4.948827409405468,Moto,Sandstorms,Jam,Metropolitian,False,0,1,0,1849.787222807678,1947.934784499634,Aumento_Velocidade,1
pedido_1836.4722624571448_197,135.08688699449948,114.4334527315377,99.4334527315377,16.410053902284826,15,4.991757969464341,Moto,Sandstorms,High,Urban,False,0,1,0,1836.4722624571448,1950.9057151886825,Aumento_Velocidade,0
pedido_1849.8222816911875_205,131.68252913169783,102.94469091385744,87.94469091385744,4.273216159677791,15,4.571300317779444,Moto,Windy,High,Metropolitian,False,0,1,0,1849.8222816911875,1952.7669726050449,Aumento_Velocidade,1
pedido_1875.283962868565_218,97.10292718899372,82.76263128754604,62.76263128754604,7.716172470375739,15,4.538213459021276,Scooter,Sunny,High,Other,False,0,1,1,1875.283962868565,1953.046594156111,Rota_Reduzida,1
pedido_1812.8890226640176_184,175.80930449092418,147.8915413024362,132.8915413024362,4.870443739453705,10,4.415360657368391,Scooter,Sandstorms,High,Urban,True,0,1,0,1812.8890226640176,1955.7805639664539,Aumento_Velocidade,0
pedido_1853.6467941650621_208,129.36317452941614,120.65658599382344,105.65658599382344,6.364710204275518,5,4.8670334535596815,Moto,Foggy,Jam,Metropolitian,False,0,1,0,1853.6467941650621,1964.3033801588856,Aumento_Velocidade,0
pedido_1852.2216133506704_207,134.75456966814028,113.67175960739087,98.67175960739087,17.0994996231097,15,4.663106891632889,Moto,Sandstorms,High,Urban,False,0,1,0,1852.2216133506704,1965.8933729580613,Aumento_Velocidade,0
pedido_1855.3717523380299_209,131.9482572170247,120.89261645684375,105.89261645684375,19.409895429684223,5,4.723191348132611,Moto,Stormy,High,Urban,True,0,1,0,1855.3717523380299,1966.2643687948737,Aumento_Velocidade,0
pedido_1846.898015733584_202,137.03407454717842,129.57882923608437,114.57882923608437,16.63170169329116,5,5.0,Moto,Windy,High,Urban,False,0,1,0,1846.898015733584,1966.4768449696685,Aumento_Velocidade,0
pedido_1873.5095242435339_216,102.92234614888717,86.97990258518777,86.97990258518777,9.098840200780392,10,4.500129205813841,Van,Sunny,High,Urban,False,0,1,1,1873.5095242435339,1970.4894268287217,Nenhuma,1
pedido_1871.0800772606683_214,131.95632292084653,113.33300211621484,98.33300211621484,6.436770989014883,5,5.0,Scooter,Sandstorms,Jam,Metropolitian,False,0,1,0,1871.0800772606683,1974.4130793768832,Aumento_Velocidade,1
pedido_1842.3320452525352_200,144.06413368984718,140.23030775658773,125.23030775658773,13.698194118355884,10,4.695611087326476,Scooter,Foggy,Medium,Metropolitian,True,0,0,0,1842.3320452525352,1977.562353009123,Rota_Reduzida,0
pedido_1845.6568815774326_201,140.0414624624165,129.06182972256835,129.06182972256835,13.91346839574776,5,4.717646636940464,Van,Sandstorms,Jam,Metropolitian,False,0,1,0,1845.6568815774326,1979.718711300001,Nenhuma,0
pedido_1864.8987539633029_211,131.69547513863242,127.48764611915834,112.48764611915834,3.360299558511537,5,4.48032048505614,Scooter,Foggy,High,Metropolitian,True,0,1,0,1864.8987539633029,1982.3864000824613,Aumento_Velocidade,0
pedido_1868.6821241242726_212,103.49631883049392,101.42845651652515,101.42845651652515,17.456580856279153,15,4.73599428029222,Scooter,Sandstorms,Low,Metropolitian,False,0,0,0,1868.6821241242726,1985.1105806407977,Nenhuma,1
pedido_1906.8814013908927_235,102.58424060468982,81.3793394131156,66.3793394131156,15.474266937365199,15,5.0,Moto,Sunny,Medium,Urban,False,0,0,1,1906.8814013908927,1988.2607408040083,Rota_Reduzida,1
pedido_1872.8107435170657_215,131.16003581440597,127.0057459057463,112.0057459057463,8.992019591058718,5,5.0,Moto,Stormy,High,Metropolitian,True,0,1,0,1872.8107435170657,1989.816489422812,Aumento_Velocidade,0
pedido_1893.16450993866_226,103.95225657762019,94.72578162111515,94.72578162111515,14.439202216759499,5,4.707754419559964,Scooter,Stormy,Low,Metropolitian,False,0,0,0,1893.16450993866,1992.8902915597753,Nenhuma,1
pedido_1882.3307604070772_222,127.22633727826113,111.50964014515078,96.50964014515078,3.93089525395569,15,4.63171109779858,Moto,Windy,Jam,Metropolitian,False,0,1,0,1882.3307604070772,1993.840400552228,Aumento_Velocidade,0
pedido_1851.1660200367592_206,143.77372109226033,143.7945224387035,128.7945224387035,16.046401321747645,15,4.9851689728865685,Moto,Windy,Jam,Metropolitian,True,0,1,0,1851.1660200367592,1994.9605424754627,Aumento_Velocidade,0
pedido_1904.2810812184055_233,129.3836481759657,97.39031980712886,82.39031980712886,9.093595852133156,15,4.943156255081303,Scooter,Stormy,Jam,Urban,True,0,1,0,1904.2810812184055,2001.6714010255344,Aumento_Velocidade,1
pedido_1897.7860857469407_230,126.14902039555062,105.06520679969185,90.06520679969185,2.0803414529246473,15,4.96778478005619,Moto,Stormy,Jam,Metropolitian,True,0,1,0,1897.7860857469407,2002.8512925466325,Aumento_Velocidade,0
pedido_1821.5989654770663_188,198.32127965838768,191.67728373866166,176.67728373866166,11.536641582623968,5,4.375895279656302,Scooter,Stormy,Jam,Metropolitian,True,0,1,0,1821.5989654770663,2003.2762492157278,Aumento_Velocidade,0
pedido_1956.196363271887_263,38.158735296615674,46.94216148264863,46.94216148264863,3.6061598065963496,5,4.601716218686147,Moto,Sunny,High,Metropolitian,False,1,1,1,1956.196363271887,2008.1385247545356,Nenhuma,1
pedido_1874.1130143627827_217,135.2559672216462,130.7995748524543,130.7995748524543,11.451447267145639,5,4.530002230981868,Van,Stormy,Medium,Metropolitian,False,0,0,0,1874.1130143627827,2009.912589215237,Nenhuma,0
pedido_1839.1491889105043_198,173.5492281737707,167.6427708755234,167.6427708755234,3.173998178160658,5,4.406419709627526,Van,Stormy,High,Metropolitian,True,0,1,0,1839.1491889105043,2011.7919597860277,Nenhuma,0
pedido_1916.2612950670812_242,104.57363651468671,81.10703302822036,81.10703302822036,16.349307132123013,15,5.0,Van,Sunny,High,Metropolitian,True,0,1,1,1916.2612950670812,2012.3683280953014,Nenhuma,1
pedido_1915.9106621001806_241,132.01840360733766,107.65820829739782,92.65820829739782,4.652558083860243,10,4.568214830392025,Moto,Sandstorms,High,Metropolitian,False,0,1,0,1915.9106621001806,2018.5688703975784,Aumento_Velocidade,1
pedido_1888.931474764732_224,133.14566456591496,139.75448045982262,124.75448045982262,7.675242302963615,5,4.611748120841088,Scooter,Foggy,High,Metropolitian,False,0,1,0,1888.931474764732,2018.6859552245546,Aumento_Velocidade,0
pedido_1934.9459232627346_251,96.80921212309678,70.16672196343033,70.16672196343033,2.6214273915510726,15,5.0,Van,Sunny,High,Metropolitian,False,0,1,1,1934.9459232627346,2020.112645226165,Nenhuma,1
pedido_1828.1772759057567_195,200.78037868020564,187.27259466077334,187.27259466077334,13.409435249410077,5,4.374506595527705,Van,Foggy,Jam,Urban,True,0,1,0,1828.1772759057567,2020.44987056653,Nenhuma,0
pedido_1925.561412192224_247,99.36335199542346,86.48931554511383,86.48931554511383,6.471794272585427,10,4.755972530020381,Van,Sunny,Jam,Metropolitian,True,0,1,1,1925.561412192224,2022.0507277373379,Nenhuma,1
pedido_1901.5936258827005_232,129.55081471202553,131.82457486680704,116.82457486680704,6.892758066303424,5,4.669003622589602,Scooter,Stormy,Jam,Urban,True,0,1,0,1901.5936258827005,2023.4182007495076,Aumento_Velocidade,0
pedido_1887.8884006417804_223,140.77869942436217,138.65637223319183,123.65637223319183,15.682026411108291,15,4.460458314125781,Scooter,Foggy,High,Metropolitian,False,0,1,0,1887.8884006417804,2026.5447728749723,Aumento_Velocidade,0
pedido_1860.4241822561382_210,168.6516993281875,171.35180455631016,156.35180455631016,12.583540165011756,10,4.418782472527008,Scooter,Sunny,Medium,Metropolitian,False,0,0,1,1860.4241822561382,2026.7759868124483,Rota_Reduzida,0
pedido_1912.2585430211934_238,144.21975274826923,120.87982988153723,105.87982988153723,14.388399007243748,10,4.989368170211304,Moto,Foggy,High,Metropolitian,True,0,1,0,1912.2585430211934,2028.1383729027307,Aumento_Velocidade,0
pedido_1899.6436253279148_231,136.11264911075537,131.5523587527908,116.55235875279081,16.7271840094553,15,4.840141083914461,Moto,Windy,High,Metropolitian,True,0,1,0,1899.6436253279148,2031.1959840807056,Aumento_Velocidade,0
pedido_1961.0863572340807_265,98.09455266861596,70.245624702558,55.245624702558004,5.246735069534412,15,4.73051896500017,Moto,Sunny,High,Urban,False,0,1,1,1961.0863572340807,2031.3319819366386,Aumento_Velocidade,1
pedido_1916.7057110170786_243,104.05063887989819,110.31174320786029,110.31174320786029,12.794126146501815,5,4.755210180581293,Scooter,Sandstorms,Low,Metropolitian,True,0,0,0,1916.7057110170786,2032.0174542249388,Nenhuma,1
pedido_1912.6754682920218_239,134.5142525570483,124.46347070025385,109.46347070025385,3.4905359745386333,10,4.822525446175457,Moto,Foggy,High,Metropolitian,False,0,1,0,1912.6754682920218,2032.1389389922756,Aumento_Velocidade,0
pedido_1905.422912279189_234,125.24440535307305,122.78725588287121,122.78725588287121,1.9834637447620085,5,4.745202256485626,Van,Foggy,Medium,Urban,False,0,0,0,1905.422912279189,2033.2101681620602,Nenhuma,0
pedido_1963.9712653500535_267,100.39675232132366,79.93752050930614,64.93752050930614,4.985041472017977,5,4.743823409257394,Scooter,Sunny,Jam,Metropolitian,True,0,1,1,1963.9712653500535,2033.9087858593596,Aumento_Velocidade,1
pedido_1982.2735863030098_277,49.81148091953886,47.54334384316762,47.54334384316762,13.638289637951349,5,4.870728906404349,Moto,Sandstorms,Jam,Other,True,1,1,0,1982.2735863030098,2034.8169301461774,Nenhuma,1
pedido_1895.9722119862593_229,132.54464392905672,128.92073651041548,128.92073651041548,6.554493604195989,10,4.673686637767062,Van,Windy,High,Metropolitian,False,0,1,0,1895.9722119862593,2034.8929484966748,Nenhuma,0
pedido_1908.0659484949879_237,102.40025861228636,117.44172498257902,117.44172498257902,4.901370599267635,10,4.548743444282234,Moto,Sandstorms,Low,Metropolitian,False,0,0,0,1908.0659484949879,2035.5076734775669,Nenhuma,0
pedido_1823.1723358300464_190,202.79776352319075,210.694595775987,210.694595775987,11.602992725919432,5,4.3668033704532565,Van,Foggy,Jam,Metropolitian,False,0,1,0,1823.1723358300464,2038.8669316060334,Nenhuma,0
pedido_1916.8363854383294_244,138.25826804756755,125.16276829529124,110.16276829529124,11.280161274450016,15,4.690649382441628,Scooter,Sandstorms,Medium,Urban,True,0,0,0,1916.8363854383294,2041.9991537336207,Rota_Reduzida,0
pedido_1934.7735576100213_250,109.37435812692019,112.24221962439299,97.24221962439299,23.403331558991677,10,4.794985657670445,Scooter,Sunny,Medium,Metropolitian,False,0,0,1,1934.7735576100213,2042.0157772344141,Rota_Reduzida,0
pedido_1881.9799864369058_221,177.33864516518113,172.49040199309468,157.49040199309468,7.148256143214487,5,4.40650723943589,Moto,Stormy,Jam,Urban,False,0,1,0,1881.9799864369058,2044.4703884300006,Aumento_Velocidade,0
pedido_1870.4078777979053_213,186.05418133670648,184.23506405933801,169.23506405933801,14.42999031493799,5,4.411669608381657,Scooter,Stormy,High,Metropolitian,True,0,1,0,1870.4078777979053,2044.6429418572434,Aumento_Velocidade,0
pedido_1907.6682241073313_236,137.10275890040106,140.31382196012868,125.31382196012868,10.622456613498723,15,4.669852146338185,Moto,Sandstorms,Medium,Metropolitian,False,0,0,0,1907.6682241073313,2047.98204606746,Rota_Reduzida,0
pedido_1915.5861528696857_240,137.18018836356558,142.53873701321825,127.53873701321825,6.482077097625689,5,4.716052592972912,Moto,Sandstorms,Medium,Urban,True,0,0,0,1915.5861528696857,2048.124889882904,Rota_Reduzida,0
pedido_1895.2719337566116_228,173.57742893146414,166.52122295115004,151.52122295115004,2.546199798475519,5,4.414220228051209,Scooter,Foggy,Medium,Urban,False,0,0,0,1895.2719337566116,2051.7931567077617,Rota_Reduzida,0
pedido_1932.6096506457793_249,127.39112761191271,126.29759027934443,111.29759027934443,5.209245522070191,10,4.592866321086297,Scooter,Stormy,Jam,Urban,False,0,1,0,1932.6096506457793,2053.907240925124,Aumento_Velocidade,0
pedido_1925.1134864104738_246,132.65488063328652,115.36022095458861,115.36022095458861,4.384417463618428,15,4.894767606502333,Van,Sandstorms,High,Metropolitian,False,0,1,0,1925.1134864104738,2055.473707365062,Nenhuma,0
pedido_1976.0937088868618_272,107.79076067318245,84.85564741393101,69.85564741393101,20.49780190896334,10,4.707082192782486,Moto,Sunny,High,Metropolitian,True,0,1,1,1976.0937088868618,2055.9493563007927,Aumento_Velocidade,1
pedido_1931.7680085719098_248,132.65488063328652,133.81135226254858,118.81135226254858,3.51913966272897,10,4.863730264974281,Moto,Sandstorms,High,Metropolitian,False,0,1,0,1931.7680085719098,2060.5793608344584,Aumento_Velocidade,0
pedido_1921.4855949095954_245,138.42157472887084,126.71300805801471,126.71300805801471,9.370805826776945,15,4.598958376828215,Van,Windy,Medium,Urban,True,0,0,0,1921.4855949095954,2063.19860296761,Nenhuma,0
pedido_1953.8425064510743_259,125.74057415655277,116.32975170502394,101.32975170502394,6.781298997724541,10,4.906247305159166,Scooter,Foggy,Medium,Metropolitian,False,0,0,0,1953.8425064510743,2065.1722581560985,Rota_Reduzida,0
pedido_1950.5014609719892_258,134.08165980592622,119.9560661658974,104.9560661658974,8.65509723273719,10,5.0,Scooter,Foggy,Jam,Metropolitian,False,0,1,0,1950.5014609719892,2065.4575271378867,Aumento_Velocidade,0
pedido_1955.2143167252116_261,127.73783541667713,116.52457578532002,101.52457578532002,5.121320787831567,10,4.6657088749885975,Moto,Stormy,High,Metropolitian,True,0,1,0,1955.2143167252116,2066.7388925105315,Aumento_Velocidade,0
pedido_1949.8194355592145_257,102.50472489204277,112.65088708174547,112.65088708174547,17.132383631654537,5,4.612003447684066,Moto,Stormy,Low,Metropolitian,False,0,0,0,1949.8194355592145,2067.47032264096,Nenhuma,1
pedido_1879.718075619294_219,197.40944784152057,194.16768162623646,179.16768162623646,11.148546400149018,10,4.337505250310601,Moto,Windy,Jam,Metropolitian,True,0,1,0,1879.718075619294,2068.8857572455304,Aumento_Velocidade,0
pedido_1939.3170771379616_252,132.96881234173745,132.5116291290675,117.5116291290675,7.251933467006996,15,4.749765074137409,Scooter,Stormy,Medium,Metropolitian,False,0,0,0,1939.3170771379616,2071.8287062670292,Rota_Reduzida,0
pedido_1953.9756304150712_260,134.8819635623919,123.10816444047151,108.10816444047151,16.311245428644966,10,4.667928825653201,Moto,Windy,Medium,Metropolitian,False,0,0,0,1953.9756304150712,2072.0837948555427,Rota_Reduzida,0
pedido_1942.1128402546967_253,134.2016008242373,135.95390781933804,120.95390781933804,6.481376054885644,10,5.0,Scooter,Windy,High,Metropolitian,True,0,1,0,1942.1128402546967,2073.066748074035,Aumento_Velocidade,0
pedido_1945.5404060060996_255,133.3254587288559,140.48470194730797,125.48470194730797,17.799413354572945,5,5.0,Moto,Stormy,High,Metropolitian,False,0,1,0,1945.5404060060996,2076.0251079534078,Aumento_Velocidade,0
pedido_1962.2150656309952_266,139.89092564455524,124.46976926240637,109.46976926240637,15.561905554979484,5,4.938766790579409,Moto,Windy,Jam,Metropolitian,True,0,1,0,1962.2150656309952,2076.684834893402,Aumento_Velocidade,0
pedido_1948.6013233715046_256,136.7132402381954,138.8974052678614,123.89740526786139,7.320177059130897,5,4.76820365844272,Scooter,Sandstorms,Medium,Metropolitian,True,0,0,0,1948.6013233715046,2077.498728639366,Rota_Reduzida,0
pedido_1978.5658682396818_273,127.75939974483867,100.21832496683734,85.21832496683734,6.458867597874979,15,4.493033099388912,Scooter,Windy,Jam,Metropolitian,False,0,1,0,1978.5658682396818,2078.784193206519,Aumento_Velocidade,1
pedido_1997.128686911527_284,96.75969646458327,86.72725241989798,71.72725241989798,8.936899154560292,10,4.46675944557915,Moto,Sunny,Medium,Metropolitian,False,0,0,1,1997.128686911527,2078.855939331425,Rota_Reduzida,1
pedido_1967.8395642913547_269,135.62229813034068,126.71029099472784,111.71029099472784,12.683555974077063,5,4.808273194126914,Moto,Sandstorms,High,Metropolitian,True,0,1,0,1967.8395642913547,2084.5498552860827,Aumento_Velocidade,0
pedido_1956.7439030326072_264,131.80741139350275,134.09957074477995,119.09957074477995,17.394626938013754,10,4.7937285255996684,Scooter,Stormy,High,Metropolitian,True,0,1,0,1956.7439030326072,2085.8434737773873,Aumento_Velocidade,0
pedido_1994.2446245836063_282,99.02571220929418,84.30466636651809,84.30466636651809,0.511087994115246,10,4.666601116950432,Scooter,Windy,Low,Metropolitian,False,0,0,0,1994.2446245836063,2088.5492909501245,Nenhuma,1
pedido_2059.876341358366_319,45.556439387480594,27.273145256010565,27.273145256010565,16.342342858733602,5,4.457589462216017,Moto,Sunny,High,Metropolitian,True,1,1,1,2059.876341358366,2092.1494866143767,Nenhuma,1
pedido_1985.3585197905456_278,129.4306379683732,113.09294887159015,98.09294887159015,14.905039449535337,10,4.868763559049818,Moto,Stormy,High,Metropolitian,False,0,1,0,1985.3585197905456,2093.451468662136,Aumento_Velocidade,0
pedido_1988.401928076743_280,100.56070214180622,95.16118174465457,95.16118174465457,9.298034413414067,10,4.784568459151979,Moto,Windy,Low,Metropolitian,True,0,0,0,1988.401928076743,2093.5631098213976,Nenhuma,1
pedido_1966.3961198797097_268,133.2235388051159,127.94084727298716,112.94084727298716,8.113191502047789,15,4.768044137798932,Moto,Sandstorms,Medium,Metropolitian,False,0,0,0,1966.3961198797097,2094.3369671526966,Rota_Reduzida,0
pedido_1955.5809808252482_262,142.12282187454412,150.95224790250916,135.95224790250916,12.67647378524963,5,4.673572891936991,Moto,Foggy,High,Metropolitian,False,0,1,0,1955.5809808252482,2096.5332287277574,Aumento_Velocidade,0
pedido_1986.5363620334028_279,132.69332218222448,121.03694172785288,106.03694172785288,16.776732854761807,5,4.597435580334128,Moto,Windy,High,Metropolitian,False,0,1,0,1986.5363620334028,2097.573303761256,Aumento_Velocidade,0
pedido_1980.410597056943_275,133.64178827246997,102.88289061155655,102.88289061155655,5.542937026570737,15,4.2720519534418555,Moto,Stormy,Low,Urban,False,0,0,0,1980.410597056943,2098.2934876684994,Nenhuma,1
pedido_1981.5728945022493_276,142.12282187454412,129.36017138773232,114.36017138773232,12.842519093830521,10,4.708443871556108,Scooter,Foggy,High,Metropolitian,False,0,1,0,1981.5728945022493,2105.9330658899817,Aumento_Velocidade,0
pedido_1974.48071909482_271,134.93348065867195,117.69050457759764,117.69050457759764,7.429186690281781,15,5.0,Van,Stormy,Medium,Metropolitian,True,0,0,0,1974.48071909482,2107.1712236724175,Nenhuma,0
pedido_2013.6728838395097_289,102.39379340670354,93.91037520041067,78.91037520041067,13.068986840959981,15,5.0,Scooter,Sunny,High,Metropolitian,False,0,1,1,2013.6728838395097,2107.5832590399204,Aumento_Velocidade,1
pedido_1979.7701794205407_274,153.28258603477042,145.1383653575926,130.1383653575926,11.597492068815367,5,4.5133515533946955,Moto,Foggy,Jam,Metropolitian,False,0,1,0,1979.7701794205407,2114.908544778133,Aumento_Velocidade,0
pedido_2003.5727479012965_288,131.1491165034564,111.69818813994536,96.69818813994536,2.295437501011059,15,5.0,Moto,Sandstorms,Medium,Metropolitian,False,0,0,0,2003.5727479012965,2115.270936041242,Rota_Reduzida,0
pedido_1973.4253745153708_270,174.2604412275102,147.34127191558122,132.34127191558122,2.5201592894238307,10,3.974084971718949,Moto,Stormy,Jam,Urban,False,0,1,0,1973.4253745153708,2115.766646430952,Aumento_Velocidade,0
pedido_2016.3567331709032_291,100.46033638751184,94.92854371038062,94.92854371038062,8.09995080561785,10,4.853371900155516,Scooter,Windy,Low,Urban,True,0,0,0,2016.3567331709032,2121.285276881284,Nenhuma,1
pedido_2001.476242075371_286,119.89881207147734,105.57410258521597,105.57410258521597,14.824013632577104,15,4.478958570175251,Moto,Sunny,Low,Metropolitian,False,0,0,1,2001.476242075371,2122.0503446605867,Nenhuma,0
pedido_1944.6782970251063_254,189.32635257621973,182.92898953861928,167.92898953861928,12.161708622936935,10,4.412375379552046,Moto,Foggy,High,Urban,False,0,1,0,1944.6782970251063,2122.6072865637257,Aumento_Velocidade,0
pedido_2013.9653886881772_290,134.51104555526933,113.1318021178324,98.1318021178324,15.790777135954313,15,4.813640864900349,Scooter,Sandstorms,High,Metropolitian,False,0,1,0,2013.9653886881772,2127.0971908060096,Aumento_Velocidade,0
pedido_2019.7396583238597_294,105.45595709912072,107.76380319495752,92.76380319495752,5.270009202965216,15,4.526169819233944,Moto,Sunny,High,Metropolitian,True,0,1,1,2019.7396583238597,2127.503461518817,Aumento_Velocidade,0
pedido_2000.7637220975164_285,135.1209340785815,111.89014725824708,111.89014725824708,12.379406512067458,15,4.756115152653752,Van,Sandstorms,High,Urban,False,0,1,0,2000.7637220975164,2127.6538693557636,Nenhuma,0
pedido_2017.0189687837762_293,135.4798309176438,110.82597688060693,95.82597688060693,14.623270193079875,15,5.0,Moto,Stormy,Medium,Metropolitian,False,0,0,0,2017.0189687837762,2127.844945664383,Rota_Reduzida,0
pedido_2045.2852557486547_308,94.74006854850781,86.24078055806898,71.24078055806898,6.796561065594952,15,4.857181930123413,Moto,Sunny,High,Metropolitian,False,0,1,1,2045.2852557486547,2131.5260363067237,Aumento_Velocidade,1
pedido_2046.9438719026705_309,98.2731363697754,84.90483577038326,69.90483577038326,9.568073371720352,15,4.790473393520197,Moto,Sunny,High,Metropolitian,True,0,1,1,2046.9438719026705,2131.8487076730535,Aumento_Velocidade,1
pedido_1995.3354551308196_283,132.49103640531567,143.58425850398655,128.58425850398655,8.147485864243492,10,4.891372278489107,Scooter,Foggy,High,Metropolitian,False,0,1,0,1995.3354551308196,2133.919713634806,Aumento_Velocidade,0
pedido_2055.9225099551227_316,97.64785828064164,89.5470111060357,74.5470111060357,8.919772366802478,5,4.782752584176886,Moto,Sunny,High,Metropolitian,True,0,1,1,2055.9225099551227,2135.4695210611585,Aumento_Velocidade,1
pedido_2041.206708122034_303,135.5492452260106,98.94363720032192,83.94363720032192,9.888974265179804,15,4.526558351044303,Scooter,Foggy,High,Metropolitian,False,0,1,0,2041.206708122034,2140.150345322356,Aumento_Velocidade,1
pedido_2043.9421303158877_307,112.39024358092003,102.05261687393703,87.05261687393703,12.515242611282986,10,4.541398106951246,Moto,Sunny,Jam,Metropolitian,False,0,1,1,2043.9421303158877,2140.994747189825,Aumento_Velocidade,1
pedido_1991.6682877587643_281,161.3804173862856,147.12182843683144,147.12182843683144,17.78184597011236,10,4.441552662595901,Moto,Windy,Low,Metropolitian,True,0,0,0,1991.6682877587643,2148.7901161955956,Nenhuma,0
pedido_2064.024395855114_322,100.50592310702093,74.89708619223316,74.89708619223316,2.539325425767125,10,4.709783524496181,Scooter,Windy,Low,Metropolitian,False,0,0,0,2064.024395855114,2148.921482047347,Nenhuma,1
pedido_2038.037574122467_300,104.3440897080657,100.92619038607475,100.92619038607475,10.031921801361166,10,4.640345835221117,Moto,Foggy,Low,Metropolitian,True,0,0,0,2038.037574122467,2148.9637645085418,Nenhuma,1
pedido_2016.9560594338236_292,132.46057470870156,130.91151938404008,130.91151938404008,7.643882187465627,5,4.788174895505581,Van,Windy,High,Metropolitian,False,0,1,0,2016.9560594338236,2152.867578817864,Nenhuma,0
pedido_2043.7771417588767_306,133.23382719633193,119.90449342303651,104.90449342303651,15.752063507148188,5,5.0,Scooter,Stormy,High,Urban,True,0,1,0,2043.7771417588767,2153.681635181913,Aumento_Velocidade,0
pedido_2087.638997459397_330,48.34771935612026,56.73428248228555,56.73428248228555,1.1457599269711505,10,4.958551767127639,Scooter,Windy,Jam,Metropolitian,False,1,1,0,2087.638997459397,2154.3732799416825,Nenhuma,1
pedido_2002.0249874447763_287,173.57742893146414,153.79095868357902,138.79095868357902,1.633195682905758,15,4.357201217277428,Scooter,Foggy,Medium,Metropolitian,False,0,0,0,2002.0249874447763,2155.8159461283553,Rota_Reduzida,0
pedido_2024.5799164159614_297,138.25438508776574,142.64915576897855,127.64915576897855,15.057896005284942,5,4.901173567098784,Scooter,Windy,Medium,Urban,True,0,0,0,2024.5799164159614,2157.22907218494,Rota_Reduzida,0
pedido_2040.926162682177_302,131.53174483464744,119.64512870951037,104.64512870951037,3.367347921848919,15,4.858238366059864,Scooter,Sandstorms,Medium,Urban,False,0,0,0,2040.926162682177,2160.5712913916877,Rota_Reduzida,0
pedido_2047.4914878324544_310,105.98777857682884,98.40203869672555,98.40203869672555,11.035405370850242,15,4.653387592783756,Moto,Windy,Low,Metropolitian,True,0,0,0,2047.4914878324544,2160.89352652918,Nenhuma,1
pedido_2048.158385712508_311,130.72811811273615,112.7889867607777,97.7889867607777,10.563827659603032,15,4.604231341502728,Moto,Stormy,High,Urban,False,0,1,0,2048.158385712508,2160.9473724732857,Aumento_Velocidade,0
pedido_2023.4134482872325_296,142.91395619208785,148.12239612409508,133.12239612409508,19.604350729798377,5,5.0,Scooter,Foggy,High,Metropolitian,False,0,1,0,2023.4134482872325,2161.5358444113276,Aumento_Velocidade,0
pedido_2025.1817444610924_298,166.93408772211424,149.00324189503027,134.00324189503027,6.8588701089620185,5,4.2752466731458965,Scooter,Sunny,Medium,Metropolitian,False,0,0,1,2025.1817444610924,2164.184986356123,Rota_Reduzida,0
pedido_2040.1303105355353_301,130.6259691696806,124.7839950824376,109.7839950824376,3.534022476265811,15,4.780449087618301,Moto,Sandstorms,Medium,Metropolitian,False,0,0,0,2040.1303105355353,2164.9143056179732,Rota_Reduzida,0
pedido_2020.0247828384583_295,132.31169203335554,130.81745526011593,130.81745526011593,7.545658136923024,15,4.564647874044465,Van,Sandstorms,High,Metropolitian,False,0,1,0,2020.0247828384583,2165.8422380985744,Nenhuma,0
pedido_2029.0517348076378_299,131.3211239078799,128.06368889910559,128.06368889910559,8.224667643727525,10,4.851867562793427,Van,Stormy,Medium,Metropolitian,False,0,0,0,2029.0517348076378,2167.1154237067435,Nenhuma,0
pedido_2043.1209834564236_305,129.2275822826318,115.67451974340851,115.67451974340851,2.0782121115257532,10,4.962944725799558,Van,Foggy,Jam,Metropolitian,False,0,1,0,2043.1209834564236,2168.7955031998317,Nenhuma,0
pedido_2061.8583361733863_320,137.18075688128906,121.74096745851928,106.74096745851928,10.537593237605385,5,5.0,Moto,Sandstorms,Medium,Urban,False,0,0,0,2061.8583361733863,2173.5993036319055,Rota_Reduzida,0
pedido_2070.315931440306_325,136.81698593570798,114.49825400474167,99.49825400474167,15.257352745992495,5,4.782637144522273,Moto,Sandstorms,Medium,Urban,False,0,0,0,2070.315931440306,2174.8141854450478,Rota_Reduzida,1
pedido_2050.2829763060668_313,150.89881258888,125.3485397837992,110.3485397837992,11.87107249809901,15,4.7393826881991945,Moto,Foggy,Jam,Metropolitian,True,0,1,0,2050.2829763060668,2175.6315160898657,Aumento_Velocidade,0
pedido_2056.9436892648687_317,111.47744619925685,120.90116883967426,105.90116883967426,21.362269857401895,15,4.527616508026209,Moto,Sunny,Medium,Urban,True,0,0,1,2056.9436892648687,2177.844858104543,Rota_Reduzida,0
pedido_2069.541607555338_324,104.10475800927355,106.61115241556627,106.61115241556627,14.924833529222528,5,4.69768128946804,Moto,Sandstorms,Low,Metropolitian,True,0,0,0,2069.541607555338,2181.1527599709043,Nenhuma,1
pedido_2058.103581723185_318,132.50430424493803,133.37209718849965,118.37209718849965,9.820103060011771,5,4.682730222618896,Moto,Sandstorms,High,Metropolitian,False,0,1,0,2058.103581723185,2181.4756789116846,Aumento_Velocidade,0
pedido_2074.937705712708_328,136.37568432476635,117.56165249488382,102.56165249488382,12.225772351004462,5,4.850974763207249,Moto,Windy,Jam,Metropolitian,False,0,1,0,2074.937705712708,2182.4993582075917,Aumento_Velocidade,0
pedido_2049.46833173908_312,132.24302906427158,140.3185431754146,125.31854317541459,16.374484669373885,10,4.846877314001284,Moto,Stormy,Medium,Metropolitian,True,0,0,0,2049.46833173908,2184.7868749144945,Rota_Reduzida,0
pedido_2073.557980324273_327,144.98641730175933,112.82973908912987,97.82973908912987,12.289743764322038,15,4.593697255979885,Moto,Foggy,High,Metropolitian,True,0,1,0,2073.557980324273,2186.387719413403,Aumento_Velocidade,0
pedido_2052.1219661319437_314,134.94826940247617,145.3968771815782,130.3968771815782,14.417907021944691,5,4.7964148855346,Scooter,Sandstorms,High,Metropolitian,True,0,1,0,2052.1219661319437,2187.5188433135218,Aumento_Velocidade,0
pedido_2089.65680799956_331,103.42555449491033,88.48547403023181,88.48547403023181,15.114596349277669,10,4.722936982890943,Van,Windy,Low,Metropolitian,False,0,0,0,2089.65680799956,2188.1422820297917,Nenhuma,1
pedido_2117.956297019199_344,94.27841153683677,73.36671364908786,58.366713649087856,6.999484370988256,15,4.589304081471865,Moto,Sunny,Medium,Metropolitian,False,0,0,1,2117.956297019199,2191.323010668287,Rota_Reduzida,1
pedido_2053.5959095573794_315,142.0808223565322,129.73070475111524,129.73070475111524,18.670402773627742,10,4.690381196550673,Van,Foggy,High,Metropolitian,False,0,1,0,2053.5959095573794,2193.3266143084948,Nenhuma,0
pedido_2070.3920122655345_326,131.75808297925641,134.56098201441426,119.56098201441426,5.3611009077303695,5,4.528523671173734,Moto,Foggy,High,Metropolitian,False,0,1,0,2070.3920122655345,2194.9529942799486,Aumento_Velocidade,0
pedido_2095.900302196628_334,105.49354776418694,111.18550028717051,96.18550028717051,18.878868078590454,5,5.0,Scooter,Sunny,High,Urban,True,0,1,1,2095.900302196628,2197.085802483799,Aumento_Velocidade,1
pedido_2094.2147811259056_333,132.54464392905672,111.60823624900667,96.60823624900667,7.1142865928206005,10,4.678498177919712,Scooter,Windy,High,Metropolitian,False,0,1,0,2094.2147811259056,2200.823017374912,Aumento_Velocidade,0
pedido_2111.312428669875_340,97.78586748557467,74.7275159261989,74.7275159261989,4.648341815497033,15,4.546566478311691,Moto,Sunny,Low,Urban,False,0,0,1,2111.312428669875,2201.039944596074,Nenhuma,1
pedido_2142.565284647825_357,50.17410897944264,53.847883548976974,53.847883548976974,22.019366294544454,5,5.0,Scooter,Windy,Jam,Metropolitian,True,1,1,0,2142.565284647825,2201.413168196802,Nenhuma,1
pedido_2105.2356682324767_336,125.52482360126386,108.47555968266326,88.47555968266326,11.554107324121247,15,4.887271756825051,Scooter,Sandstorms,High,Other,False,0,1,0,2105.2356682324767,2208.7112279151397,Rota_Reduzida,0
pedido_2061.944086411022_321,134.51104555526933,133.9787942242518,133.9787942242518,16.338747643520595,15,4.785898308873372,Van,Sandstorms,High,Metropolitian,False,0,1,0,2061.944086411022,2210.922880635274,Nenhuma,0
pedido_2112.6236039580385_341,129.42766501532498,99.79968050871766,84.79968050871766,2.8710901169559624,15,4.699072979638935,Moto,Stormy,High,Metropolitian,False,0,1,0,2112.6236039580385,2212.4232844667563,Aumento_Velocidade,1
pedido_2093.129525302431_332,134.94035276937208,132.95859690200166,117.95859690200166,6.479338180847808,5,4.463686024142454,Moto,Sandstorms,Medium,Metropolitian,True,0,0,0,2093.129525302431,2216.0881222044327,Rota_Reduzida,0
pedido_2085.251999646595_329,129.4306379683732,136.41828803503685,121.41828803503685,15.236900647067536,10,4.885338288439275,Scooter,Stormy,High,Urban,False,0,1,0,2085.251999646595,2216.6702876816316,Aumento_Velocidade,0
pedido_2101.3524619056657_335,129.6818326285279,127.97198225635222,112.97198225635222,8.10492050264377,5,4.792500804505872,Moto,Windy,Jam,Metropolitian,False,0,1,0,2101.3524619056657,2219.3244441620177,Aumento_Velocidade,0
pedido_2165.8443849117807_368,46.84994541842513,52.82486399210229,52.82486399210229,19.359463637162275,5,4.647448888594016,Moto,Sandstorms,High,Metropolitian,False,1,1,0,2165.8443849117807,2223.669248903883,Nenhuma,1
pedido_2166.0915164373887_369,48.06421293241448,43.14153918986757,43.14153918986757,10.112649540235273,15,4.616053924652036,Van,Foggy,Jam,Urban,True,1,1,0,2166.0915164373887,2224.2330556272564,Nenhuma,1
pedido_2113.9841011303743_343,133.83332144049882,119.19681322541427,104.19681322541427,2.0898922249342964,10,4.659671935714367,Moto,Foggy,High,Metropolitian,False,0,1,0,2113.9841011303743,2228.1809143557884,Aumento_Velocidade,0
pedido_2042.2902857603988_304,180.9582429554871,196.8611724853278,181.8611724853278,10.009203420517785,5,4.437882737631387,Moto,Sandstorms,High,Metropolitian,False,0,1,0,2042.2902857603988,2229.1514582457266,Aumento_Velocidade,0
pedido_2133.5388302451433_352,99.86123101975825,100.77608799874847,85.77608799874847,14.0292052638406,10,4.815231803052711,Moto,Sunny,Medium,Metropolitian,False,0,0,1,2133.5388302451433,2229.314918243892,Rota_Reduzida,1
pedido_2067.3973176497_323,169.05057827910045,175.16406133597957,160.16406133597957,12.332988356438962,5,4.430850399509684,Scooter,Sunny,Medium,Metropolitian,False,0,0,1,2067.3973176497,2232.5613789856798,Rota_Reduzida,0
pedido_2152.6386061348526_361,94.63158532354707,91.17154090791425,76.17154090791425,7.169636148450483,5,4.661057106560883,Moto,Sunny,High,Metropolitian,False,0,1,1,2152.6386061348526,2233.810147042767,Aumento_Velocidade,1
pedido_2136.1386758800545_353,103.64871864064442,104.40735655422324,89.40735655422324,16.276725763175058,10,4.921271935284005,Moto,Sunny,High,Urban,True,0,1,1,2136.1386758800545,2235.5460324342775,Aumento_Velocidade,1
pedido_2105.6856902520717_337,145.09358663852905,131.66601645996226,116.66601645996226,17.730527033821904,15,5.0,Moto,Foggy,High,Urban,True,0,1,0,2105.6856902520717,2237.351706712034,Aumento_Velocidade,0
pedido_2118.5174095804264_347,132.88057937623284,123.18443486144923,108.18443486144923,11.956006166374038,15,5.0,Moto,Stormy,High,Metropolitian,False,0,1,0,2118.5174095804264,2241.7018444418754,Aumento_Velocidade,0
pedido_2118.137140656335_345,118.34810103560214,115.56339462317723,115.56339462317723,14.456292730045863,10,4.5032603897114765,Moto,Sunny,Low,Metropolitian,True,0,0,1,2118.137140656335,2243.700535279512,Nenhuma,0
pedido_2150.5839009395527_360,103.55922897022808,89.44767514935981,89.44767514935981,7.232034040453302,5,4.5478609459112045,Scooter,Sandstorms,Low,Metropolitian,True,0,0,0,2150.5839009395527,2245.0315760889125,Nenhuma,1
pedido_2208.787261108889_399,43.51538800054836,21.452754516217475,21.452754516217475,16.057067813537614,15,4.807507105506713,Moto,Stormy,High,Urban,False,1,1,0,2208.787261108889,2245.2400156251065,Nenhuma,1
pedido_2159.7238409688684_365,97.5314395552214,80.6706493043612,80.6706493043612,1.4550820241669093,5,4.559366156282279,Moto,Foggy,Low,Metropolitian,False,0,0,0,2159.7238409688684,2245.3944902732296,Nenhuma,1
pedido_2118.159162932822_346,135.6818522440013,138.2800879117299,123.28008791172991,12.762509725355018,5,4.66242643345039,Scooter,Windy,High,Metropolitian,True,0,1,0,2118.159162932822,2246.4392508445517,Aumento_Velocidade,0
pedido_2199.428519981382_390,43.953509223907936,39.93384282909392,39.93384282909392,5.626759661316229,10,4.73347865064457,Moto,Stormy,High,Urban,False,1,1,0,2199.428519981382,2249.362362810476,Nenhuma,1
pedido_2147.067389196808_359,126.40381272079905,112.73071072275583,97.73071072275583,4.237758622927609,5,4.689783235606267,Scooter,Windy,Jam,Urban,False,0,1,0,2147.067389196808,2249.798099919564,Aumento_Velocidade,1
pedido_2141.3182965874325_356,129.76486193434457,108.57964567016876,93.57964567016876,16.16598635272555,15,4.569479174897324,Moto,Stormy,High,Urban,False,0,1,0,2141.3182965874325,2249.8979422576012,Aumento_Velocidade,0
pedido_2171.9444885546104_374,96.75969646458327,78.94698747156778,63.94698747156778,7.990743261772165,15,4.5263652558939995,Moto,Sunny,Medium,Metropolitian,False,0,0,1,2171.9444885546104,2250.891476026178,Rota_Reduzida,1
pedido_2170.8908757460426_372,100.00171326255364,86.21793050978657,71.21793050978657,5.396745705083009,10,4.720102654849289,Moto,Sunny,High,Metropolitian,True,0,1,1,2170.8908757460426,2252.108806255829,Aumento_Velocidade,1
pedido_2131.680826203676_351,128.35655595703986,124.34791456235598,109.34791456235598,2.6222689180419168,15,4.878506146487678,Scooter,Stormy,High,Metropolitian,False,0,1,0,2131.680826203676,2256.028740766032,Aumento_Velocidade,0
pedido_2126.3920829975755_349,143.91163808820735,145.26649386508728,130.26649386508728,15.346228303668074,5,4.649896375190937,Moto,Foggy,High,Metropolitian,True,0,1,0,2126.3920829975755,2261.658576862663,Aumento_Velocidade,0
pedido_2167.9381833125567_370,105.66025174273108,88.36913637196542,88.36913637196542,18.235573130352257,10,5.0,Moto,Windy,Low,Metropolitian,True,0,0,0,2167.9381833125567,2266.307319684522,Nenhuma,1
pedido_2168.8536984658363_371,99.30900268312885,83.17493111436613,83.17493111436613,3.0647430643473474,15,4.793053619429098,Moto,Foggy,Low,Urban,False,0,0,0,2168.8536984658363,2267.0286295802025,Nenhuma,1
pedido_2176.6899226094515_376,128.64689808372484,105.08389277760685,90.08389277760685,8.469094580056007,10,4.828793253832177,Moto,Stormy,High,Urban,False,0,1,0,2176.6899226094515,2276.773815387058,Aumento_Velocidade,1
pedido_2146.7529743935693_358,128.90089801480624,140.1100380459218,125.11003804592181,16.919082947380993,5,4.7990944317409525,Moto,Stormy,High,Metropolitian,False,0,1,0,2146.7529743935693,2276.8630124394913,Aumento_Velocidade,0
pedido_2153.959992723364_362,139.81150992057826,113.5132304864862,113.5132304864862,10.640308374853236,10,4.503697073826555,Van,Foggy,High,Metropolitian,False,0,1,0,2153.959992723364,2277.47322320985,Nenhuma,0
pedido_2138.0915368866577_354,168.6042717728637,139.6356905034047,124.6356905034047,14.00970295701268,15,4.42890278161544,Moto,Sunny,Medium,Metropolitian,True,0,0,1,2138.0915368866577,2277.7272273900626,Rota_Reduzida,0
pedido_2125.1398956580056_348,145.08411283897613,164.00186486777466,149.00186486777466,17.414471162915717,5,4.549871003864234,Moto,Sandstorms,Jam,Metropolitian,False,0,1,0,2125.1398956580056,2279.1417605257802,Aumento_Velocidade,0
pedido_2107.6490873566704_338,188.63123006211475,178.36655532670267,163.36655532670267,14.19454762073506,10,4.119226762858369,Moto,Foggy,High,Metropolitian,False,0,1,0,2107.6490873566704,2281.0156426833732,Aumento_Velocidade,0
pedido_2113.6989469119662_342,185.43405052533794,179.50174517817572,164.50174517817572,15.347738587852962,5,4.231876459207809,Moto,Windy,High,Urban,False,0,1,0,2113.6989469119662,2283.200692090142,Aumento_Velocidade,0
pedido_2202.7461764705913_393,95.18733229388945,81.40497741220602,66.40497741220602,2.3524878505894025,15,4.6982578232224865,Moto,Sunny,High,Metropolitian,False,0,1,1,2202.7461764705913,2284.151153882797,Aumento_Velocidade,1
pedido_2158.281223060633_364,124.138109347723,111.24327789081387,111.24327789081387,2.888706805588297,15,4.678991481241591,Van,Sandstorms,Jam,Metropolitian,False,0,1,0,2158.281223060633,2284.5245009514465,Nenhuma,0
pedido_2188.68440020218_386,101.83947021003661,92.05703997616442,92.05703997616442,4.436557284953315,5,4.543925523038993,Scooter,Stormy,Low,Metropolitian,False,0,0,0,2188.68440020218,2285.7414401783444,Nenhuma,1
pedido_2128.163784836678_350,173.70532599386283,169.24735242931615,154.24735242931615,6.925810202702124,5,4.434213885586852,Moto,Windy,High,Metropolitian,True,0,1,0,2128.163784836678,2287.4111372659945,Aumento_Velocidade,0
pedido_2138.466719338841_355,145.80075729105124,134.79405402522667,134.79405402522667,4.648845999348882,15,4.219596603850788,Scooter,Sunny,Low,Metropolitian,False,0,0,1,2138.466719338841,2288.2607733640675,Nenhuma,0
pedido_2163.0082008767395_366,133.0196758514353,140.54571793683684,125.54571793683684,15.003638722084158,5,4.734692595632437,Moto,Windy,High,Urban,False,0,1,0,2163.0082008767395,2293.5539188135763,Aumento_Velocidade,0
pedido_2175.371572935762_375,135.76233873880116,129.45682170890612,114.45682170890612,3.083451177825175,5,5.0,Moto,Foggy,High,Urban,True,0,1,0,2175.371572935762,2294.828394644668,Aumento_Velocidade,0
pedido_2181.706624718203_382,130.17163389749192,120.0574824368191,105.0574824368191,11.828358382263913,10,4.823960237852898,Scooter,Stormy,High,Metropolitian,False,0,1,0,2181.706624718203,2296.764107155022,Aumento_Velocidade,0
pedido_2109.12559007654_339,185.23427421835498,173.26022483927076,173.26022483927076,18.766383710013475,15,4.348574150005733,Van,Stormy,High,Metropolitian,True,0,1,0,2109.12559007654,2297.385814915811,Nenhuma,0
pedido_2177.348019699929_377,129.76486193434457,116.72624354004812,116.72624354004812,15.88347678002754,5,4.613015292352487,Van,Stormy,High,Metropolitian,False,0,1,0,2177.348019699929,2299.074263239977,Nenhuma,0
pedido_2226.6310268349243_408,97.71575048754335,77.80351374639744,62.80351374639744,6.080997259678104,10,4.603862317158839,Moto,Sunny,High,Metropolitian,False,0,1,1,2226.6310268349243,2299.434540581322,Aumento_Velocidade,1
pedido_2203.594912306918_394,103.86162283122674,92.39634269773966,92.39634269773966,3.591256149046621,5,4.737183297206893,Van,Windy,Low,Metropolitian,True,0,0,0,2203.594912306918,2300.991255004658,Nenhuma,1
pedido_2221.5853469313383_404,99.52735105208863,82.3194230030234,67.3194230030234,5.4604138699344045,15,5.0,Scooter,Sunny,High,Metropolitian,False,0,1,1,2221.5853469313383,2303.904769934362,Aumento_Velocidade,1
pedido_2200.727564184268_392,129.8856628070343,116.4852913940906,101.4852913940906,1.4361378617446494,5,5.0,Moto,Stormy,Medium,Urban,True,0,0,0,2200.727564184268,2307.2128555783584,Rota_Reduzida,0
pedido_2224.74684800852_407,96.82844080979285,89.14338170243882,74.14338170243882,4.174128019890375,10,4.676791009451695,Moto,Sunny,Medium,Metropolitian,True,0,0,1,2224.74684800852,2308.890229710959,Rota_Reduzida,1
pedido_2195.433127378645_387,131.4779601365737,123.56707611831277,108.56707611831277,7.457594634256286,5,4.906624671182004,Scooter,Sandstorms,High,Metropolitian,False,0,1,0,2195.433127378645,2309.000203496958,Aumento_Velocidade,0
pedido_2171.1928451233275_373,133.34913206797495,137.91910217845694,122.91910217845694,16.21786591177082,15,4.840592928032116,Moto,Windy,High,Metropolitian,False,0,1,0,2171.1928451233275,2309.1119473017843,Aumento_Velocidade,0
pedido_2182.288256279922_383,127.53162732466447,117.52887799437062,117.52887799437062,6.423919836933182,10,4.747439558640678,Van,Sandstorms,Jam,Metropolitian,False,0,1,0,2182.288256279922,2309.8171342742926,Nenhuma,0
pedido_2208.5015184474723_398,104.38764442007326,101.94097802050752,86.94097802050752,8.431503077549575,15,4.457413432806173,Scooter,Sunny,High,Urban,True,0,1,1,2208.5015184474723,2310.4424964679797,Aumento_Velocidade,1
pedido_2156.5777132941985_363,185.83590190739548,160.4835043669474,145.4835043669474,15.201664809504262,10,4.438885575240107,Moto,Sandstorms,High,Metropolitian,False,0,1,0,2156.5777132941985,2312.0612176611457,Aumento_Velocidade,0
pedido_2209.3953980778983_402,134.05612450371657,104.2210753894613,89.2210753894613,19.593223660117307,15,4.645709241570159,Scooter,Windy,Medium,Urban,False,0,0,0,2209.3953980778983,2313.61647346736,Rota_Reduzida,1
pedido_2178.5316766744613_379,140.8540321108264,145.87627520663105,130.87627520663105,10.578013217568705,5,4.735642073803411,Scooter,Foggy,High,Metropolitian,False,0,1,0,2178.5316766744613,2314.4079518810922,Aumento_Velocidade,0
pedido_2199.3270365688163_389,129.55081471202553,120.55877651932425,105.55877651932425,6.947951373527259,15,4.675443234822129,Scooter,Stormy,Jam,Metropolitian,True,0,1,0,2199.3270365688163,2319.8858130881404,Aumento_Velocidade,0
pedido_2230.847349946568_413,99.003947290643,102.11759980907274,87.11759980907274,3.385312699678432,5,4.950767409709585,Moto,Sunny,High,Metropolitian,False,0,1,1,2230.847349946568,2322.9649497556406,Aumento_Velocidade,1
pedido_2219.3619959262405_403,103.01895224710047,89.76820313328754,89.76820313328754,5.887134096445909,15,4.583837499955582,Moto,Stormy,Low,Metropolitian,False,0,0,0,2219.3619959262405,2324.130199059528,Nenhuma,1
pedido_2200.0708285871656_391,132.53230019016982,129.06883878195245,114.06883878195245,5.998478686802975,10,4.688360233833075,Moto,Sandstorms,High,Metropolitian,False,0,1,0,2200.0708285871656,2324.139667369118,Aumento_Velocidade,0
pedido_2249.096217534634_424,104.57661485206144,86.18730486020269,71.18730486020269,16.77465646069587,5,4.894423144910425,Moto,Sunny,High,Metropolitian,True,0,1,1,2249.096217534634,2325.283522394837,Aumento_Velocidade,1
pedido_2195.6369329511153_388,135.35273384526806,130.03652067764344,115.03652067764344,14.958629367762846,15,4.786428780814423,Moto,Windy,Medium,Urban,False,0,0,0,2195.6369329511153,2325.6734536287586,Rota_Reduzida,0
pedido_2250.1268387002297_426,101.10038888647071,86.08706853856884,71.08706853856884,4.672021705442556,5,4.954708839746982,Moto,Sunny,Jam,Metropolitian,False,0,1,1,2250.1268387002297,2326.2139072387986,Aumento_Velocidade,1
pedido_2206.5334766872575_396,141.48007213997377,130.33689854413558,115.33689854413558,10.421087463039745,5,4.977551619348262,Moto,Foggy,High,Metropolitian,False,0,1,0,2206.5334766872575,2326.870375231393,Aumento_Velocidade,0
pedido_2179.307218628748_380,142.53352795833558,153.1422511134877,138.1422511134877,10.877324335305568,10,4.79884517819158,Moto,Foggy,Medium,Metropolitian,False,0,0,0,2179.307218628748,2327.449469742236,Rota_Reduzida,0
pedido_2206.649485217322_397,135.31850075111322,135.41516519296957,120.41516519296957,15.560362815439804,5,5.0,Moto,Sandstorms,High,Metropolitian,False,0,1,0,2206.649485217322,2332.0646504102915,Aumento_Velocidade,0
pedido_2222.8735663897796_406,141.3178313642075,109.28358216906209,94.28358216906209,15.869053750120868,15,4.5783977332297106,Moto,Foggy,High,Urban,False,0,1,0,2222.8735663897796,2332.1571485588415,Aumento_Velocidade,0
pedido_2221.630640757831_405,133.54167802044813,112.23668165428361,97.23668165428361,8.434580476254936,15,4.719632103020424,Scooter,Windy,High,Metropolitian,False,0,1,0,2221.630640757831,2333.8673224121144,Aumento_Velocidade,0
pedido_2230.756490911473_412,101.25581601830797,99.92628825339956,99.92628825339956,7.299077671442934,5,4.749030188047844,Scooter,Sandstorms,Low,Metropolitian,False,0,0,0,2230.756490911473,2335.6827791648725,Nenhuma,1
pedido_2204.2532004818236_395,135.0266795419087,141.9185059056198,126.91850590561981,5.883087408555902,5,4.990032402101985,Moto,Stormy,Medium,Metropolitian,False,0,0,0,2204.2532004818236,2336.1717063874435,Rota_Reduzida,0
pedido_2229.511660996801_410,138.26949518165577,113.17353190672512,98.17353190672512,12.183126523433316,10,4.788617885027904,Scooter,Sandstorms,Medium,Metropolitian,True,0,0,0,2229.511660996801,2337.685192903526,Rota_Reduzida,0
pedido_2249.2226741059803_425,109.04725505516431,98.97032850201742,83.97032850201742,14.911538705996554,5,4.918500577859628,Moto,Sunny,Jam,Metropolitian,False,0,1,1,2249.2226741059803,2338.1930026079976,Aumento_Velocidade,1
pedido_2183.7816157817265_384,144.5065296536529,145.28195664630817,145.28195664630817,12.563887008646375,10,4.893182721090225,Van,Foggy,High,Metropolitian,True,0,1,0,2183.7816157817265,2339.0635724280346,Nenhuma,0
pedido_2227.588399074213_409,137.11224460204926,114.07157351465031,99.07157351465031,14.695350457056003,15,4.5884579630200895,Moto,Windy,Medium,Metropolitian,True,0,0,0,2227.588399074213,2341.6599725888636,Rota_Reduzida,0
pedido_2233.7352894365044_415,130.2318883716006,112.93647637227865,97.93647637227865,6.7516643612755765,10,4.64194899483737,Scooter,Foggy,Jam,Metropolitian,False,0,1,0,2233.7352894365044,2341.671765808783,Aumento_Velocidade,0
pedido_2254.2439558791643_430,109.43054747084184,94.19376017462542,79.19376017462542,13.768339320614926,10,4.739584805779116,Moto,Sunny,Jam,Urban,False,0,1,1,2254.2439558791643,2343.4377160537897,Aumento_Velocidade,1
pedido_2229.8071860943332_411,135.7141828141574,123.95874057720911,108.95874057720911,6.576509576500585,5,5.0,Scooter,Foggy,High,Metropolitian,True,0,1,0,2229.8071860943332,2343.7659266715423,Aumento_Velocidade,0
pedido_2178.0357156488603_378,185.84384080629906,178.87728109976263,163.87728109976263,12.914655758812312,5,4.35223836118237,Moto,Sandstorms,High,Metropolitian,False,0,1,0,2178.0357156488603,2346.912996748623,Aumento_Velocidade,0
pedido_2250.9266844621907_427,99.46263097802581,86.19455968657562,86.19455968657562,5.67068304243481,10,4.967712837840907,Moto,Foggy,Low,Urban,True,0,0,0,2250.9266844621907,2347.1212441487664,Nenhuma,1
pedido_2243.497847486828_420,117.38484515544447,94.24917368428771,94.24917368428771,10.512552722441711,10,4.607404711821674,Moto,Sunny,Low,Metropolitian,True,0,0,1,2243.497847486828,2347.7470211711156,Nenhuma,1
pedido_2256.8259603819506_431,104.2092707176054,102.6868491032358,87.6868491032358,18.651034436465608,5,4.878581905455699,Moto,Sunny,Medium,Metropolitian,False,0,0,1,2256.8259603819506,2349.5128094851866,Rota_Reduzida,1
pedido_2248.359654739599_423,133.54167802044813,111.78231494431812,96.78231494431812,8.749114350695168,5,4.675914070312426,Moto,Windy,High,Urban,False,0,1,0,2248.359654739599,2350.141969683917,Aumento_Velocidade,1
pedido_2208.949761506064_400,134.85926164025386,141.5845520683043,126.5845520683043,13.950696795190172,15,4.748834680801206,Moto,Windy,Medium,Metropolitian,False,0,0,0,2208.949761506064,2350.5343135743683,Rota_Reduzida,0
pedido_2165.070599586629_367,182.89811728535818,191.98614082275,176.98614082275,17.964889720975183,10,4.264166177226249,Moto,Stormy,Medium,Urban,True,0,0,0,2165.070599586629,2352.056740409379,Rota_Reduzida,0
pedido_2188.123405224255_385,173.80233678094578,164.02964423328353,149.02964423328353,3.0716538998946232,15,4.331098664536121,Moto,Windy,Medium,Metropolitian,False,0,0,0,2188.123405224255,2352.153049457538,Rota_Reduzida,0
pedido_2180.0859802221576_381,176.99921460989677,172.3528653518228,157.3528653518228,6.874693390603156,15,4.185587937035395,Moto,Stormy,Jam,Metropolitian,True,0,1,0,2180.0859802221576,2352.4388455739804,Aumento_Velocidade,0
pedido_2268.190038159952_437,109.80017986845388,94.36088865739752,79.36088865739752,18.203381153168813,5,4.681913032905813,Moto,Sunny,Medium,Urban,True,0,0,1,2268.190038159952,2352.5509268173496,Rota_Reduzida,1
pedido_2278.1920977482087_439,98.40654167894269,81.23182191010477,66.23182191010477,7.099486278208841,10,4.681969200548513,Moto,Sunny,High,Metropolitian,True,0,1,1,2278.1920977482087,2354.4239196583135,Aumento_Velocidade,1
pedido_2253.7165597248995_429,135.3091974680962,110.78014050294846,95.78014050294846,15.07671217500651,10,4.495987934203231,Moto,Sandstorms,High,Metropolitian,False,0,1,0,2253.7165597248995,2359.496700227848,Aumento_Velocidade,0
pedido_2209.1351345359835_401,178.45523936269723,163.22083846642306,143.22083846642306,10.564536389721068,15,4.404819696503442,Scooter,Sandstorms,High,Other,False,0,1,0,2209.1351345359835,2367.3559730024067,Rota_Reduzida,0
pedido_2266.709170208045_435,104.48682768603697,112.33612489008874,97.33612489008874,6.752642536857071,5,4.539650331795354,Scooter,Sunny,High,Metropolitian,True,0,1,1,2266.709170208045,2369.045295098134,Aumento_Velocidade,1
pedido_2300.564442797658_448,95.3925029513344,69.93526027171262,54.93526027171262,0.0,15,4.918049028325306,Moto,Sunny,High,Metropolitian,False,0,1,1,2300.564442797658,2370.4997030693708,Aumento_Velocidade,1
pedido_2240.007484074869_419,132.188384968569,140.55897056921168,125.55897056921168,4.764683719340727,5,4.632971897742308,Scooter,Sandstorms,High,Urban,False,0,1,0,2240.007484074869,2370.5664546440807,Aumento_Velocidade,0
pedido_2257.546312440828_432,135.45155639526504,114.73551424887842,99.73551424887842,7.12776280084524,15,4.995281858301277,Moto,Windy,High,Metropolitian,False,0,1,0,2257.546312440828,2372.2818266897066,Aumento_Velocidade,0
pedido_2288.318588737968_443,97.21798027955808,94.6805692455984,79.6805692455984,3.1891369826781855,5,4.8495301325772315,Moto,Sunny,High,Urban,False,0,1,1,2288.318588737968,2372.9991579835664,Aumento_Velocidade,1
pedido_2267.3643937067654_436,128.11277391432864,116.40480852158734,101.40480852158734,5.7214163350596134,10,4.553299587981128,Moto,Foggy,Medium,Metropolitian,False,0,0,0,2267.3643937067654,2378.7692022283527,Rota_Reduzida,0
pedido_2245.972675653872_421,135.97393526987258,143.14918691208237,128.14918691208237,8.100062536022413,5,4.965933418857828,Moto,Foggy,High,Metropolitian,False,0,1,0,2245.972675653872,2379.1218625659544,Aumento_Velocidade,0
pedido_2258.9583084827773_433,135.7975343682578,129.10096641122416,114.10096641122416,15.084914706836962,10,4.789581287637438,Moto,Windy,High,Urban,True,0,1,0,2258.9583084827773,2383.0592748940016,Aumento_Velocidade,0
pedido_2252.893239452827_428,134.71716291298995,130.55246541757933,115.55246541757933,12.982577591684635,15,4.5831667695219895,Scooter,Sandstorms,High,Metropolitian,False,0,1,0,2252.893239452827,2383.445704870406,Aumento_Velocidade,0
pedido_2301.7360249485537_450,123.30866847491421,94.58814639284817,74.58814639284817,4.181987347211762,15,4.75169160972087,Scooter,Foggy,High,Other,True,0,1,0,2301.7360249485537,2391.324171341402,Rota_Reduzida,1
pedido_2261.9970970903596_434,129.99146977646632,140.7108068465625,125.71080684656249,12.923386136231688,5,4.680491239715182,Scooter,Stormy,High,Metropolitian,False,0,1,0,2261.9970970903596,2392.707903936922,Aumento_Velocidade,0
pedido_2235.7999450530456_417,176.85011258581002,160.06123388177477,145.06123388177477,7.174096376166409,15,4.389506904765524,Moto,Sandstorms,High,Urban,False,0,1,0,2235.7999450530456,2395.86117893482,Aumento_Velocidade,0
pedido_2321.5762288235146_458,101.85067578837038,85.59808249382927,70.59808249382927,16.04113037819999,5,5.0,Scooter,Sunny,High,Metropolitian,False,0,1,1,2321.5762288235146,2397.174311317344,Aumento_Velocidade,1
pedido_2278.6029766558067_440,128.44462157655443,124.01184931336681,109.01184931336681,8.234401532948846,10,4.911655971916423,Moto,Stormy,High,Metropolitian,True,0,1,0,2278.6029766558067,2397.6148259691736,Aumento_Velocidade,0
pedido_2296.921093414914_445,104.2394612874233,95.91408003775007,95.91408003775007,1.538423109911062,5,4.612055445741873,Scooter,Stormy,Low,Metropolitian,True,0,0,0,2296.921093414914,2397.835173452664,Nenhuma,1
pedido_2273.7062343887505_438,101.3704741069533,119.20542323078877,119.20542323078877,13.184151879144219,5,4.908257808214247,Scooter,Stormy,Low,Urban,False,0,0,0,2273.7062343887505,2397.9116576195393,Nenhuma,0
pedido_2280.444163955744_441,129.67181776480618,128.8095659979766,113.80956599797659,4.095263785540781,5,4.698822805410709,Scooter,Windy,Jam,Metropolitian,True,0,1,0,2280.444163955744,2399.2537299537207,Aumento_Velocidade,0
pedido_2238.1888669392006_418,184.40018708061825,172.23494529706798,157.23494529706798,12.179062013828348,5,4.404002680169187,Moto,Sandstorms,High,Metropolitian,True,0,1,0,2238.1888669392006,2400.4238122362685,Aumento_Velocidade,0
pedido_2284.9206185538624_442,130.48261559640795,115.90561257698025,100.90561257698025,1.5438646112342012,15,4.759251267310552,Scooter,Windy,High,Metropolitian,False,0,1,0,2284.9206185538624,2400.8262311308426,Aumento_Velocidade,0
pedido_2289.314952902705_444,132.62410172513793,120.66465255614693,105.66465255614693,4.3403360361526735,10,4.521175609544228,Moto,Foggy,High,Urban,False,0,1,0,2289.314952902705,2404.979605458852,Aumento_Velocidade,0
pedido_2301.4505579774645_449,132.5890508583103,103.9039010940482,88.9039010940482,14.853263762810169,15,4.6443271892815785,Moto,Windy,High,Metropolitian,False,0,1,0,2301.4505579774645,2405.354459071513,Aumento_Velocidade,1
pedido_2235.327597615629_416,188.57211704830797,170.23664999868834,155.23664999868834,19.669792170903577,15,4.185581806963931,Moto,Sandstorms,Medium,Urban,False,0,0,0,2235.327597615629,2405.5642476143175,Rota_Reduzida,0
pedido_2336.4028534124864_466,99.51876533257081,79.26778618326742,64.26778618326742,5.102607696160886,15,4.744124722957207,Moto,Sunny,Jam,Metropolitian,False,0,1,1,2336.4028534124864,2415.670639595754,Aumento_Velocidade,1
pedido_2298.5618383474234_446,136.48559495946353,132.4133169070925,117.41331690709251,17.7499446972607,5,4.585734536797004,Scooter,Windy,Jam,Metropolitian,False,0,1,0,2298.5618383474234,2420.975155254516,Aumento_Velocidade,0
pedido_2300.2590165974893_447,136.64771653029402,131.8083552664831,116.80835526648309,21.362013077191687,5,4.689899302205978,Moto,Windy,Jam,Urban,False,0,1,0,2300.2590165974893,2422.0673718639723,Aumento_Velocidade,0
pedido_2232.1270860652107_414,190.20733865449697,195.31681913137731,180.31681913137731,14.727050108433543,10,4.447905367194016,Moto,Foggy,Medium,Metropolitian,False,0,0,0,2232.1270860652107,2422.4439051965883,Rota_Reduzida,0
pedido_2342.0789641336883_469,99.93006716445991,92.85450316927106,77.85450316927106,7.250137591263132,5,4.72590020023764,Scooter,Sunny,Jam,Metropolitian,True,0,1,1,2342.0789641336883,2424.9334673029593,Aumento_Velocidade,1
pedido_2323.261581062759_461,110.43062081263015,114.72674684625898,99.72674684625898,15.508634347459806,5,5.0,Moto,Sunny,Jam,Metropolitian,True,0,1,1,2323.261581062759,2427.988327909018,Aumento_Velocidade,1
pedido_2246.2999042470906_422,202.9108044743233,192.80563203602554,177.80563203602554,14.65288889240249,5,4.440207843826556,Moto,Foggy,Jam,Metropolitian,False,0,1,0,2246.2999042470906,2429.105536283116,Aumento_Velocidade,0
pedido_2304.4008674384113_451,134.75456966814028,134.81466312935183,119.81466312935183,17.335172726736115,5,4.654081973950486,Moto,Sandstorms,High,Metropolitian,False,0,1,0,2304.4008674384113,2429.215530567763,Aumento_Velocidade,0
pedido_2308.2809346815416_453,134.0293638312794,121.24429724444599,106.24429724444599,7.994453729848261,15,4.613652151382797,Moto,Foggy,High,Urban,False,0,1,0,2308.2809346815416,2429.5252319259876,Aumento_Velocidade,0
pedido_2318.1734545917816_457,130.16577180484182,133.53884675472972,113.53884675472972,10.851168833781763,5,4.477128469854712,Scooter,Foggy,High,Other,False,0,1,0,2318.1734545917816,2436.712301346511,Rota_Reduzida,0
pedido_2341.2483868893655_468,130.25810777103666,107.31772326001517,92.31772326001517,9.938328555776245,5,4.552218346078082,Scooter,Stormy,High,Metropolitian,True,0,1,0,2341.2483868893655,2438.5661101493806,Aumento_Velocidade,1
pedido_2310.180441310988_454,132.65986019653798,133.9930900707434,118.99309007074339,3.276709607986781,10,4.829697616858334,Scooter,Sandstorms,High,Metropolitian,False,0,1,0,2310.180441310988,2439.1735313817317,Aumento_Velocidade,0
pedido_2328.5312069876827_463,144.05395483209773,121.50606436457562,106.50606436457562,13.87022740686346,5,5.0,Scooter,Windy,Jam,Metropolitian,True,0,1,0,2328.5312069876827,2440.0372713522584,Aumento_Velocidade,0
pedido_2328.663500833016_464,120.18957249051157,99.84790218826136,99.84790218826136,16.804679975384346,15,4.857572910363418,Scooter,Sunny,Low,Metropolitian,False,0,0,1,2328.663500833016,2443.511403021277,Nenhuma,1
pedido_2331.4996654462425_465,135.4097472202636,118.74444355738714,103.74444355738714,10.337378487066903,10,4.7032365532444285,Moto,Sandstorms,High,Urban,True,0,1,0,2331.4996654462425,2445.2441090036295,Aumento_Velocidade,0
pedido_2313.643157080958_456,149.19810081934767,134.6992568509714,119.69925685097141,14.037896986002394,15,4.872115300582418,Moto,Foggy,Jam,Metropolitian,False,0,1,0,2313.643157080958,2448.3424139319295,Aumento_Velocidade,0
pedido_2354.148629961306_473,97.65207564371103,99.48900511070802,84.48900511070802,8.25843436016055,10,4.910946634647072,Moto,Sunny,High,Metropolitian,True,0,1,1,2354.148629961306,2448.6376350720143,Aumento_Velocidade,1
pedido_2413.760920765651_503,45.215530147888785,25.370333477658335,25.370333477658335,19.736489040191856,10,4.7490380648741155,Moto,Windy,High,Metropolitian,False,1,1,0,2413.760920765651,2449.1312542433093,Nenhuma,1
pedido_2410.611147683798_501,39.902050220320824,35.090098814601475,35.090098814601475,0.0,5,4.994560786644689,Moto,Sunny,High,Metropolitian,False,1,1,1,2410.611147683798,2450.7012464983995,Nenhuma,1
pedido_2322.9159412912977_460,152.6063664783743,137.91212192044884,122.91212192044884,18.952440265449038,10,4.555593081537639,Moto,Foggy,Jam,Metropolitian,True,0,1,0,2322.9159412912977,2455.8280632117467,Aumento_Velocidade,0
pedido_2326.972149825105_462,133.63701222262793,140.3284297005032,125.3284297005032,9.054428092455689,5,4.78033424797756,Moto,Sandstorms,Medium,Metropolitian,False,0,0,0,2326.972149825105,2457.3005795256086,Rota_Reduzida,0
pedido_2370.914730724533_481,94.59897983503738,89.24172581060839,74.24172581060839,8.786119781716838,15,4.652863755420175,Scooter,Sunny,High,Metropolitian,False,0,1,1,2370.914730724533,2460.1564565351414,Aumento_Velocidade,1
pedido_2377.1174571216_485,104.03009960622767,90.92270851423031,70.92270851423031,18.73976585442838,15,4.450764802565797,Scooter,Sunny,High,Other,True,0,1,1,2377.1174571216,2463.0401656358304,Rota_Reduzida,1
pedido_2343.1022451901144_471,134.23971654931643,131.23226969328178,116.23226969328178,13.426736299040853,5,4.671617497715487,Moto,Sandstorms,High,Metropolitian,False,0,1,0,2343.1022451901144,2464.3345148833964,Aumento_Velocidade,0
pedido_2377.5714238487703_486,104.51802329238116,97.24311770256833,82.24311770256833,12.507580727569522,5,4.658700911611507,Moto,Sunny,High,Metropolitian,True,0,1,1,2377.5714238487703,2464.8145415513386,Aumento_Velocidade,1
pedido_2371.5547513607357_482,110.05350976389829,101.73319042903503,86.73319042903503,14.072165203759946,10,4.748534152577137,Scooter,Sunny,Jam,Metropolitian,False,0,1,1,2371.5547513607357,2468.2879417897707,Aumento_Velocidade,1
pedido_2342.282634716826_470,137.1449641182597,136.71375381788988,121.71375381788988,11.258627281864113,5,4.644638325388033,Moto,Windy,Jam,Urban,False,0,1,0,2342.282634716826,2468.996388534716,Aumento_Velocidade,0
pedido_2350.03838528772_472,132.23883538428598,125.41532142129327,110.41532142129327,15.821551353047111,10,4.754281983599363,Moto,Stormy,Medium,Metropolitian,False,0,0,0,2350.03838528772,2470.453706709013,Rota_Reduzida,0
pedido_2398.6883754931177_496,94.70227698786206,81.82741860790165,66.82741860790165,3.4272861229631166,5,5.0,Scooter,Sunny,Medium,Metropolitian,False,0,0,1,2398.6883754931177,2470.5157941010193,Rota_Reduzida,1
pedido_2365.221665049985_479,132.3437607646094,116.24912452295678,101.24912452295678,19.347426406173238,5,4.634679138681776,Scooter,Stormy,High,Metropolitian,True,0,1,0,2365.221665049985,2471.4707895729416,Aumento_Velocidade,0
pedido_2434.624955890498_517,34.58702520805923,34.209909208179646,34.209909208179646,5.752061343041777,5,4.943299561619861,Scooter,Foggy,Low,Urban,False,1,0,0,2434.624955890498,2473.8348650986777,Nenhuma,1
pedido_2321.9643071987352_459,140.3189656986193,142.32611995186863,142.32611995186863,16.68728459164496,10,4.897030181118429,Van,Foggy,High,Metropolitian,False,0,1,0,2321.9643071987352,2474.290427150604,Nenhuma,0
pedido_2312.7290493945743_455,186.25549048066824,163.31541794224304,148.31541794224304,13.83230308652783,15,4.395302746790916,Moto,Windy,High,Metropolitian,True,0,1,0,2312.7290493945743,2476.0444673368174,Aumento_Velocidade,0
pedido_2355.9698789241297_474,119.95585448437976,112.57775482940352,112.57775482940352,13.82333600197759,10,4.87574934762764,Van,Sunny,Low,Metropolitian,False,0,0,1,2355.9698789241297,2478.5476337535333,Nenhuma,0
pedido_2385.160446044593_490,103.80292540613698,94.16325522985589,79.16325522985589,18.30903336039262,15,4.95970588533319,Scooter,Sunny,Medium,Metropolitian,False,0,0,1,2385.160446044593,2479.323701274449,Rota_Reduzida,1
pedido_2364.0820803980314_478,136.56293330396815,121.23442523975933,106.23442523975933,17.933959026900016,10,5.0,Moto,Stormy,Medium,Urban,False,0,0,0,2364.0820803980314,2480.3165056377907,Rota_Reduzida,0
pedido_2363.853620819135_477,137.1449641182597,116.49794257280774,101.49794257280774,10.94817493842165,15,4.640395251354901,Moto,Windy,Jam,Urban,False,0,1,0,2363.853620819135,2480.351563391943,Aumento_Velocidade,0
pedido_2365.272960391009_480,134.03880756087088,117.26641868013743,102.26641868013743,11.980808249813375,15,4.643511281198112,Moto,Sandstorms,High,Metropolitian,False,0,1,0,2365.272960391009,2482.5393790711464,Aumento_Velocidade,0
pedido_2306.395771728398_452,203.57073778332673,189.5600931623824,174.5600931623824,20.779287902978485,5,4.238700209056998,Scooter,Foggy,Jam,Urban,False,0,1,0,2306.395771728398,2485.9558648907805,Aumento_Velocidade,0
pedido_2361.677991730896_476,130.25810777103666,129.17496473183715,114.17496473183715,9.9971315139542,15,4.616354927355525,Moto,Stormy,High,Metropolitian,True,0,1,0,2361.677991730896,2490.852956462733,Aumento_Velocidade,0
pedido_2390.47928108121_491,131.7025454518257,112.65492511405421,97.65492511405421,1.1965552861085973,5,4.7521982205694835,Scooter,Windy,High,Metropolitian,False,0,1,0,2390.47928108121,2493.134206195264,Aumento_Velocidade,1
pedido_2384.888979408933_489,131.2278821777841,118.25750036333314,103.25750036333314,8.36723946558477,5,4.509914411878445,Moto,Sandstorms,High,Urban,True,0,1,0,2384.888979408933,2493.1464797722665,Aumento_Velocidade,0
pedido_2373.7837314224544_484,144.9847262824547,126.90904557588365,111.90904557588365,12.737919121532865,10,4.810567363948153,Scooter,Foggy,High,Metropolitian,True,0,1,0,2373.7837314224544,2495.692776998338,Aumento_Velocidade,0
pedido_2381.6883479630733_488,127.42289318645926,127.31644074987295,112.31644074987295,4.586395453407188,5,4.595594009060846,Moto,Stormy,High,Urban,False,0,1,0,2381.6883479630733,2499.0047887129463,Aumento_Velocidade,0
pedido_2356.221270272486_475,140.31010914265866,144.91388695320714,129.91388695320714,16.764440821102006,15,4.6642302642007625,Moto,Sandstorms,Jam,Metropolitian,False,0,1,0,2356.221270272486,2501.135157225693,Aumento_Velocidade,0
pedido_2391.082016649114_492,105.8662279948134,115.95990797777307,100.95990797777307,4.946114796457086,10,4.480163326329658,Moto,Sunny,High,Metropolitian,False,0,1,1,2391.082016649114,2502.041924626887,Aumento_Velocidade,0
pedido_2379.1584199837816_487,142.5519106632464,124.08730155104294,109.08730155104294,12.38265684319214,15,4.587761757249848,Scooter,Foggy,High,Metropolitian,False,0,1,0,2379.1584199837816,2503.2457215348245,Aumento_Velocidade,0
pedido_2429.6352022215406_515,97.56480591209817,78.66235527629956,63.662355276299564,5.460153448156917,10,4.898609917067325,Scooter,Sunny,High,Metropolitian,False,0,1,1,2429.6352022215406,2503.29755749784,Aumento_Velocidade,1
pedido_2371.9983355391983_483,134.14109550680436,137.6796834681133,122.6796834681133,5.145063495889644,10,4.596251018241375,Moto,Foggy,High,Urban,False,0,1,0,2371.9983355391983,2504.6780190073114,Aumento_Velocidade,0
pedido_2391.6826196700595_493,128.16766588256112,118.70638232068231,103.70638232068231,3.1937118789004715,10,4.465880165384568,Scooter,Foggy,Jam,Metropolitian,True,0,1,0,2391.6826196700595,2505.3890019907417,Aumento_Velocidade,0
pedido_2337.702379512973_467,187.73361971277794,180.89952240933977,160.89952240933977,14.902978445496068,10,4.3245017449378125,Moto,Windy,Jam,Other,False,0,1,0,2337.702379512973,2508.6019019223127,Rota_Reduzida,0
pedido_2395.3893998454773_494,126.96320503767106,121.17518266039806,106.17518266039806,9.459546918625172,10,4.777352638351206,Scooter,Sandstorms,Jam,Urban,False,0,1,0,2395.3893998454773,2511.5645825058755,Aumento_Velocidade,0
pedido_2408.5536304435013_500,143.6605429822904,106.92605804411471,91.92605804411471,15.191441297928096,15,4.912774982931682,Scooter,Foggy,High,Metropolitian,True,0,1,0,2408.5536304435013,2515.479688487616,Aumento_Velocidade,0
pedido_2411.6622034143584_502,101.95867123933799,94.20856987582648,94.20856987582648,10.421987912877945,10,4.490354117321642,Moto,Stormy,Low,Metropolitian,False,0,0,0,2411.6622034143584,2515.870773290185,Nenhuma,1
pedido_2419.3344619172562_505,105.87090926042093,93.73261717613906,93.73261717613906,13.66698219657217,5,4.641775550306295,Moto,Windy,Low,Urban,True,0,0,0,2419.3344619172562,2518.0670790933955,Nenhuma,1
pedido_2397.3287157899517_495,131.21559757745345,121.57305041944767,106.57305041944767,4.32317633832994,15,5.0,Moto,Stormy,High,Metropolitian,False,0,1,0,2397.3287157899517,2518.9017662093993,Aumento_Velocidade,0
pedido_2428.8037701261073_514,123.33772277780575,107.40318027970883,92.40318027970883,1.621401362479158,5,4.560416919454034,Moto,Stormy,Jam,Metropolitian,False,0,1,0,2428.8037701261073,2526.2069504058163,Aumento_Velocidade,1
pedido_2408.208366738645_499,135.0095698822,129.582966877867,114.582966877867,13.154515273435932,5,5.0,Moto,Sandstorms,High,Metropolitian,False,0,1,0,2408.208366738645,2527.791333616512,Aumento_Velocidade,0
pedido_2425.8557107292295_510,100.79176012639883,89.76248626511699,89.76248626511699,13.079104970398651,15,4.977744479861348,Moto,Windy,Low,Urban,False,0,0,0,2425.8557107292295,2530.6181969943464,Nenhuma,1
pedido_2436.5391446881763_519,100.23551538837471,84.2080221027589,84.2080221027589,0.9515331652636885,10,4.9988165768029145,Van,Windy,Low,Metropolitian,False,0,0,0,2436.5391446881763,2530.7471667909354,Nenhuma,1
pedido_2400.9794787557416_497,132.75290817707386,125.76332994294302,125.76332994294302,6.302730697836075,5,4.789130453685683,Van,Windy,High,Urban,False,0,1,0,2400.9794787557416,2531.7428086986847,Nenhuma,0
pedido_2402.1620028104826_498,135.08739797319882,140.0841449201611,125.0841449201611,12.872138617395697,10,4.8835920578929795,Scooter,Sandstorms,High,Metropolitian,True,0,1,0,2402.1620028104826,2537.2461477306438,Aumento_Velocidade,0
pedido_2456.453505332597_525,93.90131667546596,93.80147762464222,78.80147762464222,10.063903764606465,5,4.740061141437157,Scooter,Sunny,Medium,Other,False,0,0,1,2456.453505332597,2540.2549829572395,Rota_Reduzida,1
pedido_2450.686776851914_522,123.05959087266152,106.97374904674463,86.97374904674463,1.7023586034732987,5,4.557375022068388,Scooter,Windy,Jam,Other,False,0,1,0,2450.686776851914,2542.6605258986588,Rota_Reduzida,1
pedido_2417.2081463462814_504,131.26968438910086,125.70113709830545,110.70113709830545,3.088824186587934,15,4.689249212661741,Moto,Stormy,Medium,Metropolitian,True,0,0,0,2417.2081463462814,2542.909283444587,Rota_Reduzida,0
pedido_2439.4990742973105_520,112.06153658031144,117.06397299621705,102.06397299621705,12.637353157818255,5,4.647774053948783,Scooter,Sunny,Jam,Metropolitian,True,0,1,1,2439.4990742973105,2546.5630472935277,Aumento_Velocidade,0
pedido_2427.754532727422_513,136.92594059549714,119.13367122703713,104.13367122703713,12.14796185249323,15,4.593477385909814,Scooter,Windy,Jam,Metropolitian,False,0,1,0,2427.754532727422,2546.888203954459,Aumento_Velocidade,0
pedido_2427.5091547821394_512,129.43979380330478,130.12160728315047,115.12160728315047,5.006102988982477,5,4.488254445810411,Moto,Foggy,Jam,Metropolitian,False,0,1,0,2427.5091547821394,2547.6307620652897,Aumento_Velocidade,0
pedido_2433.6006975420555_516,134.82707749843803,125.57045959200082,110.57045959200082,13.648109563925841,5,4.62717001629186,Scooter,Sandstorms,High,Metropolitian,False,0,1,0,2433.6006975420555,2549.1711571340566,Aumento_Velocidade,0
pedido_2426.4715447614635_511,127.05754604180031,130.2902638423738,115.2902638423738,8.234700509307793,10,4.887126871265905,Moto,Sandstorms,Jam,Metropolitian,False,0,1,0,2426.4715447614635,2551.7618086038374,Aumento_Velocidade,0
pedido_2425.192538707786_509,150.3619176424112,127.53000275771524,112.53000275771524,12.30353541381457,15,4.898660032180272,Scooter,Foggy,Jam,Metropolitian,False,0,1,0,2425.192538707786,2552.7225414655013,Aumento_Velocidade,0
pedido_2435.944909884283_518,134.22156031072382,127.76797181270845,112.76797181270845,6.972404416088656,5,4.800108823188934,Scooter,Sandstorms,Medium,Urban,False,0,0,0,2435.944909884283,2553.712881696991,Rota_Reduzida,0
pedido_2421.593260351153_507,146.77570586243507,133.20226936894016,133.20226936894016,6.974073065490115,5,4.333398453910174,Van,Sunny,Low,Metropolitian,False,0,0,1,2421.593260351153,2559.795529720093,Nenhuma,0
pedido_2455.3945772467036_524,128.04003209954664,106.18522840059038,91.18522840059038,5.667456291307408,15,4.708171751574475,Scooter,Sandstorms,Jam,Metropolitian,False,0,1,0,2455.3945772467036,2561.579805647294,Aumento_Velocidade,0
pedido_2483.5932217894942_538,98.09455266861596,88.86786937567753,73.86786937567753,5.03020731372938,5,4.704420791914597,Moto,Sunny,High,Metropolitian,False,0,1,1,2483.5932217894942,2562.4610911651716,Aumento_Velocidade,1
pedido_2441.0237452366905_521,131.7025454518257,133.1295382939564,118.12953829395639,1.0233460222982345,5,4.840695386519713,Scooter,Windy,High,Metropolitian,False,0,1,0,2441.0237452366905,2564.153283530647,Aumento_Velocidade,0
pedido_2464.996550638683_530,132.02274868357563,111.21693715699168,96.21693715699168,2.408475220200639,5,4.653826830385952,Scooter,Sandstorms,High,Metropolitian,False,0,1,0,2464.996550638683,2566.2134877956746,Aumento_Velocidade,1
pedido_2419.661507357095_506,133.0339255837259,132.63548723661773,132.63548723661773,8.225703023327274,15,4.789157736389278,Van,Windy,High,Urban,False,0,1,0,2419.661507357095,2567.296994593713,Nenhuma,0
pedido_2465.7286106476904_531,132.36481215780856,105.91114495658493,90.91114495658493,3.1903072695051593,15,4.724778781358028,Scooter,Sandstorms,High,Metropolitian,False,0,1,0,2465.7286106476904,2571.6397556042753,Aumento_Velocidade,0
pedido_2450.933636955365_523,135.75228273183686,121.23666600736178,106.23666600736178,15.399487827305645,15,4.457755327419989,Scooter,Sandstorms,Medium,Metropolitian,True,0,0,0,2450.933636955365,2572.1703029627265,Rota_Reduzida,0
pedido_2425.01615426684_508,172.41501586347127,152.72965710274045,137.72965710274045,6.97209835639866,10,4.1915524233784724,Moto,Stormy,Medium,Metropolitian,False,0,0,0,2425.01615426684,2572.7458113695807,Rota_Reduzida,0
pedido_2456.6546543769164_526,127.78004842522951,121.254621935969,106.254621935969,8.022538293334268,10,4.556491925523854,Scooter,Sandstorms,Jam,Urban,False,0,1,0,2456.6546543769164,2572.9092763128856,Aumento_Velocidade,0
pedido_2469.1704088233028_534,132.41530313505706,120.4207511841541,105.4207511841541,7.4930341518223305,5,4.8338549415985685,Scooter,Windy,High,Metropolitian,False,0,1,0,2469.1704088233028,2579.591160007457,Aumento_Velocidade,0
pedido_2462.293901113881_528,131.7817986779946,129.53558987572976,114.53558987572976,0.0,5,4.494843821786016,Scooter,Sandstorms,Medium,Metropolitian,True,0,0,0,2462.293901113881,2581.829490989611,Rota_Reduzida,0
pedido_2481.007688227551_537,124.91753633274192,101.75680965804698,86.75680965804698,0.0,15,4.638459783217963,Scooter,Sandstorms,Jam,Metropolitian,False,0,1,0,2481.007688227551,2582.7644978855983,Aumento_Velocidade,1
pedido_2464.456006587839_529,127.57638294732693,104.55094279526223,104.55094279526223,7.898803915688781,15,4.581203475462622,Van,Stormy,Jam,Metropolitian,False,0,1,0,2464.456006587839,2584.006949383101,Nenhuma,1
pedido_2517.3314161387493_555,95.7534846130962,68.80154295982008,53.80154295982008,8.470035525567042,15,5.0,Moto,Sunny,High,Urban,False,0,1,1,2517.3314161387493,2586.1329590985692,Aumento_Velocidade,1
pedido_2495.8964625328163_543,130.44988961041798,96.41003610641187,81.41003610641187,14.641024188966059,10,4.459661194555655,Moto,Stormy,High,Metropolitian,False,0,1,0,2495.8964625328163,2587.3064986392283,Aumento_Velocidade,1
pedido_2466.512914559787_532,135.1510607300275,130.9813216014405,115.9813216014405,5.561846541554627,5,5.0,Moto,Stormy,Medium,Metropolitian,False,0,0,0,2466.512914559787,2587.4942361612275,Rota_Reduzida,0
pedido_2543.995498549924_567,44.54241906407915,43.15925805726369,43.15925805726369,7.400927574164459,5,4.480776848397263,Moto,Sandstorms,High,Metropolitian,False,1,1,0,2543.995498549924,2592.1547566071877,Nenhuma,1
pedido_2469.0362340910197_533,134.75456966814028,124.44867275110772,109.44867275110772,17.375368136512662,15,4.714339693174203,Scooter,Sandstorms,High,Metropolitian,False,0,1,0,2469.0362340910197,2593.484906842127,Aumento_Velocidade,0
pedido_2480.063509672607_536,134.82985775917936,125.00498039037464,110.00498039037464,3.951801766565346,5,4.609715558349498,Moto,Foggy,High,Urban,False,0,1,0,2480.063509672607,2595.0684900629817,Aumento_Velocidade,0
pedido_2509.004638422811_548,109.05416205221078,104.66714076995663,89.66714076995663,14.104626915350982,5,4.529784423705319,Moto,Sunny,High,Metropolitian,True,0,1,1,2509.004638422811,2603.6717791927676,Aumento_Velocidade,1
pedido_2460.942749348497_527,174.06204855960442,149.82708482408094,134.82708482408094,5.160537844795902,10,4.300254363566584,Moto,Windy,Medium,Metropolitian,True,0,0,0,2460.942749348497,2605.7698341725777,Rota_Reduzida,0
pedido_2488.677396877545_540,133.14566456591496,127.89273483178292,112.89273483178292,7.671168767818637,5,4.634371957308826,Moto,Foggy,High,Metropolitian,False,0,1,0,2488.677396877545,2606.570131709328,Aumento_Velocidade,0
pedido_2484.192121684219_539,137.58065988454095,122.61293373665572,107.61293373665572,18.20844533512209,15,4.559153432761712,Moto,Windy,Medium,Metropolitian,True,0,0,0,2484.192121684219,2606.8050554208744,Rota_Reduzida,0
pedido_2513.5978121951816_551,100.95130396359764,86.07194678993542,86.07194678993542,4.792651530030389,10,4.68972489113413,Moto,Sandstorms,Low,Urban,False,0,0,0,2513.5978121951816,2609.669758985117,Nenhuma,1
pedido_2502.839646107406_546,130.80428664175128,112.6921477418063,97.6921477418063,4.768299041267514,10,4.563736934542532,Scooter,Windy,High,Urban,False,0,1,0,2502.839646107406,2610.5317938492126,Aumento_Velocidade,0
pedido_2476.1665760650953_535,136.45112207942776,146.4372541591705,131.4372541591705,6.480506314232095,5,4.702635601898275,Scooter,Windy,Medium,Metropolitian,True,0,0,0,2476.1665760650953,2612.603830224266,Rota_Reduzida,0
pedido_2507.858408318092_547,112.70613164995198,101.5872531517379,101.5872531517379,17.147318477298633,5,4.724405859391685,Moto,Foggy,Low,Urban,True,0,0,0,2507.858408318092,2614.44566146983,Nenhuma,1
pedido_2501.9924723479407_544,135.62083256213674,115.54643739742107,100.54643739742107,18.64822647053993,15,4.9331736729727504,Scooter,Stormy,Medium,Metropolitian,False,0,0,0,2501.9924723479407,2617.5389097453617,Rota_Reduzida,0
pedido_2489.6568646213314_541,132.4886587340063,136.60924196737602,121.60924196737602,4.4511144874915365,10,4.583486993981804,Moto,Sandstorms,High,Metropolitian,False,0,1,0,2489.6568646213314,2621.2661065887073,Aumento_Velocidade,0
pedido_2502.2039832748937_545,130.43882345715446,119.55226976587988,104.55226976587988,10.482435485249546,15,4.824646659400987,Scooter,Stormy,High,Metropolitian,False,0,1,0,2502.2039832748937,2621.7562530407736,Aumento_Velocidade,0
pedido_2519.1224338539937_557,128.2225744463269,116.43002111686502,101.43002111686502,4.066064433022172,5,4.751836071693724,Moto,Stormy,High,Urban,False,0,1,0,2519.1224338539937,2625.552454970859,Aumento_Velocidade,0
pedido_2510.0841058812402_549,124.58304580415489,112.58233991375279,112.58233991375279,3.6234963699100584,5,4.796772389082588,Van,Sandstorms,Jam,Metropolitian,False,0,1,0,2510.0841058812402,2627.6664457949933,Nenhuma,1
pedido_2495.4826471863835_542,132.10753179396585,119.04500639078387,119.04500639078387,5.934953996077903,15,4.569390042698676,Van,Sandstorms,High,Metropolitian,False,0,1,0,2495.4826471863835,2629.5276535771673,Nenhuma,0
pedido_2521.0426359948365_558,129.72488940687205,113.81752114224146,98.81752114224146,16.562156417807667,10,4.58665391707488,Scooter,Stormy,High,Urban,False,0,1,0,2521.0426359948365,2629.8601571370777,Aumento_Velocidade,0
pedido_2512.055976924823_550,133.49810283236778,122.15597007371085,107.15597007371085,2.6345461864377246,15,4.768216513524755,Moto,Foggy,High,Metropolitian,False,0,1,0,2512.055976924823,2634.2119469985337,Aumento_Velocidade,0
pedido_2522.329327030597_559,132.01787598571434,103.34725077151121,103.34725077151121,5.480521504228981,10,4.419130819357212,Moto,Windy,Low,Metropolitian,False,0,0,0,2522.329327030597,2635.6765778021086,Nenhuma,1
pedido_2523.176105768037_561,130.14099401410192,121.49868880101667,106.49868880101667,7.522359531498573,10,4.648773765978827,Moto,Windy,Jam,Metropolitian,True,0,1,0,2523.176105768037,2639.6747945690536,Aumento_Velocidade,0
pedido_2536.5779730398385_564,134.94826940247617,103.9821409588013,88.9821409588013,14.097942914546769,15,4.751935985323119,Moto,Sandstorms,High,Metropolitian,True,0,1,0,2536.5779730398385,2640.5601139986397,Aumento_Velocidade,1
pedido_2514.207205709133_553,127.24367888595586,137.5736878479923,122.57368784799229,5.765778142953369,5,4.771635455654104,Moto,Stormy,Jam,Urban,False,0,1,0,2514.207205709133,2641.7808935571256,Aumento_Velocidade,0
pedido_2517.375352904085_556,129.10689456461665,127.1448194074448,112.1448194074448,2.9990154492334513,15,4.732616451764526,Moto,Windy,High,Metropolitian,True,0,1,0,2517.375352904085,2644.5201723115297,Aumento_Velocidade,0
pedido_2523.007798210202_560,133.5578348387472,129.46451910860972,114.46451910860972,12.6029984031686,10,4.71488595840385,Moto,Windy,High,Metropolitian,False,0,1,0,2523.007798210202,2647.4723173188117,Aumento_Velocidade,0
pedido_2526.9638183880156_562,102.43697734027606,106.10722156372302,106.10722156372302,16.638684744416263,15,4.845533074988209,Moto,Sandstorms,Low,Metropolitian,False,0,0,0,2526.9638183880156,2648.071039951739,Nenhuma,0
pedido_2534.620403646075_563,128.74001761613513,119.67821404131769,104.67821404131769,16.853467073905556,10,4.784992478489733,Moto,Stormy,High,Metropolitian,False,0,1,0,2534.620403646075,2649.298617687393,Aumento_Velocidade,0
pedido_2517.2480446532068_554,128.67464940686622,140.7635846508031,125.7635846508031,16.64666385959729,10,4.837750879987514,Moto,Stormy,High,Urban,False,0,1,0,2517.2480446532068,2653.01162930401,Aumento_Velocidade,0
pedido_2553.2349099674852_573,141.13050966014185,103.97755586403173,88.97755586403173,18.931242081728307,15,4.880766841603991,Scooter,Foggy,High,Metropolitian,False,0,1,0,2553.2349099674852,2657.212465831517,Aumento_Velocidade,1
pedido_2595.1294173402225_587,100.27505291215155,76.14814783486628,61.14814783486628,14.416785182412562,5,4.789319499193458,Moto,Sunny,Medium,Metropolitian,False,0,0,1,2595.1294173402225,2661.277565175089,Rota_Reduzida,1
pedido_2555.206617377075_574,102.57911321272154,92.4036305509238,92.4036305509238,17.445061997824332,15,4.587910082292469,Van,Sunny,High,Metropolitian,False,0,1,1,2555.206617377075,2662.610247927999,Nenhuma,1
pedido_2550.1884522890446_569,131.0799922772546,127.0394511578142,112.0394511578142,6.548273839563485,5,4.486815443154367,Moto,Sandstorms,High,Urban,True,0,1,0,2550.1884522890446,2667.227903446859,Aumento_Velocidade,0
pedido_2558.9291313541667_575,136.79525788356898,120.1543243462435,105.1543243462435,16.074847193591882,5,4.818095659662446,Moto,Stormy,Jam,Metropolitian,True,0,1,0,2558.9291313541667,2669.08345570041,Aumento_Velocidade,0
pedido_2567.858794595555_579,132.8295864841734,117.22654555762905,102.22654555762905,11.641598429895794,5,4.940075198826073,Moto,Windy,High,Metropolitian,False,0,1,0,2567.858794595555,2675.085340153184,Aumento_Velocidade,0
pedido_2538.5257928794576_565,140.5820936493151,148.70292663274432,133.70292663274432,13.94755731794459,5,4.7822028273665556,Moto,Foggy,High,Metropolitian,False,0,1,0,2538.5257928794576,2677.228719512202,Aumento_Velocidade,0
pedido_2550.1414119469937_568,129.76486193434457,137.18624682213496,122.18624682213496,15.097926451306456,5,4.638816595780543,Moto,Stormy,High,Metropolitian,False,0,1,0,2550.1414119469937,2677.3276587691284,Aumento_Velocidade,0
pedido_2579.112478859483_583,96.82355955192067,105.2763157487939,90.2763157487939,5.989745282861801,10,4.813194179164175,Scooter,Sunny,Medium,Metropolitian,False,0,0,1,2579.112478859483,2679.388794608277,Rota_Reduzida,1
pedido_2573.182587033025_582,128.5701615747001,106.75162207657749,91.75162207657749,6.4394329577976706,15,4.838839969750044,Moto,Stormy,High,Metropolitian,False,0,1,0,2573.182587033025,2679.9342091096023,Aumento_Velocidade,0
pedido_2635.704592300751_606,48.66635954773917,30.105120205448145,30.105120205448145,19.423989513402848,15,4.51921201207877,Moto,Stormy,Medium,Metropolitian,False,1,0,0,2635.704592300751,2680.809712506199,Nenhuma,1
pedido_2568.1375327747023_580,124.5851231603691,118.35929077791326,103.35929077791326,4.427734624587008,10,4.518552717994409,Moto,Sandstorms,Jam,Metropolitian,False,0,1,0,2568.1375327747023,2681.4968235526158,Aumento_Velocidade,0
pedido_2540.3404582326425_566,134.71549650616166,141.86359495128184,126.86359495128184,13.800185210823546,15,4.903385001413635,Scooter,Sandstorms,High,Urban,True,0,1,0,2540.3404582326425,2682.2040531839243,Aumento_Velocidade,0
pedido_2567.5294778436996_577,133.54167802044813,121.72346495066316,106.72346495066316,8.769863944875704,10,4.684752424045919,Moto,Windy,High,Metropolitian,False,0,1,0,2567.5294778436996,2684.2529427943628,Aumento_Velocidade,0
pedido_2551.018111782634_572,135.81637605352512,131.44118435522697,131.44118435522697,12.42926795101673,5,4.6908080184381316,Van,Windy,High,Metropolitian,True,0,1,0,2551.018111782634,2687.459296137861,Nenhuma,0
pedido_2571.8637278663477_581,136.96324113301074,127.97437247232409,112.97437247232409,12.733916075233493,5,4.678195165608319,Moto,Sandstorms,Medium,Metropolitian,False,0,0,0,2571.8637278663477,2689.8381003386717,Rota_Reduzida,0
pedido_2586.9928469196702_585,126.82930615313887,114.61218272255269,99.61218272255269,5.8382464594946875,5,4.911230387838718,Scooter,Stormy,Jam,Metropolitian,False,0,1,0,2586.9928469196702,2691.6050296422227,Aumento_Velocidade,1
pedido_2567.5852410981306_578,133.3254587288559,143.4544217080198,123.4544217080198,17.727968424725287,5,5.0,Scooter,Stormy,High,Semi-Urban,False,0,1,0,2567.5852410981306,2696.0396628061503,Rota_Reduzida,0
pedido_2550.9601305457413_571,132.35656536679525,130.34261738610587,130.34261738610587,7.988310768690127,15,4.586980267565957,Van,Sandstorms,High,Metropolitian,False,0,1,0,2550.9601305457413,2696.302747931847,Nenhuma,0
pedido_2560.867524371641_576,144.16933654679073,136.52243835638848,121.52243835638848,11.219531716334124,15,4.758270179290616,Scooter,Foggy,High,Metropolitian,True,0,1,0,2560.867524371641,2697.38996272803,Aumento_Velocidade,0
pedido_2513.862151436894_552,167.89014021445345,174.347022338007,174.347022338007,14.179124320835742,10,4.394555458347319,Moto,Sunny,Low,Metropolitian,False,0,0,1,2513.862151436894,2698.2091737749006,Nenhuma,0
pedido_2607.693999351558_590,104.57363651468671,107.31177627981799,92.31177627981799,14.187921146677505,5,4.9573684673423735,Moto,Sunny,High,Metropolitian,True,0,1,1,2607.693999351558,2705.005775631376,Aumento_Velocidade,1
pedido_2611.3346659591316_591,105.39658211414289,105.05345089206122,90.05345089206122,20.108097616085033,5,4.700800163544055,Scooter,Sunny,High,Metropolitian,True,0,1,1,2611.3346659591316,2706.388116851193,Aumento_Velocidade,1
pedido_2615.8192253715065_592,94.98859749962307,90.60708195760567,90.60708195760567,3.4860044938813757,5,4.995984562438854,Moto,Sunny,Low,Metropolitian,False,0,0,1,2615.8192253715065,2711.426307329112,Nenhuma,1
pedido_2586.851472918657_584,142.69880885257305,125.6996544307627,110.6996544307627,13.994298286344398,15,4.703381229656707,Moto,Foggy,Medium,Metropolitian,False,0,0,0,2586.851472918657,2712.5511273494194,Rota_Reduzida,0
pedido_2587.2759256917775_586,134.0293638312794,131.5534390300647,116.55343903006471,8.521616955399596,10,4.591250365307236,Moto,Foggy,High,Metropolitian,False,0,1,0,2587.2759256917775,2713.829364721842,Aumento_Velocidade,0
pedido_2695.8004559756014_635,44.64666303284814,12.50606084773878,12.50606084773878,16.08316756943333,15,4.671728215662087,Moto,Sandstorms,Jam,Metropolitian,False,1,1,0,2695.8004559756014,2723.30651682334,Nenhuma,1
pedido_2618.8419875087493_595,136.69736639898753,116.947510980299,101.947510980299,14.619885314992132,5,4.711601463727726,Moto,Stormy,Jam,Metropolitian,True,0,1,0,2618.8419875087493,2725.789498489048,Aumento_Velocidade,0
pedido_2607.437983599267_589,133.13938986426712,123.51533688350472,108.51533688350472,9.674601797756054,10,4.649384049442414,Moto,Sandstorms,High,Metropolitian,False,0,1,0,2607.437983599267,2725.953320482772,Aumento_Velocidade,0
pedido_2622.136085500106_596,127.68520722627241,116.23868361314803,101.23868361314803,5.98839807804296,5,4.786708314861319,Scooter,Stormy,High,Metropolitian,False,0,1,0,2622.136085500106,2728.3747691132544,Aumento_Velocidade,0
pedido_2673.743088992655_625,36.18858716244659,46.957471667001705,46.957471667001705,5.341701245151539,10,4.976017804951204,Van,Sunny,Low,Metropolitian,False,1,0,1,2673.743088992655,2730.7005606596567,Nenhuma,1
pedido_2661.63724118819_620,97.10876772593218,76.40655140463295,61.40655140463295,8.994168178783147,10,4.8741449614531955,Scooter,Sunny,Medium,Urban,False,0,0,1,2661.63724118819,2733.0437925928227,Rota_Reduzida,1
pedido_2550.70205927805_570,189.57142984561247,187.9538454815462,172.9538454815462,14.495755924007797,15,4.41423183935368,Scooter,Foggy,High,Metropolitian,False,0,1,0,2550.70205927805,2738.655904759596,Aumento_Velocidade,0
pedido_2627.2050982456863_599,122.30477543077123,112.78180958350077,97.78180958350077,2.1550386794475704,15,4.895665576438155,Moto,Stormy,Jam,Metropolitian,False,0,1,0,2627.2050982456863,2739.986907829187,Aumento_Velocidade,0
pedido_2618.111961728216_594,125.20167945999107,122.1658200971371,107.1658200971371,2.713319765078346,15,4.787052143460805,Moto,Foggy,Medium,Metropolitian,False,0,0,0,2618.111961728216,2740.277781825353,Rota_Reduzida,0
pedido_2616.0992383135413_593,143.18182763652143,130.89472026474354,115.89472026474354,14.769385023508418,10,4.648029364288763,Moto,Foggy,Medium,Metropolitian,True,0,0,0,2616.0992383135413,2741.993958578285,Rota_Reduzida,0
pedido_2626.3442634946027_598,134.7974215953007,122.06457789934962,107.06457789934962,3.4583981697251813,10,4.664266981704729,Moto,Foggy,High,Metropolitian,False,0,1,0,2626.3442634946027,2743.4088413939526,Aumento_Velocidade,0
pedido_2643.3546182848363_610,133.13938986426712,102.4798058304984,87.4798058304984,9.623462277452417,15,4.6456878090522755,Moto,Sandstorms,High,Metropolitian,False,0,1,0,2643.3546182848363,2745.8344241153345,Aumento_Velocidade,1
pedido_2628.162311146099_600,134.12547944357516,118.36807194843104,103.36807194843104,5.100740802648111,15,4.662832018749235,Moto,Foggy,High,Metropolitian,False,0,1,0,2628.162311146099,2746.53038309453,Aumento_Velocidade,0
pedido_2638.9186064411306_608,135.3060443793462,118.25532808744799,103.25532808744799,15.84619467587852,10,4.658911698775613,Moto,Sandstorms,High,Metropolitian,True,0,1,0,2638.9186064411306,2752.1739345285787,Aumento_Velocidade,0
pedido_2630.6282984120485_603,131.58444361001617,128.84969983705255,113.84969983705255,8.328456109308636,10,5.0,Moto,Stormy,High,Urban,False,0,1,0,2630.6282984120485,2754.477998249101,Aumento_Velocidade,0
pedido_2650.0659745605226_613,131.4263338029071,104.49631692556889,89.49631692556889,4.576803784495429,15,4.675753399677882,Moto,Windy,High,Metropolitian,False,0,1,0,2650.0659745605226,2754.5622914860915,Aumento_Velocidade,1
pedido_2646.379234192761_611,129.67799242937988,119.50362467082881,104.50362467082881,7.276230933147112,5,4.600189682027477,Moto,Stormy,High,Metropolitian,False,0,1,0,2646.379234192761,2755.8828588635897,Aumento_Velocidade,0
pedido_2635.090283868962_605,134.27700231249142,132.32219782296258,117.32219782296258,13.718752450168417,5,4.7719577499093075,Moto,Windy,High,Metropolitian,False,0,1,0,2635.090283868962,2757.4124816919248,Aumento_Velocidade,0
pedido_2626.279516695649_597,136.5398492498131,141.75446608957643,126.75446608957643,4.7942978504840905,5,4.71407593796435,Scooter,Windy,Medium,Metropolitian,False,0,0,0,2626.279516695649,2758.0339827852254,Rota_Reduzida,0
pedido_2637.3537402768916_607,151.67529943576588,131.4366272059255,116.4366272059255,19.00299823489984,5,4.638632690619905,Moto,Foggy,Jam,Metropolitian,False,0,1,0,2637.3537402768916,2758.790367482817,Aumento_Velocidade,0
pedido_2658.5679738362946_617,119.70030611959002,108.71940673857904,93.71940673857904,0.0,10,4.717915213004993,Scooter,Foggy,Medium,Other,False,0,0,0,2658.5679738362946,2762.2873805748736,Rota_Reduzida,1
pedido_2680.9417239232002_629,101.14013810723523,86.58372930229115,71.58372930229115,13.746201305479142,10,4.685244071069192,Moto,Sunny,High,Metropolitian,False,0,1,1,2680.9417239232002,2762.525453225491,Aumento_Velocidade,1
pedido_2651.6532364823825_614,135.4555102732682,117.28343568903449,102.28343568903449,5.328574272920414,10,4.648701055250359,Scooter,Sandstorms,Medium,Metropolitian,False,0,0,0,2651.6532364823825,2763.936672171417,Rota_Reduzida,0
pedido_2628.5784920887495_601,137.98884857088086,121.21209280820966,121.21209280820966,13.140466296568446,15,4.885167192927556,Van,Windy,Medium,Metropolitian,True,0,0,0,2628.5784920887495,2764.790584896959,Nenhuma,0
pedido_2743.6224475809245_649,45.26126395077271,18.683643069835302,18.683643069835302,18.053367015390876,5,4.917588918128422,Scooter,Sandstorms,High,Metropolitian,True,1,1,0,2743.6224475809245,2767.30609065076,Nenhuma,1
pedido_2632.5816597486482_604,143.99682866440077,130.45919387314376,130.45919387314376,0.08117195139509104,10,4.42232917307679,Moto,Sunny,Low,Urban,True,0,0,1,2632.5816597486482,2773.040853621792,Nenhuma,0
pedido_2731.197782142749_646,46.952535306719405,27.589955616174038,27.589955616174038,1.8495872545179561,15,4.783337350868611,Moto,Sandstorms,High,Metropolitian,True,1,1,0,2731.197782142749,2773.787737758923,Nenhuma,1
pedido_2596.2374461981744_588,194.4345768025371,178.4402101936043,163.4402101936043,16.903177667464043,15,4.392126918603828,Scooter,Sandstorms,Jam,Metropolitian,False,0,1,0,2596.2374461981744,2774.677656391779,Aumento_Velocidade,0
pedido_2646.9107624018793_612,135.57692164017357,139.25748669625563,124.25748669625563,13.848381012750833,5,4.716480530392551,Moto,Sandstorms,High,Metropolitian,True,0,1,0,2646.9107624018793,2776.1682490981348,Aumento_Velocidade,0
pedido_2663.293646437881_622,125.93693104153891,118.37784356403517,103.37784356403517,1.8078632085356015,10,4.4876407514138945,Scooter,Stormy,High,Metropolitian,False,0,1,0,2663.293646437881,2776.671490001916,Aumento_Velocidade,0
pedido_2653.19502083579_615,129.91233184454615,129.90268485387136,114.90268485387136,5.609498638664396,10,4.554645581992691,Scooter,Sandstorms,High,Metropolitian,True,0,1,0,2653.19502083579,2778.0977056896613,Aumento_Velocidade,0
pedido_2676.4353093393966_627,136.59052870532392,110.37759981243765,95.37759981243765,11.31764520374544,10,4.673148731847177,Scooter,Stormy,Jam,Metropolitian,False,0,1,0,2676.4353093393966,2781.812909151834,Aumento_Velocidade,0
pedido_2662.9926176098306_621,127.42426002858576,123.29862900942265,108.29862900942265,2.584899738291137,15,4.455780376329259,Moto,Windy,High,Metropolitian,True,0,1,0,2662.9926176098306,2786.2912466192533,Aumento_Velocidade,0
pedido_2629.3283972707745_602,178.08246776028878,169.5951522758034,154.5951522758034,17.73345993768417,5,4.384367016885589,Moto,Sunny,High,Metropolitian,True,0,1,1,2629.3283972707745,2788.9235495465778,Aumento_Velocidade,0
pedido_2653.2735371651875_616,128.06318059579183,142.22934176015636,127.22934176015636,5.0202712200202715,10,4.7759894826975335,Moto,Stormy,High,Metropolitian,True,0,1,0,2653.2735371651875,2790.502878925344,Aumento_Velocidade,0
pedido_2698.704516555085_637,98.90884907823967,92.77228384379471,77.77228384379471,6.356298674773434,15,4.575233333812791,Moto,Sunny,Jam,Metropolitian,False,0,1,1,2698.704516555085,2791.4768003988797,Aumento_Velocidade,1
pedido_2676.8838472143634_628,101.40252528082597,110.27670996401864,110.27670996401864,9.026050843426553,5,4.627250480041153,Moto,Sandstorms,Low,Metropolitian,False,0,0,0,2676.8838472143634,2792.160557178382,Nenhuma,1
pedido_2661.5147992034017_619,136.53777449524077,141.25309976501396,126.25309976501396,16.45527650161042,5,4.473237436269098,Scooter,Sandstorms,Medium,Metropolitian,False,0,0,0,2661.5147992034017,2792.7678989684155,Rota_Reduzida,0
pedido_2693.6573791303354_634,105.1634861427061,106.3759793153368,91.3759793153368,16.935546732699866,10,5.0,Moto,Sunny,High,Urban,True,0,1,1,2693.6573791303354,2795.033358445672,Aumento_Velocidade,1
pedido_2670.3560580639173_623,134.8361073812856,130.9606697944676,115.9606697944676,16.941685002910344,10,4.554570369541592,Moto,Sandstorms,High,Metropolitian,False,0,1,0,2670.3560580639173,2796.316727858385,Aumento_Velocidade,0
pedido_2700.1585826737746_638,95.05896335640593,106.62870186539963,91.62870186539963,1.6670780752906702,5,4.778174104195179,Moto,Sunny,High,Metropolitian,False,0,1,1,2700.1585826737746,2796.7872845391744,Aumento_Velocidade,1
pedido_2708.8838073217516_641,102.48765194097236,86.104330850122,86.104330850122,14.241685530363974,5,5.0,Van,Stormy,Low,Metropolitian,False,0,0,0,2708.8838073217516,2799.9881381718737,Nenhuma,1
pedido_2687.8367531391987_631,132.5219139050306,107.42029616244635,107.42029616244635,12.120896838444807,5,4.564657418370916,Van,Windy,Medium,Urban,False,0,0,0,2687.8367531391987,2800.257049301645,Nenhuma,1
pedido_2641.7240392097888_609,168.2661442767872,154.67538202116552,154.67538202116552,16.96822241678617,5,4.3120127986782855,Moto,Sunny,Low,Urban,True,0,0,1,2641.7240392097888,2801.3994212309544,Nenhuma,0
pedido_2692.771770828202_633,128.54929568720055,110.40348546923165,95.40348546923165,5.488452825968199,15,4.639881368628965,Moto,Windy,High,Metropolitian,True,0,1,0,2692.771770828202,2803.175256297434,Aumento_Velocidade,0
pedido_2697.664524920752_636,130.64524980577818,110.78239662482412,95.78239662482412,15.828464533012085,10,4.5071860257350895,Scooter,Stormy,High,Urban,False,0,1,0,2697.664524920752,2803.446921545576,Aumento_Velocidade,0
pedido_2674.1409783093745_626,143.87999213971185,140.220231597658,125.220231597658,15.773740790307318,5,4.813766517384354,Moto,Foggy,High,Metropolitian,True,0,1,0,2674.1409783093745,2804.3612099070324,Aumento_Velocidade,0
pedido_2731.9273214459818_647,99.61120419648849,82.85387703828457,67.85387703828457,6.138883825542891,5,4.907380445446864,Moto,Sunny,Medium,Metropolitian,True,0,0,1,2731.9273214459818,2804.7811984842665,Rota_Reduzida,1
pedido_2671.7521258285306_624,137.10448633692113,138.4002713214404,123.40027132144041,4.237450908453022,10,4.976362158155815,Moto,Foggy,High,Metropolitian,False,0,1,0,2671.7521258285306,2805.152397149971,Aumento_Velocidade,0
pedido_2684.1089571778302_630,141.3626867505937,127.34624039231355,112.34624039231355,17.438121612552592,15,4.800643020357333,Moto,Windy,Jam,Metropolitian,True,0,1,0,2684.1089571778302,2811.455197570144,Aumento_Velocidade,0
pedido_2714.286465037879_642,97.07196058382635,87.30128459575783,87.30128459575783,7.869485441080604,10,4.688615404153805,Scooter,Sunny,Low,Metropolitian,False,0,0,1,2714.286465037879,2811.587749633637,Nenhuma,1
pedido_2706.0737341193712_640,140.06946984763547,114.64443906729821,99.64443906729821,11.287218323832622,10,4.948600733096228,Scooter,Sandstorms,Jam,Urban,False,0,1,0,2706.0737341193712,2815.7181731866694,Aumento_Velocidade,0
pedido_2715.51196527951_643,127.43539499120176,115.71855391190476,95.71855391190476,18.386379065723613,10,4.957335194358241,Scooter,Stormy,Jam,Other,False,0,1,0,2715.51196527951,2821.2305191914147,Rota_Reduzida,0
pedido_2720.3580073432913_645,134.3559956446086,117.80292049966077,102.80292049966077,13.121832521794122,10,4.851734552922186,Moto,Stormy,Medium,Metropolitian,False,0,0,0,2720.3580073432913,2833.160927842952,Rota_Reduzida,0
pedido_2700.813990462445_639,136.8624754382375,140.78569373581496,125.78569373581496,10.74493903432803,10,4.982383492735377,Moto,Sandstorms,Medium,Metropolitian,False,0,0,0,2700.813990462445,2836.59968419826,Rota_Reduzida,0
pedido_2747.6798181712957_651,129.50471557039054,98.80438318027348,83.80438318027348,5.946162860948958,10,4.91602257172657,Moto,Windy,High,Urban,False,0,1,0,2747.6798181712957,2841.484201351569,Aumento_Velocidade,1
pedido_2719.0017951020636_644,133.87638909820663,123.04823090105268,108.04823090105268,15.983222641024852,15,4.469724662569525,Moto,Windy,High,Metropolitian,True,0,1,0,2719.0017951020636,2842.0500260031163,Aumento_Velocidade,0
pedido_2765.321711881751_659,103.64871864064442,87.42886262277494,72.42886262277494,14.174980930032943,5,4.899719801664757,Moto,Sunny,High,Urban,True,0,1,1,2765.321711881751,2842.750574504526,Aumento_Velocidade,1
pedido_2661.2045291317186_618,190.075225707196,189.1471629104761,174.1471629104761,0.0,10,4.313794277334766,Scooter,Sunny,High,Metropolitian,False,0,1,1,2661.2045291317186,2845.351692042195,Aumento_Velocidade,0
pedido_2747.3034051794434_650,133.62840112166398,103.097203312175,88.097203312175,16.8539324949795,15,4.703284447572862,Moto,Stormy,Medium,Metropolitian,True,0,0,0,2747.3034051794434,2850.400608491618,Rota_Reduzida,1
pedido_2741.7373603620385_648,130.992527115471,121.28449671874964,106.28449671874964,2.0028395754399644,5,4.626358857973708,Moto,Windy,High,Metropolitian,False,0,1,0,2741.7373603620385,2853.0218570807883,Aumento_Velocidade,0
pedido_2752.364914694665_652,134.3572283787156,108.97865564781138,93.97865564781138,5.091573420447581,10,4.531893927533091,Moto,Stormy,Medium,Urban,False,0,0,0,2752.364914694665,2856.3435703424766,Rota_Reduzida,1
pedido_2762.9976664715796_658,103.09221041874474,82.93884954227589,82.93884954227589,3.969635006073312,15,4.74645208211875,Moto,Stormy,Low,Metropolitian,False,0,0,0,2762.9976664715796,2860.9365160138555,Nenhuma,1
pedido_2772.856453217228_664,94.34577866027905,93.79770220537468,78.79770220537468,7.842144560388029,10,4.846411482433434,Scooter,Sunny,High,Urban,False,0,1,1,2772.856453217228,2861.654155422603,Aumento_Velocidade,1
pedido_2688.5818691775708_632,184.0555549291193,164.53780033493817,164.53780033493817,17.791970210747056,10,4.334176661388469,Van,Stormy,Medium,Metropolitian,False,0,0,0,2688.5818691775708,2863.119669512509,Nenhuma,0
pedido_2753.596122455118_655,142.24104682671785,113.93087925916402,98.93087925916402,13.349144593452147,15,4.557200145172963,Scooter,Foggy,Medium,Metropolitian,False,0,0,0,2753.596122455118,2867.527001714282,Rota_Reduzida,0
pedido_2768.5952410389036_662,132.94277536605009,101.89434095252608,86.89434095252608,15.702916432379409,15,4.802751329573903,Scooter,Stormy,Jam,Urban,False,0,1,0,2768.5952410389036,2870.4895819914295,Aumento_Velocidade,1
pedido_2767.6033047499923_661,140.0414624624165,114.66751803103486,99.66751803103486,15.095414984105497,5,4.73772617178873,Scooter,Sandstorms,Jam,Metropolitian,False,0,1,0,2767.6033047499923,2872.270822781027,Aumento_Velocidade,1
pedido_2787.00774905968_672,95.86193917624409,86.69537426729696,71.69537426729696,0.09372499819005942,15,4.579856074791738,Moto,Sunny,High,Urban,False,0,1,1,2787.00774905968,2873.7031233269768,Aumento_Velocidade,1
pedido_2790.9953863526193_673,99.05590523092877,84.82055052159104,69.82055052159104,1.471634674114838,15,4.563857709085344,Moto,Sunny,Jam,Metropolitian,False,0,1,1,2790.9953863526193,2875.8159368742104,Aumento_Velocidade,1
pedido_2753.4342677355166_654,120.35610629725981,108.64560936954675,108.64560936954675,15.620019770196484,15,4.588476678253147,Moto,Sunny,Low,Metropolitian,False,0,0,1,2753.4342677355166,2877.0798771050636,Nenhuma,0
pedido_2775.928391014173_665,129.65114218651047,114.08798449881175,99.08798449881175,9.27442038649443,5,4.633613565042453,Scooter,Stormy,High,Metropolitian,False,0,1,0,2775.928391014173,2880.0163755129847,Aumento_Velocidade,1
pedido_2766.4902313324624_660,128.82551111589967,126.84969346581497,111.84969346581497,0.0,5,4.747988985989418,Moto,Foggy,Jam,Urban,True,0,1,0,2766.4902313324624,2883.3399247982775,Aumento_Velocidade,0
pedido_2761.3265461393266_657,135.67171536087804,128.7105315552137,113.71053155521369,10.517959212272613,10,4.490088289185767,Moto,Stormy,Medium,Metropolitian,True,0,0,0,2761.3265461393266,2885.03707769454,Rota_Reduzida,0
pedido_2753.238986738746_653,138.12663788214053,133.59563421558647,118.59563421558647,12.89256419798057,15,4.812965409298977,Moto,Sandstorms,Medium,Urban,True,0,0,0,2753.238986738746,2886.8346209543324,Rota_Reduzida,0
pedido_2771.02128718465_663,124.23964613969471,124.2765903506874,109.2765903506874,1.3955349427359578,15,4.711260765491869,Scooter,Sandstorms,Jam,Metropolitian,False,0,1,0,2771.02128718465,2895.2978775353376,Aumento_Velocidade,0
pedido_2777.964883293018_666,129.9293823734775,129.43794040358733,114.43794040358733,18.830384808160797,5,4.791452878595225,Scooter,Stormy,High,Metropolitian,False,0,1,0,2777.964883293018,2897.402823696605,Aumento_Velocidade,0
pedido_2778.178407080982_667,130.53914308432832,129.8894586645708,114.88945866457081,5.306919732429256,5,4.606732672069818,Scooter,Windy,High,Metropolitian,False,0,1,0,2778.178407080982,2898.067865745553,Aumento_Velocidade,0
pedido_2783.4127735368006_668,135.71084824131245,120.159862187188,105.159862187188,7.211012170379653,10,4.797991564711887,Moto,Windy,Medium,Metropolitian,False,0,0,0,2783.4127735368006,2898.5726357239887,Rota_Reduzida,0
pedido_2759.62957906158_656,143.87166556073484,145.1160433029561,130.1160433029561,16.49834137680329,10,4.557778804190382,Scooter,Foggy,High,Metropolitian,True,0,1,0,2759.62957906158,2899.745622364536,Aumento_Velocidade,0
pedido_2784.349461444365_669,136.06084377323577,122.36642110292212,107.36642110292212,16.6934575674306,10,4.7897842937878625,Scooter,Windy,High,Metropolitian,True,0,1,0,2784.349461444365,2901.715882547287,Aumento_Velocidade,0
pedido_2785.377313637187_670,118.13579524108118,115.05054780004842,115.05054780004842,10.592134946571303,5,4.728529518610364,Moto,Sunny,Low,Metropolitian,True,0,0,1,2785.377313637187,2905.427861437235,Nenhuma,0
pedido_2793.930501973858_675,133.4537554321526,116.0127094522098,101.0127094522098,18.58181092828435,15,4.988636426835274,Scooter,Stormy,High,Metropolitian,False,0,1,0,2793.930501973858,2909.943211426068,Aumento_Velocidade,0
pedido_2785.7709821536637_671,130.68146715861013,130.92954363422228,110.92954363422228,14.406202186256841,15,4.578316520863396,Moto,Foggy,High,Other,False,0,1,0,2785.7709821536637,2911.700525787886,Rota_Reduzida,0
pedido_2887.1288973246583_5,46.71615426617145,41.03626758435572,41.03626758435572,14.3299679176289,5,4.5016462834860596,Scooter,Sandstorms,High,Metropolitian,True,1,1,0,2887.1288973246583,2933.165164909014,Nenhuma,1
pedido_2792.602735545353_674,134.0374529311032,143.29539696783712,143.29539696783712,13.534186244386541,10,4.655532140634119,Van,Sandstorms,High,Urban,False,0,1,0,2792.602735545353,2945.89813251319,Nenhuma,0
pedido_2913.6498446828336_19,35.38292871600123,32.71676160215233,32.71676160215233,9.732357768821366,5,4.744607318398188,Moto,Sunny,Medium,Urban,True,1,0,1,2913.6498446828336,2951.366606284986,Nenhuma,1
pedido_2915.000380170391_21,47.64081598007934,38.56292162098539,38.56292162098539,5.207730216185535,10,4.960578251921529,Van,Foggy,Jam,Metropolitian,False,1,1,0,2915.000380170391,2963.5633017913765,Nenhuma,1
pedido_2923.9799174425175_27,47.85936754630659,25.00369877857738,25.00369877857738,19.58264615640607,15,4.480642174000923,Moto,Sandstorms,High,Urban,False,1,1,0,2923.9799174425175,2963.983616221095,Nenhuma,1
pedido_2951.803974860172_41,44.228996399456186,21.005569743431305,21.005569743431305,13.906832876282623,5,4.668715114482877,Scooter,Foggy,High,Metropolitian,False,1,1,0,2951.803974860172,2977.809544603603,Nenhuma,1
pedido_2890.1550067438675_7,104.40130698634228,84.54337583807477,84.54337583807477,4.154188715557742,5,4.4639966275068845,Moto,Stormy,Low,Metropolitian,True,0,0,0,2890.1550067438675,2979.698382581942,Nenhuma,1
pedido_2880.117864306646_0,96.6384385956655,111.73021583523264,96.73021583523264,5.376621136658775,5,4.985227111111936,Scooter,Sunny,Medium,Metropolitian,False,0,0,1,2880.117864306646,2981.8480801418787,Rota_Reduzida,1
pedido_2885.252669528569_1,136.41529997107637,104.91671754407636,89.91671754407636,5.245403004621382,10,4.979963682275343,Scooter,Foggy,High,Metropolitian,False,0,1,0,2885.252669528569,2985.1693870726453,Aumento_Velocidade,1
pedido_2886.4501401062566_4,124.138109347723,105.17788682036696,90.17788682036696,2.8932701827579588,15,4.672829211901143,Moto,Sandstorms,Jam,Urban,False,0,1,0,2886.4501401062566,2991.6280269266235,Aumento_Velocidade,0
pedido_2892.7275132679392_8,132.4688366192413,111.72243780375754,96.72243780375754,6.171082958846947,5,4.754837659186151,Moto,Foggy,High,Metropolitian,False,0,1,0,2892.7275132679392,2994.449951071697,Aumento_Velocidade,1
pedido_2898.1631347507096_12,93.71775392958506,94.70059668991725,94.70059668991725,9.069907303339946,5,4.892092455665126,Moto,Windy,Low,Other,False,0,0,0,2898.1631347507096,2997.863731440627,Nenhuma,1
pedido_2885.3457788201836_2,136.5877098555487,118.01571523714685,103.01571523714685,11.774223228582741,10,4.583321524308098,Scooter,Sandstorms,Medium,Metropolitian,False,0,0,0,2885.3457788201836,2998.36149405733,Rota_Reduzida,0
pedido_2888.5207854346213_6,133.29583074714068,115.11161500603458,100.11161500603458,18.70165660626936,15,4.600349135394026,Moto,Windy,High,Metropolitian,False,0,1,0,2888.5207854346213,3003.632400440656,Aumento_Velocidade,0
pedido_2910.957003631037_18,94.5437503496169,77.92817126029466,77.92817126029466,7.542856833232722,15,4.766643486564743,Van,Sunny,High,Urban,False,0,1,1,2910.957003631037,3003.8851748913316,Nenhuma,1
pedido_2886.384700080225_3,145.88825085923125,124.47742056770724,109.47742056770724,20.203675318199686,10,4.749273410466194,Moto,Foggy,High,Metropolitian,True,0,1,0,2886.384700080225,3005.862120647932,Aumento_Velocidade,0
pedido_2896.770895957503_11,135.5501914395463,109.15086671122174,94.15086671122174,13.712170611591372,15,4.678631568106773,Moto,Sandstorms,High,Urban,True,0,1,0,2896.770895957503,3005.9217626687246,Aumento_Velocidade,0
pedido_2904.133724787722_15,104.26384968245269,93.67384025913361,93.67384025913361,15.605594407852852,15,4.810660353898293,Moto,Windy,Low,Metropolitian,False,0,0,0,2904.133724787722,3012.8075650468554,Nenhuma,1
pedido_2923.8328351384243_26,111.25475440931473,100.20177576431566,85.20177576431566,12.221951882034304,10,5.0,Moto,Sunny,Jam,Metropolitian,True,0,1,1,2923.8328351384243,3019.03461090274,Aumento_Velocidade,1
pedido_2899.4420380638153_13,136.33485753859165,121.53895768777349,106.53895768777349,19.362780189418977,15,4.628713453285554,Scooter,Windy,Jam,Metropolitian,False,0,1,0,2899.4420380638153,3020.9809957515886,Aumento_Velocidade,0
pedido_2901.3838198480576_14,101.80108019207391,106.05299166070341,106.05299166070341,18.255213123790465,15,4.9434646560150926,Moto,Stormy,Low,Metropolitian,False,0,0,0,2901.3838198480576,3022.436811508761,Nenhuma,0
pedido_2917.873763017051_24,136.04018930700337,116.74590431290079,101.74590431290079,14.099974911045287,5,4.520035915551079,Moto,Windy,Medium,Urban,True,0,0,0,2917.873763017051,3024.6196673299514,Rota_Reduzida,0
pedido_2916.607142085368_22,129.74008673834228,125.10858512778589,110.10858512778589,6.387653424909159,5,4.739884905739424,Moto,Stormy,High,Metropolitian,False,0,1,0,2916.607142085368,3031.715727213154,Aumento_Velocidade,0
pedido_2907.8076383531898_16,133.3990816628916,129.65379262912316,114.65379262912316,18.31143864622093,10,4.649438001029671,Scooter,Windy,High,Metropolitian,False,0,1,0,2907.8076383531898,3032.461430982313,Aumento_Velocidade,0
pedido_2936.854926909965_31,135.2725994545839,101.28222827069203,86.28222827069203,12.618782247899869,10,4.5179394544691975,Scooter,Stormy,Medium,Urban,False,0,0,0,2936.854926909965,3033.137155180657,Rota_Reduzida,1
pedido_2922.483945766083_25,104.8826222260933,97.06078876588762,97.06078876588762,17.66649243066837,15,4.589038168707017,Moto,Sandstorms,Low,Metropolitian,True,0,0,0,2922.483945766083,3034.5447345319703,Nenhuma,1
pedido_2951.6168777359812_40,102.53426739474033,85.7521136955845,70.7521136955845,17.880431170587425,15,4.812588562733444,Scooter,Sunny,Medium,Metropolitian,False,0,0,1,2951.6168777359812,3037.3689914315655,Rota_Reduzida,1
pedido_2917.4229386880265_23,131.9482572170247,127.199030860542,112.199030860542,19.17265919520319,10,4.704446807700962,Scooter,Stormy,High,Metropolitian,True,0,1,0,2917.4229386880265,3039.6219695485684,Aumento_Velocidade,0
pedido_2977.515417070394_61,40.32121124193486,50.065614765311665,50.065614765311665,20.719395136017305,15,4.596963333497908,Moto,Stormy,Low,Metropolitian,False,1,0,0,2977.515417070394,3042.5810318357057,Nenhuma,1
pedido_3003.970116381281_79,45.630702887354516,31.159615062205752,31.159615062205752,8.315853916141437,10,4.653649446511109,Moto,Foggy,Jam,Urban,True,1,1,0,3003.970116381281,3045.129731443487,Nenhuma,1
pedido_2940.7806535098393_32,103.86938175642682,99.44888014727522,99.44888014727522,13.914815342672597,5,4.827855009450143,Scooter,Windy,Low,Semi-Urban,False,0,0,0,2940.7806535098393,3045.2295336571146,Nenhuma,1
pedido_2896.6402577026133_10,136.85868952867082,143.67557936284484,143.67557936284484,17.540230605680854,5,4.792434113967176,Van,Windy,High,Metropolitian,True,0,1,0,2896.6402577026133,3045.3158370654583,Nenhuma,0
pedido_2933.29236157445_29,134.50761856396798,118.25639282602867,103.25639282602867,10.360900272935167,10,4.477507106224605,Moto,Sandstorms,High,Metropolitian,False,0,1,0,2933.29236157445,3046.5487544004786,Aumento_Velocidade,0
pedido_2935.2445870364745_30,116.67495542695285,107.99671510737855,107.99671510737855,22.28362361766347,5,4.9485035507413535,Moto,Sunny,Low,Metropolitian,False,0,0,1,2935.2445870364745,3048.241302143853,Nenhuma,1
pedido_2908.610860240287_17,137.58065988454095,137.3315320407813,137.3315320407813,17.374513914188658,5,4.597757705777852,Van,Windy,Medium,Urban,True,0,0,0,2908.610860240287,3050.9423922810684,Nenhuma,0
pedido_2964.223003031281_49,98.4296916450894,97.46698606617947,82.46698606617947,6.0212299723651,5,4.687988576758725,Moto,Sunny,High,Urban,False,0,1,1,2964.223003031281,3051.6899890974605,Aumento_Velocidade,1
pedido_2941.1301551166675_34,126.967378790572,116.89492797043795,101.89492797043795,0.9109154434224846,10,4.662903979281422,Moto,Foggy,Jam,Metropolitian,False,0,1,0,2941.1301551166675,3053.0250830871055,Aumento_Velocidade,0
pedido_2950.09905181582_39,101.29554141607021,88.33695263363589,88.33695263363589,15.26085386613341,15,4.888008745408211,Van,Sunny,High,Metropolitian,False,0,1,1,2950.09905181582,3053.436004449456,Nenhuma,1
pedido_3006.628677973143_80,44.590230337785876,33.62110590877553,33.62110590877553,7.975418671361856,15,4.686566317498718,Moto,Sandstorms,High,Urban,False,1,1,0,3006.628677973143,3055.2497838819186,Nenhuma,1
pedido_2941.3180959722135_36,130.22115973519726,114.7973135035165,99.7973135035165,14.392388070404664,15,4.791835104552328,Moto,Stormy,High,Urban,True,0,1,0,2941.3180959722135,3056.11540947573,Aumento_Velocidade,0
pedido_2979.4024954227784_64,94.59897983503738,77.13897556215508,77.13897556215508,8.876143403763777,5,4.664710142652622,Van,Sunny,High,Metropolitian,False,0,1,1,2979.4024954227784,3061.5414709849333,Nenhuma,1
pedido_2941.25994653167_35,132.71950295366054,120.82732925622335,105.82732925622335,3.8509689248205126,15,4.806852333682475,Scooter,Foggy,High,Metropolitian,True,0,1,0,2941.25994653167,3062.0872757878933,Aumento_Velocidade,0
pedido_2896.434838448782_9,177.78584191021494,165.7076796160888,150.7076796160888,6.403872143743628,15,4.314891816919454,Moto,Foggy,High,Urban,False,0,1,0,2896.434838448782,3062.1425180648707,Aumento_Velocidade,0
pedido_2959.2835687717784_46,130.80428664175128,103.38214107621472,88.38214107621472,5.264682522508706,15,4.63997757444412,Moto,Windy,High,Metropolitian,False,0,1,0,2959.2835687717784,3062.665709847993,Aumento_Velocidade,1
pedido_2953.9021453157293_42,129.95187726897566,121.23841509705511,106.23841509705511,8.994598078529108,5,4.742605529494019,Scooter,Stormy,High,Metropolitian,False,0,1,0,2953.9021453157293,3065.1405604127845,Aumento_Velocidade,0
pedido_2969.035311571878_55,98.71650902594666,102.32665351145798,87.32665351145798,4.774686071191507,10,4.624942163741415,Moto,Sunny,High,Metropolitian,False,0,1,1,2969.035311571878,3066.361965083336,Aumento_Velocidade,1
pedido_2958.6877463603146_45,129.76486193434457,111.39240895709965,96.39240895709965,16.025524256909474,15,4.591869686021195,Scooter,Stormy,High,Metropolitian,False,0,1,0,2958.6877463603146,3070.080155317414,Aumento_Velocidade,0
pedido_2956.365751406087_44,132.97970332396278,122.03133678025165,107.03133678025165,16.410401418559708,10,4.715215898791027,Moto,Windy,High,Metropolitian,False,0,1,0,2956.365751406087,3073.397088186339,Aumento_Velocidade,0
pedido_2995.9473534891154_74,98.14802361612992,78.3159720400183,63.315972040018295,4.319675884167905,15,4.612328004620688,Scooter,Sunny,High,Urban,False,0,1,1,2995.9473534891154,3074.2633255291335,Aumento_Velocidade,1
pedido_2966.2369864458715_50,110.50897060591545,95.4452255644309,95.4452255644309,14.267702314507282,15,4.906278356383932,Scooter,Foggy,Low,Metropolitian,False,0,0,0,2966.2369864458715,3076.6822120103025,Nenhuma,1
pedido_3039.700945800076_99,63.90526776231826,42.55318660927058,27.553186609270583,6.906311405511996,10,4.396218405392487,Scooter,Stormy,Medium,Metropolitian,False,1,0,0,3039.700945800076,3077.2541324093468,Rota_Reduzida,1
pedido_2963.596909818787_48,128.81443924462351,114.2796277671062,99.2796277671062,4.977850317033317,15,4.628064472095611,Moto,Windy,High,Metropolitian,True,0,1,0,2963.596909818787,3077.8765375858934,Aumento_Velocidade,0
pedido_2969.569012623393_56,131.4328202333928,113.53550604557779,98.53550604557779,8.443636867787976,10,4.996053836730879,Moto,Stormy,High,Urban,False,0,1,0,2969.569012623393,3078.1045186689707,Aumento_Velocidade,0
pedido_2956.1719500594045_43,127.00962773489523,121.96592117744899,106.96592117744899,6.074291398903136,15,4.69539191250732,Scooter,Stormy,High,Metropolitian,True,0,1,0,2956.1719500594045,3078.1378712368532,Aumento_Velocidade,0
pedido_2973.3509941360107_57,132.65471940759042,110.64276007696421,95.64276007696421,20.376067065933483,10,4.856056120862427,Scooter,Stormy,High,Urban,False,0,1,0,2973.3509941360107,3078.993754212975,Aumento_Velocidade,0
pedido_2976.2039114605805_60,130.82602286753024,105.72159999923129,90.72159999923129,4.754770916319547,15,4.754778440592586,Scooter,Windy,High,Urban,False,0,1,0,2976.2039114605805,3081.925511459812,Aumento_Velocidade,0
pedido_2940.9881791321254_33,139.83112485148473,152.2124651442695,137.2124651442695,16.46337183047485,5,4.752497606242901,Scooter,Sandstorms,Jam,Metropolitian,False,0,1,0,2940.9881791321254,3083.200644276395,Aumento_Velocidade,0
pedido_2967.907347375262_53,129.34191345465462,124.02992483162572,109.02992483162572,16.9062969503867,10,4.674314856921607,Moto,Stormy,High,Metropolitian,False,0,1,0,2967.907347375262,3086.9372722068874,Aumento_Velocidade,0
pedido_2914.899848471903_20,184.55158189368044,172.92666739301134,157.92666739301134,18.08417920048785,15,4.427112772037773,Moto,Windy,High,Metropolitian,False,0,1,0,2914.899848471903,3087.8265158649147,Aumento_Velocidade,0
pedido_2998.112730996047_77,101.29554141607021,89.76839504286465,74.76839504286465,15.417065671519564,15,4.92518329745621,Moto,Sunny,High,Metropolitian,False,0,1,1,2998.112730996047,3087.8811260389116,Aumento_Velocidade,1
pedido_2967.238672246555_52,124.8071018528391,134.06270597856275,119.06270597856275,1.5654054168830331,5,4.632652278660221,Moto,Sandstorms,Jam,Urban,True,0,1,0,2967.238672246555,3091.301378225118,Aumento_Velocidade,0
pedido_2981.523899761488_66,131.65721114409467,110.19448575333575,95.19448575333575,9.088252357091552,15,4.615723184260886,Moto,Stormy,Medium,Metropolitian,False,0,0,0,2981.523899761488,3091.7183855148237,Rota_Reduzida,0
pedido_2982.72032635081_67,127.74865931486852,119.05247758135212,104.05247758135212,6.615135027390874,5,4.720973653672034,Moto,Windy,Jam,Metropolitian,False,0,1,0,2982.72032635081,3091.772803932162,Aumento_Velocidade,0
pedido_2930.0673125489943_28,154.2669347034349,148.6035221228979,148.6035221228979,10.110322073446001,15,4.238211281585103,Moto,Sandstorms,Low,Metropolitian,False,0,0,0,2930.0673125489943,3093.6708346718924,Nenhuma,0
pedido_2996.5632227215856_75,109.5310273213476,109.57793121277281,94.57793121277281,13.704959103092108,5,4.76264037436506,Moto,Sunny,Jam,Metropolitian,True,0,1,1,2996.5632227215856,3096.1411539343585,Aumento_Velocidade,1
pedido_2975.5973312030815_58,119.95585448437976,105.62758390296314,105.62758390296314,13.8893892211977,15,4.878634391073618,Scooter,Sunny,Low,Metropolitian,False,0,0,1,2975.5973312030815,3096.2249151060446,Nenhuma,0
pedido_2978.6916654899505_62,133.1215512232589,123.12600926217885,108.12600926217885,7.021968376119855,10,5.0,Scooter,Sandstorms,Jam,Urban,True,0,1,0,2978.6916654899505,3096.8176747521293,Aumento_Velocidade,0
pedido_2979.2791877281516_63,129.80108567018078,122.56695677886802,107.56695677886802,17.604499148070737,10,4.841453082101872,Scooter,Stormy,High,Metropolitian,False,0,1,0,2979.2791877281516,3096.8461445070197,Aumento_Velocidade,0
pedido_2961.3341046320616_47,143.68780309353846,141.65263123549155,126.65263123549155,15.30525993698832,10,4.849871019559746,Moto,Foggy,Medium,Metropolitian,True,0,0,0,2961.3341046320616,3097.9867358675533,Rota_Reduzida,0
pedido_2968.3278546490965_54,120.35610629725981,120.22564785190892,120.22564785190892,15.31370289937154,10,4.611059086859585,Moto,Sunny,Low,Urban,False,0,0,1,2968.3278546490965,3098.5535025010054,Nenhuma,0
pedido_2987.2651931472205_69,127.42426002858576,128.3238498013866,113.32384980138659,2.513936192193574,5,4.480341107201782,Moto,Windy,High,Metropolitian,True,0,1,0,2987.2651931472205,3105.589042948607,Aumento_Velocidade,0
pedido_2997.005246245726_76,134.9071532208155,122.07148591034324,107.07148591034324,10.081842411370772,5,4.461400692792173,Scooter,Sandstorms,Medium,Metropolitian,True,0,0,0,2997.005246245726,3109.0767321560693,Rota_Reduzida,0
pedido_2995.01442841017_73,140.77869942436217,125.90297046909947,110.90297046909947,16.296793141849886,5,4.508086463074931,Moto,Foggy,High,Metropolitian,False,0,1,0,2995.01442841017,3110.917398879269,Aumento_Velocidade,0
pedido_3016.8117389426984_89,102.11770937331092,91.55918532120253,91.55918532120253,7.0971832115926174,5,4.717500732599271,Scooter,Windy,Low,Metropolitian,False,0,0,0,3016.8117389426984,3113.370924263901,Nenhuma,1
pedido_3010.3125023945513_83,111.73461537448402,95.958797397733,95.958797397733,14.527881153909217,10,4.619813249407866,Moto,Sunny,Low,Other,False,0,0,1,3010.3125023945513,3116.2712997922845,Nenhuma,1
pedido_2991.8610209735034_71,132.04777498530672,135.9765264122716,120.9765264122716,9.544340655523076,5,4.707934140031546,Scooter,Sandstorms,High,Metropolitian,True,0,1,0,2991.8610209735034,3117.837547385775,Aumento_Velocidade,0
pedido_3015.40706822013_88,127.78624168431163,102.874133590711,87.874133590711,0.0,15,4.609942477303732,Scooter,Foggy,Jam,Metropolitian,False,0,1,0,3015.40706822013,3118.281201810841,Aumento_Velocidade,1
pedido_3010.387726261276_84,131.43805205060914,113.94399244834705,98.94399244834705,7.796026659707712,10,4.704952861296297,Moto,Sandstorms,High,Urban,False,0,1,0,3010.387726261276,3119.331718709623,Aumento_Velocidade,0
pedido_3007.5752370115974_82,133.28348391376278,122.06448703173497,107.06448703173497,7.207152334845419,5,4.563371330402634,Moto,Foggy,High,Urban,False,0,1,0,3007.5752370115974,3119.6397240433325,Aumento_Velocidade,0
pedido_3058.813334200816_109,47.28729583680797,46.452354378980445,46.452354378980445,9.293593186230645,15,4.501280573048816,Moto,Foggy,Jam,Other,True,1,1,0,3058.813334200816,3120.2656885797965,Nenhuma,1
pedido_3025.6287811029642_94,102.05999656397222,105.5474398598487,90.5474398598487,6.829042573483742,5,4.492311876193576,Moto,Sunny,Jam,Metropolitian,True,0,1,1,3025.6287811029642,3121.1762209628127,Aumento_Velocidade,1
pedido_3042.4048793800857_102,99.26107910328872,84.54790449340004,69.54790449340004,11.34477223896647,10,4.849461024243168,Scooter,Sunny,Medium,Metropolitian,False,0,0,1,3042.4048793800857,3121.9527838734857,Rota_Reduzida,1
pedido_2967.092090271646_51,152.40761112245875,141.63980747199625,141.63980747199625,20.426977110225003,15,4.690175859105285,Van,Foggy,Jam,Metropolitian,False,0,1,0,2967.092090271646,3123.7318977436425,Nenhuma,0
pedido_2950.0355426232677_38,176.85011258581002,175.47152884910258,160.47152884910258,7.09228337320496,15,4.430075455769148,Moto,Sandstorms,High,Metropolitian,False,0,1,0,2950.0355426232677,3125.50707147237,Aumento_Velocidade,0
pedido_3014.0940389474436_87,127.43887853040428,111.63731335900614,96.63731335900614,5.680395692976279,15,4.774474874466859,Scooter,Stormy,High,Urban,False,0,1,0,3014.0940389474436,3125.7313523064495,Aumento_Velocidade,0
pedido_3021.8263007617884_92,131.21559757745345,110.86886091746695,95.86886091746695,3.2962829611190143,10,5.0,Scooter,Stormy,High,Metropolitian,False,0,1,0,3021.8263007617884,3127.6951616792553,Aumento_Velocidade,0
pedido_2942.01257219605_37,195.47920804535414,186.58570143959963,171.58570143959963,3.7000193438868623,15,4.271948801516082,Moto,Sunny,High,Metropolitian,False,0,1,1,2942.01257219605,3128.5982736356495,Aumento_Velocidade,0
pedido_3024.2588311678064_93,132.83225952499396,118.65543131681486,103.65543131681486,6.990596206274036,5,4.814300778374425,Scooter,Foggy,High,Metropolitian,False,0,1,0,3024.2588311678064,3132.9142624846213,Aumento_Velocidade,0
pedido_3039.5233610000155_98,102.64210980232362,96.93114917100661,81.93114917100661,11.908795016384666,15,4.832897319036284,Moto,Sunny,High,Metropolitian,False,0,1,1,3039.5233610000155,3136.454510171022,Aumento_Velocidade,1
pedido_3012.400661147911_86,133.73428228540055,124.3484192745951,109.3484192745951,16.489673565493103,15,4.585407343533468,Scooter,Stormy,Medium,Metropolitian,True,0,0,0,3012.400661147911,3136.749080422506,Rota_Reduzida,0
pedido_3061.828984112615_110,103.14463254865278,81.04709892960526,66.04709892960526,2.986263699074328,10,4.486321231941727,Moto,Sunny,High,Metropolitian,True,0,1,1,3061.828984112615,3137.8760830422207,Aumento_Velocidade,1
pedido_3000.5785921205775_78,130.56087931010725,137.50271538188656,122.50271538188656,5.306118432550537,15,4.8086658079663005,Scooter,Windy,High,Metropolitian,False,0,1,0,3000.5785921205775,3138.081307502464,Aumento_Velocidade,0
pedido_3017.8490472806875_90,127.8981149497808,124.36827088423289,109.36827088423289,0.0,15,4.700916775707944,Scooter,Stormy,High,Metropolitian,False,0,1,0,3017.8490472806875,3142.2173181649205,Aumento_Velocidade,0
pedido_3046.613684504562_105,110.32308908103677,88.75079208901883,88.75079208901883,17.91822840898892,10,4.6840369791433485,Moto,Foggy,Low,Metropolitian,False,0,0,0,3046.613684504562,3145.364476593581,Nenhuma,1
pedido_3011.0955158137285_85,141.98379639207755,119.86669152358925,119.86669152358925,12.351402095902305,15,4.616893640586435,Van,Sandstorms,Jam,Metropolitian,False,0,1,0,3011.0955158137285,3145.962207337318,Nenhuma,0
pedido_3031.9222756937183_95,137.43733180628456,115.96409247949228,100.96409247949228,17.77516622326893,15,4.909651479316298,Scooter,Windy,High,Metropolitian,True,0,1,0,3031.9222756937183,3147.8863681732105,Aumento_Velocidade,0
pedido_3039.758522877991_100,134.8819635623919,115.71418972863259,100.71418972863259,15.683839464087386,10,4.7154351140253965,Moto,Windy,Medium,Metropolitian,False,0,0,0,3039.758522877991,3150.472712606623,Rota_Reduzida,0
pedido_3018.8121979132043_91,152.24312390022155,122.12169150068524,122.12169150068524,17.814148732443982,10,4.84972319090187,Van,Foggy,Jam,Metropolitian,True,0,1,0,3018.8121979132043,3150.9338894138896,Nenhuma,0
pedido_3042.385170183265_101,131.24959913617099,117.48055520615634,102.48055520615634,7.038501458330868,15,4.544116671279244,Scooter,Sandstorms,High,Urban,False,0,1,0,3042.385170183265,3159.865725389421,Aumento_Velocidade,0
pedido_2993.197212872549_72,171.35711486374208,177.03429944562512,162.03429944562512,6.755402828782519,5,4.145990881901006,Moto,Sandstorms,Medium,Metropolitian,False,0,0,0,2993.197212872549,3160.231512318174,Rota_Reduzida,0
pedido_3049.1920459514463_106,135.34709514368646,121.1220015393405,106.1220015393405,5.721682492147901,5,4.8624599654786,Moto,Stormy,Medium,Metropolitian,False,0,0,0,3049.1920459514463,3160.314047490787,Rota_Reduzida,0
pedido_2981.159256617912_65,167.75913126808967,164.24902271627812,164.24902271627812,14.520552177597693,15,4.442957140778339,Scooter,Sunny,Low,Urban,True,0,0,1,2981.159256617912,3160.40827933419,Nenhuma,0
pedido_3046.1340534608985_104,142.69880885257305,129.61721329850764,114.61721329850764,15.396939138306749,5,4.702011432350928,Scooter,Foggy,Medium,Metropolitian,False,0,0,0,3046.1340534608985,3165.751266759406,Rota_Reduzida,0
pedido_3006.8546056131404_81,174.84276655669083,168.90654961348875,153.90654961348875,7.666601752956662,5,4.420858308344091,Moto,Windy,High,Metropolitian,False,0,1,0,3006.8546056131404,3165.761155226629,Aumento_Velocidade,0
pedido_3053.3242534444353_108,137.53517711083103,126.76953466668084,111.76953466668084,18.236352968687967,5,4.794277981498075,Scooter,Stormy,Jam,Metropolitian,True,0,1,0,3053.3242534444353,3170.0937881111163,Aumento_Velocidade,0
pedido_2989.763895703757_70,184.78303834908078,181.4049370277537,166.4049370277537,10.788670693059142,15,4.366531669951084,Moto,Windy,High,Urban,True,0,1,0,2989.763895703757,3171.1688327315105,Aumento_Velocidade,0
pedido_3067.4873539029577_117,129.2275822826318,106.74235038490818,91.74235038490818,2.554314407722602,15,5.0,Moto,Foggy,Jam,Metropolitian,False,0,1,0,3067.4873539029577,3174.229704287866,Aumento_Velocidade,0
pedido_2975.7929896057185_59,188.15586887876665,193.6511292722325,193.6511292722325,18.66443135886203,5,4.365051812074774,Van,Foggy,High,Metropolitian,True,0,1,0,2975.7929896057185,3174.444118877951,Nenhuma,0
pedido_3064.7931569954053_115,129.34163027927568,119.92799994699098,104.92799994699098,5.554534284601716,5,4.854045232370567,Scooter,Foggy,Jam,Metropolitian,False,0,1,0,3064.7931569954053,3174.721156942396,Aumento_Velocidade,0
pedido_3132.519278540949_159,46.3065640967517,28.296958875687622,28.296958875687622,5.153483392434103,15,4.753289589382262,Scooter,Windy,High,Metropolitian,False,1,1,0,3132.519278540949,3175.816237416637,Nenhuma,1
pedido_3050.0033428835413_107,132.96881234173745,125.89416875456578,110.89416875456578,6.904546943473947,15,4.748934717704584,Moto,Stormy,Medium,Urban,False,0,0,0,3050.0033428835413,3175.897511638107,Rota_Reduzida,0
pedido_3103.004405756952_136,109.70865919334231,87.58028792104257,72.58028792104257,17.380597495269225,5,4.678267552703068,Moto,Sunny,Jam,Metropolitian,False,0,1,1,3103.004405756952,3180.584693677995,Aumento_Velocidade,1
pedido_2985.234661613265_68,194.043361394242,207.00656913847914,192.00656913847914,5.896667673258478,5,4.439717451825469,Scooter,Sunny,High,Metropolitian,False,0,1,1,2985.234661613265,3182.2412307517443,Aumento_Velocidade,0
pedido_3094.4959098261656_130,110.58435473854878,87.96171366801562,72.96171366801562,18.194529325546025,15,4.6499143593439065,Moto,Sunny,Jam,Metropolitian,True,0,1,1,3094.4959098261656,3182.4576234941815,Aumento_Velocidade,1
pedido_3063.3431747309096_113,133.94368076158997,129.45101930824654,114.45101930824654,17.449981247409244,5,4.641895976723647,Scooter,Stormy,Jam,Metropolitian,False,0,1,0,3063.3431747309096,3182.794194039156,Aumento_Velocidade,0
pedido_3077.400121414793_120,105.25777413619372,105.48639271258006,90.48639271258006,15.957861273501493,15,4.896854433388591,Moto,Sunny,Medium,Urban,True,0,0,1,3077.400121414793,3182.886514127373,Rota_Reduzida,0
pedido_3045.4414126582383_103,140.89819328805015,123.63071114441541,123.63071114441541,14.248765970778411,15,4.911895789524984,Van,Sandstorms,Jam,Metropolitian,False,0,1,0,3045.4414126582383,3184.0721238026536,Nenhuma,0
pedido_3075.3814251550575_118,133.28348391376278,117.71297030182073,102.71297030182073,6.966007597194614,10,4.64717039776399,Moto,Foggy,High,Metropolitian,False,0,1,0,3075.3814251550575,3188.0943954568784,Aumento_Velocidade,0
pedido_3076.02892560376_119,131.66327371644533,122.97696777896404,107.97696777896404,9.211282430829254,5,5.0,Scooter,Stormy,High,Metropolitian,False,0,1,0,3076.02892560376,3189.005893382724,Aumento_Velocidade,0
pedido_3077.505668179962_121,134.09875592803058,121.88178873652885,106.88178873652885,13.06634564630094,5,4.6287275663189735,Scooter,Stormy,Medium,Metropolitian,False,0,0,0,3077.505668179962,3189.387456916491,Rota_Reduzida,0
pedido_3064.277791850371_114,120.03980767230308,111.66662556329386,111.66662556329386,14.598146238453584,15,4.711217710983019,Scooter,Sunny,Low,Metropolitian,False,0,0,1,3064.277791850371,3190.944417413665,Nenhuma,0
pedido_3107.4519036031875_141,103.44473528202492,83.81864437791972,68.81864437791972,17.96995284588734,15,4.5457407023726475,Moto,Sunny,Medium,Metropolitian,False,0,0,1,3107.4519036031875,3191.270547981107,Rota_Reduzida,1
pedido_3065.9743050310985_116,128.25209745381204,116.70896665711807,116.70896665711807,13.437456186252044,10,4.528369334417911,Van,Sandstorms,High,Other,True,0,1,0,3065.9743050310985,3192.683271688217,Nenhuma,0
pedido_3104.5873461666342_139,99.40036610675655,78.55527031897645,78.55527031897645,5.677292682514106,10,4.808483811108833,Van,Sunny,Jam,Metropolitian,False,0,1,1,3104.5873461666342,3193.1426164856107,Nenhuma,1
pedido_3081.08042155384_122,122.34941703584407,119.2924722517956,104.2924722517956,2.979704596483914,10,4.47329618333993,Moto,Stormy,Jam,Metropolitian,False,0,1,0,3081.08042155384,3195.3728938056356,Aumento_Velocidade,0
pedido_3034.3851594299845_96,174.39068285546566,161.09413081038622,146.09413081038622,6.397414628701705,15,4.344814310303366,Scooter,Windy,High,Metropolitian,False,0,1,0,3034.3851594299845,3195.4792902403706,Aumento_Velocidade,0
pedido_3061.8470671461555_111,134.7118948686243,146.1349549192114,131.1349549192114,17.18941348880894,5,4.595470116688985,Scooter,Windy,Medium,Urban,False,0,0,0,3061.8470671461555,3197.982022065367,Rota_Reduzida,0
pedido_3089.6630600657654_129,136.2716292499163,118.55830809214694,103.55830809214694,7.144480366960645,5,5.0,Moto,Sandstorms,Medium,Metropolitian,False,0,0,0,3089.6630600657654,3198.2213681579124,Rota_Reduzida,0
pedido_3094.937818549519_131,100.24150401220857,113.75539267976448,98.75539267976448,2.48673826649585,5,4.8172491365002115,Moto,Sunny,Jam,Metropolitian,True,0,1,1,3094.937818549519,3198.6932112292834,Aumento_Velocidade,1
pedido_3105.4885736289525_140,99.73021535113286,84.08865779326277,84.08865779326277,6.398980000593052,10,4.7247656228940595,Scooter,Foggy,Low,Metropolitian,False,0,0,0,3105.4885736289525,3199.5772314222154,Nenhuma,1
pedido_3037.047271960878_97,190.9353754481388,174.54008474463367,159.54008474463367,5.059828939143647,5,4.328509711519081,Moto,Sunny,Jam,Metropolitian,False,0,1,1,3037.047271960878,3201.5873567055114,Aumento_Velocidade,0
pedido_3083.4988504091107_124,134.7974215953007,118.47588587443781,103.47588587443781,3.5185840151750387,15,4.708822456468841,Moto,Foggy,High,Metropolitian,False,0,1,0,3083.4988504091107,3201.9747362835483,Aumento_Velocidade,0
pedido_3127.5223675785755_153,95.86193917624409,79.66800503519934,64.66800503519934,1.3372836457949608,10,4.563178673560793,Scooter,Sunny,High,Metropolitian,False,0,1,1,3127.5223675785755,3202.190372613775,Aumento_Velocidade,1
pedido_3121.8059354775082_150,96.63792328164016,86.01972128652726,71.01972128652726,9.548788923335884,10,4.915199419732075,Moto,Sunny,High,Metropolitian,False,0,1,1,3121.8059354775082,3202.8256567640356,Aumento_Velocidade,1
pedido_3084.122321582402_125,128.83702044747974,123.9248001741974,108.9248001741974,13.807842582331995,10,4.755059158291769,Scooter,Stormy,High,Metropolitian,False,0,1,0,3084.122321582402,3203.0471217565996,Aumento_Velocidade,0
pedido_3084.7678867468944_126,131.89740985108187,131.1256012850039,116.12560128500391,6.472123673993119,5,4.865313517951679,Moto,Foggy,High,Metropolitian,True,0,1,0,3084.7678867468944,3205.8934880318984,Aumento_Velocidade,0
pedido_3104.2777932098493_138,134.74100388570048,107.07612398052201,92.07612398052201,4.1514265959148275,10,4.644689622619021,Scooter,Windy,Medium,Metropolitian,False,0,0,0,3104.2777932098493,3206.3539171903712,Rota_Reduzida,1
pedido_3100.6034436248765_135,131.55356453290258,115.12014908875702,100.12014908875702,13.106867500157037,10,4.619532310020305,Moto,Stormy,High,Metropolitian,True,0,1,0,3100.6034436248765,3210.7235927136335,Aumento_Velocidade,0
pedido_3168.6984219358737_189,60.59208577968293,53.629009042842426,38.629009042842426,15.430240322605243,5,4.399388214109898,Moto,Stormy,High,Metropolitian,True,1,1,0,3168.6984219358737,3212.327430978716,Aumento_Velocidade,1
pedido_3118.027916920076_147,129.24966641487262,102.85986018086787,87.85986018086787,7.529144805787171,10,4.65565393591869,Scooter,Foggy,Jam,Urban,False,0,1,0,3118.027916920076,3215.8877771009443,Aumento_Velocidade,1
pedido_3112.387517027102_143,127.24979815619531,106.96290059197872,91.96290059197872,4.689452540692992,15,4.8906326410619645,Moto,Stormy,High,Urban,False,0,1,0,3112.387517027102,3219.350417619081,Aumento_Velocidade,0
pedido_3097.8587449970187_132,138.08654739218676,126.54448567554851,111.54448567554851,11.475942393705342,10,4.936400451330025,Moto,Stormy,Jam,Metropolitian,True,0,1,0,3097.8587449970187,3219.403230672567,Aumento_Velocidade,0
pedido_3099.746357539614_133,131.66418612241665,127.0144924211616,112.0144924211616,20.61220635802886,10,4.774138668480337,Scooter,Stormy,Medium,Other,True,0,0,0,3099.746357539614,3221.760849960776,Rota_Reduzida,0
pedido_3103.5481413631383_137,140.62532249415523,129.95566632848366,114.95566632848366,11.149648228194415,5,4.691461351313427,Moto,Sandstorms,Jam,Urban,False,0,1,0,3103.5481413631383,3223.503807691622,Aumento_Velocidade,0
pedido_3134.904837596383_162,110.66843159387933,89.78251840694517,74.78251840694517,12.033823073575274,15,4.841573949407149,Scooter,Sunny,Jam,Metropolitian,False,0,1,1,3134.904837596383,3224.687356003328,Aumento_Velocidade,1
pedido_3173.4069876268936_192,43.58200232967063,41.566455321324995,41.566455321324995,6.541479070127769,10,4.881542405435999,Moto,Foggy,High,Urban,True,1,1,0,3173.4069876268936,3224.9734429482187,Nenhuma,1
pedido_3088.1489694486286_127,149.2246576811014,137.80695744487468,122.80695744487468,14.771100996618669,15,4.803587553620095,Moto,Foggy,Jam,Urban,False,0,1,0,3088.1489694486286,3225.955926893503,Aumento_Velocidade,0
pedido_3108.5326243331906_142,133.6498219893802,130.37333441815693,115.37333441815693,12.154694900120491,5,4.822897949288105,Scooter,Sandstorms,High,Urban,False,0,1,0,3108.5326243331906,3228.9059587513475,Aumento_Velocidade,0
pedido_3167.494462856967_187,104.48682768603697,62.37760210127783,47.37760210127783,6.756587223968757,15,4.453789254984818,Moto,Sunny,High,Metropolitian,True,0,1,1,3167.494462856967,3229.8720649582447,Aumento_Velocidade,1
pedido_3099.8506527093764_134,141.74137388847703,132.1407915433162,117.1407915433162,12.699910833272597,15,4.747892148486432,Moto,Sandstorms,Jam,Urban,True,0,1,0,3099.8506527093764,3231.9914442526924,Aumento_Velocidade,0
pedido_3131.458870468536_158,103.1924625520193,86.32673507151004,86.32673507151004,15.382524063356112,15,4.859477053001214,Scooter,Windy,Low,Metropolitian,False,0,0,0,3131.458870468536,3232.785605540046,Nenhuma,1
pedido_3120.3927736998667_148,134.1554627650212,123.93728136810134,108.93728136810134,4.729089833246058,5,4.47037720339938,Moto,Sandstorms,Medium,Metropolitian,False,0,0,0,3120.3927736998667,3234.330055067968,Rota_Reduzida,0
pedido_3147.7188371631883_170,101.22283965988579,88.69148636433532,73.69148636433532,8.333255045373615,15,4.483459865859224,Moto,Sunny,Jam,Metropolitian,True,0,1,1,3147.7188371631883,3236.4103235275234,Aumento_Velocidade,1
pedido_3088.729762537123_128,172.79551975256095,158.21563416620256,143.21563416620256,2.118470900217024,5,4.431719450611326,Moto,Stormy,High,Urban,True,0,1,0,3088.729762537123,3236.9453967033255,Aumento_Velocidade,0
pedido_3113.0938911350927_145,130.3229842711921,131.56175453000355,116.56175453000355,11.597153315041254,10,4.917609952752333,Moto,Stormy,High,Urban,False,0,1,0,3113.0938911350927,3239.655645665096,Aumento_Velocidade,0
pedido_3128.1308994092774_154,127.0044567968632,118.87299734301658,103.87299734301658,2.0909992513046793,10,4.924516417731686,Moto,Windy,Jam,Metropolitian,False,0,1,0,3128.1308994092774,3242.003896752294,Aumento_Velocidade,0
pedido_3139.107705329127_165,132.93006195174848,102.9273925353954,87.9273925353954,17.041498047614354,15,4.534201615601608,Moto,Windy,High,Metropolitian,False,0,1,0,3139.107705329127,3242.0350978645224,Aumento_Velocidade,1
pedido_3062.4231073143937_112,195.46203131108004,181.80041443675975,166.80041443675975,1.587877203336887,15,4.356337308970051,Moto,Sunny,High,Metropolitian,True,0,1,1,3062.4231073143937,3244.2235217511534,Aumento_Velocidade,0
pedido_3155.078625121747_180,102.54642628232499,85.67999353040905,85.67999353040905,10.53782242370587,5,4.716277080935002,Moto,Stormy,Low,Metropolitian,False,0,0,0,3155.078625121747,3245.7586186521557,Nenhuma,1
pedido_3137.6824363777396_164,132.66127173357367,118.97466577775496,103.97466577775496,6.180977527262048,5,4.481866111491505,Moto,Stormy,Medium,Urban,False,0,0,0,3137.6824363777396,3246.6571021554946,Rota_Reduzida,0
pedido_3120.926191320257_149,141.5803288898098,132.37597776873454,117.37597776873454,18.863584967241806,10,4.471644706933056,Scooter,Windy,Jam,Metropolitian,True,0,1,0,3120.926191320257,3248.302169088992,Aumento_Velocidade,0
pedido_3134.7561669571865_161,135.43715909684298,109.17734897844582,109.17734897844582,7.460077295293844,5,4.896257666212703,Van,Windy,Medium,Urban,False,0,0,0,3134.7561669571865,3248.9335159356324,Nenhuma,1
pedido_3129.7033237376004_157,131.97622244426435,121.8337704971513,106.8337704971513,2.6699218206058433,15,4.887391559693616,Moto,Foggy,High,Metropolitian,True,0,1,0,3129.7033237376004,3251.5370942347517,Aumento_Velocidade,0
pedido_3143.696048405411_167,129.76486193434457,113.33761837391424,98.33761837391424,15.913628085956892,10,4.620767298190374,Moto,Stormy,High,Urban,False,0,1,0,3143.696048405411,3252.0336667793254,Aumento_Velocidade,0
pedido_3152.8935837687277_177,98.17959385598225,86.34389144663585,86.34389144663585,8.641886015055071,15,4.864220452818662,Scooter,Foggy,Low,Urban,False,0,0,0,3152.8935837687277,3254.2374752153637,Nenhuma,1
pedido_3150.282314624156_173,129.76486193434457,115.42376391557451,100.42376391557451,16.283428850055603,5,4.5639369930948375,Moto,Stormy,High,Metropolitian,False,0,1,0,3150.282314624156,3255.7060785397302,Aumento_Velocidade,0
pedido_3147.823406422163_171,128.86708058067612,118.44766154293704,103.44766154293704,1.3520911955803037,5,4.688994565576809,Moto,Stormy,High,Metropolitian,True,0,1,0,3147.823406422163,3256.2710679651,Aumento_Velocidade,0
pedido_3179.625323533292_194,98.09455266861596,77.67584953385482,62.675849533854816,5.7684030798289765,15,4.7460594393253706,Scooter,Sunny,High,Metropolitian,False,0,1,1,3179.625323533292,3257.301173067147,Aumento_Velocidade,1
pedido_3153.6007229699544_178,130.34479915002595,115.77707846237283,100.77707846237283,9.449704827517944,5,4.459273886159575,Scooter,Windy,Jam,Metropolitian,False,0,1,0,3153.6007229699544,3259.377801432327,Aumento_Velocidade,0
pedido_3127.3595002894176_152,135.35273384526806,142.12968239498716,127.12968239498716,15.739380439038639,5,4.826055059381002,Scooter,Windy,Medium,Metropolitian,False,0,0,0,3127.3595002894176,3259.4891826844046,Rota_Reduzida,0
pedido_3137.676230458166_163,133.4092062259366,132.15916133448098,117.15916133448098,13.965808878492524,5,4.884527204474152,Moto,Stormy,Jam,Urban,False,0,1,0,3137.676230458166,3259.835391792647,Aumento_Velocidade,0
pedido_3153.6173526597995_179,95.31184662123282,91.54245498026798,91.54245498026798,1.9825249705374142,15,4.679529679916708,Van,Sunny,High,Metropolitian,False,0,1,1,3153.6173526597995,3260.1598076400674,Nenhuma,1
pedido_3151.0243908395587_174,102.95583605120125,107.32476332464788,107.32476332464788,6.47794308045809,5,4.717545180860321,Scooter,Stormy,Low,Metropolitian,False,0,0,0,3151.0243908395587,3263.3491541642065,Nenhuma,1
pedido_3115.8559117295617_146,134.68446683212727,133.40247036529263,133.40247036529263,15.826612465093168,15,4.557036299270926,Van,Sandstorms,High,Metropolitian,False,0,1,0,3115.8559117295617,3264.2583820948544,Nenhuma,0
pedido_3133.396893695783_160,140.35686026284702,141.85771755690735,126.85771755690735,17.58749788607992,5,5.0,Scooter,Stormy,Jam,Metropolitian,True,0,1,0,3133.396893695783,3265.2546112526907,Aumento_Velocidade,0
pedido_3148.3716956921276_172,132.54464392905672,117.17273546331515,102.17273546331515,6.895597589009256,15,4.717648977005903,Moto,Windy,High,Urban,False,0,1,0,3148.3716956921276,3265.544431155443,Aumento_Velocidade,0
pedido_3167.6188376295086_188,107.59882258940539,87.95276640039827,87.95276640039827,10.353220250840497,10,4.484823545533878,Van,Sunny,High,Metropolitian,True,0,1,1,3167.6188376295086,3265.5716040299067,Nenhuma,1
pedido_3081.9804233062264_123,200.66929266040495,189.3936271676449,174.3936271676449,15.475598789747426,10,4.43936504416174,Scooter,Stormy,Jam,Metropolitian,False,0,1,0,3081.9804233062264,3266.374050473871,Aumento_Velocidade,0
pedido_3152.118913340856_176,125.73378504302666,124.78680990415722,109.78680990415722,7.934249623459985,5,4.708182324523744,Scooter,Foggy,Medium,Metropolitian,False,0,0,0,3152.118913340856,3266.905723245013,Rota_Reduzida,0
pedido_3126.778434718278_151,133.97566805035234,153.4462507067383,138.4462507067383,16.018560842108155,5,4.4593017055362285,Scooter,Stormy,Medium,Metropolitian,False,0,0,0,3126.778434718278,3270.224685425016,Rota_Reduzida,0
pedido_3193.2844578890017_204,99.19809240637706,82.02415458097107,67.02415458097107,7.7385557660102675,10,4.923176554032457,Moto,Sunny,Jam,Metropolitian,False,0,1,1,3193.2844578890017,3270.308612469973,Aumento_Velocidade,1
pedido_3169.700472930129_190,102.91187774601563,96.4082268174897,96.4082268174897,7.369075422873731,5,4.520537884459233,Moto,Windy,Low,Metropolitian,True,0,0,0,3169.700472930129,3271.1086997476186,Nenhuma,1
pedido_3173.2040372715346_191,99.96134821322117,84.59672478446323,84.59672478446323,5.851965069702263,15,4.6713142897035285,Moto,Foggy,Low,Metropolitian,False,0,0,0,3173.2040372715346,3272.800762055998,Nenhuma,1
pedido_3144.6625748135107_168,141.9308575198485,133.70834035757187,118.70834035757187,16.183560273813967,10,4.988895010587728,Moto,Sandstorms,Jam,Metropolitian,False,0,1,0,3144.6625748135107,3273.3709151710827,Aumento_Velocidade,0
pedido_3163.5401934045253_183,130.8686971450178,110.2935438895503,95.2935438895503,6.196786624884151,15,4.469658766181575,Moto,Sandstorms,High,Metropolitian,False,0,1,0,3163.5401934045253,3273.8337372940755,Aumento_Velocidade,0
pedido_3163.2376473357417_182,133.18459838649693,115.68898434904602,100.68898434904602,2.705594832541505,10,4.859984892052408,Moto,Windy,Medium,Metropolitian,False,0,0,0,3163.2376473357417,3273.926631684788,Rota_Reduzida,0
pedido_3190.2192598128654_200,102.2646526770648,84.41708798695272,69.41708798695272,13.957712384960368,15,4.579665203142336,Moto,Sunny,High,Urban,False,0,1,1,3190.2192598128654,3274.636347799818,Aumento_Velocidade,1
pedido_3129.223877905744_156,173.1316405321064,156.49314911670973,141.49314911670973,4.024683091601226,5,4.330198360897961,Scooter,Stormy,Jam,Metropolitian,True,0,1,0,3129.223877905744,3275.7170270224537,Aumento_Velocidade,0
pedido_3112.727252669936_144,169.6661095442635,176.67278350440517,161.67278350440517,16.52614863271149,5,4.39136950802633,Moto,Sunny,Medium,Metropolitian,False,0,0,1,3112.727252669936,3279.4000361743415,Rota_Reduzida,0
pedido_3207.4709935030614_212,95.7534846130962,77.72127333403284,62.721273334032844,9.058184605056987,10,5.0,Moto,Sunny,High,Metropolitian,False,0,1,1,3207.4709935030614,3280.1922668370944,Aumento_Velocidade,1
pedido_3174.781752672046_193,136.87032076315958,127.20362142875166,112.20362142875166,11.872108858222738,5,4.6376205834965125,Moto,Sandstorms,Medium,Metropolitian,False,0,0,0,3174.781752672046,3291.985374100798,Rota_Reduzida,0
pedido_3179.998874674187_195,99.45875908602937,102.30071692628101,102.30071692628101,6.050709574697475,10,4.830005685329365,Van,Foggy,Low,Urban,False,0,0,0,3179.998874674187,3292.299591600468,Nenhuma,1
pedido_3164.7525614346528_185,129.7674206134111,141.4570919655069,126.45709196550689,6.016065689895238,5,4.770415060123846,Moto,Foggy,Jam,Metropolitian,False,0,1,0,3164.7525614346528,3296.20965340016,Aumento_Velocidade,0
pedido_3163.9969105733717_184,134.50379922155054,122.34611999027416,122.34611999027416,3.0788555555791675,10,5.0,Van,Windy,High,Metropolitian,False,0,1,0,3163.9969105733717,3296.3430305636457,Nenhuma,0
pedido_3202.492194321453_210,101.62886116662526,104.2982936564996,89.2982936564996,12.874241129442183,5,4.6678658789842515,Scooter,Sunny,High,Urban,False,0,1,1,3202.492194321453,3296.7904879779526,Aumento_Velocidade,1
pedido_3190.726936828647_201,98.09933056167998,98.7559196680832,98.7559196680832,1.482097369734106,10,4.66294018039709,Scooter,Foggy,Low,Urban,True,0,0,0,3190.726936828647,3299.48285649673,Nenhuma,1
pedido_3167.2583200274003_186,134.47562286298506,137.6013720291552,122.60137202915519,10.546747436463445,10,4.940245522790618,Scooter,Stormy,Medium,Urban,False,0,0,0,3167.2583200274003,3299.8596920565556,Rota_Reduzida,0
pedido_3219.410101671636_219,101.29554141607021,87.90424487252122,72.90424487252122,16.318854717268838,10,4.941675066530581,Moto,Sunny,High,Urban,False,0,1,1,3219.410101671636,3302.314346544157,Aumento_Velocidade,1
pedido_3210.811467554567_213,100.08347468573285,96.8911096937291,81.8911096937291,0.04618823434589636,10,4.507947896599893,Moto,Sunny,High,Urban,False,0,1,1,3210.811467554567,3302.702577248296,Aumento_Velocidade,1
pedido_3151.703188215539_175,140.65004126319144,162.74593495944848,147.74593495944848,16.71860699232054,5,4.76956856584253,Moto,Foggy,High,Metropolitian,False,0,1,0,3151.703188215539,3304.449123174987,Aumento_Velocidade,0
pedido_3197.3187006504477_207,103.48216297762329,107.8732062094059,92.8732062094059,13.880064791508413,15,4.810043985197041,Moto,Sunny,High,Urban,True,0,1,1,3197.3187006504477,3305.1919068598536,Aumento_Velocidade,0
pedido_3181.3087940836967_196,134.0510738617631,138.84658087245276,123.84658087245276,17.666458782445066,5,4.788008837199865,Moto,Stormy,Jam,Metropolitian,False,0,1,0,3181.3087940836967,3310.1553749561494,Aumento_Velocidade,0
pedido_3252.1844403554587_235,94.87554004418845,69.23760835805402,54.23760835805402,2.491289326419942,5,4.874503256609463,Moto,Sunny,High,Metropolitian,False,0,1,1,3252.1844403554587,3311.4220487135126,Aumento_Velocidade,1
pedido_3184.590070552186_197,127.3462088301406,113.12737774299126,113.12737774299126,15.889891487392624,15,4.980071899439774,Van,Stormy,Jam,Other,False,0,1,0,3184.590070552186,3312.717448295177,Nenhuma,0
pedido_3232.665004799034_227,97.01961496543177,91.35005421396963,76.35005421396963,0.0,5,5.0,Moto,Sunny,High,Metropolitian,False,0,1,1,3232.665004799034,3314.0150590130033,Aumento_Velocidade,1
pedido_3159.499578055409_181,177.36352387539392,160.41525061146274,145.41525061146274,2.7662479028968927,10,4.412246626736805,Moto,Foggy,High,Metropolitian,False,0,1,0,3159.499578055409,3314.914828666872,Aumento_Velocidade,0
pedido_3215.697973056623_216,132.82313502095025,99.45948518458033,84.45948518458033,11.621385755024196,15,4.500450890199325,Scooter,Windy,High,Metropolitian,False,0,1,0,3215.697973056623,3315.1574582412036,Aumento_Velocidade,1
pedido_3223.459506635044_223,94.2708500214489,87.31612537235999,87.31612537235999,1.6948042651745148,5,4.727636037300526,Van,Sunny,Medium,Metropolitian,False,0,0,1,3223.459506635044,3315.775632007404,Nenhuma,1
pedido_3146.692417029238_169,177.86948640883256,170.18257455205796,155.18257455205796,4.405499602669947,15,4.347153591880703,Moto,Foggy,High,Metropolitian,False,0,1,0,3146.692417029238,3316.874991581296,Aumento_Velocidade,0
pedido_3219.316885590908_218,132.49178708564946,109.99395052378561,94.99395052378561,6.03696629079812,5,4.987704128625058,Moto,Windy,High,Metropolitian,False,0,1,0,3219.316885590908,3319.3108361146938,Aumento_Velocidade,1
pedido_3219.2595166725196_217,103.9043648249769,95.31661157199784,95.31661157199784,11.276227913864034,5,4.678605885182211,Scooter,Stormy,Low,Urban,False,0,0,0,3219.2595166725196,3319.5761282445173,Nenhuma,1
pedido_3199.0514260962846_208,109.05416205221078,120.72804381765428,105.72804381765428,14.664107066662838,15,4.478309303449226,Moto,Sunny,High,Metropolitian,True,0,1,1,3199.0514260962846,3319.779469913939,Aumento_Velocidade,0
pedido_3211.0234345799763_214,135.28090545340757,113.83091510159899,98.83091510159899,10.701177945816305,10,4.751783553389078,Scooter,Stormy,Medium,Metropolitian,True,0,0,0,3211.0234345799763,3319.8543496815755,Rota_Reduzida,0
pedido_3202.0238720863563_209,135.46458513598387,117.83286386984037,102.83286386984037,16.453497729719214,15,4.544036474885308,Moto,Sandstorms,High,Metropolitian,False,0,1,0,3202.0238720863563,3319.8567359561966,Aumento_Velocidade,0
pedido_3191.2287658816485_202,131.87860001868043,135.00668229222993,120.00668229222993,10.02830938997927,10,4.476967109518598,Moto,Stormy,Jam,Urban,False,0,1,0,3191.2287658816485,3321.2354481738785,Aumento_Velocidade,0
pedido_3214.3388440500453_215,120.86160604060369,96.97027116589862,96.97027116589862,12.376406571948099,10,4.910310693975965,Scooter,Sunny,Low,Metropolitian,False,0,0,1,3214.3388440500453,3321.309115215944,Nenhuma,1
pedido_3270.849199028437_251,46.41626159120593,43.42600053242302,43.42600053242302,9.217205268327435,10,4.9822513874452925,Moto,Sandstorms,High,Metropolitian,True,1,1,0,3270.849199028437,3324.27519956086,Nenhuma,1
pedido_3194.3816229150243_205,128.58254603893351,143.43739359568684,128.43739359568684,6.1835010926536045,5,4.5449782804938526,Scooter,Windy,Jam,Metropolitian,True,0,1,0,3194.3816229150243,3327.819016510711,Aumento_Velocidade,0
pedido_3129.168296823605_155,197.0204440413701,192.5244580257489,192.5244580257489,15.733552431263641,10,4.296698468648556,Van,Sandstorms,Jam,Metropolitian,False,0,1,0,3129.168296823605,3331.692754849354,Nenhuma,0
pedido_3187.8853319059936_198,140.87408145719994,128.810080864473,128.810080864473,11.724720966184387,15,4.660523836763673,Van,Sandstorms,Jam,Urban,False,0,1,0,3187.8853319059936,3331.6954127704666,Nenhuma,0
pedido_3237.861014390454_228,103.75110453651791,84.93424015409447,84.93424015409447,16.293903532305404,10,4.475345772604001,Scooter,Stormy,Low,Metropolitian,False,0,0,0,3237.861014390454,3332.7952545445482,Nenhuma,1
pedido_3220.74709775905_221,135.35169549841987,123.01858958669536,108.01858958669536,5.645788406222675,5,4.77097709206544,Moto,Sandstorms,Medium,Metropolitian,False,0,0,0,3220.74709775905,3333.7656873457454,Rota_Reduzida,0
pedido_3203.010249718542_211,149.9666856494418,131.77072908800992,116.77072908800992,11.898147263597311,15,4.669725090727438,Moto,Foggy,Jam,Metropolitian,False,0,1,0,3203.010249718542,3334.780978806552,Aumento_Velocidade,0
pedido_3227.806887063352_225,133.02963930756187,119.06531068762365,104.06531068762365,11.399784401168697,5,4.669590928569471,Scooter,Windy,High,Metropolitian,False,0,1,0,3227.806887063352,3336.872197750976,Aumento_Velocidade,0
pedido_3246.4545268404136_233,109.04725505516431,101.0178783801317,86.0178783801317,14.596448606864694,5,4.880598260069151,Scooter,Sunny,Jam,Metropolitian,False,0,1,1,3246.4545268404136,3337.472405220545,Aumento_Velocidade,1
pedido_3142.050097235794_166,202.76695262247145,206.82032147543188,191.82032147543188,16.383940860779333,5,4.409813383134001,Scooter,Foggy,Jam,Urban,False,0,1,0,3142.050097235794,3338.8704187112257,Aumento_Velocidade,0
pedido_3245.591124681823_231,110.05350976389829,98.22011099312358,83.22011099312358,14.52748803979368,15,4.687557190633416,Scooter,Sunny,Jam,Metropolitian,False,0,1,1,3245.591124681823,3343.8112356749466,Aumento_Velocidade,1
pedido_3220.588675352558_220,134.7971466556775,129.783697523888,114.78369752388801,5.3746065174764315,10,5.0,Scooter,Foggy,High,Metropolitian,True,0,1,0,3220.588675352558,3345.3723728764458,Aumento_Velocidade,0
pedido_3230.9196858802625_226,131.10782984051733,116.40316174220735,101.40316174220735,8.948024674718889,15,4.550151251936018,Moto,Foggy,Jam,Metropolitian,False,0,1,0,3230.9196858802625,3347.32284762247,Aumento_Velocidade,0
pedido_3196.603827970611_206,174.09773532683676,151.40849450489577,136.40849450489577,7.222777865489849,15,4.35984013652718,Moto,Stormy,High,Metropolitian,True,0,1,0,3196.603827970611,3348.0123224755066,Aumento_Velocidade,0
pedido_3189.4664312900363_199,172.35568244906355,168.64328349890775,153.64328349890775,6.5097851813514325,5,4.427968157153512,Scooter,Windy,Medium,Metropolitian,True,0,0,0,3189.4664312900363,3348.109714788944,Rota_Reduzida,0
pedido_3192.6054168527908_203,177.38304955021198,157.49450938407062,142.49450938407062,6.066314480673736,15,4.311676972804877,Scooter,Sandstorms,High,Metropolitian,True,0,1,0,3192.6054168527908,3350.0999262368614,Aumento_Velocidade,0
pedido_3247.3372149278525_234,105.32729072206953,98.92298592939136,98.92298592939136,17.344555197263723,5,4.731008429524849,Scooter,Sandstorms,Low,Metropolitian,True,0,0,0,3247.3372149278525,3351.260200857244,Nenhuma,1
pedido_3278.257520389061_254,94.34577866027905,78.78617042706723,63.78617042706723,8.971776582020839,10,4.796671567583745,Moto,Sunny,High,Metropolitian,False,0,1,1,3278.257520389061,3352.043690816128,Aumento_Velocidade,1
pedido_3264.650116175409_246,101.99006422730132,95.1624954388124,80.1624954388124,16.612667583431826,15,4.8298473879862405,Moto,Sunny,High,Metropolitian,False,0,1,1,3264.650116175409,3359.8126116142216,Aumento_Velocidade,1
pedido_3263.696359964783_245,135.81637605352512,97.01865833811729,82.01865833811729,12.411899727592044,15,4.716041545007905,Moto,Windy,High,Metropolitian,True,0,1,0,3263.696359964783,3360.7150183029003,Aumento_Velocidade,1
pedido_3268.0869809738742_249,127.25209486713152,103.16930393330348,88.16930393330348,4.590208629671887,10,4.645394261819435,Moto,Stormy,High,Metropolitian,False,0,1,0,3268.0869809738742,3366.256284907178,Aumento_Velocidade,1
pedido_3257.129068368137_239,131.95979834333633,119.91973037529297,104.91973037529297,8.391508082161401,5,4.868733301317449,Moto,Windy,High,Urban,False,0,1,0,3257.129068368137,3367.04879874343,Aumento_Velocidade,0
pedido_3252.208038303013_236,138.0804778373156,122.32486284013655,107.32486284013655,15.044056283007688,10,4.682832791744597,Moto,Windy,Medium,Metropolitian,True,0,0,0,3252.208038303013,3369.5329011431495,Rota_Reduzida,0
pedido_3240.119177373614_229,132.5890508583103,131.3442318480209,116.34423184802091,14.000739183997482,15,4.589082938692053,Scooter,Windy,High,Metropolitian,False,0,1,0,3240.119177373614,3371.463409221635,Aumento_Velocidade,0
pedido_3259.350236385489_241,131.87216154762902,117.58989307608594,102.58989307608594,8.960415183353351,10,4.487040935511426,Scooter,Windy,High,Metropolitian,False,0,1,0,3259.350236385489,3371.940129461575,Aumento_Velocidade,0
pedido_3261.092690832486_242,130.53914308432832,124.50468189929444,109.50468189929444,5.803499653386519,5,4.616128213065899,Moto,Windy,High,Urban,False,0,1,0,3261.092690832486,3375.5973727317805,Aumento_Velocidade,0
pedido_3266.20950193243_247,124.42472360527034,115.80324415017742,100.80324415017742,4.0070991998279775,10,4.757332222000948,Moto,Foggy,Medium,Urban,True,0,0,0,3266.20950193243,3377.0127460826075,Rota_Reduzida,0
pedido_3258.94624682051_240,139.95002652794182,128.7117018055714,113.71170180557141,10.53743952432945,5,4.78919144289677,Moto,Foggy,High,Urban,False,0,1,0,3258.94624682051,3377.6579486260816,Aumento_Velocidade,0
pedido_3262.5339312669084_243,131.11204294847545,121.33275988417091,106.33275988417091,13.5135913649174,10,4.516767438700711,Moto,Stormy,High,Metropolitian,False,0,1,0,3262.5339312669084,3378.8666911510795,Aumento_Velocidade,0
pedido_3283.573560038665_257,135.5685020395851,97.94413347764812,82.94413347764812,10.695282887539438,15,4.652792183572963,Moto,Stormy,Jam,Urban,False,0,1,0,3283.573560038665,3381.517693516313,Aumento_Velocidade,1
pedido_3324.6334996436867_280,50.55002884177821,41.945300961894745,41.945300961894745,17.32261681781278,15,4.754586703269358,Scooter,Sandstorms,Medium,Metropolitian,True,1,0,0,3324.6334996436867,3381.5788006055814,Nenhuma,1
pedido_3291.046128615614_261,112.36431529147616,95.89361066391686,80.89361066391686,14.998054903972971,10,4.482280331392903,Moto,Sunny,Jam,Metropolitian,False,0,1,1,3291.046128615614,3381.939739279531,Aumento_Velocidade,1
pedido_3281.2750265559775_256,133.4276074477385,102.20306480947853,87.20306480947853,3.727098354476585,15,4.709467816487663,Moto,Stormy,Medium,Metropolitian,False,0,0,0,3281.2750265559775,3383.4780913654563,Rota_Reduzida,1
pedido_3224.5317765477453_224,169.6661095442635,170.31997471604123,155.31997471604123,16.38697660282105,5,4.35811276772082,Moto,Sunny,Medium,Urban,False,0,0,1,3224.5317765477453,3384.8517512637864,Rota_Reduzida,0
pedido_3257.084529740217_238,128.11277391432864,132.89629424328152,117.89629424328152,4.890257349945573,10,4.628586620440312,Scooter,Foggy,Medium,Urban,False,0,0,0,3257.084529740217,3384.9808239834983,Rota_Reduzida,0
pedido_3314.2708801501194_274,101.76443878345056,77.07034552928519,62.07034552928519,16.59509627927272,10,4.730791491885347,Moto,Sunny,High,Metropolitian,False,0,1,1,3314.2708801501194,3386.3412256794045,Aumento_Velocidade,1
pedido_3269.2487864615423_250,131.6635863367043,117.45317260432108,102.45317260432108,9.6902602390198,15,4.4651005989708255,Scooter,Windy,High,Metropolitian,False,0,1,0,3269.2487864615423,3386.7019590658633,Aumento_Velocidade,0
pedido_3246.2413590022065_232,173.23539447770872,141.7027659266314,126.7027659266314,0.0,15,4.274820644686529,Scooter,Windy,Medium,Metropolitian,False,0,0,0,3246.2413590022065,3387.944124928838,Rota_Reduzida,0
pedido_3287.9851426445402_259,98.96454866059408,112.41680012032818,97.41680012032818,4.24168354985634,5,4.813646650662959,Moto,Sunny,Jam,Urban,False,0,1,1,3287.9851426445402,3390.4019427648686,Aumento_Velocidade,1
pedido_3266.7722451498144_248,134.6503353003255,128.69589547457954,113.69589547457954,8.501982277555692,10,4.692322300354485,Scooter,Sandstorms,Medium,Metropolitian,False,0,0,0,3266.7722451498144,3390.468140624394,Rota_Reduzida,0
pedido_3347.281277946768_297,47.420680045066135,42.944480489756764,42.944480489756764,22.046490285459658,5,4.881871635010743,Moto,Windy,Jam,Urban,False,1,1,0,3347.281277946768,3395.2257584365248,Nenhuma,1
pedido_3272.000066366838_252,132.5897805730476,133.61532969426057,118.61532969426057,0.29568915449474886,5,4.752036490388214,Moto,Foggy,High,Metropolitian,True,0,1,0,3272.000066366838,3395.6153960610986,Aumento_Velocidade,0
pedido_3262.6468414148244_244,135.13450307916298,143.76526395383758,128.76526395383758,13.643456192052506,5,4.963370944854227,Moto,Sandstorms,High,Metropolitian,False,0,1,0,3262.6468414148244,3396.412105368662,Aumento_Velocidade,0
pedido_3284.766873370876_258,108.82523092028823,101.64962917469998,101.64962917469998,10.49138120712157,10,5.0,Scooter,Foggy,Low,Metropolitian,False,0,0,0,3284.766873370876,3396.416502545576,Nenhuma,1
pedido_3302.896035029424_268,133.90172800947948,100.75057452653976,85.75057452653976,5.965732617902904,10,4.648503113773725,Moto,Foggy,High,Metropolitian,False,0,1,0,3302.896035029424,3398.646609555964,Aumento_Velocidade,1
pedido_3303.0553881612122_269,99.25953004060266,103.44875100741629,88.44875100741629,5.1075588956242,10,4.849406480471471,Scooter,Sunny,High,Metropolitian,True,0,1,1,3303.0553881612122,3401.5041391686286,Aumento_Velocidade,1
pedido_3296.1074036825644_264,134.34705410781217,114.67983120192525,99.67983120192525,6.564735354790081,10,4.584795002028096,Moto,Sandstorms,Medium,Metropolitian,False,0,0,0,3296.1074036825644,3405.7872348844894,Rota_Reduzida,0
pedido_3291.8607143175564_262,139.64141567963432,122.45638780267268,107.45638780267268,12.953275527412725,10,5.0,Moto,Windy,Medium,Metropolitian,True,0,0,0,3291.8607143175564,3409.317102120229,Rota_Reduzida,0
pedido_3321.971032273838_278,96.73320271455475,99.33450491157446,84.33450491157446,4.429920197043294,10,4.655272512123135,Scooter,Sunny,Medium,Metropolitian,True,0,0,1,3321.971032273838,3416.3055371854125,Rota_Reduzida,1
pedido_3222.501134248705_222,195.45102419306468,204.98688491624952,189.98688491624952,5.74835481897745,5,4.228175056592054,Moto,Sunny,High,Metropolitian,True,0,1,1,3222.501134248705,3417.4880191649545,Aumento_Velocidade,0
pedido_3397.315717510324_333,40.73831309356861,17.301302943909583,17.301302943909583,14.321745633036176,5,5.0,Moto,Sunny,Jam,Metropolitian,False,1,1,1,3397.315717510324,3419.617020454233,Nenhuma,1
pedido_3331.272534631927_285,97.14450234953938,93.94978486025329,78.94978486025329,4.495608742430769,10,4.876296346863052,Scooter,Sunny,High,Metropolitian,False,0,1,1,3331.272534631927,3420.2223194921803,Aumento_Velocidade,1
pedido_3288.25078509976_260,137.58065988454095,132.17913833213186,117.17913833213186,18.223981104422037,15,4.6274079752804,Scooter,Windy,Medium,Metropolitian,True,0,0,0,3288.25078509976,3420.429923431892,Rota_Reduzida,0
pedido_3241.4787487153326_230,188.90835532291848,180.51107934441671,165.51107934441671,12.649885763177476,15,4.372899596575751,Moto,Sandstorms,Medium,Metropolitian,False,0,0,0,3241.4787487153326,3421.9898280597495,Rota_Reduzida,0
pedido_3320.070821666522_277,104.6834303859763,102.14589112391049,87.14589112391049,18.686831962316425,15,4.664669545209741,Moto,Sunny,Medium,Metropolitian,False,0,0,1,3320.070821666522,3422.2167127904327,Rota_Reduzida,1
pedido_3294.380495882585_263,130.82602286753024,139.54378041426028,124.54378041426028,4.771360216618356,5,4.772560854568329,Scooter,Windy,High,Metropolitian,False,0,1,0,3294.380495882585,3423.924276296845,Aumento_Velocidade,0
pedido_3254.7454894688726_237,174.98807442861911,174.4421971064289,159.4421971064289,5.626248421323348,10,4.359707757741112,Moto,Windy,High,Metropolitian,False,0,1,0,3254.7454894688726,3424.1876865753015,Aumento_Velocidade,0
pedido_3309.834803966209_272,134.50358565486462,120.65261587340305,105.65261587340305,15.8235928877741,10,4.876604346544416,Moto,Sandstorms,High,Urban,True,0,1,0,3309.834803966209,3425.4874198396124,Aumento_Velocidade,0
pedido_3299.3097960120244_265,128.69249929414715,131.32151617843434,116.32151617843434,4.452184508094905,10,4.798407492147952,Scooter,Windy,Jam,Metropolitian,False,0,1,0,3299.3097960120244,3425.6313121904586,Aumento_Velocidade,0
pedido_3299.614579097744_266,131.51674031147215,116.30659270213117,116.30659270213117,1.2646451304365538,10,4.603764710183011,Van,Windy,High,Metropolitian,False,0,1,0,3299.614579097744,3425.921171799875,Nenhuma,0
pedido_3338.304393123734_290,102.50456598264877,90.67749569714009,75.67749569714009,4.923616695470181,15,4.4635203491331925,Scooter,Sunny,Jam,Metropolitian,True,0,1,1,3338.304393123734,3428.981888820874,Aumento_Velocidade,1
pedido_3300.574189768934_267,132.2103028226152,140.0619665557756,125.0619665557756,2.676219208189511,5,4.595767353429305,Moto,Foggy,High,Metropolitian,True,0,1,0,3300.574189768934,3430.6361563247096,Aumento_Velocidade,0
pedido_3323.671849257069_279,129.4281474653676,120.87400597616536,105.87400597616536,4.846494909333079,5,4.888411439662538,Scooter,Windy,High,Metropolitian,True,0,1,0,3323.671849257069,3434.5458552332343,Aumento_Velocidade,0
pedido_3329.2229642675916_282,122.05491356938572,110.36631465629408,95.36631465629408,3.128273969470174,10,4.549208352325051,Moto,Stormy,Jam,Metropolitian,False,0,1,0,3329.2229642675916,3434.5892789238856,Aumento_Velocidade,0
pedido_3330.7240357554183_284,110.05350976389829,114.66668818214151,99.66668818214151,14.803623462416974,5,4.7286619684925855,Moto,Sunny,Jam,Metropolitian,False,0,1,1,3330.7240357554183,3435.39072393756,Aumento_Velocidade,1
pedido_3343.7044225866402_293,135.88116446312227,102.229311015595,87.229311015595,12.924389315169405,5,4.468674581243587,Moto,Sandstorms,Medium,Metropolitian,True,0,0,0,3343.7044225866402,3435.9337336022354,Rota_Reduzida,1
pedido_3311.075860271654_273,119.91581907978278,120.16387043963705,120.16387043963705,20.12121869236352,5,4.586448131126907,Scooter,Sunny,Low,Metropolitian,False,0,0,1,3311.075860271654,3436.239730711291,Nenhuma,0
pedido_3359.599575295777_301,98.97229356687076,88.32657300399171,73.32657300399171,0.0,5,4.842203857276753,Scooter,Sunny,High,Metropolitian,True,0,1,1,3359.599575295777,3437.9261482997686,Aumento_Velocidade,1
pedido_3367.1259920344864_308,97.56480591209817,71.96601774510198,56.96601774510198,5.411593703255208,15,4.870913555767902,Scooter,Sunny,High,Metropolitian,False,0,1,1,3367.1259920344864,3439.0920097795884,Aumento_Velocidade,1
pedido_3395.5720876150644_331,34.2646968596627,34.67041672181714,34.67041672181714,9.011576743687424,10,4.684563670964527,Scooter,Foggy,Low,Metropolitian,False,1,0,0,3395.5720876150644,3440.2425043368817,Nenhuma,1
pedido_3335.431841292525_288,127.59980392749029,114.81953135074227,99.81953135074227,4.728232295124261,5,4.71972730809049,Scooter,Windy,Jam,Metropolitian,False,0,1,0,3335.431841292525,3440.251372643267,Aumento_Velocidade,1
pedido_3359.8586068835793_302,99.003947290643,94.96931278996892,79.96931278996892,3.428473645517957,5,5.0,Scooter,Sunny,High,Metropolitian,False,0,1,1,3359.8586068835793,3444.8279196735484,Aumento_Velocidade,1
pedido_3272.1218918518275_253,186.02470630166576,185.02567969470252,170.02567969470252,11.128441932928933,5,4.3997132913256225,Moto,Windy,High,Metropolitian,False,0,1,0,3272.1218918518275,3447.14757154653,Aumento_Velocidade,0
pedido_3333.8029123642154_287,129.83444989338494,114.61078821198765,99.61078821198765,2.761193341278768,15,4.518834224970869,Scooter,Sandstorms,High,Metropolitian,True,0,1,0,3333.8029123642154,3448.413700576203,Aumento_Velocidade,0
pedido_3306.8304839301973_270,132.99487182043347,147.34402924253067,132.34402924253067,5.491718877592367,10,4.895773430930382,Scooter,Foggy,High,Urban,False,0,1,0,3306.8304839301973,3449.174513172728,Aumento_Velocidade,0
pedido_3379.5185012127145_318,94.44982424601581,80.67649938364522,65.67649938364522,2.2745654548523584,5,4.817933166807918,Scooter,Sunny,Medium,Metropolitian,False,0,0,1,3379.5185012127145,3450.1950005963595,Rota_Reduzida,1
pedido_3319.633782414491_275,131.14244854585303,141.188896588733,126.188896588733,10.34526189679794,5,4.454485752402113,Moto,Stormy,High,Metropolitian,True,0,1,0,3319.633782414491,3450.822679003224,Aumento_Velocidade,0
pedido_3376.5489158082596_314,94.49594367259826,76.11656047996814,61.11656047996814,7.193258764865822,15,4.8015252159301385,Moto,Sunny,High,Metropolitian,False,0,1,1,3376.5489158082596,3452.6654762882276,Aumento_Velocidade,1
pedido_3339.121677702262_291,134.23971654931643,119.54681364249464,104.54681364249464,13.404536802603072,10,4.697937546567293,Moto,Sandstorms,High,Metropolitian,False,0,1,0,3339.121677702262,3453.6684913447566,Aumento_Velocidade,0
pedido_3339.191590151716_292,130.3063549650577,125.7535654679412,110.7535654679412,9.926690821115354,10,4.706301675702543,Moto,Stormy,Jam,Urban,False,0,1,0,3339.191590151716,3459.9451556196573,Aumento_Velocidade,0
pedido_3337.24571714494_289,139.47495165152856,129.560934854526,114.56093485452601,12.36523278971999,10,4.468286353253598,Moto,Windy,Jam,Metropolitian,False,0,1,0,3337.24571714494,3461.806651999466,Aumento_Velocidade,0
pedido_3319.643174860942_276,152.6063664783743,155.85822837680266,140.85822837680266,17.653568542864548,5,4.631233944296225,Moto,Foggy,Jam,Metropolitian,True,0,1,0,3319.643174860942,3465.501403237745,Aumento_Velocidade,0
pedido_3343.7303363957867_294,136.81698593570798,135.35628194027097,120.35628194027097,14.497463210300456,5,4.844338199036121,Moto,Sandstorms,Medium,Urban,False,0,0,0,3343.7303363957867,3469.0866183360577,Rota_Reduzida,0
pedido_3385.0326796908357_325,101.29554141607021,89.42023827236447,74.42023827236447,14.849704658609244,10,4.918525222482811,Moto,Sunny,High,Urban,False,0,1,1,3385.0326796908357,3469.4529179632,Aumento_Velocidade,1
pedido_3378.0519869222344_316,129.71323649547284,103.63394750347787,88.63394750347787,9.239177911248435,5,4.738818339804952,Moto,Stormy,High,Urban,False,0,1,0,3378.0519869222344,3471.6859344257123,Aumento_Velocidade,1
pedido_3344.32682869115_295,134.14109550680436,137.79165648570225,122.79165648570225,5.063445015394779,5,4.6228865429848645,Moto,Foggy,High,Metropolitian,False,0,1,0,3344.32682869115,3472.118485176852,Aumento_Velocidade,0
pedido_3346.0330660863347_296,141.2845186519025,131.1326155062013,116.13261550620129,13.608709330196001,10,4.609011585978267,Moto,Foggy,High,Metropolitian,False,0,1,0,3346.0330660863347,3472.1656815925357,Aumento_Velocidade,0
pedido_3332.5524348570552_286,142.9086419165717,149.667873357767,134.667873357767,11.341737826755422,5,4.85711073398864,Scooter,Sandstorms,Jam,Urban,True,0,1,0,3332.5524348570552,3472.220308214822,Aumento_Velocidade,0
pedido_3366.052468998178_306,101.68472041553154,96.80773510350477,96.80773510350477,2.896916778326459,10,5.0,Scooter,Sandstorms,Low,Metropolitian,True,0,0,0,3366.052468998178,3472.860204101683,Nenhuma,1
pedido_3279.161078668414_255,201.98823458342818,199.85308129612545,184.85308129612545,12.327856779380024,10,4.232706128969332,Scooter,Foggy,Jam,Metropolitian,False,0,1,0,3279.161078668414,3474.0141599645394,Aumento_Velocidade,0
pedido_3362.6760902075607_305,135.4921459991479,122.10771380076453,107.10771380076453,13.748960618732125,5,4.735594851081445,Moto,Sandstorms,High,Metropolitian,True,0,1,0,3362.6760902075607,3474.783804008325,Aumento_Velocidade,0
pedido_3360.8316003336495_304,130.82602286753024,114.03237003507843,99.03237003507843,4.9644947434202615,15,4.788886197363026,Scooter,Windy,High,Metropolitian,False,0,1,0,3360.8316003336495,3474.8639703687277,Aumento_Velocidade,0
pedido_3424.367633728618_353,45.807383408993665,41.26466924308133,41.26466924308133,2.766140033850567,10,4.831481433291325,Moto,Foggy,High,Metropolitian,False,1,1,0,3424.367633728618,3475.632302971699,Nenhuma,1
pedido_3429.599934510505_355,45.41911934212225,31.073380576785937,31.073380576785937,15.9860023298567,15,4.865839755030621,Moto,Foggy,High,Other,False,1,1,0,3429.599934510505,3475.673315087291,Nenhuma,1
pedido_3381.4956857775624_321,99.62715641296285,104.91791790419161,89.91791790419161,3.997082185210933,5,4.687602727835554,Moto,Sunny,High,Metropolitian,True,0,1,1,3381.4956857775624,3476.413603681754,Aumento_Velocidade,1
pedido_3367.5408706571216_309,129.7674206134111,114.31950925874786,99.31950925874786,5.516303339329255,10,4.845758883738603,Moto,Foggy,Jam,Urban,False,0,1,0,3367.5408706571216,3476.8603799158695,Aumento_Velocidade,0
pedido_3366.608305215204_307,131.63377386629992,118.1271942898199,103.1271942898199,6.3463233165523665,10,4.703963183913319,Moto,Sandstorms,High,Metropolitian,False,0,1,0,3366.608305215204,3479.7354995050237,Aumento_Velocidade,0
pedido_3356.1890240733783_299,143.97708789656033,129.7662238539213,114.7662238539213,22.30564992956569,10,4.470289150943983,Moto,Foggy,Medium,Metropolitian,False,0,0,0,3356.1890240733783,3480.9552479272998,Rota_Reduzida,0
pedido_3375.6422613043533_313,128.79591118080657,105.37897421670958,90.37897421670958,15.111604345483892,15,4.821432362096488,Moto,Stormy,High,Metropolitian,False,0,1,0,3375.6422613043533,3481.021235521063,Aumento_Velocidade,0
pedido_3371.952358480437_312,132.44060399598084,115.55005937663759,100.55005937663759,6.218348954318046,10,5.0,Scooter,Stormy,High,Metropolitian,False,0,1,0,3371.952358480437,3482.5024178570748,Aumento_Velocidade,0
pedido_3360.3064141938075_303,137.1053797399156,113.18730967864052,113.18730967864052,6.421894764822472,10,5.0,Van,Sandstorms,High,Metropolitian,False,0,1,0,3360.3064141938075,3483.493723872448,Nenhuma,0
pedido_3350.9776819199988_298,140.4871397671035,142.5357899166933,127.53578991669329,15.920838457712337,5,4.81667238351355,Moto,Foggy,High,Metropolitian,False,0,1,0,3350.9776819199988,3483.513471836692,Aumento_Velocidade,0
pedido_3327.0772991404183_281,169.600507757931,162.4966166790695,147.4966166790695,0.0,10,4.230535059926637,Moto,Sandstorms,Medium,Metropolitian,False,0,0,0,3327.0772991404183,3484.573915819488,Rota_Reduzida,0
pedido_3371.172819080725_311,127.62446094524606,114.21401852536914,99.21401852536914,5.334122743368702,15,4.605963648816406,Moto,Stormy,Jam,Metropolitian,False,0,1,0,3371.172819080725,3485.386837606094,Aumento_Velocidade,0
pedido_3381.3432606888405_319,132.4207488357601,105.1033796767759,90.1033796767759,2.7351082287054314,15,4.909038477693848,Moto,Sandstorms,High,Urban,False,0,1,0,3381.3432606888405,3486.4466403656165,Aumento_Velocidade,0
pedido_3309.7113777962763_271,200.14082161098472,184.52732806900846,169.52732806900846,15.703525857168167,10,4.341374665883458,Moto,Stormy,Jam,Metropolitian,False,0,1,0,3309.7113777962763,3489.238705865285,Aumento_Velocidade,0
pedido_3381.482169790152_320,135.56342651820458,112.86640365915144,97.86640365915144,14.54945468831426,10,4.819409772234895,Scooter,Windy,Jam,Metropolitian,False,0,1,0,3381.482169790152,3489.3485734493033,Aumento_Velocidade,0
pedido_3357.9685988870788_300,127.78004842522951,134.90845795872264,119.90845795872264,8.240003801060585,15,4.643163973869469,Moto,Sandstorms,Jam,Metropolitian,False,0,1,0,3357.9685988870788,3492.8770568458012,Aumento_Velocidade,0
pedido_3330.5827645435797_283,186.1728709725168,165.57290404553285,150.57290404553285,14.795967756273997,15,4.399526407207221,Moto,Windy,High,Metropolitian,True,0,1,0,3330.5827645435797,3496.155668589113,Aumento_Velocidade,0
pedido_3403.1119125529253_339,101.49852080418484,104.7156597118374,89.7156597118374,13.730432012619133,5,4.752751954138803,Moto,Sunny,High,Metropolitian,False,0,1,1,3403.1119125529253,3497.8275722647627,Aumento_Velocidade,1
pedido_3460.4784242616042_368,36.95544187069137,32.90803080939898,32.90803080939898,5.107326463501475,5,4.961811150731145,Van,Sunny,High,Metropolitian,False,1,1,1,3460.4784242616042,3498.386455071003,Nenhuma,1
pedido_3385.0193626762034_324,127.63823923012603,124.36854782392916,109.36854782392916,2.120244558538427,5,4.788370299003539,Moto,Foggy,Jam,Metropolitian,False,0,1,0,3385.0193626762034,3499.3879105001324,Aumento_Velocidade,0
pedido_3398.7172652877543_336,130.91673869104713,101.08101969631156,86.08101969631156,13.65463975747555,15,4.624104588426569,Moto,Stormy,High,Urban,True,0,1,0,3398.7172652877543,3499.798284984066,Aumento_Velocidade,1
pedido_3386.5462629258195_328,132.67386381746113,123.13376766596247,108.13376766596247,0.6441175376321917,10,4.594938096994569,Moto,Stormy,Medium,Urban,False,0,0,0,3386.5462629258195,3504.680030591782,Rota_Reduzida,0
pedido_3401.1374218617552_338,111.60941219292928,108.81795720202538,93.81795720202538,13.176486044364745,10,4.591609921309038,Moto,Sunny,Jam,Metropolitian,False,0,1,1,3401.1374218617552,3504.9553790637806,Aumento_Velocidade,1
pedido_3468.6985377117985_369,45.50591214285247,26.490557110792814,26.490557110792814,3.059416097430358,10,4.535069254614992,Moto,Windy,High,Metropolitian,False,1,1,0,3468.6985377117985,3505.1890948225914,Nenhuma,1
pedido_3382.9746954637467_323,134.87988846989217,118.76169336214467,118.76169336214467,0.9467048153404543,5,4.756147430669671,Van,Foggy,High,Urban,False,0,1,0,3382.9746954637467,3506.7363888258915,Nenhuma,0
pedido_3385.889906161212_326,131.168745099724,126.76211604665588,111.76211604665588,0.0,10,4.903760289468265,Moto,Windy,High,Metropolitian,True,0,1,0,3385.889906161212,3507.652022207868,Aumento_Velocidade,0
pedido_3394.592603730413_330,128.391554293676,115.07862524746636,100.07862524746636,5.253246388760434,15,4.733099206482041,Scooter,Stormy,High,Urban,False,0,1,0,3394.592603730413,3509.6712289778793,Aumento_Velocidade,0
pedido_3396.004549322967_332,112.36431529147616,124.26358546686123,109.26358546686123,14.289683826859134,5,4.504883234351594,Scooter,Sunny,Jam,Metropolitian,False,0,1,1,3396.004549322967,3510.268134789828,Aumento_Velocidade,0
pedido_3422.997368838775_351,108.77492397150843,87.96314023122432,72.96314023122432,12.324074796485693,15,4.4901233213615575,Moto,Sunny,High,Metropolitian,True,0,1,1,3422.997368838775,3510.9605090699993,Aumento_Velocidade,1
pedido_3377.223434682892_315,134.50461558050955,133.90307320978724,118.90307320978724,11.769108033706857,15,4.5814171486664375,Moto,Sandstorms,High,Metropolitian,True,0,1,0,3377.223434682892,3511.126507892679,Aumento_Velocidade,0
pedido_3423.123150880795_352,110.19600948175723,89.31953589467979,74.31953589467979,13.049334394668929,15,4.821393734119255,Scooter,Sunny,Jam,Metropolitian,False,0,1,1,3423.123150880795,3512.4426867754746,Aumento_Velocidade,1
pedido_3378.4185043317484_317,135.9265146170439,134.55433570677485,119.55433570677485,4.272943500486013,15,4.842818284671992,Scooter,Windy,Medium,Metropolitian,True,0,0,0,3378.4185043317484,3512.9728400385234,Rota_Reduzida,0
pedido_3416.537314412024_348,97.86460107041489,96.44074071123225,81.44074071123225,7.045538141387035,15,4.821413175939097,Moto,Sunny,High,Metropolitian,True,0,1,1,3416.537314412024,3512.978055123256,Aumento_Velocidade,1
pedido_3385.954683777249_327,125.52171457328743,137.10410665482104,122.10410665482104,4.417133393859501,5,4.86983140312905,Moto,Foggy,Medium,Metropolitian,False,0,0,0,3385.954683777249,3513.05879043207,Rota_Reduzida,0
pedido_3420.800101010841_350,104.10475800927355,78.06925363859433,78.06925363859433,15.56444164643232,15,4.7021246026078805,Scooter,Sandstorms,Low,Urban,True,0,0,0,3420.800101010841,3513.8693546494355,Nenhuma,1
pedido_3397.929321659952_334,132.4947702101738,112.2997405745313,112.2997405745313,4.915585724020657,5,4.808980951599593,Van,Foggy,High,Metropolitian,True,0,1,0,3397.929321659952,3515.2290622344835,Nenhuma,1
pedido_3413.8091341081804_346,125.92965083062442,106.61610460263621,91.61610460263621,6.6380882404168835,10,4.886385952996441,Scooter,Foggy,Medium,Urban,True,0,0,0,3413.8091341081804,3515.4252387108168,Rota_Reduzida,1
pedido_3407.342959288006_343,132.37202861501478,113.80059573044781,98.80059573044781,9.042426482444943,10,4.583973751711445,Scooter,Foggy,Jam,Metropolitian,True,0,1,0,3407.342959288006,3516.1435550184538,Aumento_Velocidade,0
pedido_3403.6661458270496_341,132.09596270400462,122.53138819831447,107.53138819831447,2.0075335082063273,5,4.876650684674014,Moto,Foggy,High,Metropolitian,True,0,1,0,3403.6661458270496,3516.197534025364,Aumento_Velocidade,0
pedido_3398.239156012925_335,132.63720583415972,123.0416582443763,108.0416582443763,6.600383860015635,10,4.4668529482784445,Moto,Stormy,Medium,Metropolitian,False,0,0,0,3398.239156012925,3516.2808142573012,Rota_Reduzida,0
pedido_3367.939437223205_310,177.08707340720824,155.1981178546675,135.1981178546675,9.364247799546447,15,4.414732093715342,Moto,Sunny,High,Other,True,0,1,1,3367.939437223205,3518.1375550778725,Rota_Reduzida,0
pedido_3412.2153192225373_344,131.17543558104174,111.12596294253638,96.12596294253638,0.9938880266785217,15,4.495967680227225,Scooter,Sandstorms,High,Metropolitian,True,0,1,0,3412.2153192225373,3523.3412821650736,Aumento_Velocidade,0
pedido_3403.224528642987_340,139.70864792478278,121.13146352916885,106.13146352916885,11.542586262433133,15,4.455399544482291,Moto,Stormy,Jam,Metropolitian,False,0,1,0,3403.224528642987,3524.3559921721558,Aumento_Velocidade,0
pedido_3450.2212842960816_364,96.50512772727818,84.25709352208158,64.25709352208158,9.231491829734981,10,4.683243951727171,Moto,Sunny,High,Other,True,0,1,1,3450.2212842960816,3524.478377818163,Rota_Reduzida,1
pedido_3413.6478571938774_345,132.45494149107452,119.24580068212441,104.24580068212441,9.699385120072911,10,5.0,Moto,Foggy,Medium,Metropolitian,True,0,0,0,3413.6478571938774,3527.8936578760017,Rota_Reduzida,0
pedido_3430.4582062938757_356,103.38541914610983,103.84050895705306,88.84050895705306,16.940331662302302,10,4.894345954634753,Moto,Sunny,Medium,Metropolitian,False,0,0,1,3430.4582062938757,3529.2987152509286,Rota_Reduzida,1
pedido_3450.806917528984_365,99.27905819169862,86.86452291728992,71.86452291728992,7.058345412699372,10,4.839291539379352,Scooter,Sunny,Jam,Metropolitian,False,0,1,1,3450.806917528984,3532.6714404462737,Aumento_Velocidade,1
pedido_3442.3582207777235_360,99.62808302081272,95.96982724560338,80.96982724560338,6.259395142570628,10,4.858022712857034,Moto,Sunny,Jam,Metropolitian,False,0,1,1,3442.3582207777235,3533.328048023327,Aumento_Velocidade,1
pedido_3436.5781834952713_358,101.52855378703214,97.74074475665093,82.74074475665093,12.06699342353323,15,4.784711370550564,Scooter,Sunny,High,Urban,False,0,1,1,3436.5781834952713,3534.3189282519224,Aumento_Velocidade,1
pedido_3400.048942864149_337,138.2762988108088,126.35359584432666,126.35359584432666,13.919708246410305,10,4.781526168746802,Van,Sandstorms,Medium,Urban,True,0,0,0,3400.048942864149,3536.4025387084757,Nenhuma,0
pedido_3418.7703358370627_349,136.27505251484777,126.33981527195044,111.33981527195044,11.01807176416976,10,4.726282811541511,Moto,Stormy,Jam,Metropolitian,False,0,1,0,3418.7703358370627,3540.1101511090133,Aumento_Velocidade,0
pedido_3459.606024274416_367,104.56763904245726,96.92788627878178,81.92788627878178,11.636482103619457,5,4.738292273687524,Scooter,Sunny,High,Metropolitian,True,0,1,1,3459.606024274416,3546.533910553198,Aumento_Velocidade,1
pedido_3382.7563517306735_322,188.33848093490133,172.9311050053303,157.9311050053303,18.37674485496393,10,4.361451865419092,Moto,Windy,Medium,Metropolitian,False,0,0,0,3382.7563517306735,3550.6874567360037,Rota_Reduzida,0
pedido_3447.4146002777006_361,131.40379734675707,103.60099949152728,88.60099949152728,7.130977847598217,15,4.9274498558164135,Moto,Windy,High,Metropolitian,False,0,1,0,3447.4146002777006,3551.0155997692277,Aumento_Velocidade,1
pedido_3496.2043524605638_382,44.2455481766102,40.54115296021814,40.54115296021814,7.5909566784560845,15,4.823197411603687,Scooter,Sandstorms,High,Metropolitian,False,1,1,0,3496.2043524605638,3551.745505420782,Nenhuma,1
pedido_3453.5582096044473_366,123.43166850328967,110.18041232640297,90.18041232640297,17.46009592113783,10,4.819495775509298,Scooter,Stormy,Jam,Other,False,0,1,0,3453.5582096044473,3553.73862193085,Rota_Reduzida,0
pedido_3470.209434366303_371,95.18733229388945,84.03563996724033,69.03563996724033,2.3994641324206927,15,4.685005496072349,Moto,Sunny,High,Metropolitian,False,0,1,1,3470.209434366303,3554.2450743335435,Aumento_Velocidade,1
pedido_3389.1821100309826_329,173.7379080856112,176.85085983140414,161.85085983140414,4.875575532509643,5,4.199977818855499,Moto,Windy,High,Metropolitian,False,0,1,0,3389.1821100309826,3556.032969862387,Aumento_Velocidade,0
pedido_3426.107418580865_354,129.87870042248824,131.39582253821732,116.39582253821732,7.6984283744792545,15,4.757457511740708,Moto,Sandstorms,High,Metropolitian,True,0,1,0,3426.107418580865,3557.5032411190823,Aumento_Velocidade,0
pedido_3406.1984510009415_342,189.6845966713503,151.35479872024158,136.35479872024158,17.374537231109112,15,4.374486969848319,Scooter,Foggy,Medium,Metropolitian,False,0,0,0,3406.1984510009415,3557.553249721183,Rota_Reduzida,0
pedido_3434.5317790149657_357,135.22660422579312,129.6341512412916,114.63415124129159,5.891905913927205,10,4.634866387456644,Moto,Stormy,Medium,Urban,False,0,0,0,3434.5317790149657,3559.165930256257,Rota_Reduzida,0
pedido_3416.1011913924726_347,144.21267593317162,155.34714591948182,140.34714591948182,12.475761736248199,5,4.909979102476391,Moto,Foggy,Medium,Metropolitian,True,0,0,0,3416.1011913924726,3561.4483373119547,Rota_Reduzida,0
pedido_3448.2200945122904_362,135.57561103949578,116.46145253494967,101.46145253494967,12.865832356320372,15,4.673113094691908,Scooter,Windy,Jam,Urban,False,0,1,0,3448.2200945122904,3564.68154704724,Aumento_Velocidade,0
pedido_3439.1397477654086_359,132.8662163156681,138.83804312686192,123.83804312686192,7.197637629312588,5,4.538284885888487,Moto,Stormy,Medium,Urban,True,0,0,0,3439.1397477654086,3567.9777908922706,Rota_Reduzida,0
pedido_3468.7017316553174_370,130.09787991565176,106.65619372237651,91.65619372237651,5.739933282145651,15,4.486335035623008,Moto,Sandstorms,High,Metropolitian,True,0,1,0,3468.7017316553174,3575.357925377694,Aumento_Velocidade,0
pedido_3529.2348668768304_407,35.70706090927846,42.08704070313139,42.08704070313139,3.337459508214891,5,4.698610734969287,Scooter,Stormy,Low,Metropolitian,True,1,0,0,3529.2348668768304,3576.321907579962,Nenhuma,1
pedido_3471.174348728127_372,128.43345219140667,126.01057010907215,106.01057010907215,9.900384331357667,5,4.819654867152096,Scooter,Foggy,High,Other,False,0,1,0,3471.174348728127,3582.184918837199,Rota_Reduzida,0
pedido_3503.4847166721665_390,98.9194117490995,92.25472655703173,77.25472655703173,8.113235057559734,5,4.8174130251029235,Scooter,Sunny,Jam,Metropolitian,True,0,1,1,3503.4847166721665,3585.739443229198,Aumento_Velocidade,1
pedido_3480.5993295158432_374,132.92179795105696,107.71418061148336,92.71418061148336,6.290773007470933,15,4.662758091405951,Moto,Foggy,High,Metropolitian,False,0,1,0,3480.5993295158432,3588.3135101273265,Aumento_Velocidade,0
pedido_3489.1921896025992_377,110.71607852757413,106.12257608923213,91.12257608923213,10.660229345213473,10,4.4892827499603,Scooter,Sunny,Jam,Urban,False,0,1,1,3489.1921896025992,3590.3147656918313,Aumento_Velocidade,1
pedido_3495.0051481984483_380,127.66722869532683,100.64307243918245,85.64307243918245,5.051418104871183,10,4.660112376198222,Scooter,Stormy,Jam,Metropolitian,False,0,1,0,3495.0051481984483,3590.648220637631,Aumento_Velocidade,1
pedido_3548.7805507029825_419,52.60271147154057,43.373773627793554,43.373773627793554,3.8075660869099677,5,4.729009936277559,Moto,Sandstorms,Medium,Metropolitian,False,1,0,0,3548.7805507029825,3597.154324330776,Nenhuma,1
pedido_3475.944970795706_373,132.9260901755612,125.5341583081395,110.5341583081395,10.89040173932866,15,4.775334116855754,Moto,Stormy,Medium,Urban,False,0,0,0,3475.944970795706,3601.4791291038455,Rota_Reduzida,0
pedido_3509.4764685590103_395,110.31743086982756,82.79301340501223,82.79301340501223,17.816828150901962,10,4.570096374386429,Van,Sunny,Jam,Metropolitian,False,0,1,1,3509.4764685590103,3602.2694819640224,Nenhuma,1
pedido_3491.486608582618_379,129.09514078352626,119.00175702995298,104.00175702995298,9.353346389060025,10,4.8126707285738295,Scooter,Windy,Jam,Metropolitian,False,0,1,0,3491.486608582618,3605.4883656125708,Aumento_Velocidade,0
pedido_3495.707820294966_381,132.4133988804093,120.37049893414056,105.37049893414056,8.505143669556013,5,4.548828659504739,Moto,Stormy,Medium,Metropolitian,True,0,0,0,3495.707820294966,3606.0783192291065,Rota_Reduzida,0
pedido_3486.8886066641116_376,133.83332144049882,128.0268370593532,113.0268370593532,1.6005430359163766,10,4.671064900054349,Scooter,Foggy,High,Urban,False,0,1,0,3486.8886066641116,3609.9154437234647,Aumento_Velocidade,0
pedido_3489.597036054328_378,136.87742867860052,130.7040599506249,115.7040599506249,16.631377826082172,5,4.50237847625422,Moto,Sandstorms,High,Metropolitian,True,0,1,0,3489.597036054328,3610.301096004953,Aumento_Velocidade,0
pedido_3449.256109858899_363,171.36160110569477,171.75440567517995,156.75440567517995,0.8438890467579423,5,4.347212516177344,Scooter,Foggy,High,Metropolitian,False,0,1,0,3449.256109858899,3611.010515534079,Aumento_Velocidade,0
pedido_3500.0823496090024_388,135.58933855345487,112.16367912006228,97.16367912006228,14.74809830593746,15,4.655036399306607,Moto,Windy,High,Metropolitian,True,0,1,0,3500.0823496090024,3612.2460287290646,Aumento_Velocidade,0
pedido_3497.0940180284556_385,129.78896486355157,123.47245450106902,108.47245450106902,6.6743900928464095,10,4.808946858544414,Scooter,Foggy,Jam,Metropolitian,False,0,1,0,3497.0940180284556,3615.5664725295246,Aumento_Velocidade,0
pedido_3508.8747008760297_394,126.80849379585489,117.67908815710017,102.67908815710017,3.8867274389408504,5,4.605252435655393,Scooter,Stormy,High,Metropolitian,True,0,1,0,3508.8747008760297,3616.5537890331298,Aumento_Velocidade,0
pedido_3497.2725777961095_386,127.59980392749029,110.13572404746965,110.13572404746965,4.746726073356277,10,4.663643772406925,Van,Windy,Jam,Metropolitian,False,0,1,0,3497.2725777961095,3617.408301843579,Nenhuma,0
pedido_3497.039119093844_384,131.31950454912854,117.25476271379036,117.25476271379036,10.908508432074196,5,4.637215589974266,Van,Stormy,High,Metropolitian,False,0,1,0,3497.039119093844,3619.2938818076345,Nenhuma,0
pedido_3508.815038475384_393,99.73021535113286,98.29555570125437,98.29555570125437,6.161001752324521,15,4.674553657579975,Moto,Foggy,Low,Metropolitian,False,0,0,0,3508.815038475384,3622.110594176638,Nenhuma,1
pedido_3521.572360762528_401,129.7547289384046,101.75212949595867,86.75212949595867,8.77362111253742,15,4.575423973619255,Scooter,Stormy,High,Metropolitian,False,0,1,0,3521.572360762528,3623.324490258487,Aumento_Velocidade,1
pedido_3521.705964923609_403,132.5890508583103,113.66358967938964,98.66358967938964,14.293184320674523,5,4.607953206348164,Scooter,Windy,High,Metropolitian,False,0,1,0,3521.705964923609,3625.3695546029985,Aumento_Velocidade,1
pedido_3507.236170044163_391,110.96649076751632,104.74536909022049,104.74536909022049,11.876390589823504,15,4.818222920873191,Moto,Foggy,Low,Metropolitian,False,0,0,0,3507.236170044163,3626.9815391343836,Nenhuma,1
pedido_3497.4186154428057_387,136.8877077770909,140.97181623017147,125.97181623017147,12.676510080728756,5,4.5913567418812065,Scooter,Sandstorms,Medium,Metropolitian,False,0,0,0,3497.4186154428057,3628.3904316729772,Rota_Reduzida,0
pedido_3547.263955606406_417,98.56098110333484,82.17886591960261,67.17886591960261,13.233601083359849,15,4.836205997129585,Moto,Sunny,Medium,Urban,False,0,0,1,3547.263955606406,3629.4428215260086,Rota_Reduzida,1
pedido_3502.836054312668_389,133.9787561266745,127.13760614519626,112.13760614519626,2.9742330239073316,15,5.0,Moto,Windy,High,Metropolitian,False,0,1,0,3502.836054312668,3629.973660457864,Aumento_Velocidade,0
pedido_3515.5082525289495_396,142.399854513784,125.66717720340193,110.66717720340193,14.240248903925153,5,4.637354720426624,Moto,Foggy,Medium,Metropolitian,False,0,0,0,3515.5082525289495,3631.1754297323514,Rota_Reduzida,0
pedido_3516.3437010511184_397,132.96881234173745,115.11040366290274,100.11040366290274,6.3068408815366865,15,4.723719747350766,Moto,Stormy,Medium,Metropolitian,False,0,0,0,3516.3437010511184,3631.454104714021,Rota_Reduzida,0
pedido_3572.120700787927_431,109.02174228189851,74.35062114863607,54.350621148636066,16.111702747130245,5,4.465661310070002,Moto,Sunny,Jam,Other,True,0,1,1,3572.120700787927,3631.471321936563,Rota_Reduzida,1
pedido_3520.5793581833623_400,137.39020687378715,116.01003221510412,101.01003221510412,12.917652771875263,10,5.0,Moto,Sandstorms,Medium,Metropolitian,False,0,0,0,3520.5793581833623,3631.5893903984665,Rota_Reduzida,0
pedido_3538.808784253686_413,122.46686700852266,94.05240566045156,79.05240566045156,3.829348513697176,15,4.5242958318341255,Moto,Sandstorms,Jam,Urban,True,0,1,0,3538.808784253686,3632.861189914138,Aumento_Velocidade,1
pedido_3507.8281991750096_392,139.74695026157875,126.03820622684421,111.03820622684421,11.839623531871698,15,5.0,Moto,Sandstorms,Medium,Metropolitian,True,0,0,0,3507.8281991750096,3633.8664054018536,Rota_Reduzida,0
pedido_3543.2005903972195_415,95.54621114191794,92.819774107299,77.819774107299,8.835778736800965,15,4.593393621008265,Scooter,Sunny,High,Metropolitian,False,0,1,1,3543.2005903972195,3636.0203645045185,Aumento_Velocidade,1
pedido_3522.464479103992_406,128.25958115038492,125.31842334808181,110.31842334808181,4.662262561572776,5,4.884674108180807,Moto,Stormy,High,Urban,True,0,1,0,3522.464479103992,3637.782902452074,Aumento_Velocidade,0
pedido_3531.0806656399227_408,95.86854740525581,112.24261910129589,97.24261910129589,8.659063430876508,10,4.734397340715587,Moto,Sunny,Medium,Urban,False,0,0,1,3531.0806656399227,3638.3232847412187,Rota_Reduzida,0
pedido_3482.4859970370762_375,177.12839540210234,156.73834140222587,141.73834140222587,4.727413189885309,15,4.341659855233049,Moto,Sandstorms,High,Metropolitian,True,0,1,0,3482.4859970370762,3639.2243384393023,Aumento_Velocidade,0
pedido_3532.2605591392125_409,110.16260416368422,117.40019421944798,102.40019421944798,11.30115546334439,10,4.659532014816006,Scooter,Sunny,Jam,Metropolitian,False,0,1,1,3532.2605591392125,3644.6607533586607,Aumento_Velocidade,0
pedido_3611.2144740010117_455,44.706180137988866,28.26875084172127,28.26875084172127,5.683331925335151,10,5.0,Scooter,Sandstorms,High,Metropolitian,False,1,1,0,3611.2144740010117,3649.483224842733,Nenhuma,1
pedido_3542.088392033883_414,132.6467632047254,113.3769422963448,98.3769422963448,20.633429277903666,10,4.895550524211264,Scooter,Stormy,High,Metropolitian,False,0,1,0,3542.088392033883,3650.4653343302275,Aumento_Velocidade,0
pedido_3555.086887074649_421,98.00051892310152,83.40111998613749,83.40111998613749,8.11344970888562,15,4.587621576923573,Moto,Windy,Low,Urban,False,0,0,0,3555.086887074649,3653.4880070607865,Nenhuma,1
pedido_3548.698311971562_418,126.39563534262166,115.55577912971336,100.55577912971336,3.0433115529941244,5,4.723555066235281,Moto,Windy,Jam,Urban,False,0,1,0,3548.698311971562,3654.254091101275,Aumento_Velocidade,0
pedido_3519.78816901319_398,136.27837954519424,132.34201684605856,132.34201684605856,1.4884609462263465,5,5.0,Van,Windy,High,Urban,False,0,1,0,3519.78816901319,3657.1301858592483,Nenhuma,0
pedido_3567.985915086484_429,99.7210941405331,82.3135666773973,82.3135666773973,5.890283716315803,10,4.787301750471278,Moto,Foggy,Low,Urban,False,0,0,0,3567.985915086484,3660.2994817638814,Nenhuma,1
pedido_3544.3671996558614_416,132.97686287647664,118.06385341370617,103.06385341370617,12.068586202426424,15,4.660739384065302,Scooter,Windy,High,Metropolitian,False,0,1,0,3544.3671996558614,3662.4310530695675,Aumento_Velocidade,0
pedido_3536.035652314136_410,134.08165980592622,128.68401873691363,113.68401873691363,7.807764240927627,15,5.0,Moto,Foggy,Jam,Metropolitian,False,0,1,0,3536.035652314136,3664.7196710510493,Aumento_Velocidade,0
pedido_3558.4081826693323_427,106.17043407199148,107.39433888833406,92.39433888833406,15.939062512452013,15,5.0,Scooter,Sunny,Medium,Metropolitian,True,0,0,1,3558.4081826693323,3665.8025215576663,Rota_Reduzida,0
pedido_3558.8321921736083_428,133.34913206797495,107.0298487794213,92.0298487794213,14.87463194253384,15,4.7747020550319235,Moto,Windy,High,Metropolitian,False,0,1,0,3558.8321921736083,3665.8620409530295,Aumento_Velocidade,0
pedido_3590.520871007438_437,97.19132726362692,83.14251721241051,63.14251721241051,7.383635753704169,15,4.7006654768064156,Scooter,Sunny,Jam,Other,True,0,1,1,3590.520871007438,3668.6633882198485,Rota_Reduzida,1
pedido_3538.0876095123926_412,132.28258508357476,130.64642845320236,115.64642845320236,3.093167992689823,15,4.731528884392174,Scooter,Windy,High,Metropolitian,False,0,1,0,3538.0876095123926,3668.7340379655952,Aumento_Velocidade,0
pedido_3555.976205614194_423,141.01400961458071,127.82523116127524,112.82523116127524,15.928660079435835,5,4.86338191624556,Moto,Sandstorms,Jam,Metropolitian,False,0,1,0,3555.976205614194,3673.801436775469,Aumento_Velocidade,0
pedido_3557.573095504196_425,132.0280916498577,122.17312758791314,107.17312758791314,7.598955897403224,10,4.872925611221109,Moto,Foggy,High,Metropolitian,False,0,1,0,3557.573095504196,3674.746223092109,Aumento_Velocidade,0
pedido_3594.1181326892665_441,102.17306359389829,78.54603227943558,78.54603227943558,15.10488642636805,5,4.499905881113034,Scooter,Sandstorms,Low,Metropolitian,False,0,0,0,3594.1181326892665,3677.664164968702,Nenhuma,1
pedido_3496.688427413021_383,171.43318822092166,173.04041534074042,173.04041534074042,0.7507831397287514,10,4.420049941228246,Van,Windy,Jam,Metropolitian,False,0,1,0,3496.688427413021,3679.7288427537615,Nenhuma,0
pedido_3552.168169347907_420,130.6259691696806,127.75849541702564,112.75849541702564,3.412210256542661,15,4.808161390624083,Moto,Sandstorms,Medium,Metropolitian,False,0,0,0,3552.168169347907,3679.926664764933,Rota_Reduzida,0
pedido_3555.9103464327177_422,127.11290621859001,129.38603291127004,114.38603291127004,4.65458956622089,10,4.7296247732116425,Moto,Windy,Jam,Metropolitian,False,0,1,0,3555.9103464327177,3680.2963793439876,Aumento_Velocidade,0
pedido_3522.115338941007_405,178.8568299772862,171.57039953874,156.57039953874,3.111940219754491,5,4.358150558391469,Scooter,Foggy,High,Metropolitian,True,0,1,0,3522.115338941007,3683.6857384797468,Aumento_Velocidade,0
pedido_3520.108085926797_399,175.0769410428194,176.4876268741863,161.4876268741863,5.70494183088223,5,4.2748825609605055,Moto,Foggy,Medium,Metropolitian,False,0,0,0,3520.108085926797,3686.595712800983,Rota_Reduzida,0
pedido_3522.0769162611045_404,182.6857069556755,174.63159212997522,159.63159212997522,2.947178189902914,5,4.3710832914274365,Moto,Sunny,Jam,Metropolitian,False,0,1,1,3522.0769162611045,3686.7085083910797,Aumento_Velocidade,0
pedido_3538.0087192358783_411,168.71245569746583,159.75848484088795,144.75848484088795,18.827939174864998,5,4.304767259228063,Moto,Sunny,Medium,Metropolitian,True,0,0,1,3538.0087192358783,3687.767204076766,Rota_Reduzida,0
pedido_3576.02003983403_433,128.59935962723026,129.91440753267452,114.91440753267452,1.9321902033383012,5,4.503980429485245,Moto,Windy,Jam,Metropolitian,True,0,1,0,3576.02003983403,3695.9344473667043,Aumento_Velocidade,0
pedido_3521.656217790284_402,178.64540276856513,185.56970883948742,170.56970883948742,5.760131315214552,5,4.345398413690859,Moto,Foggy,High,Urban,True,0,1,0,3521.656217790284,3697.225926629771,Aumento_Velocidade,0
pedido_3602.0200968607774_443,102.30125904397383,81.15174965752219,81.15174965752219,15.49678551367228,15,4.848517647843921,Scooter,Sandstorms,Low,Urban,False,0,0,0,3602.0200968607774,3698.1718465182994,Nenhuma,1
pedido_3558.3226962928397_426,141.76645603922825,140.68639269527597,125.68639269527597,13.22747421904432,15,5.0,Moto,Foggy,High,Urban,False,0,1,0,3558.3226962928397,3699.0090889881158,Aumento_Velocidade,0
pedido_3573.862384521814_432,132.4947702101738,136.6332820169244,121.6332820169244,4.729529104238986,5,4.84778330433983,Scooter,Foggy,High,Urban,True,0,1,0,3573.862384521814,3700.4956665387385,Aumento_Velocidade,0
pedido_3602.0645474270427_444,125.56502018282045,114.35927942612489,99.35927942612489,1.1371644322233312,5,4.902736690248063,Moto,Foggy,Medium,Metropolitian,False,0,0,0,3602.0645474270427,3706.4238268531676,Rota_Reduzida,1
pedido_3593.520121813675_440,140.62704366312087,113.7978991266445,98.7978991266445,14.89646366110342,15,4.571708179891701,Moto,Sandstorms,Jam,Metropolitian,False,0,1,0,3593.520121813675,3707.3180209403195,Aumento_Velocidade,0
pedido_3608.300282090603_450,127.54396087641952,104.14732081930572,89.14732081930572,2.153920407459857,10,4.607906081276175,Moto,Foggy,Jam,Metropolitian,False,0,1,0,3608.300282090603,3707.4476029099087,Aumento_Velocidade,1
pedido_3588.453356700001_436,133.6256238300231,126.26520126929611,111.26520126929611,10.09828208424018,10,5.0,Moto,Stormy,Jam,Metropolitian,True,0,1,0,3588.453356700001,3709.7185579692973,Aumento_Velocidade,0
pedido_3604.8996915951307_447,132.76211608902713,116.54471223981739,101.54471223981739,3.1240279904310886,5,4.87724464166998,Moto,Stormy,Medium,Metropolitian,False,0,0,0,3604.8996915951307,3711.444403834948,Rota_Reduzida,0
pedido_3590.93541465169_438,130.20127052589336,120.81814094569458,105.81814094569458,3.066678706206246,15,4.698840275039088,Scooter,Sandstorms,Medium,Urban,False,0,0,0,3590.93541465169,3711.7535555973845,Rota_Reduzida,0
pedido_3641.717825629811_476,97.59251631714302,70.32407741435043,55.32407741435043,5.879570093304041,15,4.909541589086579,Scooter,Sunny,High,Metropolitian,False,0,1,1,3641.717825629811,3712.0419030441617,Aumento_Velocidade,1
pedido_3625.051351140565_462,111.93850528863248,93.22959428382471,78.22959428382471,16.73836039442507,10,4.458478016481058,Scooter,Sunny,Jam,Metropolitian,False,0,1,1,3625.051351140565,3713.2809454243898,Aumento_Velocidade,1
pedido_3584.681086010871_435,131.58444361001617,134.7057554045707,119.70575540457071,8.348846308852,10,5.0,Moto,Stormy,High,Metropolitian,False,0,1,0,3584.681086010871,3714.3868414154413,Aumento_Velocidade,0
pedido_3604.4019229111823_446,136.7478489741149,116.49704344381053,101.49704344381053,3.0390308244120074,10,4.995357373766949,Moto,Foggy,High,Metropolitian,False,0,1,0,3604.4019229111823,3715.898966354993,Aumento_Velocidade,0
pedido_3603.0968164643896_445,112.36431529147616,109.15170101745096,109.15170101745096,14.728208867206725,5,4.480487444706849,Van,Sunny,Jam,Metropolitian,False,0,1,1,3603.0968164643896,3717.2485174818407,Nenhuma,1
pedido_3605.204096556949_448,132.65520812979105,123.14702841891517,108.14702841891517,6.809474696975998,5,4.618748883536476,Scooter,Windy,High,Metropolitian,False,0,1,0,3605.204096556949,3718.351124975864,Aumento_Velocidade,0
pedido_3629.4562998731412_467,129.8761561051367,94.92452440851363,79.92452440851363,19.78956306006829,10,4.815757695991936,Moto,Stormy,High,Metropolitian,False,0,1,0,3629.4562998731412,3719.380824281655,Aumento_Velocidade,1
pedido_3608.51789055241_451,134.20906565957998,116.1096948578966,101.1096948578966,12.163205853715487,10,4.740271324064732,Scooter,Sandstorms,High,Metropolitian,False,0,1,0,3608.51789055241,3719.6275854103064,Aumento_Velocidade,0
pedido_3597.381278734913_442,139.58443420862383,132.97128254893414,117.97128254893414,13.086540529580601,5,4.530516042068446,Moto,Stormy,Jam,Metropolitian,False,0,1,0,3597.381278734913,3720.352561283847,Aumento_Velocidade,0
pedido_3581.814662118646_434,140.71652477374622,148.80027947043862,133.80027947043862,13.654800543487827,5,4.842662190445249,Scooter,Foggy,High,Metropolitian,False,0,1,0,3581.814662118646,3720.6149415890845,Aumento_Velocidade,0
pedido_3616.402448085297_458,123.04442606971529,114.8259167484156,94.8259167484156,0.3763356931297581,10,4.738383891625882,Moto,Windy,High,Other,False,0,1,0,3616.402448085297,3721.2283648337125,Rota_Reduzida,0
pedido_3624.838377909373_461,103.81985237156267,87.07877887698848,87.07877887698848,14.109316374195476,10,4.825443185772559,Van,Sunny,High,Metropolitian,True,0,1,1,3624.838377909373,3721.9171567863614,Nenhuma,1
pedido_3654.6735841943578_487,95.25023207545257,77.61893512807619,62.61893512807619,0.2601038404391982,5,4.695031506258083,Moto,Sunny,High,Urban,False,0,1,1,3654.6735841943578,3722.292519322434,Aumento_Velocidade,1
pedido_3612.111528135022_456,124.93750180519955,110.25300844963026,95.25300844963026,1.5417404302093245,15,4.547796433633537,Scooter,Foggy,Medium,Metropolitian,False,0,0,0,3612.111528135022,3722.3645365846523,Rota_Reduzida,0
pedido_3701.9617171838627_515,39.352165538379204,5.639996900587455,5.639996900587455,15.659847535409371,15,4.643210034460925,Moto,Sunny,Medium,Metropolitian,False,1,0,1,3701.9617171838627,3722.60171408445,Nenhuma,1
pedido_3694.0034363082614_508,43.214811984790124,19.683590114353372,19.683590114353372,3.52064557786725,10,4.63171988278149,Moto,Stormy,Medium,Metropolitian,True,1,0,0,3694.0034363082614,3723.687026422615,Nenhuma,1
pedido_3557.286824798538_424,181.58459754964656,183.95275629627835,163.95275629627835,17.626712957599693,5,4.427966401374193,Moto,Foggy,High,Other,True,0,1,0,3557.286824798538,3726.2395810948165,Rota_Reduzida,0
pedido_3613.8236922760852_457,128.71078030954953,115.88490355343939,100.88490355343939,3.942243782989074,15,4.699092040384637,Scooter,Foggy,Jam,Metropolitian,True,0,1,0,3613.8236922760852,3729.7085958295247,Aumento_Velocidade,0
pedido_3569.067796142931_430,167.15570290613246,167.19701688129817,152.19701688129817,6.197458677440639,10,4.3124972411418785,Moto,Sunny,Medium,Metropolitian,False,0,0,1,3569.067796142931,3731.264813024229,Rota_Reduzida,0
pedido_3591.1669511552_439,169.37547644488848,150.29811093116007,135.29811093116007,12.069674438112111,5,4.4371189653153005,Scooter,Sunny,Medium,Metropolitian,False,0,0,1,3591.1669511552,3731.46506208636,Rota_Reduzida,0
pedido_3650.0384491592554_484,99.29050006470595,89.16820141088057,69.16820141088057,1.383005190433213,15,4.623185450312695,Moto,Sunny,Jam,Other,True,0,1,1,3650.0384491592554,3734.206650570136,Rota_Reduzida,1
pedido_3626.1459691371197_463,133.30656773963878,122.9688322838718,107.9688322838718,17.350150100007344,5,4.787193197498185,Moto,Stormy,Medium,Urban,False,0,0,0,3626.1459691371197,3739.1148014209916,Rota_Reduzida,0
pedido_3609.8294305602903_453,132.65986019653798,130.62017747839522,115.62017747839522,3.513561242646948,15,4.799931439657397,Scooter,Sandstorms,High,Metropolitian,False,0,1,0,3609.8294305602903,3740.4496080386857,Aumento_Velocidade,0
pedido_3629.575444213735_468,124.23964613969471,115.88509419687307,100.88509419687307,0.11418634755518386,10,4.747980900580241,Moto,Sandstorms,Jam,Metropolitian,False,0,1,0,3629.575444213735,3740.460538410608,Aumento_Velocidade,0
pedido_3628.4424749839786_465,129.4281474653676,117.02141330990898,102.02141330990898,4.97668936693615,10,4.86780839183054,Scooter,Windy,High,Urban,True,0,1,0,3628.4424749839786,3740.4638882938875,Aumento_Velocidade,0
pedido_3619.7771740758017_459,128.06318059579183,119.06520149472824,119.06520149472824,4.829349963058147,5,4.806359804670354,Van,Stormy,High,Metropolitian,True,0,1,0,3619.7771740758017,3743.84237557053,Nenhuma,0
pedido_3682.319150577478_503,46.139844500708406,52.934579197472516,52.934579197472516,4.807217494473823,10,4.8406624149313995,Scooter,Windy,High,Metropolitian,True,1,1,0,3682.319150577478,3745.2537297749504,Nenhuma,1
pedido_3659.0063343479405_490,98.97229356687076,97.77229556877997,82.77229556877997,0.8644955299266712,5,4.822087597970563,Moto,Sunny,High,Metropolitian,True,0,1,1,3659.0063343479405,3746.7786299167205,Aumento_Velocidade,1
pedido_3633.343414706568_470,134.12922055601237,119.24378888633916,104.24378888633916,17.10851300985966,10,4.856678352004802,Moto,Windy,High,Metropolitian,False,0,1,0,3633.343414706568,3747.5872035929074,Aumento_Velocidade,0
pedido_3620.268127478137_460,141.5349082622921,131.34711611546862,116.34711611546862,13.750246142498165,15,4.649644462184821,Scooter,Foggy,High,Urban,False,0,1,0,3620.268127478137,3751.6152435936056,Aumento_Velocidade,0
pedido_3671.3994667897546_496,94.27841153683677,85.66501829557804,70.66501829557804,7.132346894456931,10,4.577448417140656,Scooter,Sunny,Medium,Metropolitian,False,0,0,1,3671.3994667897546,3752.0644850853328,Rota_Reduzida,1
pedido_3635.149506271482_471,133.94368076158997,117.96613894943545,102.96613894943545,17.477575009279146,15,4.559651373309342,Moto,Stormy,Jam,Metropolitian,False,0,1,0,3635.149506271482,3753.1156452209175,Aumento_Velocidade,0
pedido_3626.4571245681864_464,138.0604075434161,131.9358237882957,116.93582378829569,5.722392353351575,10,4.884877293887466,Scooter,Sandstorms,Medium,Metropolitian,True,0,0,0,3626.4571245681864,3753.392948356482,Rota_Reduzida,0
pedido_3637.829515179071_474,135.58933855345487,126.03083851347398,111.03083851347398,14.407430366719108,5,4.7452604425896014,Moto,Windy,High,Metropolitian,True,0,1,0,3637.829515179071,3753.8603536925452,Aumento_Velocidade,0
pedido_3730.153236248791_525,40.636739950856764,10.921341426730983,10.921341426730983,11.045641284275149,15,4.545422781330329,Scooter,Stormy,Low,Metropolitian,True,1,0,0,3730.153236248791,3756.074577675522,Nenhuma,1
pedido_3648.903962123559_481,125.94236018160446,108.79258816469157,93.79258816469157,6.9354725122729475,15,4.543263900648354,Moto,Foggy,Medium,Metropolitian,False,0,0,0,3648.903962123559,3757.6965502882504,Rota_Reduzida,0
pedido_3609.2067175145326_452,178.48832730753168,152.30503489124268,137.30503489124268,8.259531232428596,15,4.405048399099199,Moto,Foggy,High,Metropolitian,False,0,1,0,3609.2067175145326,3761.511752405775,Aumento_Velocidade,0
pedido_3662.6463745811616_493,98.60467028821765,90.09532138580145,90.09532138580145,2.6287627061603493,10,4.462860380991392,Scooter,Foggy,Low,Metropolitian,False,0,0,0,3662.6463745811616,3762.741695966963,Nenhuma,1
pedido_3668.180979660545_494,103.21384191446903,99.56192716316343,84.56192716316343,17.215234183123332,10,5.0,Moto,Sunny,High,Metropolitian,False,0,1,1,3668.180979660545,3762.7429068237084,Aumento_Velocidade,1
pedido_3636.7985682232397_473,131.5287206098264,121.00489564002237,121.00489564002237,2.4523095743085164,5,4.518418436459918,Van,Foggy,High,Metropolitian,True,0,1,0,3636.7985682232397,3762.803463863262,Nenhuma,0
pedido_3652.1557884235003_485,129.80597120101774,115.8330047664879,100.8330047664879,13.834391239755952,10,4.632512910691268,Moto,Stormy,High,Metropolitian,False,0,1,0,3652.1557884235003,3762.9887931899884,Aumento_Velocidade,0
pedido_3646.6845306713294_479,137.35405265909174,126.45066604969807,111.45066604969807,20.470994433173598,5,4.833433900243956,Scooter,Sandstorms,High,Metropolitian,False,0,1,0,3646.6845306713294,3763.1351967210276,Aumento_Velocidade,0
pedido_3678.5693484723124_502,105.44346300539812,97.32494935304352,82.32494935304352,16.919911803179737,5,4.733596784885387,Scooter,Sunny,High,Metropolitian,True,0,1,1,3678.5693484723124,3765.894297825356,Aumento_Velocidade,1
pedido_3661.538655597156_492,130.77464878307057,104.70523203038968,89.70523203038968,5.321214595962501,15,4.657386640769537,Moto,Windy,High,Metropolitian,False,0,1,0,3661.538655597156,3766.2438876275455,Aumento_Velocidade,1
pedido_3649.6129971521373_482,144.52251491230726,117.17868343620833,102.17868343620833,13.159965152011074,15,5.0,Moto,Windy,Jam,Metropolitian,True,0,1,0,3649.6129971521373,3766.7916805883456,Aumento_Velocidade,0
pedido_3649.644684469709_483,133.83787135117382,122.62339674100699,107.62339674100699,19.99785812053456,10,4.736941181384756,Moto,Windy,Medium,Metropolitian,False,0,0,0,3649.644684469709,3767.268081210716,Rota_Reduzida,0
pedido_3605.584183879136_449,177.24154729455327,171.69461342984175,156.69461342984175,5.088903396890487,5,4.3529721941145745,Moto,Stormy,Jam,Metropolitian,False,0,1,0,3605.584183879136,3767.278797308978,Aumento_Velocidade,0
pedido_3643.2680195078215_477,134.82985775917936,125.93567197070027,110.93567197070027,3.428307221211159,15,4.630847717709113,Moto,Foggy,High,Metropolitian,False,0,1,0,3643.2680195078215,3769.2036914785217,Aumento_Velocidade,0
pedido_3645.773108392013_478,132.75290817707386,123.63973430303267,108.63973430303267,7.029438660680507,15,4.807281728804159,Moto,Windy,High,Metropolitian,False,0,1,0,3645.773108392013,3769.4128426950456,Aumento_Velocidade,0
pedido_3654.434507037621_486,110.82523274839326,112.42920389006335,112.42920389006335,13.966841446288825,5,4.750879600657437,Moto,Foggy,Low,Metropolitian,False,0,0,0,3654.434507037621,3771.8637109276847,Nenhuma,1
pedido_3657.0674767504233_488,144.21552797255995,118.68977288668029,103.68977288668029,18.536645842110442,15,4.686929655653716,Moto,Foggy,Medium,Metropolitian,False,0,0,0,3657.0674767504233,3775.7572496371035,Rota_Reduzida,0
pedido_3648.6150521312056_480,132.29057379389556,113.24641988303401,113.24641988303401,5.938006752285545,15,4.907365970740461,Van,Sandstorms,High,Metropolitian,False,0,1,0,3648.6150521312056,3776.8614720142396,Nenhuma,0
pedido_3659.699535061032_491,137.82397385917596,128.64378455429076,113.64378455429076,17.36921725749516,5,5.0,Scooter,Windy,High,Metropolitian,False,0,1,0,3659.699535061032,3778.343319615323,Aumento_Velocidade,0
pedido_3693.4818618109157_507,104.51802329238116,85.26887412768392,70.26887412768392,12.955767128881078,15,4.6804835864868375,Scooter,Sunny,High,Urban,True,0,1,1,3693.4818618109157,3778.7507359385995,Aumento_Velocidade,1
pedido_3694.962101702899_510,101.82443410516946,94.36385694800916,79.36385694800916,13.3360217503642,5,4.561616474393545,Scooter,Sunny,High,Metropolitian,False,0,1,1,3694.962101702899,3779.325958650908,Aumento_Velocidade,1
pedido_3671.5265994871324_497,131.21559757745345,112.8685647644171,97.8685647644171,3.8886718963828213,15,5.0,Moto,Stormy,High,Metropolitian,False,0,1,0,3671.5265994871324,3784.3951642515494,Aumento_Velocidade,0
pedido_3674.786540362192_500,135.2790921112194,116.57986186996752,101.57986186996752,20.107105359765043,10,4.875866772469767,Moto,Sandstorms,High,Urban,False,0,1,0,3674.786540362192,3786.3664022321595,Aumento_Velocidade,0
pedido_3704.84049190771_517,104.35506418274845,87.84024297543064,72.84024297543064,14.065536061614635,10,4.947816583293994,Moto,Sunny,Medium,Metropolitian,True,0,0,1,3704.84049190771,3787.6807348831408,Rota_Reduzida,1
pedido_3658.9385336592886_489,125.05957027558483,133.31936704039026,118.31936704039026,2.389375988845315,15,4.879142915642825,Moto,Foggy,Medium,Metropolitian,False,0,0,0,3658.9385336592886,3792.257900699679,Rota_Reduzida,0
pedido_3630.807017027714_469,184.19679229506147,164.93645979809494,149.93645979809494,10.718618344530896,15,4.385796575424146,Moto,Windy,High,Metropolitian,True,0,1,0,3630.807017027714,3795.743476825809,Aumento_Velocidade,0
pedido_3672.0187044051577_498,133.4167828002747,113.88208068507934,113.88208068507934,13.806457628438084,10,4.688698790787656,Van,Stormy,Medium,Metropolitian,False,0,0,0,3672.0187044051577,3795.900785090237,Nenhuma,0
pedido_3636.4802711549682_472,178.48832730753168,166.13957000447945,151.13957000447945,8.785624663131365,10,4.428299493130488,Scooter,Foggy,High,Metropolitian,False,0,1,0,3636.4802711549682,3797.619841159448,Aumento_Velocidade,0
pedido_3691.207902951627_506,133.31038715782393,109.21921526635371,94.21921526635371,10.035471470201884,15,4.616787059106007,Moto,Sandstorms,High,Urban,False,0,1,0,3691.207902951627,3800.427118217981,Aumento_Velocidade,0
pedido_3610.3211293911554_454,198.91777763755448,195.11907317020265,180.11907317020265,13.658588144961001,10,4.338026581253273,Moto,Windy,Jam,Metropolitian,True,0,1,0,3610.3211293911554,3800.440202561358,Aumento_Velocidade,0
pedido_3673.968938618673_499,132.4946085953814,136.7561965504334,121.7561965504334,6.827555337782085,5,4.838105940769087,Scooter,Foggy,High,Metropolitian,True,0,1,0,3673.968938618673,3800.725135169106,Aumento_Velocidade,0
pedido_3640.4184791250345_475,177.39088005550346,171.09787489608473,156.09787489608473,7.823078197582798,5,4.44654148787534,Moto,Foggy,High,Metropolitian,True,0,1,0,3640.4184791250345,3801.5163540211192,Aumento_Velocidade,0
pedido_3671.360129284763_495,140.5820936493151,130.8811231354143,115.8811231354143,13.802572389653804,15,4.8402430176677775,Moto,Foggy,High,Metropolitian,False,0,1,0,3671.360129284763,3802.2412524201773,Aumento_Velocidade,0
pedido_3689.562077897114_504,130.57241264366692,122.99287754700471,107.99287754700471,4.369461770132127,5,4.6443245704503,Moto,Sandstorms,Medium,Metropolitian,False,0,0,0,3689.562077897114,3802.5549554441186,Rota_Reduzida,0
pedido_3695.110908227634_511,134.14161248826045,109.5769715075709,94.5769715075709,9.767085026564162,15,4.535393710085811,Moto,Windy,Medium,Urban,False,0,0,0,3695.110908227634,3804.6878797352047,Rota_Reduzida,0
pedido_3677.526167850703_501,136.54038071663288,118.16454453879322,118.16454453879322,17.216289804558674,10,5.0,Van,Sandstorms,High,Metropolitian,True,0,1,0,3677.526167850703,3805.690712389496,Nenhuma,0
pedido_3690.7008619439425_505,136.42878729320964,123.64881166390231,108.64881166390231,17.11651778913953,10,4.915999067592564,Scooter,Windy,Medium,Metropolitian,False,0,0,0,3690.7008619439425,3809.349673607845,Rota_Reduzida,0
pedido_3629.3180080335683_466,174.54216047880183,165.20633965005214,165.20633965005214,4.431725298777303,15,4.2790002169471135,Van,Stormy,High,Urban,True,0,1,0,3629.3180080335683,3809.5243476836204,Nenhuma,0
pedido_3694.9200373058193_509,135.78408220864782,123.25771297024326,108.25771297024326,10.585282041936779,10,4.698002523395594,Scooter,Windy,Medium,Metropolitian,False,0,0,0,3694.9200373058193,3813.1777502760624,Rota_Reduzida,0
pedido_3713.300512723486_520,102.51630981067213,89.35785671805127,89.35785671805127,9.58845831553612,15,5.0,Moto,Foggy,Low,Urban,True,0,0,0,3713.300512723486,3817.658369441537,Nenhuma,1
pedido_3698.0406958875687_513,129.93397795511652,132.4351542184276,117.43515421842761,4.80172070250452,10,4.788411597566475,Scooter,Sandstorms,Jam,Metropolitian,True,0,1,0,3698.0406958875687,3825.4758501059964,Aumento_Velocidade,0
pedido_3703.376935572626_516,136.17925366971681,132.1359953624434,117.1359953624434,17.303724465355156,5,4.505795568996406,Moto,Windy,Medium,Metropolitian,True,0,0,0,3703.376935572626,3825.512930935069,Rota_Reduzida,0
pedido_3696.3645316517377_512,127.71690297014531,142.12491353269616,127.12491353269616,7.432230742945835,5,4.909689705974243,Moto,Stormy,High,Metropolitian,True,0,1,0,3696.3645316517377,3828.489445184434,Aumento_Velocidade,0
pedido_3735.8002742602275_531,130.83251628342174,93.4824815930782,78.4824815930782,20.003113237103435,15,4.912697256376191,Scooter,Stormy,High,Urban,False,0,1,0,3735.8002742602275,3829.282755853306,Aumento_Velocidade,1
pedido_3710.046803920388_518,130.1081869375424,131.28016980182565,116.28016980182565,6.740199261542944,5,4.591492095051146,Scooter,Windy,High,Metropolitian,True,0,1,0,3710.046803920388,3831.3269737222136,Aumento_Velocidade,0
pedido_3735.397556120614_530,128.68577041953824,97.4664444556116,82.4664444556116,3.5312972218134804,15,5.0,Scooter,Sandstorms,Jam,Urban,False,0,1,0,3735.397556120614,3832.8640005762254,Aumento_Velocidade,1
pedido_3729.394963470878_524,128.05143121085416,108.98511832979905,93.98511832979905,8.39555911776278,10,4.561968494506647,Moto,Stormy,Jam,Urban,True,0,1,0,3729.394963470878,3833.380081800677,Aumento_Velocidade,1
pedido_3722.4498106724427_522,135.1538882125244,127.58162873640569,112.58162873640569,16.561563530013952,5,4.7316201720161795,Scooter,Windy,Jam,Metropolitian,False,0,1,0,3722.4498106724427,3840.031439408848,Aumento_Velocidade,0
pedido_3718.4981902595437_521,133.06965260492734,129.44283768850104,114.44283768850104,6.058309338516576,15,4.831735762359743,Scooter,Foggy,High,Metropolitian,False,0,1,0,3718.4981902595437,3847.941027948045,Aumento_Velocidade,0
pedido_3733.1416834196043_526,140.77869942436217,114.80077454004874,99.80077454004874,15.770330270385555,15,4.5284805781408615,Moto,Foggy,High,Metropolitian,False,0,1,0,3733.1416834196043,3847.942457959653,Aumento_Velocidade,0
pedido_3739.6728152544715_535,127.68784875238822,120.2440444863873,105.2440444863873,6.7178317876375555,5,4.613219752826694,Moto,Stormy,Jam,Metropolitian,False,0,1,0,3739.6728152544715,3849.916859740859,Aumento_Velocidade,0
pedido_3795.7392399224623_564,36.30607181326178,41.91648711793883,41.91648711793883,7.525361525867257,15,4.6061238962668645,Van,Windy,Low,Metropolitian,False,1,0,0,3795.7392399224623,3852.655727040401,Nenhuma,1
pedido_3746.760944408872_538,133.54052809759443,108.03683269011391,93.03683269011391,8.019453678497513,15,4.677710928582545,Moto,Foggy,High,Metropolitian,False,0,1,0,3746.760944408872,3854.797777098986,Aumento_Velocidade,0
pedido_3711.4960953424784_519,142.6086957348422,148.81471708331793,133.81471708331793,12.5097951952282,10,4.908364813569171,Scooter,Foggy,Medium,Metropolitian,False,0,0,0,3711.4960953424784,3855.3108124257965,Rota_Reduzida,0
pedido_3752.898577013811_541,97.36430284549328,107.87872231205392,92.87872231205392,5.822616599201385,10,4.528370308369735,Scooter,Sunny,Medium,Metropolitian,False,0,0,1,3752.898577013811,3855.777299325865,Rota_Reduzida,1
pedido_3740.371981417242_536,136.5070253335333,121.22306454049067,106.22306454049067,6.024561354180045,10,4.711947699992473,Scooter,Windy,Medium,Urban,False,0,0,0,3740.371981417242,3856.5950459577325,Rota_Reduzida,0
pedido_3772.616791991431_551,98.40654167894269,84.84779190629769,69.84779190629769,6.980125801360867,15,4.680809814935516,Scooter,Sunny,High,Metropolitian,True,0,1,1,3772.616791991431,3857.4645838977285,Aumento_Velocidade,1
pedido_3735.982979933193_532,149.2246576811014,122.21934177595017,107.21934177595017,15.977810656241905,15,4.825365741844714,Moto,Foggy,Jam,Metropolitian,False,0,1,0,3735.982979933193,3858.202321709143,Aumento_Velocidade,0
pedido_3770.6249877738683_549,105.8662279948134,100.41745664527281,85.41745664527281,5.71998600996537,5,4.533812550728473,Moto,Sunny,High,Metropolitian,False,0,1,1,3770.6249877738683,3861.0424444191412,Aumento_Velocidade,1
pedido_3774.8672746040634_553,111.656403005909,98.32738509557268,83.32738509557268,14.07065460147546,5,4.6090497947077935,Moto,Sunny,Jam,Metropolitian,False,0,1,1,3774.8672746040634,3863.194659699636,Aumento_Velocidade,1
pedido_3740.9659355135373_537,125.60117149951513,123.55724503598836,108.55724503598836,3.3263829419270867,15,4.745002077519125,Moto,Foggy,Medium,Metropolitian,False,0,0,0,3740.9659355135373,3864.5231805495255,Rota_Reduzida,0
pedido_3748.836770495122_539,125.56258426440225,115.59199148617431,115.59199148617431,8.021322440900818,5,4.57632388596305,Van,Foggy,Medium,Urban,False,0,0,0,3748.836770495122,3869.4287619812962,Nenhuma,0
pedido_3734.4079995945203_527,129.76486193434457,142.05831252856862,127.05831252856862,16.051671671175246,10,4.617750893879714,Scooter,Stormy,High,Metropolitian,False,0,1,0,3734.4079995945203,3871.4663121230888,Aumento_Velocidade,0
pedido_3734.9572571810513_528,136.7409775691915,148.71671484982681,133.71671484982681,7.757543132563258,5,4.975707444811939,Moto,Windy,Medium,Metropolitian,True,0,0,0,3734.9572571810513,3873.6739720308783,Rota_Reduzida,0
pedido_3760.7025381375447_543,104.87928198525803,98.15131812941206,98.15131812941206,10.55802049948499,15,4.766157120522297,Moto,Windy,Low,Urban,True,0,0,0,3760.7025381375447,3873.853856266957,Nenhuma,1
pedido_3772.604430995015_550,135.68232385306356,112.07219872362127,97.07219872362127,5.154681282545978,5,4.6875527733131666,Moto,Stormy,Medium,Metropolitian,False,0,0,0,3772.604430995015,3874.676629718636,Rota_Reduzida,1
pedido_3788.949322529031_560,102.98396420915626,73.45329916485753,73.45329916485753,13.37800272975445,15,4.891907492639962,Moto,Sandstorms,Low,Metropolitian,False,0,0,0,3788.949322529031,3877.4026216938887,Nenhuma,1
pedido_3699.3764549884777_514,189.57142984561247,188.98437316443813,173.98437316443813,14.559512723562213,5,4.380958405448771,Scooter,Foggy,High,Metropolitian,False,0,1,0,3699.3764549884777,3878.360828152916,Aumento_Velocidade,0
pedido_3778.2750281090207_555,102.875381192625,91.27750710486495,91.27750710486495,4.4513832400276545,10,4.812581537083737,Moto,Sandstorms,Low,Metropolitian,True,0,0,0,3778.2750281090207,3879.5525352138857,Nenhuma,1
pedido_3765.7452918238773_544,102.93939017280998,109.19690681938555,109.19690681938555,9.613920985962551,5,4.720196237776973,Scooter,Sunny,Low,Metropolitian,False,0,0,1,3765.7452918238773,3879.942198643263,Nenhuma,1
pedido_3786.681119056724_559,102.67270895318188,99.53679938690934,84.53679938690934,19.19036957224053,10,4.788091044899511,Scooter,Sunny,Medium,Metropolitian,False,0,0,1,3786.681119056724,3881.2179184436336,Rota_Reduzida,1
pedido_3804.521873610147_569,98.44117423526482,89.24037987003292,74.24037987003292,1.9879391011679814,5,4.9142324113313975,Moto,Sunny,High,Metropolitian,True,0,1,1,3804.521873610147,3883.76225348018,Aumento_Velocidade,1
pedido_3774.632513630769_552,134.30664649882723,114.26661003409556,99.26661003409556,2.704723937251037,10,4.9741527087588535,Scooter,Sandstorms,High,Urban,True,0,1,0,3774.632513630769,3883.899123664865,Aumento_Velocidade,0
pedido_3801.5186295822773_565,112.33906205556573,88.394858951001,73.394858951001,21.295839119647614,10,5.0,Scooter,Sunny,Medium,Urban,True,0,0,1,3801.5186295822773,3884.9134885332783,Rota_Reduzida,1
pedido_3766.554968095694_546,135.8251700970151,128.60262169072547,113.60262169072547,14.751287583157753,5,4.62828692352852,Scooter,Windy,Jam,Metropolitian,False,0,1,0,3766.554968095694,3885.1575897864195,Aumento_Velocidade,0
pedido_3790.501696106771_561,102.57911321272154,105.20126627842134,90.20126627842134,17.323107805591725,5,4.629134745414317,Scooter,Sunny,High,Metropolitian,False,0,1,1,3790.501696106771,3885.702962385192,Aumento_Velocidade,1
pedido_3752.344486671939_540,138.05633203621642,134.52978822198708,119.52978822198708,10.784127384088436,15,4.610589501669512,Scooter,Sandstorms,Medium,Metropolitian,True,0,0,0,3752.344486671939,3886.874274893926,Rota_Reduzida,0
pedido_3767.9407132309634_548,135.2559672216462,130.78549007684802,115.78549007684802,11.468544539260806,5,4.4836530547601665,Scooter,Stormy,Medium,Urban,False,0,0,0,3767.9407132309634,3888.7262033078114,Rota_Reduzida,0
pedido_3786.4654289858245_558,97.69876055747365,113.35778267034947,98.35778267034947,9.443125208331896,5,4.859674047437791,Moto,Sunny,Medium,Metropolitian,False,0,0,1,3786.4654289858245,3889.823211656174,Rota_Reduzida,1
pedido_3774.9168800630364_554,132.6685663675884,117.51937006724353,102.51937006724353,14.78451096053255,15,4.765162361377304,Scooter,Stormy,Medium,Metropolitian,False,0,0,0,3774.9168800630364,3892.43625013028,Rota_Reduzida,0
pedido_3802.1691582038666_567,101.11361006663681,96.04863555690302,81.04863555690302,13.502240545289448,10,4.990089969852874,Moto,Sunny,Medium,Metropolitian,False,0,0,1,3802.1691582038666,3893.2177937607694,Rota_Reduzida,1
pedido_3766.8187962951297_547,142.05470760335464,136.9344577938323,121.93445779383231,19.889551606149645,5,4.472420727235068,Moto,Foggy,High,Metropolitian,False,0,1,0,3766.8187962951297,3893.753254088962,Aumento_Velocidade,0
pedido_3736.770414348738_533,141.0376539201745,164.16156639528742,149.16156639528742,18.32598593175588,10,4.528884025523083,Moto,Stormy,Jam,Urban,True,0,1,0,3736.770414348738,3895.9319807440256,Aumento_Velocidade,0
pedido_3766.2122764087117_545,127.4645983255548,130.151286459099,115.151286459099,0.5264122203847732,15,4.622880839309548,Moto,Stormy,High,Metropolitian,False,0,1,0,3766.2122764087117,3896.3635628678107,Aumento_Velocidade,0
pedido_3726.646900589886_523,176.82477464281627,174.88478154446707,159.88478154446707,13.458028609467405,10,4.4141352110769585,Scooter,Sunny,High,Metropolitian,True,0,1,1,3726.646900589886,3896.531682134353,Aumento_Velocidade,0
pedido_3809.713009100984_573,99.003947290643,92.85749417642606,77.85749417642606,3.9424926223800894,10,5.0,Moto,Sunny,High,Urban,False,0,1,1,3809.713009100984,3897.57050327741,Aumento_Velocidade,1
pedido_3782.6596688416266_556,134.3591600773944,126.73255739230541,111.73255739230541,7.524060883640607,5,5.0,Moto,Windy,Jam,Urban,True,0,1,0,3782.6596688416266,3899.392226233932,Aumento_Velocidade,0
pedido_3793.7427433067655_562,132.188384968569,117.7419678827896,102.7419678827896,4.786526661061291,5,4.636050596240142,Moto,Sandstorms,High,Metropolitian,False,0,1,0,3793.7427433067655,3901.484711189555,Aumento_Velocidade,0
pedido_3813.9703805035956_576,100.52551238629248,77.82386670786481,77.82386670786481,3.4286106798862814,10,4.6052875709899395,Van,Sunny,High,Metropolitian,True,0,1,1,3813.9703805035956,3901.7942472114605,Nenhuma,1
pedido_3739.2303415388933_534,189.06625605872978,175.3625204472725,160.3625204472725,7.851802215083935,5,4.331947005327919,Moto,Sunny,Jam,Metropolitian,True,0,1,1,3739.2303415388933,3904.5928619861656,Aumento_Velocidade,0
pedido_3735.304140768425_529,186.4706222886448,177.3029782951789,162.3029782951789,17.12445573957546,10,4.290093785577788,Scooter,Stormy,High,Metropolitian,False,0,1,0,3735.304140768425,3907.607119063604,Aumento_Velocidade,0
pedido_3846.2003732921808_597,96.45092969835939,68.13295060920574,53.132950609205736,9.384756708334903,15,4.585256389749164,Scooter,Sunny,High,Metropolitian,False,0,1,1,3846.2003732921808,3914.3333239013864,Aumento_Velocidade,1
pedido_3794.2619389405586_563,134.26524228980983,121.45441672372462,106.45441672372462,3.187835786984977,15,4.773596606860807,Moto,Windy,Medium,Urban,False,0,0,0,3794.2619389405586,3915.716355664283,Rota_Reduzida,0
pedido_3815.306897960553_578,103.09489985816776,85.4753010778239,85.4753010778239,2.98161313870905,15,4.939434150444969,Moto,Sandstorms,Low,Urban,True,0,0,0,3815.306897960553,3915.7821990383773,Nenhuma,1
pedido_3809.071351423077_572,129.4669745124289,118.16176199162862,103.16176199162862,4.910591366753278,5,4.940033105396925,Scooter,Windy,High,Metropolitian,False,0,1,0,3809.071351423077,3917.2331134147057,Aumento_Velocidade,0
pedido_3808.2692899078806_571,131.94734146610895,119.33493233075177,104.33493233075177,18.368275095618355,5,4.681858719324517,Moto,Stormy,High,Metropolitian,True,0,1,0,3808.2692899078806,3917.6042222386322,Aumento_Velocidade,0
pedido_3839.606471515301_588,99.48195730741038,88.51644553442408,73.51644553442408,1.7171469295258248,5,4.9110146626869176,Scooter,Sunny,Jam,Metropolitian,False,0,1,1,3839.606471515301,3918.1229170497254,Aumento_Velocidade,1
pedido_3867.05196821138_603,71.51176174891103,56.20091019687622,41.20091019687622,5.562472557068741,10,4.336746709511749,Scooter,Sunny,Jam,Urban,False,1,1,1,3867.05196821138,3918.252878408256,Aumento_Velocidade,1
pedido_3801.8171532604924_566,138.57477833695725,117.56843174037152,102.56843174037152,10.238340143590916,15,5.0,Scooter,Windy,High,Metropolitian,True,0,1,0,3801.8171532604924,3919.385585000864,Aumento_Velocidade,0
pedido_3843.8681057577264_591,95.5788166304276,81.59735563779692,66.59735563779692,6.835642804702246,10,4.562541333907022,Moto,Sunny,High,Urban,False,0,1,1,3843.8681057577264,3920.4654613955236,Aumento_Velocidade,1
pedido_3760.0245114160566_542,176.7488281613606,171.572197319511,156.572197319511,3.1609441551952604,10,4.356489925788717,Scooter,Sandstorms,High,Metropolitian,False,0,1,0,3760.0245114160566,3926.5967087355675,Aumento_Velocidade,0
pedido_3844.898037540984_593,103.81985237156267,89.7285736204372,74.7285736204372,14.252563224404495,10,4.836358842521923,Scooter,Sunny,High,Metropolitian,True,0,1,1,3844.898037540984,3929.6266111614214,Aumento_Velocidade,1
pedido_3843.1132538057304_590,99.3974574175129,73.49965825237487,73.49965825237487,6.088575455972485,15,4.722929940031722,Van,Sunny,Jam,Urban,False,0,1,1,3843.1132538057304,3931.6129120581054,Nenhuma,1
pedido_3802.8318650127635_568,138.48097184584412,120.07614618854001,120.07614618854001,15.850523363245506,10,4.496460809609918,Van,Stormy,Jam,Metropolitian,False,0,1,0,3802.8318650127635,3932.9080112013035,Nenhuma,0
pedido_3834.8448817400827_585,133.5119959442174,112.14890004452775,97.14890004452775,16.615536291472758,5,4.907115760073446,Moto,Windy,High,Urban,False,0,1,0,3834.8448817400827,3936.9937817846103,Aumento_Velocidade,1
pedido_3804.7665917146396_570,143.13772521093324,127.42421217578465,127.42421217578465,15.059276222900218,5,4.850112047404489,Van,Foggy,Medium,Metropolitian,False,0,0,0,3804.7665917146396,3937.1908038904244,Nenhuma,0
pedido_3815.064712747349_577,143.13772521093324,136.3026552191417,121.30265521914171,15.006138677865001,5,4.871285869759061,Scooter,Foggy,Medium,Metropolitian,False,0,0,0,3815.064712747349,3941.3673679664907,Rota_Reduzida,0
pedido_3853.54865354383_600,102.32357167097241,86.07876540139856,86.07876540139856,4.3418301147302865,5,4.564764685592855,Van,Stormy,Low,Metropolitian,False,0,0,0,3853.54865354383,3944.6274189452283,Nenhuma,1
pedido_3823.677862057258_581,135.2559672216462,131.8456309646029,116.84563096460289,11.838804850669863,5,4.527106487204357,Scooter,Stormy,Medium,Metropolitian,False,0,0,0,3823.677862057258,3945.523493021861,Rota_Reduzida,0
pedido_3845.7929387997906_596,111.38528328452311,99.96430052033416,99.96430052033416,10.917183033348653,5,4.838248611147401,Scooter,Foggy,Low,Metropolitian,False,0,0,0,3845.7929387997906,3950.757239320125,Nenhuma,1
pedido_3831.8366837142366_583,134.82985775917936,129.32938640282023,114.32938640282023,3.6958075243756,5,4.566556361247795,Scooter,Foggy,High,Urban,False,0,1,0,3831.8366837142366,3951.1660701170567,Aumento_Velocidade,0
pedido_3863.813189449018_602,130.56502491195982,93.78332302389285,78.78332302389285,19.179224889845113,10,4.905954380677738,Moto,Stormy,High,Metropolitian,False,0,1,0,3863.813189449018,3952.596512472911,Aumento_Velocidade,1
pedido_3823.3240658463706_580,129.1537869931047,139.71933301545988,124.71933301545988,2.1347404725587724,5,4.777473847515209,Moto,Windy,High,Metropolitian,True,0,1,0,3823.3240658463706,3953.0433988618306,Aumento_Velocidade,0
pedido_3831.2581919017707_582,141.27631261218716,122.33728232839545,107.33728232839545,10.812685338851157,15,4.727335126712191,Scooter,Foggy,High,Metropolitian,False,0,1,0,3831.2581919017707,3953.595474230166,Aumento_Velocidade,0
pedido_3883.6026486490446_616,99.58204881086277,56.09308361929634,56.09308361929634,5.750732436214441,15,4.767491699811849,Scooter,Foggy,Low,Metropolitian,False,0,0,0,3883.6026486490446,3954.695732268341,Nenhuma,1
pedido_3809.91317282027_574,175.43608880082084,155.79503689399758,140.79503689399758,3.812630846933927,5,4.27262364577644,Scooter,Stormy,High,Metropolitian,False,0,1,0,3809.91317282027,3955.7082097142675,Aumento_Velocidade,0
pedido_3845.3956145000025_594,103.8326881689607,105.64935877017984,105.64935877017984,4.811723871173647,5,4.794616619891665,Moto,Stormy,Low,Metropolitian,True,0,0,0,3845.3956145000025,3956.0449732701823,Nenhuma,1
pedido_3839.356589406949_587,130.142437491438,119.89698826831349,104.89698826831349,6.761179827254091,15,4.5494826369246955,Moto,Windy,High,Metropolitian,False,0,1,0,3839.356589406949,3959.2535776752625,Aumento_Velocidade,0
pedido_3844.0096753530925_592,134.82985775917936,120.95968792314127,105.95968792314127,3.148505587670096,10,4.637776599010546,Moto,Foggy,High,Metropolitian,False,0,1,0,3844.0096753530925,3959.9693632762337,Aumento_Velocidade,0
pedido_3872.3331355180885_609,130.46075994969547,89.71126056580864,74.71126056580864,2.2447370246186096,15,4.484408680112458,Moto,Sandstorms,High,Metropolitian,False,0,1,0,3872.3331355180885,3962.044396083897,Aumento_Velocidade,1
pedido_3833.121191705322_584,136.67068800334116,133.68758065717228,118.68758065717228,12.236715841212632,15,4.806968364993271,Scooter,Sandstorms,Medium,Metropolitian,False,0,0,0,3833.121191705322,3966.8087723624944,Rota_Reduzida,0
pedido_3845.433694960018_595,137.87203087482445,126.49492896195002,111.49492896195002,17.06632175887578,10,5.0,Scooter,Sandstorms,Medium,Metropolitian,False,0,0,0,3845.433694960018,3966.9286239219678,Rota_Reduzida,0
pedido_3870.840402526362_608,99.02571220929418,86.59918951012311,86.59918951012311,1.1832053922091248,10,4.705426638861681,Scooter,Windy,Low,Metropolitian,False,0,0,0,3870.840402526362,3967.4395920364855,Nenhuma,1
pedido_3879.2284889076905_614,126.26372359183021,91.76612881010044,76.76612881010044,8.553353992074591,15,4.671289216268291,Scooter,Foggy,Medium,Metropolitian,True,0,0,0,3879.2284889076905,3970.994617717791,Rota_Reduzida,1
pedido_3784.703023068734_557,177.8087859092965,196.94071115774486,181.94071115774486,3.040211936911569,5,4.225255908680682,Moto,Foggy,High,Urban,True,0,1,0,3784.703023068734,3971.643734226479,Aumento_Velocidade,0
pedido_3880.013882501449_615,100.8849898708039,103.58692089132704,88.58692089132704,5.1607299593931675,5,4.616225880264713,Moto,Sunny,High,Metropolitian,True,0,1,1,3880.013882501449,3973.600803392776,Aumento_Velocidade,1
pedido_3847.2038963958_598,130.19349661771207,131.6167223146196,116.61672231461961,5.684030096170845,10,4.945683581545591,Scooter,Foggy,Jam,Urban,True,0,1,0,3847.2038963958,3973.8206187104192,Aumento_Velocidade,0
pedido_3862.8610851828694_601,131.9515597341283,111.44473274350739,96.44473274350739,1.3432170515329855,15,4.608718654339888,Moto,Sandstorms,High,Metropolitian,False,0,1,0,3862.8610851828694,3974.3058179263767,Aumento_Velocidade,0
pedido_3867.6589728262775_604,138.1660787358417,111.69396539557759,96.69396539557759,18.897538097086617,10,4.927255409163436,Moto,Sandstorms,Medium,Metropolitian,False,0,0,0,3867.6589728262775,3974.352938221855,Rota_Reduzida,0
pedido_3817.3140105126386_579,198.32127965838768,157.15994414867794,142.15994414867794,11.169251813031781,15,4.4223604496540245,Moto,Stormy,Jam,Metropolitian,True,0,1,0,3817.3140105126386,3974.4739546613164,Aumento_Velocidade,0
pedido_3811.2406111438518_575,140.42219060064247,168.7915580168858,153.7915580168858,10.519159383981833,10,4.6300891070399075,Scooter,Foggy,High,Metropolitian,False,0,1,0,3811.2406111438518,3975.032169160738,Aumento_Velocidade,0
pedido_3895.759844674929_621,99.17088575986794,79.6374589067376,64.6374589067376,8.88298620566356,15,4.61421492745749,Scooter,Sunny,High,Urban,True,0,1,1,3895.759844674929,3975.3973035816666,Aumento_Velocidade,1
pedido_3916.1411936401373_633,66.42595649749786,70.43053565679253,55.43053565679253,4.131354748507153,5,4.343848310446331,Moto,Windy,Jam,Metropolitian,False,1,1,0,3916.1411936401373,3976.57172929693,Aumento_Velocidade,1
pedido_3836.057079037149_586,134.23358494018893,136.72009014479877,136.72009014479877,12.456246712510737,5,4.696020058943535,Van,Stormy,Jam,Metropolitian,False,0,1,0,3836.057079037149,3977.7771691819476,Nenhuma,0
pedido_3897.150488707349_623,102.58424060468982,87.62006553586683,72.62006553586683,15.312237658228934,10,4.963885633777588,Moto,Sunny,Medium,Metropolitian,False,0,0,1,3897.150488707349,3979.7705542432154,Rota_Reduzida,1
pedido_3893.5176539903014_618,99.16252388160774,97.72910601955134,82.72910601955134,12.087877029756957,10,4.787823630351308,Moto,Sunny,Medium,Metropolitian,False,0,0,1,3893.5176539903014,3986.2467600098526,Rota_Reduzida,1
pedido_3875.636803469986_612,134.6430424670776,111.15246876511218,96.15246876511218,16.991334128415257,15,4.823442931420857,Moto,Sandstorms,High,Metropolitian,False,0,1,0,3875.636803469986,3986.789272235098,Aumento_Velocidade,0
pedido_3867.7826799292775_605,129.05151451860308,131.8043656148295,116.80436561482949,9.562865561260558,5,4.6699355376137985,Scooter,Windy,Jam,Metropolitian,False,0,1,0,3867.7826799292775,3989.587045544107,Aumento_Velocidade,0
pedido_3970.7709734042805_669,38.03196909764608,9.350632373354486,9.350632373354486,5.424440970485798,10,4.70019633551287,Scooter,Sunny,Medium,Other,False,1,0,1,3970.7709734042805,3990.121605777635,Nenhuma,1
pedido_3901.0993865009077_626,95.7534846130962,94.2385506366884,79.2385506366884,8.089283224098457,10,5.0,Moto,Sunny,High,Metropolitian,False,0,1,1,3901.0993865009077,3990.3379371375963,Aumento_Velocidade,1
pedido_3925.750487886645_643,98.36114035328379,75.262409581302,60.262409581301995,8.051477398455003,5,4.688845606707612,Scooter,Sunny,Jam,Metropolitian,False,0,1,1,3925.750487886645,3991.012897467947,Aumento_Velocidade,1
pedido_3869.566923478871_607,128.8166990156217,126.26057135390175,111.26057135390175,5.42606203755011,15,4.8247333787970685,Scooter,Windy,High,Metropolitian,True,0,1,0,3869.566923478871,3995.827494832773,Aumento_Velocidade,0
pedido_3878.8489958255695_613,132.5890508583103,125.0836737332375,110.0836737332375,13.99769646329929,10,4.590164656555753,Moto,Windy,High,Urban,False,0,1,0,3878.8489958255695,3998.932669558807,Aumento_Velocidade,0
pedido_3904.860116269996_627,130.8626028675974,97.20163368044754,82.20163368044754,14.605816982586665,15,4.613541827523273,Moto,Stormy,High,Metropolitian,True,0,1,0,3904.860116269996,4002.0617499504438,Aumento_Velocidade,1
pedido_3921.8070630418247_639,101.85067578837038,90.53811900763667,75.53811900763667,15.579531672349546,5,5.0,Moto,Sunny,High,Metropolitian,False,0,1,1,3921.8070630418247,4002.3451820494615,Aumento_Velocidade,1
pedido_3958.058253830886_661,35.14049374410791,39.843650780696635,39.843650780696635,6.072490885910528,5,4.533020504184684,Moto,Stormy,Low,Urban,False,1,0,0,3958.058253830886,4002.9019046115827,Nenhuma,1
pedido_3898.3746722875376_624,129.46627675463478,116.41215936177784,101.41215936177784,11.903431297780013,5,4.767310532028219,Moto,Stormy,High,Metropolitian,False,0,1,0,3898.3746722875376,4004.7868316493154,Aumento_Velocidade,0
pedido_3839.7367260825936_589,189.5538543790766,177.22631462867966,162.22631462867966,11.791532823898937,5,4.422589430435009,Moto,Foggy,High,Urban,False,0,1,0,3839.7367260825936,4006.963040711273,Aumento_Velocidade,0
pedido_3967.5307088602667_666,45.92122600932238,25.827640919330392,25.827640919330392,15.422096502076435,15,4.775088997423664,Van,Windy,High,Urban,True,1,1,0,3967.5307088602667,4008.358349779597,Nenhuma,1
pedido_3919.2120427351833_635,95.39972886521163,95.52631202643673,80.52631202643673,0.0,10,4.788702580208091,Moto,Sunny,High,Urban,False,0,1,1,3919.2120427351833,4009.73835476162,Aumento_Velocidade,1
pedido_3978.4650629414236_674,46.86901561248447,22.637510839773846,22.637510839773846,11.488154829074013,10,4.969702835870735,Moto,Sandstorms,Jam,Metropolitian,False,1,1,0,3978.4650629414236,4011.1025737811974,Nenhuma,1
pedido_3896.5584395530236_622,129.59430586216735,121.23643612136414,106.23643612136414,9.68710000628738,10,4.581731363941947,Scooter,Stormy,High,Urban,False,0,1,0,3896.5584395530236,4012.7948756743876,Aumento_Velocidade,0
pedido_3875.0454473336176_611,130.69081648866165,133.6034295755325,133.6034295755325,6.335957315543068,10,4.428011968376542,Scooter,Sandstorms,Low,Metropolitian,False,0,0,0,3875.0454473336176,4018.64887690915,Nenhuma,0
pedido_3985.8273549564824_678,34.25403940527717,19.013870497686945,19.013870497686945,6.697096195902455,15,4.852949013382002,Scooter,Foggy,Low,Metropolitian,True,1,0,0,3985.8273549564824,4019.8412254541695,Nenhuma,1
pedido_3906.6928476516505_628,123.81360080379486,121.87337574658497,101.87337574658497,2.9245628223857487,15,4.753314236474146,Moto,Windy,Jam,Other,True,0,1,0,3906.6928476516505,4023.5662233982353,Rota_Reduzida,0
pedido_3920.5907126882717_638,101.11173282921595,98.44168053159233,98.44168053159233,2.1859056943026225,5,4.470543649560028,Moto,Sandstorms,Low,Metropolitian,False,0,0,0,3920.5907126882717,4024.032393219864,Nenhuma,1
pedido_3891.138678642123_617,137.1053797399156,134.06006259150635,119.06006259150635,6.38830375710082,15,5.0,Moto,Sandstorms,High,Metropolitian,False,0,1,0,3891.138678642123,4025.1987412336293,Aumento_Velocidade,0
pedido_3948.67121664919_654,94.63158532354707,81.59226604303616,66.59226604303616,6.70048034186462,10,4.676882853611761,Moto,Sunny,High,Metropolitian,False,0,1,1,3948.67121664919,4025.263482692226,Aumento_Velocidade,1
pedido_3917.0253421522807_634,110.37209041485477,103.58631232910159,103.58631232910159,13.793888440242151,5,4.558467563585918,Moto,Foggy,Low,Metropolitian,False,0,0,0,3917.0253421522807,4025.611654481382,Nenhuma,1
pedido_3900.2913585508595_625,143.42981624996528,127.46142448203673,112.46142448203673,19.215527489343774,15,4.523232822467173,Scooter,Foggy,Medium,Metropolitian,True,0,0,0,3900.2913585508595,4027.7527830328963,Rota_Reduzida,0
pedido_3915.501824269683_632,133.3851175247344,125.64751423890701,110.64751423890701,6.563183707132136,5,4.986028831751964,Moto,Windy,Jam,Urban,False,0,1,0,3915.501824269683,4031.14933850859,Aumento_Velocidade,0
pedido_3922.5252705603757_641,134.61825869353086,115.79585741725171,100.79585741725171,10.124319125148471,10,4.908690075394939,Scooter,Sandstorms,Medium,Metropolitian,False,0,0,0,3922.5252705603757,4033.3211279776274,Rota_Reduzida,0
pedido_3914.5629992709664_631,136.74774881983512,130.93496690973905,115.93496690973905,12.185471483276782,5,5.0,Scooter,Windy,High,Metropolitian,False,0,1,0,3914.5629992709664,4035.4979661807056,Aumento_Velocidade,0
pedido_3920.1618131506325_636,138.9420434426088,116.54705211404954,101.54705211404954,15.507847322619016,15,5.0,Scooter,Windy,Medium,Metropolitian,False,0,0,0,3920.1618131506325,4036.708865264682,Rota_Reduzida,0
pedido_3873.089355161593_610,187.3226113434092,173.76538459108988,158.76538459108988,14.370028842760306,5,4.390801287310342,Scooter,Stormy,High,Metropolitian,False,0,1,0,3873.089355161593,4036.854739752683,Aumento_Velocidade,0
pedido_3852.904823689624_599,195.2294382944586,189.9572555041402,174.9572555041402,4.137445471852663,10,4.324076511490339,Scooter,Sunny,High,Metropolitian,False,0,1,1,3852.904823689624,4037.862079193764,Aumento_Velocidade,0
pedido_3933.6515667527046_644,132.65986019653798,113.22360396278673,98.22360396278673,3.4175545845291966,10,4.8219997994829615,Scooter,Sandstorms,High,Metropolitian,False,0,1,0,3933.6515667527046,4041.8751707154915,Aumento_Velocidade,0
pedido_3949.2533699642345_655,95.54621114191794,97.8268630146588,82.8268630146588,8.907400987622017,10,4.616634791221046,Scooter,Sunny,High,Metropolitian,False,0,1,1,3949.2533699642345,4042.0802329788935,Aumento_Velocidade,1
pedido_3936.0465157734034_646,113.82976783638179,97.24360694869907,97.24360694869907,12.102961784134198,10,4.456870073229737,Moto,Foggy,Low,Urban,True,0,0,0,3936.0465157734034,4043.2901227221023,Nenhuma,1
pedido_3934.61979097947_645,127.0109653739065,114.35579526671378,99.35579526671378,6.986080023644968,10,4.466025317221401,Scooter,Stormy,High,Urban,False,0,1,0,3934.61979097947,4043.975586246184,Aumento_Velocidade,0
pedido_3867.9837949577277_606,189.7605258862594,188.19124608710527,173.19124608710527,13.492901469280207,5,4.426900230691343,Moto,Foggy,High,Metropolitian,False,0,1,0,3867.9837949577277,4046.175041044833,Aumento_Velocidade,0
pedido_3941.547422373173_649,124.58304580415489,115.2691467492336,100.2691467492336,3.4274848405384315,5,4.762003602052708,Scooter,Sandstorms,Jam,Metropolitian,False,0,1,0,3941.547422373173,4046.8165691224067,Aumento_Velocidade,0
pedido_3923.265054044863_642,140.19943154947018,136.3219726731368,121.3219726731368,14.009116447833303,5,4.925277206381336,Moto,Foggy,High,Metropolitian,False,0,1,0,3923.265054044863,4049.587026718,Aumento_Velocidade,0
pedido_3938.3451372792665_647,131.12923098957708,123.90215099656612,108.90215099656612,4.084836884605579,5,4.535068466697534,Moto,Sandstorms,High,Metropolitian,False,0,1,0,3938.3451372792665,4052.2472882758325,Aumento_Velocidade,0
pedido_3894.55638435422_619,177.84219299184585,166.18826104998436,151.18826104998436,4.370436377279813,10,4.186218050811001,Moto,Foggy,High,Urban,False,0,1,0,3894.55638435422,4055.744645404204,Aumento_Velocidade,0
pedido_3940.261725505082_648,129.04575334455438,125.65371695740006,110.65371695740006,4.497375158787296,5,4.788965437756929,Moto,Windy,Jam,Metropolitian,False,0,1,0,3940.261725505082,4055.9154424624817,Aumento_Velocidade,0
pedido_3954.707789082207_658,125.79619517010295,108.1358540705935,88.1358540705935,3.241218842894194,15,4.870831980935987,Moto,Foggy,High,Other,False,0,1,0,3954.707789082207,4057.8436431528007,Rota_Reduzida,0
pedido_3969.2781223406946_667,101.07605464427874,82.82182088144756,82.82182088144756,3.116103178754559,10,4.55187804902171,Scooter,Foggy,Low,Metropolitian,True,0,0,0,3969.2781223406946,4062.099943222142,Nenhuma,1
pedido_3945.560686804108_651,142.399854513784,122.49374949802251,107.49374949802251,16.02807551044476,10,4.605611977742908,Moto,Foggy,Medium,Metropolitian,False,0,0,0,3945.560686804108,4063.054436302131,Rota_Reduzida,0
pedido_3944.7784939224744_650,134.11631332088552,134.9605819679349,119.9605819679349,19.64251420145431,5,4.767592536341482,Moto,Stormy,Jam,Metropolitian,False,0,1,0,3944.7784939224744,4069.7390758904094,Aumento_Velocidade,0
pedido_3952.330895248129_656,136.08984807027971,119.75217345651737,104.75217345651737,18.729007874069953,15,4.5152366406245035,Moto,Stormy,Medium,Metropolitian,False,0,0,0,3952.330895248129,4072.0830687046464,Rota_Reduzida,0
pedido_3971.6811790846846_670,134.39833402897818,112.56027584776378,97.56027584776378,15.102891430311837,5,4.568812732256074,Moto,Windy,Medium,Metropolitian,False,0,0,0,3971.6811790846846,4074.2414549324485,Rota_Reduzida,1
pedido_3947.6177937238817_653,131.9515597341283,118.10477123266506,118.10477123266506,0.20753115711852477,10,4.556852945720589,Van,Sandstorms,High,Metropolitian,False,0,1,0,3947.6177937238817,4075.7225649565466,Nenhuma,0
pedido_3963.294948200104_662,134.8819635623919,118.48794791485537,103.48794791485537,16.164398395802195,10,4.690640448253291,Scooter,Windy,Medium,Urban,False,0,0,0,3963.294948200104,4076.7828961149594,Rota_Reduzida,0
pedido_3988.202287961233_679,103.51779957801696,84.2637628502267,84.2637628502267,14.230881331423225,5,4.7501233196311246,Scooter,Sandstorms,Low,Metropolitian,True,0,0,0,3988.202287961233,4077.46605081146,Nenhuma,1
pedido_3894.771126510307_620,199.5161865102579,193.3812233340398,178.3812233340398,11.634584846863707,5,4.237633418253415,Moto,Windy,Jam,Metropolitian,False,0,1,0,3894.771126510307,4078.152349844347,Aumento_Velocidade,0
pedido_3974.99441124772_672,135.67492555790074,108.34796152332466,93.34796152332466,12.78259503733649,10,4.568821940190359,Moto,Sandstorms,High,Metropolitian,True,0,1,0,3974.99441124772,4078.3423727710447,Aumento_Velocidade,1
pedido_3966.1826878490774_664,102.54578083006447,98.05999970711804,98.05999970711804,1.8290391817976759,15,4.88956336094724,Moto,Sandstorms,Low,Urban,False,0,0,0,3966.1826878490774,4079.2426875561955,Nenhuma,1
pedido_3952.767782379873_657,111.75211707558933,113.28598285318995,113.28598285318995,12.221038461184762,15,4.644484293584884,Van,Sunny,Jam,Urban,False,0,1,1,3952.767782379873,4081.053765233063,Nenhuma,0
pedido_3954.8746893666716_659,137.68236432619864,132.38524560338263,117.38524560338263,10.121994422123931,10,4.573302102725335,Scooter,Foggy,High,Urban,False,0,1,0,3954.8746893666716,4082.2599349700545,Aumento_Velocidade,0
pedido_3970.0269910970005_668,126.45566465863135,114.14838537017769,99.14838537017769,7.887666758575071,15,4.54380693504198,Moto,Sandstorms,Jam,Urban,False,0,1,0,3970.0269910970005,4084.175376467178,Aumento_Velocidade,0
pedido_3966.4904044072678_665,138.51286565115916,119.02568150573524,104.02568150573524,9.936676376504797,15,5.0,Moto,Foggy,High,Urban,False,0,1,0,3966.4904044072678,4085.516085913003,Aumento_Velocidade,0
pedido_3920.4970544563475_637,183.86802026767816,173.18873326171172,158.18873326171172,20.21887446013003,10,4.230874664404661,Scooter,Sandstorms,High,Metropolitian,True,0,1,0,3920.4970544563475,4088.685787718059,Aumento_Velocidade,0
pedido_3972.5135497365836_671,129.906352315028,126.32360870563127,111.32360870563127,8.009623914296895,5,4.572631061693717,Scooter,Stormy,High,Metropolitian,False,0,1,0,3972.5135497365836,4088.837158442215,Aumento_Velocidade,0
pedido_3908.9500195480955_629,195.3099884186446,182.8431068133898,167.8431068133898,15.295640739793098,15,4.43110081443479,Moto,Sandstorms,Jam,Metropolitian,True,0,1,0,3908.9500195480955,4091.7931263614855,Aumento_Velocidade,0
pedido_4026.9939453670463_696,97.01961496543177,71.82618439633109,56.82618439633109,1.3199312527396945,10,4.960084718953733,Scooter,Sunny,High,Metropolitian,False,0,1,1,4026.9939453670463,4093.8201297633773,Aumento_Velocidade,1
pedido_3988.5957492806247_680,129.02093614320492,110.2906110330947,95.2906110330947,4.255966065869637,10,4.581799256001119,Scooter,Windy,High,Metropolitian,True,0,1,0,3988.5957492806247,4093.8863603137193,Aumento_Velocidade,0
pedido_4050.122383218049_711,43.42477858825387,30.542289856098122,30.542289856098122,4.581328069069926,15,4.544652693180874,Moto,Foggy,Medium,Metropolitian,False,1,0,0,4050.122383218049,4095.6646730741472,Nenhuma,1
pedido_3914.0400876460258_630,171.0280427548206,173.22504612575682,173.22504612575682,13.589935407328108,10,4.399166413049301,Moto,Foggy,Low,Urban,False,0,0,0,3914.0400876460258,4097.2651337717825,Nenhuma,0
pedido_3977.646642241858_673,134.34705410781217,115.04174681356656,115.04174681356656,6.805006513241533,5,4.592216124470236,Van,Sandstorms,Medium,Metropolitian,False,0,0,0,3977.646642241858,4097.6883890554245,Nenhuma,0
pedido_4006.2690721114677_685,108.00054053580165,97.2896529978442,82.2896529978442,20.495061012175192,10,4.551046611514345,Scooter,Sunny,High,Urban,True,0,1,1,4006.2690721114677,4098.558725109312,Aumento_Velocidade,1
pedido_3978.9902404743716_675,126.98710013137217,130.0581372237488,115.05813722374879,5.591943619936162,5,4.456643147063503,Moto,Stormy,Jam,Metropolitian,False,0,1,0,3978.9902404743716,4099.04837769812,Aumento_Velocidade,0
pedido_3922.0234303095517_640,183.69325845256415,190.89160398125557,175.89160398125557,10.35236231485688,5,4.415220123417939,Scooter,Windy,High,Metropolitian,False,0,1,0,3922.0234303095517,4102.915034290807,Aumento_Velocidade,0
pedido_4074.3224414258766_731,34.390702769277794,19.01248897247768,19.01248897247768,5.639416369195155,10,4.790554593870132,Scooter,Sunny,Low,Urban,False,1,0,1,4074.3224414258766,4103.334930398354,Nenhuma,1
pedido_3981.089515371145_676,128.35974406958636,133.85610881595872,118.85610881595872,5.7358408078521315,5,4.711952195737644,Scooter,Stormy,High,Metropolitian,False,0,1,0,3981.089515371145,4104.945624187104,Aumento_Velocidade,0
pedido_3947.556748591964_652,173.74530854709568,162.68222280222682,147.68222280222682,6.802532651871548,10,4.4445923742347855,Moto,Foggy,Medium,Urban,False,0,0,0,3947.556748591964,4105.238971394191,Rota_Reduzida,0
pedido_4026.4067300831557_695,100.00171326255364,82.54962179488756,67.54962179488756,4.748015833031999,15,4.684098423513042,Moto,Sunny,High,Metropolitian,True,0,1,1,4026.4067300831557,4108.956351878043,Aumento_Velocidade,1
pedido_3955.0908022471203_660,185.97995089287096,160.703037168736,145.703037168736,19.784195525185016,10,4.275033353767149,Moto,Stormy,High,Urban,True,0,1,0,3955.0908022471203,4110.793839415856,Aumento_Velocidade,0
pedido_3964.5263514812696_663,136.34491385489824,147.2361548487595,147.2361548487595,14.940958663936224,5,5.0,Van,Sandstorms,High,Metropolitian,True,0,1,0,3964.5263514812696,4116.762506330029,Nenhuma,0
pedido_4021.62609956014_691,125.61105789685192,96.24699252481854,81.24699252481854,0.8130633383470789,15,4.726276353048343,Moto,Sandstorms,Jam,Metropolitian,True,0,1,0,4021.62609956014,4117.873092084958,Aumento_Velocidade,1
pedido_4003.416810349772_684,141.2801078036962,126.93289852701048,111.93289852701048,16.533920694658413,5,4.660978939378851,Moto,Foggy,High,Urban,False,0,1,0,4003.416810349772,4120.349708876783,Aumento_Velocidade,0
pedido_4034.842396998901_699,94.74006854850781,91.37042345239014,76.37042345239014,6.491131459776282,10,4.9011731301396315,Moto,Sunny,High,Urban,False,0,1,1,4034.842396998901,4121.212820451291,Aumento_Velocidade,1
pedido_4011.680402281075_688,135.12886859566132,120.20263861240673,105.20263861240673,7.730305086711993,5,5.0,Moto,Windy,High,Urban,False,0,1,0,4011.680402281075,4121.883040893482,Aumento_Velocidade,0
pedido_4024.160106396252_694,127.89176257409241,103.44857608657797,88.44857608657797,6.930877220996154,10,4.842253606578605,Scooter,Stormy,High,Metropolitian,True,0,1,0,4024.160106396252,4122.60868248283,Aumento_Velocidade,1
pedido_3983.812714294669_677,136.8786325287955,150.76174442888433,135.76174442888433,1.982214705147964,5,4.953076161948186,Scooter,Foggy,High,Metropolitian,False,0,1,0,3983.812714294669,4124.574458723553,Aumento_Velocidade,0
pedido_4023.8621031715065_693,127.39809145975998,114.73721559931423,94.73721559931423,19.10970407696676,10,4.929304190712063,Moto,Windy,High,Other,True,0,1,0,4023.8621031715065,4128.599318770821,Rota_Reduzida,0
pedido_4028.4712234416115_697,102.11269335689741,95.48816296108305,95.48816296108305,6.347798272770901,5,4.8927531876958525,Scooter,Windy,Low,Metropolitian,False,0,0,0,4028.4712234416115,4128.959386402695,Nenhuma,1
pedido_4014.83902669375_689,125.24440535307305,131.64208877063285,116.64208877063285,1.8314473057856744,5,4.734773398266977,Moto,Foggy,Medium,Metropolitian,False,0,0,0,4014.83902669375,4136.481115464383,Rota_Reduzida,0
pedido_4039.478391702906_705,129.36317452941614,98.88049626754855,83.88049626754855,6.9931597408808335,15,4.920349987129725,Moto,Foggy,Jam,Metropolitian,False,0,1,0,4039.478391702906,4138.358887970455,Aumento_Velocidade,1
pedido_4001.7052217722294_683,151.63549024713765,147.48833882933306,132.48833882933306,16.897842834471263,5,4.611076436624632,Moto,Foggy,Jam,Metropolitian,True,0,1,0,4001.7052217722294,4139.193560601562,Aumento_Velocidade,0
pedido_4049.266589097525_709,102.11770937331092,80.35103842851142,80.35103842851142,6.714942528872207,10,4.672578319586488,Scooter,Windy,Low,Urban,False,0,0,0,4049.266589097525,4139.617627526037,Nenhuma,1
pedido_4070.2258280390083_727,94.34577866027905,75.84190307792024,60.841903077920236,8.447059584778778,10,4.7513457518187225,Moto,Sunny,High,Metropolitian,False,0,1,1,4070.2258280390083,4141.067731116928,Aumento_Velocidade,1
pedido_4049.9243115433633_710,102.02519941129191,97.44574046515072,82.44574046515072,12.374075759205887,10,4.5794374885351115,Moto,Sunny,High,Metropolitian,False,0,1,1,4049.9243115433633,4142.370052008514,Aumento_Velocidade,1
pedido_4062.751666469319_720,97.25628711649657,90.60345170634076,75.60345170634076,3.850639234848737,5,4.894223722656296,Moto,Sunny,High,Urban,False,0,1,1,4062.751666469319,4143.355118175659,Aumento_Velocidade,1
pedido_4110.189000286998_757,64.18058203512555,40.51234124252552,20.512341242525522,11.25410838243102,15,4.34998252915675,Scooter,Stormy,High,Other,False,1,1,0,4110.189000286998,4145.701341529523,Rota_Reduzida,1
pedido_4037.6758732713815_702,134.73262316249188,118.32206796985453,103.32206796985453,9.593344074907051,5,4.6635537121252115,Scooter,Windy,Medium,Metropolitian,False,0,0,0,4037.6758732713815,4145.997941241236,Rota_Reduzida,0
pedido_4076.07270626869_732,96.6209904593523,70.83290536093182,55.83290536093182,5.769579678355355,15,4.796732980962375,Scooter,Sunny,Medium,Metropolitian,False,0,0,1,4076.07270626869,4146.9056116296215,Rota_Reduzida,1
pedido_4066.90415198538_726,98.27258581654309,86.62652089884705,66.62652089884705,0.305755832413209,15,4.769122440180772,Moto,Sunny,Jam,Other,True,0,1,1,4066.90415198538,4148.530672884227,Rota_Reduzida,1
pedido_4016.5711154992778_690,144.08842678369174,134.39985075640618,119.39985075640618,13.666658879433479,15,4.85652934633225,Moto,Foggy,High,Urban,True,0,1,0,4016.5711154992778,4150.970966255684,Aumento_Velocidade,0
pedido_4041.38346851453_706,130.95762496298153,109.6287713682488,94.6287713682488,7.10554495280244,15,5.0,Moto,Stormy,High,Metropolitian,True,0,1,0,4041.38346851453,4151.012239882779,Aumento_Velocidade,0
pedido_4038.6794284155276_703,131.350239776598,124.1140945212999,109.1140945212999,11.132962872430468,5,4.702301155214741,Moto,Stormy,High,Metropolitian,True,0,1,0,4038.6794284155276,4152.793522936828,Aumento_Velocidade,0
pedido_4078.6340315963744_735,98.4296916450894,80.87608003129753,65.87608003129753,5.987621754410627,10,4.70158101785659,Scooter,Sunny,High,Metropolitian,False,0,1,1,4078.6340315963744,4154.510111627672,Aumento_Velocidade,1
pedido_4105.572197465173_753,45.05659524370368,34.759264342792655,34.759264342792655,20.518384662788208,15,4.623834568191469,Moto,Sunny,Low,Metropolitian,False,1,0,1,4105.572197465173,4155.331461807966,Nenhuma,1
pedido_4036.062116197099_701,132.6328991192413,125.17785471526156,110.17785471526156,6.1479507514157845,10,4.8292705151424435,Moto,Foggy,High,Metropolitian,False,0,1,0,4036.062116197099,4156.23997091236,Aumento_Velocidade,0
pedido_4042.3628419877714_708,139.0312758457077,124.11918725299856,109.11918725299856,10.633296662865398,5,4.578990824563567,Moto,Windy,Jam,Metropolitian,True,0,1,0,4042.3628419877714,4156.48202924077,Aumento_Velocidade,0
pedido_4050.9939242059963_713,101.11927947097358,101.07197788709225,101.07197788709225,5.2808705003655865,5,4.995461493166485,Moto,Windy,Low,Metropolitian,False,0,0,0,4050.9939242059963,4157.065902093089,Nenhuma,1
pedido_4053.5911983545016_715,130.96223913529008,105.33842051094028,90.33842051094028,3.6561523151440607,15,4.747746416000401,Moto,Sandstorms,Medium,Metropolitian,False,0,0,0,4053.5911983545016,4158.929618865442,Rota_Reduzida,0
pedido_4023.5307799418943_692,134.11802551561527,145.66286683324273,130.66286683324273,13.212180275559,5,4.903608104838053,Scooter,Sandstorms,High,Urban,False,0,1,0,4023.5307799418943,4159.193646775137,Aumento_Velocidade,0
pedido_4038.8069339510657_704,131.44586427633337,132.0759490596409,117.07594905964089,8.119111526586313,5,4.529981111113394,Moto,Sandstorms,High,Metropolitian,False,0,1,0,4038.8069339510657,4160.882883010707,Aumento_Velocidade,0
pedido_4030.3207178468415_698,138.89729895664507,143.4214498162462,128.4214498162462,10.066161152570167,5,5.0,Moto,Foggy,High,Metropolitian,False,0,1,0,4030.3207178468415,4163.7421676630875,Aumento_Velocidade,0
pedido_3996.8030703805643_682,161.40122328155476,153.82943554720845,153.82943554720845,11.890140736114654,15,4.34300755573554,Scooter,Sandstorms,Low,Urban,False,0,0,0,3996.8030703805643,4165.632505927772,Nenhuma,0
pedido_4009.086388130524_687,144.13579058019133,167.2458560724651,152.2458560724651,13.664323466469636,5,4.596006242051623,Scooter,Foggy,High,Urban,True,0,1,0,4009.086388130524,4166.332244202989,Aumento_Velocidade,0
pedido_4057.661722376414_718,136.57473218333155,119.3464673678311,104.3464673678311,13.489050584121005,5,4.713446593192741,Scooter,Sandstorms,Medium,Metropolitian,False,0,0,0,4057.661722376414,4167.008189744245,Rota_Reduzida,0
pedido_4057.2483138668335_717,123.41894986164664,115.47741356630189,100.47741356630189,1.9752191726972272,10,4.6570358684108095,Scooter,Stormy,Jam,Urban,False,0,1,0,4057.2483138668335,4167.725727433135,Aumento_Velocidade,0
pedido_3995.967359559884_681,186.08615434524913,179.11033567846738,164.11033567846738,14.163466791010658,10,4.360985653494585,Moto,Windy,High,Urban,False,0,1,0,3995.967359559884,4170.077695238351,Aumento_Velocidade,0
pedido_4065.107098581895_723,140.19943154947018,106.79882436713653,91.79882436713653,15.668989269726067,15,4.850532967293472,Moto,Foggy,High,Metropolitian,False,0,1,0,4065.107098581895,4171.905922949031,Aumento_Velocidade,0
pedido_4056.783311988872_716,128.66166503117913,125.53537218165826,110.53537218165826,2.5271677340236467,5,4.721612904190893,Moto,Foggy,Jam,Metropolitian,True,0,1,0,4056.783311988872,4172.31868417053,Aumento_Velocidade,0
pedido_4081.62194851486_738,98.09455266861596,90.1015663362978,90.1015663362978,5.829645446773463,5,4.673226682035257,Van,Sunny,High,Metropolitian,False,0,1,1,4081.62194851486,4176.723514851158,Nenhuma,1
pedido_4072.4888958375377_730,134.05618403169638,108.69068712581888,93.69068712581888,4.670926822564893,15,4.798300244674729,Moto,Foggy,High,Metropolitian,False,0,1,0,4072.4888958375377,4181.179582963357,Aumento_Velocidade,0
pedido_4064.4948335540457_722,134.99587420384785,122.14674834250806,107.14674834250806,17.160170906403522,10,4.556000105119351,Scooter,Sandstorms,Medium,Other,False,0,0,0,4064.4948335540457,4181.641581896553,Rota_Reduzida,0
pedido_4042.324615641636_707,145.94038159444145,144.8434763943159,129.8434763943159,20.003462154806428,10,4.996602423176919,Moto,Sandstorms,Jam,Urban,True,0,1,0,4042.324615641636,4182.168092035951,Aumento_Velocidade,0
pedido_4143.539707089694_775,40.741404078469785,33.88913982513402,33.88913982513402,9.86773235883432,5,4.660678089093487,Moto,Sunny,High,Metropolitian,True,1,1,1,4143.539707089694,4182.428846914829,Nenhuma,1
pedido_4070.379083850747_728,135.47349869920905,117.86188939109064,102.86188939109064,13.351918307545127,10,4.656096716927419,Moto,Sandstorms,High,Metropolitian,True,0,1,0,4070.379083850747,4183.240973241837,Aumento_Velocidade,0
pedido_4065.8513039362388_724,128.06318059579183,131.44455071134428,116.44455071134428,5.189871045255945,5,4.811215666616611,Moto,Stormy,High,Urban,True,0,1,0,4065.8513039362388,4187.295854647583,Aumento_Velocidade,0
pedido_4063.848198670776_721,130.3810862204473,134.415004721248,119.41500472124801,8.219606620588081,5,4.7391420718175175,Scooter,Foggy,Jam,Metropolitian,False,0,1,0,4063.848198670776,4188.2632033920245,Aumento_Velocidade,0
pedido_4084.0064241673667_740,128.9355539717476,106.55021330155908,91.55021330155908,4.498729069567884,15,4.4868624793829275,Scooter,Windy,High,Metropolitian,False,0,1,0,4084.0064241673667,4190.556637468925,Aumento_Velocidade,0
pedido_4149.760701918319_779,43.7671123424685,36.55139005280338,36.55139005280338,6.731395583262825,5,4.700768008012311,Scooter,Foggy,High,Metropolitian,False,1,1,0,4149.760701918319,4191.312091971122,Nenhuma,1
pedido_4066.3430276010135_725,141.69596539379722,138.56375583423088,123.56375583423088,11.814359575110254,5,4.9030164989209934,Scooter,Foggy,Medium,Metropolitian,False,0,0,0,4066.3430276010135,4194.9067834352445,Rota_Reduzida,0
pedido_4079.1348185077322_736,136.0433863662986,126.25153567212686,111.25153567212686,17.218920366956336,5,4.872770332443471,Moto,Windy,Jam,Urban,False,0,1,0,4079.1348185077322,4195.386354179859,Aumento_Velocidade,0
pedido_4098.546748160779_747,125.70712936722668,101.89859532215962,86.89859532215962,1.4370055131146868,10,4.762619262986414,Moto,Foggy,Medium,Metropolitian,False,0,0,0,4098.546748160779,4195.445343482939,Rota_Reduzida,1
pedido_4062.664014132128_719,133.34916362235722,142.8316805011355,127.83168050113551,1.7939651088269932,5,4.890044499556066,Scooter,Foggy,High,Metropolitian,False,0,1,0,4062.664014132128,4195.495694633264,Aumento_Velocidade,0
pedido_4102.062669463554_751,97.39833776986896,84.08971050450954,84.08971050450954,8.045322800843493,10,4.7881407035808765,Moto,Sunny,Low,Metropolitian,False,0,0,1,4102.062669463554,4196.1523799680635,Nenhuma,1
pedido_4008.3267639680935_686,178.32023742014235,184.3057908187496,184.3057908187496,6.609200678554279,5,4.327750479689498,Van,Foggy,High,Metropolitian,True,0,1,0,4008.3267639680935,4197.632554786843,Nenhuma,0
pedido_4078.0733671108496_734,134.90289495658865,133.23783225822635,118.23783225822635,18.383426239599263,5,4.612673818520514,Moto,Stormy,Medium,Metropolitian,False,0,0,0,4078.0733671108496,4201.311199369076,Rota_Reduzida,0
pedido_4035.825536675584_700,175.84839019317369,173.70593267124673,158.70593267124673,5.299007523794091,10,4.340387016566979,Scooter,Sandstorms,High,Metropolitian,False,0,1,0,4035.825536675584,4204.531469346831,Aumento_Velocidade,0
pedido_4101.004903614034_748,127.09381212290116,104.98204089121177,89.98204089121177,0.0,15,4.803030457659263,Scooter,Stormy,High,Urban,False,0,1,0,4101.004903614034,4205.986944505246,Aumento_Velocidade,1
pedido_4163.217767910627_790,48.77863113238204,28.518661653901127,28.518661653901127,7.94938287432576,15,5.0,Moto,Sandstorms,Jam,Metropolitian,True,1,1,0,4163.217767910627,4206.736429564528,Nenhuma,1
pedido_4168.896386860512_795,38.03966626327588,28.385468534033443,28.385468534033443,5.957996513175161,10,4.730642757270968,Moto,Sunny,High,Urban,False,1,1,1,4168.896386860512,4207.281855394546,Nenhuma,1
pedido_4097.0248594552395_745,125.08422856989364,115.50559390829976,100.50559390829976,4.890949589362573,10,4.459553426263536,Moto,Stormy,High,Metropolitian,True,0,1,0,4097.0248594552395,4207.530453363539,Aumento_Velocidade,0
pedido_4095.0925787727624_743,139.929493425998,113.22444447010946,98.22444447010946,14.941411688057888,15,5.0,Moto,Windy,Jam,Metropolitian,False,0,1,0,4095.0925787727624,4208.317023242872,Aumento_Velocidade,0
pedido_4083.115868005495_739,135.2349377051799,138.2787208324328,123.27872083243281,10.448152910779324,5,4.945930087969352,Scooter,Windy,High,Metropolitian,False,0,1,0,4083.115868005495,4211.394588837928,Aumento_Velocidade,0
pedido_4101.71858493745_749,135.25679260303028,121.27496846147086,106.27496846147086,12.507542651656422,5,4.707466672141156,Moto,Windy,Jam,Urban,False,0,1,0,4101.71858493745,4212.993553398921,Aumento_Velocidade,0
pedido_4076.8398130828637_733,132.37916115113907,146.41080330392646,131.41080330392646,2.7572782348872127,5,4.779919957210277,Moto,Stormy,Medium,Metropolitian,False,0,0,0,4076.8398130828637,4213.25061638679,Rota_Reduzida,0
pedido_4176.698409355523_801,44.01385930709346,22.54787917943952,22.54787917943952,3.836893361249219,15,4.709391962159061,Moto,Sandstorms,Jam,Metropolitian,False,1,1,0,4176.698409355523,4214.246288534962,Nenhuma,1
pedido_4116.875863406546_762,103.86162283122674,83.58547237423903,83.58547237423903,3.73298484813051,15,4.664097764182224,Moto,Windy,Low,Metropolitian,True,0,0,0,4116.875863406546,4215.461335780785,Nenhuma,1
pedido_4101.852460481046_750,130.40343468734383,121.50518338299472,106.50518338299472,2.499099711002924,10,4.9952463056039,Moto,Windy,Jam,Metropolitian,False,0,1,0,4101.852460481046,4218.357643864041,Aumento_Velocidade,0
pedido_4132.842922043708_769,97.35636535369598,78.18973908180403,78.18973908180403,2.59994388139754,10,4.596334066660081,Scooter,Sunny,Low,Metropolitian,True,0,0,1,4132.842922043708,4221.032661125512,Nenhuma,1
pedido_4051.0444950096144_714,177.44617910514918,170.64924541820284,155.64924541820284,10.740249636330411,15,4.384923305563639,Moto,Sunny,High,Metropolitian,True,0,1,1,4051.0444950096144,4221.693740427817,Aumento_Velocidade,0
pedido_4086.235453117105_741,152.2628286924769,137.89665121492,122.89665121492001,21.67394484810123,15,4.713402524207978,Moto,Foggy,Jam,Metropolitian,False,0,1,0,4086.235453117105,4224.132104332025,Aumento_Velocidade,0
pedido_4136.54181075217_772,94.59897983503738,98.95866166185394,83.95866166185394,8.343114153588932,5,4.725800026529234,Moto,Sunny,High,Urban,False,0,1,1,4136.54181075217,4225.5004724140235,Aumento_Velocidade,1
pedido_4175.5224148669_800,52.52645697273703,36.20879866562931,36.20879866562931,0.29109845972924386,15,4.65059402595156,Scooter,Sandstorms,Medium,Semi-Urban,False,1,0,0,4175.5224148669,4226.73121353253,Nenhuma,1
pedido_4113.241373473217_760,127.330902920737,113.59037181243272,98.59037181243272,2.288832448592394,15,4.557527615665229,Scooter,Windy,Jam,Metropolitian,False,0,1,0,4113.241373473217,4226.83174528565,Aumento_Velocidade,0
pedido_4113.202380647724_759,127.4645983255548,114.16609068575517,99.16609068575517,1.0304827359730941,15,4.626771470824778,Moto,Stormy,High,Metropolitian,False,0,1,0,4113.202380647724,4227.368471333479,Aumento_Velocidade,0
pedido_4113.188050189308_758,133.17641874363258,125.88099724715556,110.88099724715556,14.854022468159977,5,4.650641872379908,Moto,Stormy,Jam,Metropolitian,False,0,1,0,4113.188050189308,4229.069047436464,Aumento_Velocidade,0
pedido_4103.762851640475_752,133.20862776619202,130.85682561368995,115.85682561368995,17.10827016103669,10,4.834966174112428,Scooter,Stormy,Jam,Metropolitian,False,0,1,0,4103.762851640475,4229.619677254164,Aumento_Velocidade,0
pedido_4098.298221818828_746,134.80558238292366,143.39468259850545,128.39468259850545,5.270085389558008,5,4.849224748675762,Moto,Stormy,Medium,Metropolitian,False,0,0,0,4098.298221818828,4231.692904417334,Rota_Reduzida,0
pedido_4156.816824990802_782,98.30735841297896,79.89621643022481,64.89621643022481,8.623255541153025,10,4.6879527800155305,Moto,Sunny,High,Metropolitian,True,0,1,1,4156.816824990802,4231.713041421027,Aumento_Velocidade,1
pedido_4119.636433015182_763,140.83116541075674,118.34753883986409,103.34753883986409,16.637508360023354,10,4.493181239108971,Scooter,Foggy,High,Metropolitian,False,0,1,0,4119.636433015182,4232.983971855046,Aumento_Velocidade,0
pedido_4072.140822237715_729,186.08615434524913,166.74598718153328,151.74598718153328,15.664161974845067,10,4.380747793524107,Scooter,Windy,High,Metropolitian,False,0,1,0,4072.140822237715,4233.8868094192485,Aumento_Velocidade,0
pedido_4105.844425854839_754,125.82283207891876,133.57419142557154,118.57419142557154,7.316956578977212,10,4.454837208629452,Scooter,Sandstorms,Jam,Metropolitian,False,0,1,0,4105.844425854839,4234.41861728041,Aumento_Velocidade,0
pedido_4050.7147060506722_712,195.3730883301864,203.15163215477588,188.15163215477588,4.611231475919044,5,4.298991445545566,Moto,Sunny,High,Metropolitian,False,0,1,1,4050.7147060506722,4243.866338205448,Aumento_Velocidade,0
pedido_4079.1827939141076_737,181.85786702969304,175.315690333483,160.315690333483,9.344367743365881,5,4.443867904632658,Moto,Sandstorms,Jam,Urban,False,0,1,0,4079.1827939141076,4244.498484247591,Aumento_Velocidade,0
pedido_4094.0532459423184_742,149.1076947561497,152.79271719947474,137.79271719947474,14.803918462869616,15,4.706554280556682,Scooter,Foggy,Jam,Metropolitian,False,0,1,0,4094.0532459423184,4246.845963141794,Aumento_Velocidade,0
pedido_4161.861270211417_788,109.65325228437761,88.19374313801832,73.19374313801832,10.410728409142589,15,4.885369559765252,Moto,Sunny,Jam,Urban,True,0,1,1,4161.861270211417,4250.055013349435,Aumento_Velocidade,1
pedido_4161.640853838551_787,127.48797607128466,90.7705438018377,75.7705438018377,6.817870660991289,15,4.738108450654715,Moto,Stormy,High,Metropolitian,True,0,1,0,4161.640853838551,4252.411397640389,Aumento_Velocidade,1
pedido_4184.918469025526_804,106.3806384561024,74.19749176549143,59.197491765491435,17.4106016237773,10,4.611570437206585,Moto,Sunny,High,Metropolitian,True,0,1,1,4184.918469025526,4254.115960791018,Aumento_Velocidade,1
pedido_4155.010444175564_781,95.25023207545257,110.61861047708392,95.61861047708392,0.0,5,4.661859050830377,Moto,Sunny,High,Metropolitian,False,0,1,1,4155.010444175564,4255.629054652648,Aumento_Velocidade,1
pedido_4142.99390052912_774,133.90516160168426,123.7803680511675,108.7803680511675,11.383251015187078,5,4.6340948423780555,Moto,Windy,High,Metropolitian,True,0,1,0,4142.99390052912,4256.774268580288,Aumento_Velocidade,0
pedido_4130.617988296499_768,132.71950295366054,136.72959944658746,121.72959944658746,4.044356335827213,5,4.837259901661999,Scooter,Foggy,High,Urban,True,0,1,0,4130.617988296499,4257.3475877430865,Aumento_Velocidade,0
pedido_4183.300143325065_803,101.85067578837038,74.412251863384,59.412251863384,14.467112149951754,15,5.0,Scooter,Sunny,High,Metropolitian,False,0,1,1,4183.300143325065,4257.712395188449,Aumento_Velocidade,1
pedido_4130.106864513768_767,127.0109653739065,138.27735295377494,123.27735295377494,7.078274040305055,5,4.515324080652993,Moto,Stormy,High,Metropolitian,False,0,1,0,4130.106864513768,4258.384217467544,Aumento_Velocidade,0
pedido_4163.380058741038_791,126.98465459877232,100.48659554871884,85.48659554871884,5.46756069295433,10,4.9458327279543495,Moto,Stormy,High,Metropolitian,False,0,1,0,4163.380058741038,4258.866654289756,Aumento_Velocidade,1
pedido_4121.868236822788_764,141.67887272572975,143.52640433882542,128.52640433882542,15.764355059911681,10,5.0,Moto,Foggy,High,Metropolitian,False,0,1,0,4121.868236822788,4260.394641161613,Aumento_Velocidade,0
pedido_4114.653517625297_761,134.80112613464112,142.57192708941776,142.57192708941776,18.450544320067365,5,5.0,Van,Stormy,High,Metropolitian,True,0,1,0,4114.653517625297,4262.225444714715,Nenhuma,0
pedido_4139.048509909227_773,132.5995064518903,128.7351957736577,113.7351957736577,14.300489115211535,10,5.0,Scooter,Stormy,High,Metropolitian,False,0,1,0,4139.048509909227,4262.783705682884,Aumento_Velocidade,0
pedido_4134.527573777555_770,134.3475132446213,129.7555037023887,114.7555037023887,10.289464039864253,15,4.874724370451328,Moto,Sandstorms,High,Metropolitian,False,0,1,0,4134.527573777555,4264.283077479943,Aumento_Velocidade,0
pedido_4096.529187406997_744,162.43295880519182,154.59019347048053,154.59019347048053,15.367009752595145,15,4.333528993007842,Scooter,Sandstorms,Low,Metropolitian,False,0,0,0,4096.529187406997,4266.119380877478,Nenhuma,0
pedido_4159.3379974089585_786,128.9175204651504,107.86025867187516,92.86025867187516,2.6158254903177425,15,4.734105957684452,Moto,Stormy,High,Metropolitian,True,0,1,0,4159.3379974089585,4267.198256080834,Aumento_Velocidade,0
pedido_4157.189314263149_783,144.94276481933912,121.16090812518854,106.16090812518854,11.538546793458847,5,4.5424472300376255,Moto,Foggy,High,Metropolitian,True,0,1,0,4157.189314263149,4268.350222388337,Aumento_Velocidade,0
pedido_4167.411630141163_793,139.7153085249541,111.87907523365944,96.87907523365944,14.610541689531503,5,4.791896008193853,Moto,Sandstorms,Jam,Urban,False,0,1,0,4167.411630141163,4269.290705374822,Aumento_Velocidade,1
pedido_4150.6956332630825_780,131.69602531479595,138.15838034618233,118.15838034618233,16.53699130515721,5,4.726689638798654,Moto,Foggy,High,Other,False,0,1,0,4150.6956332630825,4273.854013609265,Rota_Reduzida,0
pedido_4168.295791355917_794,123.27387594734628,115.75661913986363,100.75661913986363,2.622248012960022,5,4.461786616341244,Moto,Stormy,Jam,Urban,True,0,1,0,4168.295791355917,4274.05241049578,Aumento_Velocidade,0
pedido_4164.41650822368_792,126.19012426520786,115.28831003818063,100.28831003818063,4.236589714593539,10,4.5136214874137615,Moto,Foggy,Jam,Metropolitian,False,0,1,0,4164.41650822368,4274.70481826186,Aumento_Velocidade,0
pedido_4147.373406816699_776,131.679622249057,130.081975235219,115.081975235219,9.136832830217886,15,4.892507978032105,Scooter,Windy,High,Metropolitian,False,0,1,0,4147.373406816699,4277.455382051918,Aumento_Velocidade,0
pedido_4158.59071380629_785,133.8434674552088,105.3733509707629,105.3733509707629,3.0303521641279505,15,4.8461539242005065,Van,Windy,Medium,Metropolitian,False,0,0,0,4158.59071380629,4278.964064777053,Nenhuma,0
pedido_4172.924205626968_799,130.17847072221292,111.51976273392826,96.51976273392826,2.7609324196122205,10,4.820001593465898,Moto,Sandstorms,High,Metropolitian,True,0,1,0,4172.924205626968,4279.443968360896,Aumento_Velocidade,0
pedido_4149.514441927173_778,133.16107505005107,120.53331367176267,120.53331367176267,3.360296155025523,10,4.621922417907039,Van,Stormy,Medium,Urban,False,0,0,0,4149.514441927173,4280.0477555989355,Nenhuma,0
pedido_4162.686883804713_789,126.58957958263508,117.52509063277427,102.52509063277427,9.672589879751257,15,4.674812276043216,Scooter,Stormy,Jam,Metropolitian,True,0,1,0,4162.686883804713,4280.211974437488,Aumento_Velocidade,0
pedido_4106.086294226307_755,188.94283219180866,180.94508962666177,165.94508962666177,16.339670721953325,10,4.018777930387768,Moto,Foggy,High,Metropolitian,True,0,1,0,4106.086294226307,4282.031383852968,Aumento_Velocidade,0
pedido_4149.501279514751_777,139.00976318502356,134.74479306877788,119.74479306877788,5.991981432498986,15,4.96179527377717,Scooter,Sandstorms,Medium,Metropolitian,True,0,0,0,4149.501279514751,4284.246072583529,Rota_Reduzida,0
pedido_4124.646564509958_766,184.79278157028995,167.7534370171316,152.7534370171316,11.101614431583222,10,4.2145395511694135,Moto,Sandstorms,High,Metropolitian,True,0,1,0,4124.646564509958,4287.400001527089,Aumento_Velocidade,0
pedido_4172.287909787486_798,137.72615522795928,121.6380961755608,106.6380961755608,17.071070750302102,10,4.4812234326522855,Moto,Windy,Jam,Urban,False,0,1,0,4172.287909787486,4288.926005963047,Aumento_Velocidade,0
pedido_4185.542440013253_806,128.10224929954254,113.69367499598813,98.69367499598813,8.34525571933772,5,4.731845965643711,Scooter,Stormy,High,Metropolitian,True,0,1,0,4185.542440013253,4289.236115009241,Aumento_Velocidade,1
pedido_4197.3416830794595_810,100.75863504844659,99.58617347284732,84.58617347284732,4.030828682550442,10,4.661155893969528,Moto,Sunny,Jam,Metropolitian,True,0,1,1,4197.3416830794595,4291.927856552306,Aumento_Velocidade,1
pedido_4109.08108594412_756,189.2885581573769,183.48962034404263,168.48962034404263,12.331778231936621,15,4.445654368938639,Moto,Foggy,High,Metropolitian,False,0,1,0,4109.08108594412,4292.570706288163,Aumento_Velocidade,0
pedido_4171.305032543656_797,140.67891960222244,132.71643716531833,117.71643716531833,13.425344295322652,5,4.955760362096929,Scooter,Stormy,Jam,Urban,True,0,1,0,4171.305032543656,4294.021469708974,Aumento_Velocidade,0
pedido_4134.85715408076_771,160.0842826491336,150.17973572159585,150.17973572159585,20.41065762025105,10,4.263511874415067,Scooter,Sandstorms,Low,Urban,True,0,0,0,4134.85715408076,4295.036889802355,Nenhuma,0
pedido_4177.088937875752_802,132.5890508583103,123.02577903351005,108.02577903351005,16.29515145310958,10,4.585989782739014,Moto,Windy,High,Metropolitian,False,0,1,0,4177.088937875752,4295.114716909262,Aumento_Velocidade,0
pedido_4158.354728803274_784,127.48797607128466,141.89393735577667,126.89393735577667,6.570567349798342,10,4.677016280435653,Moto,Stormy,High,Metropolitian,True,0,1,0,4158.354728803274,4295.248666159051,Aumento_Velocidade,0
pedido_4122.37636875674_765,180.65543690226727,180.6100622084318,165.6100622084318,16.4568307356884,10,4.179588241239903,Moto,Sunny,High,Urban,False,0,1,1,4122.37636875674,4297.986430965171,Aumento_Velocidade,0
pedido_4201.091733428637_816,99.78375638801197,108.51559353241882,93.51559353241882,0.0,5,4.612524840036449,Scooter,Sunny,High,Metropolitian,True,0,1,1,4201.091733428637,4299.607326961056,Aumento_Velocidade,1
pedido_4187.270605101825_807,100.01649300940123,97.47932634561187,97.47932634561187,4.562402331951384,15,4.904309887605303,Scooter,Stormy,Low,Urban,False,0,0,0,4187.270605101825,4299.749931447437,Nenhuma,1
pedido_4190.335074764929_808,103.4586377624342,104.89474332160907,104.89474332160907,5.251287082157383,5,4.6862812354133965,Van,Stormy,Low,Metropolitian,False,0,0,0,4190.335074764929,4300.229818086538,Nenhuma,1
pedido_4207.303348126276_821,102.0949440693023,103.583511214016,88.583511214016,16.69404440784796,10,4.598185657196067,Moto,Sunny,High,Metropolitian,False,0,1,1,4207.303348126276,4305.886859340292,Aumento_Velocidade,1
pedido_4185.35013806623_805,132.4886587340063,126.59886038211428,111.59886038211428,4.20622258189477,10,4.555010658530297,Moto,Sandstorms,High,Metropolitian,False,0,1,0,4185.35013806623,4306.948998448344,Aumento_Velocidade,0
pedido_4200.008844648864_812,126.98465459877232,116.33063566608854,101.33063566608854,5.63135333830479,15,4.850678100486726,Scooter,Stormy,High,Metropolitian,False,0,1,0,4200.008844648864,4316.339480314953,Aumento_Velocidade,0
pedido_4201.877621215187_817,130.83970447281575,115.2573625284677,100.2573625284677,9.187994646443054,15,4.781374691779846,Scooter,Sandstorms,High,Urban,True,0,1,0,4201.877621215187,4317.134983743655,Aumento_Velocidade,0
pedido_4169.285186417419_796,151.83971096230763,157.94729901162628,142.94729901162628,12.844094034696372,5,4.769347021506655,Scooter,Foggy,Jam,Metropolitian,True,0,1,0,4169.285186417419,4317.2324854290455,Aumento_Velocidade,0
pedido_4198.166791515357_811,134.51104555526933,123.34690512914494,108.34690512914494,14.792843525071564,15,4.8289955075809745,Scooter,Sandstorms,High,Urban,False,0,1,0,4198.166791515357,4321.513696644502,Aumento_Velocidade,0
pedido_4216.813779700973_825,102.83151949166145,94.92196817318107,94.92196817318107,1.2725160657052408,10,4.662833941657504,Moto,Sandstorms,Low,Metropolitian,False,0,0,0,4216.813779700973,4321.735747874154,Nenhuma,1
pedido_4194.381844449423_809,130.82602286753024,133.0264523125478,118.0264523125478,4.8079831761509535,10,4.784148120825008,Scooter,Windy,High,Metropolitian,False,0,1,0,4194.381844449423,4322.408296761971,Aumento_Velocidade,0
pedido_4207.5134884393765_822,128.3212586889885,117.4516269723425,102.4516269723425,6.619170223814268,15,4.739727245702251,Moto,Sandstorms,Jam,Urban,True,0,1,0,4207.5134884393765,4324.965115411719,Aumento_Velocidade,0
pedido_4200.77633007029_815,133.3254587288559,140.6095836135589,125.6095836135589,17.38809898578685,5,5.0,Moto,Stormy,High,Metropolitian,False,0,1,0,4200.77633007029,4331.385913683849,Aumento_Velocidade,0
pedido_4204.407264409881_819,129.4669745124289,113.29680879998548,113.29680879998548,5.018673367126029,15,4.864300156160139,Van,Windy,High,Metropolitian,False,0,1,0,4204.407264409881,4332.704073209866,Nenhuma,0
pedido_4200.271709550134_813,140.9199537452364,137.94574235118722,122.94574235118722,11.003986178727994,10,4.547647983095029,Moto,Foggy,Medium,Metropolitian,False,0,0,0,4200.271709550134,4333.2174519013215,Rota_Reduzida,0
pedido_4204.331767608688_818,135.35273384526806,130.3375645709382,115.33756457093821,16.13631828101164,15,4.757068829078286,Scooter,Windy,Medium,Metropolitian,False,0,0,0,4204.331767608688,4334.6693321796265,Rota_Reduzida,0
pedido_4215.431337942757_823,128.53879175017417,121.1810131614111,106.1810131614111,6.675723662857027,15,4.623298400640329,Moto,Windy,Jam,Metropolitian,False,0,1,0,4215.431337942757,4336.612351104168,Aumento_Velocidade,0
pedido_4215.670908283505_824,154.06686878127667,133.38162033887036,118.38162033887036,19.619960114505925,15,4.472450189575295,Moto,Foggy,Jam,Metropolitian,False,0,1,0,4215.670908283505,4349.052528622376,Aumento_Velocidade,0
pedido_4200.754064215901_814,176.19091549802883,163.15793851845868,148.15793851845868,4.072789682181354,15,4.253320013993163,Scooter,Foggy,Jam,Metropolitian,False,0,1,0,4200.754064215901,4363.91200273436,Aumento_Velocidade,0
pedido_4205.655645304772_820,194.57252067151745,174.44410975019147,159.44410975019147,5.9551845017361895,15,4.1427908231641934,Scooter,Sunny,High,Urban,True,0,1,1,4205.655645304772,4380.099755054964,Aumento_Velocidade,0
pedido_4339.360733965301_8,97.55190445031891,83.30347290831851,68.30347290831851,8.76375396396476,5,4.910696218655886,Moto,Sunny,Medium,Metropolitian,False,0,0,1,4339.360733965301,4412.664206873619,Rota_Reduzida,1
pedido_4349.045178364316_13,45.64889691569673,61.68256667268285,61.68256667268285,15.512377469399302,5,5.0,Van,Foggy,Jam,Metropolitian,False,1,1,0,4349.045178364316,4415.727745036998,Nenhuma,1
pedido_4339.370616113844_9,99.16415110617865,89.33397636878865,74.33397636878865,3.839587021060999,15,4.671638822560768,Scooter,Sunny,Jam,Metropolitian,False,0,1,1,4339.370616113844,4428.704592482633,Aumento_Velocidade,1
pedido_4322.050248638925_0,129.58043363698226,113.78762709556517,98.78762709556517,13.040394817953052,10,4.770426872888321,Moto,Stormy,High,Metropolitian,False,0,1,0,4322.050248638925,4430.83787573449,Aumento_Velocidade,0
pedido_4334.344888790761_7,126.40381272079905,112.34876312908261,97.34876312908261,3.1792651989767116,5,4.710498169199288,Scooter,Windy,Jam,Urban,False,0,1,0,4334.344888790761,4436.693651919843,Aumento_Velocidade,1
pedido_4334.173705913308_6,100.92426705116172,101.3283971448878,101.3283971448878,5.084701507798171,10,4.556981401675678,Scooter,Windy,Low,Metropolitian,False,0,0,0,4334.173705913308,4445.502103058197,Nenhuma,1
pedido_4392.192957303027_38,50.67898355013075,49.402341267001,49.402341267001,3.4889517624750193,5,4.21232117979404,Scooter,Stormy,Low,Metropolitian,False,1,0,0,4392.192957303027,4446.595298570028,Nenhuma,1
pedido_4325.846269568435_3,128.3446125069625,125.90055165939904,110.90055165939904,9.199365375486707,10,4.697640818163188,Moto,Sandstorms,Jam,Metropolitian,False,0,1,0,4325.846269568435,4446.746821227834,Aumento_Velocidade,0
pedido_4325.2693711463235_2,134.5142525570483,132.95089988408358,117.95089988408358,4.148533913985611,5,4.779449172871243,Moto,Foggy,High,Metropolitian,False,0,1,0,4325.2693711463235,4448.220271030407,Aumento_Velocidade,0
pedido_4352.025851240909_14,129.626641360191,105.53852449585561,90.53852449585561,7.399531677677821,10,4.664399559606012,Moto,Stormy,High,Metropolitian,False,0,1,0,4352.025851240909,4452.564375736764,Aumento_Velocidade,1
pedido_4322.109090288846_1,135.4203264957978,141.05769200266386,126.05769200266386,10.22224516066948,10,4.908476969700909,Moto,Windy,High,Urban,True,0,1,0,4322.109090288846,4458.166782291511,Aumento_Velocidade,0
pedido_4376.035859351434_23,94.63158532354707,96.29364101870941,81.29364101870941,7.236286791466314,5,4.734519948930275,Moto,Sunny,High,Urban,False,0,1,1,4376.035859351434,4462.329500370143,Aumento_Velocidade,1
pedido_4348.056015772299_12,128.25958115038492,114.97915885490903,99.97915885490903,4.8730226835883474,15,4.935866895566462,Moto,Stormy,High,Urban,True,0,1,0,4348.056015772299,4463.035174627208,Aumento_Velocidade,0
pedido_4354.4715712187535_17,135.39823089047906,109.37324284763437,94.37324284763437,17.62901635978581,15,4.728333085696911,Moto,Sandstorms,High,Metropolitian,True,0,1,0,4354.4715712187535,4463.844814066388,Aumento_Velocidade,0
pedido_4346.228135478306_10,127.43887853040428,118.20545039231288,103.20545039231288,5.7093923318274244,15,4.767402776721674,Moto,Stormy,High,Metropolitian,False,0,1,0,4346.228135478306,4464.433585870619,Aumento_Velocidade,0
pedido_4385.660165003496_30,95.3925029513344,90.74844850050849,75.74844850050849,0.0,5,4.926327926853536,Scooter,Sunny,High,Metropolitian,False,0,1,1,4385.660165003496,4466.408613504005,Aumento_Velocidade,1
pedido_4358.450553421113_18,139.20354295319052,115.90062279899703,100.90062279899703,10.624863263942336,10,4.869991950567152,Scooter,Sandstorms,Jam,Metropolitian,False,0,1,0,4358.450553421113,4469.35117622011,Aumento_Velocidade,0
pedido_4431.776104181473_70,46.8940681242417,31.39166132662003,31.39166132662003,11.606226121003541,10,4.54020452438695,Van,Windy,High,Metropolitian,False,1,1,0,4431.776104181473,4473.167765508093,Nenhuma,1
pedido_4425.568349104167_67,39.67749608501488,45.7544819883457,45.7544819883457,17.705962530822738,5,5.0,Moto,Sandstorms,Low,Metropolitian,True,1,0,0,4425.568349104167,4476.322831092513,Nenhuma,1
pedido_4353.615579364001_16,128.8532013905706,134.2346740834265,119.23467408342651,9.131799339245584,10,4.5546414748781,Moto,Sandstorms,Jam,Metropolitian,True,0,1,0,4353.615579364001,4482.850253447427,Aumento_Velocidade,0
pedido_4378.683416572073_26,127.64893682947027,114.70995289669239,99.70995289669239,5.674260920081702,5,4.5921255326888,Scooter,Foggy,Medium,Metropolitian,True,0,0,0,4378.683416572073,4483.393369468766,Rota_Reduzida,1
pedido_4390.5494470166195_37,99.83003715228719,99.25918528289272,84.25918528289272,4.801048537420953,10,4.819538600510976,Scooter,Sunny,Jam,Metropolitian,True,0,1,1,4390.5494470166195,4484.808632299512,Aumento_Velocidade,1
pedido_4379.609318587714_28,133.28348391376278,106.69797117369093,91.69797117369093,6.776311995779474,15,4.555383794401223,Moto,Foggy,High,Urban,False,0,1,0,4379.609318587714,4486.307289761406,Aumento_Velocidade,0
pedido_4347.488385221114_11,150.01712195914584,140.0593090288065,125.0593090288065,15.99070553185513,15,4.652840233218213,Moto,Foggy,Jam,Metropolitian,True,0,1,0,4347.488385221114,4487.547694249921,Aumento_Velocidade,0
pedido_4367.356046337357_21,134.97149202684938,120.34982977419611,105.34982977419611,10.609100888566186,15,4.589658941038052,Scooter,Stormy,Medium,Metropolitian,False,0,0,0,4367.356046337357,4487.705876111553,Rota_Reduzida,0
pedido_4388.231438635579_35,106.71366227904326,102.12298489357505,87.12298489357505,10.76444377437582,15,4.688503515563069,Moto,Sunny,Medium,Metropolitian,True,0,0,1,4388.231438635579,4490.354423529155,Rota_Reduzida,1
pedido_4362.516524780899_19,134.96856129652303,113.81727381629352,113.81727381629352,10.177968845833458,15,4.8048765079644795,Van,Windy,High,Metropolitian,True,0,1,0,4362.516524780899,4491.333798597193,Nenhuma,0
pedido_4388.006621283769_33,112.46670622497618,113.83331030743246,98.83331030743246,15.508589615663327,5,4.546715948996432,Moto,Sunny,Jam,Metropolitian,True,0,1,1,4388.006621283769,4491.839931591202,Aumento_Velocidade,1
pedido_4367.885633966448_22,127.66722869532683,129.37320458285342,114.37320458285342,5.268807115871592,10,4.678829724695714,Moto,Stormy,Jam,Metropolitian,False,0,1,0,4367.885633966448,4492.258838549302,Aumento_Velocidade,0
pedido_4377.599429334873_24,130.2834229005282,120.43859954053377,105.43859954053377,5.528182696360902,10,4.939674658336139,Moto,Sandstorms,High,Metropolitian,True,0,1,0,4377.599429334873,4493.038028875407,Aumento_Velocidade,0
pedido_4390.232520555686_36,135.1209340785815,109.89320002436283,94.89320002436283,12.699753843187663,10,4.756073327054107,Moto,Sandstorms,High,Urban,False,0,1,0,4390.232520555686,4495.125720580049,Aumento_Velocidade,1
pedido_4382.498317737031_29,127.1631721846883,122.86285641724727,107.86285641724727,8.617035958023875,5,4.544615513476346,Moto,Stormy,High,Metropolitian,False,0,1,0,4382.498317737031,4495.361174154279,Aumento_Velocidade,0
pedido_4326.935441858134_4,187.09066860399335,181.7206719358836,166.7206719358836,19.77850854652274,5,4.441099991010509,Moto,Foggy,Medium,Metropolitian,True,0,0,0,4326.935441858134,4498.656113794018,Rota_Reduzida,0
pedido_4387.95788949072_32,140.78478725223863,113.13141243456491,98.13141243456491,11.585854087532645,15,4.913990131196749,Moto,Sandstorms,Jam,Urban,False,0,1,0,4387.95788949072,4501.089301925284,Aumento_Velocidade,0
pedido_4393.527406931397_40,131.70450022377713,110.1153832253847,95.1153832253847,0.0,15,5.0,Moto,Windy,Jam,Urban,True,0,1,0,4393.527406931397,4503.642790156782,Aumento_Velocidade,0
pedido_4379.504197850855_27,131.4199334477903,125.43443525719255,110.43443525719255,9.555474920498444,15,4.695665626704443,Moto,Stormy,Medium,Metropolitian,False,0,0,0,4379.504197850855,4504.938633108048,Rota_Reduzida,0
pedido_4331.357180956484_5,186.08615434524913,176.42720766213756,161.42720766213756,16.21260529943553,15,4.404480281300184,Scooter,Windy,High,Metropolitian,False,0,1,0,4331.357180956484,4507.784388618621,Aumento_Velocidade,0
pedido_4411.167777859553_57,96.5744882953516,107.52912128886958,92.52912128886958,0.0,5,4.781677443764406,Scooter,Sunny,Medium,Metropolitian,True,0,0,1,4411.167777859553,4508.696899148423,Rota_Reduzida,1
pedido_4395.3973786995975_41,130.85951845746234,114.11348341082976,99.11348341082976,2.8384096715555294,15,4.582522197353577,Scooter,Windy,High,Metropolitian,False,0,1,0,4395.3973786995975,4509.510862110427,Aumento_Velocidade,0
pedido_4411.008194153138_56,102.81779305243614,94.34505515766163,94.34505515766163,4.028949625585277,5,4.709027237554568,Scooter,Sandstorms,Low,Metropolitian,False,0,0,0,4411.008194153138,4510.3532493108,Nenhuma,1
pedido_4463.146684511342_84,45.42225038363159,32.39078675429571,32.39078675429571,15.434003247812301,15,4.598291667883831,Moto,Sandstorms,High,Metropolitian,True,1,1,0,4463.146684511342,4510.537471265638,Nenhuma,1
pedido_4470.977925659965_87,44.17372080867008,25.11600372838165,25.11600372838165,4.233160697288398,15,4.529411924791791,Van,Foggy,High,Metropolitian,False,1,1,0,4470.977925659965,4511.093929388347,Nenhuma,1
pedido_4398.606666596078_44,129.58043363698226,122.55456506124867,107.55456506124867,12.95369435394046,5,4.838119535635834,Moto,Stormy,High,Metropolitian,False,0,1,0,4398.606666596078,4511.161231657326,Aumento_Velocidade,0
pedido_4396.412941706845_42,128.04830767786407,125.25693149603813,110.25693149603813,6.468207350400339,5,4.870819327265455,Moto,Stormy,High,Metropolitian,False,0,1,0,4396.412941706845,4511.6698732028835,Aumento_Velocidade,0
pedido_4401.743120109581_48,131.53174483464744,115.02635852215259,100.02635852215259,4.0345732019552445,10,4.872481482882983,Scooter,Sandstorms,Medium,Metropolitian,False,0,0,0,4401.743120109581,4511.769478631733,Rota_Reduzida,0
pedido_4392.430588863005_39,130.56087931010725,130.94310087517746,115.94310087517746,5.2757711781695384,5,4.84669614239984,Scooter,Windy,High,Metropolitian,False,0,1,0,4392.430588863005,4513.373689738182,Aumento_Velocidade,0
pedido_4352.969657626148_15,173.43475714791958,171.2561639942724,156.2561639942724,4.095656342397769,5,4.373247363224803,Scooter,Stormy,Jam,Metropolitian,True,0,1,0,4352.969657626148,4514.22582162042,Aumento_Velocidade,0
pedido_4401.319404744168_47,137.3370425392069,114.76860962112193,99.76860962112193,13.885173592764447,15,4.565314701874318,Moto,Windy,Medium,Metropolitian,True,0,0,0,4401.319404744168,4516.08801436529,Rota_Reduzida,0
pedido_4396.861159795886_43,135.56342651820458,120.31249571039521,105.31249571039521,15.89558229861968,15,4.810195585589452,Scooter,Windy,Jam,Urban,False,0,1,0,4396.861159795886,4517.173655506282,Aumento_Velocidade,0
pedido_4406.488132414445_51,112.6592779084554,96.8138592901963,96.8138592901963,18.2467626393338,15,4.68586712031378,Van,Foggy,Low,Metropolitian,True,0,0,0,4406.488132414445,4518.301991704641,Nenhuma,1
pedido_4399.564511734964_45,130.42621396264903,128.90844092115617,113.90844092115617,2.2105222321238167,5,4.483605465805093,Moto,Sandstorms,High,Urban,True,0,1,0,4399.564511734964,4518.4729526561205,Aumento_Velocidade,0
pedido_4411.536767340924_58,129.70890435008266,109.0258224667435,94.0258224667435,2.1587369678176938,15,4.651849816861162,Moto,Stormy,High,Urban,True,0,1,0,4411.536767340924,4520.562589807667,Aumento_Velocidade,0
pedido_4386.610900128857_31,144.3755487351001,139.712161424541,124.712161424541,15.436358906274014,10,4.5408583310083275,Moto,Foggy,High,Metropolitian,True,0,1,0,4386.610900128857,4521.323061553398,Aumento_Velocidade,0
pedido_4423.189594647567_64,127.98763945917513,111.28624857479221,96.28624857479221,5.327712019074716,5,4.724881674771533,Moto,Foggy,Medium,Metropolitian,True,0,0,0,4423.189594647567,4524.475843222359,Rota_Reduzida,1
pedido_4418.562040182172_59,134.03734993010596,118.3818883944123,103.3818883944123,13.648287977496366,5,4.650151848587899,Moto,Stormy,Jam,Metropolitian,False,0,1,0,4418.562040182172,4526.943928576584,Aumento_Velocidade,0
pedido_4399.700615275352_46,135.13478763312108,138.46422130506497,123.46422130506497,4.80073427798817,5,5.0,Moto,Foggy,High,Metropolitian,True,0,1,0,4399.700615275352,4528.164836580417,Aumento_Velocidade,0
pedido_4403.487534988318_50,133.68357605391355,129.94541101754263,114.94541101754263,3.219077086381006,10,5.0,Moto,Windy,High,Urban,False,0,1,0,4403.487534988318,4528.432946005861,Aumento_Velocidade,0
pedido_4407.174418067476_54,138.23223759653712,128.37763087100535,113.37763087100535,12.154336971918664,10,4.70884891641478,Scooter,Sandstorms,Medium,Urban,True,0,0,0,4407.174418067476,4530.552048938482,Rota_Reduzida,0
pedido_4427.337068449665_68,101.11927947097358,98.60565213163817,98.60565213163817,5.49129802886095,5,4.959076402079839,Moto,Windy,Low,Urban,False,0,0,0,4427.337068449665,4530.942720581303,Nenhuma,1
pedido_4419.172233079772_61,136.2875146519965,122.57908483248723,107.57908483248723,14.678439854592265,5,4.919072622392931,Moto,Sandstorms,Medium,Metropolitian,False,0,0,0,4419.172233079772,4531.751317912259,Rota_Reduzida,0
pedido_4421.081179251601_62,124.23964613969471,117.41826420622922,102.41826420622922,0.3622116415690515,10,4.661349976269387,Scooter,Sandstorms,Jam,Urban,False,0,1,0,4421.081179251601,4533.49944345783,Aumento_Velocidade,0
pedido_4378.624880781612_25,152.99703802194648,169.31876977671578,154.31876977671578,19.99096672394393,5,4.581912361899243,Scooter,Foggy,Jam,Urban,False,0,1,0,4378.624880781612,4537.943650558328,Aumento_Velocidade,0
pedido_4433.109044805768_71,130.82602286753024,110.30956799566032,95.30956799566032,5.133713079592693,10,4.797767196765503,Scooter,Windy,High,Metropolitian,False,0,1,0,4433.109044805768,4538.418612801428,Aumento_Velocidade,0
pedido_4402.006651106632_49,143.6605429822904,141.4274978431114,126.42749784311141,14.510541255155081,10,4.926156163245408,Moto,Foggy,High,Metropolitian,True,0,1,0,4402.006651106632,4538.434148949743,Aumento_Velocidade,0
pedido_4406.582294397548_52,134.02605850636724,137.2698398245461,122.2698398245461,21.930485514688996,10,4.74527792423022,Scooter,Stormy,High,Metropolitian,False,0,1,0,4406.582294397548,4538.852134222094,Aumento_Velocidade,0
pedido_4363.8383780322365_20,188.8313309417152,181.1529644072586,166.1529644072586,14.352163915496469,10,4.432702445786387,Moto,Sandstorms,Medium,Metropolitian,False,0,0,0,4363.8383780322365,4539.991342439495,Rota_Reduzida,0
pedido_4410.541674745133_55,129.14836907580207,142.4135033996455,127.41350339964549,9.420740618553149,5,4.706481823728142,Scooter,Foggy,Medium,Urban,False,0,0,0,4410.541674745133,4542.955178144778,Rota_Reduzida,0
pedido_4418.912980900849_60,150.22024843913186,135.29879611413298,120.29879611413298,12.983421458410842,5,4.699522958586415,Moto,Foggy,Jam,Metropolitian,True,0,1,0,4418.912980900849,4544.211777014982,Aumento_Velocidade,0
pedido_4460.3346695553955_82,102.08981388395627,89.12160790545946,74.12160790545946,11.214659234171169,15,4.752418346728763,Moto,Sunny,High,Urban,False,0,1,1,4460.3346695553955,4549.456277460855,Aumento_Velocidade,1
pedido_4423.317272798422_65,141.7195557967645,130.5360947342922,115.53609473429219,18.43146890870114,15,4.52866033326724,Moto,Foggy,High,Metropolitian,False,0,1,0,4423.317272798422,4553.853367532714,Aumento_Velocidade,0
pedido_4451.60532869836_78,132.4741772184434,102.44920179607968,87.44920179607968,5.313564532594373,15,4.672155770357933,Moto,Foggy,High,Metropolitian,True,0,1,0,4451.60532869836,4554.054530494439,Aumento_Velocidade,1
pedido_4427.773338879513_69,136.45112207942776,133.2423487073884,118.2423487073884,7.102101197787847,10,4.713815982034641,Moto,Windy,Medium,Metropolitian,True,0,0,0,4427.773338879513,4556.015687586902,Rota_Reduzida,0
pedido_4406.863689301791_53,171.1081128914643,150.60224811878885,135.60224811878885,1.3406058468041278,15,4.408749211072527,Moto,Sandstorms,High,Metropolitian,True,0,1,0,4406.863689301791,4557.46593742058,Aumento_Velocidade,0
pedido_4388.114836530032_34,176.85011258581002,170.1226319011457,155.1226319011457,7.1266863258141395,15,4.43183501643416,Moto,Sandstorms,High,Metropolitian,False,0,1,0,4388.114836530032,4558.237468431178,Aumento_Velocidade,0
pedido_4460.302797138789_81,102.30125904397383,89.44130848843963,89.44130848843963,15.289256769543544,10,4.753223443054321,Moto,Sandstorms,Low,Metropolitian,False,0,0,0,4460.302797138789,4559.744105627229,Nenhuma,1
pedido_4474.948712550162_89,106.364720236472,90.59290082796726,75.59290082796726,18.24212113587003,10,4.492671951171164,Moto,Sunny,High,Metropolitian,False,0,1,1,4474.948712550162,4560.541613378129,Aumento_Velocidade,1
pedido_4444.566395241764_74,135.9587409696784,128.46327949890886,113.46327949890886,17.13989571329541,5,4.871366216585752,Scooter,Windy,Jam,Metropolitian,False,0,1,0,4444.566395241764,4563.029674740674,Aumento_Velocidade,0
pedido_4474.014039525163_88,101.40797453446916,94.28580338290048,79.28580338290048,3.344241270729264,10,5.0,Moto,Sunny,High,Metropolitian,True,0,1,1,4474.014039525163,4563.2998429080635,Aumento_Velocidade,1
pedido_4447.1394981701715_75,132.30446268278448,116.98513403992399,101.98513403992399,5.279032614203828,15,4.859102789607733,Moto,Sandstorms,High,Metropolitian,False,0,1,0,4447.1394981701715,4564.124632210095,Aumento_Velocidade,0
pedido_4438.337314106684_72,130.73095929840062,126.14580035034521,111.14580035034521,6.013953107250284,15,4.826797339302784,Moto,Windy,Jam,Metropolitian,True,0,1,0,4438.337314106684,4564.483114457029,Aumento_Velocidade,0
pedido_4469.787929292339_86,128.44473624929265,107.06173196730873,92.06173196730873,6.236416452058828,5,4.923380427563073,Scooter,Stormy,High,Metropolitian,False,0,1,0,4469.787929292339,4566.849661259647,Aumento_Velocidade,1
pedido_4447.931271776751_76,141.49238967247132,123.33416326340006,108.33416326340006,15.114638255798091,15,4.721064939620802,Scooter,Sandstorms,Jam,Metropolitian,True,0,1,0,4447.931271776751,4571.265435040151,Aumento_Velocidade,0
pedido_4453.696573165548_79,134.8819635623919,123.91819075652077,108.91819075652077,14.425390777102024,10,4.7140320507527855,Moto,Windy,Medium,Metropolitian,False,0,0,0,4453.696573165548,4572.614763922069,Rota_Reduzida,0
pedido_4484.715142993951_93,108.87441517056673,87.53309829331688,87.53309829331688,10.077236292188744,5,4.719732207454648,Van,Sunny,Low,Metropolitian,True,0,0,1,4484.715142993951,4577.248241287268,Nenhuma,1
pedido_4462.064331876624_83,133.31681292390934,127.34303550318484,112.34303550318484,9.027940393843469,5,4.839810881078692,Scooter,Foggy,High,Metropolitian,False,0,1,0,4462.064331876624,4579.407367379809,Aumento_Velocidade,0
pedido_4492.228904184479_95,98.90884907823967,94.70121102220055,79.70121102220055,6.534188276688885,10,4.643255816591075,Moto,Sunny,Jam,Metropolitian,False,0,1,1,4492.228904184479,4581.930115206679,Aumento_Velocidade,1
pedido_4448.7366491725725_77,133.64542714196853,125.7035591199033,125.7035591199033,0.0,10,4.881023218577956,Van,Windy,Medium,Metropolitian,False,0,0,0,4448.7366491725725,4584.440208292476,Nenhuma,0
pedido_4423.1386765363_63,179.52758421183728,171.9741702394862,156.9741702394862,7.626884295283926,5,4.256766874973603,Moto,Foggy,Jam,Urban,True,0,1,0,4423.1386765363,4585.112846775786,Aumento_Velocidade,0
pedido_4459.70875544788_80,134.41578154217095,135.47866502449608,120.47866502449608,0.0,5,4.600097141981841,Moto,Foggy,High,Metropolitian,False,0,1,0,4459.70875544788,4585.187420472376,Aumento_Velocidade,0
pedido_4556.0374357880255_135,44.39569130152575,17.467551801756784,17.467551801756784,3.0675518261094004,15,5.0,Moto,Stormy,Jam,Urban,False,1,1,0,4556.0374357880255,4588.504987589782,Nenhuma,1
pedido_4492.392701665056_96,130.1081869375424,109.03187957902863,94.03187957902863,6.701285226495126,15,4.642192456757616,Moto,Windy,High,Metropolitian,True,0,1,0,4492.392701665056,4601.424581244085,Aumento_Velocidade,0
pedido_4479.6599988410735_90,129.7674206134111,123.0534801340961,108.0534801340961,4.938772077401964,15,4.823425536953216,Scooter,Foggy,Jam,Metropolitian,False,0,1,0,4479.6599988410735,4602.71347897517,Aumento_Velocidade,0
pedido_4440.184831028639_73,174.24525434363684,172.6620623782819,157.6620623782819,7.099982259125689,5,4.37203062201574,Scooter,Windy,Medium,Urban,False,0,0,0,4440.184831028639,4602.846893406921,Rota_Reduzida,0
pedido_4424.5661151590275_66,195.55443282281342,189.32740133330572,174.32740133330572,5.004411251236162,5,4.391052154359293,Moto,Sunny,High,Urban,False,0,1,1,4424.5661151590275,4603.893516492333,Aumento_Velocidade,0
pedido_4469.193870596701_85,141.5653798675711,140.97327595754643,125.97327595754643,17.88254981278649,10,4.75515253545699,Scooter,Foggy,High,Urban,False,0,1,0,4469.193870596701,4605.167146554248,Aumento_Velocidade,0
pedido_4487.489620106424_94,129.73245929625585,119.80305011772273,104.80305011772273,13.72181444668147,15,4.585960774608861,Moto,Stormy,High,Metropolitian,False,0,1,0,4487.489620106424,4607.292670224147,Aumento_Velocidade,0
pedido_4532.440193357619_117,95.74685009053184,85.79125009369503,70.79125009369503,6.772382829773577,5,5.0,Scooter,Sunny,Medium,Metropolitian,False,0,0,1,4532.440193357619,4608.231443451315,Rota_Reduzida,1
pedido_4522.887849222812_106,99.09272445697489,91.11659426825133,76.11659426825133,0.0,10,4.747077517400199,Scooter,Sunny,Jam,Metropolitian,False,0,1,1,4522.887849222812,4609.004443491063,Aumento_Velocidade,1
pedido_4526.882551597558_110,99.21460501885294,87.9320343535211,72.9320343535211,4.108362512244025,10,4.875641730648111,Moto,Sunny,High,Urban,True,0,1,1,4526.882551597558,4609.814585951079,Aumento_Velocidade,1
pedido_4526.528591109782_109,96.72009314337318,88.43095499424652,73.43095499424652,3.183353908960534,10,4.90536138462253,Moto,Sunny,Medium,Metropolitian,True,0,0,1,4526.528591109782,4609.959546104028,Rota_Reduzida,1
pedido_4499.3000765077695_100,123.41894986164664,111.96886815369763,96.96886815369763,1.7742162745254344,15,4.6869911299023945,Moto,Stormy,Jam,Metropolitian,False,0,1,0,4499.3000765077695,4611.268944661467,Aumento_Velocidade,0
pedido_4481.930292413119_92,140.25509633782895,120.9459983851421,120.9459983851421,11.290237200062037,15,4.843032373552906,Van,Foggy,High,Metropolitian,False,0,1,0,4481.930292413119,4617.876290798261,Nenhuma,0
pedido_4531.499755787814_115,103.96245159060301,91.38324254255434,76.38324254255434,16.65929834273384,10,4.9017556116373875,Moto,Sunny,High,Metropolitian,True,0,1,1,4531.499755787814,4617.8829983303685,Aumento_Velocidade,1
pedido_4533.6137726305105_120,111.97601635928633,91.06647239417015,76.06647239417015,16.537196067153044,10,4.489011244705539,Scooter,Sunny,Jam,Metropolitian,True,0,1,1,4533.6137726305105,4619.6802450246805,Aumento_Velocidade,1
pedido_4495.0365666114385_99,134.40539903365476,129.99092179407415,114.99092179407415,15.084238003568709,10,4.5487709963069625,Moto,Stormy,Medium,Metropolitian,False,0,0,0,4495.0365666114385,4620.0274884055125,Rota_Reduzida,0
pedido_4493.069912206406_97,140.79452161832165,139.75647576549807,124.75647576549807,13.190000407506732,5,4.970977452977966,Scooter,Sandstorms,Jam,Metropolitian,False,0,1,0,4493.069912206406,4622.826387971904,Aumento_Velocidade,0
pedido_4480.264797182426_91,135.62668032694182,139.36031600342895,139.36031600342895,9.975919661032357,5,4.780087423983713,Van,Windy,High,Metropolitian,False,0,1,0,4480.264797182426,4624.625113185855,Nenhuma,0
pedido_4527.506003769737_112,127.4645983255548,98.55456493381494,83.55456493381494,0.21822780900015992,15,4.627083593369171,Moto,Stormy,High,Metropolitian,False,0,1,0,4527.506003769737,4626.060568703551,Aumento_Velocidade,1
pedido_4493.84060346194_98,130.4816563736236,135.4526798807329,120.45267988073289,0.8971586380970367,15,4.999479662759712,Scooter,Stormy,High,Urban,False,0,1,0,4493.84060346194,4629.293283342673,Aumento_Velocidade,0
pedido_4520.476850948922_105,130.44988961041798,114.49249411623603,99.49249411623603,14.326988225059225,10,4.485177305901735,Moto,Stormy,High,Urban,False,0,1,0,4520.476850948922,4629.969345065158,Aumento_Velocidade,0
pedido_4517.388424166599_104,125.28956694435125,121.52511607250923,106.52511607250923,3.644314231580564,10,4.456438103399199,Moto,Stormy,High,Metropolitian,False,0,1,0,4517.388424166599,4633.913540239108,Aumento_Velocidade,0
pedido_4533.577617457812_119,125.55883068395417,102.74505588680314,87.74505588680314,7.097789572170212,15,4.844110388043012,Moto,Foggy,Medium,Metropolitian,False,0,0,0,4533.577617457812,4636.322673344615,Rota_Reduzida,1
pedido_4527.015063078594_111,112.07426533661638,99.56659094162369,99.56659094162369,14.349627585766306,10,4.637967449113426,Moto,Foggy,Low,Metropolitian,True,0,0,0,4527.015063078594,4636.581654020218,Nenhuma,1
pedido_4514.154112150025_103,134.26425617901214,128.5384109456936,113.53841094569361,6.592753838686631,15,4.96020567389689,Moto,Windy,Jam,Metropolitian,True,0,1,0,4514.154112150025,4642.692523095719,Aumento_Velocidade,0
pedido_4550.39767925495_132,112.39024358092003,95.80718908398887,80.80718908398887,12.524369348647065,15,4.493634255854404,Scooter,Sunny,Jam,Urban,False,0,1,1,4550.39767925495,4646.204868338939,Aumento_Velocidade,1
pedido_4527.874762831125_113,129.906352315028,128.81956203552681,113.81956203552681,7.815587551564079,5,4.606166279857602,Scooter,Stormy,High,Metropolitian,False,0,1,0,4527.874762831125,4646.694324866652,Aumento_Velocidade,0
pedido_4507.2283531113735_102,130.41464231538032,129.7499867242137,129.7499867242137,9.483577001173607,10,4.56790235131795,Van,Windy,Jam,Metropolitian,False,0,1,0,4507.2283531113735,4646.978339835588,Nenhuma,0
pedido_4542.958127845605_126,106.46188633684977,107.00344984453193,92.00344984453193,13.999820812209817,15,4.454939612094365,Scooter,Sunny,High,Metropolitian,False,0,1,1,4542.958127845605,4649.961577690137,Aumento_Velocidade,0
pedido_4531.892563836181_116,130.96223913529008,123.45436563787223,108.45436563787223,3.291368695330598,10,4.65738539487739,Moto,Sandstorms,Medium,Metropolitian,False,0,0,0,4531.892563836181,4650.346929474053,Rota_Reduzida,0
pedido_4537.092128449397_123,132.0813584930208,124.04068267325434,109.04068267325434,4.714536655321489,5,4.678920334877513,Moto,Sandstorms,High,Metropolitian,False,0,1,0,4537.092128449397,4651.132811122651,Aumento_Velocidade,0
pedido_4523.835549833454_107,137.69431152242342,127.74142989110894,112.74142989110894,19.550843601782912,15,4.492200776889529,Scooter,Sandstorms,High,Metropolitian,True,0,1,0,4523.835549833454,4651.576979724563,Aumento_Velocidade,0
pedido_4541.169839272059_125,129.58043363698226,115.60213726104534,100.60213726104534,12.967869630339555,10,4.8198189379165015,Moto,Stormy,High,Metropolitian,False,0,1,0,4541.169839272059,4651.771976533105,Aumento_Velocidade,0
pedido_4621.86340617873_167,43.6235555309119,23.334299286679396,23.334299286679396,12.821000258085368,10,4.956604946405577,Scooter,Stormy,High,Metropolitian,False,1,1,0,4621.86340617873,4655.197705465409,Nenhuma,1
pedido_4533.69510752593_121,129.4306379683732,132.37424572375969,117.37424572375969,15.367943391727682,5,4.850263255300497,Moto,Stormy,High,Metropolitian,False,0,1,0,4533.69510752593,4656.06935324969,Aumento_Velocidade,0
pedido_4572.820204767007_143,102.11767465508679,84.95367027138491,69.95367027138491,13.88882654933021,15,4.625601193928358,Moto,Sunny,High,Urban,False,0,1,1,4572.820204767007,4657.773875038392,Aumento_Velocidade,1
pedido_4524.512642835821_108,132.1391178428384,147.30885838435137,132.30885838435137,2.480311926168273,5,4.889476712246355,Scooter,Sandstorms,Medium,Urban,True,0,0,0,4524.512642835821,4661.821501220172,Rota_Reduzida,0
pedido_4543.986391930514_127,142.64515989566567,130.37217400234528,115.37217400234528,13.306867185389606,5,4.722726153762187,Scooter,Foggy,Medium,Urban,False,0,0,0,4543.986391930514,4664.35856593286,Rota_Reduzida,0
pedido_4558.446056969295_136,129.6757071529337,112.42513924422224,97.42513924422224,1.7297602526001055,10,4.731656602659109,Scooter,Windy,Jam,Metropolitian,True,0,1,0,4558.446056969295,4665.871196213517,Aumento_Velocidade,0
pedido_4532.80898791535_118,127.48797607128466,126.2912213361501,126.2912213361501,7.135695923331928,10,4.735808563017112,Van,Stormy,High,Metropolitian,True,0,1,0,4532.80898791535,4669.100209251501,Nenhuma,0
pedido_4499.773237111451_101,178.5471571117805,154.3414066176499,154.3414066176499,8.036758470295124,15,4.39005640665646,Van,Foggy,High,Metropolitian,True,0,1,0,4499.773237111451,4669.114643729101,Nenhuma,0
pedido_4648.649789729197_181,41.0608711260851,13.55076107557543,13.55076107557543,14.293786735564542,10,4.708216357134574,Moto,Foggy,Low,Metropolitian,False,1,0,0,4648.649789729197,4672.200550804773,Nenhuma,1
pedido_4540.589027394934_124,141.8939224478908,137.1540198323654,122.1540198323654,14.00707079822238,10,4.804553825606865,Moto,Sandstorms,Jam,Metropolitian,True,0,1,0,4540.589027394934,4672.7430472273,Aumento_Velocidade,0
pedido_4552.5335371589845_133,133.9787561266745,130.34713511055946,115.34713511055946,2.387866438267604,5,4.951251196441673,Moto,Windy,High,Metropolitian,False,0,1,0,4552.5335371589845,4672.8806722695435,Aumento_Velocidade,0
pedido_4553.011521201684_134,126.58022328605264,127.03581071347247,112.03581071347247,0.0,10,4.744395611320915,Scooter,Windy,Jam,Metropolitian,False,0,1,0,4553.011521201684,4675.047331915157,Aumento_Velocidade,0
pedido_4545.983197211626_128,132.31440819520418,127.11061286155126,127.11061286155126,8.108905585282102,10,4.615127971784506,Van,Stormy,Medium,Metropolitian,False,0,0,0,4545.983197211626,4683.093810073177,Nenhuma,0
pedido_4549.023768070134_130,128.68577041953824,140.97546807438124,125.97546807438124,3.4667385916645026,10,4.988248890065583,Moto,Sandstorms,Jam,Urban,False,0,1,0,4549.023768070134,4684.999236144515,Aumento_Velocidade,0
pedido_4605.302960005877_157,101.7067720980072,84.85890947682263,69.85890947682263,8.20627257258974,10,4.492958644612557,Scooter,Sunny,Jam,Urban,False,0,1,1,4605.302960005877,4685.161869482699,Aumento_Velocidade,1
pedido_4550.3024979980855_131,134.16441785288805,145.39359496863233,130.39359496863233,9.009174944406848,5,4.553177509824824,Moto,Foggy,High,Metropolitian,False,0,1,0,4550.3024979980855,4685.6960929667175,Aumento_Velocidade,0
pedido_4595.180161220025_151,102.96140195964212,92.63199564962753,77.63199564962753,5.56279355599425,15,4.517453121346715,Moto,Sunny,Jam,Metropolitian,False,0,1,1,4595.180161220025,4687.812156869652,Aumento_Velocidade,1
pedido_4546.404074043552_129,136.56293330396815,146.47204007314826,131.47204007314826,17.23730422097223,10,4.9544211819205755,Scooter,Stormy,Medium,Metropolitian,False,0,0,0,4546.404074043552,4687.876114116701,Rota_Reduzida,0
pedido_4528.549307075257_114,159.24803942524355,156.55373343631385,156.55373343631385,14.527879790629312,5,4.425027967498281,Moto,Sandstorms,Low,Metropolitian,False,0,0,0,4528.549307075257,4690.103040511571,Nenhuma,0
pedido_4602.25584839012_155,101.40797453446916,92.89832857074336,77.89832857074336,3.263407821975128,10,5.0,Scooter,Sunny,High,Metropolitian,True,0,1,1,4602.25584839012,4690.154176960864,Aumento_Velocidade,1
pedido_4567.326301863151_142,137.30958712588796,128.56263310098828,113.56263310098828,13.622393566739992,10,5.0,Scooter,Sandstorms,Medium,Urban,False,0,0,0,4567.326301863151,4690.888934964139,Rota_Reduzida,0
pedido_4564.581096261743_139,130.64060993256777,117.06483352687351,117.06483352687351,10.98780284087513,10,4.899487449252918,Van,Stormy,High,Urban,False,0,1,0,4564.581096261743,4691.645929788617,Nenhuma,0
pedido_4565.100286634651_140,135.9329460521204,139.60613365550915,124.60613365550915,10.368910465865188,5,4.860243386097381,Moto,Sandstorms,Medium,Metropolitian,False,0,0,0,4565.100286634651,4694.70642029016,Rota_Reduzida,0
pedido_4579.705547004318_144,141.277858836735,120.15860267944728,105.15860267944728,16.407113195021495,10,4.628604251382178,Moto,Foggy,High,Metropolitian,False,0,1,0,4579.705547004318,4694.864149683765,Aumento_Velocidade,0
pedido_4665.50265795428_196,37.979146817910696,28.797306495879653,28.797306495879653,8.785763930923407,5,4.904769745685475,Moto,Sunny,High,Urban,False,1,1,1,4665.50265795428,4699.29996445016,Nenhuma,1
pedido_4593.184217252874_150,135.60078864174193,114.07571731010741,99.07571731010741,10.16903273874225,10,4.6677859675313895,Moto,Windy,High,Metropolitian,False,0,1,0,4593.184217252874,4702.2599345629815,Aumento_Velocidade,0
pedido_4536.574278568471_122,169.23568407668978,166.96112723116556,151.96112723116556,12.323907641915252,15,4.340215970070695,Moto,Sunny,Medium,Metropolitian,False,0,0,1,4536.574278568471,4703.5354057996365,Rota_Reduzida,0
pedido_4565.793557495642_141,144.3193226154171,128.07126815731277,128.07126815731277,17.77531024529857,10,4.744267776999745,Van,Foggy,Medium,Metropolitian,False,0,0,0,4565.793557495642,4703.864825652955,Nenhuma,0
pedido_4584.075618855883_145,133.99890357162533,126.8027657579313,111.8027657579313,1.6278277957807235,10,4.630777047492034,Scooter,Windy,Medium,Metropolitian,False,0,0,0,4584.075618855883,4705.878384613814,Rota_Reduzida,0
pedido_4596.570843955141_152,134.54018953760527,116.04029600865292,101.04029600865292,6.116225507863797,10,4.577518155774423,Scooter,Stormy,Medium,Metropolitian,False,0,0,0,4596.570843955141,4707.611139963794,Rota_Reduzida,0
pedido_4597.945797871418_153,127.77468333692268,110.01512277071518,95.01512277071518,8.459245227323073,15,4.598516915813795,Moto,Stormy,High,Metropolitian,True,0,1,0,4597.945797871418,4707.960920642134,Aumento_Velocidade,0
pedido_4600.762213560449_154,140.77869942436217,120.74728483727978,105.74728483727978,16.023797387743254,5,4.527264621873885,Moto,Foggy,High,Metropolitian,False,0,1,0,4600.762213560449,4711.509498397729,Aumento_Velocidade,0
pedido_4589.336064940963_148,129.67799242937988,108.80254924289979,108.80254924289979,7.231849729455027,15,4.585063192517049,Van,Stormy,High,Metropolitian,False,0,1,0,4589.336064940963,4713.138614183863,Nenhuma,0
pedido_4638.153732700094_176,98.3421126173355,79.60743257030636,79.60743257030636,1.5277675225741825,5,4.810415690674358,Moto,Foggy,Low,Metropolitian,False,0,0,0,4638.153732700094,4722.761165270401,Nenhuma,1
pedido_4622.987799769331_170,132.83225952499396,105.29087284611131,90.29087284611131,6.469401360374507,10,4.84016845277619,Moto,Foggy,High,Metropolitian,False,0,1,0,4622.987799769331,4723.278672615443,Aumento_Velocidade,1
pedido_4658.056317776294_189,106.364720236472,70.55365657827356,55.55365657827356,18.559729471499555,10,4.548095447689347,Scooter,Sunny,High,Metropolitian,False,0,1,1,4658.056317776294,4723.609974354567,Aumento_Velocidade,1
pedido_4558.954459314595_137,192.24611121390456,175.47877502493185,160.47877502493185,1.443173112283883,5,4.349534858564562,Moto,Sunny,High,Metropolitian,True,0,1,1,4558.954459314595,4724.433234339526,Aumento_Velocidade,0
pedido_4564.215622281551_138,184.987016502146,171.63717310724084,156.63717310724084,12.269912156409463,5,4.433400406569971,Moto,Windy,High,Metropolitian,False,0,1,0,4564.215622281551,4725.8527953887915,Aumento_Velocidade,0
pedido_4602.890660543606_156,134.06390839861888,128.30322153115685,113.30322153115685,13.544258401183097,10,4.81916677976333,Scooter,Windy,High,Urban,False,0,1,0,4602.890660543606,4726.193882074763,Aumento_Velocidade,0
pedido_4682.625373325623_209,39.34368136523738,38.67558515275677,38.67558515275677,18.433550257391058,5,4.595164212607196,Moto,Sunny,Medium,Metropolitian,True,1,0,1,4682.625373325623,4726.3009584783795,Nenhuma,1
pedido_4584.177348212299_146,141.51126008258848,153.98569163739145,138.98569163739145,11.800281062328425,5,4.638400178403702,Scooter,Sandstorms,Jam,Urban,False,0,1,0,4584.177348212299,4728.16303984969,Aumento_Velocidade,0
pedido_4586.116487421318_147,136.13062291723628,133.70092988989,133.70092988989,5.718937457952768,10,4.1813361433925404,Scooter,Windy,Low,Metropolitian,False,0,0,0,4586.116487421318,4729.817417311208,Nenhuma,0
pedido_4612.626484537361_160,128.45671619654885,122.69102171018613,107.69102171018613,7.350448813123583,10,4.753368295751841,Moto,Stormy,High,Metropolitian,False,0,1,0,4612.626484537361,4730.317506247547,Aumento_Velocidade,0
pedido_4658.040787903811_188,101.32538225821338,84.69711580043622,69.69711580043622,11.819266996008785,5,4.73423758278851,Scooter,Sunny,High,Metropolitian,False,0,1,1,4658.040787903811,4732.737903704247,Aumento_Velocidade,1
pedido_4613.409086285005_162,132.40648338647537,114.5425304516601,114.5425304516601,3.221561921401362,5,4.380873964851193,Moto,Sandstorms,Low,Metropolitian,False,0,0,0,4613.409086285005,4732.9516167366655,Nenhuma,1
pedido_4592.606031467832_149,131.51674031147215,145.85401268462823,130.85401268462823,1.0986688703082281,10,4.6252478046633865,Moto,Windy,High,Metropolitian,False,0,1,0,4592.606031467832,4733.46004415246,Aumento_Velocidade,0
pedido_4615.3559256668095_163,133.8657576043775,118.69307909678562,103.69307909678562,1.6844965718003126,15,4.6197409232839295,Moto,Foggy,High,Metropolitian,False,0,1,0,4615.3559256668095,4734.049004763595,Aumento_Velocidade,0
pedido_4643.9606796420685_179,104.27218449178842,85.73406754810554,85.73406754810554,3.8517553573911965,5,4.72738273748401,Moto,Windy,Low,Metropolitian,True,0,0,0,4643.9606796420685,4734.694747190174,Nenhuma,1
pedido_4633.435841271975_175,133.68810100274246,113.06728298230112,98.06728298230112,6.032501855605836,5,4.729598788816534,Scooter,Foggy,High,Urban,False,0,1,0,4633.435841271975,4736.503124254276,Aumento_Velocidade,1
pedido_4616.726205849714_164,128.391554293676,120.18142952890102,105.18142952890102,5.008201505112797,15,4.695139986336747,Moto,Stormy,High,Metropolitian,False,0,1,0,4616.726205849714,4736.907635378615,Aumento_Velocidade,0
pedido_4645.448582289154_180,93.75956042871167,89.30338477352544,89.30338477352544,2.9887303813511847,5,4.557013154194884,Van,Sunny,Medium,Metropolitian,False,0,0,1,4645.448582289154,4739.751967062679,Nenhuma,1
pedido_4609.570578215278_158,119.53807109651217,116.25018029016283,116.25018029016283,10.58063600991689,15,4.7441439923686355,Moto,Sunny,Low,Metropolitian,False,0,0,1,4609.570578215278,4740.820758505441,Nenhuma,0
pedido_4620.835723951795_166,133.81320105254937,130.31365552945286,115.31365552945286,2.9157558567805544,5,4.7004920044715375,Moto,Foggy,High,Metropolitian,False,0,1,0,4620.835723951795,4741.149379481249,Aumento_Velocidade,0
pedido_4623.397706835497_171,137.8641737331954,127.95299322795933,112.95299322795933,13.625932506631678,5,4.953733582644481,Scooter,Windy,High,Metropolitian,False,0,1,0,4623.397706835497,4741.350700063456,Aumento_Velocidade,0
pedido_4619.34994716332_165,133.99890357162533,132.56354610596316,117.56354610596316,2.970468532168248,5,4.552817278251485,Scooter,Windy,Medium,Metropolitian,False,0,0,0,4619.34994716332,4741.913493269283,Rota_Reduzida,0
pedido_4675.456902698379_202,95.11501464702829,72.7027159178771,57.7027159178771,2.2001149874295485,10,5.0,Moto,Sunny,Medium,Metropolitian,False,0,0,1,4675.456902698379,4743.159618616256,Rota_Reduzida,1
pedido_4626.132862672165_173,133.54052809759443,130.6462002393888,115.6462002393888,7.834402203596709,5,4.666634760625219,Scooter,Foggy,High,Metropolitian,False,0,1,0,4626.132862672165,4746.779062911554,Aumento_Velocidade,0
pedido_4657.174055464896_185,99.35091594877447,80.02429965498301,80.02429965498301,6.989576580275101,10,4.7824106035121225,Moto,Foggy,Low,Metropolitian,False,0,0,0,4657.174055464896,4747.198355119879,Nenhuma,1
pedido_4658.733125278604_190,100.73423028654184,90.02290264917724,75.02290264917724,3.559460488557251,15,4.672296828747485,Moto,Sunny,Jam,Urban,True,0,1,1,4658.733125278604,4748.756027927781,Aumento_Velocidade,1
pedido_4666.90069781041_197,101.99614464239725,87.322110540763,72.322110540763,13.4264995993525,10,4.579479445283545,Moto,Sunny,High,Metropolitian,False,0,1,1,4666.90069781041,4749.222808351173,Aumento_Velocidade,1
pedido_4622.941032310303_169,149.3595783085656,136.56460170115145,121.56460170115145,16.817019596253136,5,4.805030854370537,Scooter,Foggy,Jam,Urban,False,0,1,0,4622.941032310303,4749.505634011454,Aumento_Velocidade,0
pedido_4630.742397109068_174,134.87971410164494,131.83607533020543,116.83607533020543,3.095905842869721,5,4.676986245846096,Scooter,Foggy,High,Metropolitian,False,0,1,0,4630.742397109068,4752.578472439274,Aumento_Velocidade,0
pedido_4681.305157433688_207,94.6355358666301,78.15392899652383,63.15392899652383,9.182805268348975,10,4.8197681819707014,Moto,Sunny,High,Urban,False,0,1,1,4681.305157433688,4754.459086430212,Aumento_Velocidade,1
pedido_4716.54632787773_224,44.36720100464759,24.663781935987636,24.663781935987636,7.2448185300042525,15,4.693163068030631,Scooter,Stormy,High,Metropolitian,False,1,1,0,4716.54632787773,4756.210109813717,Nenhuma,1
pedido_4687.231451823362_211,98.64160815889566,79.00317272769573,59.00317272769573,12.088390963877039,10,4.738588949043223,Moto,Sunny,High,Other,False,0,1,1,4687.231451823362,4756.234624551057,Rota_Reduzida,1
pedido_4613.259921535567_161,159.96398183571623,128.8620778515441,128.8620778515441,12.107894345570248,15,4.325603054719667,Moto,Sunny,Low,Other,True,0,0,1,4613.259921535567,4757.121999387111,Nenhuma,0
pedido_4660.255923257535_193,101.34890079123261,96.89802313810222,81.89802313810222,5.214297934067946,15,5.0,Moto,Sunny,Jam,Urban,False,0,1,1,4660.255923257535,4757.153946395637,Aumento_Velocidade,1
pedido_4638.171092523817_177,142.4406371652815,133.2419889288814,118.2419889288814,20.168563536575554,5,4.800854749061837,Moto,Foggy,High,Metropolitian,False,0,1,0,4638.171092523817,4761.413081452698,Aumento_Velocidade,0
pedido_4625.8484637743195_172,135.047042150189,136.1437457475642,121.1437457475642,10.185159609240277,15,4.831099269695839,Moto,Foggy,Medium,Metropolitian,False,0,0,0,4625.8484637743195,4761.9922095218835,Rota_Reduzida,0
pedido_4658.018367221489_187,104.36630742790294,100.2175423068178,100.2175423068178,11.352738349344257,10,4.4638438679404056,Moto,Windy,Low,Metropolitian,False,0,0,0,4658.018367221489,4768.235909528306,Nenhuma,1
pedido_4654.762469980233_183,129.75235611527398,123.56450511019602,108.56450511019602,5.890847637810612,5,4.49981933190862,Scooter,Windy,Jam,Metropolitian,True,0,1,0,4654.762469980233,4768.326975090429,Aumento_Velocidade,0
pedido_4622.45624500475_168,171.05154741976258,146.35170935135966,131.35170935135966,7.343951107775713,15,4.447415504701162,Moto,Sandstorms,Medium,Metropolitian,False,0,0,0,4622.45624500475,4768.807954356109,Rota_Reduzida,0
pedido_4659.550560912806_191,128.32066645780043,114.62383993592289,99.62383993592289,3.9681982928620574,10,4.7546553785119405,Moto,Stormy,High,Metropolitian,True,0,1,0,4659.550560912806,4769.1744008487285,Aumento_Velocidade,0
pedido_4685.623865855907_210,100.00171326255364,93.60803837207798,78.60803837207798,5.008588312137393,5,4.68996311180837,Scooter,Sunny,High,Metropolitian,True,0,1,1,4685.623865855907,4769.231904227985,Aumento_Velocidade,1
pedido_4663.52788376401_194,129.36101408685738,111.08095202115146,96.08095202115146,16.00714059614853,10,4.6557756449924215,Scooter,Stormy,High,Metropolitian,False,0,1,0,4663.52788376401,4769.608835785161,Aumento_Velocidade,0
pedido_4664.065133999151_195,127.49866192509383,123.51643573122723,108.51643573122723,9.302108592941792,5,4.629690177826596,Moto,Stormy,High,Urban,True,0,1,0,4664.065133999151,4777.581569730378,Aumento_Velocidade,0
pedido_4611.490031679347_159,175.33814324983612,167.225996419219,152.225996419219,3.9183181158706715,15,4.1713928887082785,Moto,Stormy,High,Urban,False,0,1,0,4611.490031679347,4778.716028098566,Aumento_Velocidade,0
pedido_4656.064127538954_184,131.78534608617304,133.303462729591,118.30346272959099,1.568753230840961,10,4.670703952877285,Scooter,Sandstorms,High,Metropolitian,False,0,1,0,4656.064127538954,4784.367590268545,Aumento_Velocidade,0
pedido_4668.162666619841_200,110.76965939083304,112.63727935506569,112.63727935506569,18.88793886479813,5,4.524546198347201,Van,Sunny,Jam,Urban,True,0,1,1,4668.162666619841,4785.799945974906,Nenhuma,1
pedido_4692.551934469768_214,132.65986019653798,94.89388988294019,79.89388988294019,3.824120582398904,15,4.785543400951006,Scooter,Sandstorms,High,Metropolitian,False,0,1,0,4692.551934469768,4787.445824352708,Aumento_Velocidade,1
pedido_4687.977107787459_212,94.49594367259826,109.80116014934012,94.80116014934012,6.532932048646107,5,4.826953518759845,Moto,Sunny,High,Metropolitian,False,0,1,1,4687.977107787459,4787.778267936799,Aumento_Velocidade,1
pedido_4653.486646329859_182,134.47999828060787,134.6578103387849,119.65781033878491,10.435625010741376,15,4.454372773153173,Scooter,Sandstorms,High,Metropolitian,False,0,1,0,4653.486646329859,4788.144456668643,Aumento_Velocidade,0
pedido_4681.527289085848_208,127.66722869532683,113.54640219541788,98.54640219541788,5.185008026188018,10,4.688787790075296,Scooter,Stormy,Jam,Metropolitian,False,0,1,0,4681.527289085848,4790.073691281265,Aumento_Velocidade,0
pedido_4667.329731483925_198,134.06516771287323,132.95509296125906,117.95509296125906,3.869542965064397,5,4.716618641035971,Moto,Windy,Medium,Metropolitian,False,0,0,0,4667.329731483925,4790.284824445183,Rota_Reduzida,0
pedido_4667.841340074397_199,141.9007655054515,128.6951211607168,113.69512116071681,9.887674351535889,10,4.779000368510918,Moto,Foggy,Jam,Urban,True,0,1,0,4667.841340074397,4791.536461235113,Aumento_Velocidade,0
pedido_4753.009720266524_243,68.70672382028677,44.428315089819165,29.428315089819165,3.790601336341316,10,4.31537515213609,Moto,Sandstorms,Medium,Urban,True,1,0,0,4753.009720266524,4792.438035356343,Rota_Reduzida,1
pedido_4693.613058952268_216,125.63783351878111,106.67157519905365,91.67157519905365,3.7892256250809373,10,4.517261338070363,Moto,Windy,Jam,Urban,False,0,1,0,4693.613058952268,4795.284634151321,Aumento_Velocidade,1
pedido_4680.472012796118_206,130.85951845746234,115.69764486650604,100.69764486650604,2.848226795329299,15,4.632937416606185,Scooter,Windy,High,Metropolitian,False,0,1,0,4680.472012796118,4796.169657662625,Aumento_Velocidade,0
pedido_4677.43099807446_205,127.75939974483867,123.49916497167487,108.49916497167487,6.382660448959198,15,4.46758221205121,Moto,Windy,Jam,Metropolitian,False,0,1,0,4677.43099807446,4800.930163046135,Aumento_Velocidade,0
pedido_4639.953410167611_178,175.15367917018912,167.49864649558015,152.49864649558015,6.626767633547169,10,4.391432671887351,Moto,Windy,High,Metropolitian,False,0,1,0,4639.953410167611,4802.452056663191,Aumento_Velocidade,0
pedido_4673.689273473168_201,135.2598061746341,135.24746942709302,120.24746942709302,19.79424993331065,10,4.875761253876551,Scooter,Sandstorms,High,Metropolitian,False,0,1,0,4673.689273473168,4803.936742900261,Aumento_Velocidade,0
pedido_4692.85364675305_215,135.45155639526504,114.43329321513622,99.43329321513622,6.936166366906997,15,5.0,Moto,Windy,High,Urban,False,0,1,0,4692.85364675305,4807.286939968187,Aumento_Velocidade,0
pedido_4676.867908518573_204,132.67386381746113,140.80768133651938,125.80768133651938,0.0,5,4.636156974928704,Moto,Stormy,Medium,Metropolitian,False,0,0,0,4676.867908518573,4807.675589855093,Rota_Reduzida,0
pedido_4728.062565268106_227,95.3925029513344,90.95866819096464,75.95866819096464,0.962011072151137,5,4.891183828414408,Moto,Sunny,High,Metropolitian,False,0,1,1,4728.062565268106,4809.021233459071,Aumento_Velocidade,1
pedido_4734.596747916507_232,103.67709191331319,75.55425155612176,60.554251556121756,23.114002656941253,15,4.676333192084462,Moto,Sunny,High,Urban,False,0,1,1,4734.596747916507,4810.150999472629,Aumento_Velocidade,1
pedido_4691.282434586978_213,134.7974215953007,128.9522396646284,113.9522396646284,3.774381275385562,5,4.728322785020895,Scooter,Foggy,High,Metropolitian,False,0,1,0,4691.282434586978,4810.234674251606,Aumento_Velocidade,0
pedido_4736.176509013571_237,96.6384385956655,85.76393696597678,70.76393696597678,5.359466199467581,5,4.956680579066442,Moto,Sunny,Medium,Metropolitian,False,0,0,1,4736.176509013571,4811.940445979548,Rota_Reduzida,1
pedido_4735.361465264325_235,105.26855294111228,87.93390758276743,72.93390758276743,19.8945451721661,5,4.6509295571811,Scooter,Sunny,High,Metropolitian,True,0,1,1,4735.361465264325,4813.295372847092,Aumento_Velocidade,1
pedido_4709.59155164518_222,103.02066999461137,89.50811564267856,89.50811564267856,4.349653995265881,15,4.829208108079326,Moto,Windy,Low,Metropolitian,False,0,0,0,4709.59155164518,4814.099667287858,Nenhuma,1
pedido_4754.847623467014_244,96.12338172112565,60.288501041171045,45.288501041171045,6.511250468028935,15,4.4993600579534725,Scooter,Sunny,Medium,Metropolitian,False,0,0,1,4754.847623467014,4815.136124508185,Rota_Reduzida,1
pedido_4657.700393625835_186,144.83746300309488,158.275839274749,143.275839274749,19.893692431991695,15,4.7344577129373455,Scooter,Foggy,Medium,Metropolitian,True,0,0,0,4657.700393625835,4815.976232900584,Rota_Reduzida,0
pedido_4676.334627605675_203,136.45112207942776,146.69306276074593,131.69306276074593,6.2908303206553375,10,4.725481956362697,Moto,Windy,Medium,Metropolitian,True,0,0,0,4676.334627605675,4818.027690366422,Rota_Reduzida,0
pedido_4701.030634492832_218,133.0196758514353,131.11384762117166,116.11384762117166,15.219941970337981,5,4.717679461313291,Moto,Windy,High,Metropolitian,False,0,1,0,4701.030634492832,4822.144482114004,Aumento_Velocidade,0
pedido_4728.45298912245_229,123.3960283444196,94.35480373019908,79.35480373019908,3.1181450685032823,15,4.554670051561048,Moto,Stormy,Jam,Metropolitian,False,0,1,0,4728.45298912245,4822.807792852649,Aumento_Velocidade,1
pedido_4718.675715769412_225,125.63539848265953,115.4256424526034,100.4256424526034,6.192250094506074,5,4.724614800878533,Moto,Stormy,High,Metropolitian,True,0,1,0,4718.675715769412,4824.101358222016,Aumento_Velocidade,0
pedido_4707.130365346756_221,136.0898419116869,130.0219894996896,115.0219894996896,16.63701758945662,5,4.604085159534553,Moto,Windy,Jam,Metropolitian,False,0,1,0,4707.130365346756,4827.152354846446,Aumento_Velocidade,0
pedido_4660.111868817398_192,177.73525296427715,167.45111007744094,152.45111007744094,6.875830668483283,15,4.323150840135839,Moto,Foggy,High,Metropolitian,False,0,1,0,4660.111868817398,4827.562978894839,Aumento_Velocidade,0
pedido_4702.8906731577745_219,132.83225952499396,129.22614226670953,114.22614226670953,6.35691047324862,15,4.752309141546849,Moto,Foggy,High,Metropolitian,False,0,1,0,4702.8906731577745,4832.116815424484,Aumento_Velocidade,0
pedido_4762.530452969564_248,94.59897983503738,75.67086723987951,60.67086723987951,8.464160536364531,10,4.737150049600551,Scooter,Sunny,High,Metropolitian,False,0,1,1,4762.530452969564,4833.201320209444,Aumento_Velocidade,1
pedido_4705.517889114047_220,131.86384858265416,139.66516955065882,124.66516955065882,8.000076428080458,5,4.506777668935371,Moto,Windy,Jam,Metropolitian,True,0,1,0,4705.517889114047,4835.183058664706,Aumento_Velocidade,0
pedido_4700.1598553403155_217,137.6282171108975,138.6272716069334,123.62727160693339,5.909640418585532,15,4.619985619385795,Moto,Sandstorms,Medium,Metropolitian,True,0,0,0,4700.1598553403155,4838.787126947249,Rota_Reduzida,0
pedido_4711.200741332814_223,135.08796485254985,135.21777007671778,120.21777007671778,11.341707421404715,10,4.728841694918996,Moto,Sandstorms,High,Metropolitian,True,0,1,0,4711.200741332814,4841.418511409532,Aumento_Velocidade,0
pedido_4734.687768088223_233,136.2796768242203,108.19319945534353,93.19319945534353,9.3150587514676,15,4.608648623258167,Scooter,Windy,Medium,Metropolitian,False,0,0,0,4734.687768088223,4842.880967543566,Rota_Reduzida,0
pedido_4766.964110136853_250,105.37171064862105,83.23499259221347,68.23499259221347,12.00949167388745,10,4.62619034632035,Moto,Sunny,Medium,Urban,True,0,0,1,4766.964110136853,4845.199102729067,Rota_Reduzida,1
pedido_4734.994892815144_234,143.3130845427493,121.09617771692314,106.09617771692314,10.143230193552574,5,4.591570418681742,Scooter,Foggy,Jam,Metropolitian,True,0,1,0,4734.994892815144,4846.0910705320675,Aumento_Velocidade,0
pedido_4733.689541686499_230,136.51783716294975,122.63203952437418,107.63203952437418,13.858551160216582,5,4.811852806272362,Scooter,Stormy,Jam,Urban,True,0,1,0,4733.689541686499,4846.321581210873,Aumento_Velocidade,0
pedido_4793.706946757558_273,40.49643665091178,42.870109370427045,42.870109370427045,16.825764389644977,15,4.6202335188603865,Moto,Sunny,High,Urban,False,1,1,1,4793.706946757558,4851.577056127985,Nenhuma,1
pedido_4719.370820384991_226,130.28071638902654,142.80700544796372,127.80700544796372,5.413656083262537,5,5.0,Moto,Stormy,High,Metropolitian,True,0,1,0,4719.370820384991,4852.177825832955,Aumento_Velocidade,0
pedido_4735.803267991665_236,133.1817589023007,118.15040128895424,103.15040128895424,8.806123376557672,15,4.839895214850291,Scooter,Foggy,High,Metropolitian,False,0,1,0,4735.803267991665,4853.95366928062,Aumento_Velocidade,0
pedido_4748.887566661348_240,134.5142525570483,117.07946618512386,102.07946618512386,3.9708694649958685,5,4.796504786524415,Scooter,Foggy,High,Metropolitian,False,0,1,0,4748.887566661348,4855.967032846472,Aumento_Velocidade,0
pedido_4740.833330417534_238,138.3031384848632,126.9488051725483,111.9488051725483,19.26864584915184,5,4.72967881548065,Moto,Sandstorms,Medium,Metropolitian,False,0,0,0,4740.833330417534,4857.782135590082,Rota_Reduzida,0
pedido_4728.367660025877_228,140.80381085995367,140.44267426700824,125.44267426700824,11.277098204953951,5,4.459234408609268,Moto,Foggy,High,Metropolitian,False,0,1,0,4728.367660025877,4858.810334292885,Aumento_Velocidade,0
pedido_4734.527022562195_231,136.6210865436398,134.44949473802075,119.44949473802075,10.26809743698363,10,4.724984262023376,Moto,Sandstorms,Medium,Urban,False,0,0,0,4734.527022562195,4863.976517300216,Rota_Reduzida,0
pedido_4759.890752940416_247,132.83225952499396,114.19637785788461,99.19637785788461,6.584536461738254,15,4.8095659023668444,Moto,Foggy,High,Metropolitian,False,0,1,0,4759.890752940416,4874.087130798301,Aumento_Velocidade,0
pedido_4782.651049775155_262,102.97077709614244,101.82485537339811,86.82485537339811,17.479216558241262,5,4.840903714760934,Scooter,Sunny,High,Metropolitian,False,0,1,1,4782.651049775155,4874.4759051485535,Aumento_Velocidade,1
pedido_4777.476551754652_259,98.90884907823967,103.37488447450556,88.37488447450556,7.315280202893707,10,4.567417862345478,Moto,Sunny,Jam,Metropolitian,False,0,1,1,4777.476551754652,4875.851436229158,Aumento_Velocidade,1
pedido_4751.170563531207_242,140.60293531075072,135.1572882454786,120.15728824547861,10.651353293550331,5,4.740849452561384,Moto,Foggy,High,Metropolitian,False,0,1,0,4751.170563531207,4876.327851776686,Aumento_Velocidade,0
pedido_4755.607349387577_246,134.68446683212727,128.688313435533,113.68831343553299,15.893907486216566,10,4.609896097746133,Moto,Sandstorms,High,Metropolitian,False,0,1,0,4755.607349387577,4879.29566282311,Aumento_Velocidade,0
pedido_4771.835065267662_254,143.72161743942561,114.90695817948748,99.90695817948748,14.358614549400315,10,4.540424116936766,Moto,Sandstorms,Jam,Metropolitian,False,0,1,0,4771.835065267662,4881.742023447149,Aumento_Velocidade,0
pedido_4751.004543002083_241,133.54052809759443,136.3658786010192,121.3658786010192,8.64023533661285,10,4.705435032567686,Scooter,Foggy,High,Metropolitian,False,0,1,0,4751.004543002083,4882.370421603102,Aumento_Velocidade,0
pedido_4814.416430300059_288,101.84043561517271,75.79816422022309,60.798164220223086,15.028243443645483,10,4.779622483009563,Scooter,Sunny,High,Urban,False,0,1,1,4814.416430300059,4885.214594520282,Aumento_Velocidade,1
pedido_4774.591424734023_256,103.25681570377351,106.85401238695144,106.85401238695144,16.296991720287767,5,4.622605359726452,Van,Sandstorms,Low,Metropolitian,True,0,0,0,4774.591424734023,4886.445437120975,Nenhuma,1
pedido_4766.47676101229_249,135.34087709919237,120.77654624051013,105.77654624051013,7.201792290201904,15,4.683184967367281,Scooter,Windy,Medium,Metropolitian,False,0,0,0,4766.47676101229,4887.2533072528,Rota_Reduzida,0
pedido_4777.790081203169_260,129.7074910572432,110.5884772470493,95.5884772470493,5.033299955736032,15,4.549140563245863,Moto,Foggy,Jam,Metropolitian,True,0,1,0,4777.790081203169,4888.378558450218,Aumento_Velocidade,0
pedido_4786.034124582725_267,105.32489482370048,92.95136186825655,92.95136186825655,6.535249372322813,10,4.7015971666225695,Moto,Stormy,Low,Metropolitian,True,0,0,0,4786.034124582725,4888.985486450982,Nenhuma,1
pedido_4829.771724436839_298,48.07519519022094,56.17298745934783,56.17298745934783,17.784853354802674,5,4.644320782424922,Moto,Stormy,Medium,Metropolitian,True,1,0,0,4829.771724436839,4890.944711896186,Nenhuma,1
pedido_4805.510103419698_280,95.7534846130962,91.02577854403546,76.02577854403546,7.839491585758092,10,4.971777996995453,Moto,Sunny,High,Metropolitian,False,0,1,1,4805.510103419698,4891.535881963733,Aumento_Velocidade,1
pedido_4777.341542471981_258,134.41086404352853,119.36160072144312,104.36160072144312,13.4052627559079,10,4.5307242664579865,Scooter,Windy,High,Metropolitian,False,0,1,0,4777.341542471981,4891.703143193424,Aumento_Velocidade,0
pedido_4767.261758369801_251,132.10085199663985,133.3181904011811,118.31819040118111,2.4253116199482005,10,5.0,Scooter,Stormy,High,Metropolitian,True,0,1,0,4767.261758369801,4895.579948770982,Aumento_Velocidade,0
pedido_4810.56834468542_283,122.9043522036131,101.01572110960126,81.01572110960126,9.155123281479439,5,4.607621081707409,Scooter,Sandstorms,High,Other,False,0,1,0,4810.56834468542,4896.584065795021,Rota_Reduzida,1
pedido_4825.581296149411_295,102.52525329005032,84.29922605764658,69.29922605764658,18.242213370225173,5,4.898041987671615,Moto,Sunny,High,Metropolitian,False,0,1,1,4825.581296149411,4899.880522207058,Aumento_Velocidade,1
pedido_4783.771052644879_264,129.35413274741754,122.38282319072357,107.38282319072357,3.923590162028141,10,5.0,Moto,Foggy,Jam,Metropolitian,False,0,1,0,4783.771052644879,4901.153875835603,Aumento_Velocidade,0
pedido_4785.770650703731_265,129.32104155938487,120.86862720306806,105.86862720306806,16.392440407658206,10,4.728454221451492,Scooter,Stormy,High,Urban,False,0,1,0,4785.770650703731,4901.639277906799,Aumento_Velocidade,0
pedido_4804.270032283333_278,101.07847264763906,88.14758373792989,88.14758373792989,5.522949146300792,10,4.7522441910738555,Scooter,Sandstorms,Low,Metropolitian,False,0,0,0,4804.270032283333,4902.417616021264,Nenhuma,1
pedido_4801.255976362911_276,126.55100793384632,106.82272560505035,91.82272560505035,4.850096689347719,10,4.630816930919403,Scooter,Stormy,High,Metropolitian,True,0,1,0,4801.255976362911,4903.078701967961,Aumento_Velocidade,1
pedido_4773.475972968473_255,150.22024843913186,129.6205128027204,114.62051280272041,13.247834405389899,15,4.686846089421721,Scooter,Foggy,Jam,Metropolitian,True,0,1,0,4773.475972968473,4903.096485771193,Aumento_Velocidade,0
pedido_4770.783703827298_253,134.20702046845372,134.32251902190197,119.32251902190197,14.93471226099734,15,4.678706396031179,Scooter,Sandstorms,High,Metropolitian,False,0,1,0,4770.783703827298,4905.1062228492,Aumento_Velocidade,0
pedido_4791.16061896968_272,132.54464392905672,125.14320712502334,110.14320712502334,6.9785321432840375,5,4.6703610785402825,Moto,Windy,High,Urban,False,0,1,0,4791.16061896968,4906.303826094704,Aumento_Velocidade,0
pedido_4811.392442170391_285,103.2396044153738,80.09295088079196,80.09295088079196,3.324732341244542,15,4.825954325693909,Moto,Stormy,Low,Metropolitian,True,0,0,0,4811.392442170391,4906.485393051184,Nenhuma,1
pedido_4745.027616136437_239,175.9222090102598,161.52629460779968,146.52629460779968,8.825690529783094,15,4.435113016323839,Scooter,Windy,High,Metropolitian,False,0,1,0,4745.027616136437,4906.553910744237,Aumento_Velocidade,0
pedido_4768.5728509008895_252,135.1890658433381,138.4245737619444,123.4245737619444,8.521011754856648,15,4.658972806150947,Moto,Windy,Medium,Metropolitian,False,0,0,0,4768.5728509008895,4906.9974246628335,Rota_Reduzida,0
pedido_4786.870210178289_268,131.21559757745345,120.37273469457128,105.37273469457128,3.6262206113539377,15,5.0,Moto,Stormy,High,Metropolitian,False,0,1,0,4786.870210178289,4907.242944872861,Aumento_Velocidade,0
pedido_4840.796542283903_304,101.65845697273576,79.99849672145011,64.99849672145011,13.588145735258252,5,4.9166096985732715,Moto,Sunny,High,Metropolitian,False,0,1,1,4840.796542283903,4910.795039005354,Aumento_Velocidade,1
pedido_4793.787688496101_274,134.6350702424239,120.83914991454014,105.83914991454014,5.943912932975918,15,4.818075503589928,Scooter,Stormy,Medium,Urban,False,0,0,0,4793.787688496101,4914.626838410641,Rota_Reduzida,0
pedido_4755.272914903227_245,166.93408772211424,160.41189625587407,145.41189625587407,6.401688716384919,15,4.303581421062955,Scooter,Sunny,Medium,Metropolitian,False,0,0,1,4755.272914903227,4915.684811159101,Rota_Reduzida,0
pedido_4814.113587836393_287,129.2828009036499,107.82811043831911,92.82811043831911,9.539506761899542,10,4.638657086274039,Scooter,Sandstorms,Jam,Urban,False,0,1,0,4814.113587836393,4916.9416982747125,Aumento_Velocidade,1
pedido_4785.93969822601_266,132.90966974132087,136.01720380405686,121.01720380405686,7.6890438049701775,10,4.693062189497802,Moto,Foggy,High,Metropolitian,False,0,1,0,4785.93969822601,4916.956902030066,Aumento_Velocidade,0
pedido_4789.741972742158_269,127.48449899312405,137.40150441718674,122.40150441718674,0.0,5,4.862555597530976,Scooter,Sandstorms,Jam,Urban,True,0,1,0,4789.741972742158,4917.143477159345,Aumento_Velocidade,0
pedido_4803.187820449342_277,128.2225744463269,121.71969352544414,101.71969352544414,3.532415726786669,15,4.826734933952916,Moto,Stormy,High,Semi-Urban,False,0,1,0,4803.187820449342,4919.9075139747865,Rota_Reduzida,0
pedido_4859.87479088088_316,44.21981731259577,45.469485343147866,45.469485343147866,14.69443691659978,15,4.9134533642349645,Scooter,Stormy,High,Metropolitian,False,1,1,0,4859.87479088088,4920.344276224027,Nenhuma,1
pedido_4795.731175836335_275,130.09048105961844,135.9667838038357,120.96678380383571,2.9200800198262638,5,4.8527219226844975,Moto,Windy,Jam,Metropolitian,True,0,1,0,4795.731175836335,4921.697959640171,Aumento_Velocidade,0
pedido_4783.445963692447_263,135.3744117678108,123.94424152276446,123.94424152276446,12.33494770476784,15,4.696355455051864,Van,Windy,High,Metropolitian,True,0,1,0,4783.445963692447,4922.390205215211,Nenhuma,0
pedido_4790.7022966284_271,125.5213864356067,135.4252990035131,120.42529900351309,0.6886049792659676,15,4.52560434623115,Moto,Foggy,Medium,Metropolitian,False,0,0,0,4790.7022966284,4926.127595631913,Rota_Reduzida,0
pedido_4862.530636709293_318,101.35372819088701,75.03886286672599,60.03886286672599,9.878559232020685,5,4.827912289787148,Scooter,Sunny,High,Urban,False,0,1,1,4862.530636709293,4927.569499576019,Aumento_Velocidade,1
pedido_4804.633516110931_279,134.94826940247617,123.64393726189229,108.64393726189229,15.750630428468702,15,4.826562784942954,Moto,Sandstorms,High,Metropolitian,True,0,1,0,4804.633516110931,4928.277453372823,Aumento_Velocidade,0
pedido_4817.644749174773_291,133.49064642805507,117.73704688752991,102.73704688752991,12.157008978815455,10,4.625905650348594,Moto,Stormy,Medium,Metropolitian,False,0,0,0,4817.644749174773,4930.381796062303,Rota_Reduzida,0
pedido_4815.379077144066_289,133.67951336798444,125.39215946531326,110.39215946531326,19.97189949472574,5,4.554652204783713,Moto,Windy,High,Metropolitian,False,0,1,0,4815.379077144066,4930.771236609379,Aumento_Velocidade,0
pedido_4811.131032445079_284,123.11791832226211,120.45063789453289,105.45063789453289,3.974744033949719,15,4.546072502030949,Scooter,Sandstorms,Jam,Metropolitian,False,0,1,0,4811.131032445079,4931.581670339611,Aumento_Velocidade,0
pedido_4818.88359150624_292,137.90455663771672,125.92235608635488,110.92235608635488,13.534912133752178,5,4.618163414543334,Moto,Windy,Jam,Urban,False,0,1,0,4818.88359150624,4934.805947592595,Aumento_Velocidade,0
pedido_4782.496114336698_261,133.68357605391355,142.41601207812766,142.41601207812766,3.92110832875582,10,5.0,Van,Windy,High,Metropolitian,False,0,1,0,4782.496114336698,4934.912126414826,Nenhuma,0
pedido_4842.3576866408575_305,127.27301323447846,105.11833000685263,90.11833000685263,4.781538201809688,10,4.590103771182642,Scooter,Stormy,High,Urban,False,0,1,0,4842.3576866408575,4942.47601664771,Aumento_Velocidade,1
pedido_4807.287558626982_281,133.05002664718296,122.56198619067695,122.56198619067695,3.043449303989304,15,4.85373729839633,Van,Stormy,Medium,Metropolitian,False,0,0,0,4807.287558626982,4944.849544817659,Nenhuma,0
pedido_4823.50679447596_293,141.5653798675711,133.36975678176364,118.36975678176364,17.77793466269563,5,4.799909572339104,Moto,Foggy,High,Metropolitian,False,0,1,0,4823.50679447596,4946.876551257724,Aumento_Velocidade,0
pedido_4894.158968806262_342,49.69820011394958,47.87470675288237,47.87470675288237,0.0,5,4.721002666299486,Moto,Sandstorms,High,Metropolitian,True,1,1,0,4894.158968806262,4947.033675559144,Nenhuma,1
pedido_4807.570441004921_282,130.95762496298153,149.72411257827238,134.72411257827238,6.598304201308791,5,5.0,Moto,Stormy,High,Metropolitian,True,0,1,0,4807.570441004921,4947.294553583193,Aumento_Velocidade,0
pedido_4823.6788827160935_294,134.51104555526933,129.0656747814091,114.06567478140909,16.20177618740517,10,4.759269926245125,Scooter,Sandstorms,High,Metropolitian,False,0,1,0,4823.6788827160935,4947.744557497503,Aumento_Velocidade,0
pedido_4840.6784910454235_303,136.5398492498131,119.59630424274509,104.59630424274509,5.451726178704675,5,4.700933879225075,Scooter,Windy,Medium,Metropolitian,False,0,0,0,4840.6784910454235,4950.274795288168,Rota_Reduzida,0
pedido_4845.292054095933_307,122.65940462307587,110.07372058671415,90.07372058671415,4.995900935541204,15,4.60874407528649,Scooter,Sandstorms,High,Other,False,0,1,0,4845.292054095933,4950.3657746826475,Rota_Reduzida,0
pedido_4920.899356399208_358,44.14275867619342,24.702371243321828,24.702371243321828,3.8736103994485753,5,4.675128527859472,Moto,Stormy,Medium,Metropolitian,False,1,0,0,4920.899356399208,4950.60172764253,Nenhuma,1
pedido_4776.797184634166_257,194.67120154505872,181.1653487781167,166.1653487781167,4.296152499944894,10,4.365877975418115,Moto,Sunny,High,Urban,False,0,1,1,4776.797184634166,4952.962533412283,Aumento_Velocidade,0
pedido_4837.035934448836_299,129.42766501532498,128.55538415171912,113.55538415171912,2.681720756914531,5,4.693487188248246,Moto,Stormy,High,Metropolitian,False,0,1,0,4837.035934448836,4955.5913186005555,Aumento_Velocidade,0
pedido_4839.852518347947_302,133.54052809759443,121.56759767414229,106.56759767414229,8.736343260214248,10,4.690281165989448,Moto,Foggy,High,Metropolitian,False,0,1,0,4839.852518347947,4956.420116022089,Aumento_Velocidade,0
pedido_4828.554441349006_296,127.93486229971279,133.1746009222063,118.17460092220631,7.499696110448317,10,4.925040599601074,Scooter,Stormy,High,Metropolitian,False,0,1,0,4828.554441349006,4956.729042271212,Aumento_Velocidade,0
pedido_4828.579619860628_297,143.79962389480238,134.9122296654785,119.91222966547849,13.389620426155536,10,4.563115430122915,Moto,Foggy,Medium,Metropolitian,True,0,0,0,4828.579619860628,4958.491849526106,Rota_Reduzida,0
pedido_4866.492976325966_320,101.6743417057863,102.20451933929527,87.20451933929527,13.803989674015144,5,5.0,Moto,Sunny,High,Metropolitian,False,0,1,1,4866.492976325966,4958.697495665261,Aumento_Velocidade,1
pedido_4813.963088791059_286,142.18336710877625,155.40316524903614,140.40316524903614,12.812564706945881,5,4.953395758586276,Moto,Foggy,High,Metropolitian,False,0,1,0,4813.963088791059,4959.366254040095,Aumento_Velocidade,0
pedido_4882.173866400889_333,105.19975107848433,92.66555939520806,77.66555939520806,15.639041453644554,5,4.572676718833877,Scooter,Sunny,High,Metropolitian,True,0,1,1,4882.173866400889,4964.839425796097,Aumento_Velocidade,1
pedido_4870.909796416363_323,104.80928965537505,106.05886723062598,91.05886723062598,4.368233843079294,5,4.514566047678549,Scooter,Sunny,High,Urban,False,0,1,1,4870.909796416363,4966.968663646989,Aumento_Velocidade,1
pedido_4855.278748374942_311,134.5142525570483,112.13865611973094,97.13865611973094,3.6458909649237725,15,4.773176949776789,Moto,Foggy,High,Metropolitian,False,0,1,0,4855.278748374942,4967.417404494672,Aumento_Velocidade,0
pedido_4855.490814043626_312,137.3199656861842,113.03860982175235,98.03860982175235,9.945208570514435,15,4.868620314415962,Scooter,Sandstorms,Medium,Metropolitian,True,0,0,0,4855.490814043626,4968.529423865379,Rota_Reduzida,0
pedido_4858.656356994264_314,134.03880756087088,115.5975503971236,100.5975503971236,11.588805568995891,10,4.5723696968585426,Moto,Sandstorms,High,Metropolitian,False,0,1,0,4858.656356994264,4969.253907391388,Aumento_Velocidade,0
pedido_4837.050131508353_300,141.32008033116873,132.58094998889325,117.58094998889325,15.008104075307319,15,4.662998053298244,Moto,Foggy,High,Metropolitian,False,0,1,0,4837.050131508353,4969.631081497246,Aumento_Velocidade,0
pedido_4790.537288016708_270,185.1933568951536,189.24432405185394,174.24432405185394,22.93123904950061,5,4.3164479887804035,Moto,Windy,High,Metropolitian,False,0,1,0,4790.537288016708,4969.781612068562,Aumento_Velocidade,0
pedido_4872.99641072976_325,98.71650902594666,97.80003432670348,82.80003432670348,5.6660878948419295,15,4.625504974307896,Moto,Sunny,High,Urban,False,0,1,1,4872.99641072976,4970.796445056463,Aumento_Velocidade,1
pedido_4838.086487799041_301,134.41086404352853,139.41112774961013,124.41112774961013,13.152363897529519,10,4.523809735057872,Moto,Windy,High,Metropolitian,False,0,1,0,4838.086487799041,4972.497615548651,Aumento_Velocidade,0
pedido_4881.763554351143_331,96.32118997249381,101.97933107084576,86.97933107084576,8.221657299413618,5,5.0,Scooter,Sunny,Medium,Metropolitian,False,0,0,1,4881.763554351143,4973.742885421989,Rota_Reduzida,1
pedido_4844.148783355414_306,132.36481215780856,135.18761707275527,120.18761707275527,4.278722375598028,10,4.732480627213297,Moto,Sandstorms,High,Urban,False,0,1,0,4844.148783355414,4974.336400428169,Aumento_Velocidade,0
pedido_4873.470207284639_326,98.18498347060215,86.17929573657995,86.17929573657995,7.666229017389428,15,4.496240247009572,Moto,Sunny,Low,Metropolitian,False,0,0,1,4873.470207284639,4974.649503021219,Nenhuma,1
pedido_4870.739026968424_322,130.09413057832128,104.43742205928427,89.43742205928427,0.7842163208727024,15,4.619898408326694,Moto,Sandstorms,High,Metropolitian,True,0,1,0,4870.739026968424,4975.176449027708,Aumento_Velocidade,1
pedido_4854.137127729541_310,134.8797119997815,129.21824813370412,114.21824813370412,9.791219548973814,10,5.0,Scooter,Sandstorms,Jam,Metropolitian,True,0,1,0,4854.137127729541,4978.355375863245,Aumento_Velocidade,0
pedido_4849.7176856501555_308,135.45169579463231,128.8909002334076,113.89090023340759,8.149514220199302,15,4.536175776066591,Scooter,Windy,Medium,Metropolitian,True,0,0,0,4849.7176856501555,4978.608585883563,Rota_Reduzida,0
pedido_4857.362560481384_313,163.53591872421228,129.83306389479083,114.83306389479083,18.10262297624077,10,4.427396409139079,Scooter,Sunny,Jam,Metropolitian,True,0,1,1,4857.362560481384,4982.195624376175,Aumento_Velocidade,0
pedido_4859.460121237932_315,141.67887272572975,134.79941852314928,119.79941852314928,14.237210521452514,5,5.0,Moto,Foggy,High,Metropolitian,False,0,1,0,4859.460121237932,4984.259539761081,Aumento_Velocidade,0
pedido_4883.7144979692175_335,98.98010990746916,96.71645116070692,96.71645116070692,2.9682645581160543,5,4.5091933304173235,Moto,Foggy,Low,Metropolitian,False,0,0,0,4883.7144979692175,4985.430949129925,Nenhuma,1
pedido_4861.0706379822095_317,129.49992951897042,127.91772948710775,112.91772948710775,9.770288531878343,15,4.806462196623463,Moto,Foggy,Jam,Metropolitian,False,0,1,0,4861.0706379822095,4988.988367469317,Aumento_Velocidade,0
pedido_4815.705508090758_290,187.09978251065107,178.71106721350148,163.71106721350148,12.875595015879757,10,4.445091900747124,Scooter,Stormy,High,Metropolitian,False,0,1,0,4815.705508090758,4989.416575304259,Aumento_Velocidade,0
pedido_4871.507580769412_324,134.84707789333638,124.87373788608198,109.87373788608198,10.147502657609277,10,4.45410715630506,Scooter,Foggy,Medium,Metropolitian,False,0,0,0,4871.507580769412,4991.381318655494,Rota_Reduzida,0
pedido_4877.755228912868_330,130.2318883716006,113.76280267414936,98.76280267414936,6.237876057982028,15,4.589450492654339,Moto,Foggy,Jam,Metropolitian,False,0,1,0,4877.755228912868,4991.5180315870175,Aumento_Velocidade,0
pedido_4915.608334267745_354,97.01961496543177,86.84947200759754,71.84947200759754,0.0,5,5.0,Scooter,Sunny,High,Metropolitian,False,0,1,1,4915.608334267745,4992.457806275343,Aumento_Velocidade,1
pedido_4887.943767355899_336,137.0562120298999,108.30525490153548,93.30525490153548,6.768470033617175,15,5.0,Scooter,Windy,Medium,Metropolitian,False,0,0,0,4887.943767355899,4996.249022257434,Rota_Reduzida,0
pedido_4905.973871716923_347,102.38665475488781,92.61587591552917,77.61587591552917,15.397089829451536,15,4.555567562956534,Scooter,Sunny,High,Metropolitian,False,0,1,1,4905.973871716923,4998.589747632453,Aumento_Velocidade,1
pedido_4852.1924915487125_309,177.27028631652774,151.44876276203203,136.44876276203203,13.144745823138496,10,4.44563451391604,Scooter,Sunny,High,Metropolitian,False,0,1,1,4852.1924915487125,4998.641254310744,Aumento_Velocidade,0
pedido_4902.443584351351_346,110.12537629176467,107.57831624614096,92.57831624614096,19.306850763756387,5,4.515560799644569,Moto,Sunny,Jam,Urban,False,0,1,1,4902.443584351351,5000.021900597492,Aumento_Velocidade,1
pedido_4915.284080644162_353,106.65221548234197,89.3956557639602,74.3956557639602,15.301145523758706,15,4.463899580029521,Scooter,Sunny,High,Metropolitian,False,0,1,1,4915.284080644162,5004.679736408122,Aumento_Velocidade,1
pedido_4875.366550264377_328,138.94474979250597,114.65794656629743,114.65794656629743,1.2525885643658219,15,4.162809714813502,Moto,Foggy,Low,Metropolitian,False,0,0,0,4875.366550264377,5005.024496830674,Nenhuma,0
pedido_4907.592982994066_348,130.47859419947972,102.56124616702493,87.56124616702493,16.858116140428805,10,4.516729772239394,Moto,Stormy,High,Metropolitian,False,0,1,0,4907.592982994066,5005.154229161091,Aumento_Velocidade,1
pedido_4928.523779448506_363,110.16260416368422,84.25871415354868,69.25871415354868,11.381716231433625,10,4.694417050639164,Moto,Sunny,Jam,Metropolitian,False,0,1,1,4928.523779448506,5007.782493602054,Aumento_Velocidade,1
pedido_4891.593432948209_340,134.09875592803058,121.2949154023903,106.2949154023903,12.888144836914776,10,4.6121633435220994,Scooter,Stormy,Medium,Metropolitian,False,0,0,0,4891.593432948209,5007.888348350599,Rota_Reduzida,0
pedido_4875.041270566997_327,133.8657576043775,138.54789603381107,123.54789603381107,1.7373817840593486,10,4.636756719653394,Moto,Foggy,High,Urban,False,0,1,0,4875.041270566997,5008.589166600808,Aumento_Velocidade,0
pedido_4953.392201756488_383,60.59208577968293,62.41731104055151,47.41731104055151,15.549882228168704,10,4.430193086892455,Moto,Stormy,High,Metropolitian,True,1,1,0,4953.392201756488,5010.80951279704,Aumento_Velocidade,1
pedido_4888.442398884884_337,134.5860495860398,122.37457470767396,107.37457470767396,8.729391971117355,15,4.740340734212667,Moto,Sandstorms,Medium,Metropolitian,False,0,0,0,4888.442398884884,5010.816973592558,Rota_Reduzida,0
pedido_4890.90872858421_339,129.49992951897042,112.13853299953126,112.13853299953126,9.380287566227686,10,4.838731684208857,Van,Foggy,Jam,Metropolitian,False,0,1,0,4890.90872858421,5013.047261583741,Nenhuma,0
pedido_4876.863434317657_329,141.3178313642075,136.89835319093217,121.89835319093217,14.41185519742371,15,4.60425247101029,Moto,Foggy,High,Urban,False,0,1,0,4876.863434317657,5013.76178750859,Aumento_Velocidade,0
pedido_4923.095322753352_361,99.66315985799018,75.72555423158606,75.72555423158606,21.014434674701125,15,5.0,Moto,Windy,Low,Metropolitian,False,0,0,0,4923.095322753352,5013.820876984938,Nenhuma,1
pedido_4924.197102742568_362,100.67511551062469,80.05772883981035,80.05772883981035,6.472117453800193,10,4.885238581388928,Scooter,Sandstorms,Low,Metropolitian,False,0,0,0,4924.197102742568,5014.254831582379,Nenhuma,1
pedido_4883.70980186182_334,132.22962665275085,131.57623126634758,116.57623126634758,5.477579258780802,15,4.831051690320101,Scooter,Foggy,High,Urban,True,0,1,0,4883.70980186182,5015.286033128167,Aumento_Velocidade,0
pedido_4910.798405800434_351,123.0476731551025,123.73633144419802,103.73633144419802,10.059853578579617,5,4.792542604849791,Scooter,Sandstorms,High,Other,False,0,1,0,4910.798405800434,5019.534737244632,Rota_Reduzida,0
pedido_4895.420563347738_343,133.62085499175072,134.80198087279683,119.80198087279683,7.357925002525935,5,5.0,Scooter,Stormy,Medium,Metropolitian,False,0,0,0,4895.420563347738,5020.2225442205345,Rota_Reduzida,0
pedido_4910.620200101806_350,130.66772885552825,112.0724935099643,97.0724935099643,5.751525906896549,15,4.733690483757647,Moto,Sandstorms,High,Metropolitian,True,0,1,0,4910.620200101806,5022.692693611771,Aumento_Velocidade,0
pedido_4897.559570353871_344,137.37193346031697,121.89479535673144,121.89479535673144,5.16874064675738,10,4.58143436654755,Van,Windy,Medium,Metropolitian,False,0,0,0,4897.559570353871,5029.454365710602,Nenhuma,0
pedido_4889.995357379494_338,146.45503228092804,139.70183925574153,124.70183925574153,20.645662145488345,15,4.849989104873727,Moto,Foggy,High,Metropolitian,True,0,1,0,4889.995357379494,5029.697196635235,Aumento_Velocidade,0
pedido_4893.484882555473_341,134.94826940247617,147.4193420134281,132.4193420134281,14.076683916001551,5,4.790253365116341,Moto,Sandstorms,High,Metropolitian,True,0,1,0,4893.484882555473,5030.904224568901,Aumento_Velocidade,0
pedido_4911.20328518489_352,133.9813208323942,120.51726972558387,105.51726972558387,13.781531289805814,15,4.665752683072496,Moto,Windy,High,Metropolitian,False,0,1,0,4911.20328518489,5031.720554910474,Aumento_Velocidade,0
pedido_4921.783050800557_359,126.68311966846548,122.81869948087822,102.81869948087822,16.452367185302823,10,4.698919965273736,Moto,Stormy,High,Other,True,0,1,0,4921.783050800557,5034.601750281436,Rota_Reduzida,0
pedido_4899.712572900303_345,131.66529020259978,137.16759733381852,122.16759733381852,8.30777932165361,15,4.548310616670181,Moto,Windy,High,Metropolitian,False,0,1,0,4899.712572900303,5036.880170234122,Aumento_Velocidade,0
pedido_4863.182168202876_319,185.51250759002278,174.2563524911761,159.2563524911761,16.15999049914993,15,4.258572111805421,Scooter,Windy,High,Metropolitian,True,0,1,0,4863.182168202876,5037.4385206940515,Aumento_Velocidade,0
pedido_4933.130281895263_365,105.99457934882014,100.77993323444845,100.77993323444845,6.813740538336283,5,4.577660184208898,Van,Stormy,Low,Metropolitian,True,0,0,0,4933.130281895263,5038.910215129711,Nenhuma,1
pedido_4919.6359993779315_356,133.68357605391355,124.59205529268525,109.59205529268525,3.164682209339798,10,5.0,Scooter,Windy,High,Metropolitian,False,0,1,0,4919.6359993779315,5039.228054670617,Aumento_Velocidade,0
pedido_4920.887079847525_357,134.53461121477815,118.68685831203305,103.68685831203305,19.164566502674376,15,4.556266458346227,Scooter,Windy,Medium,Metropolitian,False,0,0,0,4920.887079847525,5039.573938159558,Rota_Reduzida,0
pedido_4977.693751540661_401,102.84198900603003,66.39589558310564,51.39589558310564,8.44767490462246,15,4.488839005698272,Moto,Sunny,High,Metropolitian,False,0,1,1,4977.693751540661,5044.089647123767,Aumento_Velocidade,1
pedido_4941.46152184019_373,140.89819328805015,113.15765855675852,98.15765855675852,14.489529910658332,5,4.860641764884234,Moto,Sandstorms,Jam,Metropolitian,False,0,1,0,4941.46152184019,5044.619180396948,Aumento_Velocidade,1
pedido_4882.158469186132_332,171.87473006811115,168.96275350785115,153.96275350785115,7.151990540045606,10,4.404689093185744,Moto,Windy,Medium,Urban,True,0,0,0,4882.158469186132,5046.121222693982,Rota_Reduzida,0
pedido_4867.889393550168_321,200.8131445122568,179.851872898885,164.851872898885,14.489312972119771,15,4.365438926343946,Moto,Stormy,Jam,Urban,False,0,1,0,4867.889393550168,5047.741266449053,Aumento_Velocidade,0
pedido_4917.536130397219_355,105.44763542490782,126.45198734091795,126.45198734091795,15.095326001109337,5,4.746095214605033,Van,Stormy,Low,Metropolitian,True,0,0,0,4917.536130397219,5048.988117738137,Nenhuma,0
pedido_4957.480499908327_387,95.4484033791104,76.62553653275828,76.62553653275828,7.512617397006081,15,4.950230458504953,Scooter,Sunny,Low,Metropolitian,True,0,0,1,4957.480499908327,5049.106036441085,Nenhuma,1
pedido_4968.985398220647_393,98.96737422063686,88.14382850231956,73.14382850231956,7.459827024212336,10,4.634055272334901,Moto,Sunny,High,Metropolitian,True,0,1,1,4968.985398220647,5052.129226722966,Aumento_Velocidade,1
pedido_4922.431821487892_360,136.15338721638378,135.01488747448295,120.01488747448295,8.746458651115738,10,4.592269326459518,Moto,Windy,Medium,Urban,False,0,0,0,4922.431821487892,5052.446708962375,Rota_Reduzida,0
pedido_4943.235288106214_374,134.04956838944372,118.14036613900129,103.14036613900129,17.048627561661643,10,4.896449712329653,Scooter,Stormy,Medium,Metropolitian,False,0,0,0,4943.235288106214,5056.375654245216,Rota_Reduzida,0
pedido_4969.378296694852_395,104.76061484720417,87.21264589381107,72.21264589381107,18.522391074844126,15,4.780066284713195,Moto,Sunny,High,Metropolitian,True,0,1,1,4969.378296694852,5056.590942588663,Aumento_Velocidade,1
pedido_4945.131621855173_375,137.40436269258382,120.97129605791713,105.97129605791713,14.826131287440285,10,4.691745633215085,Moto,Sandstorms,Medium,Urban,True,0,0,0,4945.131621855173,5061.10291791309,Rota_Reduzida,0
pedido_4949.139410026883_377,131.47357163045365,122.57747594088387,107.57747594088387,3.2000135250874893,5,4.780893612275627,Scooter,Windy,High,Metropolitian,False,0,1,0,4949.139410026883,5061.716885967767,Aumento_Velocidade,0
pedido_4940.831782944913_372,116.75444634609877,133.2123171524895,113.2123171524895,5.1232513115985885,10,4.654042233013886,Moto,Stormy,Jam,Other,True,0,1,0,4940.831782944913,5064.044100097402,Rota_Reduzida,0
pedido_4938.462622902896_369,137.0401775347903,137.29173671212038,122.29173671212038,5.463192509827553,5,4.828608592264447,Scooter,Windy,Medium,Metropolitian,False,0,0,0,4938.462622902896,5065.754359615017,Rota_Reduzida,0
pedido_4949.804503642118_379,130.69284859166703,116.05255760632087,101.05255760632087,8.249715431747795,15,4.893519457800388,Moto,Sandstorms,Jam,Urban,True,0,1,0,4949.804503642118,5065.857061248439,Aumento_Velocidade,0
pedido_4940.353986235951_370,128.75750356773477,126.66461075951185,111.66461075951185,6.093924777940264,15,4.644159648682364,Moto,Windy,Jam,Metropolitian,False,0,1,0,4940.353986235951,5067.018596995463,Aumento_Velocidade,0
pedido_4952.521295979448_380,134.14109550680436,119.92574725239615,104.92574725239615,5.093778612733287,10,4.62805957490157,Scooter,Foggy,High,Metropolitian,False,0,1,0,4952.521295979448,5067.447043231844,Aumento_Velocidade,0
pedido_4948.98890380536_376,134.84401116071794,130.69819686896804,115.69819686896804,16.513196496565353,5,4.757198004470565,Scooter,Sandstorms,High,Metropolitian,True,0,1,0,4948.98890380536,5069.687100674328,Aumento_Velocidade,0
pedido_4910.039892188568_349,187.21747718456416,164.13596040136994,149.13596040136994,16.62686913215748,15,4.430079585207638,Moto,Sandstorms,Medium,Metropolitian,True,0,0,0,4910.039892188568,5074.175852589938,Rota_Reduzida,0
pedido_4934.312042993952_366,143.13772521093324,146.5766676549311,131.5766676549311,14.644405579213256,10,4.905300345128164,Scooter,Foggy,Medium,Metropolitian,False,0,0,0,4934.312042993952,5075.888710648883,Rota_Reduzida,0
pedido_4953.837656593476_384,137.19879946731947,122.24306328343073,107.24306328343073,15.735944626050173,15,4.872737967081435,Moto,Stormy,Jam,Metropolitian,True,0,1,0,4953.837656593476,5076.080719876907,Aumento_Velocidade,0
pedido_4965.847734724809_389,127.70402208782725,121.1510011116199,106.1510011116199,4.732551711254404,5,4.825980090621347,Moto,Stormy,High,Metropolitian,False,0,1,0,4965.847734724809,5076.998735836429,Aumento_Velocidade,0
pedido_4929.510425105449_364,171.2057762295516,147.9373784377973,132.9373784377973,11.631564352840877,15,4.2744965900974305,Scooter,Sunny,Jam,Urban,True,0,1,1,4929.510425105449,5077.447803543247,Aumento_Velocidade,0
pedido_4968.606852643513_392,128.82551111589967,115.46714599853844,100.46714599853844,1.3200236917201895,10,4.67814742071648,Moto,Foggy,Jam,Urban,True,0,1,0,4968.606852643513,5079.073998642051,Aumento_Velocidade,0
pedido_4982.201055253219_404,108.06362437298316,107.08719992338293,92.08719992338293,10.148940593258132,5,4.527770691612078,Scooter,Sunny,Jam,Metropolitian,False,0,1,1,4982.201055253219,5079.288255176602,Aumento_Velocidade,1
pedido_4952.533793311773_381,133.77483873398543,136.7788382056837,121.77883820568371,14.834548190028734,5,4.640274012265039,Moto,Stormy,Medium,Metropolitian,False,0,0,0,4952.533793311773,5079.312631517456,Rota_Reduzida,0
pedido_4965.065894989662_388,128.67839410419157,115.89275140484781,100.89275140484781,7.699290959340087,15,4.664947691944707,Moto,Stormy,Jam,Metropolitian,False,0,1,0,4965.065894989662,5080.958646394511,Aumento_Velocidade,0
pedido_4966.149644472927_390,132.96829130093437,115.40848458146647,100.40848458146647,3.98606238278683,15,4.521751919852253,Moto,Windy,Medium,Urban,False,0,0,0,4966.149644472927,5081.558129054394,Rota_Reduzida,0
pedido_4969.688109338028_396,102.92632301718344,98.18635604102403,98.18635604102403,6.084941242294813,15,4.5691023242879245,Scooter,Windy,Low,Urban,True,0,0,0,4969.688109338028,5082.874465379052,Nenhuma,1
pedido_4949.284267473473_378,144.3587233462459,145.36002031546334,130.36002031546334,10.837791714410315,5,4.797075207738123,Scooter,Foggy,High,Metropolitian,True,0,1,0,4949.284267473473,5084.644287788937,Aumento_Velocidade,0
pedido_4953.195176938545_382,132.67599241689362,137.79215213961646,122.79215213961646,3.941038683810264,10,4.645378309852566,Moto,Sandstorms,Medium,Metropolitian,True,0,0,0,4953.195176938545,5085.987329078162,Rota_Reduzida,0
pedido_4955.198132929005_385,143.72161743942561,131.2468963266224,116.24689632662239,14.654642026052368,15,4.5477784239544805,Scooter,Sandstorms,Jam,Metropolitian,False,0,1,0,4955.198132929005,5086.445029255627,Aumento_Velocidade,0
pedido_4979.491094492666_402,100.50592310702093,97.19038406748717,97.19038406748717,2.4090493876653714,10,4.731169766360179,Moto,Windy,Low,Urban,False,0,0,0,4979.491094492666,5086.681478560153,Nenhuma,1
pedido_4967.178840153976_391,131.12923098957708,124.77205094808221,109.77205094808221,3.3129568268204013,10,4.547474279605576,Moto,Sandstorms,High,Metropolitian,False,0,1,0,4967.178840153976,5086.950891102058,Aumento_Velocidade,0
pedido_4969.364687339998_394,134.8819635623919,119.75569951232657,104.75569951232657,15.387988068087756,15,4.715189006902054,Moto,Windy,Medium,Metropolitian,False,0,0,0,4969.364687339998,5089.120386852325,Rota_Reduzida,0
pedido_4971.492618992236_397,130.64658772735189,130.8826287598292,115.8826287598292,14.243303205827377,5,4.658231208294007,Moto,Stormy,High,Metropolitian,True,0,1,0,4971.492618992236,5092.375247752066,Aumento_Velocidade,0
pedido_4972.553171640333_399,131.72280766657516,126.96666720998599,111.96666720998599,19.523129635365116,10,4.692730040829064,Moto,Stormy,High,Metropolitian,True,0,1,0,4972.553171640333,5094.519838850319,Aumento_Velocidade,0
pedido_4940.71088165312_371,177.3287588260251,164.73335945639286,149.73335945639286,17.00791335551762,5,4.422036768300293,Scooter,Sunny,High,Metropolitian,False,0,1,1,4940.71088165312,5095.444241109512,Aumento_Velocidade,0
pedido_4990.869952118774_406,129.14836907580207,105.29383077268066,90.29383077268066,9.76052840644699,15,4.6768108625959535,Moto,Foggy,Medium,Metropolitian,False,0,0,0,4990.869952118774,5096.1637828914545,Rota_Reduzida,0
pedido_5002.646876765361_411,130.6589758629084,95.47321803153415,80.47321803153415,4.622507225780132,15,4.536750789289646,Moto,Sandstorms,High,Metropolitian,False,0,1,0,5002.646876765361,5098.1200947968955,Aumento_Velocidade,1
pedido_4972.973757562142_400,127.37431770641766,120.58336127025512,120.58336127025512,8.10749307271608,5,4.750432322957148,Van,Stormy,Jam,Metropolitian,False,0,1,0,4972.973757562142,5098.5571188323975,Nenhuma,0
pedido_5010.6712392101845_414,95.11501464702829,88.49867393144714,73.49867393144714,2.847322533358866,15,4.9844284822898794,Scooter,Sunny,Medium,Metropolitian,False,0,0,1,5010.6712392101845,5099.169913141632,Rota_Reduzida,1
pedido_4984.222165311498_405,135.58933855345487,122.35282241884784,107.35282241884784,14.715259448752438,10,4.733874482338294,Scooter,Windy,High,Urban,True,0,1,0,4984.222165311498,5101.574987730346,Aumento_Velocidade,0
pedido_4935.250428936851_367,177.4715841195258,166.80660517562225,151.80660517562225,14.262912959035088,15,4.443529212911751,Scooter,Sunny,High,Metropolitian,False,0,1,1,4935.250428936851,5102.057034112473,Aumento_Velocidade,0
pedido_4998.124088127675_409,133.4276074477385,109.24737863132965,94.24737863132965,3.260367713862472,10,4.6557014053990375,Scooter,Stormy,Medium,Metropolitian,False,0,0,0,4998.124088127675,5102.371466759005,Rota_Reduzida,1
pedido_5057.448796107337_433,46.62465387065627,40.10000425391406,40.10000425391406,14.16563075086928,10,4.560365371063499,Scooter,Foggy,High,Urban,True,1,1,0,5057.448796107337,5107.548800361252,Nenhuma,1
pedido_4955.965560219763_386,174.3400939095279,152.4634918644692,137.4634918644692,7.2476365278588775,15,4.3147863055351765,Moto,Windy,High,Metropolitian,False,0,1,0,4955.965560219763,5108.429052084231,Aumento_Velocidade,0
pedido_5002.939353726864_412,134.34583684191864,106.48455665494507,91.48455665494507,12.415031106758562,15,4.896821694733982,Scooter,Stormy,Medium,Urban,False,0,0,0,5002.939353726864,5109.423910381809,Rota_Reduzida,0
pedido_4996.174081008852_408,137.11224460204926,124.78132263127165,109.78132263127165,14.676484967341546,5,4.593038656396219,Scooter,Windy,Medium,Metropolitian,True,0,0,0,4996.174081008852,5110.955403640124,Rota_Reduzida,0
pedido_4979.789993686387_403,135.04821804286703,123.55703480915807,123.55703480915807,1.0048084686366021,10,4.431348688741269,Moto,Stormy,Low,Metropolitian,False,0,0,0,4979.789993686387,5113.347028495545,Nenhuma,0
pedido_4991.751787081751_407,133.77939199216166,123.88610737899918,108.88610737899918,8.781275221851693,15,4.559913525054095,Moto,Windy,High,Metropolitian,False,0,1,0,4991.751787081751,5115.63789446075,Aumento_Velocidade,0
pedido_4971.796594983198_398,144.6343242741584,147.53006819032356,132.53006819032356,12.790588747193741,15,5.0,Moto,Foggy,Medium,Metropolitian,False,0,0,0,4971.796594983198,5119.326663173521,Rota_Reduzida,0
pedido_5048.975144629344_427,97.21798027955808,86.35871985750812,71.35871985750812,3.401900788203351,5,4.823579304626168,Moto,Sunny,High,Metropolitian,False,0,1,1,5048.975144629344,5125.333864486852,Aumento_Velocidade,1
pedido_4937.10346437589_368,196.84741297405904,188.89141501875332,173.89141501875332,15.915684597456389,15,4.43694688253019,Moto,Windy,Jam,Metropolitian,False,0,1,0,4937.10346437589,5125.994879394643,Aumento_Velocidade,0
pedido_5013.550018333969_415,129.76486193434457,118.38122326492544,103.38122326492544,16.08782749877807,10,4.639001301559173,Moto,Stormy,High,Metropolitian,False,0,1,0,5013.550018333969,5126.931241598894,Aumento_Velocidade,0
pedido_5007.942574973845_413,131.891055982983,119.13600909878474,104.13600909878474,3.701849614183526,15,5.0,Moto,Sandstorms,Medium,Metropolitian,False,0,0,0,5007.942574973845,5127.078584072629,Rota_Reduzida,0
pedido_5024.511233547664_417,126.80353270585144,110.98058221803072,95.98058221803072,2.5619917787239497,15,4.665860652107026,Moto,Foggy,Jam,Metropolitian,False,0,1,0,5024.511233547664,5135.491815765695,Aumento_Velocidade,0
pedido_5037.74077984881_422,96.5744882953516,108.28360962717633,93.28360962717633,0.19597984768178467,5,4.830351470302685,Scooter,Sunny,Medium,Metropolitian,True,0,0,1,5037.74077984881,5136.024389475987,Rota_Reduzida,1
pedido_5000.9976047244045_410,132.0922726283077,146.6334696013669,131.6334696013669,5.344133601683485,5,4.620640280760115,Scooter,Foggy,High,Metropolitian,True,0,1,0,5000.9976047244045,5137.631074325772,Aumento_Velocidade,0
pedido_5060.165449285804_434,94.58990353618861,87.45618250810756,72.45618250810756,7.914942996121183,10,4.914597334270081,Moto,Sunny,High,Metropolitian,False,0,1,1,5060.165449285804,5142.621631793912,Aumento_Velocidade,1
pedido_5030.223766562114_420,133.90230297525136,112.96153714844144,97.96153714844144,13.946752193775298,15,4.672096551708897,Moto,Windy,High,Metropolitian,False,0,1,0,5030.223766562114,5143.185303710556,Aumento_Velocidade,0
pedido_5023.941883071453_416,102.78555991166621,104.41472670063678,104.41472670063678,8.149656466531757,15,4.592313146047957,Scooter,Stormy,Low,Metropolitian,False,0,0,0,5023.941883071453,5143.3566097720895,Nenhuma,1
pedido_5042.02481293153_425,132.23294085485315,103.54260687872947,88.54260687872947,6.20061747427055,15,4.6197017342278714,Scooter,Sandstorms,High,Metropolitian,False,0,1,0,5042.02481293153,5145.567419810259,Aumento_Velocidade,1
pedido_5040.403038586883_424,126.71942445193301,111.04119615615173,91.04119615615173,12.694663353639035,15,4.79370028181449,Moto,Windy,Jam,Other,False,0,1,0,5040.403038586883,5146.444234743034,Rota_Reduzida,0
pedido_5065.713379614408_436,97.85166069824912,91.3398371694159,76.3398371694159,12.884831823614928,5,4.4930066188496465,Scooter,Sunny,Medium,Other,True,0,0,1,5065.713379614408,5147.053216783824,Rota_Reduzida,1
pedido_5030.610835724446_421,127.27301323447846,127.30557327896486,112.30557327896486,5.263378810972375,5,4.601134902567848,Scooter,Stormy,High,Metropolitian,False,0,1,0,5030.610835724446,5147.91640900341,Aumento_Velocidade,0
pedido_5028.148678573622_418,140.21992819574834,131.23523851947886,116.23523851947886,11.529516750071181,5,4.848003296041815,Scooter,Sandstorms,Jam,Urban,False,0,1,0,5028.148678573622,5149.383917093101,Aumento_Velocidade,0
pedido_5029.62884690083_419,137.61740068824457,138.92612914957496,123.92612914957496,4.237319240221819,5,5.0,Moto,Sandstorms,High,Metropolitian,False,0,1,0,5029.62884690083,5158.554976050405,Aumento_Velocidade,0
pedido_5051.820293554502_428,132.8083525729057,118.41702904718133,103.41702904718133,7.3663548747470875,5,4.6681295434694166,Moto,Foggy,High,Urban,False,0,1,0,5051.820293554502,5160.237322601683,Aumento_Velocidade,0
pedido_5055.371637596533_431,134.12616390771282,107.10380590163695,92.10380590163695,14.417269509693819,15,4.8749585301010585,Scooter,Stormy,Medium,Metropolitian,False,0,0,0,5055.371637596533,5162.4754434981705,Rota_Reduzida,0
pedido_5038.975155806553_423,129.45263090172926,122.87085470517702,122.87085470517702,2.1953131716693113,5,4.649223413946944,Van,Sandstorms,Medium,Metropolitian,False,0,0,0,5038.975155806553,5166.84601051173,Nenhuma,0
pedido_5052.415622310858_429,129.7181559758863,119.32114137584745,104.32114137584745,9.025392702025568,15,4.612963883191836,Moto,Stormy,High,Metropolitian,False,0,1,0,5052.415622310858,5171.736763686706,Aumento_Velocidade,0
pedido_5045.928058963454_426,128.68577041953824,127.64145914581479,112.64145914581479,3.9351548500747913,15,4.964738645049848,Scooter,Sandstorms,Jam,Metropolitian,False,0,1,0,5045.928058963454,5173.569518109269,Aumento_Velocidade,0
pedido_5054.9532991055985_430,133.49846318068467,118.68447097449877,103.68447097449877,14.491334290814786,15,4.909740193418324,Moto,Windy,High,Metropolitian,False,0,1,0,5054.9532991055985,5173.637770080098,Aumento_Velocidade,0
pedido_5083.689948751177_442,100.52551238629248,90.60675538938142,75.60675538938142,3.878529866400443,15,4.611797438465342,Moto,Sunny,High,Metropolitian,True,0,1,1,5083.689948751177,5174.296704140559,Aumento_Velocidade,1
pedido_5064.529399254005_435,135.28442854694396,124.33026332906223,109.33026332906223,10.533000136364318,5,4.8816210085320275,Scooter,Stormy,Jam,Metropolitian,False,0,1,0,5064.529399254005,5178.859662583067,Aumento_Velocidade,0
pedido_5055.654633335181_432,127.58910403043068,113.51716561410356,113.51716561410356,6.883460411807519,15,4.875762734789303,Van,Sandstorms,Jam,Metropolitian,False,0,1,0,5055.654633335181,5184.1717989492845,Nenhuma,0
pedido_5080.163724891534_441,131.53379038969067,115.46945822557987,100.46945822557987,15.734718372931674,5,4.476415735359507,Moto,Stormy,High,Metropolitian,True,0,1,0,5080.163724891534,5185.633183117114,Aumento_Velocidade,0
pedido_5102.6301569648895_454,97.25628711649657,96.05811713088401,81.05811713088401,3.6184114920623687,5,4.932477028480766,Moto,Sunny,High,Metropolitian,False,0,1,1,5102.6301569648895,5188.6882740957735,Aumento_Velocidade,1
pedido_5091.72872932807_447,125.79619517010295,116.16098319635888,96.16098319635888,4.345372749161765,5,4.867424456167491,Scooter,Foggy,High,Other,False,0,1,0,5091.72872932807,5192.889712524428,Rota_Reduzida,0
pedido_5069.875037296141_438,128.10338629484463,130.63198303759023,115.63198303759023,3.487539269579343,10,4.642520897999214,Scooter,Stormy,High,Metropolitian,False,0,1,0,5069.875037296141,5195.507020333732,Aumento_Velocidade,0
pedido_5086.458356986822_443,99.50854118981101,105.01808311768715,105.01808311768715,9.281209896177753,5,5.0,Moto,Stormy,Low,Metropolitian,False,0,0,0,5086.458356986822,5196.476440104509,Nenhuma,1
pedido_5124.805167112704_468,104.26384968245269,63.81953090668222,63.81953090668222,15.83363637242416,10,4.759240093100483,Scooter,Windy,Low,Metropolitian,False,0,0,0,5124.805167112704,5198.624698019386,Nenhuma,1
pedido_5079.337564237245_440,129.36101408685738,129.31392361861563,114.31392361861563,15.865261196182518,5,4.696276823306653,Moto,Stormy,High,Metropolitian,False,0,1,0,5079.337564237245,5198.65148785586,Aumento_Velocidade,0
pedido_5103.243066343812_455,97.55471278326564,91.10759174214063,91.10759174214063,4.473381792455571,5,4.533571111446873,Scooter,Sunny,Low,Metropolitian,False,0,0,1,5103.243066343812,5199.350658085952,Nenhuma,1
pedido_5107.222100425155_458,102.92598097793538,87.75624208098772,87.75624208098772,4.013515903026354,5,4.516341985848382,Moto,Windy,Low,Metropolitian,True,0,0,0,5107.222100425155,5199.978342506143,Nenhuma,1
pedido_5092.869536432585_448,133.68357605391355,118.47696239850751,103.47696239850751,4.426963742808853,10,4.999607367848353,Moto,Windy,High,Metropolitian,False,0,1,0,5092.869536432585,5206.3464988310925,Aumento_Velocidade,0
pedido_5089.92609307886_446,134.5825729919354,117.87992238171023,102.87992238171023,17.818985827056128,15,4.702378090506734,Scooter,Stormy,Medium,Metropolitian,True,0,0,0,5089.92609307886,5207.80601546057,Rota_Reduzida,0
pedido_5094.458616623013_450,129.4306379683732,125.36672818385046,110.36672818385046,15.074631257824004,5,4.899423705805547,Scooter,Stormy,High,Metropolitian,False,0,1,0,5094.458616623013,5209.8253448068635,Aumento_Velocidade,0
pedido_5111.384003099018_461,99.26243080131454,100.47467769905492,85.47467769905492,7.296629504223197,15,4.72487598712957,Moto,Sunny,Medium,Metropolitian,True,0,0,1,5111.384003099018,5211.858680798073,Rota_Reduzida,1
pedido_5098.447216190419_452,129.48632816578044,119.8562500884457,104.8562500884457,19.53627491051035,10,4.795124501735763,Scooter,Stormy,High,Metropolitian,False,0,1,0,5098.447216190419,5213.303466278864,Aumento_Velocidade,0
pedido_5086.769450134133_444,141.3178313642075,132.1264961870048,117.12649618700479,15.53029615207428,10,4.5889259433294765,Moto,Foggy,High,Metropolitian,False,0,1,0,5086.769450134133,5213.895946321138,Aumento_Velocidade,0
pedido_5094.310471608137_449,133.4939360579514,129.75821320966133,114.75821320966133,6.666848359937608,5,4.541093646765772,Moto,Sandstorms,Medium,Urban,False,0,0,0,5094.310471608137,5214.068684817798,Rota_Reduzida,0
pedido_5109.467742657202_459,131.44586427633337,115.9313731407484,100.9313731407484,7.997052204877097,5,4.542129682855635,Moto,Sandstorms,High,Metropolitian,False,0,1,0,5109.467742657202,5215.39911579795,Aumento_Velocidade,0
pedido_5069.712148760859_437,172.4989473467342,155.8246811326592,140.8246811326592,6.011503738380802,5,4.26434140717241,Scooter,Stormy,Medium,Urban,False,0,0,0,5069.712148760859,5215.536829893518,Rota_Reduzida,0
pedido_5105.539902498857_456,132.40708100871677,115.39840255480942,100.39840255480942,2.9345233998999203,10,4.746755096805751,Moto,Sandstorms,Medium,Metropolitian,True,0,0,0,5105.539902498857,5215.938305053667,Rota_Reduzida,0
pedido_5076.734307717544_439,135.62229813034068,153.51676447693237,138.51676447693237,12.392436668144551,5,4.812526254083519,Scooter,Sandstorms,High,Metropolitian,True,0,1,0,5076.734307717544,5220.251072194476,Aumento_Velocidade,0
pedido_5106.041388871883_457,127.83034834829658,124.65376613957312,109.65376613957312,6.400682912051804,5,4.8924990527538,Moto,Stormy,High,Metropolitian,True,0,1,0,5106.041388871883,5220.695155011456,Aumento_Velocidade,0
pedido_5094.775094026877_451,127.74865931486852,121.90500935949456,121.90500935949456,6.424634420376699,10,4.65508250344247,Van,Windy,Jam,Metropolitian,False,0,1,0,5094.775094026877,5226.680103386371,Nenhuma,0
pedido_5146.588189511607_486,96.62078763977861,80.2255981760868,65.2255981760868,4.059529142648998,15,4.907564210523212,Moto,Sunny,Medium,Metropolitian,False,0,0,1,5146.588189511607,5226.813787687694,Rota_Reduzida,1
pedido_5122.126531443419_465,127.53162732466447,104.97754932407875,89.97754932407875,7.262671437732306,15,4.678091533531717,Scooter,Sandstorms,Jam,Metropolitian,False,0,1,0,5122.126531443419,5227.104080767497,Aumento_Velocidade,1
pedido_5122.369199728129_466,103.44801912005906,90.97810408512422,90.97810408512422,16.454491788075842,15,4.93008361883765,Scooter,Windy,Low,Metropolitian,False,0,0,0,5122.369199728129,5228.347303813253,Nenhuma,1
pedido_5152.619893344912_491,69.27241561584871,87.26447384168081,72.26447384168081,3.574162633433252,5,4.438668029450373,Moto,Sandstorms,Medium,Metropolitian,False,1,0,0,5152.619893344912,5229.884367186593,Rota_Reduzida,1
pedido_5112.251178920206_463,134.11805094838238,127.89594798484478,112.89594798484478,8.451111425186102,5,4.988729877958271,Scooter,Sandstorms,Jam,Metropolitian,True,0,1,0,5112.251178920206,5230.147126905051,Aumento_Velocidade,0
pedido_5116.683987083733_464,126.05047911100735,128.9136796005776,108.91367960057761,15.013548762668782,5,4.661370132781142,Moto,Sandstorms,High,Other,True,0,1,0,5116.683987083733,5230.597666684311,Rota_Reduzida,0
pedido_5087.4701190336955_445,151.73838469932076,153.2528878233431,138.2528878233431,11.372143287503667,5,4.552925990520558,Moto,Foggy,Jam,Metropolitian,False,0,1,0,5087.4701190336955,5230.723006857039,Aumento_Velocidade,0
pedido_5137.926885842187_476,110.05350976389829,96.38119542722916,81.38119542722916,15.241956075533775,15,4.711676916591051,Scooter,Sunny,Jam,Metropolitian,False,0,1,1,5137.926885842187,5234.308081269417,Aumento_Velocidade,1
pedido_5127.257412447937_470,134.0293638312794,117.41778608203532,102.41778608203532,8.537985731834565,5,4.616141119016609,Moto,Foggy,High,Metropolitian,False,0,1,0,5127.257412447937,5234.6751985299725,Aumento_Velocidade,0
pedido_5137.824828008008_475,107.86230409456171,107.24935319513914,92.24935319513914,19.858220249480183,5,4.5434270954391085,Moto,Sunny,Medium,Metropolitian,True,0,0,1,5137.824828008008,5235.074181203147,Rota_Reduzida,1
pedido_5186.3958380917165_517,52.37152263121315,40.84149142871648,40.84149142871648,3.5789430813519574,10,4.63123143000517,Scooter,Sandstorms,Medium,Urban,False,1,0,0,5186.3958380917165,5237.237329520433,Nenhuma,1
pedido_5142.897752527227_484,102.57911321272154,96.59577107584315,81.59577107584315,18.06075639832123,15,4.5680915214639475,Moto,Sunny,High,Metropolitian,False,0,1,1,5142.897752527227,5239.49352360307,Aumento_Velocidade,1
pedido_5112.035586989648_462,143.9851890039902,139.53232556334083,124.53232556334083,13.807248235957093,5,4.810157085552179,Moto,Foggy,High,Urban,True,0,1,0,5112.035586989648,5241.56791255299,Aumento_Velocidade,0
pedido_5124.668342477596_467,134.46615317956642,124.40050345788643,109.40050345788643,17.30384953027439,10,4.8192270054434125,Moto,Windy,High,Metropolitian,False,0,1,0,5124.668342477596,5244.068845935482,Aumento_Velocidade,0
pedido_5126.688068400847_469,133.92299353077976,117.51788262565614,102.51788262565614,17.47674313313122,15,4.689099726558617,Moto,Windy,High,Metropolitian,False,0,1,0,5126.688068400847,5244.2059510265035,Aumento_Velocidade,0
pedido_5141.285217672077_480,133.29489237256897,104.07232779915631,89.07232779915631,11.856804980969393,15,4.830738830378643,Moto,Windy,High,Metropolitian,False,0,1,0,5141.285217672077,5245.357545471234,Aumento_Velocidade,1
pedido_5137.718341618101_474,130.08161788253125,113.37731389913068,98.37731389913068,1.1204825385479555,10,5.0,Moto,Windy,Jam,Metropolitian,False,0,1,0,5137.718341618101,5246.0956555172315,Aumento_Velocidade,0
pedido_5143.606681575101_485,132.55117298426921,115.31093821090123,100.31093821090123,9.09410988994421,5,4.859710533339472,Moto,Foggy,High,Urban,True,0,1,0,5143.606681575101,5248.917619786002,Aumento_Velocidade,0
pedido_5142.086578016683_481,102.28441255111852,103.14877514702374,103.14877514702374,4.007256154355122,5,4.912823800641605,Scooter,Windy,Low,Metropolitian,False,0,0,0,5142.086578016683,5250.235353163707,Nenhuma,1
pedido_5140.154280917851_478,133.4970198385849,118.80894664867208,103.80894664867208,12.459405475214574,10,4.621642876984252,Moto,Windy,High,Urban,False,0,1,0,5140.154280917851,5253.963227566523,Aumento_Velocidade,0
pedido_5181.036930315315_511,99.12519491799806,74.88012544443208,59.88012544443208,13.4754306639048,15,4.6355350961354045,Moto,Sunny,Medium,Metropolitian,False,0,0,1,5181.036930315315,5255.917055759747,Rota_Reduzida,1
pedido_5142.237911668261_482,134.85640868071445,113.75278103634372,98.75278103634372,12.68642964077821,15,4.7475512791077685,Moto,Sandstorms,High,Metropolitian,False,0,1,0,5142.237911668261,5255.990692704605,Aumento_Velocidade,0
pedido_5110.159745530418_460,179.3691479765764,157.2431417073416,142.2431417073416,12.410753548859116,5,4.363134478820956,Moto,Sunny,High,Metropolitian,False,0,1,1,5110.159745530418,5257.402887237759,Aumento_Velocidade,0
pedido_5129.602216503647_472,126.16523249031606,134.0631369229282,119.06313692292821,3.092382727151262,10,4.521381615130154,Moto,Foggy,Jam,Metropolitian,False,0,1,0,5129.602216503647,5258.665353426575,Aumento_Velocidade,0
pedido_5216.876836354912_531,37.877794080106874,32.27606949571382,32.27606949571382,6.16909995617134,10,4.661742621707471,Moto,Sunny,High,Urban,False,1,1,1,5216.876836354912,5259.152905850626,Nenhuma,1
pedido_5140.201786533602_479,131.9489033539637,120.85300172350983,105.85300172350983,7.540027646920871,15,4.824328903402717,Moto,Sandstorms,High,Metropolitian,False,0,1,0,5140.201786533602,5261.054788257112,Aumento_Velocidade,0
pedido_5177.463557659407_506,98.22116339475843,88.65177454193653,73.65177454193653,8.524261300490412,10,4.6806614708687615,Scooter,Sunny,Jam,Metropolitian,False,0,1,1,5177.463557659407,5261.115332201344,Aumento_Velocidade,1
pedido_5149.708629531746_490,131.135309660553,111.97034639935276,96.97034639935276,10.632653057754698,15,4.741900727519382,Moto,Stormy,High,Urban,False,0,1,0,5149.708629531746,5261.678975931099,Aumento_Velocidade,0
pedido_5148.6579760861505_489,134.7974215953007,118.64780431795259,103.64780431795259,3.9819464449152786,10,4.7403407567159,Moto,Foggy,High,Metropolitian,False,0,1,0,5148.6579760861505,5262.305780404103,Aumento_Velocidade,0
pedido_5139.517379092201_477,134.3950241314574,129.1129860272406,114.1129860272406,16.797834106093475,10,4.700908459377807,Moto,Sandstorms,High,Metropolitian,False,0,1,0,5139.517379092201,5263.630365119441,Aumento_Velocidade,0
pedido_5160.320829079741_493,125.40829572915167,109.88480718796241,89.88480718796241,13.95505369218569,15,4.6046664081449356,Moto,Stormy,High,Other,False,0,1,0,5160.320829079741,5265.205636267703,Rota_Reduzida,0
pedido_5162.9229096519875_496,129.82870860581363,103.29466505014756,88.29466505014756,2.6570655524299878,15,5.0,Moto,Sandstorms,Jam,Metropolitian,True,0,1,0,5162.9229096519875,5266.217574702135,Aumento_Velocidade,1
pedido_5147.415884581254_487,140.19943154947018,125.26259102101432,110.26259102101432,14.090870932505242,10,4.857209407209465,Moto,Foggy,High,Metropolitian,False,0,1,0,5147.415884581254,5267.678475602269,Aumento_Velocidade,0
pedido_5158.486334711913_492,134.68446683212727,121.80657067066416,106.80657067066416,16.25741500974324,5,4.632630844470522,Moto,Sandstorms,High,Metropolitian,False,0,1,0,5158.486334711913,5270.2929053825765,Aumento_Velocidade,0
pedido_5142.741051735692_483,136.16289494005076,134.90045400383624,119.90045400383624,13.334324683415005,10,4.801417306529172,Moto,Windy,High,Metropolitian,True,0,1,0,5142.741051735692,5272.641505739528,Aumento_Velocidade,0
pedido_5186.644175967625_518,106.05611454130462,91.20290256704993,76.20290256704993,20.17650514667305,10,4.5931318735536175,Scooter,Sunny,High,Metropolitian,True,0,1,1,5186.644175967625,5272.847078534675,Aumento_Velocidade,1
pedido_5174.190306491625_502,99.17088575986794,105.03409819616473,90.03409819616473,7.856543538996641,10,4.613756469672921,Moto,Sunny,High,Metropolitian,True,0,1,1,5174.190306491625,5274.2244046877895,Aumento_Velocidade,1
pedido_5168.7223807430255_500,133.34913206797495,115.74564740392579,100.74564740392579,15.319647261977757,5,4.804595043994625,Moto,Windy,High,Metropolitian,False,0,1,0,5168.7223807430255,5274.468028146951,Aumento_Velocidade,0
pedido_5160.796949055971_494,135.8129616672736,125.41671137129023,110.41671137129023,5.821842745954568,5,4.868304089099043,Moto,Sandstorms,Medium,Metropolitian,False,0,0,0,5160.796949055971,5276.213660427261,Rota_Reduzida,0
pedido_5161.438585813827_495,127.47269185925416,115.54632400047373,100.54632400047373,5.591410482645283,15,4.724230846104224,Moto,Stormy,High,Metropolitian,True,0,1,0,5161.438585813827,5276.9849098143,Aumento_Velocidade,0
pedido_5101.458037517846_453,184.8816132492111,185.61805221346137,170.61805221346137,16.925530504143133,5,4.417039609841354,Scooter,Windy,Medium,Other,True,0,0,0,5101.458037517846,5277.076089731307,Rota_Reduzida,0
pedido_5229.816596941188_539,47.630218309209866,33.50803077349152,33.50803077349152,16.45570147167982,15,4.5180091374807585,Moto,Foggy,High,Metropolitian,True,1,1,0,5229.816596941188,5278.32462771468,Nenhuma,1
pedido_5176.180869465293_504,140.58333922900198,103.78539301633751,88.78539301633751,14.375760527375201,15,4.5322821307477525,Scooter,Foggy,High,Metropolitian,False,0,1,0,5176.180869465293,5279.96626248163,Aumento_Velocidade,1
pedido_5164.661723790075_498,131.81316523553363,117.67238881873271,102.67238881873271,6.005553389175898,15,4.92257773374445,Scooter,Foggy,High,Metropolitian,True,0,1,0,5164.661723790075,5282.334112608807,Aumento_Velocidade,0
pedido_5177.394368752647_505,130.56087931010725,115.40737935250904,100.40737935250904,5.807434010379536,5,4.803099979829262,Moto,Windy,High,Metropolitian,False,0,1,0,5177.394368752647,5282.801748105157,Aumento_Velocidade,0
pedido_5209.741163578889_528,104.80928965537505,86.90685538107152,71.90685538107152,4.428480516776132,5,4.515375682818029,Scooter,Sunny,High,Metropolitian,False,0,1,1,5209.741163578889,5286.648018959961,Aumento_Velocidade,1
pedido_5177.710542883946_507,124.87153509361714,121.15994211178321,106.15994211178321,0.0,5,4.794941861380382,Scooter,Sandstorms,Jam,Urban,False,0,1,0,5177.710542883946,5288.870484995729,Aumento_Velocidade,0
pedido_5244.963225711758_554,39.42210967563902,29.478611549950415,29.478611549950415,6.303915770338048,15,4.815236866056563,Van,Sunny,Jam,Metropolitian,False,1,1,1,5244.963225711758,5289.441837261708,Nenhuma,1
pedido_5164.6826085767525_499,128.81084917475738,135.46265587113058,120.46265587113058,17.026952121742273,5,4.817617412290707,Scooter,Stormy,High,Metropolitian,False,0,1,0,5164.6826085767525,5290.145264447883,Aumento_Velocidade,0
pedido_5163.152479893721_497,130.5641091610441,138.04415802609236,123.04415802609236,18.33955589435121,5,4.912566672255674,Moto,Stormy,High,Metropolitian,False,0,1,0,5163.152479893721,5291.196637919813,Aumento_Velocidade,0
pedido_5232.141315366388_541,42.94034638003573,44.31199050155611,44.31199050155611,7.820384027359226,15,4.622653490648272,Scooter,Stormy,Medium,Metropolitian,False,1,0,0,5232.141315366388,5291.453305867944,Nenhuma,1
pedido_5171.051150718896_501,132.06236376967018,131.07439683118386,116.07439683118386,8.69542517062473,5,4.825402065231422,Scooter,Stormy,Medium,Urban,True,0,0,0,5171.051150718896,5292.125547550079,Rota_Reduzida,0
pedido_5137.234277019464_473,144.3020970793362,150.31463353899022,150.31463353899022,15.066354219723003,5,4.708333571710438,Van,Foggy,High,Metropolitian,True,0,1,0,5137.234277019464,5292.548910558454,Nenhuma,0
pedido_5217.290385695444_532,99.75952778609985,80.81784992161172,65.81784992161172,9.692694547790419,10,4.641094309913387,Moto,Sunny,Jam,Metropolitian,True,0,1,1,5217.290385695444,5293.1082356170555,Aumento_Velocidade,1
pedido_5184.029365923074_515,130.43581245774737,114.78523613472363,99.78523613472363,17.459852915582218,10,4.891197187075382,Scooter,Stormy,High,Metropolitian,False,0,1,0,5184.029365923074,5293.814602057798,Aumento_Velocidade,0
pedido_5179.506211085871_509,132.10753179396585,129.89843986743145,109.89843986743145,5.943935662657376,5,4.5810999251029925,Scooter,Sandstorms,High,Semi-Urban,False,0,1,0,5179.506211085871,5294.404650953302,Rota_Reduzida,0
pedido_5127.928878030267_471,186.81833773972033,170.47790217944836,155.47790217944836,8.85926477771573,15,4.379687532845831,Moto,Sunny,Jam,Metropolitian,True,0,1,1,5127.928878030267,5298.406780209715,Aumento_Velocidade,0
pedido_5189.918875407304_519,133.26722504908676,100.51553686515368,100.51553686515368,11.524685673198283,10,4.850183631375387,Van,Sandstorms,High,Metropolitian,False,0,1,0,5189.918875407304,5300.434412272458,Nenhuma,1
pedido_5179.180573669818_508,140.2662762109347,122.69212103400676,107.69212103400676,23.295270320342052,15,4.589405277440052,Moto,Windy,Jam,Metropolitian,True,0,1,0,5179.180573669818,5301.872694703825,Aumento_Velocidade,0
pedido_5182.972638529395_513,135.60781003089846,131.29258732143654,116.29258732143654,7.046228797369567,5,4.524763582874144,Moto,Windy,Medium,Urban,True,0,0,0,5182.972638529395,5304.2652258508315,Rota_Reduzida,0
pedido_5182.666407285804_512,134.06561286390615,121.90764854670866,106.90764854670866,9.382084030618518,15,4.597155922380362,Moto,Foggy,High,Metropolitian,False,0,1,0,5182.666407285804,5304.574055832512,Aumento_Velocidade,0
pedido_5179.998601622924_510,130.5973950572676,139.27533270661849,124.27533270661849,6.16464778538038,5,4.726422584094226,Moto,Windy,High,Metropolitian,False,0,1,0,5179.998601622924,5309.2739343295425,Aumento_Velocidade,0
pedido_5254.786607447081_560,61.70688404257669,56.08559321244721,41.08559321244721,14.710812592942437,15,4.445998759653283,Moto,Foggy,High,Metropolitian,False,1,1,0,5254.786607447081,5310.872200659528,Aumento_Velocidade,1
pedido_5200.140235250051_523,122.51002003681302,121.61296059670742,106.61296059670742,2.9533686602612548,5,4.776464563584922,Moto,Stormy,Jam,Metropolitian,False,0,1,0,5200.140235250051,5311.753195846758,Aumento_Velocidade,0
pedido_5286.856335513028_576,43.7671123424685,22.110262742846167,22.110262742846167,7.102326440279137,5,4.745057990513031,Moto,Foggy,High,Metropolitian,False,1,1,0,5286.856335513028,5313.9665982558745,Nenhuma,1
pedido_5192.903988456467_520,104.80928965537505,110.59410586651875,110.59410586651875,3.726130920804315,15,4.484011978879486,Van,Sunny,High,Metropolitian,False,0,1,1,5192.903988456467,5318.498094322986,Nenhuma,0
pedido_5185.453331226137_516,140.15727878894708,143.538028138628,128.538028138628,15.499196736758748,5,4.703271898741973,Moto,Sandstorms,Jam,Metropolitian,False,0,1,0,5185.453331226137,5318.991359364765,Aumento_Velocidade,0
pedido_5205.106731871355_525,105.60849429443455,111.45728675508494,111.45728675508494,15.192470552488006,5,4.648913002105912,Moto,Windy,Low,Metropolitian,True,0,0,0,5205.106731871355,5321.56401862644,Nenhuma,1
pedido_5183.4970865164105_514,136.340453812225,144.0020552770692,129.0020552770692,12.529817588430012,10,4.498777670046447,Moto,Sandstorms,High,Metropolitian,False,0,1,0,5183.4970865164105,5322.49914179348,Aumento_Velocidade,0
pedido_5206.388889583673_526,129.01666075656678,127.14612835965022,112.14612835965022,3.840841962454966,5,4.509485213848621,Scooter,Windy,High,Metropolitian,False,0,1,0,5206.388889583673,5323.535017943323,Aumento_Velocidade,0
pedido_5200.922534222315_524,142.18461699938933,123.53723571409753,108.53723571409753,18.095542369175053,15,4.69590432187815,Moto,Foggy,High,Metropolitian,False,0,1,0,5200.922534222315,5324.459769936413,Aumento_Velocidade,0
pedido_5175.865928018704_503,146.04590702775002,143.6923570955015,143.6923570955015,13.074739830442226,5,5.0,Van,Foggy,Medium,Metropolitian,True,0,0,0,5175.865928018704,5324.558285114205,Nenhuma,0
pedido_5147.711006872463_488,184.70266972015065,188.18328494575726,173.18328494575726,18.178488566788257,5,4.431435157678342,Moto,Stormy,Medium,Metropolitian,False,0,0,0,5147.711006872463,5325.89429181822,Rota_Reduzida,0
pedido_5210.6964506388995_530,134.92909820732154,121.90110145185704,106.90110145185704,19.919040721006155,10,4.5462471041776045,Moto,Windy,High,Metropolitian,True,0,1,0,5210.6964506388995,5327.597552090757,Aumento_Velocidade,0
pedido_5199.993787891764_522,133.77483873398543,119.06197962506548,119.06197962506548,14.410744252425609,10,4.6071777402441025,Van,Stormy,Medium,Semi-Urban,False,0,0,0,5199.993787891764,5329.05576751683,Nenhuma,0
pedido_5207.2558208426535_527,152.37078514445355,134.86217846470927,119.86217846470927,13.489744114007866,5,5.0,Moto,Foggy,Jam,Metropolitian,False,0,1,0,5207.2558208426535,5332.117999307363,Aumento_Velocidade,0
pedido_5236.108807961755_543,136.11804812989126,98.72466969917154,83.72466969917154,6.474663021909404,15,5.0,Moto,Foggy,High,Urban,False,0,1,0,5236.108807961755,5334.833477660926,Aumento_Velocidade,1
pedido_5241.2724448071895_546,109.17331527799841,93.69084258630605,78.69084258630605,18.56377500688452,15,4.6757691371537735,Moto,Sunny,Jam,Metropolitian,False,0,1,1,5241.2724448071895,5334.963287393495,Aumento_Velocidade,1
pedido_5217.917775472514_533,130.99333422169627,117.08559033360524,102.08559033360524,8.814537899018603,15,4.70748849616495,Moto,Sandstorms,High,Metropolitian,True,0,1,0,5217.917775472514,5335.003365806119,Aumento_Velocidade,0
pedido_5318.928480821513_602,35.86554725799492,1.7472178479296545,1.7472178479296545,5.72776849430804,15,4.849632371331721,Moto,Sandstorms,Low,Metropolitian,True,1,0,0,5318.928480821513,5335.675698669443,Nenhuma,1
pedido_5231.8345085647525_540,134.34705410781217,114.0002638404475,99.0002638404475,6.707340221433366,5,4.56590635899847,Moto,Sandstorms,Medium,Urban,False,0,0,0,5231.8345085647525,5335.8347724052,Rota_Reduzida,1
pedido_5258.245265007044_563,102.20587292579319,83.21762852893133,68.21762852893133,0.0,10,4.507491589248905,Moto,Sunny,Jam,Metropolitian,False,0,1,1,5258.245265007044,5336.462893535975,Aumento_Velocidade,1
pedido_5209.8577456098765_529,128.5701615747001,126.61500244174906,111.61500244174906,7.252628020008181,15,4.779996082703312,Moto,Stormy,High,Metropolitian,False,0,1,0,5209.8577456098765,5336.472748051626,Aumento_Velocidade,0
pedido_5242.039881219794_550,100.74944223405633,84.14671891530524,84.14671891530524,5.695168473144275,15,4.5774589251442865,Scooter,Foggy,Low,Metropolitian,True,0,0,0,5242.039881219794,5341.186600135099,Nenhuma,1
pedido_5220.75979666177_536,132.8270477838818,107.82043572364839,107.82043572364839,1.5079098001652298,15,4.692321702252175,Van,Sandstorms,High,Metropolitian,False,0,1,0,5220.75979666177,5343.580232385419,Nenhuma,0
pedido_5234.869996671488_542,112.39993231863839,104.51546892178314,104.51546892178314,12.52202499959715,5,4.64525709548754,Scooter,Foggy,Low,Metropolitian,True,0,0,0,5234.869996671488,5344.385465593271,Nenhuma,1
pedido_5198.6495239917385_521,177.9708976891149,151.6305282551957,136.6305282551957,8.656796927601524,10,4.417022084335258,Moto,Stormy,Jam,Metropolitian,False,0,1,0,5198.6495239917385,5345.280052246934,Aumento_Velocidade,0
pedido_5267.1609340035175_567,94.31635932365464,88.21405722640081,73.21405722640081,3.7787491610749715,5,4.688424231897197,Moto,Sunny,Medium,Urban,False,0,0,1,5267.1609340035175,5345.374991229918,Rota_Reduzida,1
pedido_5245.91507060471_555,97.05581352655169,95.63810648055849,95.63810648055849,0.0,5,4.760716568491556,Scooter,Stormy,Low,Other,False,0,0,0,5245.91507060471,5346.5531770852685,Nenhuma,1
pedido_5293.044756059078_582,43.61282396531889,45.06519109627695,45.06519109627695,16.648572616524252,10,4.7774210735842155,Moto,Stormy,High,Metropolitian,False,1,1,0,5293.044756059078,5348.109947155355,Nenhuma,1
pedido_5225.666562608564_538,143.5283257557421,112.51545773854272,112.51545773854272,15.204086404801467,10,4.654379864679005,Van,Foggy,Medium,Urban,True,0,0,0,5225.666562608564,5348.182020347107,Nenhuma,0
pedido_5244.529680571283_552,128.38993636279594,107.54421554805697,92.54421554805697,5.903450436549278,15,4.581016583052776,Scooter,Windy,Jam,Urban,False,0,1,0,5244.529680571283,5352.07389611934,Aumento_Velocidade,0
pedido_5256.974862743911_562,94.49594367259826,100.99635127087635,85.99635127087635,7.184144050138711,10,4.796965246425851,Scooter,Sunny,High,Urban,False,0,1,1,5256.974862743911,5352.971214014788,Aumento_Velocidade,1
pedido_5241.523622409213_548,129.02093614320492,116.61333021255005,101.61333021255005,4.227329456766802,10,4.604329786209934,Moto,Windy,High,Urban,True,0,1,0,5241.523622409213,5353.136952621763,Aumento_Velocidade,0
pedido_5244.835548970042_553,132.58164930903317,110.31986411859582,95.31986411859582,13.802627199866189,15,5.0,Moto,Stormy,High,Metropolitian,False,0,1,0,5244.835548970042,5355.155413088637,Aumento_Velocidade,0
pedido_5326.052236268704_609,58.4357535968825,24.535658851600456,24.535658851600456,14.771402015793333,5,4.2999828637065605,Moto,Stormy,Jam,Urban,True,1,1,0,5326.052236268704,5355.587895120305,Nenhuma,1
pedido_5238.969617556484_544,130.65383996663937,129.14466510530812,114.14466510530812,5.950928681358326,5,4.707124023523021,Scooter,Sandstorms,High,Metropolitian,True,0,1,0,5238.969617556484,5358.1142826617925,Aumento_Velocidade,0
pedido_5268.248170410412_568,105.95567356939611,91.81029368525367,76.81029368525367,12.667914194313472,15,4.477973143016585,Moto,Sunny,High,Metropolitian,False,0,1,1,5268.248170410412,5360.058464095666,Aumento_Velocidade,1
pedido_5246.2394982650985_556,102.71264224712915,112.28345949592641,112.28345949592641,15.02908532774903,5,4.5649037365592635,Moto,Windy,Low,Urban,False,0,0,0,5246.2394982650985,5363.522957761025,Nenhuma,1
pedido_5249.453533344753_559,131.24575152173415,126.49273275591338,111.49273275591338,9.071439367143874,5,4.591571336991519,Scooter,Sandstorms,High,Metropolitian,True,0,1,0,5249.453533344753,5365.946266100666,Aumento_Velocidade,0
pedido_5239.043927562865_545,132.1833462383575,137.35208566675277,122.35208566675277,1.7918464196496875,5,4.903061945930128,Moto,Sandstorms,High,Metropolitian,False,0,1,0,5239.043927562865,5366.396013229618,Aumento_Velocidade,0
pedido_5298.360621891554_587,101.9409446050392,74.44708742682322,59.44708742682322,16.867282516040508,15,4.860501927395151,Moto,Sunny,High,Metropolitian,False,0,1,1,5298.360621891554,5372.807709318377,Aumento_Velocidade,1
pedido_5248.76741588373_558,149.1076947561497,136.15266120246991,121.15266120246991,14.986424231339896,5,4.708095517408474,Scooter,Foggy,Jam,Urban,False,0,1,0,5248.76741588373,5374.9200770862,Aumento_Velocidade,0
pedido_5242.068440908049_551,140.70184660071106,140.15019181722488,125.15019181722488,16.752453454286595,10,4.779163500409714,Moto,Foggy,High,Metropolitian,False,0,1,0,5242.068440908049,5377.218632725274,Aumento_Velocidade,0
pedido_5265.825314231871_566,133.34633060185962,117.97088557892597,102.97088557892597,8.293117774836913,10,4.59079811784836,Moto,Foggy,High,Metropolitian,True,0,1,0,5265.825314231871,5378.796199810797,Aumento_Velocidade,0
pedido_5262.332136313466_565,127.50871515206823,116.63121072268547,101.63121072268547,0.32903607535638724,15,4.574770790472558,Scooter,Windy,Jam,Metropolitian,False,0,1,0,5262.332136313466,5378.963347036152,Aumento_Velocidade,0
pedido_5247.451192539012_557,127.59980392749029,129.75874152198855,129.75874152198855,5.156834042537673,5,4.683834031422107,Van,Windy,Jam,Metropolitian,False,0,1,0,5247.451192539012,5382.209934061,Nenhuma,0
pedido_5283.287281971124_573,131.11204294847545,102.57459108638638,87.57459108638638,13.561119623952607,15,4.54797282607974,Moto,Stormy,High,Metropolitian,False,0,1,0,5283.287281971124,5385.86187305751,Aumento_Velocidade,1
pedido_5294.509585686349_583,105.4142342171086,92.57302126369154,77.57302126369154,16.740219016573317,15,4.681040162653252,Scooter,Sunny,High,Metropolitian,True,0,1,1,5294.509585686349,5387.082606950041,Aumento_Velocidade,1
pedido_5219.444167641118_535,180.14191585388397,177.66456195272733,162.66456195272733,9.413494671787882,5,4.43945529103951,Moto,Foggy,Medium,Metropolitian,False,0,0,0,5219.444167641118,5387.108729593845,Rota_Reduzida,0
pedido_5344.702875095066_625,47.00310628374859,29.550771091315013,29.550771091315013,13.097475894854412,15,5.0,Scooter,Windy,High,Metropolitian,True,1,1,0,5344.702875095066,5389.253646186381,Nenhuma,1
pedido_5364.72788154941_631,45.079796619631885,19.91028720647245,19.91028720647245,5.777795661476069,5,4.63534683730374,Moto,Sandstorms,Jam,Metropolitian,False,1,1,0,5364.72788154941,5389.638168755882,Nenhuma,1
pedido_5289.750896641805_578,102.72212456513613,105.07291917339117,90.07291917339117,17.049513988932617,10,5.0,Scooter,Sunny,High,Metropolitian,False,0,1,1,5289.750896641805,5389.823815815196,Aumento_Velocidade,1
pedido_5218.7831773137605_534,176.9160559073997,177.05916855669014,162.05916855669014,15.925872951600763,10,4.416069389946397,Moto,Sunny,High,Urban,True,0,1,1,5218.7831773137605,5390.842345870451,Aumento_Velocidade,0
pedido_5285.457211471643_574,134.5142525570483,112.1062652367707,97.1062652367707,3.9296122048363524,10,4.836897081702483,Moto,Foggy,High,Urban,False,0,1,0,5285.457211471643,5392.563476708414,Aumento_Velocidade,0
pedido_5292.403651927423_581,102.82954796357798,95.28866371129037,95.28866371129037,13.095238174140412,5,4.773490553023735,Moto,Windy,Low,Urban,False,0,0,0,5292.403651927423,5392.692315638714,Nenhuma,1
pedido_5303.192891856534_589,101.60770588119756,99.87764850878055,84.87764850878055,1.7461568458168997,5,4.538753201783555,Moto,Sunny,Jam,Metropolitian,False,0,1,1,5303.192891856534,5393.070540365314,Aumento_Velocidade,1
pedido_5298.402581576272_588,123.40083122371925,100.80202231496682,85.80202231496682,0.6230237201160778,10,4.651743218988622,Moto,Stormy,Jam,Urban,False,0,1,0,5298.402581576272,5394.204603891239,Aumento_Velocidade,1
pedido_5290.87377878439_580,135.97393526987258,109.52271793142404,94.52271793142404,8.88101790703591,10,5.0,Scooter,Foggy,High,Urban,False,0,1,0,5290.87377878439,5395.3964967158145,Aumento_Velocidade,1
pedido_5256.863750848344_561,135.31850075111322,144.85977194166844,129.85977194166844,16.303574313517437,10,4.96426060926639,Moto,Sandstorms,High,Metropolitian,False,0,1,0,5256.863750848344,5396.723522790013,Aumento_Velocidade,0
pedido_5225.177819243152_537,173.753361160515,172.05544961663801,157.05544961663801,2.245185992677256,15,4.338707437136135,Scooter,Foggy,Medium,Metropolitian,False,0,0,0,5225.177819243152,5397.23326885979,Rota_Reduzida,0
pedido_5290.2194436201435_579,130.3063549650577,113.1667220213893,98.1667220213893,10.076498676790564,10,4.708968939979071,Moto,Stormy,Jam,Metropolitian,False,0,1,0,5290.2194436201435,5398.386165641533,Aumento_Velocidade,0
pedido_5289.0726929383545_577,129.10913547994113,109.6644373703065,94.6644373703065,17.0596696756603,15,4.708503438256389,Scooter,Stormy,High,Metropolitian,False,0,1,0,5289.0726929383545,5398.737130308661,Aumento_Velocidade,0
pedido_5273.602786315293_571,133.66582100834546,135.67801025276137,120.67801025276137,16.328948234631298,5,4.735029455742528,Moto,Sandstorms,Medium,Other,False,0,0,0,5273.602786315293,5399.280796568054,Rota_Reduzida,0
pedido_5285.523575144096_575,134.20702046845372,113.93466628354517,98.93466628354517,14.629131916532712,15,4.727374127242227,Moto,Sandstorms,High,Metropolitian,False,0,1,0,5285.523575144096,5399.458241427641,Aumento_Velocidade,0
pedido_5304.972791499484_591,116.94091899762286,105.86151223961053,85.86151223961053,2.5261397913103942,10,4.659826913125612,Scooter,Stormy,Jam,Other,True,0,1,0,5304.972791499484,5400.834303739094,Rota_Reduzida,1
pedido_5324.200685026017_606,99.62808302081272,88.72080302482831,73.72080302482831,6.552077048240394,5,4.929932492033077,Moto,Sunny,Jam,Metropolitian,False,0,1,1,5324.200685026017,5402.921488050845,Aumento_Velocidade,1
pedido_5269.171601218669_569,137.39648448599425,140.288435207122,125.288435207122,5.246695055916276,10,4.972560290886602,Moto,Sandstorms,High,Metropolitian,False,0,1,0,5269.171601218669,5404.460036425791,Aumento_Velocidade,0
pedido_5306.691659419146_592,135.54936602598232,110.72235777503305,95.72235777503305,16.54833362369624,5,4.673617382325123,Moto,Windy,High,Metropolitian,True,0,1,0,5306.691659419146,5407.414017194179,Aumento_Velocidade,1
pedido_5272.482242515834_570,135.35273384526806,125.62603869389349,125.62603869389349,16.153766525468434,10,4.752903959279842,Van,Windy,Medium,Metropolitian,False,0,0,0,5272.482242515834,5408.1082812097275,Nenhuma,0
pedido_5297.173211079655_586,132.65986019653798,121.12808143508165,106.12808143508165,3.903044796933563,5,4.819657926851475,Moto,Sandstorms,High,Metropolitian,False,0,1,0,5297.173211079655,5408.301292514737,Aumento_Velocidade,0
pedido_5260.64637500636_564,141.5653798675711,155.30995299191426,140.30995299191426,17.822691207582867,10,4.754566786902458,Moto,Foggy,High,Metropolitian,False,0,1,0,5260.64637500636,5410.956327998275,Aumento_Velocidade,0
pedido_5310.757108967938_594,102.52300910249926,113.60040275198773,98.60040275198773,6.071407396601333,5,4.466785249685045,Moto,Sunny,Jam,Urban,False,0,1,1,5310.757108967938,5414.357511719925,Aumento_Velocidade,1
pedido_5350.64013179106_628,101.2023701700813,74.40246114552451,59.40246114552451,12.174399642810542,10,5.0,Scooter,Sunny,Medium,Metropolitian,False,0,0,1,5350.64013179106,5420.042592936585,Rota_Reduzida,1
pedido_5352.631568964649_629,101.61481017132195,80.28683640874173,65.28683640874173,15.359509018193272,5,4.749318581458158,Scooter,Sunny,High,Metropolitian,False,0,1,1,5352.631568964649,5422.918405373391,Aumento_Velocidade,1
pedido_5241.8780569013115_549,179.00235672127502,171.68624395661237,171.68624395661237,8.443161920145963,10,4.297145231216625,Van,Windy,Jam,Urban,False,0,1,0,5241.8780569013115,5423.564300857924,Nenhuma,0
pedido_5241.333677800176_547,199.38997669963763,192.4758237393445,177.4758237393445,14.74765477656138,5,4.200217941205233,Moto,Stormy,Jam,Metropolitian,True,0,1,0,5241.333677800176,5423.80950153952,Aumento_Velocidade,0
pedido_5330.2824601088105_613,122.14365358827246,100.99972640519725,80.99972640519725,6.246561327033106,15,4.6638556933490145,Moto,Stormy,High,Other,True,0,1,0,5330.2824601088105,5426.282186514008,Rota_Reduzida,1
pedido_5304.876646261893_590,136.79525788356898,131.54598563000087,116.54598563000087,16.373409310495894,5,4.809456540297999,Scooter,Stormy,Jam,Urban,True,0,1,0,5304.876646261893,5426.4226318918945,Aumento_Velocidade,0
pedido_5309.82289482539_593,135.3659655411429,118.10944589862083,103.10944589862083,17.150795980312395,15,4.506800865266352,Scooter,Windy,Medium,Metropolitian,False,0,0,0,5309.82289482539,5427.932340724011,Rota_Reduzida,0
pedido_5321.891237709528_604,133.2366472173958,106.43836023814265,91.43836023814265,1.1072321188629477,15,4.4970914622329365,Scooter,Foggy,High,Metropolitian,False,0,1,0,5321.891237709528,5428.32959794767,Aumento_Velocidade,0
pedido_5335.277241672613_619,129.36101408685738,93.95029819153055,78.95029819153055,14.300254862174146,15,4.742364392185644,Moto,Stormy,High,Metropolitian,False,0,1,0,5335.277241672613,5429.227539864143,Aumento_Velocidade,1
pedido_5316.3688042041995_600,129.76486193434457,119.48999679578688,104.48999679578688,14.228172849024443,10,4.607949168915119,Scooter,Stormy,High,Metropolitian,False,0,1,0,5316.3688042041995,5430.858800999987,Aumento_Velocidade,0
pedido_5312.177879704462_598,138.46641522191248,119.73027559716235,104.73027559716235,15.315962802432713,15,4.501892279271576,Moto,Stormy,Jam,Urban,False,0,1,0,5312.177879704462,5431.908155301624,Aumento_Velocidade,0
pedido_5297.006444660777_585,129.7547289384046,126.81945594400764,126.81945594400764,8.870595777083622,10,4.628501829367254,Van,Stormy,High,Metropolitian,False,0,1,0,5297.006444660777,5433.825900604785,Nenhuma,0
pedido_5333.607644122497_616,125.14265051685172,104.42571184118901,89.42571184118901,9.710322933196034,15,4.858711496072074,Moto,Stormy,Jam,Metropolitian,False,0,1,0,5333.607644122497,5438.033355963686,Aumento_Velocidade,1
pedido_5333.564922194953_615,121.65938761446453,95.6970208377041,95.6970208377041,1.5387422643241475,10,4.51950455433241,Van,Stormy,Jam,Metropolitian,False,0,1,0,5333.564922194953,5439.261943032658,Nenhuma,1
pedido_5296.571485499206_584,132.52653517314405,139.078518638556,139.078518638556,14.411070779767723,5,4.526149598566876,Van,Windy,High,Metropolitian,False,0,1,0,5296.571485499206,5440.650004137761,Nenhuma,0
pedido_5321.795719423223_603,140.58333922900198,121.6928881925833,106.6928881925833,14.502145510654712,15,4.520165132252906,Moto,Foggy,High,Metropolitian,False,0,1,0,5321.795719423223,5443.488607615806,Aumento_Velocidade,0
pedido_5405.936248068578_654,45.403857947054775,24.106137874510935,24.106137874510935,20.702461072430616,15,5.0,Van,Stormy,High,Metropolitian,True,1,1,0,5405.936248068578,5445.042385943088,Nenhuma,1
pedido_5326.051412078464_608,136.12010447867792,125.717856050249,110.717856050249,13.661909474065308,10,4.48066472691422,Scooter,Sandstorms,Medium,Metropolitian,False,0,0,0,5326.051412078464,5446.769268128713,Rota_Reduzida,0
pedido_5329.366554722162_612,130.11654310700618,123.05538435263765,108.05538435263765,3.3836303223396254,10,4.78058673507357,Moto,Sandstorms,High,Metropolitian,True,0,1,0,5329.366554722162,5447.421939074799,Aumento_Velocidade,0
pedido_5322.710887015216_605,133.32736708556072,130.68048065089235,115.68048065089235,2.9772926989416213,10,4.8521605045732645,Moto,Foggy,High,Metropolitian,False,0,1,0,5322.710887015216,5448.391367666109,Aumento_Velocidade,0
pedido_5273.971949721174_572,175.74865551218906,174.93269620945492,159.93269620945492,9.77452148742671,15,4.410537760476635,Moto,Windy,High,Metropolitian,True,0,1,0,5273.971949721174,5448.904645930628,Aumento_Velocidade,0
pedido_5340.722991118689_622,111.656403005909,103.99765356727804,103.99765356727804,15.140617545680605,5,4.632516601681416,Van,Sunny,Jam,Urban,False,0,1,1,5340.722991118689,5449.720644685966,Nenhuma,1
pedido_5326.165465837725_610,130.67183797910334,130.24974293676436,115.24974293676436,1.5132893774504246,10,4.761222624965838,Scooter,Sandstorms,High,Metropolitian,True,0,1,0,5326.165465837725,5451.415208774489,Aumento_Velocidade,0
pedido_5333.8448914401_617,132.5890508583103,129.88069198242667,114.88069198242667,15.765865348001999,5,4.627146021938154,Moto,Windy,High,Metropolitian,False,0,1,0,5333.8448914401,5453.725583422526,Aumento_Velocidade,0
pedido_5345.266262222846_626,128.26009820849742,113.6471001585869,98.6471001585869,8.973794542608651,10,4.933298707468614,Scooter,Stormy,High,Urban,False,0,1,0,5345.266262222846,5453.913362381433,Aumento_Velocidade,0
pedido_5325.002344855299_607,129.26080653668706,116.68392186386984,116.68392186386984,5.812063123306492,15,4.999016408337344,Van,Stormy,Jam,Metropolitian,False,0,1,0,5325.002344855299,5456.686266719169,Nenhuma,0
pedido_5375.061797337638_636,102.08981388395627,91.79949265195127,76.79949265195127,11.414554107683509,5,4.813656683832011,Moto,Sunny,High,Metropolitian,False,0,1,1,5375.061797337638,5456.86128998959,Aumento_Velocidade,1
pedido_5386.10949550452_645,95.3925029513344,81.83614775275775,66.83614775275775,0.0,5,4.8925385571940465,Scooter,Sunny,High,Metropolitian,False,0,1,1,5386.10949550452,5457.945643257278,Aumento_Velocidade,1
pedido_5331.485159189082_614,138.05854284457928,131.4755979122736,116.4755979122736,21.211682058565103,10,4.461887079965127,Scooter,Sandstorms,High,Metropolitian,False,0,1,0,5331.485159189082,5457.960757101356,Aumento_Velocidade,0
pedido_5327.254671021394_611,134.917545774853,130.87775925939954,115.87775925939954,13.607025291481412,15,4.776869796190375,Scooter,Sandstorms,High,Metropolitian,True,0,1,0,5327.254671021394,5458.132430280793,Aumento_Velocidade,0
pedido_5348.7537475705685_627,129.02093614320492,117.63300952039522,102.63300952039522,3.876709767348083,10,4.587139836862435,Scooter,Windy,High,Metropolitian,True,0,1,0,5348.7537475705685,5461.386757090963,Aumento_Velocidade,0
pedido_5341.427394556706_624,140.15727878894708,132.3534206370069,117.3534206370069,16.20123526638848,5,4.655813268471961,Moto,Sandstorms,Jam,Metropolitian,False,0,1,0,5341.427394556706,5463.780815193712,Aumento_Velocidade,0
pedido_5312.079197083549_597,175.28482879792446,153.44700490579217,138.44700490579217,3.1181352082607683,15,4.291117359152636,Scooter,Windy,High,Metropolitian,True,0,1,0,5312.079197083549,5465.526201989341,Aumento_Velocidade,0
pedido_5340.799888040632_623,141.67887272572975,137.84458080756133,122.84458080756133,14.757602605694322,5,4.973153824956946,Moto,Foggy,High,Metropolitian,False,0,1,0,5340.799888040632,5468.644468848193,Aumento_Velocidade,0
pedido_5339.081513927788_620,135.67093191227573,139.69501764913497,124.69501764913497,22.61348892103825,5,4.6925514404250785,Scooter,Windy,High,Metropolitian,False,0,1,0,5339.081513927788,5468.776531576923,Aumento_Velocidade,0
pedido_5311.2292318613045_595,178.7934993855575,168.92278480948139,153.92278480948139,7.92865774473382,5,4.335978430006102,Scooter,Windy,Jam,Urban,True,0,1,0,5311.2292318613045,5470.152016670786,Aumento_Velocidade,0
pedido_5367.593374249144_632,131.31007929737657,112.7360179573166,97.7360179573166,8.470826248594765,5,4.776863670123808,Moto,Sandstorms,High,Metropolitian,False,0,1,0,5367.593374249144,5470.329392206461,Aumento_Velocidade,1
pedido_5373.504073520077_635,131.57367948302536,107.30538374932364,92.30538374932364,6.0505150023517125,5,4.8245217192826395,Moto,Foggy,High,Urban,True,0,1,0,5373.504073520077,5470.809457269401,Aumento_Velocidade,1
pedido_5358.124434460655_630,129.4281474653676,112.80411847352381,97.80411847352381,4.851042348032204,15,4.8633808579955815,Moto,Windy,High,Metropolitian,True,0,1,0,5358.124434460655,5470.928552934179,Aumento_Velocidade,0
pedido_5380.210920435406_640,100.27886472916231,95.83845028433406,80.83845028433406,9.642040583057778,10,5.0,Scooter,Sunny,Medium,Metropolitian,True,0,0,1,5380.210920435406,5471.049370719739,Rota_Reduzida,1
pedido_5316.673218899047_601,185.7813142709762,166.38783106086095,146.38783106086095,14.375487736148333,10,4.425855144382346,Moto,Foggy,Jam,Other,False,0,1,0,5316.673218899047,5473.061049959908,Rota_Reduzida,0
pedido_5340.172222973486_621,132.3272512953978,145.14997997269887,130.14997997269887,6.506001375476502,5,4.947681710532357,Moto,Stormy,Medium,Metropolitian,False,0,0,0,5340.172222973486,5475.322202946185,Rota_Reduzida,0
pedido_5400.059060539163_652,101.85067578837038,81.7386832268712,66.7386832268712,15.97117644743301,10,5.0,Moto,Sunny,High,Urban,False,0,1,1,5400.059060539163,5476.797743766034,Aumento_Velocidade,1
pedido_5423.522905496298_669,43.133203297937314,47.70836514901377,47.70836514901377,15.732990786235932,10,4.716996019448417,Moto,Sunny,High,Metropolitian,True,1,1,1,5423.522905496298,5481.231270645312,Nenhuma,1
pedido_5314.9896995126055_599,197.2217247786548,177.33135724146865,162.33135724146865,12.459038566167443,5,4.287018864157847,Moto,Sandstorms,Jam,Metropolitian,False,0,1,0,5314.9896995126055,5482.321056754075,Aumento_Velocidade,0
pedido_5371.194435146524_634,132.1214206828547,118.45482380150065,103.45482380150065,5.51190899472158,10,4.554941117493877,Moto,Sandstorms,High,Metropolitian,False,0,1,0,5371.194435146524,5484.649258948024,Aumento_Velocidade,0
pedido_5370.309224227879_633,123.64740659070814,118.52218189580071,103.52218189580071,1.5195414836682262,15,4.699605559058409,Moto,Stormy,Jam,Urban,False,0,1,0,5370.309224227879,5488.83140612368,Aumento_Velocidade,0
pedido_5398.39979243024_650,103.79713811209523,80.89730670778827,80.89730670778827,11.80515656268369,10,4.706809279125993,Moto,Windy,Low,Metropolitian,False,0,0,0,5398.39979243024,5489.297099138029,Nenhuma,1
pedido_5384.20722220674_642,135.3932260960674,116.13240291671357,101.13240291671357,4.831896929040248,5,4.916273196885387,Moto,Stormy,Medium,Urban,False,0,0,0,5384.20722220674,5490.3396251234535,Rota_Reduzida,0
pedido_5390.33464386735_647,102.53214944579574,85.83506228451496,85.83506228451496,0.9146600069361064,15,4.5997550679888715,Moto,Stormy,Low,Metropolitian,False,0,0,0,5390.33464386735,5491.169706151864,Nenhuma,1
pedido_5408.5871380533945_660,97.25628711649657,91.08194218083904,76.08194218083904,4.211191334220181,10,4.9011968138655835,Scooter,Sunny,High,Urban,False,0,1,1,5408.5871380533945,5494.669080234234,Aumento_Velocidade,1
pedido_5406.467012867031_658,101.7067720980072,88.54246119030941,73.54246119030941,7.814634524695991,15,4.474592022026718,Scooter,Sunny,Jam,Metropolitian,False,0,1,1,5406.467012867031,5495.00947405734,Aumento_Velocidade,1
pedido_5379.861064733969_639,125.11526219081011,126.69213074656642,111.69213074656642,8.95442924496226,5,4.762360378036557,Moto,Foggy,Medium,Metropolitian,False,0,0,0,5379.861064733969,5496.553195480536,Rota_Reduzida,0
pedido_5398.6941677278555_651,105.28344851291844,92.92929893120099,92.92929893120099,14.954219296940112,5,4.7083539973638375,Moto,Windy,Low,Metropolitian,True,0,0,0,5398.6941677278555,5496.623466659056,Nenhuma,1
pedido_5311.992723939057_596,178.22190732761587,188.06181104785375,173.06181104785375,6.579483035115528,15,4.231835977179954,Moto,Foggy,High,Urban,True,0,1,0,5311.992723939057,5500.054534986911,Aumento_Velocidade,0
pedido_5384.643185298499_644,123.83250665811998,101.7765372728902,101.7765372728902,6.1988834201265135,15,4.475538719131051,Van,Stormy,High,Metropolitian,True,0,1,0,5384.643185298499,5501.419722571389,Nenhuma,1
pedido_5376.419600872171_637,134.68446683212727,135.21739997991688,120.21739997991688,14.10494115501559,5,4.637001237081068,Scooter,Sandstorms,High,Urban,False,0,1,0,5376.419600872171,5501.637000852088,Aumento_Velocidade,0
pedido_5393.105232450039_648,134.25044635215582,116.9236566279497,101.9236566279497,13.634870560968883,10,4.676223795431695,Moto,Sandstorms,High,Urban,False,0,1,0,5393.105232450039,5505.028889077988,Aumento_Velocidade,0
pedido_5414.690657261823_665,98.17959385598225,76.49128773730854,76.49128773730854,7.961026322686018,15,4.903836297731811,Moto,Foggy,Low,Metropolitian,False,0,0,0,5414.690657261823,5506.181944999131,Nenhuma,1
pedido_5388.899812747821_646,132.94751036836544,123.85704208247313,108.85704208247313,15.956353253492136,10,4.708069419851887,Moto,Stormy,Medium,Metropolitian,True,0,0,0,5388.899812747821,5507.756854830294,Rota_Reduzida,0
pedido_5379.275027768426_638,136.25407329453643,134.0059126791485,119.00591267914851,17.034893823114434,10,4.5344778542289825,Moto,Windy,Medium,Metropolitian,True,0,0,0,5379.275027768426,5508.280940447575,Rota_Reduzida,0
pedido_5431.073362477084_675,94.63158532354707,83.08159116750001,68.08159116750001,6.939909528985929,10,4.727478241807333,Moto,Sunny,High,Metropolitian,False,0,1,1,5431.073362477084,5509.154953644584,Aumento_Velocidade,1
pedido_5384.63602327061_643,130.98082566287044,130.10221614859609,115.10221614859609,9.045832935549146,15,4.542913633591026,Moto,Sandstorms,High,Metropolitian,True,0,1,0,5384.63602327061,5514.738239419206,Aumento_Velocidade,0
pedido_5402.9132177806505_653,127.9754943419807,124.56952852561994,109.56952852561994,5.749550768603152,5,4.814657957479693,Scooter,Windy,Jam,Urban,False,0,1,0,5402.9132177806505,5517.48274630627,Aumento_Velocidade,0
pedido_5334.275888410402_618,185.39122919010708,174.7788122936936,174.7788122936936,4.99135960184627,10,4.417284510999343,Van,Sunny,Jam,Metropolitian,True,0,1,1,5334.275888410402,5519.054700704096,Nenhuma,0
pedido_5424.126392514219_670,103.12394445154378,86.4296459490752,86.4296459490752,1.0147889734102709,10,4.620111898034429,Moto,Stormy,Low,Urban,True,0,0,0,5424.126392514219,5520.5560384632945,Nenhuma,1
pedido_5432.721985897665_677,96.46461880860977,79.16900030556283,79.16900030556283,3.484035657248279,10,4.933729607619908,Van,Sunny,Medium,Metropolitian,False,0,0,1,5432.721985897665,5521.890986203228,Nenhuma,1
pedido_5427.39836786602_671,101.85473598649061,84.04647805974933,84.04647805974933,16.6990721773038,15,4.675929748009979,Van,Sunny,High,Metropolitian,False,0,1,1,5427.39836786602,5526.444845925769,Nenhuma,1
pedido_5415.716300887521_666,132.29790205228943,118.352773373914,103.352773373914,4.339253934556728,10,4.476053679495702,Scooter,Stormy,Medium,Metropolitian,False,0,0,0,5415.716300887521,5529.069074261435,Rota_Reduzida,0
pedido_5409.721440340308_661,140.9383507766569,119.63795296386672,104.63795296386672,11.620440357732466,15,4.690185539758608,Moto,Foggy,High,Metropolitian,False,0,1,0,5409.721440340308,5529.359393304175,Aumento_Velocidade,0
pedido_5433.282470365586_679,125.9596992481996,108.44812603761224,93.44812603761224,7.967704818247265,5,4.450227869790864,Scooter,Foggy,Medium,Metropolitian,False,0,0,0,5433.282470365586,5531.730596403198,Rota_Reduzida,1
pedido_5442.776458112248_683,99.11735375421213,85.02012922342327,85.02012922342327,7.319829655608348,5,4.509941760827094,Van,Sandstorms,Low,Other,True,0,0,0,5442.776458112248,5532.796587335672,Nenhuma,1
pedido_5430.963835895733_674,128.05143121085416,101.99647415591932,86.99647415591932,7.923141739705283,15,4.567292503809072,Moto,Stormy,Jam,Metropolitian,True,0,1,0,5430.963835895733,5532.960310051652,Aumento_Velocidade,1
pedido_5419.969504155162_668,140.35686026284702,120.88453052811116,105.88453052811116,18.886829821328163,10,5.0,Moto,Stormy,Jam,Metropolitian,True,0,1,0,5419.969504155162,5535.854034683273,Aumento_Velocidade,0
pedido_5504.142240662347_723,43.25745455712555,27.080311496299373,27.080311496299373,11.382008192249886,5,4.747751674128951,Moto,Foggy,Jam,Urban,False,1,1,0,5504.142240662347,5536.222552158646,Nenhuma,1
pedido_5414.063677992096_664,128.10224929954254,123.57804754149919,108.57804754149919,8.025602267863935,15,4.7193637972066504,Moto,Stormy,High,Metropolitian,True,0,1,0,5414.063677992096,5537.6417255335955,Aumento_Velocidade,0
pedido_5411.14859240716_662,145.0618760448247,136.5212778249958,121.52127782499579,18.47203409054928,5,4.670266395108868,Scooter,Foggy,Medium,Urban,True,0,0,0,5411.14859240716,5537.669870232156,Rota_Reduzida,0
pedido_5433.217395434654_678,133.79104047427344,114.53701158559855,99.53701158559855,5.6943902863601785,5,4.821353734067655,Moto,Foggy,High,Metropolitian,False,0,1,0,5433.217395434654,5537.754407020252,Aumento_Velocidade,1
pedido_5466.219400366021_688,102.08981388395627,77.85602324761899,62.85602324761899,11.48620126619644,10,4.787682234933307,Scooter,Sunny,High,Urban,False,0,1,1,5466.219400366021,5539.07542361364,Aumento_Velocidade,1
pedido_5430.232001245072_673,129.67799242937988,119.30538054583317,104.30538054583317,7.022053275617213,5,4.574078151216747,Moto,Stormy,High,Metropolitian,False,0,1,0,5430.232001245072,5539.537381790905,Aumento_Velocidade,0
pedido_5380.347393933015_641,172.20684668472316,167.56010624160896,152.56010624160896,6.5607029465776145,10,4.32884076234278,Scooter,Stormy,Medium,Metropolitian,False,0,0,0,5380.347393933015,5542.907500174624,Rota_Reduzida,0
pedido_5479.491542810538_702,52.24617370971114,53.72209657286326,53.72209657286326,3.1422129435267028,10,4.882762910326753,Scooter,Sandstorms,Medium,Metropolitian,True,1,0,0,5479.491542810538,5543.213639383401,Nenhuma,1
pedido_5406.075080571631_656,130.08443981593544,133.1227403071374,133.1227403071374,12.063786994522472,5,4.586975185875497,Van,Stormy,High,Metropolitian,False,0,1,0,5406.075080571631,5544.197820878768,Nenhuma,0
pedido_5413.757905840268_663,136.20554377668626,141.6205355294653,126.62053552946529,14.61117466076097,10,4.602176120057971,Scooter,Sandstorms,Medium,Metropolitian,False,0,0,0,5413.757905840268,5550.378441369733,Rota_Reduzida,0
pedido_5434.6454268578855_680,132.65488063328652,126.54642756699434,111.54642756699434,4.235376920633193,5,4.923744212695331,Moto,Sandstorms,High,Metropolitian,False,0,1,0,5434.6454268578855,5551.19185442488,Aumento_Velocidade,0
pedido_5504.875824033023_725,45.5577560707168,38.22372950286576,38.22372950286576,5.64773900719545,10,4.642354205892248,Moto,Windy,Jam,Metropolitian,False,1,1,0,5504.875824033023,5553.099553535888,Nenhuma,1
pedido_5462.572345501451_687,100.98917410374925,86.52129095516656,86.52129095516656,8.121476329195755,5,4.638682278517225,Scooter,Sandstorms,Low,Metropolitian,False,0,0,0,5462.572345501451,5554.093636456618,Nenhuma,1
pedido_5446.052221960686_685,126.96816191454667,120.24339482301916,105.24339482301916,6.123019300149167,5,4.889634468849627,Moto,Stormy,High,Metropolitian,False,0,1,0,5446.052221960686,5556.295616783706,Aumento_Velocidade,0
pedido_5460.121809039975_686,126.55100793384632,98.55081683759806,83.55081683759806,5.185973360282083,15,4.565135692029753,Moto,Stormy,High,Urban,True,0,1,0,5460.121809039975,5558.672625877573,Aumento_Velocidade,1
pedido_5434.93211845384_681,141.60279961102123,126.11984223198277,111.11984223198277,12.032696542374525,15,4.6266023782085135,Moto,Sandstorms,Jam,Urban,False,0,1,0,5434.93211845384,5561.051960685823,Aumento_Velocidade,0
pedido_5466.2243464803505_689,100.96722327894045,86.32136210154908,86.32136210154908,5.3471393757940895,10,4.627417674529089,Scooter,Windy,Low,Metropolitian,False,0,0,0,5466.2243464803505,5562.5457085819,Nenhuma,1
pedido_5393.9070511438495_649,174.57018797790997,164.13343567334368,164.13343567334368,4.300825213962827,5,4.303411051910531,Van,Windy,Medium,Metropolitian,False,0,0,0,5393.9070511438495,5563.040486817194,Nenhuma,0
pedido_5444.270092044339_684,131.6635863367043,108.45461028252315,108.45461028252315,9.43862017570094,15,4.4561974303635985,Van,Windy,High,Metropolitian,False,0,1,0,5444.270092044339,5567.724702326863,Nenhuma,0
pedido_5442.3421162840405_682,130.83341167961183,127.05033505216207,112.05033505216207,6.760987051738599,15,4.574982403121256,Scooter,Sandstorms,High,Metropolitian,True,0,1,0,5442.3421162840405,5569.392451336203,Aumento_Velocidade,0
pedido_5483.258202684953_704,101.46965314974307,101.13877902429476,86.13877902429476,19.563532796251394,5,4.805793933283545,Scooter,Sunny,High,Urban,False,0,1,1,5483.258202684953,5574.3969817092475,Aumento_Velocidade,1
pedido_5406.049098654242_655,199.89924946477913,178.9329843917899,163.9329843917899,10.970090698541595,5,4.4041500554840685,Moto,Stormy,Jam,Urban,False,0,1,0,5406.049098654242,5574.982083046032,Aumento_Velocidade,0
pedido_5406.783767670536_659,187.13481435528243,173.19664980381438,158.19664980381438,11.535696687748244,15,4.316351145608813,Scooter,Stormy,High,Metropolitian,False,0,1,0,5406.783767670536,5579.98041747435,Aumento_Velocidade,0
pedido_5406.178646118621_657,183.70314931343276,182.17286352073268,167.17286352073268,16.899769943023568,10,4.345929609773558,Moto,Windy,High,Urban,False,0,1,0,5406.178646118621,5583.351509639354,Aumento_Velocidade,0
pedido_5467.6242530012905_693,127.24367888595586,106.90631059924976,106.90631059924976,5.655693090246938,10,4.818771093994942,Van,Stormy,Jam,Metropolitian,False,0,1,0,5467.6242530012905,5584.5305636005405,Nenhuma,1
pedido_5512.882527659212_731,94.49594367259826,61.81548739531806,61.81548739531806,6.757028077188729,10,4.767556376521149,Van,Sunny,High,Metropolitian,False,0,1,1,5512.882527659212,5584.6980150545305,Nenhuma,1
pedido_5471.791672575929_697,129.46332955224742,123.52069771162584,108.52069771162584,12.224525804121752,5,4.836529992321074,Scooter,Stormy,High,Metropolitian,False,0,1,0,5471.791672575929,5585.312370287555,Aumento_Velocidade,0
pedido_5485.166342858653_706,126.37448854157769,106.53172228182508,91.53172228182508,6.166574354737096,10,4.863305463706476,Scooter,Stormy,High,Metropolitian,False,0,1,0,5485.166342858653,5586.698065140477,Aumento_Velocidade,1
pedido_5483.180370840948_703,133.96924223972385,111.7870467975875,96.7870467975875,21.585035446563907,10,4.529771421577125,Moto,Stormy,High,Metropolitian,True,0,1,0,5483.180370840948,5589.967417638535,Aumento_Velocidade,0
pedido_5488.513037362339_708,129.93397795511652,113.23956635582987,98.23956635582987,4.9981064990677675,5,4.829064017675773,Moto,Sandstorms,Jam,Metropolitian,True,0,1,0,5488.513037362339,5591.752603718169,Aumento_Velocidade,1
pedido_5431.492981434896_676,178.82616044679904,166.01551249746328,151.01551249746328,9.332994325578461,10,4.30141645953398,Moto,Sandstorms,High,Metropolitian,True,0,1,0,5431.492981434896,5592.50849393236,Aumento_Velocidade,0
pedido_5494.427738673574_714,118.14213560819029,91.25356153583192,91.25356153583192,12.88095635911047,10,4.745191401606428,Scooter,Sunny,Low,Metropolitian,True,0,0,1,5494.427738673574,5595.681300209406,Nenhuma,1
pedido_5472.411591368826_698,134.08834804553254,123.34944988565792,108.34944988565792,9.753820418158183,15,4.742681133376853,Moto,Sandstorms,Medium,Urban,False,0,0,0,5472.411591368826,5595.761041254484,Rota_Reduzida,0
pedido_5470.0228869588145_695,135.62626201359802,112.83583088104402,112.83583088104402,12.71897152252619,15,5.0,Van,Sandstorms,High,Metropolitian,False,0,1,0,5470.0228869588145,5597.858717839858,Nenhuma,0
pedido_5488.514855048992_709,134.25083691444988,119.3600962850925,104.3600962850925,13.572487562517091,5,4.889758727301474,Scooter,Stormy,Medium,Metropolitian,False,0,0,0,5488.514855048992,5597.8749513340845,Rota_Reduzida,0
pedido_5498.247323149035_720,129.72325151464426,104.83553356302097,89.83553356302097,9.946803364150202,10,4.660545502668818,Scooter,Stormy,High,Metropolitian,True,0,1,0,5498.247323149035,5598.082856712056,Aumento_Velocidade,1
pedido_5497.820279626851_718,131.9012147297906,106.29309879023342,91.29309879023342,4.222320887003456,10,4.715589902865969,Moto,Windy,High,Metropolitian,False,0,1,0,5497.820279626851,5599.113378417084,Aumento_Velocidade,1
pedido_5478.893671718064_701,135.4015912497597,130.48700682334186,115.48700682334186,16.92998210983533,5,4.5005615789767655,Moto,Windy,Medium,Metropolitian,False,0,0,0,5478.893671718064,5599.380678541406,Rota_Reduzida,0
pedido_5429.841725645025_672,174.4190416984336,179.73375737774998,164.73375737774998,5.071056878760088,5,4.312303123605302,Moto,Windy,High,Urban,True,0,1,0,5429.841725645025,5599.575483022775,Aumento_Velocidade,0
pedido_5498.029274706855_719,123.52311615048532,108.10838609362159,88.10838609362159,6.788992620277028,15,4.824447496595979,Moto,Foggy,High,Other,False,0,1,0,5498.029274706855,5601.137660800477,Rota_Reduzida,0
pedido_5473.921180539362_699,129.55369318604343,123.24274096213671,123.24274096213671,4.143197212893162,5,4.867182438860079,Van,Windy,High,Urban,True,0,1,0,5473.921180539362,5602.163921501498,Nenhuma,0
pedido_5418.712506703167_667,178.09284162168544,188.6434250406755,173.6434250406755,15.507236184655847,10,4.393214679741466,Moto,Sunny,High,Metropolitian,True,0,1,1,5418.712506703167,5602.355931743842,Aumento_Velocidade,0
pedido_5504.341203296513_724,131.63377386629992,99.40822323496174,84.40822323496174,6.972585938912255,15,4.682310774695027,Moto,Sandstorms,High,Metropolitian,False,0,1,0,5504.341203296513,5603.749426531475,Aumento_Velocidade,1
pedido_5467.010305311896_691,127.35834081446163,132.31402132225548,132.31402132225548,4.576005530632588,5,4.87487278378909,Van,Foggy,Medium,Metropolitian,True,0,0,0,5467.010305311896,5604.324326634152,Nenhuma,0
pedido_5469.123975453214_694,132.4816749720786,121.80077934530274,121.80077934530274,4.651568747579527,15,4.804427726903689,Van,Foggy,High,Metropolitian,True,0,1,0,5469.123975453214,5605.924754798517,Nenhuma,0
pedido_5496.212213797589_716,141.7195557967645,120.18416592825882,105.18416592825882,19.012079654990767,5,4.548020708514586,Moto,Foggy,High,Metropolitian,False,0,1,0,5496.212213797589,5606.396379725848,Aumento_Velocidade,0
pedido_5487.000579603406_707,133.01929097912344,132.0067130496723,117.0067130496723,7.74868680646977,5,4.841052018540288,Moto,Foggy,High,Metropolitian,False,0,1,0,5487.000579603406,5609.007292653078,Aumento_Velocidade,0
pedido_5506.718230784717_728,97.24100286292129,97.6719511654456,97.6719511654456,1.8288067034232762,5,4.717638436376021,Moto,Stormy,Low,Other,False,0,0,0,5506.718230784717,5609.3901819501625,Nenhuma,1
pedido_5470.360991844374_696,134.60592367128,149.3361036659533,134.3361036659533,18.06935550410396,5,4.697561486771429,Moto,Sandstorms,High,Metropolitian,False,0,1,0,5470.360991844374,5609.697095510328,Aumento_Velocidade,0
pedido_5506.096376631641_726,133.5578348387472,115.47980771842118,100.47980771842118,12.519734300062726,5,4.748348523842258,Moto,Windy,High,Metropolitian,False,0,1,0,5506.096376631641,5611.576184350062,Aumento_Velocidade,0
pedido_5524.086427693952_734,125.57025651111012,94.0869052301866,74.0869052301866,13.453594043796292,15,4.530523083146376,Scooter,Windy,High,Other,False,0,1,0,5524.086427693952,5613.173332924139,Rota_Reduzida,1
pedido_5499.583974638106_721,128.10338629484463,113.673934438179,98.673934438179,3.889862748745585,15,4.61645775011452,Scooter,Stormy,High,Metropolitian,False,0,1,0,5499.583974638106,5613.257909076285,Aumento_Velocidade,0
pedido_5493.307666269842_712,136.2716292499163,122.7426324243217,107.7426324243217,7.093389416826339,15,4.97103490948582,Scooter,Sandstorms,Medium,Metropolitian,False,0,0,0,5493.307666269842,5616.050298694164,Rota_Reduzida,0
pedido_5491.517327116989_711,132.49002443239792,134.4160305561197,119.4160305561197,7.637001015160108,10,4.6126576019160375,Moto,Windy,High,Metropolitian,False,0,1,0,5491.517327116989,5620.933357673109,Aumento_Velocidade,0
pedido_5489.848797590152_710,141.05864477031272,131.54681365925714,116.54681365925714,12.089152289918891,15,4.587749645454946,Moto,Foggy,High,Urban,False,0,1,0,5489.848797590152,5621.395611249409,Aumento_Velocidade,0
pedido_5544.953362345691_747,98.78113029324714,77.50422261345317,62.504222613453166,3.3175735123709296,15,4.782596826302433,Moto,Sunny,Jam,Metropolitian,False,0,1,1,5544.953362345691,5622.457584959144,Aumento_Velocidade,1
pedido_5466.834734652086_690,174.96918293912722,160.86370995856495,145.86370995856495,8.781893190974092,10,4.266612511726845,Moto,Stormy,High,Metropolitian,False,0,1,0,5466.834734652086,5622.698444610651,Aumento_Velocidade,0
pedido_5477.134976011328_700,177.73552120243633,155.81597548968276,140.81597548968276,9.902678970761766,5,4.431934809691694,Scooter,Sunny,Jam,Urban,False,0,1,1,5477.134976011328,5622.95095150101,Aumento_Velocidade,0
pedido_5502.881954952956_722,129.96401498083839,121.46291603243509,106.46291603243509,7.120588967604611,15,4.949992850934637,Moto,Foggy,Jam,Metropolitian,True,0,1,0,5502.881954952956,5624.344870985391,Aumento_Velocidade,0
pedido_5529.52481576059_738,129.36317452941614,105.65699470651114,90.65699470651114,6.670102429420471,5,4.90443062609059,Moto,Foggy,Jam,Metropolitian,False,0,1,0,5529.52481576059,5625.181810467101,Aumento_Velocidade,1
pedido_5506.997705645178_729,141.67941332302524,128.4482143467785,113.44821434677851,15.226097343960006,5,4.504027038665639,Moto,Foggy,Medium,Metropolitian,False,0,0,0,5506.997705645178,5625.4459199919565,Rota_Reduzida,0
pedido_5506.188181859712_727,138.7713330160383,125.99434190929986,110.99434190929986,19.11040170488257,15,4.988120808007466,Moto,Sandstorms,Medium,Urban,False,0,0,0,5506.188181859712,5632.182523769012,Rota_Reduzida,0
pedido_5524.448285500226_735,133.67673204205678,108.24151964223738,93.24151964223738,9.001605624670926,15,4.743205571386359,Moto,Windy,High,Metropolitian,False,0,1,0,5524.448285500226,5632.689805142463,Aumento_Velocidade,0
pedido_5496.494684014874_717,132.56731139521898,131.67535691198694,131.67535691198694,3.4317567035436998,5,4.792002943206151,Van,Foggy,High,Urban,True,0,1,0,5496.494684014874,5633.1700409268615,Nenhuma,0
pedido_5549.787938923965_749,104.42840100262656,70.07686711654691,70.07686711654691,7.761956011181451,15,4.549553545940777,Scooter,Stormy,Low,Metropolitian,True,0,0,0,5549.787938923965,5634.864806040512,Nenhuma,1
pedido_5526.31347303849_736,136.0826727327518,109.30007616157292,94.30007616157292,11.72663095495682,15,4.472880828093859,Scooter,Sandstorms,Medium,Metropolitian,False,0,0,0,5526.31347303849,5635.613549200063,Rota_Reduzida,0
pedido_5541.476470329188_744,111.03485671577812,104.39004479677227,89.39004479677227,16.99188104296313,5,5.0,Moto,Sunny,Jam,Metropolitian,False,0,1,1,5541.476470329188,5635.86651512596,Aumento_Velocidade,1
pedido_5467.271226907989_692,177.84219299184585,170.54082016143178,155.54082016143178,4.448762808120547,15,4.228629916663534,Moto,Foggy,High,Metropolitian,False,0,1,0,5467.271226907989,5637.812047069421,Aumento_Velocidade,0
pedido_5535.877857879856_742,129.99146977646632,103.50987395124275,88.50987395124275,12.45430457505068,15,4.731546036029407,Moto,Stormy,High,Metropolitian,False,0,1,0,5535.877857879856,5639.387731831099,Aumento_Velocidade,1
pedido_5514.922564190685_732,149.6575320335434,131.83517034347403,116.83517034347403,17.86652938992426,10,4.724807656429248,Moto,Foggy,Jam,Metropolitian,False,0,1,0,5514.922564190685,5641.757734534159,Aumento_Velocidade,0
pedido_5563.7193047290975_761,100.97749453359607,70.26231304772026,70.26231304772026,3.2234571075485814,10,5.0,Moto,Stormy,Low,Metropolitian,True,0,0,0,5563.7193047290975,5643.981617776818,Nenhuma,1
pedido_5507.047344036938_730,132.81262037033002,139.33843107788203,124.33843107788203,13.3331559633225,15,5.0,Scooter,Stormy,High,Metropolitian,False,0,1,0,5507.047344036938,5646.38577511482,Aumento_Velocidade,0
pedido_5485.006742852111_705,175.27304522023476,166.60731835853193,151.60731835853193,2.571226094710562,10,4.376588324753859,Moto,Foggy,Jam,Metropolitian,False,0,1,0,5485.006742852111,5646.614061210643,Aumento_Velocidade,0
pedido_5571.618569221424_769,101.89704460355638,85.21829944747589,70.21829944747589,16.519666887062655,5,4.6991069503318705,Moto,Sunny,High,Metropolitian,False,0,1,1,5571.618569221424,5646.8368686689,Aumento_Velocidade,1
pedido_5547.574192302772_748,129.76486193434457,105.25696742066502,90.25696742066502,14.451993741391357,10,4.556393716910943,Scooter,Stormy,High,Metropolitian,False,0,1,0,5547.574192302772,5647.831159723437,Aumento_Velocidade,1
pedido_5537.023209521058_743,131.57345377933837,116.01955448988039,101.01955448988039,2.076587581223754,10,4.958551539873465,Moto,Stormy,High,Urban,False,0,1,0,5537.023209521058,5648.042764010938,Aumento_Velocidade,0
pedido_5518.569825283639_733,133.31368724607952,135.4729890998595,120.47298909985949,11.238034961520604,10,4.747536749900398,Moto,Sandstorms,High,Metropolitian,False,0,1,0,5518.569825283639,5649.042814383499,Aumento_Velocidade,0
pedido_5494.073562170752_713,186.06659976861144,167.27710320266087,152.27710320266087,16.679265670043435,5,4.439960614115114,Scooter,Sandstorms,Medium,Other,True,0,0,0,5494.073562170752,5651.350665373413,Rota_Reduzida,0
pedido_5606.77373023509_789,45.5028324314993,31.130888442580677,31.130888442580677,16.098170525352696,15,5.0,Moto,Foggy,High,Urban,True,1,1,0,5606.77373023509,5652.90461867767,Nenhuma,1
pedido_5558.590410293406_755,96.08746725228299,95.69435851890461,80.69435851890461,4.194106654342705,15,4.450302791354556,Scooter,Sunny,Medium,Metropolitian,False,0,0,1,5558.590410293406,5654.284768812311,Rota_Reduzida,1
pedido_5569.470257145013_768,103.1073708305355,92.17772192373762,77.17772192373762,10.240137109556011,10,4.883747423959913,Scooter,Sunny,High,Metropolitian,True,0,1,1,5569.470257145013,5656.647979068751,Aumento_Velocidade,1
pedido_5530.145057925998_739,132.54464392905672,138.23895713739512,123.23895713739512,6.987314923924201,5,4.716874648850993,Moto,Windy,High,Metropolitian,False,0,1,0,5530.145057925998,5658.384015063393,Aumento_Velocidade,0
pedido_5534.901576133608_740,140.62704366312087,134.97466953041507,119.97466953041507,15.292355018789088,5,4.628153849084136,Moto,Sandstorms,Jam,Metropolitian,False,0,1,0,5534.901576133608,5659.8762456640225,Aumento_Velocidade,0
pedido_5555.1488969615_753,135.6040532150508,115.05602334100818,100.05602334100818,4.492500347155625,5,4.559594822577545,Scooter,Stormy,Medium,Urban,False,0,0,0,5555.1488969615,5660.204920302508,Rota_Reduzida,0
pedido_5552.970764149129_751,130.78277028269227,110.46954705879189,95.46954705879189,2.4962314958619034,15,4.775584648106847,Scooter,Stormy,Medium,Metropolitian,True,0,0,0,5552.970764149129,5663.440311207921,Rota_Reduzida,0
pedido_5542.108986890302_745,129.6578154282254,126.882723721166,111.882723721166,2.731865738159857,10,4.786208115754734,Scooter,Sandstorms,Medium,Metropolitian,False,0,0,0,5542.108986890302,5663.991710611468,Rota_Reduzida,0
pedido_5588.295103099006_779,96.63792328164016,80.91831355881895,65.91831355881895,9.46762395390463,10,4.888130558093277,Moto,Sunny,High,Metropolitian,False,0,1,1,5588.295103099006,5664.213416657825,Aumento_Velocidade,1
pedido_5562.700904608727_759,132.18397381104012,102.48353415807996,87.48353415807996,0.12052403749977181,15,4.641854876101372,Moto,Sandstorms,Medium,Metropolitian,True,0,0,0,5562.700904608727,5665.184438766807,Rota_Reduzida,1
pedido_5551.889684661906_750,131.168745099724,126.02544973239466,111.02544973239466,0.0,5,4.850010158482012,Scooter,Windy,High,Metropolitian,True,0,1,0,5551.889684661906,5667.915134394301,Aumento_Velocidade,0
pedido_5559.395623567135_757,102.2700532622006,100.1188253239833,100.1188253239833,0.24826799867815819,10,4.839055166366416,Moto,Sandstorms,Low,Urban,False,0,0,0,5559.395623567135,5669.514448891118,Nenhuma,1
pedido_5553.855902113403_752,152.56676394323753,123.0535428311521,108.0535428311521,12.328288645823521,10,4.640083405633087,Moto,Foggy,Jam,Metropolitian,False,0,1,0,5553.855902113403,5671.909444944556,Aumento_Velocidade,0
pedido_5569.374220888551_767,134.85640868071445,110.55026098887656,95.55026098887656,12.377883140894713,10,4.730398191887854,Scooter,Sandstorms,High,Urban,False,0,1,0,5569.374220888551,5674.924481877427,Aumento_Velocidade,0
pedido_5565.411091605208_763,130.53799327759472,112.98411473757861,97.98411473757861,13.700501984540438,15,4.763127507387543,Moto,Stormy,High,Metropolitian,True,0,1,0,5565.411091605208,5678.395206342786,Aumento_Velocidade,0
pedido_5494.842538558695_715,169.07103441333734,178.77633648851054,178.77633648851054,14.053179031105655,5,4.237251601199627,Van,Sunny,Medium,Metropolitian,True,0,0,1,5494.842538558695,5678.618875047206,Nenhuma,0
pedido_5605.412871383793_788,92.83873521142773,88.62373570634342,68.62373570634342,8.305362165224853,5,4.699317462932686,Scooter,Sunny,High,Other,False,0,1,1,5605.412871383793,5679.036607090136,Rota_Reduzida,1
pedido_5578.695545159865_776,133.58593651908998,105.85885018493605,90.85885018493605,11.57219703638091,10,5.0,Moto,Stormy,High,Metropolitian,False,0,1,0,5578.695545159865,5679.554395344801,Aumento_Velocidade,1
pedido_5574.334681075235_771,95.72172290327266,91.79150883137535,91.79150883137535,4.2777967279080675,15,4.842644295165727,Van,Sunny,Low,Metropolitian,True,0,0,1,5574.334681075235,5681.12618990661,Nenhuma,1
pedido_5575.703614028665_772,137.14006368707493,110.489830154646,95.489830154646,10.710518401551738,10,4.980031654794722,Moto,Windy,High,Metropolitian,False,0,1,0,5575.703614028665,5681.193444183311,Aumento_Velocidade,0
pedido_5555.847371543863_754,135.88974003663375,121.64502843932172,121.64502843932172,10.056242587534282,10,4.616582005387825,Van,Windy,High,Metropolitian,False,0,1,0,5555.847371543863,5687.492399983184,Nenhuma,0
pedido_5563.382892108546_760,134.0510738617631,124.54868050314678,109.54868050314678,18.33258848616756,15,4.7649837683730984,Scooter,Stormy,Jam,Metropolitian,False,0,1,0,5563.382892108546,5687.931572611693,Aumento_Velocidade,0
pedido_5628.625050926592_799,46.92296369248213,49.55640314079417,49.55640314079417,14.870563631294216,10,4.902395298373443,Moto,Sandstorms,High,Metropolitian,False,1,1,0,5628.625050926592,5688.181454067386,Nenhuma,1
pedido_5558.828411850857_756,143.05945443782988,134.4529723735556,119.45297237355561,15.118906182330102,10,4.846901697875337,Moto,Foggy,Medium,Metropolitian,False,0,0,0,5558.828411850857,5688.281384224413,Rota_Reduzida,0
pedido_5589.335643540541_780,110.61443735363028,85.7913323829003,85.7913323829003,13.725709441941959,15,4.561646228333535,Scooter,Foggy,Low,Metropolitian,False,0,0,0,5589.335643540541,5690.126975923442,Nenhuma,1
pedido_5564.70817141687_762,144.3020970793362,135.53249977723763,120.53249977723763,15.19138541338819,5,4.701269068057716,Scooter,Foggy,High,Metropolitian,True,0,1,0,5564.70817141687,5690.240671194108,Aumento_Velocidade,0
pedido_5576.770336476996_773,126.39528552248424,125.78632057455448,105.78632057455448,16.11689669988975,10,4.825089555682653,Scooter,Windy,High,Other,True,0,1,0,5576.770336476996,5692.55665705155,Rota_Reduzida,0
pedido_5599.162929568667_787,98.85747052239749,88.68552912888002,88.68552912888002,6.639500722142522,5,4.932243975038774,Scooter,Foggy,Low,Urban,False,0,0,0,5599.162929568667,5692.848458697547,Nenhuma,1
pedido_5577.733316067006_775,131.9012147297906,125.77149916436869,110.77149916436869,3.2758786724706472,5,4.7246460446634195,Moto,Windy,High,Metropolitian,False,0,1,0,5577.733316067006,5693.504815231375,Aumento_Velocidade,0
pedido_5535.732145830797_741,164.76953461339917,168.3099749553205,153.3099749553205,7.780532144985523,5,4.43445303125968,Scooter,Sunny,Medium,Metropolitian,True,0,0,1,5535.732145830797,5694.042120786117,Rota_Reduzida,0
pedido_5566.214015024391_764,134.50484931001625,118.16083564873836,118.16083564873836,18.918765436506646,10,4.641907178347905,Van,Windy,Medium,Metropolitian,False,0,0,0,5566.214015024391,5694.37485067313,Nenhuma,0
pedido_5577.532858211236_774,136.6452187494612,119.19898985388994,104.19898985388994,2.525137513233248,15,5.0,Moto,Sandstorms,High,Metropolitian,False,0,1,0,5577.532858211236,5696.731848065126,Aumento_Velocidade,0
pedido_5621.751990904536_796,101.91300712602568,80.73725299294608,65.73725299294608,12.284128556213957,10,4.847019971880195,Scooter,Sunny,High,Urban,False,0,1,1,5621.751990904536,5697.489243897482,Aumento_Velocidade,1
pedido_5572.276663533075_770,143.87999213971185,130.46493024391305,115.46493024391305,14.1619360709801,10,4.76959588690767,Scooter,Foggy,High,Metropolitian,True,0,1,0,5572.276663533075,5697.741593776988,Aumento_Velocidade,0
pedido_5652.447750033201_816,45.94788387946119,30.380446135592933,30.380446135592933,2.9188875084583508,15,4.767437577416154,Moto,Sandstorms,Jam,Metropolitian,False,1,1,0,5652.447750033201,5697.828196168794,Nenhuma,1
pedido_5590.130593188459_781,102.22615503113724,103.66118144497091,103.66118144497091,10.226431984486721,5,4.938478257437371,Van,Sunny,High,Urban,False,0,1,1,5590.130593188459,5698.79177463343,Nenhuma,1
pedido_5542.979475118252_746,178.64119323461597,166.39050220750377,151.39050220750377,3.55312713486137,5,4.396319994969953,Moto,Foggy,High,Metropolitian,False,0,1,0,5542.979475118252,5699.369977325756,Aumento_Velocidade,0
pedido_5568.940198540902_766,139.929493425998,142.79639115954825,127.79639115954825,14.87414405730008,5,5.0,Moto,Windy,Jam,Metropolitian,False,0,1,0,5568.940198540902,5701.73658970045,Aumento_Velocidade,0
pedido_5559.673643916459_758,136.39817828207634,132.1847876819842,132.1847876819842,12.867157465587088,10,4.49627304012353,Van,Sandstorms,Medium,Metropolitian,False,0,0,0,5559.673643916459,5701.858431598443,Nenhuma,0
pedido_5592.812299628559_782,105.39507473830426,119.8341252274443,104.8341252274443,17.558637476620177,5,4.989759116817724,Moto,Sunny,High,Metropolitian,True,0,1,1,5592.812299628559,5702.646424856003,Aumento_Velocidade,0
pedido_5620.088046739235_793,96.32118997249381,93.6645180927041,78.6645180927041,8.408341672522818,5,4.970133164910395,Scooter,Sunny,Medium,Metropolitian,False,0,0,1,5620.088046739235,5703.75256483194,Rota_Reduzida,1
pedido_5665.637948512598_827,45.560314530475544,38.60217416180122,38.60217416180122,11.586076784892857,5,4.782164461956374,Scooter,Stormy,Jam,Metropolitian,True,1,1,0,5665.637948512598,5709.2401226744,Nenhuma,1
pedido_5596.554297826786_785,126.66493629528304,101.04999155478308,101.04999155478308,3.3456320231276635,15,4.473203555210215,Van,Foggy,Jam,Metropolitian,False,0,1,0,5596.554297826786,5712.604289381569,Nenhuma,1
pedido_5583.552793720389_777,142.12684343259423,141.46430407741212,126.46430407741212,13.564277778623385,5,4.628733400283845,Moto,Foggy,Medium,Urban,False,0,0,0,5583.552793720389,5715.0170977978005,Rota_Reduzida,0
pedido_5584.723621473364_778,129.9885948301682,141.33644186050915,126.33644186050915,6.535288150429418,5,4.672897083985347,Scooter,Windy,Jam,Urban,True,0,1,0,5584.723621473364,5716.060063333873,Aumento_Velocidade,0
pedido_5528.804678136089_737,195.46203131108004,198.11387015995635,183.11387015995635,2.8174958920074924,5,4.361079423486867,Moto,Sunny,High,Metropolitian,True,0,1,1,5528.804678136089,5716.918548296046,Aumento_Velocidade,0
pedido_5598.900029342932_786,131.06931276610214,118.20163599932195,103.20163599932195,6.080411019847683,15,4.7004887635392985,Scooter,Sandstorms,High,Metropolitian,True,0,1,0,5598.900029342932,5717.101665342254,Aumento_Velocidade,0
pedido_5596.462615066608_784,134.71716291298995,127.11275795296328,112.11275795296328,13.29018080099021,10,4.618863616798773,Scooter,Sandstorms,High,Metropolitian,False,0,1,0,5596.462615066608,5718.575373019571,Aumento_Velocidade,0
pedido_5654.008425801543_819,95.3925029513344,69.45468944326188,54.454689443261884,0.0,15,4.9169615413872885,Moto,Sunny,High,Metropolitian,False,0,1,1,5654.008425801543,5723.463115244805,Aumento_Velocidade,1
pedido_5594.853692121226_783,134.8132569391509,133.72945344800976,118.72945344800976,11.056631437599531,15,4.582257185929532,Moto,Sandstorms,High,Metropolitian,True,0,1,0,5594.853692121226,5728.583145569236,Aumento_Velocidade,0
pedido_5613.20495987895_791,127.64893682947027,115.96019247641848,100.96019247641848,5.207972917781377,15,4.594366888819613,Moto,Foggy,Medium,Metropolitian,True,0,0,0,5613.20495987895,5729.165152355368,Rota_Reduzida,0
pedido_5622.398201422521_797,122.8265582445953,122.70088335537154,102.70088335537154,3.904195680575144,5,4.645325585293884,Scooter,Windy,High,Other,False,0,1,0,5622.398201422521,5730.099084777893,Rota_Reduzida,0
pedido_5643.747061671505_812,99.52735105208863,89.4290918089288,74.4290918089288,5.311534703921758,15,5.0,Scooter,Sunny,High,Urban,False,0,1,1,5643.747061671505,5733.176153480435,Aumento_Velocidade,1
pedido_5694.062216395964_847,43.69464118938418,26.74075393753219,26.74075393753219,6.591052831674153,15,4.864882326153132,Moto,Stormy,Medium,Metropolitian,False,1,0,0,5694.062216395964,5735.802970333496,Nenhuma,1
pedido_5620.6965689336175_794,135.0091700554918,125.7071261798936,105.7071261798936,16.71285424658528,10,4.751284201911136,Scooter,Sandstorms,High,Semi-Urban,True,0,1,0,5620.6965689336175,5736.403695113511,Rota_Reduzida,0
pedido_5662.521288425301_822,95.83018223132427,80.05804695410065,65.05804695410065,2.634513465709246,10,4.580337439577592,Scooter,Sunny,High,Urban,False,0,1,1,5662.521288425301,5737.5793353794015,Aumento_Velocidade,1
pedido_5567.858122907212_765,187.3939585250985,181.13383306433508,166.13383306433508,18.531741753581812,5,4.319642235392096,Moto,Sandstorms,Medium,Metropolitian,False,0,0,0,5567.858122907212,5738.991955971547,Rota_Reduzida,0
pedido_5691.303109667495_841,42.93059711932182,45.90770128992987,45.90770128992987,13.36174778697691,5,4.67017869054556,Van,Sunny,High,Metropolitian,True,1,1,1,5691.303109667495,5742.210810957425,Nenhuma,1
pedido_5664.257973479718_826,103.54735680986326,84.53491346670353,69.53491346670353,16.722145934711673,10,4.703536535394679,Scooter,Sunny,Medium,Metropolitian,False,0,0,1,5664.257973479718,5743.792886946421,Rota_Reduzida,1
pedido_5621.734999036277_795,126.58022328605264,135.69165482810556,120.69165482810556,0.588228776162576,5,4.662382074367274,Moto,Windy,Jam,Metropolitian,False,0,1,0,5621.734999036277,5747.426653864382,Aumento_Velocidade,0
pedido_5635.6920023258335_804,137.78871580834775,112.79290842031608,97.79290842031608,5.97640683889561,15,5.0,Moto,Sandstorms,High,Urban,False,0,1,0,5635.6920023258335,5748.48491074615,Aumento_Velocidade,0
pedido_5633.2462989075675_802,142.64515989566567,129.20914848490017,114.20914848490017,12.643832616681463,5,4.656336974482197,Moto,Foggy,Medium,Metropolitian,False,0,0,0,5633.2462989075675,5752.455447392467,Rota_Reduzida,0
pedido_5619.868080133471_792,136.48559495946353,144.88416265854838,129.88416265854838,17.922511404123465,5,4.640047168451543,Moto,Windy,Jam,Metropolitian,False,0,1,0,5619.868080133471,5754.752242792019,Aumento_Velocidade,0
pedido_5631.030309748455_800,143.72161743942561,129.03368901327133,114.03368901327133,14.15981935203852,10,4.534866439075763,Moto,Sandstorms,Jam,Metropolitian,False,0,1,0,5631.030309748455,5755.063998761726,Aumento_Velocidade,0
pedido_5641.750909042244_806,128.19944867422026,113.88665694955262,98.88665694955262,4.472974596250209,15,4.792547434379563,Scooter,Sandstorms,Jam,Urban,False,0,1,0,5641.750909042244,5755.637565991796,Aumento_Velocidade,0
pedido_5649.28633544955_815,102.29948798392786,112.71296143378774,97.71296143378774,18.442792334063284,10,4.940756164855225,Moto,Sunny,High,Metropolitian,False,0,1,1,5649.28633544955,5756.999296883338,Aumento_Velocidade,0
pedido_5632.337263383733_801,135.3060443793462,124.88399170014353,109.88399170014353,14.412663877433813,15,4.672008517395514,Scooter,Sandstorms,High,Metropolitian,True,0,1,0,5632.337263383733,5757.221255083877,Aumento_Velocidade,0
pedido_5653.462424865656_818,129.17882097500146,109.36717270592587,94.36717270592587,5.98258111138522,10,4.705607503418495,Moto,Windy,High,Metropolitian,True,0,1,0,5653.462424865656,5757.829597571582,Aumento_Velocidade,1
pedido_5678.088257386056_831,99.36335199542346,90.35080203271207,75.35080203271207,6.904438461274069,5,4.77446248372057,Moto,Sunny,Jam,Metropolitian,True,0,1,1,5678.088257386056,5758.439059418768,Aumento_Velocidade,1
pedido_5642.799484048555_808,133.58127618721858,130.24667263156437,115.24667263156437,13.539074275898836,5,4.6564298959689765,Scooter,Stormy,Medium,Metropolitian,False,0,0,0,5642.799484048555,5763.04615668012,Rota_Reduzida,0
pedido_5680.015675184419_833,101.6743417057863,93.53289784209376,78.53289784209376,13.780046802049938,5,5.0,Scooter,Sunny,High,Metropolitian,False,0,1,1,5680.015675184419,5763.548573026513,Aumento_Velocidade,1
pedido_5643.298930741597_810,143.91163808820735,121.24246910793704,106.24246910793704,15.147637119751732,15,4.5923204164378255,Moto,Foggy,High,Urban,True,0,1,0,5643.298930741597,5764.541399849534,Aumento_Velocidade,0
pedido_5734.821885911422_870,45.78580029679964,15.940318929392014,15.940318929392014,16.47123340868195,15,4.794980505042774,Scooter,Sunny,Low,Metropolitian,True,1,0,1,5734.821885911422,5765.762204840814,Nenhuma,1
pedido_5663.759320058175_825,94.7760576264949,97.90183832981336,97.90183832981336,3.880057065806894,5,4.7906827471504245,Scooter,Sunny,Low,Metropolitian,False,0,0,1,5663.759320058175,5766.6611583879885,Nenhuma,1
pedido_5643.370757199167_811,141.02275848587644,131.9900258211487,116.99002582114869,12.03287396507084,10,4.699304283451634,Scooter,Foggy,High,Metropolitian,False,0,1,0,5643.370757199167,5770.3607830203155,Aumento_Velocidade,0
pedido_5641.563587079672_805,137.5796349767595,125.47260551095022,125.47260551095022,21.65927174228205,5,4.780841619387331,Van,Sandstorms,High,Metropolitian,False,0,1,0,5641.563587079672,5772.036192590623,Nenhuma,0
pedido_5678.33881187899_832,101.7938570507961,94.26587556247037,79.26587556247037,15.155095223609102,15,4.910701075838881,Scooter,Sunny,Medium,Metropolitian,False,0,0,1,5678.33881187899,5772.604687441461,Rota_Reduzida,1
pedido_5647.754186765634_814,133.0196758514353,132.50637046763006,117.50637046763006,14.557187658271621,10,4.7226340962672335,Moto,Windy,High,Metropolitian,False,0,1,0,5647.754186765634,5775.260557233264,Aumento_Velocidade,0
pedido_5693.888818980417_846,103.81985237156267,89.19519796887819,74.19519796887819,15.62115307473466,10,4.797702307992992,Moto,Sunny,High,Metropolitian,True,0,1,1,5693.888818980417,5778.084016949296,Aumento_Velocidade,1
pedido_5660.210830926187_821,136.4702966047915,128.20856162096325,113.20856162096325,20.189288365559953,5,5.0,Scooter,Stormy,Medium,Metropolitian,False,0,0,0,5660.210830926187,5778.41939254715,Rota_Reduzida,0
pedido_5609.609878287811_790,163.7434334592569,156.50392271018757,156.50392271018757,12.429648166468041,15,4.346363242439449,Van,Windy,Low,Urban,True,0,0,0,5609.609878287811,5781.113800997999,Nenhuma,0
pedido_5674.452842222528_829,127.2412030103888,118.76604976187248,103.76604976187248,5.535758146082863,5,4.621696507345779,Moto,Stormy,High,Urban,False,0,1,0,5674.452842222528,5783.2188919844,Aumento_Velocidade,0
pedido_5662.522790298095_823,127.34297303928157,121.74907274761256,106.74907274761256,11.912495924176053,15,4.71572162713305,Moto,Windy,Medium,Other,False,0,0,0,5662.522790298095,5784.2718630457075,Rota_Reduzida,0
pedido_5677.004240878266_830,130.142437491438,121.12291607934671,106.12291607934671,6.504808660533669,5,4.514378264501315,Scooter,Windy,High,Urban,False,0,1,0,5677.004240878266,5788.127156957612,Aumento_Velocidade,0
pedido_5667.518265277197_828,131.9012147297906,120.84030212851385,105.84030212851385,4.312074743373802,15,4.66811320161197,Moto,Windy,High,Metropolitian,False,0,1,0,5667.518265277197,5788.358567405711,Aumento_Velocidade,0
pedido_5660.002486909722_820,130.85951845746234,134.7978290077731,119.79782900777309,2.9055472949322674,10,4.6365185782647504,Scooter,Windy,High,Metropolitian,False,0,1,0,5660.002486909722,5789.800315917495,Aumento_Velocidade,0
pedido_5662.644598038588_824,121.0721177544546,114.17177628948033,114.17177628948033,19.30760290868792,15,4.592497653969009,Moto,Sunny,Low,Urban,False,0,0,1,5662.644598038588,5791.816374328068,Nenhuma,0
pedido_5689.923267696822_838,101.16819211463194,88.57952567912231,88.57952567912231,5.048101710885905,15,4.539577872692774,Scooter,Windy,Low,Metropolitian,False,0,0,0,5689.923267696822,5793.502793375945,Nenhuma,1
pedido_5689.007344588708_837,101.97165732626148,99.57791158238196,99.57791158238196,2.449299499015848,5,4.678056905834226,Scooter,Sandstorms,Low,Metropolitian,False,0,0,0,5689.007344588708,5793.58525617109,Nenhuma,1
pedido_5726.248806085523_862,72.04797011110017,72.93965418980362,57.93965418980362,6.28581839704818,10,4.444651370507159,Moto,Sunny,High,Metropolitian,False,1,1,1,5726.248806085523,5794.188460275327,Aumento_Velocidade,1
pedido_5698.3904801042645_848,98.84633501984995,90.94988537945284,90.94988537945284,3.8614975218699543,10,4.582344997980348,Van,Sunny,Jam,Urban,False,0,1,1,5698.3904801042645,5799.3403654837175,Nenhuma,1
pedido_5733.094336919342_868,95.99707783571988,79.49389985713145,64.49389985713145,2.9791017108445867,5,4.628044644254525,Moto,Sunny,High,Metropolitian,False,0,1,1,5733.094336919342,5802.588236776473,Aumento_Velocidade,1
pedido_5627.2291512521815_798,185.83590190739548,185.50128520740702,170.50128520740702,15.503622856713003,5,4.4483684045895915,Scooter,Sandstorms,High,Metropolitian,False,0,1,0,5627.2291512521815,5802.730436459588,Aumento_Velocidade,0
pedido_5725.802571536161_861,95.83027996309183,78.12471958274817,63.12471958274817,5.196887027834278,15,4.688377816314603,Moto,Sunny,Medium,Metropolitian,False,0,0,1,5725.802571536161,5803.927291118909,Rota_Reduzida,1
pedido_5653.317556206172_817,181.2885130378718,157.36676293517485,137.36676293517485,16.643429924090285,15,4.3821587470766845,Moto,Sandstorms,High,Other,True,0,1,0,5653.317556206172,5805.684319141347,Rota_Reduzida,0
pedido_5770.083633428947_891,39.49340792140317,21.644421587049017,21.644421587049017,13.242056346147045,15,4.741291412721297,Scooter,Sunny,High,Metropolitian,False,1,1,1,5770.083633428947,5806.728055015996,Nenhuma,1
pedido_5680.744416166755_834,130.142437491438,127.55548528983184,112.55548528983184,6.637756453024026,15,4.512745808648389,Moto,Windy,High,Urban,False,0,1,0,5680.744416166755,5808.299901456588,Aumento_Velocidade,0
pedido_5681.437418545351_835,144.3680341510567,128.23310441670134,113.23310441670134,13.509500437385833,15,4.846202151688589,Scooter,Foggy,High,Metropolitian,True,0,1,0,5681.437418545351,5809.670522962052,Aumento_Velocidade,0
pedido_5690.330838446874_839,130.92469049901473,119.802702794032,104.802702794032,7.576205502923811,15,4.903652687293321,Moto,Windy,High,Metropolitian,True,0,1,0,5690.330838446874,5810.133541240905,Aumento_Velocidade,0
pedido_5705.35520430652_852,132.141537028009,116.21576197634978,101.21576197634978,7.208242836035744,5,4.871461933384295,Scooter,Foggy,High,Metropolitian,False,0,1,0,5705.35520430652,5811.57096628287,Aumento_Velocidade,0
pedido_5767.810749711215_890,45.57429976634998,36.96428505659968,36.96428505659968,16.29888801124567,10,4.91645795190676,Moto,Stormy,High,Metropolitian,True,1,1,0,5767.810749711215,5814.775034767815,Nenhuma,1
pedido_5732.610426671338_866,103.1924625520193,68.45414223960046,68.45414223960046,14.163981342626908,15,4.93038382369959,Van,Windy,Low,Metropolitian,False,0,0,0,5732.610426671338,5816.064568910939,Nenhuma,1
pedido_5634.188103854352_803,188.55345101485022,187.27210294405523,172.27210294405523,14.42910387537167,10,4.274695625571117,Scooter,Foggy,High,Metropolitian,False,0,1,0,5634.188103854352,5816.460206798408,Aumento_Velocidade,0
pedido_5699.560122253184_849,127.39112761191271,122.30097690723218,107.30097690723218,4.956077577509712,10,4.646986824574415,Moto,Stormy,Jam,Metropolitian,False,0,1,0,5699.560122253184,5816.861099160416,Aumento_Velocidade,0
pedido_5642.961915485924_809,179.84810447537055,175.05170812666393,160.05170812666393,17.369487993716426,15,4.165693045352275,Moto,Sunny,High,Metropolitian,True,0,1,1,5642.961915485924,5818.013623612587,Aumento_Velocidade,0
pedido_5684.962114017919_836,136.54038071663288,139.15523372888538,124.15523372888538,18.939624140759246,10,4.960516773121195,Moto,Sandstorms,High,Metropolitian,True,0,1,0,5684.962114017919,5819.117347746804,Aumento_Velocidade,0
pedido_5693.1296728820635_844,136.01329863999777,128.88655145735567,113.88655145735567,16.532126208072324,15,4.911571850485112,Moto,Windy,Medium,Metropolitian,False,0,0,0,5693.1296728820635,5822.016224339419,Rota_Reduzida,0
pedido_5703.296942987988_851,133.12357893747864,131.5704723022589,116.5704723022589,15.299766151606349,5,4.754442317882254,Moto,Stormy,Jam,Metropolitian,False,0,1,0,5703.296942987988,5824.867415290247,Aumento_Velocidade,0
pedido_5710.162200735561_853,102.26356884788038,103.0134965664823,103.0134965664823,7.7002148921037,15,4.798596236696019,Moto,Sandstorms,Low,Metropolitian,False,0,0,0,5710.162200735561,5828.175697302043,Nenhuma,1
pedido_5691.643748791528_842,143.73405669143366,151.71528641333833,131.71528641333833,11.458626356265663,5,5.0,Moto,Foggy,Jam,Other,True,0,1,0,5691.643748791528,5828.359035204867,Rota_Reduzida,0
pedido_5647.1730190454655_813,187.5026440308939,186.51549567394375,171.51549567394375,19.960335918085608,10,4.405124556374277,Moto,Stormy,High,Metropolitian,False,0,1,0,5647.1730190454655,5828.688514719409,Aumento_Velocidade,0
pedido_5723.863487584114_859,130.97369178064673,105.29885066480284,90.29885066480284,12.366796807324206,15,4.666247321501784,Scooter,Stormy,High,Metropolitian,True,0,1,0,5723.863487584114,5829.162338248917,Aumento_Velocidade,0
pedido_5730.088084066994_864,136.0826727327518,100.48330660273137,85.48330660273137,11.07028761400843,15,4.488448627600967,Moto,Sandstorms,Medium,Metropolitian,False,0,0,0,5730.088084066994,5830.571390669726,Rota_Reduzida,1
pedido_5741.024426180884_875,109.04725505516431,94.63314336805988,79.63314336805988,14.50277100339991,10,4.933901256692656,Moto,Sunny,Jam,Metropolitian,False,0,1,1,5741.024426180884,5830.657569548944,Aumento_Velocidade,1
pedido_5732.013750092922_865,118.7254839412051,117.07884539071532,97.07884539071532,5.534131536850582,5,4.577614752499513,Scooter,Sandstorms,Jam,Other,False,0,1,0,5732.013750092922,5834.0925954836375,Rota_Reduzida,0
pedido_5747.924152189699_880,104.4071011327104,76.91119498985168,76.91119498985168,16.580996287022966,10,4.8553266310125105,Moto,Stormy,Low,Metropolitian,True,0,0,0,5747.924152189699,5834.835347179551,Nenhuma,1
pedido_5803.311577359757_913,43.76639265828171,23.1431519254441,23.1431519254441,8.314790964674867,10,4.796768525857085,Moto,Foggy,High,Metropolitian,True,1,1,0,5803.311577359757,5836.454729285201,Nenhuma,1
pedido_5802.987011330303_912,44.513197991890365,31.54028476370037,31.54028476370037,5.672086076802976,5,4.557685679908025,Moto,Foggy,High,Metropolitian,False,1,1,0,5802.987011330303,5839.527296094004,Nenhuma,1
pedido_5741.420197636776_876,104.67545086002464,83.72104919773004,83.72104919773004,17.718434529049166,15,4.817630409598591,Moto,Stormy,Low,Other,True,0,0,0,5741.420197636776,5840.141246834506,Nenhuma,1
pedido_5736.357354105985_872,110.8665129399027,99.40214988616059,99.40214988616059,14.568703429357504,5,4.695486567859455,Moto,Foggy,Low,Urban,False,0,0,0,5736.357354105985,5840.759503992145,Nenhuma,1
pedido_5703.219198592985_850,136.7138863789017,123.28255946661761,123.28255946661761,21.08366269647915,15,4.71818169587103,Van,Sandstorms,Medium,Metropolitian,False,0,0,0,5703.219198592985,5841.501758059602,Nenhuma,0
pedido_5715.059527295672_855,133.33356138466675,137.30184183331573,122.30184183331573,16.38540810996871,5,4.852391609113506,Moto,Stormy,Jam,Urban,False,0,1,0,5715.059527295672,5842.3613691289875,Aumento_Velocidade,0
pedido_5723.381526149505_857,127.69544344624555,120.04209688979904,105.04209688979904,5.983603137611806,15,4.778768075370854,Scooter,Sandstorms,Jam,Metropolitian,False,0,1,0,5723.381526149505,5843.4236230393035,Aumento_Velocidade,0
pedido_5733.418810314352_869,129.73245929625585,121.16259591089664,106.16259591089664,13.718874053507585,5,4.639653561295493,Moto,Stormy,High,Metropolitian,False,0,1,0,5733.418810314352,5844.581406225249,Aumento_Velocidade,0
pedido_5744.484522649232_877,98.0380923251672,91.6034217865362,91.6034217865362,0.09320204846875857,10,4.669641753600711,Moto,Sunny,Low,Metropolitian,False,0,0,1,5744.484522649232,5846.087944435768,Nenhuma,1
pedido_5746.434347742006_878,133.6377061471819,102.17400645413758,87.17400645413758,11.8323668235164,15,4.93353474155836,Moto,Windy,Medium,Metropolitian,False,0,0,0,5746.434347742006,5848.608354196143,Rota_Reduzida,1
pedido_5723.402610298103_858,140.20605941230755,126.56767703884205,111.56767703884205,13.805170803898724,15,4.719633193443763,Moto,Sandstorms,Jam,Metropolitian,False,0,1,0,5723.402610298103,5849.970287336945,Aumento_Velocidade,0
pedido_5748.4498113948275_881,123.3944260521985,116.63514571265036,96.63514571265036,4.46791788753359,5,4.584836591760969,Moto,Sandstorms,High,Other,False,0,1,0,5748.4498113948275,5850.084957107478,Rota_Reduzida,0
pedido_5766.482244336135_889,130.12096100425848,89.32763242086494,74.32763242086494,0.0,10,4.7105271404977165,Moto,Windy,High,Metropolitian,True,0,1,0,5766.482244336135,5850.809876757,Aumento_Velocidade,1
pedido_5716.3486398969835_856,132.36481215780856,144.99528452264445,129.99528452264445,3.9812445721008185,5,4.728285965105171,Moto,Sandstorms,High,Metropolitian,False,0,1,0,5716.3486398969835,5851.343924419628,Aumento_Velocidade,0
pedido_5805.411853623121_915,44.288598084530875,36.055176157639664,36.055176157639664,4.90494281145806,10,4.579626983984174,Van,Stormy,High,Urban,False,1,1,0,5805.411853623121,5851.467029780761,Nenhuma,1
pedido_5642.385066347692_807,198.32127965838768,204.85722490654214,204.85722490654214,10.960516540034758,5,4.390743940710602,Van,Stormy,Jam,Metropolitian,True,0,1,0,5642.385066347692,5852.242291254234,Nenhuma,0
pedido_5749.578773391517_882,128.3390491443729,114.03880899679017,99.03880899679017,9.658763451105031,5,4.842728879068873,Moto,Stormy,High,Urban,True,0,1,0,5749.578773391517,5853.617582388307,Aumento_Velocidade,1
pedido_5806.138415769644_916,66.83702778775258,48.56571628663631,33.56571628663631,6.512239785589068,15,4.423262117711424,Scooter,Windy,High,Metropolitian,False,1,1,0,5806.138415769644,5854.70413205628,Aumento_Velocidade,1
pedido_5756.241492816734_885,132.04349019675965,101.16971715900098,86.16971715900098,2.5625081677499932,15,4.831325553209086,Moto,Foggy,High,Metropolitian,True,0,1,0,5756.241492816734,5857.411209975735,Aumento_Velocidade,1
pedido_5725.546601119801_860,134.7366504334015,139.81065814155963,124.81065814155963,7.599878259672661,10,4.879171857292441,Scooter,Sandstorms,Medium,Metropolitian,False,0,0,0,5725.546601119801,5860.357259261361,Rota_Reduzida,0
pedido_5732.656581622117_867,143.5283257557421,129.47282169757196,114.47282169757196,14.203583282166656,15,4.693247606230599,Scooter,Foggy,Medium,Metropolitian,True,0,0,0,5732.656581622117,5862.129403319689,Rota_Reduzida,0
pedido_5763.107943955857_887,132.95731688939796,112.84122315973372,97.84122315973372,7.881292620327345,5,4.757818341948833,Scooter,Foggy,High,Metropolitian,True,0,1,0,5763.107943955857,5865.949167115591,Aumento_Velocidade,1
pedido_5692.448229725333_843,185.79604699912102,184.54353131203243,169.54353131203243,13.302078756995346,5,4.3825331553494395,Scooter,Sandstorms,High,Metropolitian,False,0,1,0,5692.448229725333,5866.991761037365,Aumento_Velocidade,0
pedido_5740.4540847882945_874,132.85906973388387,131.57844537179167,116.57844537179167,15.474547732856447,10,4.582991597091811,Moto,Stormy,Jam,Urban,False,0,1,0,5740.4540847882945,5867.032530160086,Aumento_Velocidade,0
pedido_5758.519550437167_886,134.06516771287323,113.63321202322228,98.63321202322228,3.482677914182356,10,4.727024399801187,Moto,Windy,Medium,Metropolitian,False,0,0,0,5758.519550437167,5867.152762460389,Rota_Reduzida,0
pedido_5737.841045514029_873,140.37077103613896,129.56202344891287,114.56202344891287,16.83952038140459,15,4.852876791082906,Moto,Foggy,High,Urban,False,0,1,0,5737.841045514029,5867.403068962942,Aumento_Velocidade,0
pedido_5755.219146213769_883,136.68736607126397,117.69290126221813,102.69290126221813,20.364991243165996,10,4.9215519549252855,Moto,Sandstorms,High,Metropolitian,True,0,1,0,5755.219146213769,5867.9120474759875,Aumento_Velocidade,0
pedido_5715.035405926092_854,177.17663700399112,153.50333035134992,138.50333035134992,5.69846251194689,15,4.299837982236921,Moto,Stormy,Jam,Metropolitian,False,0,1,0,5715.035405926092,5868.538736277442,Aumento_Velocidade,0
pedido_5763.601602196875_888,132.92179795105696,116.83057072864162,101.83057072864162,6.61211555094572,5,4.691315822356756,Moto,Foggy,High,Metropolitian,False,0,1,0,5763.601602196875,5870.432172925517,Aumento_Velocidade,0
pedido_5690.659420667853_840,187.47995475524644,185.14656752382996,170.14656752382996,17.481060014585356,10,4.295995477160573,Scooter,Foggy,High,Metropolitian,False,0,1,0,5690.659420667853,5870.805988191682,Aumento_Velocidade,0
pedido_5778.662118804933_896,105.24080416200059,103.65280599711896,88.65280599711896,19.754417810453212,10,4.711328660177861,Moto,Sunny,Medium,Metropolitian,False,0,0,1,5778.662118804933,5877.314924802052,Rota_Reduzida,1
pedido_5784.240033083351_900,108.48865340069591,93.70197751045706,78.70197751045706,17.149202608578157,15,4.889201845912986,Moto,Sunny,Jam,Metropolitian,True,0,1,1,5784.240033083351,5877.942010593808,Aumento_Velocidade,1
pedido_5746.488790764363_879,149.560203866275,133.74794412331528,118.74794412331528,13.282817592133386,15,4.875221802038485,Moto,Foggy,Jam,Metropolitian,False,0,1,0,5746.488790764363,5880.236734887679,Aumento_Velocidade,0
pedido_5829.0468683391855_928,46.858572271058485,44.23796172855408,44.23796172855408,15.534700389944144,10,4.769269189381663,Scooter,Sandstorms,High,Metropolitian,False,1,1,0,5829.0468683391855,5883.28483006774,Nenhuma,1
pedido_5813.397037403089_920,59.61577612589486,65.05932316214654,65.05932316214654,14.379974627224112,5,4.437062257717291,Moto,Sandstorms,High,Metropolitian,True,1,1,0,5813.397037403089,5883.456360565236,Nenhuma,1
pedido_5801.22090151243_910,100.37553643719855,82.88221338819275,82.88221338819275,4.531465189111232,5,5.0,Scooter,Stormy,Low,Metropolitian,False,0,0,0,5801.22090151243,5889.103114900623,Nenhuma,1
pedido_5783.041694645264_898,130.2318883716006,110.45997862347556,95.45997862347556,6.787603380259462,15,4.58173552315599,Moto,Foggy,Jam,Metropolitian,False,0,1,0,5783.041694645264,5893.50167326874,Aumento_Velocidade,0
pedido_5835.257884902635_930,47.33613293571226,53.769680484072495,53.769680484072495,15.66015438291597,5,4.967347038673528,Scooter,Windy,High,Metropolitian,False,1,1,0,5835.257884902635,5894.0275653867075,Nenhuma,1
pedido_5775.932150715448_895,141.43097777351645,124.85969409731638,109.85969409731638,10.345179843397823,10,5.0,Scooter,Windy,High,Metropolitian,True,0,1,0,5775.932150715448,5895.791844812765,Aumento_Velocidade,0
pedido_5798.941505932277_907,130.12096100425848,103.84109440134745,88.84109440134745,1.023775451164835,10,4.667875136942446,Moto,Windy,High,Urban,True,0,1,0,5798.941505932277,5897.782600333625,Aumento_Velocidade,1
pedido_5785.750751811164_901,126.74826315390487,122.18393544857851,107.18393544857851,3.7724858975502507,5,4.893237001319934,Scooter,Windy,Jam,Metropolitian,False,0,1,0,5785.750751811164,5897.9346872597425,Aumento_Velocidade,0
pedido_5693.480338293053_845,201.2797775043354,215.27514183438504,200.27514183438504,18.412225280005092,5,4.308477728929523,Scooter,Foggy,Jam,Metropolitian,False,0,1,0,5693.480338293053,5898.755480127438,Aumento_Velocidade,0
pedido_5756.066698376499_884,130.63261946572356,137.7316361750205,137.7316361750205,3.168456585350004,5,4.680805370207633,Van,Sandstorms,High,Metropolitian,True,0,1,0,5756.066698376499,5898.7983345515195,Nenhuma,0
pedido_5801.586665312854_911,129.58531132566569,97.48063050964517,82.48063050964517,10.072069706021818,15,4.942296850122841,Scooter,Stormy,High,Metropolitian,False,0,1,0,5801.586665312854,5899.0672958225,Aumento_Velocidade,1
pedido_5779.516765694144_897,137.5319011526609,121.16272288647747,106.16272288647747,5.3838341858928285,15,5.0,Moto,Sandstorms,High,Metropolitian,False,0,1,0,5779.516765694144,5900.679488580621,Aumento_Velocidade,0
pedido_5735.661383591077_871,178.5575140748236,169.53460582758126,154.53460582758126,6.14043100402192,15,4.4367979173723,Moto,Foggy,High,Metropolitian,False,0,1,0,5735.661383591077,5905.1959894186575,Aumento_Velocidade,0
pedido_5828.725504255055_927,99.34685932270993,88.14260448729777,73.14260448729777,7.602771088003726,15,4.887527269162833,Scooter,Sunny,Jam,Metropolitian,False,0,1,1,5828.725504255055,5916.868108742353,Aumento_Velocidade,1
pedido_5820.305110673619_923,128.06318059579183,109.78012299910624,94.78012299910624,4.901659637170207,5,4.839847418069177,Moto,Stormy,High,Metropolitian,True,0,1,0,5820.305110673619,5920.085233672726,Aumento_Velocidade,1
pedido_5810.0890066775855_918,119.9892134535895,105.01052845463119,105.01052845463119,10.627144527387841,5,4.7996867947781805,Scooter,Sunny,Low,Metropolitian,False,0,0,1,5810.0890066775855,5920.099535132216,Nenhuma,1
pedido_5794.712990118219_905,134.30664649882723,130.44843940481996,115.44843940481996,2.6024493457264897,10,5.0,Moto,Sandstorms,High,Metropolitian,True,0,1,0,5794.712990118219,5920.161429523039,Aumento_Velocidade,0
pedido_5799.467763227229_908,140.0079505435696,123.12237085344807,108.12237085344807,10.456314386337155,15,4.515332523784678,Moto,Foggy,High,Metropolitian,False,0,1,0,5799.467763227229,5922.590134080677,Aumento_Velocidade,0
pedido_5729.807574328254_863,192.09502475498297,198.15924117432272,183.15924117432272,6.677050654622082,10,4.369845373602176,Moto,Sunny,High,Urban,False,0,1,1,5729.807574328254,5922.966815502577,Aumento_Velocidade,0
pedido_5824.598671271965_926,125.63529055879029,104.34371099394525,84.34371099394525,12.090882435647668,15,4.818790881094965,Moto,Sandstorms,High,Other,False,0,1,0,5824.598671271965,5923.94238226591,Rota_Reduzida,1
pedido_5786.423595709116_902,144.18939560541207,144.77436041039914,129.77436041039914,16.4499766634635,10,4.967760294138547,Scooter,Foggy,High,Metropolitian,True,0,1,0,5786.423595709116,5926.197956119515,Aumento_Velocidade,0
pedido_5792.799504534664_904,133.56244620912418,140.44787607828323,125.44787607828323,11.960398428045975,10,4.72920769919513,Moto,Sandstorms,High,Metropolitian,False,0,1,0,5792.799504534664,5928.247380612947,Aumento_Velocidade,0
pedido_5852.113893976799_937,96.62308032462055,66.41005814711914,66.41005814711914,4.965708881557291,10,4.792687197338723,Scooter,Sunny,Low,Metropolitian,True,0,0,1,5852.113893976799,5928.523952123918,Nenhuma,1
pedido_5788.495297270099_903,135.47295818245496,145.7111288537963,130.7111288537963,11.738105812972893,10,4.7751631393872325,Scooter,Stormy,Jam,Metropolitian,False,0,1,0,5788.495297270099,5929.206426123896,Aumento_Velocidade,0
pedido_5815.700977501789_921,134.50424194718346,114.40499995447536,99.40499995447536,13.428878432892661,15,4.8145752097880585,Scooter,Sandstorms,High,Urban,False,0,1,0,5815.700977501789,5930.105977456264,Aumento_Velocidade,0
pedido_5797.225972748334_906,151.73838469932076,146.1899300429852,131.1899300429852,11.398275333576013,5,4.646850342396595,Moto,Foggy,Jam,Metropolitian,False,0,1,0,5797.225972748334,5933.415902791319,Aumento_Velocidade,0
pedido_5810.137457573184_919,127.43887853040428,108.50543279606761,108.50543279606761,5.607650111279291,15,4.753690824703072,Van,Stormy,High,Metropolitian,False,0,1,0,5810.137457573184,5933.642890369252,Nenhuma,0
pedido_5773.016978035924_893,178.32235462636493,173.47437923196475,158.47437923196475,6.585096930784427,5,4.431584023427336,Moto,Foggy,High,Urban,False,0,1,0,5773.016978035924,5936.491357267889,Aumento_Velocidade,0
pedido_5800.420510483569_909,131.95039197429455,126.43955028961946,126.43955028961946,19.782559720304853,10,4.697878224919202,Van,Windy,Medium,Other,True,0,0,0,5800.420510483569,5936.860060773189,Nenhuma,0
pedido_5844.54705232785_932,124.11664274245915,102.46677806499041,87.46677806499041,0.6135451013554842,5,5.0,Moto,Stormy,Jam,Urban,False,0,1,0,5844.54705232785,5937.013830392841,Aumento_Velocidade,1
pedido_5803.527170206131_914,131.40099094289366,147.7691954244112,132.7691954244112,7.349579738738397,5,4.453264450545865,Scooter,Sandstorms,High,Metropolitian,False,0,1,0,5803.527170206131,5941.296365630542,Aumento_Velocidade,0
pedido_5773.494998401189_894,175.1723224021396,173.54150494792964,158.54150494792964,6.046162538026707,10,4.266112552571659,Moto,Windy,Medium,Urban,False,0,0,0,5773.494998401189,5942.036503349119,Rota_Reduzida,0
pedido_5823.499680448028_924,135.08231148926365,125.23175808940073,110.23175808940073,9.615964315149713,15,4.642859011873055,Moto,Windy,Medium,Metropolitian,False,0,0,0,5823.499680448028,5948.731438537428,Rota_Reduzida,0
pedido_5823.6609334991435_925,134.50358565486462,123.42750018258354,123.42750018258354,14.821060138468509,5,4.881325984624555,Van,Sandstorms,High,Metropolitian,True,0,1,0,5823.6609334991435,5952.088433681727,Nenhuma,0
pedido_5820.0250188854125_922,137.37193346031697,132.20670888023028,117.20670888023028,4.948537672121313,15,4.613454940051795,Moto,Windy,Medium,Urban,False,0,0,0,5820.0250188854125,5952.231727765643,Rota_Reduzida,0
pedido_5833.905286474249_929,127.84312972024415,129.0026074664199,114.0026074664199,3.5899144884081036,5,4.700016442738121,Moto,Stormy,High,Urban,True,0,1,0,5833.905286474249,5952.907893940669,Aumento_Velocidade,0
pedido_5843.416074839258_931,112.36431529147616,116.83989542533311,101.83989542533311,14.518991361785295,10,4.523502306112499,Moto,Sunny,Jam,Urban,False,0,1,1,5843.416074839258,5955.255970264591,Aumento_Velocidade,0
pedido_5845.104183055451_933,131.5982592454037,113.52836962105943,98.52836962105943,8.241694360180503,15,4.681582672924737,Moto,Windy,High,Metropolitian,True,0,1,0,5845.104183055451,5958.63255267651,Aumento_Velocidade,0
pedido_5807.143676410217_917,174.54216047880183,152.73652798524438,137.73652798524438,3.8611770577761337,15,4.291229816564774,Moto,Stormy,High,Metropolitian,True,0,1,0,5807.143676410217,5959.880204395462,Aumento_Velocidade,0
pedido_5854.983572611338_939,136.5877098555487,117.8792548919132,102.8792548919132,11.801715460164747,10,4.620335770185228,Moto,Sandstorms,Medium,Metropolitian,False,0,0,0,5854.983572611338,5967.8628275032515,Rota_Reduzida,0
pedido_5772.52577624893_892,199.1313299849765,192.92608502960792,192.92608502960792,13.862349070168445,10,4.434151877055078,Van,Stormy,Jam,Urban,True,0,1,0,5772.52577624893,5975.451861278538,Nenhuma,0
pedido_5856.836200286011_940,142.33666970786874,129.9547855487187,114.95478554871869,10.541108903569814,5,4.83577475035335,Scooter,Foggy,Medium,Metropolitian,True,0,0,0,5856.836200286011,5976.79098583473,Rota_Reduzida,0
pedido_5847.101924163157_935,131.82947686490616,134.81495913270163,119.81495913270163,1.492717676229078,10,4.562963595086948,Moto,Windy,High,Urban,True,0,1,0,5847.101924163157,5976.9168832958585,Aumento_Velocidade,0
pedido_5783.113106281319_899,194.6358287875726,193.59420647209146,193.59420647209146,17.83823360079922,5,4.408073187161902,Van,Windy,Jam,Metropolitian,False,0,1,0,5783.113106281319,5981.70731275341,Nenhuma,0
pedido_5847.587054131915_936,135.09114295860766,119.91886561082765,119.91886561082765,11.19340261343325,15,4.537016635924366,Van,Stormy,Medium,Metropolitian,False,0,0,0,5847.587054131915,5982.505919742742,Nenhuma,0
pedido_5846.275147237826_934,191.03015246279267,189.47182511690087,174.47182511690087,8.286622361613334,15,4.379519754209963,Moto,Sunny,High,Metropolitian,False,0,1,1,5846.275147237826,6035.7469723547265,Aumento_Velocidade,0
pedido_5853.573147818855_938,186.25138831591974,183.01734891917494,168.01734891917494,13.150945618263147,15,4.357857840278691,Moto,Stormy,High,Metropolitian,True,0,1,0,5853.573147818855,6036.59049673803,Aumento_Velocidade,0
pedido_7209.009580266295_6,43.82886189164752,43.190513157343744,43.190513157343744,18.55272005094991,5,4.760791044036575,Moto,Stormy,High,Metropolitian,False,1,1,0,7209.009580266295,7257.200093423639,Nenhuma,1
pedido_7248.337668445767_26,62.53766504090762,20.799019957896164,5.799019957896164,17.66626578405077,15,4.437430252899555,Scooter,Windy,Medium,Metropolitian,False,1,0,0,7248.337668445767,7269.136688403663,Rota_Reduzida,1
pedido_7226.035542210589_14,44.55329358877349,40.11971582070052,40.11971582070052,8.894940561419912,5,4.485969587472981,Moto,Windy,High,Metropolitian,True,1,1,0,7226.035542210589,7271.155258031289,Nenhuma,1
pedido_7200.836079668977_0,104.11305949469573,80.88204193062509,80.88204193062509,14.820549678695595,15,4.828885824028069,Moto,Stormy,Low,Other,True,0,0,0,7200.836079668977,7296.718121599602,Nenhuma,1
pedido_7263.494813835788_33,39.339667306171435,19.012148357835457,19.012148357835457,13.688795671708375,15,4.874188159001892,Moto,Sunny,Medium,Metropolitian,True,1,0,1,7263.494813835788,7297.506962193623,Nenhuma,1
pedido_7247.205195978209_25,49.21056378892525,56.48472192517304,56.48472192517304,0.0,5,5.0,Scooter,Windy,High,Metropolitian,False,1,1,0,7247.205195978209,7308.689917903383,Nenhuma,1
pedido_7232.101003747163_17,101.58218816432631,93.04544354882016,78.04544354882016,1.956904504248215,5,4.542314299105219,Moto,Sunny,High,Metropolitian,False,0,1,1,7232.101003747163,7315.146447295983,Aumento_Velocidade,1
pedido_7204.939955551661_3,131.63377386629992,113.04219725312552,98.04219725312552,6.266162855364938,15,4.734232247416679,Moto,Sandstorms,High,Urban,False,0,1,0,7204.939955551661,7317.982152804787,Aumento_Velocidade,0
pedido_7204.990687071555_4,135.11395135324824,119.57252622120916,104.57252622120916,7.455237052398463,10,5.0,Moto,Windy,High,Metropolitian,False,0,1,0,7204.990687071555,7319.563213292764,Aumento_Velocidade,0
pedido_7206.554944446947_5,130.65170073063328,118.59047588295459,103.59047588295459,5.507643785244928,10,4.5148262078327335,Moto,Sandstorms,High,Metropolitian,False,0,1,0,7206.554944446947,7320.145420329902,Aumento_Velocidade,0
pedido_7216.367865906623_12,118.13726613813355,91.28118360045956,91.28118360045956,17.21390910783212,15,5.0,Moto,Sunny,Low,Metropolitian,True,0,0,1,7216.367865906623,7322.649049507082,Nenhuma,1
pedido_7204.3957459048315_2,134.81107241013814,123.38032268607196,108.38032268607196,17.853320857240092,10,4.535752405210934,Moto,Windy,High,Metropolitian,True,0,1,0,7204.3957459048315,7322.776068590903,Aumento_Velocidade,0
pedido_7244.7037254853685_24,103.81985237156267,89.6213304399685,74.6213304399685,14.31101484435586,5,4.758206105010913,Moto,Sunny,High,Metropolitian,True,0,1,1,7244.7037254853685,7324.325055925337,Aumento_Velocidade,1
pedido_7204.082949321428_1,117.0392149747505,116.20036785224181,116.20036785224181,15.86314238630585,5,5.0,Moto,Sunny,Low,Metropolitian,True,0,0,1,7204.082949321428,7325.283317173669,Nenhuma,0
pedido_7286.961350658373_52,42.79214387486894,37.0527243689859,37.0527243689859,7.291428191236504,5,4.627654431247752,Scooter,Stormy,Medium,Metropolitian,False,1,0,0,7286.961350658373,7329.014075027359,Nenhuma,1
pedido_7216.085710998909_11,128.09910493591923,120.59043743950164,105.59043743950164,4.973962857513589,10,4.838976023806145,Scooter,Foggy,Medium,Urban,True,0,0,0,7216.085710998909,7331.676148438411,Rota_Reduzida,0
pedido_7212.234981044106_10,139.61306227269156,127.25980303144502,112.25980303144502,11.774621703616088,10,4.920682811470659,Moto,Foggy,High,Metropolitian,False,0,1,0,7212.234981044106,7334.49478407555,Aumento_Velocidade,0
pedido_7238.653819620568_20,104.80978324531836,102.90703300402492,87.90703300402492,17.262606018550866,10,4.912911549762699,Moto,Sunny,High,Metropolitian,True,0,1,1,7238.653819620568,7336.560852624593,Aumento_Velocidade,1
pedido_7230.993356927091_16,132.0280916498577,115.61111639651052,100.61111639651052,7.560662807874024,5,4.875045722444044,Scooter,Foggy,High,Metropolitian,False,0,1,0,7230.993356927091,7336.604473323601,Aumento_Velocidade,0
pedido_7211.699736111739_9,131.30903277223456,131.2076243547733,116.20762435477329,8.471263497388241,10,4.7484743980575965,Scooter,Windy,Jam,Metropolitian,True,0,1,0,7211.699736111739,7337.907360466513,Aumento_Velocidade,0
pedido_7244.550715906963_23,99.921307750145,89.66663543544392,89.66663543544392,9.66456699115447,10,4.870425341771593,Scooter,Stormy,Low,Metropolitian,False,0,0,0,7244.550715906963,7344.217351342407,Nenhuma,1
pedido_7227.062982026107_15,135.35623051355597,122.89474802766469,107.89474802766469,19.593013888629216,10,4.847087077638418,Scooter,Sandstorms,High,Metropolitian,False,0,1,0,7227.062982026107,7344.957730053772,Aumento_Velocidade,0
pedido_7209.355260635725_7,129.02217773904545,128.4200935673972,128.4200935673972,5.953149898628129,10,4.805557451046768,Van,Stormy,Jam,Metropolitian,True,0,1,0,7209.355260635725,7347.775354203122,Nenhuma,0
pedido_7211.464086712735_8,152.93264694632018,142.07421738663558,127.07421738663558,16.37464446389271,10,4.5303219753620905,Moto,Foggy,Jam,Metropolitian,False,0,1,0,7211.464086712735,7348.53830409937,Aumento_Velocidade,0
pedido_7220.333256970411_13,143.4271964342765,142.6960188952119,127.69601889521189,17.097590510361243,5,4.517330212181902,Moto,Foggy,Medium,Urban,False,0,0,0,7220.333256970411,7353.029275865622,Rota_Reduzida,0
pedido_7255.5991385534835_29,95.49978798998592,107.46673545699761,92.46673545699761,7.656090119276088,5,4.634246003468003,Scooter,Sunny,High,Metropolitian,False,0,1,1,7255.5991385534835,7353.065874010481,Aumento_Velocidade,1
pedido_7254.184683242417_28,100.9166322091938,94.84906206770448,94.84906206770448,22.497446118112276,5,4.554664109215481,Moto,Sandstorms,Low,Urban,False,0,0,0,7254.184683242417,7354.033745310122,Nenhuma,1
pedido_7240.249793330835_21,132.4741772184434,116.71871203973168,101.71871203973168,5.745483602706918,15,4.724425144672482,Moto,Foggy,High,Metropolitian,True,0,1,0,7240.249793330835,7356.968505370567,Aumento_Velocidade,0
pedido_7251.342174766662_27,124.913073812866,111.6479058340326,96.6479058340326,3.3331235363193237,10,4.640034367235971,Moto,Sandstorms,Jam,Metropolitian,False,0,1,0,7251.342174766662,7357.9900806006945,Aumento_Velocidade,0
pedido_7236.09162852216_19,138.2428898288285,124.09769780372037,109.09769780372037,17.12466434157724,15,4.791485839573439,Moto,Sandstorms,Medium,Urban,False,0,0,0,7236.09162852216,7360.189326325881,Rota_Reduzida,0
pedido_7286.427940669045_50,96.45950862739663,77.8237471055366,62.8237471055366,0.0,15,4.933467974187354,Moto,Sunny,Medium,Metropolitian,False,0,0,1,7286.427940669045,7364.251687774581,Rota_Reduzida,1
pedido_7272.882744529829_39,102.4251194278867,113.00006289064567,98.00006289064567,13.889451715051925,5,4.49568174776081,Moto,Sunny,Medium,Urban,False,0,0,1,7272.882744529829,7375.882807420475,Rota_Reduzida,1
pedido_7267.8549342647775_35,130.2724199799915,118.06427180980864,103.06427180980864,18.682110195108574,5,4.712187265298152,Moto,Stormy,High,Metropolitian,False,0,1,0,7267.8549342647775,7375.919206074586,Aumento_Velocidade,0
pedido_7261.5672461192435_32,134.20702046845372,122.05207451906179,107.05207451906179,15.254948377435142,10,4.704013979903143,Scooter,Sandstorms,High,Metropolitian,False,0,1,0,7261.5672461192435,7378.619320638305,Aumento_Velocidade,0
pedido_7306.408135317623_59,96.47934768657458,82.3225157906958,67.3225157906958,4.807815241552388,5,5.0,Scooter,Sunny,Medium,Metropolitian,False,0,0,1,7306.408135317623,7378.730651108319,Rota_Reduzida,1
pedido_7260.720995799309_31,118.8813167908871,107.05604820952635,107.05604820952635,17.894468920838943,15,4.663364661418101,Scooter,Sunny,Low,Metropolitian,True,0,0,1,7260.720995799309,7382.777044008835,Nenhuma,0
pedido_7265.831996012835_34,128.26009820849742,125.64598439562255,110.64598439562255,8.982078043042282,10,4.944343292249213,Moto,Stormy,High,Metropolitian,False,0,1,0,7265.831996012835,7386.477980408457,Aumento_Velocidade,0
pedido_7243.154534889219_22,138.21874908861633,148.64571340842994,133.64571340842994,19.11385361710535,10,4.786694075703347,Moto,Sandstorms,Medium,Urban,False,0,0,0,7243.154534889219,7386.800248297649,Rota_Reduzida,0
pedido_7272.275254710394_38,124.09546224107763,120.29443569433903,105.29443569433903,3.399909193028609,10,4.59993417590495,Scooter,Stormy,Jam,Urban,True,0,1,0,7272.275254710394,7387.569690404733,Aumento_Velocidade,0
pedido_7269.3630161060655_36,131.7097377594314,129.30153353141318,114.30153353141318,8.923476013214088,5,5.0,Moto,Sandstorms,Jam,Metropolitian,False,0,1,0,7269.3630161060655,7388.664549637479,Aumento_Velocidade,0
pedido_7304.49865724614_58,97.59251631714302,90.97095476877918,75.97095476877918,5.866567808707567,10,4.922932368545172,Scooter,Sunny,High,Urban,False,0,1,1,7304.49865724614,7390.469612014919,Aumento_Velocidade,1
pedido_7232.805246432347_18,188.27131190080917,172.3695666939607,157.3695666939607,11.560668393391198,5,4.4077981858930055,Scooter,Sandstorms,Medium,Metropolitian,False,0,0,0,7232.805246432347,7395.174813126308,Rota_Reduzida,0
pedido_7285.884110014113_48,132.88057937623284,120.63370615619465,105.63370615619465,11.876310190900819,5,5.0,Scooter,Stormy,High,Metropolitian,False,0,1,0,7285.884110014113,7396.517816170307,Aumento_Velocidade,0
pedido_7283.179082602183_46,130.19815261666574,124.84956548071347,109.84956548071347,8.12208352717583,5,4.5805813200459085,Moto,Windy,Jam,Metropolitian,False,0,1,0,7283.179082602183,7398.028648082897,Aumento_Velocidade,0
pedido_7288.192892985358_54,125.07788529270019,121.54335953265378,106.54335953265378,4.091805695941165,5,4.950401992927819,Scooter,Foggy,Medium,Urban,False,0,0,0,7288.192892985358,7399.736252518012,Rota_Reduzida,0
pedido_7287.901434163984_53,131.3972709441369,111.94939193164663,96.94939193164663,9.32964937967321,15,4.928851871247643,Moto,Sandstorms,High,Metropolitian,False,0,1,0,7287.901434163984,7399.8508260956305,Aumento_Velocidade,0
pedido_7272.950242369049_40,134.5280696903116,128.47069287915443,113.47069287915443,12.234421976100776,15,4.5718466312190165,Moto,Stormy,Jam,Metropolitian,False,0,1,0,7272.950242369049,7401.420935248204,Aumento_Velocidade,0
pedido_7307.588394422117_60,130.4816563736236,104.76883050166876,89.76883050166876,0.7244884519996546,5,5.0,Scooter,Stormy,High,Urban,False,0,1,0,7307.588394422117,7402.357224923786,Aumento_Velocidade,1
pedido_7277.978825831479_42,135.56427106444335,124.78019381718354,109.78019381718354,7.759479230703526,15,4.561589794223265,Moto,Windy,Medium,Metropolitian,False,0,0,0,7277.978825831479,7402.759019648663,Rota_Reduzida,0
pedido_7292.386451978885_55,133.34913206797495,123.65636165962846,108.65636165962846,15.56166192340243,5,4.808932940715482,Scooter,Windy,High,Urban,False,0,1,0,7292.386451978885,7406.0428136385135,Aumento_Velocidade,0
pedido_7281.156267557591_44,134.41578154217095,134.2893447516365,119.28934475163649,0.6057328440639163,10,4.624040142853303,Moto,Foggy,High,Metropolitian,False,0,1,0,7281.156267557591,7410.445612309227,Aumento_Velocidade,0
pedido_7304.075984594401_57,131.40379734675707,107.89219280210794,92.89219280210794,7.236878663323921,15,4.8788659651431585,Scooter,Windy,High,Urban,False,0,1,0,7304.075984594401,7411.968177396509,Aumento_Velocidade,0
pedido_7286.517469854617_51,133.12357893747864,129.8503077504041,114.85030775040411,15.037445540141999,15,4.841344604291073,Scooter,Stormy,Jam,Metropolitian,False,0,1,0,7286.517469854617,7416.367777605021,Aumento_Velocidade,0
pedido_7279.985263941246_43,152.02276734278237,141.83467527737218,126.83467527737218,13.142841056474122,10,4.5550268127568625,Moto,Foggy,Jam,Urban,True,0,1,0,7279.985263941246,7416.819939218618,Aumento_Velocidade,0
pedido_7281.307679281657_45,140.3868007376531,131.42825475003121,131.42825475003121,16.53399521053464,5,4.754545805028477,Van,Windy,Jam,Metropolitian,True,0,1,0,7281.307679281657,7417.735934031689,Nenhuma,0
pedido_7324.382363127642_69,102.39379340670354,94.22469630542926,79.22469630542926,12.898095797815797,15,4.950563449656455,Moto,Sunny,High,Metropolitian,False,0,1,1,7324.382363127642,7418.607059433071,Aumento_Velocidade,1
pedido_7299.042398783169_56,132.5890508583103,127.46218027014834,112.46218027014834,15.895836004380817,10,4.617694755503094,Moto,Windy,High,Metropolitian,False,0,1,0,7299.042398783169,7421.504579053318,Aumento_Velocidade,0
pedido_7283.276083813142_47,129.75506292837983,126.11777925141254,126.11777925141254,7.584185735006697,15,4.655927458833463,Van,Foggy,Jam,Metropolitian,False,0,1,0,7283.276083813142,7424.393863064554,Nenhuma,0
pedido_7346.83220710038_74,99.13667189776649,80.61557417033531,65.61557417033531,8.227314882874351,15,4.873288277318301,Moto,Sunny,Jam,Metropolitian,False,0,1,1,7346.83220710038,7427.4477812707155,Aumento_Velocidade,1
pedido_7312.075833273088_64,129.2922408826794,119.79739797279368,104.79739797279368,4.460704386992294,15,4.731569303093923,Moto,Stormy,High,Metropolitian,False,0,1,0,7312.075833273088,7431.873231245882,Aumento_Velocidade,0
pedido_7311.651820700434_63,135.98121817770206,120.94352592947402,105.94352592947402,1.0758364502675688,15,4.775715327681641,Moto,Windy,Medium,Metropolitian,True,0,0,0,7311.651820700434,7432.595346629908,Rota_Reduzida,0
pedido_7274.620447446057_41,170.81038066794721,163.6678218651016,148.6678218651016,0.0,10,4.337200697333999,Scooter,Windy,High,Metropolitian,True,0,1,0,7274.620447446057,7433.288269311159,Aumento_Velocidade,0
pedido_7309.925543697653_62,133.12357893747864,114.8049783879209,114.8049783879209,14.13922965705314,10,4.795001391327141,Van,Stormy,Jam,Metropolitian,False,0,1,0,7309.925543697653,7434.730522085573,Nenhuma,0
pedido_7312.453687609471_65,128.08229272549468,123.72245458349437,108.72245458349437,5.249694417490685,15,4.526622107660661,Moto,Windy,High,Urban,False,0,1,0,7312.453687609471,7436.176142192965,Aumento_Velocidade,0
pedido_7317.713023141927_67,137.70369447905006,122.03464822676094,107.03464822676094,18.793017988068623,15,4.553800173520735,Moto,Sandstorms,Medium,Urban,True,0,0,0,7317.713023141927,7439.747671368687,Rota_Reduzida,0
pedido_7286.093502724459_49,151.2686180026392,159.12758405398392,144.12758405398392,11.389061079765519,10,4.934511014764707,Moto,Foggy,Jam,Metropolitian,True,0,1,0,7286.093502724459,7440.221086778442,Aumento_Velocidade,0
pedido_7354.017124294565_81,100.55931757234943,78.15802118972786,78.15802118972786,4.099010785244184,15,5.0,Moto,Stormy,Low,Semi-Urban,False,0,0,0,7354.017124294565,7447.175145484293,Nenhuma,1
pedido_7271.3211577855145_37,169.2442069836386,160.8958757404845,160.8958757404845,12.905211851058494,15,4.341366835885241,Scooter,Foggy,Low,Other,False,0,0,0,7271.3211577855145,7447.217033525999,Nenhuma,0
pedido_7330.821988761471_71,142.4903829005456,118.52649889728241,103.52649889728241,12.877378199872295,15,4.641016065771023,Moto,Foggy,High,Metropolitian,False,0,1,0,7330.821988761471,7449.348487658754,Aumento_Velocidade,0
pedido_7353.131858927283_80,98.92774200571708,81.53434468716829,81.53434468716829,7.719086653735365,15,5.0,Scooter,Foggy,Low,Urban,False,0,0,0,7353.131858927283,7449.666203614452,Nenhuma,1
pedido_7423.313294084715_115,45.07910023698427,17.0376095062951,17.0376095062951,13.862491121763519,10,4.750569808561071,Scooter,Stormy,Medium,Metropolitian,False,1,0,0,7423.313294084715,7450.35090359101,Nenhuma,1
pedido_7309.287530294979_61,144.3755487351001,131.28258278017648,131.28258278017648,16.064746211896534,15,4.466552619368463,Van,Foggy,High,Urban,True,0,1,0,7309.287530294979,7455.570113075155,Nenhuma,0
pedido_7377.899960875154_89,100.19645470227603,80.12545168958823,65.12545168958823,6.026284120346166,15,4.720424471243707,Scooter,Sunny,Jam,Metropolitian,True,0,1,1,7377.899960875154,7458.025412564742,Aumento_Velocidade,1
pedido_7259.826261971927_30,183.9007226907374,197.2429335807995,197.2429335807995,17.17958047162236,5,4.343574657739798,Van,Sandstorms,High,Metropolitian,False,0,1,0,7259.826261971927,7462.069195552726,Nenhuma,0
pedido_7325.886435157542_70,139.97924802036408,142.186175430799,127.18617543079901,16.351579040599983,10,5.0,Moto,Stormy,Jam,Metropolitian,True,0,1,0,7325.886435157542,7463.072610588341,Aumento_Velocidade,0
pedido_7323.855679849751_68,137.90281395588264,149.75830973569802,134.75830973569802,21.792205050044398,5,4.903541056971243,Moto,Stormy,Medium,Urban,False,0,0,0,7323.855679849751,7463.613989585449,Rota_Reduzida,0
pedido_7363.188599944417_82,129.82934646697697,104.19759520278993,89.19759520278993,16.986495626894776,15,4.581726358172657,Moto,Stormy,High,Metropolitian,False,0,1,0,7363.188599944417,7467.386195147206,Aumento_Velocidade,1
pedido_7351.0352506676045_77,135.15115569448184,128.85091244737984,113.85091244737984,4.1187182490292935,5,4.574752817801939,Scooter,Windy,Medium,Metropolitian,True,0,0,0,7351.0352506676045,7469.886163114984,Rota_Reduzida,0
pedido_7363.911243576708_83,133.79104047427344,117.11940604431057,102.11940604431057,5.5286641069998845,5,4.78018250804282,Scooter,Foggy,High,Metropolitian,False,0,1,0,7363.911243576708,7471.030649621019,Aumento_Velocidade,0
pedido_7368.584170161951_85,134.64698554925323,104.89920915042805,89.89920915042805,12.758736837652009,15,4.552480635094718,Scooter,Stormy,Jam,Urban,False,0,1,0,7368.584170161951,7473.483379312379,Aumento_Velocidade,1
pedido_7345.720425223664_73,135.0095698822,133.19469719372506,118.19469719372506,13.469908562705214,10,5.0,Moto,Sandstorms,High,Metropolitian,False,0,1,0,7345.720425223664,7473.915122417389,Aumento_Velocidade,0
pedido_7342.729081636431_72,129.42766501532498,143.51837075966563,128.51837075966563,2.4830808692775195,5,4.673313837842034,Moto,Stormy,High,Metropolitian,False,0,1,0,7342.729081636431,7476.247452396096,Aumento_Velocidade,0
pedido_7347.923124149233_75,135.04208783202841,137.10655651631598,122.10655651631598,11.895728279519311,10,4.712346722978918,Moto,Stormy,Jam,Metropolitian,False,0,1,0,7347.923124149233,7480.02968066555,Aumento_Velocidade,0
pedido_7352.968975380242_79,131.21559757745345,133.19263493856317,118.19263493856317,4.391210013685424,10,5.0,Scooter,Stormy,High,Metropolitian,False,0,1,0,7352.968975380242,7481.161610318805,Aumento_Velocidade,0
pedido_7349.602657382275_76,135.6708755779202,132.05879340058578,117.05879340058578,17.116837312190583,15,4.574193974548556,Moto,Windy,Jam,Metropolitian,False,0,1,0,7349.602657382275,7481.661450782861,Aumento_Velocidade,0
pedido_7352.914807589565_78,133.12374154855567,139.92300867263776,124.92300867263776,16.59163413483312,10,4.553845885690952,Moto,Stormy,Jam,Metropolitian,False,0,1,0,7352.914807589565,7487.837816262202,Aumento_Velocidade,0
pedido_7375.872875807625_88,138.2428898288285,126.72017569684633,111.72017569684633,17.89438397383239,5,4.78371657177768,Moto,Sandstorms,Medium,Metropolitian,False,0,0,0,7375.872875807625,7492.593051504471,Rota_Reduzida,0
pedido_7382.41408633772_90,128.81443924462351,121.1811100123791,106.1811100123791,4.746494175735288,5,4.599548746180356,Scooter,Windy,High,Metropolitian,True,0,1,0,7382.41408633772,7493.595196350098,Aumento_Velocidade,0
pedido_7401.404898029463_98,101.84043561517271,104.77994448659999,89.77994448659999,15.635526797210549,5,4.755478599163361,Scooter,Sunny,High,Metropolitian,False,0,1,1,7401.404898029463,7496.184842516062,Aumento_Velocidade,1
pedido_7384.966512225083_91,127.50871515206823,111.52191205687126,96.52191205687126,0.9863836252645486,15,4.61886174663149,Moto,Windy,Jam,Metropolitian,False,0,1,0,7384.966512225083,7496.4884242819535,Aumento_Velocidade,0
pedido_7427.517734131146_120,97.49009431361574,75.99640567263324,60.996405672633244,3.8670307131446577,10,4.673079219708484,Moto,Sunny,High,Urban,False,0,1,1,7427.517734131146,7498.5141398037795,Aumento_Velocidade,1
pedido_7367.8358726205415_84,168.68287515884194,132.57783856096233,117.57783856096233,1.0849823833859746,15,4.293287724052113,Moto,Stormy,High,Metropolitian,False,0,1,0,7367.8358726205415,7500.4137111815035,Aumento_Velocidade,0
pedido_7393.233106419807_94,132.00271944808503,117.22815618660924,102.22815618660924,2.0030695718322877,5,4.570422634618767,Moto,Sandstorms,High,Urban,False,0,1,0,7393.233106419807,7500.461262606416,Aumento_Velocidade,0
pedido_7368.775983461209_86,137.98688427404485,132.36218476968074,117.36218476968074,11.64781465959004,15,4.800464235612516,Scooter,Sandstorms,Medium,Metropolitian,True,0,0,0,7368.775983461209,7501.138168230889,Rota_Reduzida,0
pedido_7412.942238753316_106,96.19498745517116,79.73878863743647,79.73878863743647,3.2292207437755316,10,4.620200879218593,Moto,Sunny,Low,Metropolitian,False,0,0,1,7412.942238753316,7502.681027390752,Nenhuma,1
pedido_7403.4234207420195_99,102.76360943916951,94.86643251898862,94.86643251898862,7.732824503245634,5,4.591917921658193,Scooter,Stormy,Low,Metropolitian,False,0,0,0,7403.4234207420195,7503.289853261008,Nenhuma,1
pedido_7314.272802507843_66,194.043361394242,195.02312054004452,180.02312054004452,5.834798771319939,10,4.434425397631127,Moto,Sunny,High,Urban,False,0,1,1,7314.272802507843,7504.295923047887,Aumento_Velocidade,0
pedido_7421.179192495343_112,99.21460501885294,84.04944331257789,69.04944331257789,3.957371656234992,15,4.915047904442766,Scooter,Sunny,High,Metropolitian,True,0,1,1,7421.179192495343,7505.228635807921,Aumento_Velocidade,1
pedido_7373.2570269270545_87,154.682875167996,132.48904989544138,117.48904989544138,12.471176717653961,15,4.497007997588169,Moto,Foggy,Jam,Metropolitian,False,0,1,0,7373.2570269270545,7505.7460768224955,Aumento_Velocidade,0
pedido_7394.611411257616_95,132.71950295366054,122.62402119105937,107.62402119105937,3.957919853414195,5,4.819077812767197,Moto,Foggy,High,Metropolitian,True,0,1,0,7394.611411257616,7507.235432448675,Aumento_Velocidade,0
pedido_7385.678369093073_92,149.3213504817225,133.31228434681967,118.31228434681967,17.015944703926753,5,4.889109370224021,Scooter,Foggy,Jam,Metropolitian,False,0,1,0,7385.678369093073,7508.990653439893,Aumento_Velocidade,0
pedido_7396.836605172237_96,129.40212335353058,117.52337659072163,102.52337659072163,13.902549400981329,10,4.689873000075311,Moto,Stormy,High,Urban,False,0,1,0,7396.836605172237,7509.359981762958,Aumento_Velocidade,0
pedido_7420.294534792921_111,136.495532914919,102.77178033957898,87.77178033957898,14.564284188658023,5,4.732607080012947,Moto,Sandstorms,Medium,Urban,False,0,0,0,7420.294534792921,7513.0663151325,Rota_Reduzida,1
pedido_7417.538455812938_108,101.80498626948251,101.05856019323141,86.05856019323141,10.582071689985101,10,4.581304369112453,Moto,Sunny,High,Metropolitian,False,0,1,1,7417.538455812938,7513.59701600617,Aumento_Velocidade,1
pedido_7425.202638216724_117,110.05350976389829,98.51619665794011,83.51619665794011,15.09427549159822,5,4.688271989810377,Scooter,Sunny,Jam,Metropolitian,False,0,1,1,7425.202638216724,7513.718834874664,Aumento_Velocidade,1
pedido_7419.916901330291_110,99.27905819169862,106.75440944968811,91.75440944968811,6.57683072380222,5,4.757059179950581,Moto,Sunny,Jam,Metropolitian,False,0,1,1,7419.916901330291,7516.671310779979,Aumento_Velocidade,1
pedido_7403.847112248465_100,128.53879175017417,113.08578956729824,98.08578956729824,6.998045137489445,15,4.583228658759461,Scooter,Windy,Jam,Metropolitian,False,0,1,0,7403.847112248465,7516.932901815763,Aumento_Velocidade,0
pedido_7421.429864076596_113,127.4117464960537,106.54682700779591,91.54682700779591,7.240868193534203,5,4.803369888907633,Moto,Stormy,Jam,Metropolitian,False,0,1,0,7421.429864076596,7517.976691084392,Aumento_Velocidade,1
pedido_7391.810733083225_93,132.83225952499396,121.78514365016501,121.78514365016501,6.6141575009081786,5,4.7993945608913835,Van,Foggy,High,Urban,False,0,1,0,7391.810733083225,7518.5958767333905,Nenhuma,0
pedido_7410.85164099361_104,105.7961649458562,93.61221700704593,93.61221700704593,18.021621058817423,15,4.676808148042885,Scooter,Stormy,Low,Metropolitian,True,0,0,0,7410.85164099361,7519.463858000656,Nenhuma,1
pedido_7427.26078783863_119,111.06638387048919,93.782418741054,78.782418741054,13.199718004232393,15,4.642580175849191,Moto,Sunny,Jam,Metropolitian,False,0,1,1,7427.26078783863,7521.043206579684,Aumento_Velocidade,1
pedido_7445.524499909272_136,100.71921001565397,82.81151487853057,67.81151487853057,9.47085304364121,10,4.8388014686979,Moto,Sunny,Jam,Metropolitian,False,0,1,1,7445.524499909272,7523.336014787803,Aumento_Velocidade,1
pedido_7415.642540282578_107,132.94277536605009,114.46663185094295,99.46663185094295,16.014477789330375,10,4.838049170158181,Moto,Stormy,Jam,Metropolitian,False,0,1,0,7415.642540282578,7525.109172133521,Aumento_Velocidade,0
pedido_7442.445078377299_133,101.65845697273576,84.6599944724091,69.6599944724091,13.425201759876254,15,4.906325302130436,Moto,Sunny,High,Metropolitian,False,0,1,1,7442.445078377299,7527.105072849708,Aumento_Velocidade,1
pedido_7440.307389123481_130,95.86193917624409,72.019650625319,72.019650625319,1.3231890076531396,15,4.571587348037277,Van,Sunny,High,Metropolitian,False,0,1,1,7440.307389123481,7527.3270397487995,Nenhuma,1
pedido_7406.478321752224_102,129.55244079752546,116.06001706509737,116.06001706509737,6.499965371761359,5,5.0,Van,Stormy,Jam,Metropolitian,False,0,1,0,7406.478321752224,7527.538338817321,Nenhuma,0
pedido_7432.558203235248_125,130.14159717784216,105.70299435251798,90.70299435251798,0.2772440923933548,5,4.655808939296525,Moto,Sandstorms,Medium,Metropolitian,False,0,0,0,7432.558203235248,7528.261197587765,Rota_Reduzida,1
pedido_7406.919618509636_103,138.2917153198102,126.76534380203904,111.76534380203904,22.280184150887123,10,4.755411009229448,Moto,Stormy,Jam,Metropolitian,True,0,1,0,7406.919618509636,7528.684962311675,Aumento_Velocidade,0
pedido_7424.295448402635_116,126.73970209046402,110.61949067420046,95.61949067420046,6.233322597758743,10,5.0,Moto,Foggy,Medium,Metropolitian,False,0,0,0,7424.295448402635,7529.914939076835,Rota_Reduzida,0
pedido_7450.038911048847_140,102.00599211693107,93.39272212968717,78.39272212968717,10.993803288560503,5,4.643057768811245,Moto,Sunny,High,Urban,False,0,1,1,7450.038911048847,7533.431633178534,Aumento_Velocidade,1
pedido_7418.702806021407_109,125.05982079998284,122.13445377049777,107.13445377049777,8.885858261673167,10,4.4631414839008166,Moto,Foggy,Medium,Metropolitian,True,0,0,0,7418.702806021407,7535.837259791905,Rota_Reduzida,0
pedido_7411.116257142927_105,133.3851175247344,130.8375514298086,115.8375514298086,6.323402720728066,10,5.0,Moto,Windy,Jam,Metropolitian,False,0,1,0,7411.116257142927,7536.953808572735,Aumento_Velocidade,0
pedido_7440.4308895402255_131,99.62808302081272,87.15178082633383,87.15178082633383,6.341610400171293,10,4.906176774158337,Van,Sunny,Jam,Metropolitian,False,0,1,1,7440.4308895402255,7537.582670366559,Nenhuma,1
pedido_7460.838983907422_148,103.18714599631063,76.92059324784333,61.92059324784333,18.457460132735868,15,4.49015488737499,Scooter,Sunny,Medium,Metropolitian,False,0,0,1,7460.838983907422,7537.759577155265,Rota_Reduzida,1
pedido_7400.942405682573_97,143.68780309353846,147.76151467146823,132.76151467146823,15.098389373103194,5,4.758614203060174,Scooter,Foggy,Medium,Urban,True,0,0,0,7400.942405682573,7538.703920354041,Rota_Reduzida,0
pedido_7427.021116176189_118,130.44988961041798,117.4832263881828,102.4832263881828,15.033915407809289,10,4.4931700220056205,Scooter,Stormy,High,Metropolitian,False,0,1,0,7427.021116176189,7539.504342564372,Aumento_Velocidade,0
pedido_7432.454415136088_124,133.84444198160432,117.49890344575766,102.49890344575766,13.159305804874588,10,4.70304557731514,Moto,Windy,High,Metropolitian,False,0,1,0,7432.454415136088,7544.953318581845,Aumento_Velocidade,0
pedido_7447.837700847661_137,131.31007929737657,107.22929540171674,92.22929540171674,8.926121056592693,5,4.769210015061327,Moto,Sandstorms,High,Metropolitian,False,0,1,0,7447.837700847661,7545.066996249378,Aumento_Velocidade,1
pedido_7405.795811044151_101,170.40745033340792,149.45565720394535,129.45565720394535,2.8795675171258934,10,4.3751490247228615,Moto,Windy,Jam,Other,False,0,1,0,7405.795811044151,7545.251468248097,Rota_Reduzida,0
pedido_7435.555941271298_126,128.1514454261406,120.62155627416688,105.62155627416688,5.419492424342657,5,4.7870650841427835,Scooter,Foggy,Medium,Metropolitian,False,0,0,0,7435.555941271298,7546.1774975454655,Rota_Reduzida,0
pedido_7502.084630720567_168,42.811854693029765,40.276322816126836,40.276322816126836,8.323044303759215,5,4.975190668880424,Moto,Foggy,High,Urban,True,1,1,0,7502.084630720567,7547.360953536693,Nenhuma,1
pedido_7430.963143425699_123,134.12547944357516,121.7407270968259,106.7407270968259,4.823672198564895,10,4.720619752326739,Scooter,Foggy,High,Metropolitian,False,0,1,0,7430.963143425699,7547.703870522525,Aumento_Velocidade,0
pedido_7459.005205264757_146,126.61358710022348,101.05694436312895,81.05694436312895,5.453124307521389,10,5.0,Moto,Sandstorms,High,Other,False,0,1,0,7459.005205264757,7550.062149627886,Rota_Reduzida,1
pedido_7422.039333222836_114,118.39112075412987,124.36934704725005,124.36934704725005,13.561493245679687,5,4.631004969313832,Moto,Sunny,Low,Metropolitian,True,0,0,1,7422.039333222836,7551.408680270086,Nenhuma,0
pedido_7506.747047771433_172,45.351024550218156,40.150985676546995,40.150985676546995,13.685311750898265,5,4.851534267022073,Scooter,Foggy,High,Urban,False,1,1,0,7506.747047771433,7551.89803344798,Nenhuma,1
pedido_7436.69592847858_127,132.1608583682603,116.51919412573599,101.51919412573599,8.273783318283254,15,4.478698197995163,Scooter,Sandstorms,High,Metropolitian,True,0,1,0,7436.69592847858,7553.215122604316,Aumento_Velocidade,0
pedido_7459.361806220123_147,131.68252913169783,101.98040001273769,86.98040001273769,3.3763752675592844,10,4.618102474608445,Moto,Windy,High,Metropolitian,False,0,1,0,7459.361806220123,7556.342206232861,Aumento_Velocidade,1
pedido_7448.599833897246_138,134.46303991262653,113.48860575371856,98.48860575371856,16.80252518330834,10,4.910414704577215,Scooter,Sandstorms,High,Metropolitian,False,0,1,0,7448.599833897246,7557.088439650965,Aumento_Velocidade,0
pedido_7464.111460180052_149,104.82613000915951,105.52797425206718,90.52797425206718,12.592657981857663,5,5.0,Moto,Sunny,Medium,Metropolitian,True,0,0,1,7464.111460180052,7559.639434432119,Rota_Reduzida,1
pedido_7442.165010929705_132,132.95731688939796,117.54669380974568,102.54669380974568,8.920839931789626,15,4.806156894283688,Moto,Foggy,High,Urban,True,0,1,0,7442.165010929705,7559.711704739451,Aumento_Velocidade,0
pedido_7521.91166365549_183,46.25907197862477,32.852368834413156,32.852368834413156,9.625486452436611,5,4.903199463155711,Moto,Foggy,Jam,Metropolitian,False,1,1,0,7521.91166365549,7559.764032489903,Nenhuma,1
pedido_7438.768198397667_129,131.58127904916572,128.03178759883363,113.03178759883363,7.131411397005481,10,5.0,Moto,Sandstorms,Medium,Other,False,0,0,0,7438.768198397667,7561.799985996501,Rota_Reduzida,0
pedido_7445.138628525996_135,126.86541865107041,122.29979071721621,107.29979071721621,6.230960732337683,10,4.684304721838378,Moto,Stormy,High,Urban,True,0,1,0,7445.138628525996,7562.438419243213,Aumento_Velocidade,0
pedido_7438.739496259879_128,111.85318955686847,114.12383533680557,114.12383533680557,12.1974413924029,10,4.48554870899482,Van,Sunny,Jam,Metropolitian,False,0,1,1,7438.739496259879,7562.8633315966845,Nenhuma,0
pedido_7477.436682150416_155,94.98859749962307,83.08172777257326,83.08172777257326,3.376519462571456,5,4.98924476029753,Moto,Sunny,Low,Urban,False,0,0,1,7477.436682150416,7565.51840992299,Nenhuma,1
pedido_7427.890127799243_121,142.15103644375816,151.55757317526152,136.55757317526152,18.770683352863966,5,4.635416246419625,Scooter,Foggy,High,Metropolitian,False,0,1,0,7427.890127799243,7569.447700974504,Aumento_Velocidade,0
pedido_7455.042542142102_143,129.36101408685738,119.81271442045951,104.81271442045951,14.46780242000843,15,4.687577230964259,Scooter,Stormy,High,Metropolitian,False,0,1,0,7455.042542142102,7574.855256562561,Aumento_Velocidade,0
pedido_7449.634992211599_139,141.67941332302524,138.09293471186575,123.09293471186575,14.85269314373291,5,4.457801191618204,Scooter,Foggy,Medium,Metropolitian,False,0,0,0,7449.634992211599,7577.727926923464,Rota_Reduzida,0
pedido_7453.788465759698_142,134.67909238233042,129.0095369947648,114.0095369947648,11.162376267391481,10,4.864137562197543,Scooter,Stormy,Medium,Metropolitian,True,0,0,0,7453.788465759698,7577.798002754463,Rota_Reduzida,0
pedido_7456.203406585182_144,129.14836907580207,122.04866346457169,107.04866346457169,9.603631960506174,15,4.745599442673781,Moto,Foggy,Medium,Metropolitian,False,0,0,0,7456.203406585182,7578.2520700497535,Rota_Reduzida,0
pedido_7471.26900712348_154,131.78556308155098,107.3395616025595,92.3395616025595,3.0493365236863244,15,4.873965383306286,Moto,Sandstorms,Medium,Metropolitian,True,0,0,0,7471.26900712348,7578.608568726039,Rota_Reduzida,0
pedido_7457.922280223455_145,137.79256274937245,121.49773108842237,106.49773108842237,6.103957434331359,15,5.0,Scooter,Windy,Medium,Metropolitian,False,0,0,0,7457.922280223455,7579.420011311878,Rota_Reduzida,0
pedido_7465.929415237366_151,145.09358663852905,129.60710148672487,114.60710148672487,17.654428110942433,5,5.0,Scooter,Foggy,High,Metropolitian,True,0,1,0,7465.929415237366,7585.536516724091,Aumento_Velocidade,0
pedido_7468.708806905888_152,132.5868062806119,123.83830184843404,108.83830184843404,6.01887350439005,10,4.676718526814082,Moto,Foggy,High,Metropolitian,True,0,1,0,7468.708806905888,7587.547108754322,Aumento_Velocidade,0
pedido_7499.165315622865_167,129.12922771846388,94.9935445459048,79.9935445459048,16.70197525420952,10,4.741653514910805,Moto,Stormy,High,Metropolitian,False,0,1,0,7499.165315622865,7589.15886016877,Aumento_Velocidade,1
pedido_7478.810367985888_156,131.9012147297906,111.87403821734587,96.87403821734587,3.6102061089752446,15,4.749955722906954,Moto,Windy,High,Metropolitian,False,0,1,0,7478.810367985888,7590.684406203233,Aumento_Velocidade,0
pedido_7481.154219690468_158,135.9931238659827,116.35700072760703,101.35700072760703,4.860449681703232,10,4.466940766126822,Moto,Sandstorms,Medium,Urban,True,0,0,0,7481.154219690468,7592.511220418075,Rota_Reduzida,0
pedido_7429.13803220747_122,171.71564594073385,176.14286117376093,161.14286117376093,0.0,5,4.427329685063384,Moto,Foggy,High,Metropolitian,False,0,1,0,7429.13803220747,7595.280893381231,Aumento_Velocidade,0
pedido_7445.132349762208_134,171.48449799392526,160.44750891364302,145.44750891364302,8.221573054832485,5,4.440185841957528,Scooter,Windy,Medium,Metropolitian,True,0,0,0,7445.132349762208,7595.579858675851,Rota_Reduzida,0
pedido_7515.4137452272125_179,95.5788166304276,85.37130452426396,70.37130452426396,6.517143424286342,10,4.637252621361783,Moto,Sunny,High,Metropolitian,False,0,1,1,7515.4137452272125,7595.785049751476,Aumento_Velocidade,1
pedido_7489.930800264943_161,128.5701615747001,111.49646117922154,96.49646117922154,6.264447604843754,10,4.755457035515526,Moto,Stormy,High,Metropolitian,False,0,1,0,7489.930800264943,7596.427261444164,Aumento_Velocidade,0
pedido_7555.812120412458_197,36.05173579741096,30.832741933898156,30.832741933898156,1.6839705864712773,10,4.555606917538206,Moto,Stormy,Low,Metropolitian,True,1,0,0,7555.812120412458,7596.644862346357,Nenhuma,1
pedido_7465.530377520154_150,151.68347985628,126.68160796066206,126.68160796066206,10.038783440454683,5,4.122198965541107,Scooter,Sandstorms,Low,Other,False,0,0,0,7465.530377520154,7597.211985480816,Nenhuma,0
pedido_7470.172685969865_153,133.0339255837259,132.20563955470578,117.20563955470578,8.100921105275333,10,4.791369387552727,Scooter,Windy,High,Urban,False,0,1,0,7470.172685969865,7597.378325524571,Aumento_Velocidade,0
pedido_7513.344468072904_177,132.5508659775986,98.3556537549677,83.3556537549677,3.769553498650261,10,4.838012119009627,Moto,Stormy,Medium,Metropolitian,False,0,0,0,7513.344468072904,7606.700121827872,Rota_Reduzida,1
pedido_7480.469614931868_157,142.399854513784,131.65309734399807,116.65309734399807,14.868409971750843,10,4.550682726324541,Scooter,Foggy,Medium,Metropolitian,False,0,0,0,7480.469614931868,7607.122712275866,Rota_Reduzida,0
pedido_7520.522374896732_182,98.61409883921586,79.53191252612709,79.53191252612709,8.073144144424042,10,4.791545411052543,Van,Sunny,Jam,Metropolitian,False,0,1,1,7520.522374896732,7610.054287422859,Nenhuma,1
pedido_7488.772800233273_160,129.01666075656678,122.91478508884887,107.91478508884887,3.6321063151832793,15,4.532188036447108,Scooter,Windy,High,Urban,False,0,1,0,7488.772800233273,7611.687585322122,Aumento_Velocidade,0
pedido_7508.629646132898_176,127.58910403043068,113.702142314806,98.702142314806,6.884005279406824,5,4.8628084708017445,Moto,Sandstorms,Jam,Urban,False,0,1,0,7508.629646132898,7612.331788447705,Aumento_Velocidade,1
pedido_7539.046335896997_187,94.83795869279585,85.8321063829962,70.8321063829962,8.582494932947698,10,4.637936344650362,Scooter,Sunny,Medium,Urban,False,0,0,1,7539.046335896997,7619.878442279994,Rota_Reduzida,1
pedido_7508.515643461276_175,130.07549573680848,115.50001017602514,100.50001017602514,7.618758610602417,15,4.780114726016101,Scooter,Sandstorms,High,Metropolitian,True,0,1,0,7508.515643461276,7624.0156536373015,Aumento_Velocidade,0
pedido_7494.80961919873_165,122.73902877897132,119.82970640836183,119.82970640836183,1.6563809082684395,10,4.508529762778906,Van,Sandstorms,Jam,Urban,False,0,1,0,7494.80961919873,7624.639325607091,Nenhuma,0
pedido_7506.92591305222_173,130.07391154917005,122.89992481896195,107.89992481896195,1.1055806834201247,15,4.839736460132925,Moto,Sandstorms,High,Metropolitian,True,0,1,0,7506.92591305222,7629.825837871182,Aumento_Velocidade,0
pedido_7514.183965255736_178,134.30664649882723,122.41542036533605,107.41542036533605,2.6618736867891113,10,5.0,Scooter,Sandstorms,High,Metropolitian,True,0,1,0,7514.183965255736,7631.5993856210725,Aumento_Velocidade,0
pedido_7503.966538320122_171,131.03979234049356,128.78949536251244,113.78949536251244,5.228416387812774,15,4.6568801577007,Moto,Windy,High,Urban,False,0,1,0,7503.966538320122,7632.756033682635,Aumento_Velocidade,0
pedido_7516.5304428597265_180,138.0427651894594,127.66426310956865,112.66426310956865,10.228404279597541,5,5.0,Scooter,Sandstorms,Medium,Urban,True,0,0,0,7516.5304428597265,7634.194705969295,Rota_Reduzida,0
pedido_7490.282725582929_162,147.1539921684586,142.5513613246061,142.5513613246061,3.245538080729392,5,4.258644009797577,Scooter,Sunny,Low,Urban,True,0,0,1,7490.282725582929,7637.834086907535,Nenhuma,0
pedido_7503.824732525784_170,152.93264694632018,141.74634861944583,126.74634861944583,15.466902278385495,10,4.461610620592125,Scooter,Foggy,Jam,Metropolitian,False,0,1,0,7503.824732525784,7640.57108114523,Aumento_Velocidade,0
pedido_7502.801634053247_169,139.81822587391676,132.89634477945972,132.89634477945972,14.90104611411723,5,4.588712761552066,Van,Windy,Jam,Urban,True,0,1,0,7502.801634053247,7640.697978832706,Nenhuma,0
pedido_7452.133985370024_141,203.03391459938226,193.04170924629142,178.04170924629142,13.1032017063517,15,4.355651681700266,Moto,Foggy,Jam,Metropolitian,False,0,1,0,7452.133985370024,7645.175694616315,Aumento_Velocidade,0
pedido_7535.725278678225_186,134.52457831880213,111.12127526796773,96.12127526796773,16.3824646541092,15,4.786112425198948,Moto,Sandstorms,High,Urban,False,0,1,0,7535.725278678225,7646.846553946192,Aumento_Velocidade,0
pedido_7482.800690586287_159,169.2114635949747,166.65704198619198,151.65704198619198,15.187126045753615,15,4.430282315874327,Moto,Sunny,Medium,Metropolitian,False,0,0,1,7482.800690586287,7649.457732572479,Rota_Reduzida,0
pedido_7492.960806899757_163,159.70288231690282,143.08431270774008,143.08431270774008,17.58856160488991,15,4.39957181521898,Moto,Stormy,Low,Metropolitian,False,0,0,0,7492.960806899757,7651.045119607497,Nenhuma,0
pedido_7494.000213144699_164,174.7817227802059,162.07038732078195,147.07038732078195,7.738986574900547,10,4.3708294673735475,Moto,Windy,High,Metropolitian,False,0,1,0,7494.000213144699,7651.070600465481,Aumento_Velocidade,0
pedido_7533.433202919061_185,132.65488063328652,123.52425022383389,108.52425022383389,4.372116019502895,10,4.9000553812786745,Moto,Sandstorms,High,Metropolitian,False,0,1,0,7533.433202919061,7651.957453142895,Aumento_Velocidade,0
pedido_7570.209792349083_203,96.46461880860977,91.38370022366412,76.38370022366412,3.3143685845523017,10,4.883371723207382,Moto,Sunny,Medium,Metropolitian,False,0,0,1,7570.209792349083,7656.593492572747,Rota_Reduzida,1
pedido_7552.073575354342_194,100.75863504844659,115.0932319929121,100.0932319929121,4.320070745527001,5,4.653729891506815,Moto,Sunny,Jam,Metropolitian,True,0,1,1,7552.073575354342,7657.166807347255,Aumento_Velocidade,0
pedido_7575.638672415988_207,95.26239116359118,91.83346261594005,76.83346261594005,2.9825304245336617,5,4.683814755072172,Moto,Sunny,High,Urban,False,0,1,1,7575.638672415988,7657.472135031929,Aumento_Velocidade,1
pedido_7539.22642142494_188,133.66942358731842,129.1439558317102,114.1439558317102,13.466421739939957,5,4.563956502272019,Scooter,Windy,High,Urban,False,0,1,0,7539.22642142494,7658.3703772566505,Aumento_Velocidade,0
pedido_7549.656361785553_193,133.89545626616444,118.55813092879919,103.55813092879919,10.882259216657143,10,4.670639545974297,Moto,Stormy,Medium,Metropolitian,False,0,0,0,7549.656361785553,7663.214492714352,Rota_Reduzida,0
pedido_7541.2811517960145_190,134.6709605524764,127.49190574156188,112.49190574156188,11.180259779805304,10,4.5424893735289045,Scooter,Sandstorms,High,Metropolitian,False,0,1,0,7541.2811517960145,7663.773057537576,Aumento_Velocidade,0
pedido_7571.915764965562_204,101.05422011169469,87.33691011690381,87.33691011690381,1.578795793791791,5,4.599957517373508,Moto,Windy,Low,Metropolitian,True,0,0,0,7571.915764965562,7664.252675082465,Nenhuma,1
pedido_7532.219434447105_184,123.95709700399927,127.47089360957702,127.47089360957702,3.1262441905861014,5,5.0,Van,Stormy,Jam,Metropolitian,False,0,1,0,7532.219434447105,7664.690328056682,Nenhuma,0
pedido_7552.264392438621_196,122.54819110943788,124.53206383254562,109.53206383254562,3.3077642012169814,5,4.831404046622111,Scooter,Stormy,Jam,Metropolitian,False,0,1,0,7552.264392438621,7666.796456271167,Aumento_Velocidade,0
pedido_7562.9785226362865_201,124.594914875525,117.54307415955407,102.54307415955407,0.6791554139435307,5,4.6899478083969255,Moto,Foggy,Medium,Metropolitian,True,0,0,0,7562.9785226362865,7670.52159679584,Rota_Reduzida,0
pedido_7541.248250351319_189,134.20702046845372,129.78981470842518,114.78981470842518,15.471603304272637,15,4.749670399303109,Scooter,Sandstorms,High,Metropolitian,False,0,1,0,7541.248250351319,7671.038065059744,Aumento_Velocidade,0
pedido_7545.430714328349_191,135.2286048758876,139.99053258437982,124.99053258437982,14.502508802538392,5,5.0,Moto,Sandstorms,Medium,Other,False,0,0,0,7545.430714328349,7675.421246912729,Rota_Reduzida,0
pedido_7508.336235999309_174,184.27039127759463,177.26495913064028,162.26495913064028,11.775491980384498,5,4.301958901964366,Scooter,Sandstorms,High,Metropolitian,False,0,1,0,7508.336235999309,7675.601195129949,Aumento_Velocidade,0
pedido_7586.0667556645285_209,101.62886116662526,91.08926543478852,76.08926543478852,13.113510658879534,15,4.675421164447085,Scooter,Sunny,High,Metropolitian,False,0,1,1,7586.0667556645285,7677.156021099317,Aumento_Velocidade,1
pedido_7557.704850585283_199,135.66621676078677,121.42188285289967,106.42188285289967,15.107084506970406,15,5.0,Moto,Stormy,Medium,Metropolitian,True,0,0,0,7557.704850585283,7679.126733438183,Rota_Reduzida,0
pedido_7566.773771258642_202,123.3960283444196,122.71088953065956,107.71088953065956,4.11734336274054,5,4.587259104013904,Moto,Stormy,Jam,Metropolitian,False,0,1,0,7566.773771258642,7679.484660789301,Aumento_Velocidade,0
pedido_7552.09373547678_195,134.20702046845372,117.69756656710382,117.69756656710382,14.489245966481622,10,4.671675218297242,Van,Sandstorms,High,Metropolitian,False,0,1,0,7552.09373547678,7679.791302043884,Nenhuma,0
pedido_7498.049446464019_166,185.18884743611608,193.1707216594334,178.1707216594334,13.900341213590515,5,4.434748516644653,Moto,Sandstorms,High,Metropolitian,True,0,1,0,7498.049446464019,7681.220168123452,Aumento_Velocidade,0
pedido_7517.557145992607_181,175.21407762582874,170.96639277430916,155.96639277430916,6.2179567110848835,10,4.398700740462277,Scooter,Windy,High,Metropolitian,True,0,1,0,7517.557145992607,7683.523538766916,Aumento_Velocidade,0
pedido_7556.246810040759_198,152.93264694632018,136.2996396089795,121.2996396089795,15.50955203530459,10,4.491658079741869,Moto,Foggy,Jam,Metropolitian,False,0,1,0,7556.246810040759,7687.546449649738,Aumento_Velocidade,0
pedido_7586.685197803585_210,103.95152461356967,88.68423870621169,88.68423870621169,13.972276872755044,15,4.80956085854887,Moto,Windy,Low,Metropolitian,False,0,0,0,7586.685197803585,7690.369436509796,Nenhuma,1
pedido_7547.481076118003_192,141.67941332302524,146.15803127461425,131.15803127461425,14.315105020205856,15,4.503064164014184,Moto,Foggy,Medium,Metropolitian,False,0,0,0,7547.481076118003,7693.639107392618,Rota_Reduzida,0
pedido_7574.326270727272_206,132.49103640531567,119.54464014066599,104.54464014066599,8.184493149023421,15,4.863527977428364,Moto,Foggy,High,Urban,False,0,1,0,7574.326270727272,7693.870910867938,Aumento_Velocidade,0
pedido_7559.5863960364495_200,137.10448633692113,132.74654606828835,132.74654606828835,4.11219940308564,5,5.0,Van,Foggy,High,Metropolitian,False,0,1,0,7559.5863960364495,7697.332942104738,Nenhuma,0
pedido_7622.617756427813_227,98.69086006812893,78.62227230043554,63.62227230043554,4.632412444292896,15,4.57781332553559,Moto,Sunny,High,Metropolitian,False,0,1,1,7622.617756427813,7701.240028728249,Aumento_Velocidade,1
pedido_7594.504055493265_217,124.56306293160415,110.89090677424993,95.89090677424993,5.671055122341129,15,4.537035927367612,Scooter,Stormy,High,Metropolitian,False,0,1,0,7594.504055493265,7705.3949622675145,Aumento_Velocidade,0
pedido_7572.43763889818_205,140.7428599896515,128.16576261136765,128.16576261136765,16.174799795124375,5,4.550161131961415,Van,Sandstorms,Jam,Metropolitian,False,0,1,0,7572.43763889818,7705.603401509547,Nenhuma,0
pedido_7592.928956557845_216,130.4816563736236,120.91764461083179,105.91764461083179,0.021284486074242714,10,4.956558766760519,Scooter,Stormy,High,Metropolitian,False,0,1,0,7592.928956557845,7708.846601168677,Aumento_Velocidade,0
pedido_7619.337231013052_224,99.23033821542093,89.76687206679976,74.76687206679976,6.002867050675837,15,4.918412148171498,Scooter,Sunny,High,Metropolitian,True,0,1,1,7619.337231013052,7709.1041030798515,Aumento_Velocidade,1
pedido_7587.791369954281_211,129.9293823734775,126.58930334093733,111.58930334093733,18.751942081014896,10,4.839094228842379,Moto,Stormy,High,Metropolitian,False,0,1,0,7587.791369954281,7709.380673295219,Aumento_Velocidade,0
pedido_7663.840537369048_249,48.098447122563364,43.00200092445706,43.00200092445706,3.343338796728203,5,5.0,Moto,Windy,Jam,Metropolitian,True,1,1,0,7663.840537369048,7711.842538293506,Nenhuma,1
pedido_7592.071789453306_214,136.5304568569866,119.84697767637437,104.84697767637437,18.069919204923146,15,4.4651784107713075,Scooter,Sandstorms,High,Metropolitian,False,0,1,0,7592.071789453306,7711.91876712968,Aumento_Velocidade,0
pedido_7610.690571766549_220,130.3608417082044,102.99670122406805,87.99670122406805,13.640937155911823,15,4.547852037379424,Scooter,Stormy,Medium,Other,False,0,0,0,7610.690571766549,7713.687272990616,Rota_Reduzida,1
pedido_7591.376502581191_213,137.19002538807868,136.93910560873533,121.93910560873533,9.858546325653343,10,4.913942148997787,Scooter,Windy,Jam,Metropolitian,False,0,1,0,7591.376502581191,7723.315608189926,Aumento_Velocidade,0
pedido_7589.532595049317_212,168.83322285423395,139.1099982602018,124.10999826020179,16.686470569312327,10,4.4180745135456085,Moto,Sunny,Medium,Metropolitian,False,0,0,1,7589.532595049317,7723.642593309519,Rota_Reduzida,0
pedido_7694.004725896747_260,40.13838599778112,25.749077495829667,25.749077495829667,11.400146897110309,5,4.874644370790534,Moto,Foggy,Low,Metropolitian,False,1,0,0,7694.004725896747,7724.753803392577,Nenhuma,1
pedido_7636.3027395051895_234,102.57911321272154,98.96679021006926,83.96679021006926,17.173574997729165,5,4.61591167831633,Moto,Sunny,High,Urban,False,0,1,1,7636.3027395051895,7725.269529715259,Aumento_Velocidade,1
pedido_7609.692874888058_219,131.86113409429535,125.98934650513391,110.98934650513391,7.787088282048414,10,4.765632117077626,Moto,Sandstorms,High,Metropolitian,False,0,1,0,7609.692874888058,7730.682221393192,Aumento_Velocidade,0
pedido_7618.620615078364_223,125.57057811265726,118.25384376067879,103.25384376067879,8.470481103700063,10,4.670394755228096,Moto,Foggy,Medium,Metropolitian,False,0,0,0,7618.620615078364,7731.874458839043,Rota_Reduzida,0
pedido_7653.791903490947_241,133.04012929077166,88.5038568167251,73.5038568167251,1.013682902725038,5,4.567693864093599,Scooter,Foggy,High,Metropolitian,True,0,1,0,7653.791903490947,7732.295760307672,Aumento_Velocidade,1
pedido_7611.92983250609_221,133.56244620912418,120.93565175667285,105.93565175667285,11.667602376699808,15,4.679066312715658,Moto,Sandstorms,High,Metropolitian,False,0,1,0,7611.92983250609,7732.865484262763,Aumento_Velocidade,0
pedido_7592.801562461423_215,128.0005474843919,130.6513989408255,130.6513989408255,4.194831147346177,10,4.899292212767131,Van,Stormy,High,Metropolitian,False,0,1,0,7592.801562461423,7733.452961402249,Nenhuma,0
pedido_7622.552511181622_226,133.9451599921436,116.15972755920387,101.15972755920387,13.540154065967629,10,4.65431407543935,Scooter,Stormy,Medium,Metropolitian,True,0,0,0,7622.552511181622,7733.712238740826,Rota_Reduzida,0
pedido_7628.7576714940815_231,130.6266889980655,110.83141677334349,90.83141677334349,12.247543047737834,15,4.635815686650236,Scooter,Foggy,High,Other,False,0,1,0,7628.7576714940815,7734.589088267425,Rota_Reduzida,0
pedido_7620.780574709046_225,127.68784875238822,126.90322283945244,111.90322283945244,6.587075401896077,5,4.596937534770548,Scooter,Stormy,Jam,Metropolitian,False,0,1,0,7620.780574709046,7737.683797548499,Aumento_Velocidade,0
pedido_7638.156779609807_236,130.61835736647015,111.8199146633576,96.8199146633576,5.203043497036926,5,4.965674022982339,Scooter,Stormy,High,Metropolitian,True,0,1,0,7638.156779609807,7739.976694273165,Aumento_Velocidade,1
pedido_7627.123379305122_230,115.66043910439083,109.7241614631593,109.7241614631593,10.48880969191406,5,4.710602676748418,Moto,Sunny,Low,Metropolitian,True,0,0,1,7627.123379305122,7741.847540768282,Nenhuma,1
pedido_7628.83163700618_232,127.24979815619531,125.8414199680787,110.8414199680787,5.099650765393136,5,4.875311865763244,Moto,Stormy,High,Metropolitian,False,0,1,0,7628.83163700618,7744.6730569742585,Aumento_Velocidade,0
pedido_7660.354907489293_245,97.09392063258345,81.60670424351795,81.60670424351795,5.276246346552217,5,4.658825909450147,Moto,Sunny,Low,Metropolitian,True,0,0,1,7660.354907489293,7746.9616117328105,Nenhuma,1
pedido_7646.576677759304_238,128.10338629484463,100.53098915378611,85.53098915378611,3.784254336253341,15,4.599681721969895,Scooter,Stormy,High,Metropolitian,False,0,1,0,7646.576677759304,7747.107666913091,Aumento_Velocidade,1
pedido_7663.065603871603_248,95.47205562484639,85.3856188830677,70.3856188830677,5.489477692815864,15,4.553249142023069,Scooter,Sunny,Medium,Metropolitian,False,0,0,1,7663.065603871603,7748.451222754671,Rota_Reduzida,1
pedido_7649.3480873629305_239,102.01955175749266,85.03723495639247,85.03723495639247,12.411632997725091,15,4.787594461281819,Van,Sunny,High,Urban,False,0,1,1,7649.3480873629305,7749.385322319323,Nenhuma,1
pedido_7680.167078516189_255,100.4980170913318,81.82074717751112,66.82074717751112,11.723143615625286,5,4.50370426818116,Moto,Sunny,Medium,Metropolitian,False,0,0,1,7680.167078516189,7751.9878256937,Rota_Reduzida,1
pedido_7634.793786985077_233,150.0659124339113,122.96379871667116,107.96379871667116,11.195131460020377,10,4.827849717919822,Scooter,Foggy,Jam,Metropolitian,False,0,1,0,7634.793786985077,7752.757585701748,Aumento_Velocidade,0
pedido_7616.291426951121_222,130.5357302082129,131.48489273416678,131.48489273416678,18.287502266955645,10,4.637246217978907,Van,Stormy,High,Metropolitian,False,0,1,0,7616.291426951121,7757.7763196852875,Nenhuma,0
pedido_7599.216102772492_218,174.79298187139418,164.84128261474277,149.84128261474277,4.575702449613196,10,4.369435115950727,Scooter,Windy,High,Metropolitian,False,0,1,0,7599.216102772492,7759.057385387235,Aumento_Velocidade,0
pedido_7638.06311125571_235,127.96394983580235,126.50146073843777,111.50146073843777,7.328532662987628,10,4.709843654338434,Scooter,Stormy,Jam,Metropolitian,False,0,1,0,7638.06311125571,7759.564571994148,Aumento_Velocidade,0
pedido_7626.682526202593_229,149.2384062533612,139.3250661768111,124.3250661768111,16.712917609717298,10,4.702641819227465,Moto,Foggy,Jam,Metropolitian,False,0,1,0,7626.682526202593,7761.007592379405,Aumento_Velocidade,0
pedido_7642.485021431086_237,130.2276702050786,119.67275277254211,104.67275277254211,0.2129008174248055,15,4.590926342125393,Moto,Windy,Jam,Metropolitian,True,0,1,0,7642.485021431086,7762.157774203629,Aumento_Velocidade,0
pedido_7676.088483891326_254,95.63430438732016,92.1732087868949,77.1732087868949,6.48009972660136,10,5.0,Moto,Sunny,High,Metropolitian,False,0,1,1,7676.088483891326,7763.261692678221,Aumento_Velocidade,1
pedido_7581.2018384877765_208,190.075225707196,185.52074461172592,170.52074461172592,0.0,15,4.318730029107816,Moto,Sunny,High,Metropolitian,False,0,1,1,7581.2018384877765,7766.722583099502,Aumento_Velocidade,0
pedido_7662.066088488558_246,102.30125904397383,97.1264904808077,97.1264904808077,14.241709781051934,10,4.752212978974912,Moto,Sandstorms,Low,Metropolitian,False,0,0,0,7662.066088488558,7769.192578969366,Nenhuma,1
pedido_7656.206182920673_243,132.37640653175018,132.13698181740915,112.13698181740915,5.241912029362088,5,4.842520901118833,Moto,Sandstorms,High,Semi-Urban,False,0,1,0,7656.206182920673,7773.343164738082,Rota_Reduzida,0
pedido_7651.050975286079_240,129.87852048954355,128.37327463214186,113.37327463214186,1.0598255374290853,10,4.814488251097087,Scooter,Sandstorms,Medium,Urban,False,0,0,0,7651.050975286079,7774.424249918221,Rota_Reduzida,0
pedido_7668.721015359549_250,105.95567356939611,116.93210526497828,101.93210526497828,13.01915998759365,5,4.532739141800295,Moto,Sunny,High,Metropolitian,False,0,1,1,7668.721015359549,7775.653120624527,Aumento_Velocidade,0
pedido_7685.169272853422_257,95.36232925493049,80.98202108621267,80.98202108621267,9.1007120857064,10,4.7107116352922755,Van,Sunny,Medium,Metropolitian,False,0,0,1,7685.169272853422,7776.151293939634,Nenhuma,1
pedido_7655.312114347079_242,139.75006530793726,125.85485326021032,110.85485326021032,12.151240906228844,15,5.0,Scooter,Stormy,Jam,Metropolitian,True,0,1,0,7655.312114347079,7781.166967607289,Aumento_Velocidade,0
pedido_7697.734814053855_264,104.70348323318932,85.89933135763567,70.89933135763567,4.5555353379347165,15,4.502832941150327,Moto,Sunny,High,Urban,False,0,1,1,7697.734814053855,7783.634145411491,Aumento_Velocidade,1
pedido_7624.70259208039_228,186.08615434524913,171.37502778288442,156.37502778288442,15.84442778876839,5,4.445528329019354,Moto,Windy,High,Metropolitian,False,0,1,0,7624.70259208039,7786.077619863274,Aumento_Velocidade,0
pedido_7670.01364642294_251,137.6421823913141,121.25592887950248,106.25592887950248,14.062795480087773,15,4.784112801545081,Scooter,Windy,Medium,Metropolitian,True,0,0,0,7670.01364642294,7791.269575302443,Rota_Reduzida,0
pedido_7685.756592472629_258,139.30555996837478,125.57110258843912,110.57110258843912,13.196672094638064,5,4.743622376081112,Moto,Sandstorms,Jam,Metropolitian,False,0,1,0,7685.756592472629,7801.327695061068,Aumento_Velocidade,0
pedido_7662.540339915957_247,136.99291827154022,149.13779616495506,134.13779616495506,13.810844678685022,5,4.510508328383439,Scooter,Sandstorms,High,Urban,True,0,1,0,7662.540339915957,7801.678136080912,Aumento_Velocidade,0
pedido_7675.013456893254_253,130.44988961041798,127.18754561160887,112.18754561160887,15.204166437408917,15,4.5433611182449205,Scooter,Stormy,High,Metropolitian,False,0,1,0,7675.013456893254,7802.201002504863,Aumento_Velocidade,0
pedido_7751.6168236189815_287,46.3065640967517,37.908555237323746,37.908555237323746,5.102597308319218,15,4.768039485518207,Moto,Windy,High,Metropolitian,False,1,1,0,7751.6168236189815,7804.525378856305,Nenhuma,1
pedido_7732.47626805143_274,95.26358701741418,88.463248072741,73.463248072741,9.270444492972032,5,4.889089860889068,Moto,Sunny,High,Urban,False,0,1,1,7732.47626805143,7810.939516124172,Aumento_Velocidade,1
pedido_7696.540402100858_263,136.5440156334271,109.87571536705136,109.87571536705136,13.05120930767108,5,4.838058853371487,Van,Windy,Jam,Metropolitian,False,0,1,0,7696.540402100858,7811.416117467909,Nenhuma,1
pedido_7737.111433096958_280,99.52735105208863,74.55003090428286,59.55003090428286,5.768558054999276,15,4.951844127787602,Moto,Sunny,High,Urban,False,0,1,1,7737.111433096958,7811.66146400124,Aumento_Velocidade,1
pedido_7694.846503983084_261,137.73567808132367,128.9347855179135,108.9347855179135,15.914534317852983,10,4.753967373518856,Scooter,Foggy,Jam,Other,False,0,1,0,7694.846503983084,7813.781289500997,Rota_Reduzida,0
pedido_7658.662990378481_244,178.4022717437713,165.85346692477185,150.85346692477185,23.26988959810881,5,4.291674140337129,Moto,Sunny,High,Metropolitian,False,0,1,1,7658.662990378481,7814.5164573032525,Aumento_Velocidade,0
pedido_7683.227513368896_256,131.42867154023693,132.02531909931508,117.02531909931508,3.6235086511591232,15,4.600200264324904,Moto,Stormy,Medium,Metropolitian,True,0,0,0,7683.227513368896,7815.252832468212,Rota_Reduzida,0
pedido_7695.219086188555_262,134.4862026683072,134.37879378715294,119.37879378715294,6.1460569328692545,5,4.575431484495809,Moto,Sandstorms,Medium,Urban,False,0,0,0,7695.219086188555,7819.597879975708,Rota_Reduzida,0
pedido_7689.670017007235_259,132.15076935930105,136.22241123145196,121.22241123145196,9.077877537820342,10,4.702024788167275,Moto,Windy,Jam,Metropolitian,True,0,1,0,7689.670017007235,7820.892428238687,Aumento_Velocidade,0
pedido_7699.5255533867485_267,142.43452326684994,132.28408426778657,117.28408426778657,17.952757982867848,5,5.0,Moto,Foggy,High,Metropolitian,False,0,1,0,7699.5255533867485,7821.809637654535,Aumento_Velocidade,0
pedido_7782.989262460431_299,46.927591884132454,36.229863517625645,36.229863517625645,15.061873802927511,5,4.459911907574794,Moto,Windy,High,Metropolitian,False,1,1,0,7782.989262460431,7824.219125978057,Nenhuma,1
pedido_7753.503245242323_288,93.82106347204243,77.58269627066058,62.58269627066058,0.9579140309117413,10,4.615232178799773,Scooter,Sunny,Medium,Metropolitian,False,0,0,1,7753.503245242323,7826.0859415129835,Rota_Reduzida,1
pedido_7721.650531179058_270,103.17663310975108,95.08344328491438,95.08344328491438,11.37944585403129,10,4.509022264783025,Scooter,Sandstorms,Low,Metropolitian,False,0,0,0,7721.650531179058,7826.733974463972,Nenhuma,1
pedido_7698.734269848477_266,144.5038352849384,139.34458070217357,124.34458070217357,17.019779429584347,5,5.0,Scooter,Foggy,High,Metropolitian,True,0,1,0,7698.734269848477,7828.078850550651,Aumento_Velocidade,0
pedido_7734.4980131298025_276,98.08290956679957,78.67341228935669,78.67341228935669,2.569993757162472,15,4.855589572670547,Scooter,Foggy,Low,Metropolitian,False,0,0,0,7734.4980131298025,7828.171425419159,Nenhuma,1
pedido_7698.158201305232_265,133.72294750612735,142.3718600087244,127.37186000872441,8.28397264819039,5,4.657575365625275,Scooter,Sandstorms,Medium,Metropolitian,False,0,0,0,7698.158201305232,7830.530061313956,Rota_Reduzida,0
pedido_7721.091757086381_269,134.1670479409812,112.22136704106427,97.22136704106427,16.433189320249262,15,4.735921977191178,Moto,Sandstorms,High,Metropolitian,False,0,1,0,7721.091757086381,7833.313124127446,Aumento_Velocidade,0
pedido_7674.785257367265_252,179.69142731271037,168.95254076284556,153.95254076284556,4.762603869603478,5,4.3364199564226364,Moto,Foggy,Jam,Metropolitian,False,0,1,0,7674.785257367265,7833.737798130111,Aumento_Velocidade,0
pedido_7750.757055438994_286,129.4306379683732,97.82987282851909,82.82987282851909,14.125437677438061,5,4.9159185325069865,Moto,Stormy,High,Urban,False,0,1,0,7750.757055438994,7838.586928267513,Aumento_Velocidade,1
pedido_7739.297411178791_284,103.4692958776089,89.53599588593625,89.53599588593625,10.928873363362342,10,4.605589100924327,Moto,Stormy,Low,Metropolitian,False,0,0,0,7739.297411178791,7838.833407064727,Nenhuma,1
pedido_7765.3072796083825_293,97.24252692463925,76.03258993223811,61.03258993223811,9.567909809104929,15,5.0,Moto,Sunny,Medium,Metropolitian,False,0,0,1,7765.3072796083825,7841.33986954062,Rota_Reduzida,1
pedido_7717.869599788881_268,133.944148828124,133.9643503346079,118.9643503346079,12.860614312792201,5,4.7646177921993305,Moto,Windy,High,Metropolitian,False,0,1,0,7717.869599788881,7841.833950123489,Aumento_Velocidade,0
pedido_7734.939051582928_277,132.71043665667918,115.14815119367417,100.14815119367417,14.62900792968422,10,4.764416378064386,Moto,Stormy,Medium,Metropolitian,True,0,0,0,7734.939051582928,7845.087202776603,Rota_Reduzida,0
pedido_7730.569543311224_273,129.59430586216735,119.75998799199778,104.75998799199778,9.580811015108452,10,4.587798746893485,Moto,Stormy,High,Metropolitian,False,0,1,0,7730.569543311224,7845.329531303222,Aumento_Velocidade,0
pedido_7737.657921666392_281,134.6154842922761,113.26438941582589,98.26438941582589,17.959969013767704,15,4.8618878750634,Scooter,Windy,High,Metropolitian,False,0,1,0,7737.657921666392,7850.922311082218,Aumento_Velocidade,0
pedido_7738.7070565841705_283,134.23795526087363,131.1347761049064,111.1347761049064,2.2221035349306457,5,5.0,Scooter,Windy,High,Semi-Urban,False,0,1,0,7738.7070565841705,7854.841832689077,Rota_Reduzida,0
pedido_7768.664783311842_294,99.62808302081272,93.965434845954,78.965434845954,6.896158700469842,10,4.875327002559586,Scooter,Sunny,Jam,Metropolitian,False,0,1,1,7768.664783311842,7857.630218157797,Aumento_Velocidade,1
pedido_7735.107159284425_278,129.84489022738904,118.63617390673566,118.63617390673566,7.757314521417889,5,4.501444037385879,Van,Windy,Jam,Metropolitian,True,0,1,0,7735.107159284425,7858.743333191161,Nenhuma,0
pedido_7764.333291034893_292,102.67543762184755,99.56960260300349,84.56960260300349,17.36211893871711,10,4.871435540423822,Moto,Sunny,High,Urban,False,0,1,1,7764.333291034893,7858.902893637896,Aumento_Velocidade,1
pedido_7798.268970106267_307,46.32783181220501,45.75604853333557,45.75604853333557,10.222837757499361,15,4.725172613820339,Van,Sandstorms,High,Metropolitian,False,1,1,0,7798.268970106267,7859.025018639602,Nenhuma,1
pedido_7735.297114347478_279,130.14412327669478,135.46249089953295,120.46249089953295,17.311063587908905,5,4.730504865840883,Scooter,Stormy,High,Metropolitian,False,0,1,0,7735.297114347478,7860.759605247011,Aumento_Velocidade,0
pedido_7737.764173940061_282,129.58043363698226,135.29526756947766,120.29526756947766,13.309087893671013,5,4.780692272217832,Moto,Stormy,High,Metropolitian,False,0,1,0,7737.764173940061,7863.059441509538,Aumento_Velocidade,0
pedido_7723.324909327904_271,137.58065988454095,145.21448885532288,130.21448885532288,17.717806482693927,10,4.575083224088763,Scooter,Windy,Medium,Metropolitian,True,0,0,0,7723.324909327904,7863.539398183227,Rota_Reduzida,0
pedido_7734.082276800314_275,153.81816928836153,146.50537586695089,131.50537586695089,14.88617899001462,5,4.495423673065223,Moto,Foggy,Jam,Metropolitian,True,0,1,0,7734.082276800314,7870.587652667265,Aumento_Velocidade,0
pedido_7759.6873051803595_291,136.78923316509773,112.60952951850625,97.60952951850625,18.377672529145606,15,5.0,Moto,Stormy,Medium,Metropolitian,False,0,0,0,7759.6873051803595,7872.2968346988655,Rota_Reduzida,0
pedido_7777.317220087419_297,122.2052581320511,107.84376818825598,92.84376818825598,2.9986842509822966,5,4.77134633760198,Moto,Stormy,Jam,Metropolitian,False,0,1,0,7777.317220087419,7875.160988275675,Aumento_Velocidade,1
pedido_7756.635568322725_290,134.5142525570483,123.94414710940319,108.94414710940319,3.321696368404169,10,4.772087613693911,Scooter,Foggy,High,Metropolitian,False,0,1,0,7756.635568322725,7875.579715432128,Aumento_Velocidade,0
pedido_7772.14661533847_296,95.31184662123282,90.88504753682705,90.88504753682705,1.8127773469577901,15,4.707761804955805,Van,Sunny,High,Metropolitian,False,0,1,1,7772.14661533847,7878.031662875297,Nenhuma,1
pedido_7755.566594580796_289,134.5142525570483,135.62114981393267,120.62114981393267,4.450936741892783,5,4.771481743656221,Moto,Foggy,High,Urban,False,0,1,0,7755.566594580796,7881.187744394729,Aumento_Velocidade,0
pedido_7800.485883878403_310,109.98302550914394,92.46471843141482,77.46471843141482,15.61770585290618,5,4.790820476214016,Moto,Sunny,Jam,Metropolitian,True,0,1,1,7800.485883878403,7882.950602309817,Aumento_Velocidade,1
pedido_7791.0920044279_305,102.71056553479104,88.21664320586527,88.21664320586527,10.80154068867073,10,4.810708864847194,Van,Sunny,High,Metropolitian,False,0,1,1,7791.0920044279,7889.308647633766,Nenhuma,1
pedido_7785.911822242799_302,132.26490666012583,108.59522438811358,93.59522438811358,9.64038722091168,10,4.669649597323864,Moto,Sandstorms,High,Metropolitian,False,0,1,0,7785.911822242799,7889.507046630913,Aumento_Velocidade,1
pedido_7806.085166047461_313,97.69524953457484,74.08698890729569,74.08698890729569,8.429130410160205,10,4.818847185233301,Scooter,Sunny,Low,Metropolitian,False,0,0,1,7806.085166047461,7890.1721549547565,Nenhuma,1
pedido_7771.800332001813_295,135.98121817770206,108.55359404647486,108.55359404647486,0.8191014767340752,15,4.836165379370592,Van,Windy,Medium,Urban,True,0,0,0,7771.800332001813,7895.3539260482885,Nenhuma,0
pedido_7799.08899016243_308,103.38421072674699,102.37482073753283,87.37482073753283,12.964182680959746,10,4.545269509021021,Moto,Sunny,Medium,Metropolitian,True,0,0,1,7799.08899016243,7896.4638108999625,Rota_Reduzida,1
pedido_7787.186072427511_303,131.7515131589048,109.60900981814382,94.60900981814382,0.0,15,4.727870790281635,Moto,Sandstorms,High,Metropolitian,False,0,1,0,7787.186072427511,7896.795082245655,Aumento_Velocidade,0
pedido_7784.245496523309_300,129.61959443492276,116.60350369028782,101.60350369028782,2.9954399673104484,15,4.550821642860053,Scooter,Sandstorms,High,Metropolitian,True,0,1,0,7784.245496523309,7900.849000213597,Aumento_Velocidade,0
pedido_7813.838382287009_320,110.44155481902506,94.43621823099858,79.43621823099858,12.161596368366027,10,4.740283500445237,Moto,Sunny,Jam,Metropolitian,False,0,1,1,7813.838382287009,7903.274600518008,Aumento_Velocidade,1
pedido_7812.097050093194_318,100.93939920169288,81.8866487262935,81.8866487262935,5.546550714207721,10,4.696685554140362,Scooter,Sandstorms,Low,Metropolitian,False,0,0,0,7812.097050093194,7903.9836988194875,Nenhuma,1
pedido_7725.7849309071_272,177.2350088260251,169.0365510225389,169.0365510225389,16.75777015588266,10,4.4302867471856535,Van,Sunny,High,Metropolitian,False,0,1,1,7725.7849309071,7904.821481929639,Nenhuma,0
pedido_7779.936455329965_298,135.7975343682578,130.15146636034848,115.15146636034848,15.1062429418722,10,4.836524207830196,Scooter,Windy,High,Metropolitian,True,0,1,0,7779.936455329965,7905.087921690313,Aumento_Velocidade,0
pedido_7819.2155609580705_322,101.57229113235952,92.13449800472632,77.13449800472632,13.781155861030706,10,4.56876956214977,Scooter,Sunny,High,Metropolitian,False,0,1,1,7819.2155609580705,7906.3500589627965,Aumento_Velocidade,1
pedido_7812.088570348959_317,116.924087946673,105.09665725799952,85.09665725799952,7.290026122042901,10,4.919499544160649,Scooter,Stormy,Jam,Other,True,0,1,0,7812.088570348959,7907.1852276069585,Rota_Reduzida,1
pedido_7793.312721775319_306,127.35201629064014,114.52326526651001,99.52326526651001,6.251664255471712,15,5.0,Scooter,Foggy,Medium,Metropolitian,True,0,0,0,7793.312721775319,7907.835987041829,Rota_Reduzida,0
pedido_7806.329688518731_314,125.70712936722668,113.89554056866069,98.89554056866069,0.7828161222824201,10,4.771165318091812,Moto,Foggy,Medium,Metropolitian,False,0,0,0,7806.329688518731,7915.225229087392,Rota_Reduzida,0
pedido_7799.624342909223_309,130.14412327669478,129.13223695549155,114.13223695549155,18.28458962636621,5,4.741654424778913,Scooter,Stormy,High,Metropolitian,False,0,1,0,7799.624342909223,7918.756579864715,Aumento_Velocidade,0
pedido_7808.275555877985_315,129.45263090172926,115.8425797153179,100.8425797153179,2.3168887443852317,15,4.628855242142545,Moto,Sandstorms,Medium,Metropolitian,False,0,0,0,7808.275555877985,7924.118135593303,Rota_Reduzida,0
pedido_7813.842781139163_321,128.1514454261406,112.33492613023078,97.33492613023078,5.230541743621748,15,4.757412532772356,Moto,Foggy,Medium,Metropolitian,False,0,0,0,7813.842781139163,7926.177707269394,Rota_Reduzida,0
pedido_7828.720084680241_325,125.343143144716,99.0552763691487,84.0552763691487,4.320192607421953,15,4.87459198649966,Moto,Foggy,Medium,Metropolitian,False,0,0,0,7828.720084680241,7927.775361049389,Rota_Reduzida,1
pedido_7801.169104362745_311,132.75290817707386,131.83522320481984,116.83522320481984,6.910822025163267,10,4.764637845201038,Moto,Windy,High,Metropolitian,False,0,1,0,7801.169104362745,7928.004327567565,Aumento_Velocidade,0
pedido_7785.3207893634535_301,142.371612640232,149.17261853640355,134.17261853640355,12.278125029373566,10,4.601069603528846,Moto,Foggy,Medium,Metropolitian,False,0,0,0,7785.3207893634535,7929.493407899857,Rota_Reduzida,0
pedido_7832.001336875433_326,101.14978620228979,87.58337776363302,87.58337776363302,0.0,10,4.461830078729685,Moto,Sandstorms,Low,Metropolitian,True,0,0,0,7832.001336875433,7929.584714639065,Nenhuma,1
pedido_7813.255274837369_319,129.3097150580194,122.9825694233873,107.9825694233873,7.867622390632029,10,4.684077860027208,Moto,Windy,Jam,Urban,False,0,1,0,7813.255274837369,7931.237844260757,Aumento_Velocidade,0
pedido_7841.778077420613_329,99.5973899696109,75.75056914487216,75.75056914487216,6.300882053144065,15,4.525108233705179,Moto,Foggy,Low,Metropolitian,False,0,0,0,7841.778077420613,7932.528646565485,Nenhuma,1
pedido_7823.06369871797_323,131.19275837410942,120.50140754823576,105.50140754823576,14.33332469379955,5,4.926929783223741,Scooter,Stormy,High,Metropolitian,True,0,1,0,7823.06369871797,7933.5651062662055,Aumento_Velocidade,0
pedido_7741.215896172251_285,194.81145080150333,177.87470729718407,177.87470729718407,3.1713033227802105,15,4.3929836435615774,Van,Sunny,High,Metropolitian,True,0,1,1,7741.215896172251,7934.090603469434,Nenhuma,0
pedido_7887.9977204654615_356,50.835782777501194,31.640731719054884,31.640731719054884,14.178524464800738,15,4.84425895348618,Moto,Sandstorms,Medium,Metropolitian,False,1,0,0,7887.9977204654615,7934.638452184517,Nenhuma,1
pedido_7893.5929564407925_360,38.248924783139174,39.456338026368826,39.456338026368826,2.810065952692083,5,4.669077795808352,Moto,Sunny,High,Metropolitian,False,1,1,1,7893.5929564407925,7938.049294467161,Nenhuma,1
pedido_7802.061744229426_312,134.94932857157187,137.5745662738757,122.57456627387569,13.467547991384212,15,4.627132991589117,Moto,Windy,High,Metropolitian,True,0,1,0,7802.061744229426,7939.6363105033015,Aumento_Velocidade,0
pedido_7852.104722500751_334,99.3440528876691,90.66335241078079,75.66335241078079,8.486156455494303,15,4.7039530427906255,Moto,Sunny,Jam,Urban,True,0,1,1,7852.104722500751,7942.7680749115325,Aumento_Velocidade,1
pedido_7880.928455006943_350,47.78045937958017,50.66152366235097,50.66152366235097,16.71985232925327,15,4.858039153519286,Moto,Stormy,Medium,Metropolitian,True,1,0,0,7880.928455006943,7946.589978669294,Nenhuma,1
pedido_7867.866783637713_344,98.03623884917273,79.99513076693587,64.99513076693587,4.494478789005652,15,4.637392599742883,Moto,Sunny,High,Metropolitian,False,0,1,1,7867.866783637713,7947.861914404649,Aumento_Velocidade,1
pedido_7810.430301354203_316,136.3599578390772,124.29690078784583,124.29690078784583,6.701057382342938,15,4.563220622241155,Van,Windy,Medium,Urban,False,0,0,0,7810.430301354203,7949.727202142049,Nenhuma,0
pedido_7863.467792812743_341,94.58990353618861,86.59358178718436,71.59358178718436,8.585683551271982,15,4.869149561066983,Moto,Sunny,High,Urban,False,0,1,1,7863.467792812743,7950.061374599927,Aumento_Velocidade,1
pedido_7866.094680481619_343,95.39972886521163,95.5597481268492,80.5597481268492,0.0,5,4.8279154872755665,Scooter,Sunny,High,Metropolitian,False,0,1,1,7866.094680481619,7951.654428608469,Aumento_Velocidade,1
pedido_7862.034079639073_340,100.8144976712735,100.60299686316206,85.60299686316206,1.6784951654733384,5,4.698722225362718,Scooter,Sunny,Jam,Metropolitian,True,0,1,1,7862.034079639073,7952.637076502235,Aumento_Velocidade,1
pedido_7789.763937848467_304,184.97287374270374,174.195478246759,159.195478246759,9.674343286429474,5,4.248935853694313,Moto,Sunny,High,Metropolitian,False,0,1,1,7789.763937848467,7953.9594160952265,Aumento_Velocidade,0
pedido_7855.418220781636_336,102.39379340670354,109.34819894759325,94.34819894759325,13.205949046013766,5,5.0,Scooter,Sunny,High,Metropolitian,False,0,1,1,7855.418220781636,7954.766419729229,Aumento_Velocidade,1
pedido_7863.614913354499_342,102.32355742919415,101.61266842090454,86.61266842090454,14.479367053184468,5,4.730125312996282,Moto,Sunny,Medium,Urban,False,0,0,1,7863.614913354499,7955.227581775403,Rota_Reduzida,1
pedido_7890.567097554816_358,99.05590523092877,75.58829354518005,60.58829354518005,0.0,10,4.648724831107247,Scooter,Sunny,Jam,Metropolitian,False,0,1,1,7890.567097554816,7961.155391099996,Aumento_Velocidade,1
pedido_7851.374795513896_332,132.06096759464103,119.45356953499208,104.45356953499208,5.868350533921946,10,4.539874124232069,Moto,Foggy,High,Metropolitian,False,0,1,0,7851.374795513896,7965.828365048888,Aumento_Velocidade,0
pedido_7859.846640949188_339,132.82712170117128,113.50548861166047,98.50548861166047,3.1360463450556457,10,4.6903522766590315,Scooter,Foggy,High,Urban,True,0,1,0,7859.846640949188,7968.352129560849,Aumento_Velocidade,0
pedido_7847.111511233755_331,132.96881234173745,133.3156161822009,118.3156161822009,6.714900832178511,10,4.723116249957531,Scooter,Stormy,Medium,Metropolitian,False,0,0,0,7847.111511233755,7975.4271274159555,Rota_Reduzida,0
pedido_7857.784713119993_337,131.77063521040787,108.90789227452863,108.90789227452863,1.560468133016558,10,4.952853515524825,Van,Windy,Jam,Metropolitian,True,0,1,0,7857.784713119993,7976.692605394522,Nenhuma,1
pedido_7895.720509284662_361,101.85067578837038,82.4706836577121,67.4706836577121,14.379425406768059,15,4.957981512798884,Scooter,Sunny,High,Metropolitian,False,0,1,1,7895.720509284662,7978.191192942374,Aumento_Velocidade,1
pedido_7880.956715466565_351,100.9054486745406,83.6747405297206,83.6747405297206,7.358652237265508,15,4.636795233696882,Moto,Windy,Low,Urban,False,0,0,0,7880.956715466565,7979.631455996286,Nenhuma,1
pedido_7887.155204996835_355,100.40721788528559,106.21920329714244,91.21920329714244,5.9702146303374874,5,4.708366030981149,Scooter,Sunny,High,Metropolitian,True,0,1,1,7887.155204996835,7983.3744082939775,Aumento_Velocidade,1
pedido_7869.319125111995_346,135.58933855345487,116.32994566001923,101.32994566001923,15.052121699395666,15,4.71935166363419,Moto,Windy,High,Metropolitian,True,0,1,0,7869.319125111995,7985.649070772014,Aumento_Velocidade,0
pedido_7963.950918741495_411,45.43067457490783,7.040035069605018,7.040035069605018,6.225180076447039,15,4.721921392108954,Scooter,Windy,High,Metropolitian,True,1,1,0,7963.950918741495,7985.990953811101,Nenhuma,1
pedido_7852.0769008479165_333,150.69109362708164,139.2396733290991,124.2396733290991,10.689042959343672,10,4.986931865587098,Scooter,Foggy,Jam,Metropolitian,False,0,1,0,7852.0769008479165,7986.316574177015,Aumento_Velocidade,0
pedido_7935.157313020579_388,46.719101942411676,43.25411327069761,43.25411327069761,17.554417555189996,10,4.911154017029108,Moto,Foggy,High,Metropolitian,True,1,1,0,7935.157313020579,7988.411426291276,Nenhuma,1
pedido_7942.502401000041_394,39.61066251929599,31.218605307027147,31.218605307027147,3.141117935474246,15,4.755949012065051,Moto,Sunny,Jam,Metropolitian,False,1,1,1,7942.502401000041,7988.721006307068,Nenhuma,1
pedido_7844.286306040181_330,129.9771059445125,153.62423760508176,138.62423760508176,7.443887703293626,10,4.704590639461695,Moto,Windy,High,Metropolitian,True,0,1,0,7844.286306040181,7992.910543645263,Aumento_Velocidade,0
pedido_7898.142711995246_363,94.43803297161948,100.11444334838995,85.11444334838995,1.2925859015067065,10,4.8369311514875974,Moto,Sunny,Medium,Metropolitian,False,0,0,1,7898.142711995246,7993.2571553436355,Rota_Reduzida,1
pedido_7902.790831448149_366,99.51879187655749,76.61944912457051,76.61944912457051,1.5959250496239958,15,4.5946109527931895,Van,Sunny,High,Metropolitian,True,0,1,1,7902.790831448149,7994.41028057272,Nenhuma,1
pedido_7884.905037043885_354,125.9069267250954,109.9914665437254,94.9914665437254,6.956582064915796,15,4.696706325261006,Moto,Foggy,Medium,Metropolitian,False,0,0,0,7884.905037043885,7994.896503587611,Rota_Reduzida,0
pedido_7937.12534242278_391,44.8747320564248,53.00245663784875,53.00245663784875,13.248090309833481,5,4.661377667888144,Moto,Windy,Jam,Metropolitian,False,1,1,0,7937.12534242278,7995.127799060629,Nenhuma,1
pedido_7909.084392670208_369,99.25953004060266,87.05385700128028,72.05385700128028,4.686710407187831,15,4.840653767554727,Moto,Sunny,High,Urban,True,0,1,1,7909.084392670208,7996.138249671489,Aumento_Velocidade,1
pedido_7900.780355630689_365,130.4892792482422,100.43122130993149,85.43122130993149,11.952056328667302,10,4.831435247256239,Scooter,Stormy,High,Metropolitian,True,0,1,0,7900.780355630689,7996.21157694062,Aumento_Velocidade,1
pedido_7891.637475036373_359,128.79664413596183,109.74856303280951,94.74856303280951,2.571231303314533,10,4.771265999643607,Scooter,Windy,High,Metropolitian,True,0,1,0,7891.637475036373,7996.386038069182,Aumento_Velocidade,1
pedido_7937.2641817682625_392,45.729969844557814,49.51931700371559,49.51931700371559,9.651725611717419,10,4.86069719733684,Van,Sandstorms,High,Metropolitian,True,1,1,0,7937.2641817682625,7996.783498771978,Nenhuma,1
pedido_7903.26080483413_367,94.2708500214489,105.94499405197227,90.94499405197227,2.1838954650066857,5,4.698239567586678,Moto,Sunny,Medium,Metropolitian,False,0,0,1,7903.26080483413,7999.2057988861025,Rota_Reduzida,1
pedido_7827.463882986908_324,196.49811882263114,178.76949681765228,163.76949681765228,16.13358936862966,10,4.392359657196765,Moto,Sandstorms,Jam,Urban,False,0,1,0,7827.463882986908,8001.23337980456,Aumento_Velocidade,0
pedido_7913.195367861714_371,99.003947290643,101.10908842724925,86.10908842724925,3.924061643100959,5,4.981269906582644,Scooter,Sunny,High,Urban,False,0,1,1,7913.195367861714,8004.304456288963,Aumento_Velocidade,1
pedido_7852.220230053694_335,141.3178313642075,144.0618176012599,144.0618176012599,15.120467731130729,10,4.5997973493283,Van,Foggy,High,Urban,False,0,1,0,7852.220230053694,8006.282047654953,Nenhuma,0
pedido_7881.89505933621_352,132.76413637961807,136.5604956130677,121.5604956130677,5.103995501413907,5,4.961653790097821,Moto,Windy,High,Urban,False,0,1,0,7881.89505933621,8008.455554949277,Aumento_Velocidade,0
pedido_7884.164640633546_353,127.88621691865389,114.89502526377036,114.89502526377036,3.089586172728818,10,4.628875609205326,Van,Stormy,High,Metropolitian,False,0,1,0,7884.164640633546,8009.059665897316,Nenhuma,0
pedido_7903.8949124924175_368,129.2922408826794,105.41210132514206,90.41210132514206,3.1339250757925337,15,4.70705396823211,Scooter,Stormy,High,Metropolitian,False,0,1,0,7903.8949124924175,8009.30701381756,Aumento_Velocidade,0
pedido_7879.593554210145_349,136.1801920276253,136.00456092843623,121.00456092843623,20.56646411067677,10,4.5992280618447765,Moto,Windy,High,Metropolitian,True,0,1,0,7879.593554210145,8010.598115138581,Aumento_Velocidade,0
pedido_7889.083325797947_357,145.82805552895042,122.94584496966979,107.94584496966979,12.37673989904005,15,4.710184624294354,Moto,Foggy,High,Metropolitian,True,0,1,0,7889.083325797947,8012.029170767616,Aumento_Velocidade,0
pedido_7957.336399445409_407,49.95336362884529,50.00026261585704,50.00026261585704,0.0,5,4.485063638033925,Scooter,Windy,High,Urban,False,1,1,0,7957.336399445409,8012.336662061266,Nenhuma,1
pedido_7871.686940099376_347,140.47620067715448,147.4252310801982,132.4252310801982,13.035487289463916,10,4.8924186050563145,Scooter,Foggy,High,Metropolitian,False,0,1,0,7871.686940099376,8014.112171179575,Aumento_Velocidade,0
pedido_7839.744616473421_328,194.88533403321514,186.74810716519073,171.74810716519073,6.223871517897759,5,4.345021445605804,Moto,Sunny,High,Metropolitian,False,0,1,1,7839.744616473421,8016.492723638612,Aumento_Velocidade,0
pedido_7917.139910641593_373,102.10569728643034,111.07914006121008,96.07914006121008,16.542449963625533,5,4.555905822508423,Moto,Sunny,High,Metropolitian,False,0,1,1,7917.139910641593,8018.219050702803,Aumento_Velocidade,1
pedido_7897.972662829835_362,128.79852146034818,120.7557138739605,105.7557138739605,8.284547866888282,15,4.825228451480198,Scooter,Stormy,High,Metropolitian,False,0,1,0,7897.972662829835,8018.728376703795,Aumento_Velocidade,0
pedido_7832.835519830463_327,188.09243872804848,189.61953427137811,174.61953427137811,12.888803273999477,15,4.34761813926444,Moto,Windy,Medium,Metropolitian,False,0,0,0,7832.835519830463,8022.455054101842,Rota_Reduzida,0
pedido_7982.061458351614_425,44.39005899879774,27.46875684745676,27.46875684745676,13.078324495615488,15,4.579795627667284,Moto,Stormy,High,Metropolitian,False,1,1,0,7982.061458351614,8024.530215199071,Nenhuma,1
pedido_7899.316872742034_364,132.50430424493803,135.78230063777224,120.78230063777224,10.252458750775084,5,4.708052416485244,Scooter,Sandstorms,High,Metropolitian,False,0,1,0,7899.316872742034,8025.099173379806,Aumento_Velocidade,0
pedido_7859.72906549939_338,161.96636345177942,161.84753729951433,161.84753729951433,12.543744580740924,5,4.07302395380805,Moto,Stormy,Low,Urban,False,0,0,0,7859.72906549939,8026.576602798905,Nenhuma,0
pedido_7919.92588380538_374,128.32066645780043,119.7569980419679,104.7569980419679,4.168489462483538,5,4.795708488496129,Moto,Stormy,High,Metropolitian,True,0,1,0,7919.92588380538,8029.682881847348,Aumento_Velocidade,0
pedido_7911.838251398432_370,137.90672096344122,128.30237740069893,113.30237740069893,20.379232160760345,5,4.610082731026214,Scooter,Sandstorms,High,Metropolitian,False,0,1,0,7911.838251398432,8030.14062879913,Aumento_Velocidade,0
pedido_7913.307505656288_372,125.31290395108915,125.55847784517414,110.55847784517414,0.22081452581608296,10,5.0,Moto,Foggy,Medium,Metropolitian,False,0,0,0,7913.307505656288,8033.865983501462,Rota_Reduzida,0
pedido_7934.983198025145_387,98.14802361612992,106.95151755577852,91.95151755577852,3.292886334921605,10,4.583756730241632,Scooter,Sunny,High,Metropolitian,False,0,1,1,7934.983198025145,8036.934715580923,Aumento_Velocidade,1
pedido_7873.995657942825_348,186.92468964280081,169.35518132500454,154.35518132500454,5.735788385431188,10,4.448657394396767,Scooter,Sunny,Jam,Metropolitian,False,0,1,1,7873.995657942825,8038.3508392678295,Aumento_Velocidade,0
pedido_7868.530943777649_345,174.1743290905305,170.85309916006582,155.85309916006582,3.93603467633626,15,4.212770528626585,Moto,Windy,High,Metropolitian,False,0,1,0,7868.530943777649,8039.384042937714,Aumento_Velocidade,0
pedido_7935.294397083798_389,144.5262495713202,109.87100209241335,94.87100209241335,13.531152606744369,10,4.7230032345322135,Scooter,Foggy,High,Metropolitian,True,0,1,0,7935.294397083798,8040.165399176211,Aumento_Velocidade,1
pedido_7930.540378537865_378,132.67599241689362,114.82728800109163,99.82728800109163,4.287499035513541,10,4.631626423913791,Moto,Sandstorms,Medium,Metropolitian,True,0,0,0,7930.540378537865,8040.367666538957,Rota_Reduzida,0
pedido_7944.7593753973_395,99.74849866266277,107.1283722198949,92.1283722198949,9.377722392224168,5,4.632374003388222,Moto,Sunny,Medium,Metropolitian,True,0,0,1,7944.7593753973,8041.887747617195,Rota_Reduzida,1
pedido_7965.869158917061_414,104.54498882753472,84.6599518591675,69.6599518591675,17.57943130025997,10,4.748223736185488,Moto,Sunny,Medium,Metropolitian,False,0,0,1,7965.869158917061,8045.529110776229,Rota_Reduzida,1
pedido_7934.65025091358_386,131.3492084041232,121.20332898356713,106.20332898356713,7.627360052524107,5,4.755374433759236,Moto,Foggy,Jam,Metropolitian,True,0,1,0,7934.65025091358,8045.853579897147,Aumento_Velocidade,0
pedido_7978.707480584151_422,94.83795869279585,77.36172103187825,62.36172103187825,8.115372703290966,5,4.59523691873891,Scooter,Sunny,Medium,Metropolitian,False,0,0,1,7978.707480584151,8046.069201616029,Rota_Reduzida,1
pedido_7953.626360861449_400,131.47357163045365,99.08172558800825,84.08172558800825,3.162858222446381,10,4.807467282957021,Moto,Windy,High,Metropolitian,False,0,1,0,7953.626360861449,8047.708086449457,Aumento_Velocidade,1
pedido_7931.311429065924_379,137.458128515262,118.45879623468613,103.45879623468613,5.910901971368217,15,4.551763240461745,Moto,Windy,Medium,Metropolitian,False,0,0,0,7931.311429065924,8049.77022530061,Rota_Reduzida,0
pedido_7936.102150945993_390,132.99487182043347,99.41968912044885,99.41968912044885,5.422155097859173,15,4.883374286903483,Van,Foggy,High,Metropolitian,False,0,1,0,7936.102150945993,8050.521840066443,Nenhuma,1
pedido_7928.214936318353_377,133.68532923575702,122.65636666397569,107.65636666397569,12.009105645649246,15,4.814732491433792,Moto,Sandstorms,High,Metropolitian,False,0,1,0,7928.214936318353,8050.871302982328,Aumento_Velocidade,0
pedido_7934.232766924918_384,133.28348391376278,117.22966020969275,102.22966020969275,7.055039300718092,15,4.564543655940626,Moto,Foggy,High,Metropolitian,False,0,1,0,7934.232766924918,8051.462427134611,Aumento_Velocidade,0
pedido_7933.25964788799_382,135.17790609396323,118.87616363341837,103.87616363341837,17.818899123102582,15,4.645496199282114,Moto,Sandstorms,High,Urban,True,0,1,0,7933.25964788799,8052.135811521408,Aumento_Velocidade,0
pedido_7997.812263713762_433,47.292250349508244,50.96557645295807,50.96557645295807,13.057058613769666,5,5.0,Moto,Windy,High,Metropolitian,False,1,1,0,7997.812263713762,8053.77784016672,Nenhuma,1
pedido_7933.492613539941_383,136.41616311156562,131.86998957901056,116.86998957901056,10.459713151921303,5,4.677099433341819,Moto,Windy,High,Metropolitian,True,0,1,0,7933.492613539941,8055.3626031189515,Aumento_Velocidade,0
pedido_7965.460134271753_413,127.05754604180031,89.94139026391774,74.94139026391774,8.183613822361647,15,4.945905231362829,Moto,Sandstorms,Jam,Urban,False,0,1,0,7965.460134271753,8055.401524535671,Aumento_Velocidade,1
pedido_7975.0288639013_419,100.68276781943649,81.06906580649678,66.06906580649678,12.277068578190459,15,4.458244536520001,Moto,Sunny,Medium,Metropolitian,False,0,0,1,7975.0288639013,8056.0979297077965,Rota_Reduzida,1
pedido_7956.750021591578_405,102.59804693424064,91.39324728738973,91.39324728738973,1.4447377226307894,10,4.886338569454918,Scooter,Sandstorms,Low,Urban,False,0,0,0,7956.750021591578,8058.143268878967,Nenhuma,1
pedido_7941.115625132153_393,135.20061704654796,128.63446503950394,113.63446503950394,13.533183045567675,5,4.721464363260833,Moto,Sandstorms,High,Urban,True,0,1,0,7941.115625132153,8059.750090171657,Aumento_Velocidade,0
pedido_7934.277558953726_385,128.10338629484463,127.64249208126878,112.64249208126878,3.860528414852426,15,4.584209219016336,Moto,Stormy,High,Urban,False,0,1,0,7934.277558953726,8061.920051034995,Aumento_Velocidade,0
pedido_7953.91321909946_401,132.83225952499396,114.34006574576155,99.34006574576155,6.858669307158806,10,4.801219437641629,Scooter,Foggy,High,Metropolitian,False,0,1,0,7953.91321909946,8063.253284845221,Aumento_Velocidade,0
pedido_7947.717673412816_397,133.23382719633193,128.3536637907204,113.35366379072039,15.736367836852878,5,5.0,Moto,Stormy,High,Metropolitian,True,0,1,0,7947.717673412816,8066.071337203536,Aumento_Velocidade,0
pedido_7945.082073738176_396,137.56529602464576,131.77360988060897,116.77360988060897,19.199464414427997,5,4.529059631138718,Moto,Windy,Jam,Metropolitian,False,0,1,0,7945.082073738176,8066.855683618785,Aumento_Velocidade,0
pedido_7988.161234111721_431,101.61481017132195,83.80230526719778,68.80230526719778,16.076514353635815,10,4.681836667005013,Scooter,Sunny,High,Urban,False,0,1,1,7988.161234111721,8066.9635393789185,Aumento_Velocidade,1
pedido_7921.587710871095_376,145.0612112589374,157.47401260547187,142.47401260547187,17.79595430478456,5,4.614509984616954,Moto,Foggy,Medium,Urban,True,0,0,0,7921.587710871095,8069.061723476567,Rota_Reduzida,0
pedido_7956.744986127101_404,132.71950295366054,116.72107392052672,101.72107392052672,3.8543890571763813,15,4.832816952815174,Moto,Foggy,High,Metropolitian,True,0,1,0,7956.744986127101,8073.466060047627,Aumento_Velocidade,0
pedido_7932.553362829787_380,139.52865456347206,152.9311823103626,137.9311823103626,11.23832211809627,5,4.919505256056237,Moto,Foggy,High,Metropolitian,False,0,1,0,7932.553362829787,8075.48454514015,Aumento_Velocidade,0
pedido_7964.1164789165505_412,120.67726925244736,117.49857581004802,102.49857581004802,7.066559803206938,10,4.452908436429303,Moto,Foggy,Medium,Other,False,0,0,0,7964.1164789165505,8076.615054726599,Rota_Reduzida,0
pedido_7955.060319683307_403,131.42999544618885,122.15037395637864,107.15037395637864,6.646070681322785,15,4.532181714652685,Moto,Foggy,High,Metropolitian,True,0,1,0,7955.060319683307,8077.210693639686,Aumento_Velocidade,0
pedido_7920.121282691323_375,162.1624333576553,143.43805966010666,143.43805966010666,11.773556922066438,15,4.2720342493575085,Moto,Stormy,Low,Metropolitian,False,0,0,0,7920.121282691323,8078.55934235143,Nenhuma,0
pedido_7957.433199229431_408,132.3272512953978,121.14429910688031,106.14429910688031,6.763023220329615,15,4.87013054975958,Scooter,Stormy,Medium,Metropolitian,False,0,0,0,7957.433199229431,8078.577498336312,Rota_Reduzida,0
pedido_7963.4840589878695_409,132.2469873940399,128.28287337499555,113.28287337499555,2.8942680296641035,5,4.536931840674482,Scooter,Stormy,Medium,Metropolitian,False,0,0,0,7963.4840589878695,8081.766932362865,Rota_Reduzida,0
pedido_7996.902203482421_432,98.99944394579985,90.16318519803993,75.16318519803993,5.080711592411555,10,4.71319954131001,Moto,Sunny,Medium,Metropolitian,True,0,0,1,7996.902203482421,8082.065388680461,Rota_Reduzida,1
pedido_7984.143108039874_426,109.95974135120927,83.18302836624952,83.18302836624952,10.580641833181183,15,4.740066493109525,Moto,Foggy,Low,Metropolitian,False,0,0,0,7984.143108039874,8082.326136406124,Nenhuma,1
pedido_8045.819442938237_464,46.38297551565124,33.09281913416863,33.09281913416863,17.109571184101235,5,4.90634086891232,Moto,Windy,Jam,Metropolitian,False,1,1,0,8045.819442938237,8083.9122620724065,Nenhuma,1
pedido_7973.69146537469_418,133.68357605391355,115.89696027058385,100.89696027058385,4.447201135152623,10,5.0,Scooter,Windy,High,Metropolitian,False,0,1,0,7973.69146537469,8084.588425645274,Aumento_Velocidade,0
pedido_7970.184772541466_416,134.3751210934883,116.099114255301,101.099114255301,1.0545941275540667,15,4.6616564504964275,Moto,Foggy,High,Urban,False,0,1,0,7970.184772541466,8086.283886796768,Aumento_Velocidade,0
pedido_7968.712154903785_415,126.40381272079905,117.84161279266215,102.84161279266215,3.8414810229050826,15,4.652163182804994,Moto,Windy,Jam,Urban,False,0,1,0,7968.712154903785,8086.553767696447,Aumento_Velocidade,0
pedido_7963.875029628348_410,127.31479556131167,127.94339843517727,112.94339843517727,8.128035362099219,10,4.502906504101628,Scooter,Stormy,High,Metropolitian,False,0,1,0,7963.875029628348,8086.818428063525,Aumento_Velocidade,0
pedido_7976.3559654277815_421,134.6154842922761,120.68922228935024,105.68922228935024,17.849433502512035,5,4.859994607769504,Moto,Windy,High,Urban,False,0,1,0,7976.3559654277815,8087.045187717132,Aumento_Velocidade,0
pedido_7986.981601500249_429,94.83795869279585,110.45802861751791,95.45802861751791,8.12719794823363,5,4.558467905652798,Moto,Sunny,Medium,Metropolitian,False,0,0,1,7986.981601500249,8087.439630117767,Rota_Reduzida,1
pedido_7954.470451309483_402,141.3178313642075,143.66234935475245,128.66234935475245,15.930637768819278,5,4.643765816199151,Scooter,Foggy,High,Urban,False,0,1,0,7954.470451309483,8088.132800664235,Aumento_Velocidade,0
pedido_7957.041584670259_406,129.88994045446955,131.84196779877422,116.84196779877422,6.051433166248925,15,4.654767835718866,Moto,Stormy,Jam,Urban,True,0,1,0,7957.041584670259,8088.883552469033,Aumento_Velocidade,0
pedido_7975.75198578115_420,129.2922408826794,129.06726360764708,114.06726360764708,4.032902753772799,5,4.697444649617567,Moto,Stormy,High,Metropolitian,False,0,1,0,7975.75198578115,8094.819249388797,Aumento_Velocidade,0
pedido_7981.425064833432_424,122.64916069393429,111.1582441200755,111.1582441200755,1.8433868602635988,5,4.867798438727641,Van,Sandstorms,High,Other,False,0,1,0,7981.425064833432,8097.583308953507,Nenhuma,1
pedido_8019.448572958698_441,109.613570526908,79.3565800690971,64.3565800690971,12.840673067117697,15,4.742067440272821,Moto,Sunny,Jam,Metropolitian,False,0,1,1,8019.448572958698,8098.805153027794,Aumento_Velocidade,1
pedido_7951.479504235006_399,177.71748966059167,154.05178658153199,139.05178658153199,4.913448512335762,10,4.412731285125759,Scooter,Foggy,High,Metropolitian,True,0,1,0,7951.479504235006,8100.531290816538,Aumento_Velocidade,0
pedido_7980.42785933515_423,151.95130920414596,133.25455651236356,118.25455651236356,11.469639756985124,5,4.609738187457328,Moto,Foggy,Jam,Metropolitian,True,0,1,0,7980.42785933515,8103.682415847514,Aumento_Velocidade,0
pedido_8021.681657243098_445,105.8662279948134,84.32177172166877,69.32177172166877,5.814236601575912,15,4.547277123863071,Moto,Sunny,High,Metropolitian,False,0,1,1,8021.681657243098,8106.0034289647665,Aumento_Velocidade,1
pedido_7987.954316312595_430,131.40379734675707,120.37660575624272,105.37660575624272,6.302821549262072,15,4.880918458339104,Scooter,Windy,High,Metropolitian,False,0,1,0,7987.954316312595,8108.330922068838,Aumento_Velocidade,0
pedido_8038.123894444511_456,97.32271777465274,70.38624828089674,55.38624828089674,6.161853420724288,15,4.750379402593963,Moto,Sunny,High,Metropolitian,False,0,1,1,8038.123894444511,8108.510142725408,Aumento_Velocidade,1
pedido_8023.268115221483_446,112.26866513563076,94.23094521671993,79.23094521671993,14.826639308076768,10,4.492790839625221,Scooter,Sunny,Jam,Metropolitian,True,0,1,1,8023.268115221483,8112.499060438203,Aumento_Velocidade,1
pedido_7985.142750128983_428,131.7956034893115,138.02327851284852,123.02327851284852,8.604118558549558,5,4.643027341445363,Scooter,Windy,Jam,Metropolitian,True,0,1,0,7985.142750128983,8113.166028641831,Aumento_Velocidade,0
pedido_7933.00615723811_381,197.3855391832689,193.83890164270863,178.83890164270863,13.725942740556908,5,4.383483653074691,Moto,Sandstorms,Jam,Metropolitian,False,0,1,0,7933.00615723811,8116.845058880819,Aumento_Velocidade,0
pedido_7998.311822955824_434,136.64771653029402,119.78006593041334,104.78006593041334,23.3355911217511,15,4.691725114669197,Moto,Windy,Jam,Metropolitian,False,0,1,0,7998.311822955824,8118.091888886237,Aumento_Velocidade,0
pedido_7950.5215137485_398,187.3226113434092,180.11996925146056,165.11996925146056,15.44156855091674,5,4.447708712793957,Moto,Stormy,High,Metropolitian,False,0,1,0,7950.5215137485,8120.64148299996,Aumento_Velocidade,0
pedido_8008.291372879724_436,127.11212200038874,114.86655495396224,99.86655495396224,6.052792727047062,15,4.753917646826223,Scooter,Stormy,High,Urban,True,0,1,0,8008.291372879724,8123.157927833686,Aumento_Velocidade,0
pedido_8032.46300409243_452,100.55565279740077,86.02201181503358,86.02201181503358,0.0,10,4.929008296594351,Scooter,Sandstorms,Low,Urban,True,0,0,0,8032.46300409243,8128.485015907464,Nenhuma,1
pedido_8001.183597607453_435,133.34913206797495,132.3699203098283,117.3699203098283,14.658166062506398,10,4.770899351761327,Moto,Windy,High,Urban,False,0,1,0,8001.183597607453,8128.553517917281,Aumento_Velocidade,0
pedido_8025.957769959374_448,101.73858031593204,87.95320196847035,87.95320196847035,4.917721556850129,15,4.8523613753577495,Moto,Windy,Low,Urban,False,0,0,0,8025.957769959374,8128.910971927844,Nenhuma,1
pedido_8044.327733879279_461,106.364720236472,94.93130250125857,79.93130250125857,19.22605679766451,5,4.539523945979136,Moto,Sunny,High,Metropolitian,False,0,1,1,8044.327733879279,8129.2590363805375,Aumento_Velocidade,1
pedido_8016.059796290032_438,103.95225657762019,98.46724291563571,98.46724291563571,14.417400394100065,15,4.72052449831904,Moto,Stormy,Low,Urban,False,0,0,0,8016.059796290032,8129.527039205667,Nenhuma,1
pedido_8076.257804721238_479,46.491629293401225,43.96363322735604,43.96363322735604,15.88201546021184,10,4.724059304056379,Van,Sandstorms,High,Metropolitian,False,1,1,0,8076.257804721238,8130.221437948594,Nenhuma,1
pedido_8041.665110056282_458,95.54621114191794,98.97563397397595,83.97563397397595,8.61165938115958,5,4.5598846852944,Moto,Sunny,High,Metropolitian,False,0,1,1,8041.665110056282,8130.640744030258,Aumento_Velocidade,1
pedido_8009.6411516054895_437,134.20702046845372,132.43937867190502,117.43937867190502,13.982203248120024,5,4.742818634771643,Moto,Sandstorms,High,Metropolitian,False,0,1,0,8009.6411516054895,8132.080530277394,Aumento_Velocidade,0
pedido_8021.431588159851_442,127.09381212290116,110.66841058392018,95.66841058392018,0.0,15,4.803325391608914,Moto,Stormy,High,Metropolitian,False,0,1,0,8021.431588159851,8132.099998743772,Aumento_Velocidade,0
pedido_8021.574168457438_444,110.50897060591545,105.76346684611946,105.76346684611946,15.643144099502738,10,4.876360814285704,Van,Foggy,Low,Metropolitian,False,0,0,0,8021.574168457438,8137.337635303557,Nenhuma,1
pedido_8018.420858368491_440,141.234304302999,126.92217206019626,111.92217206019626,18.272837624850045,10,4.942463112484514,Moto,Foggy,High,Metropolitian,False,0,1,0,8018.420858368491,8140.343030428688,Aumento_Velocidade,0
pedido_8033.581684088678_453,97.0016514528127,97.32519551899456,97.32519551899456,0.0,10,4.886684237014912,Scooter,Sunny,Low,Urban,False,0,0,1,8033.581684088678,8140.906879607673,Nenhuma,1
pedido_8064.818415238845_476,100.90298526224777,77.88041561469504,62.88041561469504,15.299013508124936,15,4.839301797267583,Scooter,Sunny,Medium,Urban,False,0,0,1,8064.818415238845,8142.69883085354,Rota_Reduzida,1
pedido_8018.377451896_439,140.7282343202478,130.1336397629322,115.1336397629322,17.835951861142288,10,4.605566119051243,Moto,Windy,Jam,Metropolitian,True,0,1,0,8018.377451896,8143.511091658932,Aumento_Velocidade,0
pedido_8025.167358610315_447,141.3178313642075,119.6204128508102,104.6204128508102,14.955961355571022,15,4.635545054417793,Scooter,Foggy,High,Metropolitian,False,0,1,0,8025.167358610315,8144.787771461125,Aumento_Velocidade,0
pedido_8021.504018637383_443,140.19943154947018,128.60920806034815,113.60920806034815,15.399720984702839,10,4.869681595878701,Moto,Foggy,High,Urban,False,0,1,0,8021.504018637383,8145.113226697731,Aumento_Velocidade,0
pedido_8028.0542605743385_449,130.64658772735189,123.21100223581072,108.21100223581072,15.982563829738027,10,4.735238507389084,Moto,Stormy,High,Urban,True,0,1,0,8028.0542605743385,8146.26526281015,Aumento_Velocidade,0
pedido_8028.426697737567_450,134.60592367128,108.84561584330108,108.84561584330108,18.631084519083693,10,4.74675688504565,Van,Sandstorms,High,Metropolitian,False,0,1,0,8028.426697737567,8147.272313580868,Nenhuma,1
pedido_7971.461249609041_417,184.34477566855932,191.85566393443986,176.85566393443986,12.254635673008138,5,4.412409756275174,Moto,Sandstorms,High,Metropolitian,False,0,1,0,7971.461249609041,8153.316913543481,Aumento_Velocidade,0
pedido_8031.7676266980925_451,135.37274343618463,133.65252152979778,118.65252152979778,18.261086302339127,5,4.682058418970855,Moto,Windy,Jam,Metropolitian,False,0,1,0,8031.7676266980925,8155.42014822789,Aumento_Velocidade,0
pedido_8036.253116103307_455,145.54001465039937,119.56052703808916,104.56052703808916,19.09808433510005,15,4.504574256432701,Moto,Sandstorms,Jam,Metropolitian,True,0,1,0,8036.253116103307,8155.813643141396,Aumento_Velocidade,0
pedido_7984.439237512188_427,189.39679831117817,183.88885748373377,168.88885748373377,14.905406733319447,5,4.258808606072242,Scooter,Foggy,Medium,Metropolitian,False,0,0,0,7984.439237512188,8158.328094995922,Rota_Reduzida,0
pedido_8044.827239024396_463,127.27760403750437,113.604408613875,98.604408613875,8.691029690295455,15,4.733564334114421,Scooter,Sandstorms,Jam,Metropolitian,False,0,1,0,8044.827239024396,8158.431647638271,Aumento_Velocidade,0
pedido_8047.289709154756_466,130.106962636331,111.48538072905768,96.48538072905768,7.422462473571291,15,4.82087183045535,Moto,Sandstorms,High,Metropolitian,True,0,1,0,8047.289709154756,8158.775089883813,Aumento_Velocidade,0
pedido_8083.714828766415_483,102.75137233423769,80.24121025357029,65.24121025357029,18.3136103049208,10,4.822056046541614,Scooter,Sunny,High,Metropolitian,False,0,1,1,8083.714828766415,8158.956039019985,Aumento_Velocidade,1
pedido_8041.79990006525_459,135.16165636746723,120.22305465149117,105.22305465149117,13.83031187464776,15,4.591718534944089,Moto,Sandstorms,High,Metropolitian,True,0,1,0,8041.79990006525,8162.022954716741,Aumento_Velocidade,0
pedido_8047.179846029069_465,130.85669787789487,124.9366737882913,109.9366737882913,9.507127402597883,5,4.625618522233066,Moto,Foggy,Jam,Urban,False,0,1,0,8047.179846029069,8162.11651981736,Aumento_Velocidade,0
pedido_8042.411507663556_460,132.55036597985864,126.08424131208136,111.08424131208136,7.7859015905502655,10,4.538647866349386,Moto,Sandstorms,Medium,Metropolitian,False,0,0,0,8042.411507663556,8163.495748975638,Rota_Reduzida,0
pedido_8039.872136088895_457,131.07737535811307,124.76278892191996,109.76278892191996,19.85034199435563,15,4.542460733196196,Moto,Stormy,High,Metropolitian,False,0,1,0,8039.872136088895,8164.634925010815,Aumento_Velocidade,0
pedido_8051.785966185672_468,126.26372359183021,105.14939688258418,105.14939688258418,8.479143784461922,10,4.702812206065185,Van,Foggy,Medium,Metropolitian,True,0,0,0,8051.785966185672,8166.935363068256,Nenhuma,1
pedido_8087.295931255918_484,94.49594367259826,83.96916217985407,68.96916217985407,7.255694878770314,15,4.798056348576934,Moto,Sunny,High,Metropolitian,False,0,1,1,8087.295931255918,8171.265093435772,Aumento_Velocidade,1
pedido_8110.214726655994_497,92.95141536540606,66.19620867378262,46.19620867378262,7.041473896642936,15,4.84031018845903,Scooter,Sunny,High,Other,False,0,1,1,8110.214726655994,8171.410935329777,Rota_Reduzida,1
pedido_8078.098581954479_480,105.16021741770784,105.88116564662798,90.88116564662798,12.317904460443282,5,5.0,Scooter,Sunny,Medium,Metropolitian,True,0,0,1,8078.098581954479,8173.979747601107,Rota_Reduzida,1
pedido_8054.413976275578_470,134.3751210934883,119.87005012446627,104.87005012446627,0.0,15,4.676803687202286,Moto,Foggy,High,Urban,False,0,1,0,8054.413976275578,8174.284026400044,Aumento_Velocidade,0
pedido_8052.001276042001_469,139.929493425998,127.34275902383732,112.34275902383732,14.685218038330953,10,5.0,Moto,Windy,Jam,Metropolitian,False,0,1,0,8052.001276042001,8174.344035065838,Aumento_Velocidade,0
pedido_8044.374603342646_462,132.47307289440732,135.78807209474704,120.78807209474704,4.502392370034597,10,4.62713482252701,Moto,Sandstorms,High,Metropolitian,False,0,1,0,8044.374603342646,8175.162675437393,Aumento_Velocidade,0
pedido_8058.014844568117_472,130.82602286753024,124.38470585111602,109.38470585111602,4.859713234689761,10,4.755892910775475,Moto,Windy,High,Metropolitian,False,0,1,0,8058.014844568117,8177.3995504192335,Aumento_Velocidade,0
pedido_8034.542415732169_454,133.9211188179041,141.83528997794684,141.83528997794684,12.02355894854757,5,4.621059065580967,Van,Windy,High,Metropolitian,True,0,1,0,8034.542415732169,8181.377705710115,Nenhuma,0
pedido_8067.995110780443_477,133.391377479995,123.6680020883826,108.6680020883826,6.043259679006159,5,4.932346429815953,Scooter,Sandstorms,High,Metropolitian,False,0,1,0,8067.995110780443,8181.663112868825,Aumento_Velocidade,0
pedido_8047.950251689047_467,137.8669803284717,145.56143249598236,130.56143249598236,13.90514061397125,5,4.774591103599209,Scooter,Windy,Medium,Metropolitian,True,0,0,0,8047.950251689047,8183.5116841850295,Rota_Reduzida,0
pedido_8063.616701464585_474,134.02605850636724,123.41038699234474,108.41038699234474,22.04001065110779,15,4.748092337346661,Moto,Stormy,High,Metropolitian,False,0,1,0,8063.616701464585,8187.02708845693,Aumento_Velocidade,0
pedido_8095.784145084586_486,125.48525232912223,102.37029274497829,87.37029274497829,4.155664015323145,10,4.782287537552203,Moto,Foggy,Medium,Metropolitian,False,0,0,0,8095.784145084586,8193.154437829564,Rota_Reduzida,1
pedido_8068.135379362843_478,133.4347195190689,126.17781032616642,111.17781032616642,4.897841042609137,15,4.991594966442149,Moto,Foggy,Jam,Urban,True,0,1,0,8068.135379362843,8194.31318968901,Aumento_Velocidade,0
pedido_8124.889236202331_508,94.59897983503738,74.57105097257939,59.571050972579386,7.880833037697497,10,4.703352022795754,Moto,Sunny,High,Metropolitian,False,0,1,1,8124.889236202331,8194.46028717491,Aumento_Velocidade,1
pedido_8079.055919029709_481,135.35273384526806,120.96654539139291,105.96654539139291,16.21605543236237,10,4.775318567844723,Scooter,Windy,Medium,Urban,False,0,0,0,8079.055919029709,8195.022464421101,Rota_Reduzida,0
pedido_8103.380039802298_489,97.73645979857947,97.14465931138088,82.14465931138088,4.959702569842849,10,4.843751949052448,Moto,Sunny,High,Urban,False,0,1,1,8103.380039802298,8195.52469911368,Aumento_Velocidade,1
pedido_8135.444779815918_514,43.68617677851265,57.843818143911804,57.843818143911804,4.023303272873591,10,4.859692713440536,Moto,Sandstorms,High,Metropolitian,False,1,1,0,8135.444779815918,8203.28859795983,Nenhuma,1
pedido_8135.172419493619_513,96.30006755880163,73.44845935707454,58.44845935707454,8.591397953952342,15,4.752754083308978,Moto,Sunny,Medium,Metropolitian,False,0,0,1,8135.172419493619,8208.620878850694,Rota_Reduzida,1
pedido_8116.024133757136_500,106.58412499837675,99.7840682282268,84.7840682282268,17.463735569245994,10,4.481256076196251,Scooter,Sunny,High,Metropolitian,False,0,1,1,8116.024133757136,8210.808201985363,Aumento_Velocidade,1
pedido_8125.745117391679_509,95.11501464702829,86.89808695069416,71.89808695069416,2.549584977713888,15,5.0,Scooter,Sunny,Medium,Metropolitian,False,0,0,1,8125.745117391679,8212.643204342374,Rota_Reduzida,1
pedido_8108.107071350626_496,108.99311039684464,114.93695889026199,99.93695889026199,15.835572216056562,5,4.872979711693188,Scooter,Sunny,Jam,Metropolitian,True,0,1,1,8108.107071350626,8213.044030240888,Aumento_Velocidade,1
pedido_8090.844222374516_485,130.2276702050786,129.15140681233154,114.15140681233154,0.27475078796917085,10,4.6371785737368665,Moto,Windy,Jam,Metropolitian,True,0,1,0,8090.844222374516,8214.995629186848,Aumento_Velocidade,0
pedido_8105.596817079393_493,103.86786982859985,106.05585305135308,106.05585305135308,12.759165026271354,5,4.933563719412055,Scooter,Sandstorms,Low,Urban,True,0,0,0,8105.596817079393,8216.652670130747,Nenhuma,1
pedido_8118.169230415113_502,134.6503353003255,101.07634032327942,86.07634032327942,8.561443966317272,15,4.680525166447101,Scooter,Sandstorms,Medium,Metropolitian,False,0,0,0,8118.169230415113,8219.245570738392,Rota_Reduzida,1
pedido_8128.895857619014_510,131.7025454518257,95.77233589103665,80.77233589103665,0.5382032468476519,10,4.75896906310088,Scooter,Windy,High,Metropolitian,False,0,1,0,8128.895857619014,8219.668193510051,Aumento_Velocidade,1
pedido_8180.083463324047_542,62.38245901928526,41.95151388290685,26.951513882906852,4.365174355268049,15,4.444117196929572,Moto,Foggy,High,Metropolitian,True,1,1,0,8180.083463324047,8222.034977206955,Aumento_Velocidade,1
pedido_8096.176059689275_487,137.10448633692113,137.7393004738878,122.7393004738878,4.103744346405131,5,5.0,Moto,Foggy,High,Metropolitian,False,0,1,0,8096.176059689275,8223.915360163162,Aumento_Velocidade,0
pedido_8058.782355804744_473,168.95731368143336,165.5508547548081,150.5508547548081,13.40034474614091,15,4.346221029533029,Scooter,Sunny,Medium,Metropolitian,False,0,0,1,8058.782355804744,8224.333210559553,Rota_Reduzida,0
pedido_8146.083746101682_520,101.83865903440335,85.67468502048759,70.67468502048759,13.38130593477163,10,4.860108294639958,Scooter,Sunny,High,Metropolitian,False,0,1,1,8146.083746101682,8226.758431122169,Aumento_Velocidade,1
pedido_8146.2799308075155_521,99.8869645997601,85.86256955215826,70.86256955215826,5.659942811015814,10,4.884238112212103,Scooter,Sunny,Jam,Metropolitian,False,0,1,1,8146.2799308075155,8227.142500359674,Aumento_Velocidade,1
pedido_8110.956788571466_499,129.9684466239904,128.32359233605095,113.32359233605095,8.223006509074835,5,4.740687432011237,Moto,Stormy,High,Urban,False,0,1,0,8110.956788571466,8229.280380907518,Aumento_Velocidade,0
pedido_8121.745764637652_505,131.97394327279736,113.18880024149959,98.18880024149959,7.368299161029176,10,4.950051013914224,Moto,Stormy,High,Metropolitian,False,0,1,0,8121.745764637652,8229.934564879151,Aumento_Velocidade,0
pedido_8055.867857989677_471,181.9463350605641,186.992168702787,171.992168702787,10.02256984866709,5,4.333090351534305,Scooter,Sandstorms,High,Metropolitian,True,0,1,0,8055.867857989677,8232.860026692464,Aumento_Velocidade,0
pedido_8117.736895549407_501,133.02963930756187,115.84356467909825,100.84356467909825,11.487836059883591,15,4.665776620111864,Scooter,Windy,High,Metropolitian,False,0,1,0,8117.736895549407,8233.580460228504,Aumento_Velocidade,0
pedido_8104.675933205461_491,137.64839498841562,139.00435271112542,124.00435271112542,12.765296660050534,5,4.575229625758848,Moto,Sandstorms,Medium,Metropolitian,True,0,0,0,8104.675933205461,8233.680285916585,Rota_Reduzida,0
pedido_8107.220289589142_495,132.36481215780856,138.49840991883957,123.49840991883957,3.7570747035782777,5,4.691715847560394,Moto,Sandstorms,High,Urban,False,0,1,0,8107.220289589142,8235.718699507983,Aumento_Velocidade,0
pedido_8110.724329275177_498,134.94035276937208,131.21442877116704,116.21442877116704,7.4794074629011345,10,4.525663318092292,Moto,Sandstorms,Medium,Metropolitian,True,0,0,0,8110.724329275177,8236.938758046344,Rota_Reduzida,0
pedido_8103.8650793473835_490,136.61340222153535,138.37520544636175,123.37520544636175,13.195392118545486,10,4.599748997580212,Scooter,Sandstorms,Medium,Metropolitian,False,0,0,0,8103.8650793473835,8237.240284793745,Rota_Reduzida,0
pedido_8136.087136134406_515,129.36101408685738,112.14413964505185,97.14413964505185,15.895778565461196,5,4.729490613063566,Moto,Stormy,High,Urban,False,0,1,0,8136.087136134406,8238.231275779459,Aumento_Velocidade,1
pedido_8100.748267452805_488,133.43825524635628,133.9586933596868,133.9586933596868,6.963695107944345,5,4.343053091073733,Moto,Stormy,Low,Metropolitian,False,0,0,0,8100.748267452805,8239.706960812491,Nenhuma,0
pedido_8120.964318444136_504,129.32104155938487,129.0065358592088,114.00653585920881,16.48600058575507,5,4.669834207081112,Moto,Stormy,High,Metropolitian,False,0,1,0,8120.964318444136,8239.970854303345,Aumento_Velocidade,0
pedido_8122.384336851818_507,130.53914308432832,119.17706526631946,104.17706526631946,5.370397735897541,15,4.6236918640418025,Moto,Windy,High,Metropolitian,False,0,1,0,8122.384336851818,8241.561402118137,Aumento_Velocidade,0
pedido_8118.7385515737_503,133.79104047427344,123.32773364758475,108.32773364758475,5.306277744722474,15,4.828737763776086,Moto,Foggy,High,Metropolitian,False,0,1,0,8118.7385515737,8242.066285221284,Aumento_Velocidade,0
pedido_8140.202435941181_518,134.18350390602882,115.89080678808676,100.89080678808676,9.094551979178942,5,4.713038931318929,Moto,Sandstorms,Medium,Metropolitian,False,0,0,0,8140.202435941181,8246.093242729268,Rota_Reduzida,0
pedido_8165.576480711425_531,94.55255668310538,91.09555578826215,76.09555578826215,7.571899355309464,5,4.740891788438332,Moto,Sunny,High,Urban,False,0,1,1,8165.576480711425,8246.672036499687,Aumento_Velocidade,1
pedido_8081.609877241192_482,184.92592881894157,167.05168354437166,152.05168354437166,16.55539501895916,15,4.316732833923088,Moto,Sandstorms,High,Metropolitian,False,0,1,0,8081.609877241192,8248.661560785564,Aumento_Velocidade,0
pedido_8145.221178601824_519,131.33124705940475,105.01962380434965,90.01962380434965,8.693443087012124,15,4.601190752259896,Moto,Foggy,Jam,Urban,False,0,1,0,8145.221178601824,8250.240802406173,Aumento_Velocidade,0
pedido_8140.128614516258_517,142.31924124561766,119.74150126662343,104.74150126662343,16.93909474038656,10,4.851416176914858,Moto,Sandstorms,Jam,Metropolitian,True,0,1,0,8140.128614516258,8254.870115782882,Aumento_Velocidade,0
pedido_8064.589643510623_475,185.06262310225108,200.2930966258793,185.2930966258793,4.44827639874951,5,4.396188512554004,Moto,Sunny,Jam,Urban,False,0,1,1,8064.589643510623,8254.882740136503,Aumento_Velocidade,0
pedido_8133.961171447346_511,132.57242947268028,127.01304871218943,107.01304871218943,12.186172865962169,15,4.786530510226656,Scooter,Sandstorms,Jam,Other,False,0,1,0,8133.961171447346,8255.974220159535,Rota_Reduzida,0
pedido_8156.355999132495_526,140.9199537452364,109.39893513788414,94.39893513788414,11.21709611789555,10,4.473806284947189,Moto,Foggy,Medium,Metropolitian,False,0,0,0,8156.355999132495,8260.754934270379,Rota_Reduzida,1
pedido_8215.106130387967_561,62.890784150328756,55.87696299163326,40.87696299163326,3.218687848159872,5,4.236342963645873,Moto,Foggy,High,Metropolitian,True,1,1,0,8215.106130387967,8260.9830933796,Aumento_Velocidade,1
pedido_8166.067038742263_533,127.50871515206823,95.75871810834983,80.75871810834983,0.0,15,4.557056090035503,Moto,Windy,Jam,Metropolitian,False,0,1,0,8166.067038742263,8261.825756850612,Aumento_Velocidade,1
pedido_8170.801650599236_539,133.18459838649693,93.74847973823177,78.74847973823177,1.768703647483818,15,4.872478215518875,Moto,Windy,Medium,Metropolitian,False,0,0,0,8170.801650599236,8264.550130337468,Rota_Reduzida,1
pedido_8134.573568645216_512,143.54753742918524,136.24920331103803,121.24920331103803,20.363277438489003,10,4.8591820117444255,Scooter,Foggy,High,Metropolitian,False,0,1,0,8134.573568645216,8265.822771956255,Aumento_Velocidade,0
pedido_8188.380342781437_547,100.70347780854695,78.10166304380304,63.10166304380304,3.2105439648427585,15,5.0,Scooter,Sunny,Jam,Metropolitian,False,0,1,1,8188.380342781437,8266.48200582524,Aumento_Velocidade,1
pedido_8171.523576808839_540,98.27149952944082,106.1446509885634,91.1446509885634,6.628769499715038,5,4.7526588341455955,Moto,Sunny,Medium,Urban,True,0,0,1,8171.523576808839,8267.668227797401,Rota_Reduzida,1
pedido_8137.700968964296_516,131.3211239078799,131.44455373058273,116.44455373058273,7.868448413439065,15,4.8961108157591315,Moto,Stormy,Medium,Metropolitian,False,0,0,0,8137.700968964296,8269.145522694878,Rota_Reduzida,0
pedido_8104.784113333265_492,175.35101542245354,169.42260631277784,154.42260631277784,5.664894483194103,10,4.331637631481561,Moto,Stormy,High,Urban,False,0,1,0,8104.784113333265,8269.206719646043,Aumento_Velocidade,0
pedido_8106.095302641705_494,177.86948640883256,173.42090307366612,158.42090307366612,3.7898200622327227,5,4.264169149100132,Scooter,Foggy,High,Urban,False,0,1,0,8106.095302641705,8269.51620571537,Aumento_Velocidade,0
pedido_8192.219734725595_549,103.0636575826718,84.50899068980993,69.50899068980993,18.24493026292927,10,4.993123826932585,Scooter,Sunny,High,Metropolitian,False,0,1,1,8192.219734725595,8271.728725415405,Aumento_Velocidade,1
pedido_8169.9114556660525_536,132.61895272995193,108.81075644646376,93.81075644646376,0.0,10,4.796643134948475,Scooter,Sandstorms,High,Metropolitian,False,0,1,0,8169.9114556660525,8273.722212112516,Aumento_Velocidade,1
pedido_8158.877775920445_527,131.020840879014,118.78879768171467,103.78879768171467,4.979853001292186,15,4.589642083077264,Moto,Foggy,Jam,Urban,True,0,1,0,8158.877775920445,8277.66657360216,Aumento_Velocidade,0
pedido_8193.606898848402_550,92.3143261166786,84.45589461289396,69.45589461289396,5.965179211779018,15,4.71179934493483,Moto,Sunny,Medium,Other,False,0,0,1,8193.606898848402,8278.062793461297,Rota_Reduzida,1
pedido_8251.352882385814_586,38.66949803484579,23.847854514947734,23.847854514947734,17.71333131794124,5,5.0,Moto,Stormy,Low,Urban,False,1,0,0,8251.352882385814,8280.200736900762,Nenhuma,1
pedido_8170.359517202988_538,132.82313502095025,120.56898567316395,105.56898567316395,11.723346436133326,5,4.507582984969483,Moto,Windy,High,Metropolitian,False,0,1,0,8170.359517202988,8280.928502876151,Aumento_Velocidade,0
pedido_8188.749198730459_548,132.1512012648348,98.55084903558196,83.55084903558196,8.836684212707226,10,4.5747862067123615,Moto,Stormy,Medium,Metropolitian,False,0,0,0,8188.749198730459,8282.300047766043,Rota_Reduzida,1
pedido_8165.793323269531_532,131.15791697751047,127.34023428504236,112.34023428504236,8.735186147346216,5,4.94003377756176,Moto,Stormy,Medium,Metropolitian,False,0,0,0,8165.793323269531,8283.133557554575,Rota_Reduzida,0
pedido_8152.9367141848925_525,131.12923098957708,140.9904904386288,125.9904904386288,3.7929213098986416,5,4.542266614656455,Moto,Sandstorms,High,Urban,False,0,1,0,8152.9367141848925,8283.927204623522,Aumento_Velocidade,0
pedido_8170.187036703706_537,134.50424194718346,114.74757569209547,99.74757569209547,12.95332879257125,15,4.836018152861789,Moto,Sandstorms,High,Metropolitian,False,0,1,0,8170.187036703706,8284.934612395802,Aumento_Velocidade,0
pedido_8121.94202879195_506,171.1710914264269,169.29193911626894,154.29193911626894,4.0435156510513055,10,4.388989419021799,Moto,Sandstorms,Medium,Urban,False,0,0,0,8121.94202879195,8286.23396790822,Rota_Reduzida,0
pedido_8249.15701023922_583,41.76435019022818,35.77982168778956,35.77982168778956,20.777706868462033,5,4.7659636231331595,Scooter,Windy,Low,Urban,True,1,0,0,8249.15701023922,8289.936831927009,Nenhuma,1
pedido_8164.768023834291_530,137.16716921522942,125.7211752676888,110.7211752676888,16.692633968786247,15,4.961458259308075,Moto,Stormy,Jam,Metropolitian,False,0,1,0,8164.768023834291,8290.48919910198,Aumento_Velocidade,0
pedido_8183.620313225113_543,130.19349661771207,119.01772775324477,104.01772775324477,4.7832928409816615,5,4.85288671574793,Moto,Foggy,Jam,Urban,True,0,1,0,8183.620313225113,8292.638040978358,Aumento_Velocidade,0
pedido_8184.762539164319_544,134.05736102806918,113.01022852774643,98.01022852774643,11.012507425397274,10,4.6604845084617335,Moto,Stormy,Medium,Metropolitian,False,0,0,0,8184.762539164319,8292.772767692066,Rota_Reduzida,0
pedido_8198.42179463288_554,105.27229481326913,89.65852718072989,89.65852718072989,5.5725701797113505,5,4.673563717176352,Scooter,Stormy,Low,Metropolitian,True,0,0,0,8198.42179463288,8293.080321813612,Nenhuma,1
pedido_8198.976856253901_555,101.70101737357882,89.13386293123716,89.13386293123716,1.3256250514979557,5,5.0,Van,Stormy,Low,Metropolitian,True,0,0,0,8198.976856253901,8293.110719185139,Nenhuma,1
pedido_8149.903941298047_523,138.4866092393077,153.74178056323964,138.74178056323964,9.499596786249526,5,4.891775798940881,Scooter,Windy,Medium,Metropolitian,True,0,0,0,8149.903941298047,8293.645721861287,Rota_Reduzida,0
pedido_8185.9318866131025_545,112.07426533661638,95.08401451075478,95.08401451075478,14.189772390430837,15,4.557682371393867,Scooter,Foggy,Low,Metropolitian,True,0,0,0,8185.9318866131025,8296.015901123857,Nenhuma,1
pedido_8177.090709367005_541,135.34709514368646,126.63933300739657,111.63933300739657,5.767899688975355,10,4.869812668606297,Moto,Stormy,Medium,Metropolitian,False,0,0,0,8177.090709367005,8298.730042374402,Rota_Reduzida,0
pedido_8169.191622800974_535,134.50424194718346,130.54699145969778,115.54699145969778,13.260192241141782,15,4.761239744611938,Scooter,Sandstorms,High,Metropolitian,False,0,1,0,8169.191622800974,8299.738614260672,Aumento_Velocidade,0
pedido_8209.437072503004_557,97.97646506179025,79.65325182487291,79.65325182487291,0.0,15,4.509491621429998,Van,Windy,Low,Metropolitian,False,0,0,0,8209.437072503004,8304.090324327877,Nenhuma,1
pedido_8198.376898009883_553,111.56662640565581,110.91182243800213,95.91182243800213,11.880276937641941,10,4.5478504753816775,Moto,Sunny,Jam,Urban,False,0,1,1,8198.376898009883,8304.288720447885,Aumento_Velocidade,0
pedido_8224.89365507973_567,101.85067578837038,79.69798993061704,64.69798993061704,15.790076207733938,15,4.957815913361617,Moto,Sunny,High,Metropolitian,False,0,1,1,8224.89365507973,8304.591645010347,Aumento_Velocidade,1
pedido_8208.557727428672_556,104.38808438193298,96.08621290165131,81.08621290165131,12.779076160536064,15,4.987353899954439,Moto,Sunny,High,Metropolitian,True,0,1,1,8208.557727428672,8304.643940330323,Aumento_Velocidade,1
pedido_8149.888633659248_522,159.16710750876766,150.87975576808125,150.87975576808125,13.64534857697395,5,4.44173248589791,Moto,Sandstorms,Low,Metropolitian,False,0,0,0,8149.888633659248,8305.768389427329,Nenhuma,0
pedido_8227.955276857781_569,98.02310366218242,84.61225329706029,69.61225329706029,8.512818719646376,10,4.644111751609227,Moto,Sunny,Jam,Metropolitian,False,0,1,1,8227.955276857781,8307.567530154842,Aumento_Velocidade,1
pedido_8197.664013370457_552,130.47185700576614,115.10235031975547,100.10235031975547,2.99952257123332,10,5.0,Moto,Windy,Jam,Metropolitian,False,0,1,0,8197.664013370457,8307.766363690213,Aumento_Velocidade,0
pedido_8196.552213236679_551,125.3417144319022,113.99987701382895,98.99987701382895,4.003965064057033,15,4.461424782558036,Moto,Stormy,High,Metropolitian,True,0,1,0,8196.552213236679,8310.552090250507,Aumento_Velocidade,0
pedido_8225.976406834217_568,104.7851826951676,95.9495363374119,80.9495363374119,11.236526376485196,5,4.575826404566012,Moto,Sunny,High,Metropolitian,True,0,1,1,8225.976406834217,8311.92594317163,Aumento_Velocidade,1
pedido_8161.18899445378_528,176.9007015317478,154.14279206912715,139.14279206912715,6.397165844800482,15,4.352825606876087,Scooter,Sandstorms,High,Metropolitian,False,0,1,0,8161.18899445378,8315.331786522907,Aumento_Velocidade,0
pedido_8210.020080509405_558,140.6692264980523,122.79837533617572,107.79837533617572,13.263328547941958,5,4.657646502818347,Moto,Sandstorms,Jam,Urban,True,0,1,0,8210.020080509405,8322.81845584558,Aumento_Velocidade,0
pedido_8210.993874711654_559,142.23818974887322,117.28329677731548,102.28329677731548,10.678321339811035,15,4.87458838240126,Scooter,Foggy,Medium,Metropolitian,False,0,0,0,8210.993874711654,8328.27717148897,Rota_Reduzida,0
pedido_8151.43862231764_524,179.0359828124466,178.0473569029927,163.0473569029927,11.042285327318716,15,4.378491028877463,Scooter,Sunny,High,Metropolitian,False,0,1,1,8151.43862231764,8329.485979220632,Aumento_Velocidade,0
pedido_8221.093705983312_565,100.83236896896786,99.4818681908103,99.4818681908103,6.345114303149587,10,4.752841506496712,Moto,Stormy,Low,Metropolitian,False,0,0,0,8221.093705983312,8330.575574174123,Nenhuma,1
pedido_8219.735386572873_564,133.49810283236778,122.65340268366,102.65340268366,2.5680379454189945,10,4.821770102419433,Scooter,Foggy,High,Semi-Urban,False,0,1,0,8219.735386572873,8332.388789256533,Rota_Reduzida,0
pedido_8212.988660834031_560,134.13923742577896,130.2573025439971,115.2573025439971,10.470057787480565,5,4.741007651702467,Scooter,Sandstorms,High,Metropolitian,False,0,1,0,8212.988660834031,8333.245963378029,Aumento_Velocidade,0
pedido_8162.10016255017_529,189.48481033931859,182.72009359249904,167.72009359249904,13.670126776531525,10,4.288725249303761,Scooter,Foggy,High,Metropolitian,True,0,1,0,8162.10016255017,8339.82025614267,Aumento_Velocidade,0
pedido_8252.19689008286_588,97.59779765280932,78.00722189581268,78.00722189581268,0.0,10,4.555229119562873,Scooter,Foggy,Low,Metropolitian,True,0,0,0,8252.19689008286,8340.204111978672,Nenhuma,1
pedido_8219.651565624015_563,110.37209041485477,118.40403957632569,118.40403957632569,13.767104814968086,5,4.600034154411004,Scooter,Foggy,Low,Metropolitian,False,0,0,0,8219.651565624015,8343.055605200341,Nenhuma,0
pedido_8215.940089602469_562,132.06234873211497,129.35848427187005,114.35848427187005,6.247651073651588,15,4.772539778912446,Scooter,Sandstorms,High,Urban,False,0,1,0,8215.940089602469,8345.29857387434,Aumento_Velocidade,0
pedido_8242.207859292563_578,131.22900238239345,108.11447949763296,88.11447949763296,15.643359399038873,15,4.988638958653924,Scooter,Windy,High,Other,False,0,1,0,8242.207859292563,8345.322338790196,Rota_Reduzida,0
pedido_8233.919722633671_572,130.15165249681087,116.51211618067181,101.51211618067181,5.603370119317417,10,4.803278368247669,Moto,Sandstorms,High,Metropolitian,True,0,1,0,8233.919722633671,8345.431838814342,Aumento_Velocidade,0
pedido_8242.258497701358_579,108.82797893229176,108.73841105250536,93.73841105250536,16.881142950343023,10,4.905311310348151,Scooter,Sunny,Jam,Metropolitian,True,0,1,1,8242.258497701358,8345.996908753863,Aumento_Velocidade,1
pedido_8307.33948940267_618,45.56125373668583,34.65378123118953,34.65378123118953,0.0,5,4.740705774948945,Moto,Sandstorms,High,Other,False,1,1,0,8307.33948940267,8346.993270633859,Nenhuma,1
pedido_8233.588354703006_571,130.85957355042035,128.91972820350276,113.91972820350276,8.773024086175836,5,4.8178934595223035,Moto,Foggy,Jam,Metropolitian,False,0,1,0,8233.588354703006,8352.508082906508,Aumento_Velocidade,0
pedido_8237.942304149608_574,136.94054946345315,115.28093536507458,100.28093536507458,12.917618704252718,15,4.737396402941615,Moto,Stormy,Jam,Metropolitian,True,0,1,0,8237.942304149608,8353.223239514682,Aumento_Velocidade,0
pedido_8237.104123303738_573,136.00048770446426,130.76716048450743,115.76716048450743,4.691418216157404,5,4.724297336107716,Scooter,Sandstorms,Medium,Urban,False,0,0,0,8237.104123303738,8357.871283788245,Rota_Reduzida,0
pedido_8230.338607730127_570,140.3868007376531,132.9463677053676,117.9463677053676,16.59771804611465,10,4.790178922054987,Scooter,Windy,Jam,Metropolitian,True,0,1,0,8230.338607730127,8358.284975435496,Aumento_Velocidade,0
pedido_8238.761783284644_575,126.02457128384494,119.7130930947977,104.7130930947977,0.0,15,4.516480990005537,Moto,Windy,Jam,Urban,False,0,1,0,8238.761783284644,8358.474876379441,Aumento_Velocidade,0
pedido_8266.952583123246_595,130.08161788253125,97.03148531417432,82.03148531417432,0.6626220165801984,10,4.998069303387685,Scooter,Windy,Jam,Urban,False,0,1,0,8266.952583123246,8358.98406843742,Aumento_Velocidade,1
pedido_8256.705411295186_593,94.30769320083408,87.37749103543317,87.37749103543317,0.0,15,4.674564194645131,Van,Sunny,Medium,Urban,False,0,0,1,8256.705411295186,8359.08290233062,Nenhuma,1
pedido_8168.612017618602_534,185.67946327560475,195.8669716800624,180.8669716800624,16.46056027734909,10,4.41011152856613,Moto,Sandstorms,High,Metropolitian,False,0,1,0,8168.612017618602,8359.478989298665,Aumento_Velocidade,0
pedido_8254.393812756274_590,102.48124378961619,92.6156413468577,92.6156413468577,14.919778715916369,15,4.936082374865907,Moto,Stormy,Low,Metropolitian,False,0,0,0,8254.393812756274,8362.009454103132,Nenhuma,1
pedido_8255.733493087328_591,128.7181617885909,107.20708834979767,92.20708834979767,8.37787756386945,15,4.818458529960653,Moto,Stormy,Jam,Metropolitian,True,0,1,0,8255.733493087328,8362.940581437126,Aumento_Velocidade,0
pedido_8249.858314779625_585,134.4924615190148,131.8791096019412,116.8791096019412,6.101268746366648,5,4.590314269219894,Moto,Sandstorms,Medium,Metropolitian,False,0,0,0,8249.858314779625,8371.737424381567,Rota_Reduzida,0
pedido_8242.05211700371_577,142.73822597503727,130.62296898509555,115.62296898509555,13.511844695784893,15,4.475749009778236,Moto,Foggy,Medium,Metropolitian,True,0,0,0,8242.05211700371,8372.675085988805,Rota_Reduzida,0
pedido_8243.990716158178_580,134.21504553323146,141.02276462803246,126.02276462803246,15.573438046482481,5,4.854889399423302,Moto,Sandstorms,High,Metropolitian,False,0,1,0,8243.990716158178,8375.01348078621,Aumento_Velocidade,0
pedido_8239.150763797717_576,136.38915102731787,146.03434680120978,131.03434680120978,11.323644828031082,5,5.0,Moto,Windy,High,Metropolitian,False,0,1,0,8239.150763797717,8375.185110598928,Aumento_Velocidade,0
pedido_8186.929671838266_546,195.4399442407811,199.16039880989555,184.16039880989555,1.8740919362264652,5,4.240990972055017,Moto,Sunny,High,Metropolitian,True,0,1,1,8186.929671838266,8376.09007064816,Aumento_Velocidade,0
pedido_8249.540169594167_584,134.87988846989217,127.51161122549365,112.51161122549365,0.0,15,4.808522562125865,Moto,Foggy,High,Metropolitian,False,0,1,0,8249.540169594167,8377.05178081966,Aumento_Velocidade,0
pedido_8272.271957597173_599,131.51674031147215,111.00415490860313,96.00415490860313,1.0763605694258915,10,4.603552047260639,Scooter,Windy,High,Metropolitian,False,0,1,0,8272.271957597173,8378.276112505777,Aumento_Velocidade,0
pedido_8283.592249921261_606,134.41578154217095,95.5123201053686,80.5123201053686,1.0188781556925788,15,4.567862595808606,Moto,Foggy,High,Urban,False,0,1,0,8283.592249921261,8379.10457002663,Aumento_Velocidade,1
pedido_8270.597772072448_597,133.16252520382372,120.46360321563168,105.46360321563168,22.505566809928865,5,4.752088953027545,Moto,Stormy,High,Metropolitian,False,0,1,0,8270.597772072448,8381.06137528808,Aumento_Velocidade,0
pedido_8276.377241817907_601,104.94993333601302,91.80308891176485,91.80308891176485,8.943465879277777,15,4.684907701720389,Moto,Stormy,Low,Urban,True,0,0,0,8276.377241817907,8383.180330729672,Nenhuma,1
pedido_8221.40579469334_566,186.37577862277016,168.67380366312284,153.67380366312284,16.931624958866426,10,4.260894646089232,Scooter,Foggy,Medium,Metropolitian,True,0,0,0,8221.40579469334,8385.079598356464,Rota_Reduzida,0
pedido_8256.223893359784_592,133.97566805035234,139.05452103561024,124.05452103561024,15.620427628481256,5,4.470846283179731,Moto,Stormy,Medium,Metropolitian,False,0,0,0,8256.223893359784,8385.278414395394,Rota_Reduzida,0
pedido_8286.289297758343_608,130.82932105133207,110.64977566448968,95.64977566448968,19.80492822743374,5,4.634542136914167,Moto,Stormy,High,Metropolitian,False,0,1,0,8286.289297758343,8386.939073422833,Aumento_Velocidade,1
pedido_8252.235855176177_589,134.47295743396214,140.55071900417468,125.55071900417468,11.990683141649411,10,4.63557003701813,Moto,Stormy,Medium,Metropolitian,False,0,0,0,8252.235855176177,8387.786574180353,Rota_Reduzida,0
pedido_8370.696405715558_655,37.979146817910696,4.649277352998478,4.649277352998478,8.503964658380614,15,4.92362854259167,Van,Sunny,High,Metropolitian,False,1,1,1,8370.696405715558,8390.345683068557,Nenhuma,1
pedido_8268.922029964411_596,140.7428599896515,132.5692826708475,117.56928267084751,16.484989924991364,5,4.589714388952776,Moto,Sandstorms,Jam,Metropolitian,False,0,1,0,8268.922029964411,8391.491312635259,Aumento_Velocidade,0
pedido_8259.041847137472_594,136.81698593570798,143.65648671694655,128.65648671694655,16.147147480444737,5,4.821155431119822,Scooter,Sandstorms,Medium,Metropolitian,False,0,0,0,8259.041847137472,8392.69833385442,Rota_Reduzida,0
pedido_8297.789434249209_614,94.56930387439498,86.71003172653776,86.71003172653776,2.568351077934469,10,4.917228257582523,Scooter,Sunny,Low,Metropolitian,False,0,0,1,8297.789434249209,8394.499465975747,Nenhuma,1
pedido_8291.4670566948_611,127.6395757176593,115.42096723124693,100.42096723124693,5.952723626462757,5,4.516620923178396,Moto,Windy,High,Metropolitian,True,0,1,0,8291.4670566948,8396.888023926047,Aumento_Velocidade,0
pedido_8244.109399304658_581,159.55386680407767,149.23581534706628,149.23581534706628,15.257174049014079,5,4.411229135550125,Moto,Stormy,Low,Metropolitian,False,0,0,0,8244.109399304658,8398.345214651725,Nenhuma,0
pedido_8277.73997412308_603,127.40830342628186,133.51261401060512,118.51261401060512,6.456913720086738,5,4.877550998595477,Moto,Windy,Jam,Metropolitian,False,0,1,0,8277.73997412308,8401.252588133686,Aumento_Velocidade,0
pedido_8318.19405863179_626,106.1115814118187,93.06156231019447,78.06156231019447,23.402738707281777,5,4.838404584993696,Moto,Sunny,High,Metropolitian,True,0,1,1,8318.19405863179,8401.255620941985,Aumento_Velocidade,1
pedido_8306.50098110022_617,100.73346016786572,85.01283403089826,85.01283403089826,9.130390373823001,10,4.516386188422105,Scooter,Windy,Low,Metropolitian,True,0,0,0,8306.50098110022,8401.513815131118,Nenhuma,1
pedido_8284.68302309189_607,131.62434569717465,122.16919717293311,107.16919717293311,5.61402949635118,10,4.909139774120649,Scooter,Foggy,High,Metropolitian,True,0,1,0,8284.68302309189,8401.852220264822,Aumento_Velocidade,0
pedido_8277.697603928918_602,134.25910762095836,125.57841564879396,110.57841564879396,18.54011334016614,15,4.79129497372021,Scooter,Windy,High,Metropolitian,False,0,1,0,8277.697603928918,8403.276019577712,Aumento_Velocidade,0
pedido_8281.630451649453_605,129.58043363698226,132.63983635920664,117.63983635920664,12.95437544029719,5,4.839165472137106,Scooter,Stormy,High,Metropolitian,False,0,1,0,8281.630451649453,8404.27028800866,Aumento_Velocidade,0
pedido_8278.275032454028_604,132.01840360733766,139.9833876417053,124.98338764170529,4.600574305917481,5,4.6469685965166425,Moto,Sandstorms,High,Metropolitian,False,0,1,0,8278.275032454028,8408.258420095734,Aumento_Velocidade,0
pedido_8290.781100115815_609,127.4342260613139,122.53719138574871,107.53719138574871,8.093272165237426,10,4.741727734438119,Moto,Sandstorms,Jam,Metropolitian,False,0,1,0,8290.781100115815,8408.318291501564,Aumento_Velocidade,0
pedido_8316.579864934089_624,99.99796016583147,83.54691813955087,83.54691813955087,7.585439545250237,15,4.623593142609781,Moto,Foggy,Low,Metropolitian,True,0,0,0,8316.579864934089,8415.12678307364,Nenhuma,1
pedido_8246.554583474484_582,184.87760883330097,173.97958496221904,158.97958496221904,2.9558769534773384,10,4.33390236286948,Scooter,Sunny,Jam,Urban,False,0,1,1,8246.554583474484,8415.534168436703,Aumento_Velocidade,0
pedido_8304.363159645349_616,131.90759011636354,119.14309580873228,99.14309580873228,15.986796474078922,15,4.830314881447979,Scooter,Sandstorms,Jam,Other,False,0,1,0,8304.363159645349,8418.506255454082,Rota_Reduzida,0
pedido_8319.693846332584_628,104.94993333601302,96.41761046993136,96.41761046993136,8.943360522765285,5,4.675796931039361,Moto,Stormy,Low,Urban,True,0,0,0,8319.693846332584,8421.111456802515,Nenhuma,1
pedido_8274.32171089992_600,127.66722869532683,132.03065135928904,132.03065135928904,5.0964026857355735,15,4.694305052027374,Van,Stormy,Jam,Urban,False,0,1,0,8274.32171089992,8421.35236225921,Nenhuma,0
pedido_8327.955020797288_634,100.65757997012497,84.2146040916336,84.2146040916336,2.9111899941277852,10,4.8862062701369195,Moto,Windy,Low,Urban,False,0,0,0,8327.955020797288,8422.169624888922,Nenhuma,1
pedido_8301.39207871464_615,132.94039621514858,126.6712914029878,111.6712914029878,0.39385994628348264,10,4.726262373943707,Moto,Stormy,Medium,Metropolitian,False,0,0,0,8301.39207871464,8423.063370117628,Rota_Reduzida,0
pedido_8311.124882420498_620,126.59130898203195,119.35729705577052,104.35729705577052,8.741721669440214,10,4.52503015223975,Moto,Sandstorms,Jam,Metropolitian,True,0,1,0,8311.124882420498,8425.482179476268,Aumento_Velocidade,0
pedido_8353.419356244885_647,101.61481017132195,72.66456089187724,57.664560891877244,15.341927285825328,15,4.656890435980076,Moto,Sunny,High,Metropolitian,False,0,1,1,8353.419356244885,8426.083917136762,Aumento_Velocidade,1
pedido_8319.901848163183_629,134.0293638312794,114.80063910663642,99.80063910663642,7.946372197005216,10,4.623162327510883,Moto,Foggy,High,Metropolitian,False,0,1,0,8319.901848163183,8429.702487269818,Aumento_Velocidade,0
pedido_8339.738906059822_641,109.89635398808134,91.46220419551761,76.46220419551761,14.660515509180787,15,4.774788227309381,Moto,Sunny,Jam,Metropolitian,False,0,1,1,8339.738906059822,8431.201110255339,Aumento_Velocidade,1
pedido_8291.246230389514_610,129.58043363698226,144.24553228079412,129.24553228079412,12.488165328519237,15,4.8067054030583956,Moto,Stormy,High,Metropolitian,False,0,1,0,8291.246230389514,8435.491762670308,Aumento_Velocidade,0
pedido_8308.159354705707_619,131.1093180972341,133.2508415687247,118.2508415687247,11.25335764166086,10,4.7167918321957725,Scooter,Stormy,High,Metropolitian,False,0,1,0,8308.159354705707,8436.410196274432,Aumento_Velocidade,0
pedido_8314.68593809694_623,136.3255801515429,127.61018209181984,112.61018209181984,9.295828639330939,10,4.714927822712006,Scooter,Sandstorms,Medium,Metropolitian,True,0,0,0,8314.68593809694,8437.29612018876,Rota_Reduzida,0
pedido_8251.98377301007_587,185.446235454159,191.09197103944706,176.09197103944706,13.867393670030227,10,4.276814378467384,Moto,Windy,High,Metropolitian,False,0,1,0,8251.98377301007,8438.075744049516,Aumento_Velocidade,0
pedido_8320.37250084084_630,143.39622592327942,118.6362858068868,103.6362858068868,13.21733230459829,15,4.531091111983474,Scooter,Sandstorms,Jam,Metropolitian,False,0,1,0,8320.37250084084,8439.008786647726,Aumento_Velocidade,0
pedido_8329.79763912669_635,134.0653279167296,119.31482046253582,104.31482046253582,16.923324110150304,5,4.589986303416877,Moto,Stormy,Medium,Metropolitian,False,0,0,0,8329.79763912669,8439.112459589225,Rota_Reduzida,0
pedido_8333.77006668683_637,98.47635315975579,95.5388684561097,95.5388684561097,9.722766716296043,10,4.588099824672802,Scooter,Windy,Low,Metropolitian,False,0,0,0,8333.77006668683,8439.308935142939,Nenhuma,1
pedido_8349.59423032337_644,100.98500545957229,74.92105592072014,74.92105592072014,0.1793562680266989,15,4.7202774865208115,Moto,Windy,Low,Metropolitian,True,0,0,0,8349.59423032337,8439.51528624409,Nenhuma,1
pedido_8320.696690465178_631,149.88227794022228,123.9917841785178,108.9917841785178,11.660651328943427,10,4.731968217657963,Scooter,Foggy,Jam,Metropolitian,False,0,1,0,8320.696690465178,8439.688474643695,Aumento_Velocidade,0
pedido_8325.362812725483_633,135.27134762914477,114.74329588109518,99.74329588109518,19.443809518525605,15,4.82875443175261,Moto,Sandstorms,High,Urban,False,0,1,0,8325.362812725483,8440.106108606578,Aumento_Velocidade,0
pedido_8355.837010425734_650,98.81522662926007,90.26006884051827,75.26006884051827,6.0494689035682425,10,4.584641704238593,Moto,Sunny,Jam,Metropolitian,False,0,1,1,8355.837010425734,8441.097079266252,Aumento_Velocidade,1
pedido_8387.62463216447_667,46.14714793978397,45.731126478875375,45.731126478875375,14.424258600404746,10,5.0,Moto,Sandstorms,Jam,Metropolitian,False,1,1,0,8387.62463216447,8443.355758643345,Nenhuma,1
pedido_8292.755686567743_612,167.89089324123748,143.80900195357856,143.80900195357856,13.020014565466028,10,4.232675593493089,Scooter,Sunny,Low,Metropolitian,True,0,0,1,8292.755686567743,8446.564688521323,Nenhuma,0
pedido_8334.54347008842_638,134.0293638312794,123.32795246307182,108.32795246307182,8.497710262476252,5,4.608987020512512,Moto,Foggy,High,Metropolitian,False,0,1,0,8334.54347008842,8447.871422551492,Aumento_Velocidade,0
pedido_8355.088193836731_649,110.44838788967907,89.69129156993145,89.69129156993145,16.310515178000806,5,4.629301104015011,Moto,Foggy,Low,Metropolitian,False,0,0,0,8355.088193836731,8449.779485406663,Nenhuma,1
pedido_8323.159371737962_632,134.34705410781217,137.39276534069035,122.39276534069035,7.547978925563019,5,4.6363360722075635,Moto,Sandstorms,Medium,Metropolitian,False,0,0,0,8323.159371737962,8450.552137078652,Rota_Reduzida,0
pedido_8314.435450936935_622,137.61740068824457,141.17136444662543,126.17136444662543,3.737900382560529,10,5.0,Moto,Sandstorms,High,Metropolitian,False,0,1,0,8314.435450936935,8450.60681538356,Aumento_Velocidade,0
pedido_8295.549332799266_613,176.98126173622384,162.58594485125604,147.58594485125604,7.062610320024167,10,4.36738866206788,Scooter,Sandstorms,High,Urban,True,0,1,0,8295.549332799266,8453.135277650523,Aumento_Velocidade,0
pedido_8271.676251408739_598,179.38230857484996,182.1241995755924,167.1241995755924,5.1851246603271335,15,4.443055839930553,Moto,Foggy,Jam,Metropolitian,False,0,1,0,8271.676251408739,8453.80045098433,Aumento_Velocidade,0
pedido_8317.349858129439_625,130.87584322847871,126.4918437996094,126.4918437996094,4.148474412195256,10,5.0,Van,Stormy,High,Metropolitian,True,0,1,0,8317.349858129439,8453.841701929048,Nenhuma,0
pedido_8334.719518800657_639,137.5357417999982,131.32945444764192,116.32945444764192,0.9729086151174071,5,4.956569439318412,Moto,Foggy,High,Urban,False,0,1,0,8334.719518800657,8456.048973248298,Aumento_Velocidade,0
pedido_8369.618858050535_653,99.13667189776649,92.8043731401438,77.8043731401438,8.264009691350166,10,4.861033516813741,Moto,Sunny,Jam,Metropolitian,False,0,1,1,8369.618858050535,8457.423231190678,Aumento_Velocidade,1
pedido_8333.053275693077_636,134.97726760416793,121.2463737789746,121.2463737789746,4.660112658491617,5,4.7401981651710035,Van,Stormy,Medium,Metropolitian,True,0,0,0,8333.053275693077,8459.299649472052,Nenhuma,0
pedido_8338.067610667109_640,129.9684466239904,133.0563131312896,118.05631313128961,7.993920635669198,5,4.717755291647621,Moto,Stormy,High,Metropolitian,False,0,1,0,8338.067610667109,8461.1239237984,Aumento_Velocidade,0
pedido_8350.047434306283_645,133.34913206797495,117.3709688319625,102.3709688319625,14.327492301527506,10,4.829869892528709,Scooter,Windy,High,Urban,False,0,1,0,8350.047434306283,8462.418403138247,Aumento_Velocidade,0
pedido_8346.438277237155_643,132.62410172513793,118.61208559869226,103.61208559869226,4.379545590797234,15,4.548560334824694,Moto,Foggy,High,Metropolitian,False,0,1,0,8346.438277237155,8465.050362835847,Aumento_Velocidade,0
pedido_8377.934253615216_661,94.49594367259826,92.87301713354465,77.87301713354465,6.2486956879976825,10,4.805444081433628,Moto,Sunny,High,Metropolitian,False,0,1,1,8377.934253615216,8465.80727074876,Aumento_Velocidade,1
pedido_8340.273567400847_642,133.04834682261887,133.1587967615539,118.1587967615539,7.741907878313926,10,4.622341242660378,Scooter,Windy,High,Metropolitian,False,0,1,0,8340.273567400847,8468.432364162401,Aumento_Velocidade,0
pedido_8319.422172182112_627,134.94826940247617,141.70225421778338,141.70225421778338,14.637813525943246,10,4.834787481439399,Van,Sandstorms,High,Metropolitian,True,0,1,0,8319.422172182112,8471.124426399896,Nenhuma,0
pedido_8353.632650409614_648,141.32008033116873,128.37813358378995,113.37813358378995,15.838603686535082,5,4.711720615022954,Moto,Foggy,High,Metropolitian,False,0,1,0,8353.632650409614,8472.010783993404,Aumento_Velocidade,0
pedido_8370.036265347295_654,98.15208680250991,99.73588437967027,99.73588437967027,9.179800923238755,5,4.690009073344759,Moto,Foggy,Low,Metropolitian,False,0,0,0,8370.036265347295,8474.772149726965,Nenhuma,1
pedido_8379.161928026935_662,99.56383674581008,91.31336554261982,91.31336554261982,11.770600030691933,5,4.825573223012658,Scooter,Windy,Low,Other,False,0,0,0,8379.161928026935,8475.475293569554,Nenhuma,1
pedido_8363.747650582802_652,123.39882070508894,122.39298059719057,107.39298059719057,4.3245214951503845,5,4.678306612677838,Scooter,Stormy,Jam,Metropolitian,False,0,1,0,8363.747650582802,8476.140631179993,Aumento_Velocidade,0
pedido_8351.040408568111_646,132.31760308777424,131.23438759630784,116.23438759630784,7.420385146092532,10,4.6144324596879045,Scooter,Windy,High,Urban,False,0,1,0,8351.040408568111,8477.274796164418,Aumento_Velocidade,0
pedido_8382.271911549313_664,130.5445976713554,105.37106071761599,90.37106071761599,7.4451338513813665,5,4.7083469737982,Scooter,Sandstorms,High,Metropolitian,True,0,1,0,8382.271911549313,8477.642972266929,Aumento_Velocidade,1
pedido_8376.179672304777_659,96.59232850505705,88.81459441334019,88.81459441334019,9.261210663563773,15,4.666264776266131,Moto,Sunny,Low,Metropolitian,False,0,0,1,8376.179672304777,8479.994266718117,Nenhuma,1
pedido_8363.385181236003_651,130.3228223294581,126.8085244503255,111.8085244503255,10.250251933831034,5,4.701247329191844,Moto,Stormy,High,Metropolitian,False,0,1,0,8363.385181236003,8480.193705686328,Aumento_Velocidade,0
pedido_8377.606717199023_660,111.32291988632292,113.18498741237082,98.18498741237082,18.674166570619718,5,4.708089086470904,Moto,Sunny,Jam,Metropolitian,True,0,1,1,8377.606717199023,8480.791704611394,Aumento_Velocidade,1
pedido_8385.62630688544_666,99.51876533257081,104.46780971326355,89.46780971326355,4.695267526832874,10,4.679266045084627,Moto,Sunny,Jam,Metropolitian,False,0,1,1,8385.62630688544,8485.094116598704,Aumento_Velocidade,1
pedido_8372.717813248124_657,132.7565820075959,118.71421442920189,103.71421442920189,7.378640154860371,10,4.791503325272989,Moto,Stormy,Medium,Metropolitian,True,0,0,0,8372.717813248124,8486.432027677325,Rota_Reduzida,0
pedido_8371.358577543515_656,125.66180564290056,116.0171486911913,101.0171486911913,3.892069271296199,15,4.659913641008653,Scooter,Sandstorms,Jam,Urban,True,0,1,0,8371.358577543515,8487.375726234706,Aumento_Velocidade,0
pedido_8382.115398263051_663,128.7181617885909,117.03633036752323,102.03633036752323,8.3770907333511,5,4.793070658001232,Scooter,Stormy,Jam,Urban,True,0,1,0,8382.115398263051,8489.151728630575,Aumento_Velocidade,0
pedido_8311.469663636091_621,188.3667941915101,181.48863881140113,166.48863881140113,16.430859468710516,15,4.223221614295816,Moto,Foggy,High,Metropolitian,False,0,1,0,8311.469663636091,8492.958302447492,Aumento_Velocidade,0
pedido_8393.063454267804_671,135.58933855345487,104.19140081679161,89.19140081679161,14.343151247474937,15,4.686378763370891,Scooter,Windy,High,Metropolitian,True,0,1,0,8393.063454267804,8497.254855084595,Aumento_Velocidade,1
pedido_8417.517388993276_681,102.38665475488781,80.46068843152942,65.46068843152942,14.895269376627908,15,4.591339612395389,Scooter,Sunny,High,Urban,False,0,1,1,8417.517388993276,8497.978077424805,Aumento_Velocidade,1
pedido_8385.27492533379_665,136.48631715270812,113.41128951404244,98.41128951404244,11.054540375855249,15,4.827109346503262,Moto,Sandstorms,Medium,Metropolitian,False,0,0,0,8385.27492533379,8498.686214847832,Rota_Reduzida,0
pedido_8389.319120697875_668,131.44428158613405,114.50584996234741,99.50584996234741,7.936558371793851,10,4.656312855116416,Moto,Foggy,Jam,Urban,True,0,1,0,8389.319120697875,8498.824970660224,Aumento_Velocidade,0
pedido_8375.847941583463_658,138.45363529241675,125.55538407206777,110.55538407206777,11.510040767638008,15,4.987869345920618,Scooter,Windy,High,Metropolitian,True,0,1,0,8375.847941583463,8501.40332565553,Aumento_Velocidade,0
pedido_8394.611082415136_672,131.35227379318212,115.5246881722382,100.5246881722382,7.69977339121766,15,4.80877515659917,Moto,Sandstorms,High,Metropolitian,False,0,1,0,8394.611082415136,8510.135770587374,Aumento_Velocidade,0
pedido_8411.272582900707_680,101.8289280396384,91.47446007976272,91.47446007976272,8.652137931653431,10,4.624076786491743,Van,Sandstorms,Low,Metropolitian,True,0,0,0,8411.272582900707,8512.747042980469,Nenhuma,1
pedido_8431.539759349167_687,96.30006755880163,91.84046620003141,76.84046620003141,8.131395975068763,5,4.778518870604145,Moto,Sunny,Medium,Metropolitian,False,0,0,1,8431.539759349167,8513.3802255492,Rota_Reduzida,1
pedido_8404.752809271635_675,135.9227707280512,120.12846097872047,105.12846097872047,20.762293118081928,5,4.947725625395394,Moto,Sandstorms,High,Metropolitian,False,0,1,0,8404.752809271635,8514.881270250355,Aumento_Velocidade,0
pedido_8430.67233241147_686,101.65199259436837,80.05079372388617,80.05079372388617,20.396590847532803,10,5.0,Scooter,Stormy,Low,Metropolitian,False,0,0,0,8430.67233241147,8520.723126135355,Nenhuma,1
pedido_8419.205510130145_682,102.78285694361666,93.06395834509773,93.06395834509773,12.363804204115683,10,4.919867203708613,Scooter,Windy,Low,Metropolitian,False,0,0,0,8419.205510130145,8522.269468475242,Nenhuma,1
pedido_8408.632940799303_677,127.48797607128466,125.26472144719585,110.26472144719585,6.951163337466534,5,4.659554204211788,Moto,Stormy,High,Metropolitian,True,0,1,0,8408.632940799303,8523.8976622465,Aumento_Velocidade,0
pedido_8474.610171979519_711,62.911434327376796,49.59661432725562,34.59661432725562,7.846616333347253,15,4.342730559875769,Scooter,Windy,Medium,Metropolitian,False,1,0,0,8474.610171979519,8524.206786306775,Rota_Reduzida,1
pedido_8409.00446201495_678,137.7137220697675,125.6702275856727,110.6702275856727,10.84515475226349,5,4.8968754159076955,Scooter,Stormy,Jam,Metropolitian,True,0,1,0,8409.00446201495,8524.674689600623,Aumento_Velocidade,0
pedido_8457.398413788076_702,109.8878751391724,76.38734979959946,61.38734979959946,10.334049595110939,10,4.858049635066402,Moto,Sunny,Jam,Urban,False,0,1,1,8457.398413788076,8528.785763587675,Aumento_Velocidade,1
pedido_8392.307308873647_670,134.54552085629982,138.76177165309,123.76177165309,16.059310948231747,15,4.493105095796577,Scooter,Sandstorms,Medium,Other,False,0,0,0,8392.307308873647,8531.069080526737,Rota_Reduzida,0
pedido_8411.222952007924_679,130.15619401501854,120.83295683659708,105.83295683659708,13.049975735763228,15,4.884974777851059,Moto,Stormy,High,Metropolitian,False,0,1,0,8411.222952007924,8532.05590884452,Aumento_Velocidade,0
pedido_8426.653670693084_685,101.8582509533497,95.94548035703656,95.94548035703656,8.725324212009028,10,4.884876408685208,Moto,Stormy,Low,Urban,True,0,0,0,8426.653670693084,8532.59915105012,Nenhuma,1
pedido_8400.924000395653_674,159.7722741191211,129.89149579323455,129.89149579323455,14.311515296983632,5,4.374394504357249,Moto,Sandstorms,Low,Metropolitian,False,0,0,0,8400.924000395653,8535.815496188887,Nenhuma,0
pedido_8441.49456765588_692,95.6277236786588,95.24860449234642,95.24860449234642,7.2944286363554,5,5.0,Moto,Sunny,Low,Metropolitian,True,0,0,1,8441.49456765588,8541.743172148226,Nenhuma,1
pedido_8506.298842294205_731,44.46092905066865,25.90846212600863,25.90846212600863,4.536225427170039,10,4.546239477804397,Moto,Foggy,High,Urban,True,1,1,0,8506.298842294205,8542.207304420213,Nenhuma,1
pedido_8433.7449134062_689,141.01400961458071,108.8634836348314,93.8634836348314,16.033580869569025,15,4.878596418414033,Moto,Sandstorms,Jam,Metropolitian,False,0,1,0,8433.7449134062,8542.608397041033,Aumento_Velocidade,0
pedido_8433.762384101936_690,127.0168397976561,109.38178996757226,94.38178996757226,8.9937757461107,15,4.5551726675020765,Scooter,Stormy,Jam,Metropolitian,False,0,1,0,8433.762384101936,8543.144174069508,Aumento_Velocidade,0
pedido_8431.954701776878_688,119.52803041022645,117.94145456112238,97.94145456112238,5.582065625121242,15,4.880696467146254,Moto,Sandstorms,Jam,Other,True,0,1,0,8431.954701776878,8544.896156338,Rota_Reduzida,0
pedido_8422.985164959162_683,125.343143144716,127.90684973737461,112.90684973737461,3.17548580792216,15,4.871016117697659,Scooter,Foggy,Medium,Metropolitian,False,0,0,0,8422.985164959162,8550.892014696536,Rota_Reduzida,0
pedido_8425.201623149309_684,136.16289494005076,126.8246853834361,111.8246853834361,13.346884897150526,15,4.8015829107744885,Scooter,Windy,High,Metropolitian,True,0,1,0,8425.201623149309,8552.026308532744,Aumento_Velocidade,0
pedido_8436.070397881944_691,133.34913206797495,126.73477815871149,111.73477815871149,15.266071129909134,5,4.839885998178933,Scooter,Windy,High,Urban,False,0,1,0,8436.070397881944,8552.805176040656,Aumento_Velocidade,0
pedido_8450.899645916375_699,103.51779957801696,94.55015819234941,94.55015819234941,14.299486912424632,10,4.823395610652774,Moto,Sandstorms,Low,Metropolitian,True,0,0,0,8450.899645916375,8555.449804108724,Nenhuma,1
pedido_8390.999294621848_669,184.70266972015065,174.23269719726486,159.23269719726486,18.594520276293753,10,4.3907531271458975,Moto,Stormy,Medium,Metropolitian,False,0,0,0,8390.999294621848,8560.231991819113,Rota_Reduzida,0
pedido_8405.809756367737_676,189.81180334418576,161.84308281218915,146.84308281218915,13.675910772568294,10,4.423734045805379,Moto,Foggy,High,Metropolitian,False,0,1,0,8405.809756367737,8562.652839179926,Aumento_Velocidade,0
pedido_8460.521905485555_705,129.12186397506426,103.45511449696103,88.45511449696103,0.0,15,4.528962765047947,Scooter,Windy,Jam,Metropolitian,True,0,1,0,8460.521905485555,8563.977019982516,Aumento_Velocidade,1
pedido_8443.114103195021_694,128.48238401496502,120.87129971973613,105.87129971973613,2.407656712374221,15,4.797254189117269,Scooter,Stormy,High,Metropolitian,False,0,1,0,8443.114103195021,8563.985402914757,Aumento_Velocidade,0
pedido_8475.476809986092_712,99.3974574175129,93.58460413859927,78.58460413859927,6.630515081368596,10,4.73622930276001,Scooter,Sunny,Jam,Urban,False,0,1,1,8475.476809986092,8564.061414124692,Aumento_Velocidade,1
pedido_8398.296401871063_673,174.54823297495327,178.75889888815405,163.75889888815405,5.526414057408645,5,4.109150266951752,Scooter,Windy,High,Metropolitian,True,0,1,0,8398.296401871063,8567.055300759217,Aumento_Velocidade,0
pedido_8442.987416647002_693,120.9091369103579,120.62091443179649,120.62091443179649,13.335277379413371,5,4.6674726378372915,Scooter,Sunny,Low,Metropolitian,False,0,0,1,8442.987416647002,8568.608331078798,Nenhuma,0
pedido_8467.31142096587_708,140.24829563941168,115.39199599747036,100.39199599747036,16.696249824794748,5,5.0,Moto,Stormy,Jam,Urban,True,0,1,0,8467.31142096587,8572.70341696334,Aumento_Velocidade,0
pedido_8453.458834877852_701,130.2215059362507,124.26573696456182,109.26573696456182,8.935071112408526,10,4.8892992595437414,Moto,Sandstorms,High,Urban,True,0,1,0,8453.458834877852,8572.724571842415,Aumento_Velocidade,0
pedido_8522.669784645977_739,46.131349803066534,36.079078744697156,36.079078744697156,2.2975163605023896,15,4.59063332356787,Moto,Windy,High,Metropolitian,False,1,1,0,8522.669784645977,8573.748863390674,Nenhuma,1
pedido_8464.134146738988_707,124.4591938839851,111.49194385976158,96.49194385976158,4.80382408494271,15,4.45969270747622,Moto,Stormy,High,Urban,False,0,1,0,8464.134146738988,8575.62609059875,Aumento_Velocidade,0
pedido_8479.404261165555_713,102.66763271204293,92.67047254962928,92.67047254962928,3.6258318712450532,5,4.701853848402317,Moto,Windy,Low,Metropolitian,False,0,0,0,8479.404261165555,8577.074733715184,Nenhuma,1
pedido_8495.608579083306_722,101.85067578837038,93.07472763635016,78.07472763635016,15.722384579381728,5,5.0,Moto,Sunny,High,Urban,False,0,1,1,8495.608579083306,8578.683306719657,Aumento_Velocidade,1
pedido_8461.947963040302_706,130.4816563736236,128.38669740429347,113.38669740429347,0.0,5,5.0,Moto,Stormy,High,Metropolitian,False,0,1,0,8461.947963040302,8580.334660444596,Aumento_Velocidade,0
pedido_8449.200329032812_698,136.14778512474152,136.42836733278494,121.42836733278494,7.867238784090578,10,5.0,Moto,Sandstorms,High,Metropolitian,False,0,1,0,8449.200329032812,8580.628696365597,Aumento_Velocidade,0
pedido_8445.150661985219_695,149.2246576811014,147.30920584656565,132.30920584656565,14.115118268360192,5,4.762592395545549,Moto,Foggy,Jam,Metropolitian,False,0,1,0,8445.150661985219,8582.459867831785,Aumento_Velocidade,0
pedido_8451.970949732733_700,131.45062550697654,125.75418829898601,125.75418829898601,13.638629090629612,10,4.919386415085707,Van,Stormy,High,Metropolitian,True,0,1,0,8451.970949732733,8587.72513803172,Nenhuma,0
pedido_8470.534577221975_710,134.27700231249142,130.653778576128,115.65377857612799,13.793075436939352,5,4.811838534851689,Scooter,Windy,High,Metropolitian,False,0,1,0,8470.534577221975,8591.188355798104,Aumento_Velocidade,0
pedido_8558.323869625885_762,45.85750695173442,19.250655305308733,19.250655305308733,4.883662114161011,15,4.904634580419755,Van,Sandstorms,Jam,Urban,False,1,1,0,8558.323869625885,8592.574524931193,Nenhuma,1
pedido_8489.685092480282_719,129.4306379683732,110.31433187820585,95.31433187820585,15.548381668862394,10,4.855690315538275,Moto,Stormy,High,Metropolitian,False,0,1,0,8489.685092480282,8594.999424358488,Aumento_Velocidade,0
pedido_8575.721252116582_776,46.95482177596726,14.75574266992038,14.75574266992038,1.2627068636495151,5,4.520208897598051,Moto,Windy,Medium,Metropolitian,True,1,0,0,8575.721252116582,8595.476994786502,Nenhuma,1
pedido_8578.579098784607_781,41.131809695471496,7.328669498417582,7.328669498417582,6.652552339678525,10,4.774416023587501,Scooter,Sunny,High,Metropolitian,True,1,1,1,8578.579098784607,8595.907768283025,Nenhuma,1
pedido_8498.971548273239_723,106.71366227904326,102.23151096171745,87.23151096171745,10.752535945125294,10,4.672298449196278,Scooter,Sunny,Medium,Metropolitian,True,0,0,1,8498.971548273239,8596.203059234957,Rota_Reduzida,1
pedido_8483.401132238589_716,128.10338629484463,120.4588372847206,105.4588372847206,4.034545071957485,10,4.612235911006722,Scooter,Stormy,High,Metropolitian,False,0,1,0,8483.401132238589,8598.85996952331,Aumento_Velocidade,0
pedido_8479.542627833327_714,133.7394771635575,127.28150713797967,112.28150713797967,10.60307541394679,10,4.784870441636227,Moto,Sandstorms,High,Urban,False,0,1,0,8479.542627833327,8601.824134971306,Aumento_Velocidade,0
pedido_8480.015511725494_715,128.82341764307395,121.88837640680188,106.88837640680188,9.110951031099288,15,4.769271570180139,Moto,Stormy,High,Urban,False,0,1,0,8480.015511725494,8601.903888132296,Aumento_Velocidade,0
pedido_8460.17084993793_704,138.29634575638403,137.03164697923395,137.03164697923395,15.3497658288064,10,4.94693952636557,Van,Sandstorms,Medium,Metropolitian,True,0,0,0,8460.17084993793,8607.202496917163,Nenhuma,0
pedido_8508.87426954427_732,125.40925961342977,108.62359059928951,93.62359059928951,4.487671449220084,5,4.6970475395772295,Moto,Stormy,Jam,Metropolitian,False,0,1,0,8508.87426954427,8607.49786014356,Aumento_Velocidade,1
pedido_8448.904345536042_697,145.3200965756426,169.81007330952912,154.81007330952912,18.581100523014502,5,4.536577816910602,Moto,Sandstorms,Jam,Metropolitian,True,0,1,0,8448.904345536042,8608.714418845571,Aumento_Velocidade,0
pedido_8469.941809114907_709,143.54606788629323,144.17323180885379,129.17323180885379,12.222374369657553,10,4.926394165410085,Moto,Foggy,Medium,Urban,True,0,0,0,8469.941809114907,8609.115040923762,Rota_Reduzida,0
pedido_8520.092566620757_735,97.50888907032733,83.23218323282934,83.23218323282934,5.414633509308284,10,4.778886828887624,Moto,Sunny,Low,Metropolitian,False,0,0,1,8520.092566620757,8613.324749853586,Nenhuma,1
pedido_8490.923362801737_720,131.7005660766647,133.1808111409254,118.18081114092541,6.139834321824188,5,4.724419052331897,Moto,Sandstorms,High,Metropolitian,False,0,1,0,8490.923362801737,8614.104173942662,Aumento_Velocidade,0
pedido_8447.369870986702_696,184.55158189368044,172.22678032225565,157.22678032225565,17.315209420766397,10,4.424670552094176,Moto,Windy,High,Metropolitian,False,0,1,0,8447.369870986702,8614.596651308957,Aumento_Velocidade,0
pedido_8488.83706630841_718,134.4927399598692,133.10108205548724,118.10108205548724,16.028447916988725,10,4.61800545022721,Moto,Windy,High,Metropolitian,True,0,1,0,8488.83706630841,8616.938148363897,Aumento_Velocidade,0
pedido_8521.763386001761_738,132.3167548408485,95.18641985991516,80.18641985991516,4.650875028369176,15,4.773202908524025,Scooter,Sandstorms,High,Metropolitian,False,0,1,0,8521.763386001761,8616.949805861677,Aumento_Velocidade,1
pedido_8504.212299675262_728,132.19334455705842,119.05875815843652,104.05875815843652,10.171053199935542,10,4.512823401794295,Moto,Sandstorms,High,Metropolitian,False,0,1,0,8504.212299675262,8618.2710578337,Aumento_Velocidade,0
pedido_8500.654473441075_724,110.4828444875125,114.06512002277151,114.06512002277151,13.710772341590026,5,4.863929719353841,Moto,Foggy,Low,Metropolitian,False,0,0,0,8500.654473441075,8619.719593463846,Nenhuma,1
pedido_8500.872513571478_725,134.82258544930943,124.98678131568332,109.98678131568332,17.95086079087174,10,4.913136513957241,Moto,Sandstorms,High,Urban,False,0,1,0,8500.872513571478,8620.859294887161,Aumento_Velocidade,0
pedido_8532.794261102095_746,97.37630166640045,88.32877249646509,73.32877249646509,3.0947913703214036,15,4.63630898892367,Moto,Sunny,High,Metropolitian,False,0,1,1,8532.794261102095,8621.12303359856,Aumento_Velocidade,1
pedido_8526.6614322611_741,98.32401623826031,104.98103109084748,84.98103109084748,4.19620744224769,10,4.99057129551491,Moto,Sunny,High,Other,True,0,1,1,8526.6614322611,8621.642463351947,Rota_Reduzida,1
pedido_8506.228169251212_730,134.12551315519283,125.795419288538,110.795419288538,13.449457963104239,5,4.700747630059052,Scooter,Sandstorms,High,Urban,False,0,1,0,8506.228169251212,8622.023588539749,Aumento_Velocidade,0
pedido_8542.384402211159_752,109.04725505516431,82.40842821981548,67.40842821981548,14.067001332091234,15,4.934224305461711,Moto,Sunny,Jam,Metropolitian,False,0,1,1,8542.384402211159,8624.792830430973,Aumento_Velocidade,1
pedido_8503.416100020753_727,128.36260269177163,129.63112366757952,114.63112366757952,5.822992264690434,10,4.713696508083701,Moto,Foggy,Medium,Metropolitian,False,0,0,0,8503.416100020753,8628.047223688332,Rota_Reduzida,0
pedido_8545.878077894045_755,97.25628711649657,84.28109892442774,69.28109892442774,3.873776776619362,15,4.918293555481133,Scooter,Sunny,High,Metropolitian,False,0,1,1,8545.878077894045,8630.159176818473,Aumento_Velocidade,1
pedido_8505.272023148236_729,130.34837121072945,135.14938716575725,120.14938716575725,6.070402272592311,5,4.6465969280980195,Moto,Foggy,Jam,Metropolitian,False,0,1,0,8505.272023148236,8630.421410313993,Aumento_Velocidade,0
pedido_8524.654601706241_740,127.4117464960537,107.5893718139603,92.5893718139603,6.347310125999876,15,4.801697427265796,Moto,Stormy,Jam,Metropolitian,False,0,1,0,8524.654601706241,8632.2439735202,Aumento_Velocidade,0
pedido_8459.574722166319_703,184.68960843059597,185.30746140312948,170.30746140312948,19.882245806063516,5,4.317205743392235,Scooter,Windy,High,Urban,True,0,1,0,8459.574722166319,8634.882183569449,Aumento_Velocidade,0
pedido_8570.344746882625_770,95.08640098775615,69.02222482307609,54.02222482307609,3.062660605457664,15,4.873974678362908,Moto,Sunny,High,Urban,False,0,1,1,8570.344746882625,8639.366971705702,Aumento_Velocidade,1
pedido_8517.606177007823_734,142.50717127529364,124.30156642976831,109.30156642976831,12.380964533372744,15,4.528374661963852,Moto,Foggy,High,Metropolitian,False,0,1,0,8517.606177007823,8641.907743437592,Aumento_Velocidade,0
pedido_8539.871974890098_749,100.98917410374925,87.19898474337104,87.19898474337104,8.117333435224086,15,4.614851056582335,Moto,Sandstorms,Low,Metropolitian,False,0,0,0,8539.871974890098,8642.07095963347,Nenhuma,1
pedido_8530.116387222586_745,135.2075178535939,114.76261534062436,99.76261534062436,18.77262642533953,15,4.735474978413078,Scooter,Sandstorms,Medium,Other,False,0,0,0,8530.116387222586,8644.87900256321,Rota_Reduzida,0
pedido_8492.136150993501_721,142.64515989566567,149.54496454481455,149.54496454481455,13.13152595005743,5,4.741312683272165,Van,Foggy,Medium,Metropolitian,False,0,0,0,8492.136150993501,8646.681115538317,Nenhuma,0
pedido_8549.275556641718_758,131.29679871082547,107.94775690176209,92.94775690176209,9.101463601429895,5,4.714132319397851,Moto,Sandstorms,High,Metropolitian,False,0,1,0,8549.275556641718,8647.22331354348,Aumento_Velocidade,1
pedido_8544.656266013193_754,127.56842768304222,107.74041332444965,92.74041332444965,8.970181552611,10,4.486509771073161,Moto,Stormy,Jam,Metropolitian,False,0,1,0,8544.656266013193,8647.396679337642,Aumento_Velocidade,1
pedido_8541.970920292946_751,132.43192312371858,111.3170113161518,96.3170113161518,8.354484676836428,10,4.494983067321467,Scooter,Foggy,High,Urban,True,0,1,0,8541.970920292946,8648.287931609098,Aumento_Velocidade,0
pedido_8549.829699200864_759,122.64273543315383,98.50178911383969,83.50178911383969,8.803659741931089,15,4.542291707602991,Moto,Foggy,Medium,Other,True,0,0,0,8549.829699200864,8648.331488314703,Rota_Reduzida,1
pedido_8515.185929350639_733,132.09141707289123,139.48152091538304,124.48152091538304,4.072245080364334,10,5.0,Moto,Windy,High,Metropolitian,True,0,1,0,8515.185929350639,8649.66745026602,Aumento_Velocidade,0
pedido_8534.244661811594_747,136.15338721638378,122.03604186370313,107.03604186370313,8.738696144913042,10,4.629751185461875,Moto,Windy,Medium,Urban,False,0,0,0,8534.244661811594,8651.280703675297,Rota_Reduzida,0
pedido_8577.49697157671_780,95.33831897717346,85.10565590212839,70.10565590212839,7.408269314676403,5,4.745929320720627,Moto,Sunny,Medium,Metropolitian,False,0,0,1,8577.49697157671,8652.602627478838,Rota_Reduzida,1
pedido_8521.158658167742_737,135.5747097034046,134.45392820144616,119.45392820144616,18.811158008899532,15,4.7753874814368,Moto,Windy,Medium,Metropolitian,False,0,0,0,8521.158658167742,8655.612586369189,Rota_Reduzida,0
pedido_8486.12651507906_717,178.70911113425177,176.3354443685243,161.3354443685243,8.245786829328967,10,4.139090058036668,Scooter,Windy,Jam,Urban,False,0,1,0,8486.12651507906,8657.461959447584,Aumento_Velocidade,0
pedido_8526.755710709433_742,143.6911399179889,143.1428781286316,128.1428781286316,11.227507459645068,5,4.904243133301817,Moto,Foggy,High,Metropolitian,True,0,1,0,8526.755710709433,8659.898588838065,Aumento_Velocidade,0
pedido_8548.330739304558_757,101.32798930713486,101.7249720436183,101.7249720436183,4.624916277070367,10,5.0,Van,Sunny,High,Metropolitian,True,0,1,1,8548.330739304558,8660.055711348175,Nenhuma,1
pedido_8521.128733139905_736,138.12663788214053,129.9202888001192,129.9202888001192,13.385829100058485,10,4.821400542164123,Van,Sandstorms,Medium,Metropolitian,True,0,0,0,8521.128733139905,8661.049021940025,Nenhuma,0
pedido_8541.472543797447_750,132.83225952499396,132.1675722973024,117.1675722973024,6.244474971188975,5,4.841743373453018,Moto,Foggy,High,Metropolitian,False,0,1,0,8541.472543797447,8663.64011609475,Aumento_Velocidade,0
pedido_8528.038556264806_744,135.14647897973052,137.96176991643657,122.96176991643657,7.177184767641585,15,4.511000289258655,Scooter,Windy,Medium,Urban,False,0,0,0,8528.038556264806,8666.000326181244,Rota_Reduzida,0
pedido_8571.352910159943_772,101.15974114210717,89.7010669003386,89.7010669003386,9.602951983789954,5,4.623511564911401,Moto,Foggy,Low,Metropolitian,False,0,0,0,8571.352910159943,8666.053977060283,Nenhuma,1
pedido_8604.123711063108_796,95.54621114191794,63.43493536840258,48.43493536840258,7.911867398768099,15,4.583559972733747,Moto,Sunny,High,Urban,False,0,1,1,8604.123711063108,8667.558646431511,Aumento_Velocidade,1
pedido_8581.886670559079_783,102.7257640377333,71.54575029945916,71.54575029945916,2.290662073505823,15,5.0,Van,Sandstorms,Low,Urban,False,0,0,0,8581.886670559079,8668.432420858539,Nenhuma,1
pedido_8555.494746928658_760,96.17499998747542,108.31548198798274,108.31548198798274,2.3369223851481506,5,4.719116482329196,Van,Sunny,Low,Metropolitian,True,0,0,1,8555.494746928658,8668.81022891664,Nenhuma,1
pedido_8544.30568303708_753,143.4271964342765,135.20273523525327,120.20273523525327,18.457412460512277,5,4.521702934037078,Scooter,Foggy,Medium,Metropolitian,False,0,0,0,8544.30568303708,8669.508418272333,Rota_Reduzida,0
pedido_8502.33744903467_726,156.9084411393686,160.33390605387865,160.33390605387865,16.888541103796335,10,4.443660083439241,Moto,Sandstorms,Low,Urban,True,0,0,0,8502.33744903467,8672.671355088549,Nenhuma,0
pedido_8565.708494457462_765,134.46303991262653,107.47222467668084,92.47222467668084,16.788995954000686,15,4.919394364690121,Scooter,Sandstorms,High,Metropolitian,False,0,1,0,8565.708494457462,8673.180719134143,Aumento_Velocidade,0
pedido_8562.867691467332_763,129.20183095500593,122.03135119626937,107.03135119626937,5.568026631807418,5,4.917062704305249,Moto,Windy,High,Urban,False,0,1,0,8562.867691467332,8674.899042663601,Aumento_Velocidade,0
pedido_8537.728862480359_748,150.43756798365342,144.00804415803472,129.00804415803472,12.661721261425251,10,4.815924588451301,Moto,Foggy,Jam,Urban,False,0,1,0,8537.728862480359,8676.736906638393,Aumento_Velocidade,0
pedido_8567.311876244494_768,129.47617017427112,109.9838329819851,94.9838329819851,7.323523863775682,15,4.652994658225917,Moto,Foggy,Jam,Metropolitian,False,0,1,0,8567.311876244494,8677.295709226479,Aumento_Velocidade,0
pedido_8547.740299624184_756,138.15379225939907,130.54563946780058,115.54563946780058,10.740733478045202,15,5.0,Moto,Stormy,Jam,Urban,False,0,1,0,8547.740299624184,8678.285939091984,Aumento_Velocidade,0
pedido_8589.274988506537_788,131.51674031147215,99.38186324754929,84.38186324754929,0.24299867701280942,5,4.637557552384524,Scooter,Windy,High,Metropolitian,False,0,1,0,8589.274988506537,8678.656851754085,Aumento_Velocidade,1
pedido_8566.470008510403_767,130.85957355042035,113.55118673673863,98.55118673673863,8.325068289625728,15,4.799109022747615,Moto,Foggy,Jam,Metropolitian,False,0,1,0,8566.470008510403,8680.021195247142,Aumento_Velocidade,0
pedido_8570.509370659862_771,130.22090303390513,110.76989767536418,95.76989767536418,9.82016658935236,15,4.758995910063468,Moto,Sandstorms,Jam,Metropolitian,False,0,1,0,8570.509370659862,8681.279268335225,Aumento_Velocidade,0
pedido_8565.995006734147_766,132.0280916498577,121.64837286506594,106.64837286506594,7.402495453967543,10,4.932154498708044,Scooter,Foggy,High,Metropolitian,False,0,1,0,8565.995006734147,8682.643379599212,Aumento_Velocidade,0
pedido_8575.104100246608_775,133.53014602246404,107.55962969082869,92.55962969082869,6.042745150272537,15,4.630947289179499,Moto,Sandstorms,High,Metropolitian,False,0,1,0,8575.104100246608,8682.663729937436,Aumento_Velocidade,0
pedido_8651.95030757098_821,44.60982543153522,25.807834794737442,25.807834794737442,14.472390266591303,5,4.758513918389737,Moto,Foggy,High,Metropolitian,False,1,1,0,8651.95030757098,8682.758142365718,Nenhuma,1
pedido_8601.364226895497_795,94.49594367259826,87.07159172436864,72.07159172436864,6.76674828973753,10,4.816921850617213,Scooter,Sunny,High,Metropolitian,False,0,1,1,8601.364226895497,8683.435818619866,Aumento_Velocidade,1
pedido_8555.96421009002_761,129.6934935596865,122.74816513550523,122.74816513550523,2.7296221097981594,5,4.945203039063003,Van,Windy,High,Metropolitian,True,0,1,0,8555.96421009002,8683.712375225525,Nenhuma,0
pedido_8609.119939514776_798,99.003947290643,82.19816237142649,67.19816237142649,3.879659535569002,10,5.0,Moto,Sunny,High,Metropolitian,False,0,1,1,8609.119939514776,8686.318101886203,Aumento_Velocidade,1
pedido_8571.45791207228_773,135.3204876280786,115.87923803304844,100.87923803304844,4.5813299710950215,15,4.598135066022531,Moto,Sandstorms,Medium,Urban,False,0,0,0,8571.45791207228,8687.337150105328,Rota_Reduzida,0
pedido_8577.038980087656_778,104.32914070168442,123.59565807082822,108.59565807082822,10.261440116486215,5,4.532735292404481,Scooter,Sunny,High,Metropolitian,False,0,1,1,8577.038980087656,8690.634638158484,Aumento_Velocidade,0
pedido_8569.371361314574_769,134.2881616760687,126.20316832175058,111.20316832175058,13.68123940537146,15,4.538514401200768,Scooter,Windy,High,Urban,True,0,1,0,8569.371361314574,8695.574529636324,Aumento_Velocidade,0
pedido_8576.722389187364_777,134.75456966814028,124.82976472779157,109.82976472779157,17.191895296191845,10,4.713691603363795,Scooter,Sandstorms,High,Metropolitian,False,0,1,0,8576.722389187364,8696.552153915156,Aumento_Velocidade,0
pedido_8562.952376864949_764,129.4306379683732,145.96112133077062,130.96112133077062,14.924267878505393,5,4.91497985051516,Moto,Stormy,High,Urban,False,0,1,0,8562.952376864949,8698.91349819572,Aumento_Velocidade,0
pedido_8585.84930250979_784,135.4798309176438,119.87212753651733,104.87212753651733,14.933515239560776,10,5.0,Moto,Stormy,Medium,Metropolitian,False,0,0,0,8585.84930250979,8700.721430046307,Rota_Reduzida,0
pedido_8588.95223212536_787,131.24959913617099,112.99033225475708,97.99033225475708,6.315967782945416,15,4.5280778398343395,Scooter,Sandstorms,High,Urban,False,0,1,0,8588.95223212536,8701.942564380119,Aumento_Velocidade,0
pedido_8599.664131898016_793,104.46832323683178,97.40525800023141,97.40525800023141,16.893134810828535,10,4.778274096327656,Moto,Windy,Low,Metropolitian,False,0,0,0,8599.664131898016,8707.069389898248,Nenhuma,1
pedido_8615.58916215221_802,99.78375638801197,104.32944737818973,89.32944737818973,0.0,5,4.594736736025176,Moto,Sunny,High,Metropolitian,True,0,1,1,8615.58916215221,8709.9186095304,Aumento_Velocidade,1
pedido_8591.075591346107_789,135.07878276964357,124.05926307768277,109.05926307768277,16.724608698039038,10,4.641240668791059,Moto,Sandstorms,High,Metropolitian,True,0,1,0,8591.075591346107,8710.13485442379,Aumento_Velocidade,0
pedido_8573.173214846105_774,134.8892163978526,148.29534219882873,133.29534219882873,14.33949772318278,5,4.660528622623691,Scooter,Windy,Jam,Metropolitian,False,0,1,0,8573.173214846105,8711.468557044935,Aumento_Velocidade,0
pedido_8600.823482784255_794,137.8741703477411,121.18293505874085,106.18293505874085,5.227637956231358,5,4.737122096310722,Moto,Windy,Medium,Metropolitian,True,0,0,0,8600.823482784255,8712.006417842997,Rota_Reduzida,0
pedido_8607.125486782645_797,125.54358082714695,105.29849082552147,90.29849082552147,8.666319286555211,15,4.457645932524,Moto,Foggy,Medium,Metropolitian,False,0,0,0,8607.125486782645,8712.423977608167,Rota_Reduzida,0
pedido_8610.203712716217_800,126.58957958263508,107.39561974645301,92.39561974645301,9.797113020886766,10,4.6833091671012275,Scooter,Stormy,Jam,Urban,True,0,1,0,8610.203712716217,8712.599332462669,Aumento_Velocidade,1
pedido_8625.769910982754_807,95.86193917624409,79.8223385974804,79.8223385974804,0.0,10,4.569612443886215,Van,Sunny,High,Metropolitian,False,0,1,1,8625.769910982754,8715.592249580233,Nenhuma,1
pedido_8577.075106060414_779,141.90398567706964,130.3786908762825,130.3786908762825,11.605927453359659,10,4.726652412968405,Van,Foggy,Medium,Metropolitian,False,0,0,0,8577.075106060414,8717.453796936697,Nenhuma,0
pedido_8596.009849196767_791,141.381072794161,124.92075491365438,109.92075491365438,17.2642346230363,15,4.639578920742872,Moto,Sandstorms,Jam,Metropolitian,False,0,1,0,8596.009849196767,8720.930604110421,Aumento_Velocidade,0
pedido_8594.729000943267_790,132.5096053689441,137.4888269950082,122.4888269950082,7.191039678124447,5,4.607210792235768,Moto,Foggy,High,Metropolitian,True,0,1,0,8594.729000943267,8722.217827938275,Aumento_Velocidade,0
pedido_8635.159896117651_815,54.356125898274136,83.28656613971546,83.28656613971546,5.995820353706149,5,5.0,Scooter,Sandstorms,Medium,Metropolitian,False,1,0,0,8635.159896117651,8723.446462257367,Nenhuma,1
pedido_8527.43755818343_743,182.37485856273923,191.5215362950196,191.5215362950196,10.400163444041517,5,4.126737338674272,Van,Stormy,Medium,Metropolitian,True,0,0,0,8527.43755818343,8723.95909447845,Nenhuma,0
pedido_8599.477953958358_792,138.9420434426088,133.4732902070605,118.4732902070605,15.934781095323785,10,5.0,Moto,Windy,Medium,Metropolitian,False,0,0,0,8599.477953958358,8727.951244165419,Rota_Reduzida,0
pedido_8587.889564046587_786,132.0813584930208,137.9162155575018,137.9162155575018,4.771246053391699,5,4.71428131261892,Van,Sandstorms,High,Urban,False,0,1,0,8587.889564046587,8730.805779604088,Nenhuma,0
pedido_8644.727458794818_819,93.75956042871167,96.86226548360723,81.86226548360723,1.6407324165189894,5,4.562210187310696,Scooter,Sunny,Medium,Urban,False,0,0,1,8644.727458794818,8731.589724278425,Rota_Reduzida,1
pedido_8581.355302337603_782,143.79348833965872,146.6158425255926,146.6158425255926,20.886550999900983,5,4.892209020636005,Van,Foggy,High,Metropolitian,False,0,1,0,8581.355302337603,8732.971144863195,Nenhuma,0
pedido_8625.831453982082_809,101.29554141607021,107.91350328052023,92.91350328052023,15.30218188732188,15,4.859111204254448,Moto,Sunny,High,Urban,False,0,1,1,8625.831453982082,8733.744957262603,Aumento_Velocidade,0
pedido_8613.061683002012_801,140.4871397671035,130.93164882023956,115.93164882023956,14.919592709059083,5,4.8006205879074235,Moto,Foggy,High,Urban,False,0,1,0,8613.061683002012,8733.993331822252,Aumento_Velocidade,0
pedido_8615.830531020945_803,132.21454831039696,129.7088526468538,114.70885264685381,18.280167116359774,5,4.607945334186359,Scooter,Stormy,High,Metropolitian,True,0,1,0,8615.830531020945,8735.5393836678,Aumento_Velocidade,0
pedido_8629.737147372474_813,129.58043363698226,116.41189608536972,101.41189608536972,12.773263379820753,5,4.762124995969718,Moto,Stormy,High,Urban,False,0,1,0,8629.737147372474,8736.149043457845,Aumento_Velocidade,0
pedido_8684.470354669504_834,44.34248579327399,38.70565698190529,38.70565698190529,6.045401865187226,15,4.5353404601555996,Moto,Sandstorms,High,Metropolitian,False,1,1,0,8684.470354669504,8738.176011651409,Nenhuma,1
pedido_8622.311828306214_804,101.9440803306373,106.31756477146128,106.31756477146128,5.765891551384091,10,4.708241905360534,Moto,Windy,Low,Urban,False,0,0,0,8622.311828306214,8738.629393077676,Nenhuma,1
pedido_8627.557230050135_810,129.73245929625585,121.23892874937611,106.23892874937611,13.774804821729385,5,4.644668918122333,Moto,Stormy,High,Metropolitian,False,0,1,0,8627.557230050135,8738.796158799512,Aumento_Velocidade,0
pedido_8628.270390249769_811,134.82985775917936,111.44003634847836,96.44003634847836,3.1948893903664946,15,4.6413222295815375,Scooter,Foggy,High,Metropolitian,False,0,1,0,8628.270390249769,8739.710426598247,Aumento_Velocidade,0
pedido_8622.663926756886_805,126.63466738283046,122.9890052417347,107.9890052417347,6.142107593992396,15,4.454912858653724,Scooter,Windy,High,Metropolitian,True,0,1,0,8622.663926756886,8745.65293199862,Aumento_Velocidade,0
pedido_8650.277346038805_820,134.41086404352853,102.58395956864183,87.58395956864183,13.35010841342324,15,4.507097392976017,Moto,Windy,High,Urban,False,0,1,0,8650.277346038805,8752.861305607446,Aumento_Velocidade,1
pedido_8638.9047879955_816,133.0184660860421,114.08315358053198,99.08315358053198,11.34498067477337,15,4.926443481989529,Moto,Sandstorms,High,Metropolitian,False,0,1,0,8638.9047879955,8752.987941576032,Aumento_Velocidade,0
pedido_8629.421795752403_812,132.5995064518903,124.52635872965178,109.52635872965178,16.07111585012609,15,4.976908162294346,Scooter,Stormy,High,Urban,False,0,1,0,8629.421795752403,8753.948154482056,Aumento_Velocidade,0
pedido_8644.56500773203_818,134.50358565486462,118.29186849122127,103.29186849122127,15.184893911845183,10,4.9473518871811635,Moto,Sandstorms,High,Metropolitian,True,0,1,0,8644.56500773203,8757.856876223252,Aumento_Velocidade,0
pedido_8639.902124243885_817,133.04012929077166,123.73985908724887,108.73985908724887,0.0,10,4.568309037542611,Scooter,Foggy,High,Metropolitian,True,0,1,0,8639.902124243885,8758.641983331134,Aumento_Velocidade,0
pedido_8624.184793039716_806,129.98289183205446,136.10791900833848,121.10791900833848,12.178433496146193,15,4.688009688126471,Moto,Stormy,High,Metropolitian,False,0,1,0,8624.184793039716,8760.292712048054,Aumento_Velocidade,0
pedido_8587.797190948588_785,183.60921825940497,190.42263292546363,170.42263292546363,11.137030050826887,5,4.283195333029007,Moto,Foggy,High,Other,False,0,1,0,8587.797190948588,8763.219823874051,Rota_Reduzida,0
pedido_8625.812008016122_808,144.9269569415617,148.282301547313,133.282301547313,16.9851708445125,5,4.949963053004896,Moto,Foggy,Medium,Urban,True,0,0,0,8625.812008016122,8764.094309563436,Rota_Reduzida,0
pedido_8662.48083957509_824,139.81822587391676,119.5816178788788,104.5816178788788,15.042766991992464,5,4.579214879932713,Moto,Windy,Jam,Metropolitian,True,0,1,0,8662.48083957509,8772.062457453969,Aumento_Velocidade,0
pedido_8633.724869126594_814,131.5838888211861,139.30047752492922,124.30047752492922,8.293190801865087,15,4.821286591608004,Moto,Sandstorms,High,Urban,False,0,1,0,8633.724869126594,8773.025346651524,Aumento_Velocidade,0
pedido_8680.326230745357_831,103.23256476729377,83.71811954233839,83.71811954233839,13.357835692116298,15,4.674778047566896,Moto,Sandstorms,Low,Metropolitian,False,0,0,0,8680.326230745357,8779.044350287695,Nenhuma,1
pedido_8659.673613155315_823,134.01173920623864,127.04073245420338,112.04073245420338,3.149388724100493,10,4.889936717689579,Moto,Foggy,High,Urban,False,0,1,0,8659.673613155315,8781.714345609518,Aumento_Velocidade,0
pedido_8676.343790355737_830,129.4281474653676,117.88937685264929,102.88937685264929,4.908717100318898,5,4.89886275999908,Scooter,Windy,High,Metropolitian,True,0,1,0,8676.343790355737,8784.233167208386,Aumento_Velocidade,0
pedido_8675.76311128839_829,132.02425705962196,115.83665120429957,100.83665120429957,11.358467863431752,10,4.90408003279883,Scooter,Stormy,High,Metropolitian,True,0,1,0,8675.76311128839,8786.59976249269,Aumento_Velocidade,0
pedido_8671.945706720646_828,127.27301323447846,116.41503964227749,101.41503964227749,4.786779222636564,15,4.582858143070858,Scooter,Stormy,High,Metropolitian,False,0,1,0,8671.945706720646,8788.360746362923,Aumento_Velocidade,0
pedido_8609.52579085208_799,187.98767399605455,180.60266792023546,165.60266792023546,17.070608230537214,15,4.280663508426042,Moto,Sandstorms,Medium,Urban,False,0,0,0,8609.52579085208,8790.128458772315,Rota_Reduzida,0
pedido_8687.670743880308_836,129.76486193434457,104.95019102650726,89.95019102650726,15.774113800202763,15,4.612449289516469,Moto,Stormy,High,Metropolitian,False,0,1,0,8687.670743880308,8792.620934906816,Aumento_Velocidade,1
pedido_8689.57773320915_837,129.8856628070343,108.93886146233302,93.93886146233302,0.2728346893652329,10,5.0,Moto,Stormy,Medium,Urban,True,0,0,0,8689.57773320915,8793.516594671482,Rota_Reduzida,1
pedido_8691.292267745572_838,131.9515597341283,107.90961218053089,92.90961218053089,0.9280261154307112,10,4.592673666264213,Moto,Sandstorms,High,Metropolitian,False,0,1,0,8691.292267745572,8794.201879926102,Aumento_Velocidade,1
pedido_8671.127995070789_827,129.816823247367,132.70455594320495,117.70455594320495,8.622223575418932,10,4.686720256869319,Scooter,Stormy,High,Urban,False,0,1,0,8671.127995070789,8798.832551013993,Aumento_Velocidade,0
pedido_8668.16404924718_825,142.139877606108,135.92653540637292,120.92653540637292,11.042490376092497,10,4.6518620685454835,Moto,Sandstorms,Jam,Metropolitian,True,0,1,0,8668.16404924718,8799.090584653553,Aumento_Velocidade,0
pedido_8668.811113345173_826,135.77119711079396,121.20475519696703,121.20475519696703,10.472147028584855,15,4.557552415635239,Van,Stormy,Jam,Metropolitian,True,0,1,0,8668.811113345173,8805.01586854214,Nenhuma,0
pedido_8691.532301147856_839,134.76811047610113,130.87074706709964,115.87074706709964,19.090605455851048,5,4.677258213750673,Moto,Stormy,Medium,Metropolitian,True,0,0,0,8691.532301147856,8812.403048214956,Rota_Reduzida,0
pedido_8683.43806052463_833,134.9941340570704,117.4511887239751,117.4511887239751,2.145159147125486,15,4.866799174802504,Van,Windy,Medium,Metropolitian,True,0,0,0,8683.43806052463,8815.889249248605,Nenhuma,0
pedido_8684.831212451287_835,145.52110982529857,143.62571932105126,128.62571932105126,23.695648007478326,5,4.788864367183526,Moto,Foggy,Medium,Metropolitian,False,0,0,0,8684.831212451287,8818.456931772338,Rota_Reduzida,0
pedido_8681.48226980507_832,168.7965584415359,154.31738890073802,139.31738890073802,8.758697600721266,10,4.423800756024523,Moto,Stormy,Medium,Metropolitian,True,0,0,0,8681.48226980507,8830.799658705808,Rota_Reduzida,0
pedido_8654.042983356272_822,168.24880335401377,176.67146615645498,176.67146615645498,10.412856958260456,5,4.413735625181065,Moto,Foggy,Low,Metropolitian,False,0,0,0,8654.042983356272,8835.714449512727,Nenhuma,0
